episode,reward,epsilon,mode,protocol,block_size_mb,block_interval_s,stake_gini,c1,c2,c3,failure,loss,step_s
0,20000.0,1.0,explore,PBFT,4.0,1.0,0.0715,1,1,1,FINALIZED_WITHIN_C2_LIMIT,,1.918
1,4444.444,0.9998,explore,PBFT,4.0,4.5,0.1284,1,1,1,FINALIZED_WITHIN_C2_LIMIT,,1.438
2,2222.222,0.9995,explore,LIU_QUORUM,4.0,9.0,0.0278,1,1,1,FINALIZED_WITHIN_C2_LIMIT,,1.433
3,0.0,0.9993,explore,ZYZZYVA,4.0,4.0,0.2103,0,1,1,FINALIZED_WITHIN_C2_LIMIT,,1.521
4,2857.143,0.999,explore,PBFT,4.0,7.0,0.0686,1,1,1,FINALIZED_WITHIN_C2_LIMIT,,1.776
5,20000.0,0.9988,explore,PBFT,4.0,1.0,0.0291,1,1,1,FINALIZED_WITHIN_C2_LIMIT,,1.643
6,20000.0,0.9985,explore,LIU_QUORUM,4.0,1.0,0.0278,1,1,1,FINALIZED_WITHIN_C2_LIMIT,,1.809
7,4444.444,0.9983,explore,ZYZZYVA,4.0,4.5,0.0308,1,1,1,FINALIZED_WITHIN_C2_LIMIT,,1.916
8,0.0,0.998,explore,LIU_QUORUM,4.0,8.0,0.2811,0,1,1,FINALIZED_WITHIN_C2_LIMIT,,1.914
9,3636.364,0.9978,explore,PBFT,4.0,5.5,0.0768,1,1,1,FINALIZED_WITHIN_C2_LIMIT,,1.435
10,4000.0,0.9976,explore,PBFT,4.0,5.0,0.0679,1,1,1,FINALIZED_WITHIN_C2_LIMIT,,1.591
11,20000.0,0.9973,explore,ZYZZYVA,4.0,1.0,0.1284,1,1,1,FINALIZED_WITHIN_C2_LIMIT,,1.867
12,5714.286,0.9971,explore,PBFT,4.0,3.5,0.0689,1,1,1,FINALIZED_WITHIN_C2_LIMIT,,1.774
13,2105.263,0.9968,explore,ZYZZYVA,4.0,9.5,0.0697,1,1,1,FINALIZED_WITHIN_C2_LIMIT,,1.949
14,5714.286,0.9966,explore,LIU_QUORUM,4.0,3.5,0.0647,1,1,1,FINALIZED_WITHIN_C2_LIMIT,,1.455
15,2000.0,0.9963,explore,LIU_QUORUM,4.0,10.0,0.0758,1,1,1,FINALIZED_WITHIN_C2_LIMIT,,1.51
16,2105.263,0.9961,explore,PBFT,4.0,9.5,0.0316,1,1,1,FINALIZED_WITHIN_C2_LIMIT,,1.733
17,10000.0,0.9958,explore,ZYZZYVA,4.0,2.0,0.03,1,1,1,FINALIZED_WITHIN_C2_LIMIT,,1.542
18,8000.0,0.9956,explore,PBFT,4.0,2.5,0.1982,1,1,1,FINALIZED_WITHIN_C2_LIMIT,,1.776
19,4000.0,0.9953,explore,LIU_QUORUM,4.0,5.0,0.0702,1,1,1,FINALIZED_WITHIN_C2_LIMIT,,1.432
20,2666.667,0.9951,explore,LIU_QUORUM,4.0,7.5,0.0686,1,1,1,FINALIZED_WITHIN_C2_LIMIT,,1.283
21,8000.0,0.9949,explore,ZYZZYVA,4.0,2.5,0.0715,1,1,1,FINALIZED_WITHIN_C2_LIMIT,,1.702
22,2857.143,0.9946,explore,LIU_QUORUM,4.0,7.0,0.0702,1,1,1,FINALIZED_WITHIN_C2_LIMIT,,1.278
23,13333.333,0.9944,explore,ZYZZYVA,4.0,1.5,0.0669,1,1,1,FINALIZED_WITHIN_C2_LIMIT,,1.242
24,8000.0,0.9941,explore,LIU_QUORUM,4.0,2.5,0.1582,1,1,1,FINALIZED_WITHIN_C2_LIMIT,,1.478
25,3636.364,0.9939,explore,PBFT,4.0,5.5,0.0282,1,1,1,FINALIZED_WITHIN_C2_LIMIT,,1.383
26,3636.364,0.9936,explore,PBFT,4.0,5.5,0.0609,1,1,1,FINALIZED_WITHIN_C2_LIMIT,,1.383
27,2000.0,0.9934,explore,LIU_QUORUM,4.0,10.0,0.0291,1,1,1,FINALIZED_WITHIN_C2_LIMIT,,1.315
28,40000.0,0.9931,explore,ZYZZYVA,4.0,0.5,0.1831,1,1,1,FINALIZED_WITHIN_C2_LIMIT,,1.324
29,13333.333,0.9929,explore,PBFT,4.0,1.5,0.0685,1,1,1,FINALIZED_WITHIN_C2_LIMIT,,1.666
30,8000.0,0.9927,explore,PBFT,4.0,2.5,0.0679,1,1,1,FINALIZED_WITHIN_C2_LIMIT,,1.375
31,2352.941,0.9924,explore,ZYZZYVA,4.0,8.5,0.0685,1,1,1,FINALIZED_WITHIN_C2_LIMIT,,1.149
32,3333.333,0.9922,explore,ZYZZYVA,4.0,6.0,0.0787,1,1,1,FINALIZED_WITHIN_C2_LIMIT,,1.467
33,20000.0,0.9919,explore,LIU_QUORUM,4.0,1.0,0.0647,1,1,1,FINALIZED_WITHIN_C2_LIMIT,,1.343
34,4444.444,0.9917,explore,PBFT,4.0,4.5,0.0651,1,1,1,FINALIZED_WITHIN_C2_LIMIT,,1.502
35,2666.667,0.9914,explore,ZYZZYVA,4.0,7.5,0.0697,1,1,1,FINALIZED_WITHIN_C2_LIMIT,,1.684
36,5000.0,0.9912,explore,ZYZZYVA,4.0,4.0,0.0298,1,1,1,FINALIZED_WITHIN_C2_LIMIT,,1.846
37,2666.667,0.9909,explore,PBFT,4.0,7.5,0.104,1,1,1,FINALIZED_WITHIN_C2_LIMIT,,1.685
38,6666.667,0.9907,explore,PBFT,4.0,3.0,0.19,1,1,1,FINALIZED_WITHIN_C2_LIMIT,,1.988
39,4000.0,0.9904,explore,PBFT,4.0,5.0,0.0933,1,1,1,FINALIZED_WITHIN_C2_LIMIT,,1.439
40,5000.0,0.9902,explore,ZYZZYVA,4.0,4.0,0.0311,1,1,1,FINALIZED_WITHIN_C2_LIMIT,,1.656
41,8000.0,0.99,explore,ZYZZYVA,4.0,2.5,0.0311,1,1,1,FINALIZED_WITHIN_C2_LIMIT,,1.346
42,2000.0,0.9897,greedy,ZYZZYVA,4.0,10.0,0.191,1,1,1,FINALIZED_WITHIN_C2_LIMIT,,1.26
43,0.0,0.9895,explore,ZYZZYVA,4.0,8.0,0.2536,0,1,1,FINALIZED_WITHIN_C2_LIMIT,,1.773
44,5000.0,0.9892,explore,PBFT,4.0,4.0,0.0282,1,1,1,FINALIZED_WITHIN_C2_LIMIT,,1.257
45,4000.0,0.989,explore,LIU_QUORUM,4.0,5.0,0.0674,1,1,1,FINALIZED_WITHIN_C2_LIMIT,,1.517
46,5000.0,0.9887,explore,ZYZZYVA,4.0,4.0,0.0933,1,1,1,FINALIZED_WITHIN_C2_LIMIT,,1.447
47,5714.286,0.9885,explore,LIU_QUORUM,4.0,3.5,0.0697,1,1,1,FINALIZED_WITHIN_C2_LIMIT,,1.719
48,4444.444,0.9882,explore,LIU_QUORUM,4.0,4.5,0.0809,1,1,1,FINALIZED_WITHIN_C2_LIMIT,,1.491
49,5714.286,0.988,explore,PBFT,4.0,3.5,0.0694,1,1,1,FINALIZED_WITHIN_C2_LIMIT,,1.326
50,3076.923,0.9878,explore,ZYZZYVA,4.0,6.5,0.0316,1,1,1,FINALIZED_WITHIN_C2_LIMIT,,1.67
51,10000.0,0.9875,explore,ZYZZYVA,4.0,2.0,0.0933,1,1,1,FINALIZED_WITHIN_C2_LIMIT,,1.555
52,4000.0,0.9873,explore,LIU_QUORUM,4.0,5.0,0.0288,1,1,1,FINALIZED_WITHIN_C2_LIMIT,,1.425
53,2105.263,0.987,explore,ZYZZYVA,4.0,9.5,0.0683,1,1,1,FINALIZED_WITHIN_C2_LIMIT,,1.542
54,5000.0,0.9868,explore,PBFT,4.0,4.0,0.0702,1,1,1,FINALIZED_WITHIN_C2_LIMIT,,1.588
55,2857.143,0.9865,explore,LIU_QUORUM,4.0,7.0,0.0688,1,1,1,FINALIZED_WITHIN_C2_LIMIT,,1.443
56,2500.0,0.9863,explore,PBFT,4.0,8.0,0.0294,1,1,1,FINALIZED_WITHIN_C2_LIMIT,,1.662
57,6666.667,0.986,explore,PBFT,4.0,3.0,0.0453,1,1,1,FINALIZED_WITHIN_C2_LIMIT,,1.564
58,4444.444,0.9858,explore,LIU_QUORUM,4.0,4.5,0.0282,1,1,1,FINALIZED_WITHIN_C2_LIMIT,,1.462
59,4444.444,0.9855,explore,PBFT,4.0,4.5,0.0558,1,1,1,FINALIZED_WITHIN_C2_LIMIT,,1.546
60,3636.364,0.9853,explore,PBFT,4.0,5.5,0.0697,1,1,1,FINALIZED_WITHIN_C2_LIMIT,,1.548
61,2105.263,0.9851,explore,ZYZZYVA,4.0,9.5,0.0768,1,1,1,FINALIZED_WITHIN_C2_LIMIT,,1.621
62,2000.0,0.9848,explore,LIU_QUORUM,4.0,10.0,0.0278,1,1,1,FINALIZED_WITHIN_C2_LIMIT,,1.442
63,8000.0,0.9846,explore,LIU_QUORUM,4.0,2.5,0.069,1,1,1,FINALIZED_WITHIN_C2_LIMIT,,1.204
64,6666.667,0.9843,explore,ZYZZYVA,4.0,3.0,0.0741,1,1,1,FINALIZED_WITHIN_C2_LIMIT,,1.53
65,2857.143,0.9841,explore,ZYZZYVA,4.0,7.0,0.0684,1,1,1,FINALIZED_WITHIN_C2_LIMIT,,1.629
66,2666.667,0.9838,explore,PBFT,4.0,7.5,0.1723,1,1,1,FINALIZED_WITHIN_C2_LIMIT,,1.584
67,2222.222,0.9836,explore,ZYZZYVA,4.0,9.0,0.0278,1,1,1,FINALIZED_WITHIN_C2_LIMIT,,1.486
68,0.0,0.9833,explore,PBFT,4.0,7.5,0.2811,0,1,1,FINALIZED_WITHIN_C2_LIMIT,,1.472
69,40000.0,0.9831,explore,LIU_QUORUM,4.0,0.5,0.1831,1,1,1,FINALIZED_WITHIN_C2_LIMIT,,1.359
70,0.0,0.9829,explore,LIU_QUORUM,4.0,9.0,0.2103,0,1,1,FINALIZED_WITHIN_C2_LIMIT,,1.34
71,8000.0,0.9826,explore,PBFT,4.0,2.5,0.0312,1,1,1,FINALIZED_WITHIN_C2_LIMIT,,1.714
72,13333.333,0.9824,explore,LIU_QUORUM,4.0,1.5,0.0453,1,1,1,FINALIZED_WITHIN_C2_LIMIT,,1.653
73,4444.444,0.9821,explore,PBFT,4.0,4.5,0.03,1,1,1,FINALIZED_WITHIN_C2_LIMIT,,1.718
74,2500.0,0.9819,explore,PBFT,4.0,8.0,0.0558,1,1,1,FINALIZED_WITHIN_C2_LIMIT,,1.596
75,3076.923,0.9816,explore,PBFT,4.0,6.5,0.1368,1,1,1,FINALIZED_WITHIN_C2_LIMIT,,1.521
76,5000.0,0.9814,explore,ZYZZYVA,4.0,4.0,0.0689,1,1,1,FINALIZED_WITHIN_C2_LIMIT,,1.539
77,4000.0,0.9811,explore,ZYZZYVA,4.0,5.0,0.19,1,1,1,FINALIZED_WITHIN_C2_LIMIT,,1.597
78,20000.0,0.9809,explore,LIU_QUORUM,4.0,1.0,0.1368,1,1,1,FINALIZED_WITHIN_C2_LIMIT,,1.627
79,5714.286,0.9806,explore,LIU_QUORUM,4.0,3.5,0.0674,1,1,1,FINALIZED_WITHIN_C2_LIMIT,,1.601
80,5714.286,0.9804,explore,PBFT,4.0,3.5,0.0651,1,1,1,FINALIZED_WITHIN_C2_LIMIT,,1.413
81,2666.667,0.9802,explore,ZYZZYVA,4.0,7.5,0.0684,1,1,1,FINALIZED_WITHIN_C2_LIMIT,,1.701
82,3333.333,0.9799,explore,PBFT,4.0,6.0,0.0715,1,1,1,FINALIZED_WITHIN_C2_LIMIT,,1.649
83,2500.0,0.9797,explore,LIU_QUORUM,4.0,8.0,0.1582,1,1,1,FINALIZED_WITHIN_C2_LIMIT,,1.877
84,2500.0,0.9794,explore,LIU_QUORUM,4.0,8.0,0.0278,1,1,1,FINALIZED_WITHIN_C2_LIMIT,,1.803
85,20000.0,0.9792,explore,LIU_QUORUM,4.0,1.0,0.0278,1,1,1,FINALIZED_WITHIN_C2_LIMIT,,1.524
86,6666.667,0.9789,explore,PBFT,4.0,3.0,0.0679,1,1,1,FINALIZED_WITHIN_C2_LIMIT,,1.582
87,3333.333,0.9787,explore,ZYZZYVA,4.0,6.0,0.0506,1,1,1,FINALIZED_WITHIN_C2_LIMIT,,1.71
88,6666.667,0.9784,explore,ZYZZYVA,4.0,3.0,0.1831,1,1,1,FINALIZED_WITHIN_C2_LIMIT,,1.64
89,40000.0,0.9782,explore,PBFT,4.0,0.5,0.0767,1,1,1,FINALIZED_WITHIN_C2_LIMIT,,1.936
90,3636.364,0.9779,explore,LIU_QUORUM,4.0,5.5,0.0647,1,1,1,FINALIZED_WITHIN_C2_LIMIT,,1.43
91,8000.0,0.9777,explore,LIU_QUORUM,4.0,2.5,0.0291,1,1,1,FINALIZED_WITHIN_C2_LIMIT,,1.995
92,3333.333,0.9775,explore,ZYZZYVA,4.0,6.0,0.0963,1,1,1,FINALIZED_WITHIN_C2_LIMIT,,1.583
93,2857.143,0.9772,explore,PBFT,4.0,7.0,0.1831,1,1,1,FINALIZED_WITHIN_C2_LIMIT,,1.523
94,2666.667,0.977,explore,ZYZZYVA,4.0,7.5,0.1831,1,1,1,FINALIZED_WITHIN_C2_LIMIT,,1.389
95,10000.0,0.9767,explore,PBFT,4.0,2.0,0.19,1,1,1,FINALIZED_WITHIN_C2_LIMIT,,1.488
96,3076.923,0.9765,explore,ZYZZYVA,4.0,6.5,0.0288,1,1,1,FINALIZED_WITHIN_C2_LIMIT,,1.642
97,3076.923,0.9762,explore,ZYZZYVA,4.0,6.5,0.1459,1,1,1,FINALIZED_WITHIN_C2_LIMIT,,1.618
98,8000.0,0.976,explore,PBFT,4.0,2.5,0.0311,1,1,1,FINALIZED_WITHIN_C2_LIMIT,,1.848
99,2500.0,0.9757,explore,LIU_QUORUM,4.0,8.0,0.0679,1,1,1,FINALIZED_WITHIN_C2_LIMIT,,1.416
100,2352.941,0.9755,explore,LIU_QUORUM,4.0,8.5,0.0294,1,1,1,FINALIZED_WITHIN_C2_LIMIT,,1.907
101,2105.263,0.9753,explore,ZYZZYVA,4.0,9.5,0.1982,1,1,1,FINALIZED_WITHIN_C2_LIMIT,,1.446
102,5714.286,0.975,explore,ZYZZYVA,4.0,3.5,0.0298,1,1,1,FINALIZED_WITHIN_C2_LIMIT,,1.447
103,40000.0,0.9748,explore,ZYZZYVA,4.0,0.5,0.0697,1,1,1,FINALIZED_WITHIN_C2_LIMIT,,1.627
104,6666.667,0.9745,explore,LIU_QUORUM,4.0,3.0,0.0685,1,1,1,FINALIZED_WITHIN_C2_LIMIT,,1.718
105,6666.667,0.9743,explore,ZYZZYVA,4.0,3.0,0.1085,1,1,1,FINALIZED_WITHIN_C2_LIMIT,,1.551
106,2000.0,0.974,explore,PBFT,4.0,10.0,0.0647,1,1,1,FINALIZED_WITHIN_C2_LIMIT,,1.697
107,4444.444,0.9738,explore,LIU_QUORUM,4.0,4.5,0.1582,1,1,1,FINALIZED_WITHIN_C2_LIMIT,,1.78
108,2000.0,0.9735,explore,ZYZZYVA,4.0,10.0,0.0294,1,1,1,FINALIZED_WITHIN_C2_LIMIT,,1.939
109,0.0,0.9733,greedy,ZYZZYVA,4.0,10.0,0.2037,0,1,1,FINALIZED_WITHIN_C2_LIMIT,,1.708
110,2857.143,0.973,explore,PBFT,4.0,7.0,0.0362,1,1,1,FINALIZED_WITHIN_C2_LIMIT,,1.876
111,2000.0,0.9728,explore,LIU_QUORUM,4.0,10.0,0.0668,1,1,1,FINALIZED_WITHIN_C2_LIMIT,,1.449
112,2352.941,0.9726,explore,LIU_QUORUM,4.0,8.5,0.0651,1,1,1,FINALIZED_WITHIN_C2_LIMIT,,1.649
113,3636.364,0.9723,explore,PBFT,4.0,5.5,0.072,1,1,1,FINALIZED_WITHIN_C2_LIMIT,,1.853
114,6666.667,0.9721,explore,LIU_QUORUM,4.0,3.0,0.0694,1,1,1,FINALIZED_WITHIN_C2_LIMIT,,2.05
115,3333.333,0.9718,explore,LIU_QUORUM,4.0,6.0,0.0288,1,1,1,FINALIZED_WITHIN_C2_LIMIT,,1.802
116,3076.923,0.9716,explore,LIU_QUORUM,4.0,6.5,0.0278,1,1,1,FINALIZED_WITHIN_C2_LIMIT,,1.779
117,13333.333,0.9713,explore,LIU_QUORUM,4.0,1.5,0.1284,1,1,1,FINALIZED_WITHIN_C2_LIMIT,,1.558
118,4444.444,0.9711,explore,PBFT,4.0,4.5,0.0697,1,1,1,FINALIZED_WITHIN_C2_LIMIT,,1.791
119,5714.286,0.9708,explore,PBFT,4.0,3.5,0.0278,1,1,1,FINALIZED_WITHIN_C2_LIMIT,,1.755
120,2105.263,0.9706,explore,PBFT,4.0,9.5,0.0316,1,1,1,FINALIZED_WITHIN_C2_LIMIT,,1.59
121,20000.0,0.9704,explore,ZYZZYVA,4.0,1.0,0.0669,1,1,1,FINALIZED_WITHIN_C2_LIMIT,,1.527
122,2666.667,0.9701,explore,LIU_QUORUM,4.0,7.5,0.0697,1,1,1,FINALIZED_WITHIN_C2_LIMIT,,1.579
123,2352.941,0.9699,explore,PBFT,4.0,8.5,0.19,1,1,1,FINALIZED_WITHIN_C2_LIMIT,,1.547
124,5000.0,0.9696,explore,ZYZZYVA,4.0,4.0,0.0715,1,1,1,FINALIZED_WITHIN_C2_LIMIT,,1.729
125,20000.0,0.9694,explore,ZYZZYVA,4.0,1.0,0.1085,1,1,1,FINALIZED_WITHIN_C2_LIMIT,,1.756
126,2352.941,0.9691,explore,PBFT,4.0,8.5,0.0933,1,1,1,FINALIZED_WITHIN_C2_LIMIT,,2.1
127,2500.0,0.9689,explore,ZYZZYVA,4.0,8.0,0.0768,1,1,1,FINALIZED_WITHIN_C2_LIMIT,,1.482
128,5000.0,0.9686,explore,PBFT,4.0,4.0,0.1582,1,1,1,FINALIZED_WITHIN_C2_LIMIT,,1.743
129,8000.0,0.9684,explore,LIU_QUORUM,4.0,2.5,0.0963,1,1,1,FINALIZED_WITHIN_C2_LIMIT,,1.922
130,2857.143,0.9681,explore,LIU_QUORUM,4.0,7.0,0.0741,1,1,1,FINALIZED_WITHIN_C2_LIMIT,,1.608
131,4000.0,0.9679,explore,PBFT,4.0,5.0,0.0739,1,1,1,FINALIZED_WITHIN_C2_LIMIT,,2.181
132,2000.0,0.9677,explore,PBFT,4.0,10.0,0.0702,1,1,1,FINALIZED_WITHIN_C2_LIMIT,,1.57
133,3636.364,0.9674,explore,LIU_QUORUM,4.0,5.5,0.1982,1,1,1,FINALIZED_WITHIN_C2_LIMIT,,1.566
134,2857.143,0.9672,explore,PBFT,4.0,7.0,0.0651,1,1,1,FINALIZED_WITHIN_C2_LIMIT,,1.526
135,13333.333,0.9669,explore,ZYZZYVA,4.0,1.5,0.0291,1,1,1,FINALIZED_WITHIN_C2_LIMIT,,1.629
136,5714.286,0.9667,explore,ZYZZYVA,4.0,3.5,0.0316,1,1,1,FINALIZED_WITHIN_C2_LIMIT,,1.328
137,2000.0,0.9664,explore,LIU_QUORUM,4.0,10.0,0.0679,1,1,1,FINALIZED_WITHIN_C2_LIMIT,,1.435
138,3333.333,0.9662,explore,LIU_QUORUM,4.0,6.0,0.0809,1,1,1,FINALIZED_WITHIN_C2_LIMIT,,1.918
139,20000.0,0.9659,explore,PBFT,4.0,1.0,0.0809,1,1,1,FINALIZED_WITHIN_C2_LIMIT,,1.662
140,20000.0,0.9657,explore,ZYZZYVA,4.0,1.0,0.0786,1,1,1,FINALIZED_WITHIN_C2_LIMIT,,1.998
141,2500.0,0.9655,explore,LIU_QUORUM,4.0,8.0,0.0651,1,1,1,FINALIZED_WITHIN_C2_LIMIT,,2.078
142,3636.364,0.9652,explore,LIU_QUORUM,4.0,5.5,0.1284,1,1,1,FINALIZED_WITHIN_C2_LIMIT,,2.147
143,13333.333,0.965,explore,PBFT,4.0,1.5,0.0558,1,1,1,FINALIZED_WITHIN_C2_LIMIT,,1.879
144,3076.923,0.9647,explore,LIU_QUORUM,4.0,6.5,0.0647,1,1,1,FINALIZED_WITHIN_C2_LIMIT,,1.728
145,3076.923,0.9645,explore,LIU_QUORUM,4.0,6.5,0.0686,1,1,1,FINALIZED_WITHIN_C2_LIMIT,,1.606
146,13333.333,0.9642,explore,LIU_QUORUM,4.0,1.5,0.0739,1,1,1,FINALIZED_WITHIN_C2_LIMIT,,1.475
147,2222.222,0.964,explore,PBFT,4.0,9.0,0.1723,1,1,1,FINALIZED_WITHIN_C2_LIMIT,,1.501
148,40000.0,0.9637,greedy,ZYZZYVA,4.0,0.5,0.1897,1,1,1,FINALIZED_WITHIN_C2_LIMIT,,1.907
149,20000.0,0.9635,explore,LIU_QUORUM,4.0,1.0,0.0312,1,1,1,FINALIZED_WITHIN_C2_LIMIT,,1.396
150,2857.143,0.9633,explore,LIU_QUORUM,4.0,7.0,0.0282,1,1,1,FINALIZED_WITHIN_C2_LIMIT,,1.443
151,20000.0,0.963,explore,PBFT,4.0,1.0,0.1208,1,1,1,FINALIZED_WITHIN_C2_LIMIT,,1.632
152,2352.941,0.9628,explore,PBFT,4.0,8.5,0.0809,1,1,1,FINALIZED_WITHIN_C2_LIMIT,,1.797
153,0.0,0.9625,explore,PBFT,4.0,8.5,0.2103,0,1,1,FINALIZED_WITHIN_C2_LIMIT,,1.609
154,5000.0,0.9623,explore,ZYZZYVA,4.0,4.0,0.0668,1,1,1,FINALIZED_WITHIN_C2_LIMIT,,1.525
155,40000.0,0.962,explore,ZYZZYVA,4.0,0.5,0.0739,1,1,1,FINALIZED_WITHIN_C2_LIMIT,,1.569
156,3076.923,0.9618,explore,ZYZZYVA,4.0,6.5,0.1208,1,1,1,FINALIZED_WITHIN_C2_LIMIT,,1.45
157,2352.941,0.9615,explore,ZYZZYVA,4.0,8.5,0.0739,1,1,1,FINALIZED_WITHIN_C2_LIMIT,,1.648
158,6666.667,0.9613,explore,LIU_QUORUM,4.0,3.0,0.0739,1,1,1,FINALIZED_WITHIN_C2_LIMIT,,1.619
159,2000.0,0.961,explore,LIU_QUORUM,4.0,10.0,0.0282,1,1,1,FINALIZED_WITHIN_C2_LIMIT,,1.299
160,5000.0,0.9608,explore,LIU_QUORUM,4.0,4.0,0.069,1,1,1,FINALIZED_WITHIN_C2_LIMIT,,2.005
161,8000.0,0.9606,explore,PBFT,4.0,2.5,0.068,1,1,1,FINALIZED_WITHIN_C2_LIMIT,,2.0
162,13333.333,0.9603,explore,LIU_QUORUM,4.0,1.5,0.1141,1,1,1,FINALIZED_WITHIN_C2_LIMIT,,1.752
163,2000.0,0.9601,explore,PBFT,4.0,10.0,0.0362,1,1,1,FINALIZED_WITHIN_C2_LIMIT,,1.686
164,5714.286,0.9598,explore,ZYZZYVA,4.0,3.5,0.0683,1,1,1,FINALIZED_WITHIN_C2_LIMIT,,1.844
165,2105.263,0.9596,explore,PBFT,4.0,9.5,0.0278,1,1,1,FINALIZED_WITHIN_C2_LIMIT,,1.834
166,5714.286,0.9593,explore,ZYZZYVA,4.0,3.5,0.0758,1,1,1,FINALIZED_WITHIN_C2_LIMIT,,1.745
167,2222.222,0.9591,explore,LIU_QUORUM,4.0,9.0,0.0809,1,1,1,FINALIZED_WITHIN_C2_LIMIT,,1.358
168,2000.0,0.9588,explore,PBFT,4.0,10.0,0.0789,1,1,1,FINALIZED_WITHIN_C2_LIMIT,,2.086
169,40000.0,0.9586,explore,PBFT,4.0,0.5,0.0694,1,1,1,FINALIZED_WITHIN_C2_LIMIT,,1.973
170,5000.0,0.9584,explore,ZYZZYVA,4.0,4.0,0.0298,1,1,1,FINALIZED_WITHIN_C2_LIMIT,,1.497
171,40000.0,0.9581,explore,ZYZZYVA,4.0,0.5,0.0609,1,1,1,FINALIZED_WITHIN_C2_LIMIT,,1.504
172,10000.0,0.9579,explore,LIU_QUORUM,4.0,2.0,0.0679,1,1,1,FINALIZED_WITHIN_C2_LIMIT,,1.706
173,3636.364,0.9576,explore,LIU_QUORUM,4.0,5.5,0.0881,1,1,1,FINALIZED_WITHIN_C2_LIMIT,,1.876
174,2105.263,0.9574,explore,PBFT,4.0,9.5,0.0312,1,1,1,FINALIZED_WITHIN_C2_LIMIT,,1.605
175,2000.0,0.9571,explore,ZYZZYVA,4.0,10.0,0.068,1,1,1,FINALIZED_WITHIN_C2_LIMIT,,2.166
176,4444.444,0.9569,explore,LIU_QUORUM,4.0,4.5,0.0679,1,1,1,FINALIZED_WITHIN_C2_LIMIT,,1.461
177,2666.667,0.9566,explore,PBFT,4.0,7.5,0.069,1,1,1,FINALIZED_WITHIN_C2_LIMIT,,2.272
178,13333.333,0.9564,explore,PBFT,4.0,1.5,0.0651,1,1,1,FINALIZED_WITHIN_C2_LIMIT,,1.96
179,2000.0,0.9561,greedy,ZYZZYVA,4.0,10.0,0.1936,1,1,1,FINALIZED_WITHIN_C2_LIMIT,,1.85
180,4000.0,0.9559,explore,LIU_QUORUM,4.0,5.0,0.1582,1,1,1,FINALIZED_WITHIN_C2_LIMIT,,1.554
181,2352.941,0.9557,explore,LIU_QUORUM,4.0,8.5,0.03,1,1,1,FINALIZED_WITHIN_C2_LIMIT,,1.597
182,8000.0,0.9554,explore,LIU_QUORUM,4.0,2.5,0.0767,1,1,1,FINALIZED_WITHIN_C2_LIMIT,,1.717
183,2500.0,0.9552,explore,PBFT,4.0,8.0,0.1001,1,1,1,FINALIZED_WITHIN_C2_LIMIT,,1.568
184,0.0,0.9549,explore,PBFT,4.0,0.5,0.1284,1,0,1,C2_DEADLINE_EXCEEDED,,1.639
185,2666.667,0.9547,explore,PBFT,4.0,7.5,0.0809,1,1,1,FINALIZED_WITHIN_C2_LIMIT,,2.094
186,8000.0,0.9544,explore,LIU_QUORUM,4.0,2.5,0.0299,1,1,1,FINALIZED_WITHIN_C2_LIMIT,,1.533
187,2500.0,0.9542,explore,ZYZZYVA,4.0,8.0,0.0651,1,1,1,FINALIZED_WITHIN_C2_LIMIT,,1.698
188,5000.0,0.9539,explore,PBFT,4.0,4.0,0.0647,1,1,1,FINALIZED_WITHIN_C2_LIMIT,,1.45
189,4000.0,0.9537,explore,ZYZZYVA,4.0,5.0,0.0288,1,1,1,FINALIZED_WITHIN_C2_LIMIT,,1.92
190,2000.0,0.9535,greedy,ZYZZYVA,4.0,10.0,0.193,1,1,1,FINALIZED_WITHIN_C2_LIMIT,,1.44
191,4444.444,0.9532,explore,LIU_QUORUM,4.0,4.5,0.072,1,1,1,FINALIZED_WITHIN_C2_LIMIT,,1.701
192,5714.286,0.953,explore,LIU_QUORUM,4.0,3.5,0.0362,1,1,1,FINALIZED_WITHIN_C2_LIMIT,,1.654
193,2105.263,0.9527,explore,LIU_QUORUM,4.0,9.5,0.0278,1,1,1,FINALIZED_WITHIN_C2_LIMIT,,1.74
194,3636.364,0.9525,explore,PBFT,4.0,5.5,0.0558,1,1,1,FINALIZED_WITHIN_C2_LIMIT,,1.648
195,4444.444,0.9522,explore,LIU_QUORUM,4.0,4.5,0.0651,1,1,1,FINALIZED_WITHIN_C2_LIMIT,,1.638
196,2222.222,0.952,explore,PBFT,4.0,9.0,0.0299,1,1,1,FINALIZED_WITHIN_C2_LIMIT,,1.465
197,2500.0,0.9517,explore,PBFT,4.0,8.0,0.0715,1,1,1,FINALIZED_WITHIN_C2_LIMIT,,1.561
198,6666.667,0.9515,explore,LIU_QUORUM,4.0,3.0,0.0708,1,1,1,FINALIZED_WITHIN_C2_LIMIT,,1.822
199,20000.0,0.9512,explore,ZYZZYVA,4.0,1.0,0.0685,1,1,1,FINALIZED_WITHIN_C2_LIMIT,1.176246,1.774
200,5000.0,0.951,explore,ZYZZYVA,4.0,4.0,0.104,1,1,1,FINALIZED_WITHIN_C2_LIMIT,7.245332,1.555
201,6666.667,0.9508,explore,LIU_QUORUM,4.0,3.0,0.069,1,1,1,FINALIZED_WITHIN_C2_LIMIT,0.410067,1.594
202,3333.333,0.9505,explore,PBFT,4.0,6.0,0.0453,1,1,1,FINALIZED_WITHIN_C2_LIMIT,7.863496,1.625
203,3636.364,0.9503,explore,ZYZZYVA,4.0,5.5,0.0715,1,1,1,FINALIZED_WITHIN_C2_LIMIT,2.317949,1.836
204,4444.444,0.95,explore,ZYZZYVA,4.0,4.5,0.072,1,1,1,FINALIZED_WITHIN_C2_LIMIT,1.477883,1.616
205,4000.0,0.9498,explore,ZYZZYVA,4.0,5.0,0.0694,1,1,1,FINALIZED_WITHIN_C2_LIMIT,1.256437,1.829
206,4000.0,0.9495,explore,LIU_QUORUM,4.0,5.0,0.0789,1,1,1,FINALIZED_WITHIN_C2_LIMIT,0.215748,1.723
207,2222.222,0.9493,explore,PBFT,4.0,9.0,0.0779,1,1,1,FINALIZED_WITHIN_C2_LIMIT,0.204354,1.738
208,40000.0,0.949,greedy,PBFT,4.0,0.5,0.1008,1,1,1,FINALIZED_WITHIN_C2_LIMIT,1.147829,2.082
209,40000.0,0.9488,explore,LIU_QUORUM,4.0,0.5,0.0671,1,1,1,FINALIZED_WITHIN_C2_LIMIT,1.061632,1.616
210,40000.0,0.9486,explore,LIU_QUORUM,4.0,0.5,0.1368,1,1,1,FINALIZED_WITHIN_C2_LIMIT,0.173555,1.72
211,2666.667,0.9483,explore,PBFT,4.0,7.5,0.0558,1,1,1,FINALIZED_WITHIN_C2_LIMIT,1.768603,1.731
212,0.0,0.9481,greedy,ZYZZYVA,4.0,0.5,0.2138,0,1,1,FINALIZED_WITHIN_C2_LIMIT,3.31026,1.308
213,2222.222,0.9478,explore,ZYZZYVA,4.0,9.0,0.1284,1,1,1,FINALIZED_WITHIN_C2_LIMIT,1.678479,1.696
214,5000.0,0.9476,explore,ZYZZYVA,4.0,4.0,0.0685,1,1,1,FINALIZED_WITHIN_C2_LIMIT,0.270204,1.494
215,2000.0,0.9473,explore,LIU_QUORUM,4.0,10.0,0.0705,1,1,1,FINALIZED_WITHIN_C2_LIMIT,1.303792,1.691
216,13333.333,0.9471,explore,LIU_QUORUM,4.0,1.5,0.0688,1,1,1,FINALIZED_WITHIN_C2_LIMIT,2.39471,1.437
217,2222.222,0.9468,explore,ZYZZYVA,4.0,9.0,0.0789,1,1,1,FINALIZED_WITHIN_C2_LIMIT,1.347449,1.562
218,13333.333,0.9466,explore,ZYZZYVA,4.0,1.5,0.0362,1,1,1,FINALIZED_WITHIN_C2_LIMIT,0.095607,1.746
219,20000.0,0.9463,explore,ZYZZYVA,4.0,1.0,0.1723,1,1,1,FINALIZED_WITHIN_C2_LIMIT,2.981312,1.708
220,2666.667,0.9461,explore,ZYZZYVA,4.0,7.5,0.0288,1,1,1,FINALIZED_WITHIN_C2_LIMIT,5.163398,2.068
221,5714.286,0.9459,explore,PBFT,4.0,3.5,0.0299,1,1,1,FINALIZED_WITHIN_C2_LIMIT,4.497881,1.983
222,2000.0,0.9456,explore,PBFT,4.0,10.0,0.1141,1,1,1,FINALIZED_WITHIN_C2_LIMIT,1.732023,2.244
223,13333.333,0.9454,explore,PBFT,4.0,1.5,0.0689,1,1,1,FINALIZED_WITHIN_C2_LIMIT,0.143824,2.506
224,5714.286,0.9451,explore,LIU_QUORUM,4.0,3.5,0.0768,1,1,1,FINALIZED_WITHIN_C2_LIMIT,0.450053,1.669
225,10000.0,0.9449,explore,ZYZZYVA,4.0,2.0,0.0741,1,1,1,FINALIZED_WITHIN_C2_LIMIT,0.324755,1.829
226,3076.923,0.9446,explore,PBFT,4.0,6.5,0.104,1,1,1,FINALIZED_WITHIN_C2_LIMIT,0.160721,2.159
227,2352.941,0.9444,explore,PBFT,4.0,8.5,0.069,1,1,1,FINALIZED_WITHIN_C2_LIMIT,0.135832,2.188
228,2105.263,0.9441,explore,ZYZZYVA,4.0,9.5,0.1001,1,1,1,FINALIZED_WITHIN_C2_LIMIT,0.144839,2.445
229,2105.263,0.9439,explore,PBFT,4.0,9.5,0.0282,1,1,1,FINALIZED_WITHIN_C2_LIMIT,0.080958,1.993
230,40000.0,0.9436,explore,ZYZZYVA,4.0,0.5,0.0933,1,1,1,FINALIZED_WITHIN_C2_LIMIT,0.481241,2.244
231,4000.0,0.9434,explore,PBFT,4.0,5.0,0.0786,1,1,1,FINALIZED_WITHIN_C2_LIMIT,0.306265,1.763
232,8000.0,0.9432,explore,ZYZZYVA,4.0,2.5,0.0787,1,1,1,FINALIZED_WITHIN_C2_LIMIT,0.099848,1.924
233,4000.0,0.9429,explore,LIU_QUORUM,4.0,5.0,0.1416,1,1,1,FINALIZED_WITHIN_C2_LIMIT,0.786236,1.785
234,40000.0,0.9427,explore,LIU_QUORUM,4.0,0.5,0.0789,1,1,1,FINALIZED_WITHIN_C2_LIMIT,1.315792,2.228
235,4444.444,0.9424,explore,LIU_QUORUM,4.0,4.5,0.0282,1,1,1,FINALIZED_WITHIN_C2_LIMIT,0.962054,2.278
236,2857.143,0.9422,explore,PBFT,4.0,7.0,0.0298,1,1,1,FINALIZED_WITHIN_C2_LIMIT,0.197485,2.097
237,2222.222,0.9419,explore,PBFT,4.0,9.0,0.0739,1,1,1,FINALIZED_WITHIN_C2_LIMIT,0.701249,2.571
238,40000.0,0.9417,greedy,LIU_QUORUM,4.0,0.5,0.1944,1,1,1,FINALIZED_WITHIN_C2_LIMIT,1.315337,2.075
239,13333.333,0.9414,explore,PBFT,4.0,1.5,0.1582,1,1,1,FINALIZED_WITHIN_C2_LIMIT,1.308299,1.923
240,0.0,0.9412,explore,PBFT,4.0,5.0,0.2355,0,1,1,FINALIZED_WITHIN_C2_LIMIT,0.572002,2.269
241,4000.0,0.941,explore,ZYZZYVA,4.0,5.0,0.0741,1,1,1,FINALIZED_WITHIN_C2_LIMIT,0.133404,1.8
242,6666.667,0.9407,explore,ZYZZYVA,4.0,3.0,0.0758,1,1,1,FINALIZED_WITHIN_C2_LIMIT,0.297725,1.89
243,2222.222,0.9405,explore,LIU_QUORUM,4.0,9.0,0.0278,1,1,1,FINALIZED_WITHIN_C2_LIMIT,0.196677,1.933
244,2000.0,0.9402,explore,PBFT,4.0,10.0,0.072,1,1,1,FINALIZED_WITHIN_C2_LIMIT,0.071692,1.67
245,3076.923,0.94,explore,PBFT,4.0,6.5,0.0647,1,1,1,FINALIZED_WITHIN_C2_LIMIT,0.103314,2.115
246,3333.333,0.9397,explore,LIU_QUORUM,4.0,6.0,0.0702,1,1,1,FINALIZED_WITHIN_C2_LIMIT,0.092466,1.882
247,40000.0,0.9395,explore,PBFT,4.0,0.5,0.1368,1,1,1,FINALIZED_WITHIN_C2_LIMIT,0.117942,1.92
248,5000.0,0.9392,explore,LIU_QUORUM,4.0,4.0,0.0651,1,1,1,FINALIZED_WITHIN_C2_LIMIT,0.23176,1.577
249,4000.0,0.939,explore,ZYZZYVA,4.0,5.0,0.0316,1,1,1,FINALIZED_WITHIN_C2_LIMIT,0.194451,1.46
250,5714.286,0.9387,explore,ZYZZYVA,4.0,3.5,0.072,1,1,1,FINALIZED_WITHIN_C2_LIMIT,0.125028,1.765
251,2222.222,0.9385,explore,ZYZZYVA,4.0,9.0,0.0668,1,1,1,FINALIZED_WITHIN_C2_LIMIT,0.484596,1.909
252,8000.0,0.9383,explore,ZYZZYVA,4.0,2.5,0.0684,1,1,1,FINALIZED_WITHIN_C2_LIMIT,0.813743,1.616
253,20000.0,0.938,explore,PBFT,4.0,1.0,0.1141,1,1,1,FINALIZED_WITHIN_C2_LIMIT,0.505707,1.932
254,8000.0,0.9378,explore,PBFT,4.0,2.5,0.0686,1,1,1,FINALIZED_WITHIN_C2_LIMIT,0.121323,2.019
255,2105.263,0.9375,explore,ZYZZYVA,4.0,9.5,0.0708,1,1,1,FINALIZED_WITHIN_C2_LIMIT,0.382385,1.715
256,13333.333,0.9373,explore,ZYZZYVA,4.0,1.5,0.0299,1,1,1,FINALIZED_WITHIN_C2_LIMIT,0.975714,1.528
257,2222.222,0.937,explore,ZYZZYVA,4.0,9.0,0.0401,1,1,1,FINALIZED_WITHIN_C2_LIMIT,1.018288,1.756
258,3333.333,0.9368,explore,LIU_QUORUM,4.0,6.0,0.0694,1,1,1,FINALIZED_WITHIN_C2_LIMIT,0.339429,1.679
259,8000.0,0.9365,explore,ZYZZYVA,4.0,2.5,0.104,1,1,1,FINALIZED_WITHIN_C2_LIMIT,0.079629,1.653
260,2500.0,0.9363,explore,LIU_QUORUM,4.0,8.0,0.0702,1,1,1,FINALIZED_WITHIN_C2_LIMIT,0.158288,1.669
261,13333.333,0.9361,explore,PBFT,4.0,1.5,0.0702,1,1,1,FINALIZED_WITHIN_C2_LIMIT,0.139326,1.728
262,2352.941,0.9358,explore,PBFT,4.0,8.5,0.067,1,1,1,FINALIZED_WITHIN_C2_LIMIT,0.076929,1.657
263,2352.941,0.9356,explore,LIU_QUORUM,4.0,8.5,0.068,1,1,1,FINALIZED_WITHIN_C2_LIMIT,0.116694,1.574
264,10000.0,0.9353,explore,PBFT,4.0,2.0,0.0933,1,1,1,FINALIZED_WITHIN_C2_LIMIT,0.025389,1.88
265,2857.143,0.9351,explore,LIU_QUORUM,4.0,7.0,0.0291,1,1,1,FINALIZED_WITHIN_C2_LIMIT,0.028587,1.53
266,0.0,0.9348,explore,PBFT,4.0,0.5,0.0683,1,0,1,C2_DEADLINE_EXCEEDED,0.144075,1.53
267,2000.0,0.9346,explore,ZYZZYVA,4.0,10.0,0.1141,1,1,1,FINALIZED_WITHIN_C2_LIMIT,0.086488,1.656
268,20000.0,0.9343,explore,LIU_QUORUM,4.0,1.0,0.0881,1,1,1,FINALIZED_WITHIN_C2_LIMIT,0.024688,1.459
269,20000.0,0.9341,explore,PBFT,4.0,1.0,0.1284,1,1,1,FINALIZED_WITHIN_C2_LIMIT,0.077307,1.566
270,5714.286,0.9338,explore,ZYZZYVA,4.0,3.5,0.0316,1,1,1,FINALIZED_WITHIN_C2_LIMIT,0.073412,1.477
271,6666.667,0.9336,explore,LIU_QUORUM,4.0,3.0,0.0741,1,1,1,FINALIZED_WITHIN_C2_LIMIT,0.227323,1.683
272,2857.143,0.9334,explore,ZYZZYVA,4.0,7.0,0.0741,1,1,1,FINALIZED_WITHIN_C2_LIMIT,0.101058,1.764
273,40000.0,0.9331,greedy,PBFT,4.0,0.5,0.1814,1,1,1,FINALIZED_WITHIN_C2_LIMIT,0.174956,1.555
274,3333.333,0.9329,explore,ZYZZYVA,4.0,6.0,0.0278,1,1,1,FINALIZED_WITHIN_C2_LIMIT,0.163618,1.611
275,8000.0,0.9326,explore,ZYZZYVA,4.0,2.5,0.0702,1,1,1,FINALIZED_WITHIN_C2_LIMIT,0.068346,1.431
276,5714.286,0.9324,explore,LIU_QUORUM,4.0,3.5,0.0674,1,1,1,FINALIZED_WITHIN_C2_LIMIT,0.124866,1.6
277,10000.0,0.9321,explore,ZYZZYVA,4.0,2.0,0.0315,1,1,1,FINALIZED_WITHIN_C2_LIMIT,0.133064,1.899
278,6666.667,0.9319,explore,ZYZZYVA,4.0,3.0,0.0308,1,1,1,FINALIZED_WITHIN_C2_LIMIT,0.121426,1.502
279,3076.923,0.9316,explore,PBFT,4.0,6.5,0.0679,1,1,1,FINALIZED_WITHIN_C2_LIMIT,0.121092,1.653
280,2222.222,0.9314,explore,PBFT,4.0,9.0,0.0684,1,1,1,FINALIZED_WITHIN_C2_LIMIT,0.117961,1.638
281,40000.0,0.9312,explore,ZYZZYVA,4.0,0.5,0.0685,1,1,1,FINALIZED_WITHIN_C2_LIMIT,0.071332,1.84
282,6666.667,0.9309,explore,PBFT,4.0,3.0,0.072,1,1,1,FINALIZED_WITHIN_C2_LIMIT,0.081163,1.946
283,6666.667,0.9307,explore,LIU_QUORUM,4.0,3.0,0.072,1,1,1,FINALIZED_WITHIN_C2_LIMIT,0.150224,1.46
284,40000.0,0.9304,explore,PBFT,4.0,0.5,0.1982,1,1,1,FINALIZED_WITHIN_C2_LIMIT,0.014082,1.827
285,4000.0,0.9302,explore,LIU_QUORUM,4.0,5.0,0.0278,1,1,1,FINALIZED_WITHIN_C2_LIMIT,0.229481,1.698
286,3333.333,0.9299,explore,PBFT,4.0,6.0,0.0278,1,1,1,FINALIZED_WITHIN_C2_LIMIT,0.237494,1.817
287,3333.333,0.9297,explore,LIU_QUORUM,4.0,6.0,0.03,1,1,1,FINALIZED_WITHIN_C2_LIMIT,0.045881,1.568
288,3076.923,0.9294,explore,PBFT,4.0,6.5,0.0683,1,1,1,FINALIZED_WITHIN_C2_LIMIT,0.198491,1.473
289,2666.667,0.9292,explore,ZYZZYVA,4.0,7.5,0.1416,1,1,1,FINALIZED_WITHIN_C2_LIMIT,0.392502,1.424
290,2352.941,0.929,explore,LIU_QUORUM,4.0,8.5,0.1001,1,1,1,FINALIZED_WITHIN_C2_LIMIT,0.253493,1.897
291,6666.667,0.9287,explore,ZYZZYVA,4.0,3.0,0.1982,1,1,1,FINALIZED_WITHIN_C2_LIMIT,0.027748,1.843
292,3333.333,0.9285,explore,PBFT,4.0,6.0,0.1141,1,1,1,FINALIZED_WITHIN_C2_LIMIT,0.253495,1.553
293,2857.143,0.9282,explore,PBFT,4.0,7.0,0.0315,1,1,1,FINALIZED_WITHIN_C2_LIMIT,0.399341,1.512
294,4000.0,0.928,explore,ZYZZYVA,4.0,5.0,0.0786,1,1,1,FINALIZED_WITHIN_C2_LIMIT,0.191709,1.829
295,2000.0,0.9277,explore,PBFT,4.0,10.0,0.1982,1,1,1,FINALIZED_WITHIN_C2_LIMIT,0.134374,1.53
296,40000.0,0.9275,greedy,ZYZZYVA,4.0,0.5,0.0985,1,1,1,FINALIZED_WITHIN_C2_LIMIT,0.139659,1.659
297,2105.263,0.9272,explore,ZYZZYVA,4.0,9.5,0.0609,1,1,1,FINALIZED_WITHIN_C2_LIMIT,0.034981,1.958
298,2857.143,0.927,explore,LIU_QUORUM,4.0,7.0,0.0702,1,1,1,FINALIZED_WITHIN_C2_LIMIT,0.185609,1.873
299,3636.364,0.9267,explore,ZYZZYVA,4.0,5.5,0.0647,1,1,1,FINALIZED_WITHIN_C2_LIMIT,4.424831,1.568
300,3636.364,0.9265,explore,ZYZZYVA,4.0,5.5,0.0694,1,1,1,FINALIZED_WITHIN_C2_LIMIT,3.267139,2.151
301,2352.941,0.9263,explore,PBFT,4.0,8.5,0.0702,1,1,1,FINALIZED_WITHIN_C2_LIMIT,1.445577,1.656
302,2000.0,0.926,explore,LIU_QUORUM,4.0,10.0,0.0689,1,1,1,FINALIZED_WITHIN_C2_LIMIT,0.148912,1.95
303,2222.222,0.9258,explore,LIU_QUORUM,4.0,9.0,0.0688,1,1,1,FINALIZED_WITHIN_C2_LIMIT,0.872713,2.136
304,2000.0,0.9255,explore,ZYZZYVA,4.0,10.0,0.1416,1,1,1,FINALIZED_WITHIN_C2_LIMIT,1.759717,1.708
305,3333.333,0.9253,explore,ZYZZYVA,4.0,6.0,0.19,1,1,1,FINALIZED_WITHIN_C2_LIMIT,1.315029,2.559
306,8000.0,0.925,explore,LIU_QUORUM,4.0,2.5,0.1368,1,1,1,FINALIZED_WITHIN_C2_LIMIT,0.167881,2.097
307,4444.444,0.9248,explore,LIU_QUORUM,4.0,4.5,0.0298,1,1,1,FINALIZED_WITHIN_C2_LIMIT,1.27687,2.176
308,2857.143,0.9245,explore,ZYZZYVA,4.0,7.0,0.0278,1,1,1,FINALIZED_WITHIN_C2_LIMIT,1.721445,1.673
309,5714.286,0.9243,explore,LIU_QUORUM,4.0,3.5,0.072,1,1,1,FINALIZED_WITHIN_C2_LIMIT,0.269006,2.258
310,3636.364,0.9241,explore,ZYZZYVA,4.0,5.5,0.0288,1,1,1,FINALIZED_WITHIN_C2_LIMIT,0.374222,1.79
311,8000.0,0.9238,explore,LIU_QUORUM,4.0,2.5,0.104,1,1,1,FINALIZED_WITHIN_C2_LIMIT,0.400736,1.805
312,0.0,0.9236,explore,PBFT,4.0,10.0,0.2251,0,1,1,FINALIZED_WITHIN_C2_LIMIT,0.05366,2.037
313,3636.364,0.9233,explore,ZYZZYVA,4.0,5.5,0.0702,1,1,1,FINALIZED_WITHIN_C2_LIMIT,0.610787,1.655
314,6666.667,0.9231,explore,ZYZZYVA,4.0,3.0,0.1141,1,1,1,FINALIZED_WITHIN_C2_LIMIT,0.276281,1.939
315,2500.0,0.9228,explore,LIU_QUORUM,4.0,8.0,0.0694,1,1,1,FINALIZED_WITHIN_C2_LIMIT,0.328334,1.774
316,5714.286,0.9226,explore,ZYZZYVA,4.0,3.5,0.0705,1,1,1,FINALIZED_WITHIN_C2_LIMIT,0.272715,1.593
317,2857.143,0.9223,explore,ZYZZYVA,4.0,7.0,0.0769,1,1,1,FINALIZED_WITHIN_C2_LIMIT,0.27479,1.541
318,2352.941,0.9221,explore,LIU_QUORUM,4.0,8.5,0.1416,1,1,1,FINALIZED_WITHIN_C2_LIMIT,0.252258,2.159
319,6666.667,0.9218,explore,ZYZZYVA,4.0,3.0,0.0671,1,1,1,FINALIZED_WITHIN_C2_LIMIT,0.171636,1.854
320,20000.0,0.9216,explore,PBFT,4.0,1.0,0.0291,1,1,1,FINALIZED_WITHIN_C2_LIMIT,0.046395,1.417
321,5714.286,0.9214,explore,PBFT,4.0,3.5,0.0291,1,1,1,FINALIZED_WITHIN_C2_LIMIT,0.196392,1.529
322,6666.667,0.9211,explore,LIU_QUORUM,4.0,3.0,0.0609,1,1,1,FINALIZED_WITHIN_C2_LIMIT,0.186097,1.466
323,5000.0,0.9209,explore,LIU_QUORUM,4.0,4.0,0.1582,1,1,1,FINALIZED_WITHIN_C2_LIMIT,0.022224,1.895
324,0.0,0.9206,greedy,ZYZZYVA,4.0,0.5,0.3388,0,1,1,FINALIZED_WITHIN_C2_LIMIT,0.028176,2.107
325,10000.0,0.9204,explore,LIU_QUORUM,4.0,2.0,0.0787,1,1,1,FINALIZED_WITHIN_C2_LIMIT,0.254315,1.573
326,2500.0,0.9201,explore,ZYZZYVA,4.0,8.0,0.1723,1,1,1,FINALIZED_WITHIN_C2_LIMIT,0.25213,1.959
327,3333.333,0.9199,explore,ZYZZYVA,4.0,6.0,0.0697,1,1,1,FINALIZED_WITHIN_C2_LIMIT,0.188669,2.136
328,0.0,0.9196,explore,ZYZZYVA,4.0,2.0,0.2251,0,1,1,FINALIZED_WITHIN_C2_LIMIT,0.166937,1.936
329,2500.0,0.9194,explore,PBFT,4.0,8.0,0.0694,1,1,1,FINALIZED_WITHIN_C2_LIMIT,0.237788,1.934
330,4444.444,0.9192,explore,ZYZZYVA,4.0,4.5,0.0453,1,1,1,FINALIZED_WITHIN_C2_LIMIT,0.214071,1.699
331,3076.923,0.9189,explore,ZYZZYVA,4.0,6.5,0.0647,1,1,1,FINALIZED_WITHIN_C2_LIMIT,0.072765,1.786
332,2352.941,0.9187,explore,PBFT,4.0,8.5,0.1416,1,1,1,FINALIZED_WITHIN_C2_LIMIT,0.280715,1.894
333,40000.0,0.9184,explore,LIU_QUORUM,4.0,0.5,0.0362,1,1,1,FINALIZED_WITHIN_C2_LIMIT,0.191717,1.785
334,40000.0,0.9182,explore,PBFT,4.0,0.5,0.0809,1,1,1,FINALIZED_WITHIN_C2_LIMIT,0.049996,1.789
335,2000.0,0.9179,explore,LIU_QUORUM,4.0,10.0,0.0294,1,1,1,FINALIZED_WITHIN_C2_LIMIT,0.066471,1.685
336,0.0,0.9177,greedy,LIU_QUORUM,4.0,0.5,0.2722,0,1,1,FINALIZED_WITHIN_C2_LIMIT,0.066159,1.382
337,4444.444,0.9174,explore,PBFT,4.0,4.5,0.0312,1,1,1,FINALIZED_WITHIN_C2_LIMIT,0.09556,1.687
338,40000.0,0.9172,explore,PBFT,4.0,0.5,0.067,1,1,1,FINALIZED_WITHIN_C2_LIMIT,0.100997,1.717
339,4444.444,0.9169,explore,PBFT,4.0,4.5,0.0739,1,1,1,FINALIZED_WITHIN_C2_LIMIT,0.015853,1.845
340,2000.0,0.9167,explore,LIU_QUORUM,4.0,10.0,0.0741,1,1,1,FINALIZED_WITHIN_C2_LIMIT,0.084905,1.481
341,3636.364,0.9165,explore,LIU_QUORUM,4.0,5.5,0.0789,1,1,1,FINALIZED_WITHIN_C2_LIMIT,0.0201,1.843
342,3076.923,0.9162,explore,PBFT,4.0,6.5,0.0558,1,1,1,FINALIZED_WITHIN_C2_LIMIT,0.022173,1.635
343,2105.263,0.916,explore,ZYZZYVA,4.0,9.5,0.0651,1,1,1,FINALIZED_WITHIN_C2_LIMIT,0.076594,1.932
344,40000.0,0.9157,explore,PBFT,4.0,0.5,0.0671,1,1,1,FINALIZED_WITHIN_C2_LIMIT,0.116061,1.578
345,0.0,0.9155,greedy,ZYZZYVA,4.0,0.5,0.2714,0,1,1,FINALIZED_WITHIN_C2_LIMIT,0.137866,1.893
346,4444.444,0.9152,explore,LIU_QUORUM,4.0,4.5,0.0685,1,1,1,FINALIZED_WITHIN_C2_LIMIT,0.150305,2.015
347,0.0,0.915,explore,LIU_QUORUM,4.0,0.5,0.2811,0,1,1,FINALIZED_WITHIN_C2_LIMIT,0.170524,1.576
348,2105.263,0.9147,explore,ZYZZYVA,4.0,9.5,0.0506,1,1,1,FINALIZED_WITHIN_C2_LIMIT,0.080599,2.072
349,20000.0,0.9145,explore,LIU_QUORUM,4.0,1.0,0.0767,1,1,1,FINALIZED_WITHIN_C2_LIMIT,0.099493,1.489
350,2105.263,0.9143,explore,PBFT,4.0,9.5,0.1459,1,1,1,FINALIZED_WITHIN_C2_LIMIT,0.150773,1.838
351,40000.0,0.914,explore,PBFT,4.0,0.5,0.0683,1,1,1,FINALIZED_WITHIN_C2_LIMIT,0.290059,1.631
352,8000.0,0.9138,explore,LIU_QUORUM,4.0,2.5,0.068,1,1,1,FINALIZED_WITHIN_C2_LIMIT,0.197507,1.928
353,0.0,0.9135,explore,LIU_QUORUM,4.0,6.5,0.2103,0,1,1,FINALIZED_WITHIN_C2_LIMIT,0.228673,1.438
354,2352.941,0.9133,explore,ZYZZYVA,4.0,8.5,0.1284,1,1,1,FINALIZED_WITHIN_C2_LIMIT,0.272179,1.702
355,20000.0,0.913,explore,LIU_QUORUM,4.0,1.0,0.0739,1,1,1,FINALIZED_WITHIN_C2_LIMIT,0.188794,1.65
356,2857.143,0.9128,explore,ZYZZYVA,4.0,7.0,0.0689,1,1,1,FINALIZED_WITHIN_C2_LIMIT,0.091762,1.672
357,2666.667,0.9125,explore,ZYZZYVA,4.0,7.5,0.1208,1,1,1,FINALIZED_WITHIN_C2_LIMIT,0.244855,1.685
358,6666.667,0.9123,explore,LIU_QUORUM,4.0,3.0,0.0647,1,1,1,FINALIZED_WITHIN_C2_LIMIT,0.238364,1.955
359,4444.444,0.912,explore,PBFT,4.0,4.5,0.0312,1,1,1,FINALIZED_WITHIN_C2_LIMIT,0.240859,2.397
360,10000.0,0.9118,explore,ZYZZYVA,4.0,2.0,0.0768,1,1,1,FINALIZED_WITHIN_C2_LIMIT,0.299091,2.294
361,4000.0,0.9116,explore,PBFT,4.0,5.0,0.0312,1,1,1,FINALIZED_WITHIN_C2_LIMIT,0.131805,2.273
362,13333.333,0.9113,explore,LIU_QUORUM,4.0,1.5,0.0683,1,1,1,FINALIZED_WITHIN_C2_LIMIT,0.381525,1.726
363,4444.444,0.9111,explore,ZYZZYVA,4.0,4.5,0.1141,1,1,1,FINALIZED_WITHIN_C2_LIMIT,0.53873,1.462
364,40000.0,0.9108,greedy,PBFT,4.0,0.5,0.1417,1,1,1,FINALIZED_WITHIN_C2_LIMIT,0.268711,1.863
365,3333.333,0.9106,explore,PBFT,4.0,6.0,0.0809,1,1,1,FINALIZED_WITHIN_C2_LIMIT,0.104217,1.802
366,0.0,0.9103,explore,PBFT,4.0,4.0,0.2355,0,1,1,FINALIZED_WITHIN_C2_LIMIT,0.34614,1.751
367,4000.0,0.9101,explore,PBFT,4.0,5.0,0.1001,1,1,1,FINALIZED_WITHIN_C2_LIMIT,0.37261,1.923
368,4000.0,0.9098,explore,PBFT,4.0,5.0,0.0278,1,1,1,FINALIZED_WITHIN_C2_LIMIT,0.107719,2.258
369,2352.941,0.9096,explore,PBFT,4.0,8.5,0.03,1,1,1,FINALIZED_WITHIN_C2_LIMIT,0.175134,1.821
370,3636.364,0.9093,explore,LIU_QUORUM,4.0,5.5,0.0506,1,1,1,FINALIZED_WITHIN_C2_LIMIT,0.383586,1.536
371,2000.0,0.9091,explore,ZYZZYVA,4.0,10.0,0.0316,1,1,1,FINALIZED_WITHIN_C2_LIMIT,0.164074,2.112
372,40000.0,0.9089,explore,PBFT,4.0,0.5,0.0963,1,1,1,FINALIZED_WITHIN_C2_LIMIT,0.039679,1.975
373,8000.0,0.9086,explore,PBFT,4.0,2.5,0.0715,1,1,1,FINALIZED_WITHIN_C2_LIMIT,0.205875,1.573
374,5000.0,0.9084,explore,LIU_QUORUM,4.0,4.0,0.0739,1,1,1,FINALIZED_WITHIN_C2_LIMIT,0.115888,1.552
375,40000.0,0.9081,greedy,PBFT,4.0,0.5,0.1378,1,1,1,FINALIZED_WITHIN_C2_LIMIT,0.205923,1.92
376,2222.222,0.9079,explore,LIU_QUORUM,4.0,9.0,0.0685,1,1,1,FINALIZED_WITHIN_C2_LIMIT,0.168542,1.681
377,4000.0,0.9076,explore,PBFT,4.0,5.0,0.0708,1,1,1,FINALIZED_WITHIN_C2_LIMIT,0.082078,1.636
378,0.0,0.9074,greedy,PBFT,4.0,0.5,0.2103,0,1,1,FINALIZED_WITHIN_C2_LIMIT,0.142116,1.627
379,5000.0,0.9071,explore,ZYZZYVA,4.0,4.0,0.0769,1,1,1,FINALIZED_WITHIN_C2_LIMIT,0.313547,1.604
380,2666.667,0.9069,explore,LIU_QUORUM,4.0,7.5,0.03,1,1,1,FINALIZED_WITHIN_C2_LIMIT,0.191345,1.818
381,8000.0,0.9067,explore,LIU_QUORUM,4.0,2.5,0.0315,1,1,1,FINALIZED_WITHIN_C2_LIMIT,0.013212,1.918
382,2666.667,0.9064,explore,LIU_QUORUM,4.0,7.5,0.0362,1,1,1,FINALIZED_WITHIN_C2_LIMIT,0.068889,1.764
383,2857.143,0.9062,explore,ZYZZYVA,4.0,7.0,0.0316,1,1,1,FINALIZED_WITHIN_C2_LIMIT,0.08026,1.555
384,5000.0,0.9059,explore,ZYZZYVA,4.0,4.0,0.068,1,1,1,FINALIZED_WITHIN_C2_LIMIT,0.085465,1.517
385,2500.0,0.9057,explore,PBFT,4.0,8.0,0.03,1,1,1,FINALIZED_WITHIN_C2_LIMIT,0.248649,1.926
386,5000.0,0.9054,explore,PBFT,4.0,4.0,0.19,1,1,1,FINALIZED_WITHIN_C2_LIMIT,0.097296,1.858
387,2352.941,0.9052,explore,LIU_QUORUM,4.0,8.5,0.0739,1,1,1,FINALIZED_WITHIN_C2_LIMIT,0.12496,1.506
388,6666.667,0.9049,explore,LIU_QUORUM,4.0,3.0,0.19,1,1,1,FINALIZED_WITHIN_C2_LIMIT,0.170763,1.486
389,3076.923,0.9047,explore,PBFT,4.0,6.5,0.0558,1,1,1,FINALIZED_WITHIN_C2_LIMIT,0.075565,1.753
390,13333.333,0.9044,explore,LIU_QUORUM,4.0,1.5,0.0694,1,1,1,FINALIZED_WITHIN_C2_LIMIT,0.083801,1.574
391,8000.0,0.9042,explore,ZYZZYVA,4.0,2.5,0.104,1,1,1,FINALIZED_WITHIN_C2_LIMIT,0.090059,1.963
392,2105.263,0.904,explore,ZYZZYVA,4.0,9.5,0.0278,1,1,1,FINALIZED_WITHIN_C2_LIMIT,0.234083,1.582
393,13333.333,0.9037,explore,PBFT,4.0,1.5,0.1284,1,1,1,FINALIZED_WITHIN_C2_LIMIT,0.254995,1.78
394,13333.333,0.9035,explore,PBFT,4.0,1.5,0.0685,1,1,1,FINALIZED_WITHIN_C2_LIMIT,0.110651,1.787
395,0.0,0.9032,greedy,PBFT,4.0,0.5,0.2237,0,1,1,FINALIZED_WITHIN_C2_LIMIT,0.132107,1.848
396,2352.941,0.903,explore,PBFT,4.0,8.5,0.0933,1,1,1,FINALIZED_WITHIN_C2_LIMIT,0.295154,1.885
397,3333.333,0.9027,explore,PBFT,4.0,6.0,0.1001,1,1,1,FINALIZED_WITHIN_C2_LIMIT,0.253984,1.585
398,4000.0,0.9025,explore,PBFT,4.0,5.0,0.0308,1,1,1,FINALIZED_WITHIN_C2_LIMIT,0.08835,1.65
399,2500.0,0.9022,explore,ZYZZYVA,4.0,8.0,0.0362,1,1,1,FINALIZED_WITHIN_C2_LIMIT,2.929488,1.579
400,6666.667,0.902,explore,LIU_QUORUM,4.0,3.0,0.0702,1,1,1,FINALIZED_WITHIN_C2_LIMIT,2.877551,1.795
401,4000.0,0.9018,explore,PBFT,4.0,5.0,0.1982,1,1,1,FINALIZED_WITHIN_C2_LIMIT,2.065536,1.729
402,2222.222,0.9015,explore,PBFT,4.0,9.0,0.1208,1,1,1,FINALIZED_WITHIN_C2_LIMIT,1.224391,2.206
403,0.0,0.9013,explore,PBFT,4.0,6.0,0.2103,0,1,1,FINALIZED_WITHIN_C2_LIMIT,0.392863,1.765
404,4000.0,0.901,explore,LIU_QUORUM,4.0,5.0,0.0683,1,1,1,FINALIZED_WITHIN_C2_LIMIT,0.105028,1.481
405,5714.286,0.9008,explore,LIU_QUORUM,4.0,3.5,0.0651,1,1,1,FINALIZED_WITHIN_C2_LIMIT,0.34814,1.68
406,20000.0,0.9005,explore,LIU_QUORUM,4.0,1.0,0.03,1,1,1,FINALIZED_WITHIN_C2_LIMIT,0.077618,1.861
407,5000.0,0.9003,explore,LIU_QUORUM,4.0,4.0,0.0674,1,1,1,FINALIZED_WITHIN_C2_LIMIT,0.153226,1.645
408,40000.0,0.9,explore,ZYZZYVA,4.0,0.5,0.0315,1,1,1,FINALIZED_WITHIN_C2_LIMIT,0.040204,1.603
409,4000.0,0.8998,explore,LIU_QUORUM,4.0,5.0,0.0789,1,1,1,FINALIZED_WITHIN_C2_LIMIT,0.209125,1.44
410,8000.0,0.8995,explore,ZYZZYVA,4.0,2.5,0.0558,1,1,1,FINALIZED_WITHIN_C2_LIMIT,0.25164,1.819
411,13333.333,0.8993,explore,PBFT,4.0,1.5,0.0671,1,1,1,FINALIZED_WITHIN_C2_LIMIT,0.028921,1.866
412,5714.286,0.8991,explore,LIU_QUORUM,4.0,3.5,0.0705,1,1,1,FINALIZED_WITHIN_C2_LIMIT,0.038981,1.881
413,5714.286,0.8988,explore,ZYZZYVA,4.0,3.5,0.067,1,1,1,FINALIZED_WITHIN_C2_LIMIT,0.226467,1.839
414,13333.333,0.8986,explore,LIU_QUORUM,4.0,1.5,0.0308,1,1,1,FINALIZED_WITHIN_C2_LIMIT,0.106153,2.297
415,2352.941,0.8983,explore,ZYZZYVA,4.0,8.5,0.104,1,1,1,FINALIZED_WITHIN_C2_LIMIT,0.091657,1.839
416,5714.286,0.8981,explore,LIU_QUORUM,4.0,3.5,0.0768,1,1,1,FINALIZED_WITHIN_C2_LIMIT,0.104644,1.379
417,40000.0,0.8978,explore,PBFT,4.0,0.5,0.0933,1,1,1,FINALIZED_WITHIN_C2_LIMIT,0.293561,1.566
418,10000.0,0.8976,explore,LIU_QUORUM,4.0,2.0,0.0741,1,1,1,FINALIZED_WITHIN_C2_LIMIT,0.329453,1.784
419,0.0,0.8973,greedy,PBFT,4.0,0.5,0.2426,0,1,1,FINALIZED_WITHIN_C2_LIMIT,0.108851,1.877
420,20000.0,0.8971,explore,PBFT,4.0,1.0,0.0683,1,1,1,FINALIZED_WITHIN_C2_LIMIT,0.229505,1.778
421,0.0,0.8969,explore,LIU_QUORUM,4.0,4.5,0.2355,0,1,1,FINALIZED_WITHIN_C2_LIMIT,0.211079,1.614
422,10000.0,0.8966,explore,LIU_QUORUM,4.0,2.0,0.1368,1,1,1,FINALIZED_WITHIN_C2_LIMIT,0.026949,1.71
423,4000.0,0.8964,explore,ZYZZYVA,4.0,5.0,0.0362,1,1,1,FINALIZED_WITHIN_C2_LIMIT,0.187042,1.831
424,10000.0,0.8961,explore,ZYZZYVA,4.0,2.0,0.0786,1,1,1,FINALIZED_WITHIN_C2_LIMIT,0.144439,1.646
425,2352.941,0.8959,explore,PBFT,4.0,8.5,0.0686,1,1,1,FINALIZED_WITHIN_C2_LIMIT,0.144584,1.929
426,0.0,0.8956,explore,LIU_QUORUM,4.0,1.5,0.2103,0,1,1,FINALIZED_WITHIN_C2_LIMIT,0.255498,1.961
427,6666.667,0.8954,explore,PBFT,4.0,3.0,0.0558,1,1,1,FINALIZED_WITHIN_C2_LIMIT,0.04299,2.021
428,2000.0,0.8951,explore,PBFT,4.0,10.0,0.1368,1,1,1,FINALIZED_WITHIN_C2_LIMIT,0.188564,1.674
429,2352.941,0.8949,explore,ZYZZYVA,4.0,8.5,0.0787,1,1,1,FINALIZED_WITHIN_C2_LIMIT,0.551057,2.073
430,40000.0,0.8946,explore,LIU_QUORUM,4.0,0.5,0.0674,1,1,1,FINALIZED_WITHIN_C2_LIMIT,0.437354,2.085
431,20000.0,0.8944,explore,PBFT,4.0,1.0,0.104,1,1,1,FINALIZED_WITHIN_C2_LIMIT,0.189745,2.056
432,4000.0,0.8942,explore,LIU_QUORUM,4.0,5.0,0.0739,1,1,1,FINALIZED_WITHIN_C2_LIMIT,0.274536,2.017
433,2222.222,0.8939,explore,LIU_QUORUM,4.0,9.0,0.072,1,1,1,FINALIZED_WITHIN_C2_LIMIT,0.170596,1.926
434,8000.0,0.8937,explore,LIU_QUORUM,4.0,2.5,0.1459,1,1,1,FINALIZED_WITHIN_C2_LIMIT,0.18734,1.533
435,20000.0,0.8934,explore,PBFT,4.0,1.0,0.0558,1,1,1,FINALIZED_WITHIN_C2_LIMIT,0.202094,1.666
436,5714.286,0.8932,explore,PBFT,4.0,3.5,0.0651,1,1,1,FINALIZED_WITHIN_C2_LIMIT,0.075109,1.897
437,3076.923,0.8929,explore,ZYZZYVA,4.0,6.5,0.0674,1,1,1,FINALIZED_WITHIN_C2_LIMIT,0.350684,1.779
438,10000.0,0.8927,explore,ZYZZYVA,4.0,2.0,0.0278,1,1,1,FINALIZED_WITHIN_C2_LIMIT,0.494083,1.781
439,2857.143,0.8924,explore,LIU_QUORUM,4.0,7.0,0.0668,1,1,1,FINALIZED_WITHIN_C2_LIMIT,0.326404,1.616
440,5714.286,0.8922,explore,LIU_QUORUM,4.0,3.5,0.0316,1,1,1,FINALIZED_WITHIN_C2_LIMIT,0.017311,1.905
441,5000.0,0.892,explore,PBFT,4.0,4.0,0.0679,1,1,1,FINALIZED_WITHIN_C2_LIMIT,0.230255,2.078
442,2500.0,0.8917,explore,ZYZZYVA,4.0,8.0,0.0683,1,1,1,FINALIZED_WITHIN_C2_LIMIT,0.203586,1.849
443,3076.923,0.8915,explore,PBFT,4.0,6.5,0.1416,1,1,1,FINALIZED_WITHIN_C2_LIMIT,0.076865,1.7
444,6666.667,0.8912,explore,ZYZZYVA,4.0,3.0,0.03,1,1,1,FINALIZED_WITHIN_C2_LIMIT,0.146068,1.616
445,10000.0,0.891,explore,PBFT,4.0,2.0,0.0668,1,1,1,FINALIZED_WITHIN_C2_LIMIT,0.371414,1.872
446,3333.333,0.8907,explore,PBFT,4.0,6.0,0.0769,1,1,1,FINALIZED_WITHIN_C2_LIMIT,0.157096,2.13
447,40000.0,0.8905,greedy,PBFT,4.0,0.5,0.1977,1,1,1,FINALIZED_WITHIN_C2_LIMIT,0.099169,2.344
448,2500.0,0.8902,explore,PBFT,4.0,8.0,0.0702,1,1,1,FINALIZED_WITHIN_C2_LIMIT,0.034307,2.135
449,10000.0,0.89,explore,PBFT,4.0,2.0,0.0288,1,1,1,FINALIZED_WITHIN_C2_LIMIT,0.116278,2.06
450,0.0,0.8898,greedy,PBFT,4.0,0.5,0.2154,0,1,1,FINALIZED_WITHIN_C2_LIMIT,0.049015,1.7
451,3636.364,0.8895,explore,PBFT,4.0,5.5,0.0671,1,1,1,FINALIZED_WITHIN_C2_LIMIT,0.055882,1.953
452,0.0,0.8893,greedy,PBFT,4.0,0.5,0.2367,0,1,1,FINALIZED_WITHIN_C2_LIMIT,0.093753,1.879
453,0.0,0.889,explore,LIU_QUORUM,4.0,0.5,0.2103,0,1,1,FINALIZED_WITHIN_C2_LIMIT,0.199531,1.468
454,5714.286,0.8888,explore,LIU_QUORUM,4.0,3.5,0.0684,1,1,1,FINALIZED_WITHIN_C2_LIMIT,0.138921,1.738
455,2222.222,0.8885,explore,PBFT,4.0,9.0,0.0294,1,1,1,FINALIZED_WITHIN_C2_LIMIT,0.079277,1.865
456,2352.941,0.8883,explore,LIU_QUORUM,4.0,8.5,0.0963,1,1,1,FINALIZED_WITHIN_C2_LIMIT,0.527212,2.146
457,6666.667,0.888,explore,LIU_QUORUM,4.0,3.0,0.1459,1,1,1,FINALIZED_WITHIN_C2_LIMIT,0.334351,1.73
458,3636.364,0.8878,explore,LIU_QUORUM,4.0,5.5,0.0768,1,1,1,FINALIZED_WITHIN_C2_LIMIT,0.048853,1.448
459,4444.444,0.8875,explore,PBFT,4.0,4.5,0.069,1,1,1,FINALIZED_WITHIN_C2_LIMIT,0.299605,1.886
460,2105.263,0.8873,explore,ZYZZYVA,4.0,9.5,0.0786,1,1,1,FINALIZED_WITHIN_C2_LIMIT,0.533823,2.023
461,5000.0,0.8871,explore,LIU_QUORUM,4.0,4.0,0.0739,1,1,1,FINALIZED_WITHIN_C2_LIMIT,0.33941,1.896
462,2105.263,0.8868,explore,ZYZZYVA,4.0,9.5,0.0401,1,1,1,FINALIZED_WITHIN_C2_LIMIT,0.040316,1.903
463,40000.0,0.8866,greedy,ZYZZYVA,4.0,0.5,0.0754,1,1,1,FINALIZED_WITHIN_C2_LIMIT,0.157422,1.573
464,13333.333,0.8863,explore,ZYZZYVA,4.0,1.5,0.0316,1,1,1,FINALIZED_WITHIN_C2_LIMIT,0.136725,1.695
465,3076.923,0.8861,explore,PBFT,4.0,6.5,0.0316,1,1,1,FINALIZED_WITHIN_C2_LIMIT,0.059265,1.657
466,3333.333,0.8858,explore,ZYZZYVA,4.0,6.0,0.0789,1,1,1,FINALIZED_WITHIN_C2_LIMIT,0.078148,1.802
467,2857.143,0.8856,explore,PBFT,4.0,7.0,0.0686,1,1,1,FINALIZED_WITHIN_C2_LIMIT,0.043834,1.736
468,2000.0,0.8853,explore,PBFT,4.0,10.0,0.0679,1,1,1,FINALIZED_WITHIN_C2_LIMIT,0.402187,1.626
469,10000.0,0.8851,explore,ZYZZYVA,4.0,2.0,0.0679,1,1,1,FINALIZED_WITHIN_C2_LIMIT,0.486766,1.845
470,0.0,0.8849,explore,PBFT,4.0,6.0,0.2536,0,1,1,FINALIZED_WITHIN_C2_LIMIT,0.160908,2.123
471,6666.667,0.8846,explore,ZYZZYVA,4.0,3.0,0.0741,1,1,1,FINALIZED_WITHIN_C2_LIMIT,0.178572,2.146
472,40000.0,0.8844,explore,PBFT,4.0,0.5,0.0671,1,1,1,FINALIZED_WITHIN_C2_LIMIT,0.193528,1.646
473,20000.0,0.8841,explore,PBFT,4.0,1.0,0.0702,1,1,1,FINALIZED_WITHIN_C2_LIMIT,0.098132,2.039
474,2352.941,0.8839,explore,PBFT,4.0,8.5,0.0278,1,1,1,FINALIZED_WITHIN_C2_LIMIT,0.138491,2.201
475,2105.263,0.8836,explore,ZYZZYVA,4.0,9.5,0.068,1,1,1,FINALIZED_WITHIN_C2_LIMIT,0.172039,2.033
476,8000.0,0.8834,explore,LIU_QUORUM,4.0,2.5,0.0768,1,1,1,FINALIZED_WITHIN_C2_LIMIT,0.071377,1.721
477,2105.263,0.8831,explore,LIU_QUORUM,4.0,9.5,0.0651,1,1,1,FINALIZED_WITHIN_C2_LIMIT,0.262707,1.998
478,2105.263,0.8829,explore,LIU_QUORUM,4.0,9.5,0.1085,1,1,1,FINALIZED_WITHIN_C2_LIMIT,0.454793,1.786
479,2352.941,0.8826,explore,ZYZZYVA,4.0,8.5,0.104,1,1,1,FINALIZED_WITHIN_C2_LIMIT,0.369643,1.683
480,3333.333,0.8824,explore,PBFT,4.0,6.0,0.1141,1,1,1,FINALIZED_WITHIN_C2_LIMIT,0.043443,1.96
481,40000.0,0.8822,explore,ZYZZYVA,4.0,0.5,0.1141,1,1,1,FINALIZED_WITHIN_C2_LIMIT,0.344853,1.666
482,40000.0,0.8819,greedy,ZYZZYVA,4.0,0.5,0.1882,1,1,1,FINALIZED_WITHIN_C2_LIMIT,0.789996,2.136
483,3333.333,0.8817,explore,ZYZZYVA,4.0,6.0,0.0362,1,1,1,FINALIZED_WITHIN_C2_LIMIT,0.808931,1.495
484,0.0,0.8814,greedy,ZYZZYVA,4.0,0.5,0.2328,0,1,1,FINALIZED_WITHIN_C2_LIMIT,0.385267,1.581
485,3636.364,0.8812,explore,ZYZZYVA,4.0,5.5,0.0768,1,1,1,FINALIZED_WITHIN_C2_LIMIT,0.065685,2.022
486,6666.667,0.8809,explore,LIU_QUORUM,4.0,3.0,0.0651,1,1,1,FINALIZED_WITHIN_C2_LIMIT,0.355402,1.368
487,20000.0,0.8807,explore,PBFT,4.0,1.0,0.0679,1,1,1,FINALIZED_WITHIN_C2_LIMIT,0.844287,1.666
488,40000.0,0.8804,greedy,ZYZZYVA,4.0,0.5,0.1615,1,1,1,FINALIZED_WITHIN_C2_LIMIT,0.923413,2.367
489,5714.286,0.8802,explore,LIU_QUORUM,4.0,3.5,0.0705,1,1,1,FINALIZED_WITHIN_C2_LIMIT,0.652431,2.023
490,2500.0,0.88,explore,ZYZZYVA,4.0,8.0,0.068,1,1,1,FINALIZED_WITHIN_C2_LIMIT,0.23165,1.827
491,2500.0,0.8797,explore,PBFT,4.0,8.0,0.0933,1,1,1,FINALIZED_WITHIN_C2_LIMIT,0.132517,1.763
492,20000.0,0.8795,explore,LIU_QUORUM,4.0,1.0,0.0963,1,1,1,FINALIZED_WITHIN_C2_LIMIT,0.244817,1.975
493,0.0,0.8792,explore,PBFT,4.0,9.5,0.2103,0,1,1,FINALIZED_WITHIN_C2_LIMIT,0.221299,2.016
494,2000.0,0.879,explore,PBFT,4.0,10.0,0.0669,1,1,1,FINALIZED_WITHIN_C2_LIMIT,0.19857,1.955
495,40000.0,0.8787,greedy,ZYZZYVA,4.0,0.5,0.1828,1,1,1,FINALIZED_WITHIN_C2_LIMIT,0.076393,2.133
496,40000.0,0.8785,greedy,ZYZZYVA,4.0,0.5,0.1911,1,1,1,FINALIZED_WITHIN_C2_LIMIT,0.117486,2.146
497,4000.0,0.8782,explore,LIU_QUORUM,4.0,5.0,0.0311,1,1,1,FINALIZED_WITHIN_C2_LIMIT,0.132733,1.643
498,0.0,0.878,explore,LIU_QUORUM,4.0,10.0,0.2811,0,1,1,FINALIZED_WITHIN_C2_LIMIT,0.032905,1.621
499,20000.0,0.8777,explore,PBFT,4.0,1.0,0.0674,1,1,1,FINALIZED_WITHIN_C2_LIMIT,2.493534,1.801
500,2857.143,0.8775,explore,ZYZZYVA,4.0,7.0,0.0291,1,1,1,FINALIZED_WITHIN_C2_LIMIT,1.970927,1.623
501,2666.667,0.8773,explore,LIU_QUORUM,4.0,7.5,0.1368,1,1,1,FINALIZED_WITHIN_C2_LIMIT,0.957793,1.785
502,3636.364,0.877,explore,ZYZZYVA,4.0,5.5,0.1982,1,1,1,FINALIZED_WITHIN_C2_LIMIT,0.151916,1.553
503,4444.444,0.8768,explore,PBFT,4.0,4.5,0.0789,1,1,1,FINALIZED_WITHIN_C2_LIMIT,0.242942,1.713
504,2857.143,0.8765,explore,PBFT,4.0,7.0,0.0684,1,1,1,FINALIZED_WITHIN_C2_LIMIT,1.339882,1.667
505,4444.444,0.8763,explore,LIU_QUORUM,4.0,4.5,0.0288,1,1,1,FINALIZED_WITHIN_C2_LIMIT,1.391877,1.649
506,13333.333,0.876,explore,LIU_QUORUM,4.0,1.5,0.0291,1,1,1,FINALIZED_WITHIN_C2_LIMIT,0.952792,1.582
507,3333.333,0.8758,explore,ZYZZYVA,4.0,6.0,0.0686,1,1,1,FINALIZED_WITHIN_C2_LIMIT,0.352648,1.568
508,13333.333,0.8755,explore,PBFT,4.0,1.5,0.0558,1,1,1,FINALIZED_WITHIN_C2_LIMIT,0.191139,1.996
509,2666.667,0.8753,explore,PBFT,4.0,7.5,0.0316,1,1,1,FINALIZED_WITHIN_C2_LIMIT,0.421844,1.613
510,40000.0,0.875,greedy,PBFT,4.0,0.5,0.1233,1,1,1,FINALIZED_WITHIN_C2_LIMIT,0.306048,1.703
511,2666.667,0.8748,explore,ZYZZYVA,4.0,7.5,0.0686,1,1,1,FINALIZED_WITHIN_C2_LIMIT,0.227404,1.876
512,4444.444,0.8746,explore,LIU_QUORUM,4.0,4.5,0.0708,1,1,1,FINALIZED_WITHIN_C2_LIMIT,0.113085,2.021
513,4444.444,0.8743,explore,LIU_QUORUM,4.0,4.5,0.0739,1,1,1,FINALIZED_WITHIN_C2_LIMIT,0.174176,1.519
514,10000.0,0.8741,explore,LIU_QUORUM,4.0,2.0,0.1831,1,1,1,FINALIZED_WITHIN_C2_LIMIT,0.206355,1.623
515,0.0,0.8738,greedy,ZYZZYVA,4.0,0.5,0.2417,0,1,1,FINALIZED_WITHIN_C2_LIMIT,0.14481,1.286
516,10000.0,0.8736,explore,LIU_QUORUM,4.0,2.0,0.0647,1,1,1,FINALIZED_WITHIN_C2_LIMIT,0.169594,1.619
517,2352.941,0.8733,explore,ZYZZYVA,4.0,8.5,0.0651,1,1,1,FINALIZED_WITHIN_C2_LIMIT,0.4373,1.367
518,10000.0,0.8731,explore,LIU_QUORUM,4.0,2.0,0.1001,1,1,1,FINALIZED_WITHIN_C2_LIMIT,0.26781,1.419
519,0.0,0.8728,greedy,ZYZZYVA,4.0,0.5,0.3013,0,1,1,FINALIZED_WITHIN_C2_LIMIT,0.047424,1.563
520,2500.0,0.8726,explore,LIU_QUORUM,4.0,8.0,0.0787,1,1,1,FINALIZED_WITHIN_C2_LIMIT,0.118221,1.367
521,2857.143,0.8724,explore,LIU_QUORUM,4.0,7.0,0.0881,1,1,1,FINALIZED_WITHIN_C2_LIMIT,0.153312,1.703
522,2000.0,0.8721,explore,ZYZZYVA,4.0,10.0,0.1723,1,1,1,FINALIZED_WITHIN_C2_LIMIT,0.113622,1.665
523,0.0,0.8719,greedy,PBFT,4.0,0.5,0.2732,0,1,1,FINALIZED_WITHIN_C2_LIMIT,0.159499,1.555
524,4444.444,0.8716,explore,ZYZZYVA,4.0,4.5,0.0685,1,1,1,FINALIZED_WITHIN_C2_LIMIT,0.24212,1.445
525,2666.667,0.8714,explore,PBFT,4.0,7.5,0.0308,1,1,1,FINALIZED_WITHIN_C2_LIMIT,0.119325,1.509
526,2666.667,0.8711,explore,ZYZZYVA,4.0,7.5,0.0881,1,1,1,FINALIZED_WITHIN_C2_LIMIT,0.208771,1.39
527,3333.333,0.8709,explore,ZYZZYVA,4.0,6.0,0.0609,1,1,1,FINALIZED_WITHIN_C2_LIMIT,0.267876,1.816
528,8000.0,0.8706,explore,ZYZZYVA,4.0,2.5,0.1459,1,1,1,FINALIZED_WITHIN_C2_LIMIT,0.267756,1.752
529,3076.923,0.8704,explore,PBFT,4.0,6.5,0.0739,1,1,1,FINALIZED_WITHIN_C2_LIMIT,0.087854,1.73
530,2500.0,0.8701,explore,ZYZZYVA,4.0,8.0,0.0401,1,1,1,FINALIZED_WITHIN_C2_LIMIT,0.30167,1.911
531,4444.444,0.8699,explore,LIU_QUORUM,4.0,4.5,0.1416,1,1,1,FINALIZED_WITHIN_C2_LIMIT,0.540477,1.75
532,0.0,0.8697,greedy,PBFT,4.0,0.5,0.242,0,1,1,FINALIZED_WITHIN_C2_LIMIT,0.374758,2.191
533,0.0,0.8694,greedy,PBFT,4.0,0.5,0.2516,0,1,1,FINALIZED_WITHIN_C2_LIMIT,0.212621,1.867
534,40000.0,0.8692,explore,PBFT,4.0,0.5,0.0278,1,1,1,FINALIZED_WITHIN_C2_LIMIT,0.555798,1.704
535,4444.444,0.8689,explore,ZYZZYVA,4.0,4.5,0.0312,1,1,1,FINALIZED_WITHIN_C2_LIMIT,0.968982,1.546
536,0.0,0.8687,greedy,PBFT,4.0,0.5,0.2179,0,1,1,FINALIZED_WITHIN_C2_LIMIT,0.98186,1.569
537,8000.0,0.8684,explore,ZYZZYVA,4.0,2.5,0.1982,1,1,1,FINALIZED_WITHIN_C2_LIMIT,0.48151,1.954
538,10000.0,0.8682,explore,ZYZZYVA,4.0,2.0,0.0697,1,1,1,FINALIZED_WITHIN_C2_LIMIT,0.064406,1.522
539,0.0,0.8679,greedy,PBFT,4.0,0.5,0.2347,0,1,1,FINALIZED_WITHIN_C2_LIMIT,0.189222,1.985
540,2500.0,0.8677,explore,LIU_QUORUM,4.0,8.0,0.0291,1,1,1,FINALIZED_WITHIN_C2_LIMIT,0.244095,1.507
541,0.0,0.8675,greedy,PBFT,4.0,0.5,0.2333,0,1,1,FINALIZED_WITHIN_C2_LIMIT,0.161297,1.68
542,0.0,0.8672,greedy,PBFT,4.0,0.5,0.2194,0,1,1,FINALIZED_WITHIN_C2_LIMIT,0.160798,1.68
543,5714.286,0.867,explore,PBFT,4.0,3.5,0.0789,1,1,1,FINALIZED_WITHIN_C2_LIMIT,0.342279,1.656
544,6666.667,0.8667,explore,LIU_QUORUM,4.0,3.0,0.1416,1,1,1,FINALIZED_WITHIN_C2_LIMIT,0.169023,1.781
545,3333.333,0.8665,explore,ZYZZYVA,4.0,6.0,0.0299,1,1,1,FINALIZED_WITHIN_C2_LIMIT,0.077043,1.497
546,5714.286,0.8662,explore,ZYZZYVA,4.0,3.5,0.1416,1,1,1,FINALIZED_WITHIN_C2_LIMIT,0.227962,1.788
547,6666.667,0.866,explore,ZYZZYVA,4.0,3.0,0.0933,1,1,1,FINALIZED_WITHIN_C2_LIMIT,0.146186,1.6
548,4444.444,0.8657,explore,ZYZZYVA,4.0,4.5,0.0739,1,1,1,FINALIZED_WITHIN_C2_LIMIT,0.044897,1.619
549,2857.143,0.8655,explore,PBFT,4.0,7.0,0.0739,1,1,1,FINALIZED_WITHIN_C2_LIMIT,0.056764,1.533
550,0.0,0.8652,greedy,LIU_QUORUM,4.0,0.5,0.2269,0,1,1,FINALIZED_WITHIN_C2_LIMIT,0.1108,1.448
551,4000.0,0.865,explore,ZYZZYVA,4.0,5.0,0.0558,1,1,1,FINALIZED_WITHIN_C2_LIMIT,0.080575,1.665
552,4444.444,0.8648,explore,ZYZZYVA,4.0,4.5,0.0401,1,1,1,FINALIZED_WITHIN_C2_LIMIT,0.106674,1.922
553,0.0,0.8645,greedy,LIU_QUORUM,4.0,0.5,0.235,0,1,1,FINALIZED_WITHIN_C2_LIMIT,0.072774,1.811
554,3076.923,0.8643,explore,PBFT,4.0,6.5,0.0291,1,1,1,FINALIZED_WITHIN_C2_LIMIT,0.134265,1.592
555,3333.333,0.864,explore,PBFT,4.0,6.0,0.0789,1,1,1,FINALIZED_WITHIN_C2_LIMIT,0.043929,1.431
556,2666.667,0.8638,explore,LIU_QUORUM,4.0,7.5,0.0401,1,1,1,FINALIZED_WITHIN_C2_LIMIT,0.169562,1.698
557,2000.0,0.8635,explore,ZYZZYVA,4.0,10.0,0.0668,1,1,1,FINALIZED_WITHIN_C2_LIMIT,0.15511,1.749
558,2666.667,0.8633,explore,LIU_QUORUM,4.0,7.5,0.0401,1,1,1,FINALIZED_WITHIN_C2_LIMIT,0.074866,2.446
559,3076.923,0.863,explore,ZYZZYVA,4.0,6.5,0.0708,1,1,1,FINALIZED_WITHIN_C2_LIMIT,0.1169,1.742
560,3636.364,0.8628,explore,PBFT,4.0,5.5,0.0768,1,1,1,FINALIZED_WITHIN_C2_LIMIT,0.083076,2.201
561,0.0,0.8626,greedy,LIU_QUORUM,4.0,0.5,0.2332,0,1,1,FINALIZED_WITHIN_C2_LIMIT,0.094584,1.739
562,0.0,0.8623,greedy,LIU_QUORUM,4.0,0.5,0.2154,0,1,1,FINALIZED_WITHIN_C2_LIMIT,0.208254,1.595
563,2666.667,0.8621,explore,LIU_QUORUM,4.0,7.5,0.0694,1,1,1,FINALIZED_WITHIN_C2_LIMIT,0.237893,1.836
564,6666.667,0.8618,explore,LIU_QUORUM,4.0,3.0,0.0298,1,1,1,FINALIZED_WITHIN_C2_LIMIT,0.131282,1.591
565,8000.0,0.8616,explore,LIU_QUORUM,4.0,2.5,0.1141,1,1,1,FINALIZED_WITHIN_C2_LIMIT,0.086872,1.402
566,0.0,0.8613,greedy,ZYZZYVA,4.0,0.5,0.263,0,1,1,FINALIZED_WITHIN_C2_LIMIT,0.157769,1.638
567,2500.0,0.8611,explore,ZYZZYVA,4.0,8.0,0.0647,1,1,1,FINALIZED_WITHIN_C2_LIMIT,0.163779,1.633
568,20000.0,0.8608,explore,PBFT,4.0,1.0,0.0779,1,1,1,FINALIZED_WITHIN_C2_LIMIT,0.065447,1.632
569,2666.667,0.8606,explore,ZYZZYVA,4.0,7.5,0.0963,1,1,1,FINALIZED_WITHIN_C2_LIMIT,0.103979,2.118
570,0.0,0.8603,greedy,ZYZZYVA,4.0,0.5,0.2462,0,1,1,FINALIZED_WITHIN_C2_LIMIT,0.267447,1.672
571,0.0,0.8601,greedy,ZYZZYVA,4.0,0.5,0.2462,0,1,1,FINALIZED_WITHIN_C2_LIMIT,0.326875,1.608
572,3076.923,0.8599,explore,ZYZZYVA,4.0,6.5,0.1208,1,1,1,FINALIZED_WITHIN_C2_LIMIT,0.098756,1.846
573,5000.0,0.8596,explore,PBFT,4.0,4.0,0.0786,1,1,1,FINALIZED_WITHIN_C2_LIMIT,0.576664,1.849
574,2500.0,0.8594,explore,LIU_QUORUM,4.0,8.0,0.0679,1,1,1,FINALIZED_WITHIN_C2_LIMIT,0.647434,1.616
575,4000.0,0.8591,explore,LIU_QUORUM,4.0,5.0,0.1085,1,1,1,FINALIZED_WITHIN_C2_LIMIT,0.417603,1.469
576,2666.667,0.8589,explore,ZYZZYVA,4.0,7.5,0.0651,1,1,1,FINALIZED_WITHIN_C2_LIMIT,0.129227,1.568
577,2857.143,0.8586,explore,ZYZZYVA,4.0,7.0,0.0679,1,1,1,FINALIZED_WITHIN_C2_LIMIT,0.392893,2.07
578,2105.263,0.8584,explore,ZYZZYVA,4.0,9.5,0.03,1,1,1,FINALIZED_WITHIN_C2_LIMIT,0.706384,1.82
579,40000.0,0.8581,greedy,ZYZZYVA,4.0,0.5,0.1823,1,1,1,FINALIZED_WITHIN_C2_LIMIT,0.623756,1.695
580,2666.667,0.8579,explore,LIU_QUORUM,4.0,7.5,0.0282,1,1,1,FINALIZED_WITHIN_C2_LIMIT,0.192763,1.841
581,2352.941,0.8577,explore,LIU_QUORUM,4.0,8.5,0.1208,1,1,1,FINALIZED_WITHIN_C2_LIMIT,0.217837,1.834
582,10000.0,0.8574,explore,LIU_QUORUM,4.0,2.0,0.0705,1,1,1,FINALIZED_WITHIN_C2_LIMIT,0.883594,1.849
583,2857.143,0.8572,explore,LIU_QUORUM,4.0,7.0,0.0671,1,1,1,FINALIZED_WITHIN_C2_LIMIT,0.369749,1.769
584,6666.667,0.8569,explore,PBFT,4.0,3.0,0.0401,1,1,1,FINALIZED_WITHIN_C2_LIMIT,0.108383,1.663
585,0.0,0.8567,explore,LIU_QUORUM,4.0,4.5,0.2103,0,1,1,FINALIZED_WITHIN_C2_LIMIT,0.18786,1.374
586,3333.333,0.8564,explore,PBFT,4.0,6.0,0.0779,1,1,1,FINALIZED_WITHIN_C2_LIMIT,0.336459,1.671
587,2666.667,0.8562,explore,LIU_QUORUM,4.0,7.5,0.0294,1,1,1,FINALIZED_WITHIN_C2_LIMIT,0.299602,1.769
588,4000.0,0.8559,explore,LIU_QUORUM,4.0,5.0,0.0294,1,1,1,FINALIZED_WITHIN_C2_LIMIT,0.059761,1.715
589,40000.0,0.8557,explore,ZYZZYVA,4.0,0.5,0.0679,1,1,1,FINALIZED_WITHIN_C2_LIMIT,0.213908,1.638
590,5714.286,0.8555,explore,PBFT,4.0,3.5,0.0278,1,1,1,FINALIZED_WITHIN_C2_LIMIT,0.440198,1.851
591,6666.667,0.8552,explore,PBFT,4.0,3.0,0.068,1,1,1,FINALIZED_WITHIN_C2_LIMIT,0.659032,1.724
592,2222.222,0.855,explore,PBFT,4.0,9.0,0.0669,1,1,1,FINALIZED_WITHIN_C2_LIMIT,0.098849,1.536
593,13333.333,0.8547,explore,LIU_QUORUM,4.0,1.5,0.0715,1,1,1,FINALIZED_WITHIN_C2_LIMIT,0.133607,1.425
594,3636.364,0.8545,explore,PBFT,4.0,5.5,0.1141,1,1,1,FINALIZED_WITHIN_C2_LIMIT,0.32602,1.399
595,3636.364,0.8542,explore,LIU_QUORUM,4.0,5.5,0.0767,1,1,1,FINALIZED_WITHIN_C2_LIMIT,0.249235,1.5
596,5714.286,0.854,explore,LIU_QUORUM,4.0,3.5,0.0702,1,1,1,FINALIZED_WITHIN_C2_LIMIT,0.103093,1.39
597,4000.0,0.8537,explore,ZYZZYVA,4.0,5.0,0.1001,1,1,1,FINALIZED_WITHIN_C2_LIMIT,0.280966,1.516
598,8000.0,0.8535,explore,PBFT,4.0,2.5,0.0669,1,1,1,FINALIZED_WITHIN_C2_LIMIT,0.487008,1.672
599,3636.364,0.8532,explore,ZYZZYVA,4.0,5.5,0.0669,1,1,1,FINALIZED_WITHIN_C2_LIMIT,1.730959,1.581
600,0.0,0.853,explore,LIU_QUORUM,4.0,8.5,0.2355,0,1,1,FINALIZED_WITHIN_C2_LIMIT,1.491568,1.624
601,2857.143,0.8528,explore,LIU_QUORUM,4.0,7.0,0.0739,1,1,1,FINALIZED_WITHIN_C2_LIMIT,0.698029,1.89
602,2222.222,0.8525,explore,LIU_QUORUM,4.0,9.0,0.068,1,1,1,FINALIZED_WITHIN_C2_LIMIT,0.137497,1.719
603,4000.0,0.8523,explore,LIU_QUORUM,4.0,5.0,0.0705,1,1,1,FINALIZED_WITHIN_C2_LIMIT,0.582718,1.418
604,10000.0,0.852,explore,PBFT,4.0,2.0,0.0299,1,1,1,FINALIZED_WITHIN_C2_LIMIT,2.036911,1.97
605,0.0,0.8518,explore,PBFT,4.0,6.0,0.2355,0,1,1,FINALIZED_WITHIN_C2_LIMIT,1.741999,1.597
606,3333.333,0.8515,explore,PBFT,4.0,6.0,0.1723,1,1,1,FINALIZED_WITHIN_C2_LIMIT,1.184968,1.702
607,2500.0,0.8513,explore,LIU_QUORUM,4.0,8.0,0.069,1,1,1,FINALIZED_WITHIN_C2_LIMIT,0.504897,1.856
608,5000.0,0.851,explore,ZYZZYVA,4.0,4.0,0.068,1,1,1,FINALIZED_WITHIN_C2_LIMIT,0.092589,1.761
609,4000.0,0.8508,explore,ZYZZYVA,4.0,5.0,0.19,1,1,1,FINALIZED_WITHIN_C2_LIMIT,0.331953,1.633
610,3636.364,0.8506,explore,LIU_QUORUM,4.0,5.5,0.1141,1,1,1,FINALIZED_WITHIN_C2_LIMIT,0.376305,1.612
611,40000.0,0.8503,greedy,ZYZZYVA,4.0,0.5,0.1271,1,1,1,FINALIZED_WITHIN_C2_LIMIT,0.146981,1.486
612,8000.0,0.8501,explore,LIU_QUORUM,4.0,2.5,0.1001,1,1,1,FINALIZED_WITHIN_C2_LIMIT,0.291349,1.623
613,20000.0,0.8498,explore,ZYZZYVA,4.0,1.0,0.0294,1,1,1,FINALIZED_WITHIN_C2_LIMIT,0.235386,1.26
614,2105.263,0.8496,explore,LIU_QUORUM,4.0,9.5,0.0705,1,1,1,FINALIZED_WITHIN_C2_LIMIT,0.18824,1.461
615,2105.263,0.8493,explore,LIU_QUORUM,4.0,9.5,0.0809,1,1,1,FINALIZED_WITHIN_C2_LIMIT,0.117869,1.417
616,40000.0,0.8491,explore,PBFT,4.0,0.5,0.1723,1,1,1,FINALIZED_WITHIN_C2_LIMIT,0.150629,1.419
617,10000.0,0.8488,explore,ZYZZYVA,4.0,2.0,0.0651,1,1,1,FINALIZED_WITHIN_C2_LIMIT,0.051607,1.891
618,2105.263,0.8486,explore,PBFT,4.0,9.5,0.0278,1,1,1,FINALIZED_WITHIN_C2_LIMIT,0.466133,1.817
619,0.0,0.8483,explore,LIU_QUORUM,4.0,7.0,0.2536,0,1,1,FINALIZED_WITHIN_C2_LIMIT,0.867358,1.695
620,2105.263,0.8481,explore,ZYZZYVA,4.0,9.5,0.0291,1,1,1,FINALIZED_WITHIN_C2_LIMIT,0.422784,1.742
621,2500.0,0.8479,explore,PBFT,4.0,8.0,0.03,1,1,1,FINALIZED_WITHIN_C2_LIMIT,0.053875,1.604
622,0.0,0.8476,explore,PBFT,4.0,4.5,0.2355,0,1,1,FINALIZED_WITHIN_C2_LIMIT,0.41117,1.746
623,2000.0,0.8474,explore,ZYZZYVA,4.0,10.0,0.0401,1,1,1,FINALIZED_WITHIN_C2_LIMIT,0.66257,1.804
624,2352.941,0.8471,explore,PBFT,4.0,8.5,0.0702,1,1,1,FINALIZED_WITHIN_C2_LIMIT,0.636653,1.693
625,4444.444,0.8469,explore,PBFT,4.0,4.5,0.0669,1,1,1,FINALIZED_WITHIN_C2_LIMIT,0.284887,1.809
626,40000.0,0.8466,greedy,ZYZZYVA,4.0,0.5,0.1185,1,1,1,FINALIZED_WITHIN_C2_LIMIT,0.287012,2.098
627,5000.0,0.8464,explore,ZYZZYVA,4.0,4.0,0.0647,1,1,1,FINALIZED_WITHIN_C2_LIMIT,0.1375,1.583
628,2500.0,0.8461,explore,ZYZZYVA,4.0,8.0,0.0298,1,1,1,FINALIZED_WITHIN_C2_LIMIT,0.087031,2.017
629,40000.0,0.8459,explore,ZYZZYVA,4.0,0.5,0.0312,1,1,1,FINALIZED_WITHIN_C2_LIMIT,0.172742,1.805
630,13333.333,0.8457,explore,ZYZZYVA,4.0,1.5,0.0671,1,1,1,FINALIZED_WITHIN_C2_LIMIT,0.159784,1.581
631,40000.0,0.8454,greedy,ZYZZYVA,4.0,0.5,0.1185,1,1,1,FINALIZED_WITHIN_C2_LIMIT,0.145626,1.539
632,5000.0,0.8452,explore,LIU_QUORUM,4.0,4.0,0.072,1,1,1,FINALIZED_WITHIN_C2_LIMIT,0.261503,1.979
633,2105.263,0.8449,explore,PBFT,4.0,9.5,0.1001,1,1,1,FINALIZED_WITHIN_C2_LIMIT,0.141768,1.891
634,10000.0,0.8447,explore,PBFT,4.0,2.0,0.0291,1,1,1,FINALIZED_WITHIN_C2_LIMIT,0.098722,1.772
635,2105.263,0.8444,explore,ZYZZYVA,4.0,9.5,0.0686,1,1,1,FINALIZED_WITHIN_C2_LIMIT,0.179839,1.859
636,8000.0,0.8442,explore,LIU_QUORUM,4.0,2.5,0.1284,1,1,1,FINALIZED_WITHIN_C2_LIMIT,0.117316,1.725
637,2500.0,0.8439,explore,ZYZZYVA,4.0,8.0,0.0669,1,1,1,FINALIZED_WITHIN_C2_LIMIT,0.090006,1.654
638,2000.0,0.8437,explore,PBFT,4.0,10.0,0.0715,1,1,1,FINALIZED_WITHIN_C2_LIMIT,0.121138,1.558
639,5714.286,0.8434,explore,ZYZZYVA,4.0,3.5,0.0453,1,1,1,FINALIZED_WITHIN_C2_LIMIT,0.062147,1.406
640,40000.0,0.8432,greedy,ZYZZYVA,4.0,0.5,0.1185,1,1,1,FINALIZED_WITHIN_C2_LIMIT,0.236024,1.769
641,10000.0,0.843,explore,PBFT,4.0,2.0,0.1368,1,1,1,FINALIZED_WITHIN_C2_LIMIT,0.247915,1.489
642,40000.0,0.8427,greedy,ZYZZYVA,4.0,0.5,0.1185,1,1,1,FINALIZED_WITHIN_C2_LIMIT,0.050314,1.576
643,5000.0,0.8425,explore,PBFT,4.0,4.0,0.0679,1,1,1,FINALIZED_WITHIN_C2_LIMIT,0.152142,1.712
644,40000.0,0.8422,greedy,ZYZZYVA,4.0,0.5,0.1177,1,1,1,FINALIZED_WITHIN_C2_LIMIT,0.184922,1.558
645,5714.286,0.842,explore,PBFT,4.0,3.5,0.0787,1,1,1,FINALIZED_WITHIN_C2_LIMIT,0.085541,1.547
646,40000.0,0.8417,greedy,ZYZZYVA,4.0,0.5,0.1064,1,1,1,FINALIZED_WITHIN_C2_LIMIT,0.095178,1.303
647,2105.263,0.8415,explore,LIU_QUORUM,4.0,9.5,0.0779,1,1,1,FINALIZED_WITHIN_C2_LIMIT,0.090331,1.556
648,8000.0,0.8412,explore,LIU_QUORUM,4.0,2.5,0.0506,1,1,1,FINALIZED_WITHIN_C2_LIMIT,0.228294,1.664
649,2352.941,0.841,explore,ZYZZYVA,4.0,8.5,0.0708,1,1,1,FINALIZED_WITHIN_C2_LIMIT,0.242841,1.653
650,13333.333,0.8407,explore,LIU_QUORUM,4.0,1.5,0.0789,1,1,1,FINALIZED_WITHIN_C2_LIMIT,0.080989,1.499
651,4000.0,0.8405,explore,PBFT,4.0,5.0,0.0769,1,1,1,FINALIZED_WITHIN_C2_LIMIT,0.25202,1.837
652,2500.0,0.8403,explore,LIU_QUORUM,4.0,8.0,0.068,1,1,1,FINALIZED_WITHIN_C2_LIMIT,0.477756,1.56
653,2105.263,0.84,explore,ZYZZYVA,4.0,9.5,0.0739,1,1,1,FINALIZED_WITHIN_C2_LIMIT,0.267088,1.64
654,3333.333,0.8398,explore,PBFT,4.0,6.0,0.0679,1,1,1,FINALIZED_WITHIN_C2_LIMIT,0.043638,1.699
655,2222.222,0.8395,explore,LIU_QUORUM,4.0,9.0,0.0316,1,1,1,FINALIZED_WITHIN_C2_LIMIT,0.103067,1.531
656,40000.0,0.8393,explore,PBFT,4.0,0.5,0.1831,1,1,1,FINALIZED_WITHIN_C2_LIMIT,0.121698,1.837
657,20000.0,0.839,explore,LIU_QUORUM,4.0,1.0,0.0779,1,1,1,FINALIZED_WITHIN_C2_LIMIT,0.102234,1.709
658,40000.0,0.8388,greedy,ZYZZYVA,4.0,0.5,0.1164,1,1,1,FINALIZED_WITHIN_C2_LIMIT,0.173467,1.427
659,2857.143,0.8385,explore,LIU_QUORUM,4.0,7.0,0.0702,1,1,1,FINALIZED_WITHIN_C2_LIMIT,0.07864,1.707
660,3636.364,0.8383,explore,LIU_QUORUM,4.0,5.5,0.069,1,1,1,FINALIZED_WITHIN_C2_LIMIT,0.206726,1.985
661,2352.941,0.8381,explore,PBFT,4.0,8.5,0.0278,1,1,1,FINALIZED_WITHIN_C2_LIMIT,0.168263,1.946
662,0.0,0.8378,explore,LIU_QUORUM,4.0,4.0,0.2103,0,1,1,FINALIZED_WITHIN_C2_LIMIT,0.094465,1.197
663,5000.0,0.8376,explore,ZYZZYVA,4.0,4.0,0.1416,1,1,1,FINALIZED_WITHIN_C2_LIMIT,0.095644,1.839
664,2666.667,0.8373,explore,ZYZZYVA,4.0,7.5,0.0705,1,1,1,FINALIZED_WITHIN_C2_LIMIT,0.078261,1.873
665,3636.364,0.8371,explore,ZYZZYVA,4.0,5.5,0.0362,1,1,1,FINALIZED_WITHIN_C2_LIMIT,0.049641,1.683
666,8000.0,0.8368,explore,LIU_QUORUM,4.0,2.5,0.0769,1,1,1,FINALIZED_WITHIN_C2_LIMIT,0.197587,1.452
667,3076.923,0.8366,explore,LIU_QUORUM,4.0,6.5,0.0671,1,1,1,FINALIZED_WITHIN_C2_LIMIT,0.145837,1.633
668,4444.444,0.8363,explore,LIU_QUORUM,4.0,4.5,0.069,1,1,1,FINALIZED_WITHIN_C2_LIMIT,0.128254,1.471
669,0.0,0.8361,greedy,ZYZZYVA,4.0,0.5,0.2013,0,1,1,FINALIZED_WITHIN_C2_LIMIT,0.4377,1.432
670,5000.0,0.8358,explore,ZYZZYVA,4.0,4.0,0.0739,1,1,1,FINALIZED_WITHIN_C2_LIMIT,0.857295,1.656
671,3076.923,0.8356,explore,LIU_QUORUM,4.0,6.5,0.104,1,1,1,FINALIZED_WITHIN_C2_LIMIT,0.561827,1.54
672,3333.333,0.8354,explore,PBFT,4.0,6.0,0.0933,1,1,1,FINALIZED_WITHIN_C2_LIMIT,0.131082,1.418
673,40000.0,0.8351,greedy,ZYZZYVA,4.0,0.5,0.0816,1,1,1,FINALIZED_WITHIN_C2_LIMIT,0.461728,1.626
674,0.0,0.8349,explore,PBFT,4.0,5.5,0.2536,0,1,1,FINALIZED_WITHIN_C2_LIMIT,0.905383,1.582
675,20000.0,0.8346,explore,PBFT,4.0,1.0,0.0715,1,1,1,FINALIZED_WITHIN_C2_LIMIT,1.099494,1.544
676,5000.0,0.8344,explore,ZYZZYVA,4.0,4.0,0.0881,1,1,1,FINALIZED_WITHIN_C2_LIMIT,0.472668,1.587
677,10000.0,0.8341,explore,ZYZZYVA,4.0,2.0,0.0316,1,1,1,FINALIZED_WITHIN_C2_LIMIT,0.083201,1.524
678,40000.0,0.8339,greedy,ZYZZYVA,4.0,0.5,0.0723,1,1,1,FINALIZED_WITHIN_C2_LIMIT,0.756579,1.497
679,40000.0,0.8336,greedy,ZYZZYVA,4.0,0.5,0.0856,1,1,1,FINALIZED_WITHIN_C2_LIMIT,1.63772,1.819
680,2500.0,0.8334,explore,ZYZZYVA,4.0,8.0,0.069,1,1,1,FINALIZED_WITHIN_C2_LIMIT,1.730995,1.562
681,2000.0,0.8332,explore,PBFT,4.0,10.0,0.0702,1,1,1,FINALIZED_WITHIN_C2_LIMIT,1.401471,1.526
682,5714.286,0.8329,explore,LIU_QUORUM,4.0,3.5,0.0679,1,1,1,FINALIZED_WITHIN_C2_LIMIT,0.414595,1.419
683,40000.0,0.8327,greedy,ZYZZYVA,4.0,0.5,0.0857,1,1,1,FINALIZED_WITHIN_C2_LIMIT,0.106059,1.475
684,5714.286,0.8324,explore,PBFT,4.0,3.5,0.0278,1,1,1,FINALIZED_WITHIN_C2_LIMIT,0.497644,1.731
685,5000.0,0.8322,explore,PBFT,4.0,4.0,0.0679,1,1,1,FINALIZED_WITHIN_C2_LIMIT,0.794374,1.865
686,13333.333,0.8319,explore,ZYZZYVA,4.0,1.5,0.0697,1,1,1,FINALIZED_WITHIN_C2_LIMIT,0.384079,1.565
687,6666.667,0.8317,explore,LIU_QUORUM,4.0,3.0,0.0702,1,1,1,FINALIZED_WITHIN_C2_LIMIT,0.058751,1.323
688,2000.0,0.8314,explore,ZYZZYVA,4.0,10.0,0.0278,1,1,1,FINALIZED_WITHIN_C2_LIMIT,0.548204,1.392
689,3636.364,0.8312,explore,LIU_QUORUM,4.0,5.5,0.0688,1,1,1,FINALIZED_WITHIN_C2_LIMIT,0.936052,1.587
690,2105.263,0.831,explore,LIU_QUORUM,4.0,9.5,0.0506,1,1,1,FINALIZED_WITHIN_C2_LIMIT,0.873523,1.831
691,40000.0,0.8307,greedy,ZYZZYVA,4.0,0.5,0.0986,1,1,1,FINALIZED_WITHIN_C2_LIMIT,0.553623,1.589
692,40000.0,0.8305,greedy,ZYZZYVA,4.0,0.5,0.0874,1,1,1,FINALIZED_WITHIN_C2_LIMIT,0.096973,1.864
693,5714.286,0.8302,explore,ZYZZYVA,4.0,3.5,0.1001,1,1,1,FINALIZED_WITHIN_C2_LIMIT,0.455153,2.255
694,2105.263,0.83,explore,PBFT,4.0,9.5,0.0362,1,1,1,FINALIZED_WITHIN_C2_LIMIT,1.338695,1.669
695,2500.0,0.8297,explore,PBFT,4.0,8.0,0.0674,1,1,1,FINALIZED_WITHIN_C2_LIMIT,1.381661,1.746
696,2666.667,0.8295,explore,LIU_QUORUM,4.0,7.5,0.0767,1,1,1,FINALIZED_WITHIN_C2_LIMIT,0.93674,2.661
697,2000.0,0.8292,explore,PBFT,4.0,10.0,0.0694,1,1,1,FINALIZED_WITHIN_C2_LIMIT,0.299813,2.04
698,2352.941,0.829,explore,LIU_QUORUM,4.0,8.5,0.1582,1,1,1,FINALIZED_WITHIN_C2_LIMIT,0.107104,2.07
699,3076.923,0.8287,explore,PBFT,4.0,6.5,0.19,1,1,1,FINALIZED_WITHIN_C2_LIMIT,1.597937,2.587
700,2352.941,0.8285,explore,PBFT,4.0,8.5,0.104,1,1,1,FINALIZED_WITHIN_C2_LIMIT,1.599949,1.781
701,5000.0,0.8283,explore,PBFT,4.0,4.0,0.1001,1,1,1,FINALIZED_WITHIN_C2_LIMIT,1.206224,1.907
702,2352.941,0.828,explore,LIU_QUORUM,4.0,8.5,0.0758,1,1,1,FINALIZED_WITHIN_C2_LIMIT,0.324674,1.479
703,40000.0,0.8278,greedy,ZYZZYVA,4.0,0.5,0.107,1,1,1,FINALIZED_WITHIN_C2_LIMIT,0.152047,1.355
704,2500.0,0.8275,explore,ZYZZYVA,4.0,8.0,0.067,1,1,1,FINALIZED_WITHIN_C2_LIMIT,0.460812,1.755
705,2857.143,0.8273,explore,ZYZZYVA,4.0,7.0,0.0311,1,1,1,FINALIZED_WITHIN_C2_LIMIT,0.702391,1.501
706,5000.0,0.827,explore,LIU_QUORUM,4.0,4.0,0.0453,1,1,1,FINALIZED_WITHIN_C2_LIMIT,0.33015,1.925
707,2352.941,0.8268,explore,PBFT,4.0,8.5,0.0679,1,1,1,FINALIZED_WITHIN_C2_LIMIT,0.135414,1.846
708,13333.333,0.8265,explore,PBFT,4.0,1.5,0.0506,1,1,1,FINALIZED_WITHIN_C2_LIMIT,0.177397,1.844
709,3076.923,0.8263,explore,ZYZZYVA,4.0,6.5,0.0674,1,1,1,FINALIZED_WITHIN_C2_LIMIT,0.098538,1.701
710,3333.333,0.826,explore,LIU_QUORUM,4.0,6.0,0.0308,1,1,1,FINALIZED_WITHIN_C2_LIMIT,0.114988,2.222
711,10000.0,0.8258,explore,ZYZZYVA,4.0,2.0,0.0298,1,1,1,FINALIZED_WITHIN_C2_LIMIT,0.275759,1.817
712,40000.0,0.8256,greedy,ZYZZYVA,4.0,0.5,0.1064,1,1,1,FINALIZED_WITHIN_C2_LIMIT,0.035695,1.708
713,8000.0,0.8253,explore,ZYZZYVA,4.0,2.5,0.0741,1,1,1,FINALIZED_WITHIN_C2_LIMIT,0.169902,1.703
714,2666.667,0.8251,explore,ZYZZYVA,4.0,7.5,0.0669,1,1,1,FINALIZED_WITHIN_C2_LIMIT,0.142201,1.608
715,4000.0,0.8248,explore,ZYZZYVA,4.0,5.0,0.0694,1,1,1,FINALIZED_WITHIN_C2_LIMIT,0.015737,1.581
716,0.0,0.8246,explore,LIU_QUORUM,4.0,4.0,0.2251,0,1,1,FINALIZED_WITHIN_C2_LIMIT,0.17356,1.774
717,3333.333,0.8243,explore,ZYZZYVA,4.0,6.0,0.1459,1,1,1,FINALIZED_WITHIN_C2_LIMIT,0.203898,1.779
718,2222.222,0.8241,explore,ZYZZYVA,4.0,9.0,0.0779,1,1,1,FINALIZED_WITHIN_C2_LIMIT,0.085641,1.512
719,0.0,0.8238,explore,PBFT,4.0,9.0,0.2251,0,1,1,FINALIZED_WITHIN_C2_LIMIT,0.240176,1.649
720,5714.286,0.8236,explore,ZYZZYVA,4.0,3.5,0.0278,1,1,1,FINALIZED_WITHIN_C2_LIMIT,0.207577,1.619
721,3333.333,0.8234,explore,LIU_QUORUM,4.0,6.0,0.0299,1,1,1,FINALIZED_WITHIN_C2_LIMIT,0.247853,1.645
722,2352.941,0.8231,explore,ZYZZYVA,4.0,8.5,0.0702,1,1,1,FINALIZED_WITHIN_C2_LIMIT,0.139579,1.456
723,0.0,0.8229,explore,LIU_QUORUM,4.0,4.0,0.2355,0,1,1,FINALIZED_WITHIN_C2_LIMIT,0.173713,1.936
724,3333.333,0.8226,explore,ZYZZYVA,4.0,6.0,0.0316,1,1,1,FINALIZED_WITHIN_C2_LIMIT,0.268562,1.773
725,3636.364,0.8224,explore,PBFT,4.0,5.5,0.0767,1,1,1,FINALIZED_WITHIN_C2_LIMIT,0.183586,1.307
726,40000.0,0.8221,greedy,ZYZZYVA,4.0,0.5,0.0857,1,1,1,FINALIZED_WITHIN_C2_LIMIT,0.042021,1.782
727,2105.263,0.8219,explore,LIU_QUORUM,4.0,9.5,0.0315,1,1,1,FINALIZED_WITHIN_C2_LIMIT,0.079987,1.927
728,13333.333,0.8216,explore,LIU_QUORUM,4.0,1.5,0.19,1,1,1,FINALIZED_WITHIN_C2_LIMIT,0.116702,2.148
729,40000.0,0.8214,greedy,ZYZZYVA,4.0,0.5,0.0857,1,1,1,FINALIZED_WITHIN_C2_LIMIT,0.047984,1.848
730,40000.0,0.8212,greedy,ZYZZYVA,4.0,0.5,0.0856,1,1,1,FINALIZED_WITHIN_C2_LIMIT,0.084094,1.585
731,3076.923,0.8209,explore,ZYZZYVA,4.0,6.5,0.0689,1,1,1,FINALIZED_WITHIN_C2_LIMIT,0.178987,1.68
732,20000.0,0.8207,explore,ZYZZYVA,4.0,1.0,0.0789,1,1,1,FINALIZED_WITHIN_C2_LIMIT,0.238809,1.781
733,5000.0,0.8204,explore,ZYZZYVA,4.0,4.0,0.0758,1,1,1,FINALIZED_WITHIN_C2_LIMIT,0.254764,2.162
734,10000.0,0.8202,explore,LIU_QUORUM,4.0,2.0,0.0963,1,1,1,FINALIZED_WITHIN_C2_LIMIT,0.149231,1.774
735,4444.444,0.8199,explore,ZYZZYVA,4.0,4.5,0.0294,1,1,1,FINALIZED_WITHIN_C2_LIMIT,0.118172,1.886
736,2666.667,0.8197,explore,LIU_QUORUM,4.0,7.5,0.0769,1,1,1,FINALIZED_WITHIN_C2_LIMIT,0.309917,1.84
737,2105.263,0.8194,explore,ZYZZYVA,4.0,9.5,0.0651,1,1,1,FINALIZED_WITHIN_C2_LIMIT,0.089818,1.94
738,10000.0,0.8192,explore,ZYZZYVA,4.0,2.0,0.0779,1,1,1,FINALIZED_WITHIN_C2_LIMIT,0.133346,1.628
739,40000.0,0.8189,greedy,ZYZZYVA,4.0,0.5,0.1279,1,1,1,FINALIZED_WITHIN_C2_LIMIT,0.167317,1.69
740,10000.0,0.8187,explore,PBFT,4.0,2.0,0.0647,1,1,1,FINALIZED_WITHIN_C2_LIMIT,0.114057,1.509
741,0.0,0.8185,explore,LIU_QUORUM,4.0,9.5,0.2811,0,1,1,FINALIZED_WITHIN_C2_LIMIT,0.177065,1.746
742,40000.0,0.8182,greedy,ZYZZYVA,4.0,0.5,0.0995,1,1,1,FINALIZED_WITHIN_C2_LIMIT,0.230347,1.858
743,2105.263,0.818,explore,ZYZZYVA,4.0,9.5,0.1831,1,1,1,FINALIZED_WITHIN_C2_LIMIT,0.053599,1.846
744,2352.941,0.8177,explore,LIU_QUORUM,4.0,8.5,0.0609,1,1,1,FINALIZED_WITHIN_C2_LIMIT,0.191531,1.404
745,5714.286,0.8175,explore,LIU_QUORUM,4.0,3.5,0.0686,1,1,1,FINALIZED_WITHIN_C2_LIMIT,0.28617,1.728
746,3636.364,0.8172,explore,LIU_QUORUM,4.0,5.5,0.1831,1,1,1,FINALIZED_WITHIN_C2_LIMIT,0.144457,1.552
747,4444.444,0.817,explore,ZYZZYVA,4.0,4.5,0.0705,1,1,1,FINALIZED_WITHIN_C2_LIMIT,0.107771,1.579
748,5000.0,0.8167,explore,ZYZZYVA,4.0,4.0,0.0689,1,1,1,FINALIZED_WITHIN_C2_LIMIT,0.183228,1.597
749,0.0,0.8165,explore,ZYZZYVA,4.0,3.5,0.2536,0,1,1,FINALIZED_WITHIN_C2_LIMIT,0.162441,1.597
750,2666.667,0.8163,explore,ZYZZYVA,4.0,7.5,0.0708,1,1,1,FINALIZED_WITHIN_C2_LIMIT,0.16693,1.372
751,2222.222,0.816,explore,PBFT,4.0,9.0,0.1831,1,1,1,FINALIZED_WITHIN_C2_LIMIT,0.250892,1.616
752,2105.263,0.8158,explore,ZYZZYVA,4.0,9.5,0.0769,1,1,1,FINALIZED_WITHIN_C2_LIMIT,0.154274,1.482
753,40000.0,0.8155,explore,LIU_QUORUM,4.0,0.5,0.03,1,1,1,FINALIZED_WITHIN_C2_LIMIT,0.131624,1.427
754,2222.222,0.8153,explore,ZYZZYVA,4.0,9.0,0.0708,1,1,1,FINALIZED_WITHIN_C2_LIMIT,0.275311,1.495
755,40000.0,0.815,greedy,ZYZZYVA,4.0,0.5,0.0856,1,1,1,FINALIZED_WITHIN_C2_LIMIT,0.046403,1.394
756,2666.667,0.8148,explore,PBFT,4.0,7.5,0.1416,1,1,1,FINALIZED_WITHIN_C2_LIMIT,0.14103,1.701
757,2352.941,0.8145,explore,ZYZZYVA,4.0,8.5,0.0651,1,1,1,FINALIZED_WITHIN_C2_LIMIT,0.254874,1.709
758,3076.923,0.8143,explore,PBFT,4.0,6.5,0.03,1,1,1,FINALIZED_WITHIN_C2_LIMIT,0.158347,1.45
759,2500.0,0.814,explore,ZYZZYVA,4.0,8.0,0.0739,1,1,1,FINALIZED_WITHIN_C2_LIMIT,0.098035,1.658
760,40000.0,0.8138,greedy,ZYZZYVA,4.0,0.5,0.0856,1,1,1,FINALIZED_WITHIN_C2_LIMIT,0.250854,1.521
761,2105.263,0.8136,explore,ZYZZYVA,4.0,9.5,0.0647,1,1,1,FINALIZED_WITHIN_C2_LIMIT,0.101038,1.725
762,40000.0,0.8133,greedy,ZYZZYVA,4.0,0.5,0.0846,1,1,1,FINALIZED_WITHIN_C2_LIMIT,0.237817,1.531
763,2000.0,0.8131,explore,LIU_QUORUM,4.0,10.0,0.03,1,1,1,FINALIZED_WITHIN_C2_LIMIT,0.351106,1.707
764,4444.444,0.8128,explore,LIU_QUORUM,4.0,4.5,0.0697,1,1,1,FINALIZED_WITHIN_C2_LIMIT,0.201875,1.515
765,3076.923,0.8126,explore,LIU_QUORUM,4.0,6.5,0.0674,1,1,1,FINALIZED_WITHIN_C2_LIMIT,0.140676,1.496
766,8000.0,0.8123,explore,LIU_QUORUM,4.0,2.5,0.069,1,1,1,FINALIZED_WITHIN_C2_LIMIT,0.1018,1.47
767,10000.0,0.8121,explore,PBFT,4.0,2.0,0.0705,1,1,1,FINALIZED_WITHIN_C2_LIMIT,0.076301,1.612
768,2500.0,0.8118,explore,PBFT,4.0,8.0,0.0768,1,1,1,FINALIZED_WITHIN_C2_LIMIT,0.071519,1.381
769,0.0,0.8116,explore,LIU_QUORUM,4.0,2.5,0.2536,0,1,1,FINALIZED_WITHIN_C2_LIMIT,0.087043,1.471
770,40000.0,0.8114,greedy,ZYZZYVA,4.0,0.5,0.0807,1,1,1,FINALIZED_WITHIN_C2_LIMIT,0.074522,1.488
771,2666.667,0.8111,explore,PBFT,4.0,7.5,0.0705,1,1,1,FINALIZED_WITHIN_C2_LIMIT,0.0812,1.94
772,2105.263,0.8109,explore,PBFT,4.0,9.5,0.1284,1,1,1,FINALIZED_WITHIN_C2_LIMIT,0.084574,1.745
773,13333.333,0.8106,explore,PBFT,4.0,1.5,0.0453,1,1,1,FINALIZED_WITHIN_C2_LIMIT,0.134994,1.709
774,13333.333,0.8104,explore,LIU_QUORUM,4.0,1.5,0.0316,1,1,1,FINALIZED_WITHIN_C2_LIMIT,0.054453,1.497
775,2857.143,0.8101,explore,LIU_QUORUM,4.0,7.0,0.0741,1,1,1,FINALIZED_WITHIN_C2_LIMIT,0.208483,1.588
776,0.0,0.8099,explore,PBFT,4.0,2.0,0.2251,0,1,1,FINALIZED_WITHIN_C2_LIMIT,0.210032,1.646
777,40000.0,0.8096,greedy,ZYZZYVA,4.0,0.5,0.1461,1,1,1,FINALIZED_WITHIN_C2_LIMIT,0.053878,2.03
778,40000.0,0.8094,greedy,ZYZZYVA,4.0,0.5,0.1344,1,1,1,FINALIZED_WITHIN_C2_LIMIT,0.055264,1.795
779,40000.0,0.8091,greedy,ZYZZYVA,4.0,0.5,0.0936,1,1,1,FINALIZED_WITHIN_C2_LIMIT,0.063067,1.814
780,2000.0,0.8089,explore,ZYZZYVA,4.0,10.0,0.0881,1,1,1,FINALIZED_WITHIN_C2_LIMIT,0.094374,1.815
781,3333.333,0.8087,explore,LIU_QUORUM,4.0,6.0,0.0715,1,1,1,FINALIZED_WITHIN_C2_LIMIT,0.033268,1.732
782,0.0,0.8084,explore,ZYZZYVA,4.0,3.0,0.2355,0,1,1,FINALIZED_WITHIN_C2_LIMIT,0.092952,1.706
783,3333.333,0.8082,explore,LIU_QUORUM,4.0,6.0,0.0669,1,1,1,FINALIZED_WITHIN_C2_LIMIT,0.028938,1.765
784,5000.0,0.8079,explore,LIU_QUORUM,4.0,4.0,0.0767,1,1,1,FINALIZED_WITHIN_C2_LIMIT,0.266745,1.92
785,2500.0,0.8077,explore,ZYZZYVA,4.0,8.0,0.1284,1,1,1,FINALIZED_WITHIN_C2_LIMIT,0.172662,1.82
786,4444.444,0.8074,explore,PBFT,4.0,4.5,0.1723,1,1,1,FINALIZED_WITHIN_C2_LIMIT,0.048516,1.48
787,2500.0,0.8072,explore,ZYZZYVA,4.0,8.0,0.1141,1,1,1,FINALIZED_WITHIN_C2_LIMIT,0.058636,1.678
788,3333.333,0.8069,explore,LIU_QUORUM,4.0,6.0,0.0651,1,1,1,FINALIZED_WITHIN_C2_LIMIT,0.287721,1.604
789,5714.286,0.8067,explore,PBFT,4.0,3.5,0.0684,1,1,1,FINALIZED_WITHIN_C2_LIMIT,0.064323,1.594
790,2500.0,0.8065,explore,ZYZZYVA,4.0,8.0,0.069,1,1,1,FINALIZED_WITHIN_C2_LIMIT,0.152755,1.558
791,40000.0,0.8062,greedy,ZYZZYVA,4.0,0.5,0.053,1,1,1,FINALIZED_WITHIN_C2_LIMIT,0.152148,1.403
792,40000.0,0.806,greedy,ZYZZYVA,4.0,0.5,0.042,1,1,1,FINALIZED_WITHIN_C2_LIMIT,0.050817,1.778
793,13333.333,0.8057,explore,ZYZZYVA,4.0,1.5,0.0702,1,1,1,FINALIZED_WITHIN_C2_LIMIT,0.039616,1.684
794,10000.0,0.8055,explore,LIU_QUORUM,4.0,2.0,0.0779,1,1,1,FINALIZED_WITHIN_C2_LIMIT,0.310287,1.865
795,8000.0,0.8052,explore,PBFT,4.0,2.5,0.0768,1,1,1,FINALIZED_WITHIN_C2_LIMIT,0.200671,2.302
796,4444.444,0.805,explore,LIU_QUORUM,4.0,4.5,0.0453,1,1,1,FINALIZED_WITHIN_C2_LIMIT,0.069552,1.671
797,2500.0,0.8047,explore,PBFT,4.0,8.0,0.1982,1,1,1,FINALIZED_WITHIN_C2_LIMIT,0.452822,1.796
798,3333.333,0.8045,explore,PBFT,4.0,6.0,0.0809,1,1,1,FINALIZED_WITHIN_C2_LIMIT,0.762114,1.755
799,2666.667,0.8042,explore,ZYZZYVA,4.0,7.5,0.1416,1,1,1,FINALIZED_WITHIN_C2_LIMIT,1.799101,1.73
800,3076.923,0.804,explore,LIU_QUORUM,4.0,6.5,0.104,1,1,1,FINALIZED_WITHIN_C2_LIMIT,1.342067,1.891
801,5000.0,0.8038,explore,PBFT,4.0,4.0,0.1085,1,1,1,FINALIZED_WITHIN_C2_LIMIT,0.392897,2.358
802,3636.364,0.8035,explore,LIU_QUORUM,4.0,5.5,0.0715,1,1,1,FINALIZED_WITHIN_C2_LIMIT,0.450749,1.476
803,4000.0,0.8033,explore,PBFT,4.0,5.0,0.0316,1,1,1,FINALIZED_WITHIN_C2_LIMIT,0.749273,1.558
804,3076.923,0.803,explore,PBFT,4.0,6.5,0.0688,1,1,1,FINALIZED_WITHIN_C2_LIMIT,0.931037,2.086
805,2105.263,0.8028,explore,LIU_QUORUM,4.0,9.5,0.0686,1,1,1,FINALIZED_WITHIN_C2_LIMIT,0.181752,1.684
806,40000.0,0.8025,greedy,ZYZZYVA,4.0,0.5,0.0807,1,1,1,FINALIZED_WITHIN_C2_LIMIT,0.137228,2.09
807,3076.923,0.8023,explore,PBFT,4.0,6.5,0.0683,1,1,1,FINALIZED_WITHIN_C2_LIMIT,0.384558,1.558
808,4444.444,0.802,explore,LIU_QUORUM,4.0,4.5,0.104,1,1,1,FINALIZED_WITHIN_C2_LIMIT,0.247628,1.713
809,2000.0,0.8018,explore,PBFT,4.0,10.0,0.0311,1,1,1,FINALIZED_WITHIN_C2_LIMIT,0.170702,2.006
810,40000.0,0.8015,greedy,ZYZZYVA,4.0,0.5,0.0807,1,1,1,FINALIZED_WITHIN_C2_LIMIT,0.154914,1.947
811,2222.222,0.8013,explore,ZYZZYVA,4.0,9.0,0.0739,1,1,1,FINALIZED_WITHIN_C2_LIMIT,0.267723,1.996
812,20000.0,0.8011,explore,ZYZZYVA,4.0,1.0,0.0298,1,1,1,FINALIZED_WITHIN_C2_LIMIT,0.186367,1.694
813,2666.667,0.8008,explore,LIU_QUORUM,4.0,7.5,0.1085,1,1,1,FINALIZED_WITHIN_C2_LIMIT,0.033514,1.494
814,2352.941,0.8006,explore,ZYZZYVA,4.0,8.5,0.0758,1,1,1,FINALIZED_WITHIN_C2_LIMIT,0.09861,1.828
815,40000.0,0.8003,greedy,ZYZZYVA,4.0,0.5,0.0807,1,1,1,FINALIZED_WITHIN_C2_LIMIT,0.112168,2.021
816,4444.444,0.8001,explore,ZYZZYVA,4.0,4.5,0.1459,1,1,1,FINALIZED_WITHIN_C2_LIMIT,0.230412,1.831
817,5714.286,0.7998,explore,ZYZZYVA,4.0,3.5,0.0311,1,1,1,FINALIZED_WITHIN_C2_LIMIT,0.324851,2.014
818,2105.263,0.7996,explore,ZYZZYVA,4.0,9.5,0.1001,1,1,1,FINALIZED_WITHIN_C2_LIMIT,0.161601,1.678
819,20000.0,0.7993,explore,PBFT,4.0,1.0,0.0789,1,1,1,FINALIZED_WITHIN_C2_LIMIT,0.250875,1.799
820,0.0,0.7991,explore,ZYZZYVA,4.0,6.0,0.2103,0,1,1,FINALIZED_WITHIN_C2_LIMIT,0.504921,1.712
821,40000.0,0.7989,greedy,ZYZZYVA,4.0,0.5,0.0792,1,1,1,FINALIZED_WITHIN_C2_LIMIT,0.290941,1.81
822,2000.0,0.7986,explore,LIU_QUORUM,4.0,10.0,0.0933,1,1,1,FINALIZED_WITHIN_C2_LIMIT,0.075592,1.849
823,6666.667,0.7984,explore,PBFT,4.0,3.0,0.0282,1,1,1,FINALIZED_WITHIN_C2_LIMIT,0.109152,1.836
824,40000.0,0.7981,greedy,ZYZZYVA,4.0,0.5,0.0811,1,1,1,FINALIZED_WITHIN_C2_LIMIT,0.096457,1.84
825,40000.0,0.7979,greedy,ZYZZYVA,4.0,0.5,0.0986,1,1,1,FINALIZED_WITHIN_C2_LIMIT,0.058746,1.768
826,3636.364,0.7976,explore,ZYZZYVA,4.0,5.5,0.0787,1,1,1,FINALIZED_WITHIN_C2_LIMIT,0.105934,2.064
827,3076.923,0.7974,explore,PBFT,4.0,6.5,0.1459,1,1,1,FINALIZED_WITHIN_C2_LIMIT,0.080095,1.743
828,5714.286,0.7971,explore,LIU_QUORUM,4.0,3.5,0.0679,1,1,1,FINALIZED_WITHIN_C2_LIMIT,0.097641,1.905
829,0.0,0.7969,explore,LIU_QUORUM,4.0,7.5,0.2251,0,1,1,FINALIZED_WITHIN_C2_LIMIT,0.137623,2.349
830,3636.364,0.7967,explore,LIU_QUORUM,4.0,5.5,0.0298,1,1,1,FINALIZED_WITHIN_C2_LIMIT,0.134633,1.965
831,2352.941,0.7964,explore,PBFT,4.0,8.5,0.068,1,1,1,FINALIZED_WITHIN_C2_LIMIT,0.07475,1.598
832,4000.0,0.7962,explore,ZYZZYVA,4.0,5.0,0.1368,1,1,1,FINALIZED_WITHIN_C2_LIMIT,0.34356,1.729
833,3333.333,0.7959,explore,ZYZZYVA,4.0,6.0,0.1982,1,1,1,FINALIZED_WITHIN_C2_LIMIT,0.49412,1.949
834,2000.0,0.7957,explore,LIU_QUORUM,4.0,10.0,0.069,1,1,1,FINALIZED_WITHIN_C2_LIMIT,0.097102,1.662
835,0.0,0.7954,greedy,ZYZZYVA,4.0,0.5,0.2035,0,1,1,FINALIZED_WITHIN_C2_LIMIT,0.452104,1.719
836,5000.0,0.7952,explore,LIU_QUORUM,4.0,4.0,0.0288,1,1,1,FINALIZED_WITHIN_C2_LIMIT,0.759585,1.741
837,20000.0,0.7949,explore,LIU_QUORUM,4.0,1.0,0.1001,1,1,1,FINALIZED_WITHIN_C2_LIMIT,0.454405,1.527
838,6666.667,0.7947,explore,LIU_QUORUM,4.0,3.0,0.1582,1,1,1,FINALIZED_WITHIN_C2_LIMIT,0.059225,1.578
839,3076.923,0.7944,explore,LIU_QUORUM,4.0,6.5,0.1723,1,1,1,FINALIZED_WITHIN_C2_LIMIT,0.279844,1.74
840,5000.0,0.7942,explore,LIU_QUORUM,4.0,4.0,0.0311,1,1,1,FINALIZED_WITHIN_C2_LIMIT,0.263061,1.645
841,3333.333,0.794,explore,ZYZZYVA,4.0,6.0,0.0401,1,1,1,FINALIZED_WITHIN_C2_LIMIT,0.06245,1.8
842,2500.0,0.7937,explore,ZYZZYVA,4.0,8.0,0.0506,1,1,1,FINALIZED_WITHIN_C2_LIMIT,0.135684,1.997
843,40000.0,0.7935,greedy,ZYZZYVA,4.0,0.5,0.0719,1,1,1,FINALIZED_WITHIN_C2_LIMIT,0.077953,1.649
844,40000.0,0.7932,greedy,ZYZZYVA,4.0,0.5,0.0713,1,1,1,FINALIZED_WITHIN_C2_LIMIT,0.031284,1.989
845,2222.222,0.793,explore,LIU_QUORUM,4.0,9.0,0.0316,1,1,1,FINALIZED_WITHIN_C2_LIMIT,0.228546,1.835
846,40000.0,0.7927,greedy,ZYZZYVA,4.0,0.5,0.0734,1,1,1,FINALIZED_WITHIN_C2_LIMIT,0.229885,1.818
847,6666.667,0.7925,explore,PBFT,4.0,3.0,0.0288,1,1,1,FINALIZED_WITHIN_C2_LIMIT,0.098795,1.652
848,0.0,0.7922,explore,PBFT,4.0,9.5,0.2811,0,1,1,FINALIZED_WITHIN_C2_LIMIT,0.150977,1.75
849,40000.0,0.792,greedy,ZYZZYVA,4.0,0.5,0.0734,1,1,1,FINALIZED_WITHIN_C2_LIMIT,0.021898,2.075
850,13333.333,0.7917,explore,PBFT,4.0,1.5,0.0684,1,1,1,FINALIZED_WITHIN_C2_LIMIT,0.048652,1.817
851,5000.0,0.7915,explore,ZYZZYVA,4.0,4.0,0.0668,1,1,1,FINALIZED_WITHIN_C2_LIMIT,0.05735,1.803
852,2222.222,0.7913,explore,ZYZZYVA,4.0,9.0,0.0679,1,1,1,FINALIZED_WITHIN_C2_LIMIT,0.052301,1.615
853,2352.941,0.791,explore,PBFT,4.0,8.5,0.0278,1,1,1,FINALIZED_WITHIN_C2_LIMIT,0.074952,1.687
854,5714.286,0.7908,explore,ZYZZYVA,4.0,3.5,0.0453,1,1,1,FINALIZED_WITHIN_C2_LIMIT,0.137065,1.807
855,40000.0,0.7905,greedy,ZYZZYVA,4.0,0.5,0.0878,1,1,1,FINALIZED_WITHIN_C2_LIMIT,0.064763,1.444
856,0.0,0.7903,explore,ZYZZYVA,4.0,5.5,0.2536,0,1,1,FINALIZED_WITHIN_C2_LIMIT,0.016844,1.568
857,4000.0,0.79,explore,LIU_QUORUM,4.0,5.0,0.1582,1,1,1,FINALIZED_WITHIN_C2_LIMIT,0.066338,1.949
858,40000.0,0.7898,greedy,ZYZZYVA,4.0,0.5,0.0779,1,1,1,FINALIZED_WITHIN_C2_LIMIT,0.12535,1.61
859,40000.0,0.7895,greedy,ZYZZYVA,4.0,0.5,0.0768,1,1,1,FINALIZED_WITHIN_C2_LIMIT,0.083661,1.74
860,0.0,0.7893,explore,PBFT,4.0,9.0,0.2355,0,1,1,FINALIZED_WITHIN_C2_LIMIT,0.151931,1.874
861,10000.0,0.7891,explore,PBFT,4.0,2.0,0.0708,1,1,1,FINALIZED_WITHIN_C2_LIMIT,0.127343,1.849
862,2105.263,0.7888,explore,PBFT,4.0,9.5,0.0651,1,1,1,FINALIZED_WITHIN_C2_LIMIT,0.097686,2.34
863,40000.0,0.7886,greedy,ZYZZYVA,4.0,0.5,0.0768,1,1,1,FINALIZED_WITHIN_C2_LIMIT,0.148024,1.929
864,2666.667,0.7883,explore,LIU_QUORUM,4.0,7.5,0.068,1,1,1,FINALIZED_WITHIN_C2_LIMIT,0.218721,1.544
865,40000.0,0.7881,greedy,ZYZZYVA,4.0,0.5,0.0878,1,1,1,FINALIZED_WITHIN_C2_LIMIT,0.230333,1.574
866,40000.0,0.7878,greedy,ZYZZYVA,4.0,0.5,0.0802,1,1,1,FINALIZED_WITHIN_C2_LIMIT,0.022827,1.779
867,8000.0,0.7876,explore,LIU_QUORUM,4.0,2.5,0.0298,1,1,1,FINALIZED_WITHIN_C2_LIMIT,0.062003,1.832
868,20000.0,0.7873,explore,PBFT,4.0,1.0,0.0933,1,1,1,FINALIZED_WITHIN_C2_LIMIT,0.398607,1.907
869,2222.222,0.7871,explore,PBFT,4.0,9.0,0.0769,1,1,1,FINALIZED_WITHIN_C2_LIMIT,0.469559,1.607
870,40000.0,0.7869,explore,PBFT,4.0,0.5,0.0291,1,1,1,FINALIZED_WITHIN_C2_LIMIT,0.091894,1.774
871,3636.364,0.7866,explore,PBFT,4.0,5.5,0.1141,1,1,1,FINALIZED_WITHIN_C2_LIMIT,0.485122,1.838
872,2666.667,0.7864,explore,ZYZZYVA,4.0,7.5,0.0768,1,1,1,FINALIZED_WITHIN_C2_LIMIT,1.157365,1.86
873,40000.0,0.7861,greedy,ZYZZYVA,4.0,0.5,0.0535,1,1,1,FINALIZED_WITHIN_C2_LIMIT,0.88878,1.918
874,3636.364,0.7859,explore,PBFT,4.0,5.5,0.0715,1,1,1,FINALIZED_WITHIN_C2_LIMIT,0.114368,1.789
875,0.0,0.7856,explore,PBFT,4.0,8.0,0.2811,0,1,1,FINALIZED_WITHIN_C2_LIMIT,0.464776,2.087
876,40000.0,0.7854,greedy,ZYZZYVA,4.0,0.5,0.0535,1,1,1,FINALIZED_WITHIN_C2_LIMIT,1.103932,1.767
877,40000.0,0.7851,greedy,ZYZZYVA,4.0,0.5,0.0535,1,1,1,FINALIZED_WITHIN_C2_LIMIT,0.824301,2.115
878,40000.0,0.7849,greedy,ZYZZYVA,4.0,0.5,0.041,1,1,1,FINALIZED_WITHIN_C2_LIMIT,0.210379,2.26
879,6666.667,0.7846,explore,ZYZZYVA,4.0,3.0,0.1982,1,1,1,FINALIZED_WITHIN_C2_LIMIT,0.302338,2.197
880,13333.333,0.7844,explore,PBFT,4.0,1.5,0.1831,1,1,1,FINALIZED_WITHIN_C2_LIMIT,0.838239,1.999
881,2857.143,0.7842,explore,ZYZZYVA,4.0,7.0,0.0679,1,1,1,FINALIZED_WITHIN_C2_LIMIT,0.883241,2.365
882,3636.364,0.7839,explore,PBFT,4.0,5.5,0.0308,1,1,1,FINALIZED_WITHIN_C2_LIMIT,0.142839,1.761
883,2222.222,0.7837,explore,LIU_QUORUM,4.0,9.0,0.0689,1,1,1,FINALIZED_WITHIN_C2_LIMIT,0.272714,1.735
884,13333.333,0.7834,explore,ZYZZYVA,4.0,1.5,0.19,1,1,1,FINALIZED_WITHIN_C2_LIMIT,0.620847,1.733
885,40000.0,0.7832,greedy,ZYZZYVA,4.0,0.5,0.0672,1,1,1,FINALIZED_WITHIN_C2_LIMIT,0.395539,1.575
886,40000.0,0.7829,greedy,ZYZZYVA,4.0,0.5,0.0899,1,1,1,FINALIZED_WITHIN_C2_LIMIT,0.09398,1.413
887,3636.364,0.7827,explore,PBFT,4.0,5.5,0.0294,1,1,1,FINALIZED_WITHIN_C2_LIMIT,0.572587,1.66
888,40000.0,0.7824,greedy,ZYZZYVA,4.0,0.5,0.0899,1,1,1,FINALIZED_WITHIN_C2_LIMIT,1.395031,1.463
889,8000.0,0.7822,explore,ZYZZYVA,4.0,2.5,0.0689,1,1,1,FINALIZED_WITHIN_C2_LIMIT,0.985475,1.573
890,3333.333,0.782,explore,PBFT,4.0,6.0,0.0316,1,1,1,FINALIZED_WITHIN_C2_LIMIT,0.371787,1.712
891,10000.0,0.7817,explore,LIU_QUORUM,4.0,2.0,0.0316,1,1,1,FINALIZED_WITHIN_C2_LIMIT,0.100204,1.759
892,2000.0,0.7815,explore,PBFT,4.0,10.0,0.0786,1,1,1,FINALIZED_WITHIN_C2_LIMIT,0.32611,1.806
893,2105.263,0.7812,explore,LIU_QUORUM,4.0,9.5,0.0316,1,1,1,FINALIZED_WITHIN_C2_LIMIT,0.276876,1.805
894,4444.444,0.781,explore,LIU_QUORUM,4.0,4.5,0.0702,1,1,1,FINALIZED_WITHIN_C2_LIMIT,0.048146,2.103
895,8000.0,0.7807,explore,LIU_QUORUM,4.0,2.5,0.1284,1,1,1,FINALIZED_WITHIN_C2_LIMIT,0.062544,1.485
896,40000.0,0.7805,greedy,ZYZZYVA,4.0,0.5,0.0893,1,1,1,FINALIZED_WITHIN_C2_LIMIT,0.221697,1.57
897,5714.286,0.7802,explore,PBFT,4.0,3.5,0.1459,1,1,1,FINALIZED_WITHIN_C2_LIMIT,0.247843,1.698
898,3636.364,0.78,explore,LIU_QUORUM,4.0,5.5,0.0685,1,1,1,FINALIZED_WITHIN_C2_LIMIT,0.059271,1.799
899,40000.0,0.7797,greedy,ZYZZYVA,4.0,0.5,0.0672,1,1,1,FINALIZED_WITHIN_C2_LIMIT,1.130704,1.544
900,40000.0,0.7795,greedy,ZYZZYVA,4.0,0.5,0.0672,1,1,1,FINALIZED_WITHIN_C2_LIMIT,0.073301,1.57
901,4000.0,0.7793,explore,PBFT,4.0,5.0,0.0669,1,1,1,FINALIZED_WITHIN_C2_LIMIT,1.253206,1.781
902,13333.333,0.779,explore,LIU_QUORUM,4.0,1.5,0.0768,1,1,1,FINALIZED_WITHIN_C2_LIMIT,3.470134,1.739
903,8000.0,0.7788,explore,LIU_QUORUM,4.0,2.5,0.104,1,1,1,FINALIZED_WITHIN_C2_LIMIT,3.523462,1.465
904,2666.667,0.7785,explore,LIU_QUORUM,4.0,7.5,0.0694,1,1,1,FINALIZED_WITHIN_C2_LIMIT,2.800471,1.495
905,2352.941,0.7783,explore,ZYZZYVA,4.0,8.5,0.0809,1,1,1,FINALIZED_WITHIN_C2_LIMIT,1.014023,1.851
906,2666.667,0.778,explore,LIU_QUORUM,4.0,7.5,0.1723,1,1,1,FINALIZED_WITHIN_C2_LIMIT,0.09614,1.589
907,6666.667,0.7778,explore,ZYZZYVA,4.0,3.0,0.0758,1,1,1,FINALIZED_WITHIN_C2_LIMIT,0.516085,1.421
908,20000.0,0.7775,explore,PBFT,4.0,1.0,0.0674,1,1,1,FINALIZED_WITHIN_C2_LIMIT,0.66071,1.692
909,2000.0,0.7773,explore,PBFT,4.0,10.0,0.0609,1,1,1,FINALIZED_WITHIN_C2_LIMIT,0.241532,1.533
910,40000.0,0.7771,greedy,ZYZZYVA,4.0,0.5,0.0605,1,1,1,FINALIZED_WITHIN_C2_LIMIT,0.106046,1.848
911,10000.0,0.7768,explore,LIU_QUORUM,4.0,2.0,0.0298,1,1,1,FINALIZED_WITHIN_C2_LIMIT,0.339779,1.665
912,20000.0,0.7766,explore,PBFT,4.0,1.0,0.0787,1,1,1,FINALIZED_WITHIN_C2_LIMIT,0.243438,1.758
913,0.0,0.7763,explore,PBFT,4.0,6.0,0.2355,0,1,1,FINALIZED_WITHIN_C2_LIMIT,0.145721,1.787
914,2857.143,0.7761,explore,PBFT,4.0,7.0,0.0679,1,1,1,FINALIZED_WITHIN_C2_LIMIT,0.186516,2.042
915,8000.0,0.7758,explore,LIU_QUORUM,4.0,2.5,0.0298,1,1,1,FINALIZED_WITHIN_C2_LIMIT,0.091056,1.918
916,2857.143,0.7756,explore,LIU_QUORUM,4.0,7.0,0.0787,1,1,1,FINALIZED_WITHIN_C2_LIMIT,0.32714,1.628
917,40000.0,0.7753,greedy,ZYZZYVA,4.0,0.5,0.041,1,1,1,FINALIZED_WITHIN_C2_LIMIT,0.650205,1.793
918,6666.667,0.7751,explore,ZYZZYVA,4.0,3.0,0.0453,1,1,1,FINALIZED_WITHIN_C2_LIMIT,0.234669,1.451
919,40000.0,0.7748,greedy,ZYZZYVA,4.0,0.5,0.0768,1,1,1,FINALIZED_WITHIN_C2_LIMIT,0.113439,1.968
920,6666.667,0.7746,explore,PBFT,4.0,3.0,0.0768,1,1,1,FINALIZED_WITHIN_C2_LIMIT,0.19991,1.612
921,2000.0,0.7744,explore,PBFT,4.0,10.0,0.1723,1,1,1,FINALIZED_WITHIN_C2_LIMIT,0.169329,1.892
922,40000.0,0.7741,greedy,ZYZZYVA,4.0,0.5,0.0712,1,1,1,FINALIZED_WITHIN_C2_LIMIT,0.410427,1.849
923,40000.0,0.7739,greedy,ZYZZYVA,4.0,0.5,0.0594,1,1,1,FINALIZED_WITHIN_C2_LIMIT,0.582839,1.918
924,3333.333,0.7736,explore,LIU_QUORUM,4.0,6.0,0.0311,1,1,1,FINALIZED_WITHIN_C2_LIMIT,0.346743,1.941
925,5000.0,0.7734,explore,LIU_QUORUM,4.0,4.0,0.0671,1,1,1,FINALIZED_WITHIN_C2_LIMIT,0.083577,1.794
926,5714.286,0.7731,explore,ZYZZYVA,4.0,3.5,0.0767,1,1,1,FINALIZED_WITHIN_C2_LIMIT,0.18379,1.709
927,13333.333,0.7729,explore,ZYZZYVA,4.0,1.5,0.0789,1,1,1,FINALIZED_WITHIN_C2_LIMIT,0.080943,1.521
928,40000.0,0.7726,explore,ZYZZYVA,4.0,0.5,0.0705,1,1,1,FINALIZED_WITHIN_C2_LIMIT,0.314949,1.811
929,5714.286,0.7724,explore,PBFT,4.0,3.5,0.03,1,1,1,FINALIZED_WITHIN_C2_LIMIT,0.274378,1.826
930,2666.667,0.7722,explore,ZYZZYVA,4.0,7.5,0.0684,1,1,1,FINALIZED_WITHIN_C2_LIMIT,0.054017,2.015
931,2500.0,0.7719,explore,PBFT,4.0,8.0,0.0312,1,1,1,FINALIZED_WITHIN_C2_LIMIT,0.621749,1.452
932,40000.0,0.7717,greedy,ZYZZYVA,4.0,0.5,0.1052,1,1,1,FINALIZED_WITHIN_C2_LIMIT,1.15987,1.537
933,40000.0,0.7714,greedy,ZYZZYVA,4.0,0.5,0.0658,1,1,1,FINALIZED_WITHIN_C2_LIMIT,0.80236,2.189
934,2105.263,0.7712,explore,LIU_QUORUM,4.0,9.5,0.0694,1,1,1,FINALIZED_WITHIN_C2_LIMIT,0.115638,1.809
935,2000.0,0.7709,explore,LIU_QUORUM,4.0,10.0,0.0312,1,1,1,FINALIZED_WITHIN_C2_LIMIT,0.654011,2.035
936,2352.941,0.7707,explore,PBFT,4.0,8.5,0.1368,1,1,1,FINALIZED_WITHIN_C2_LIMIT,1.783263,1.627
937,4000.0,0.7704,explore,LIU_QUORUM,4.0,5.0,0.0702,1,1,1,FINALIZED_WITHIN_C2_LIMIT,1.684487,1.621
938,40000.0,0.7702,explore,PBFT,4.0,0.5,0.0679,1,1,1,FINALIZED_WITHIN_C2_LIMIT,0.605152,1.698
939,2222.222,0.7699,explore,LIU_QUORUM,4.0,9.0,0.03,1,1,1,FINALIZED_WITHIN_C2_LIMIT,0.077057,1.539
940,3636.364,0.7697,explore,ZYZZYVA,4.0,5.5,0.067,1,1,1,FINALIZED_WITHIN_C2_LIMIT,0.331656,1.818
941,6666.667,0.7695,explore,PBFT,4.0,3.0,0.0671,1,1,1,FINALIZED_WITHIN_C2_LIMIT,0.353096,1.684
942,6666.667,0.7692,explore,LIU_QUORUM,4.0,3.0,0.104,1,1,1,FINALIZED_WITHIN_C2_LIMIT,0.052102,2.145
943,3076.923,0.769,explore,LIU_QUORUM,4.0,6.5,0.1368,1,1,1,FINALIZED_WITHIN_C2_LIMIT,0.602947,1.792
944,6666.667,0.7687,explore,ZYZZYVA,4.0,3.0,0.0288,1,1,1,FINALIZED_WITHIN_C2_LIMIT,1.063647,1.591
945,4000.0,0.7685,explore,LIU_QUORUM,4.0,5.0,0.0702,1,1,1,FINALIZED_WITHIN_C2_LIMIT,0.787179,1.472
946,2352.941,0.7682,explore,LIU_QUORUM,4.0,8.5,0.0787,1,1,1,FINALIZED_WITHIN_C2_LIMIT,0.150205,1.668
947,0.0,0.768,explore,LIU_QUORUM,4.0,5.0,0.2103,0,1,1,FINALIZED_WITHIN_C2_LIMIT,0.897841,1.905
948,3076.923,0.7677,explore,ZYZZYVA,4.0,6.5,0.0609,1,1,1,FINALIZED_WITHIN_C2_LIMIT,1.712971,1.601
949,8000.0,0.7675,explore,LIU_QUORUM,4.0,2.5,0.0668,1,1,1,FINALIZED_WITHIN_C2_LIMIT,1.317603,1.303
950,4000.0,0.7672,explore,LIU_QUORUM,4.0,5.0,0.1982,1,1,1,FINALIZED_WITHIN_C2_LIMIT,0.386744,1.777
951,13333.333,0.767,explore,LIU_QUORUM,4.0,1.5,0.0651,1,1,1,FINALIZED_WITHIN_C2_LIMIT,0.212034,1.764
952,40000.0,0.7668,greedy,ZYZZYVA,4.0,0.5,0.0439,1,1,1,FINALIZED_WITHIN_C2_LIMIT,0.75077,1.455
953,5714.286,0.7665,explore,ZYZZYVA,4.0,3.5,0.0705,1,1,1,FINALIZED_WITHIN_C2_LIMIT,0.765829,1.643
954,2666.667,0.7663,explore,PBFT,4.0,7.5,0.0809,1,1,1,FINALIZED_WITHIN_C2_LIMIT,0.198587,2.074
955,0.0,0.766,explore,ZYZZYVA,4.0,6.0,0.2536,0,1,1,FINALIZED_WITHIN_C2_LIMIT,0.308522,1.394
956,2352.941,0.7658,explore,LIU_QUORUM,4.0,8.5,0.0299,1,1,1,FINALIZED_WITHIN_C2_LIMIT,0.705427,1.76
957,40000.0,0.7655,greedy,ZYZZYVA,4.0,0.5,0.0831,1,1,1,FINALIZED_WITHIN_C2_LIMIT,0.513952,1.648
958,20000.0,0.7653,explore,LIU_QUORUM,4.0,1.0,0.0312,1,1,1,FINALIZED_WITHIN_C2_LIMIT,0.114233,1.366
959,40000.0,0.765,greedy,ZYZZYVA,4.0,0.5,0.0831,1,1,1,FINALIZED_WITHIN_C2_LIMIT,0.437799,1.462
960,2500.0,0.7648,explore,LIU_QUORUM,4.0,8.0,0.0312,1,1,1,FINALIZED_WITHIN_C2_LIMIT,1.048366,1.705
961,2857.143,0.7646,explore,LIU_QUORUM,4.0,7.0,0.0702,1,1,1,FINALIZED_WITHIN_C2_LIMIT,1.015911,1.418
962,2500.0,0.7643,explore,PBFT,4.0,8.0,0.1459,1,1,1,FINALIZED_WITHIN_C2_LIMIT,0.287722,2.015
963,5714.286,0.7641,explore,PBFT,4.0,3.5,0.0708,1,1,1,FINALIZED_WITHIN_C2_LIMIT,0.126258,1.673
964,3636.364,0.7638,explore,ZYZZYVA,4.0,5.5,0.0316,1,1,1,FINALIZED_WITHIN_C2_LIMIT,0.314254,1.616
965,4000.0,0.7636,explore,LIU_QUORUM,4.0,5.0,0.0282,1,1,1,FINALIZED_WITHIN_C2_LIMIT,0.238822,1.683
966,2222.222,0.7633,explore,ZYZZYVA,4.0,9.0,0.0702,1,1,1,FINALIZED_WITHIN_C2_LIMIT,0.072579,2.162
967,40000.0,0.7631,greedy,ZYZZYVA,4.0,0.5,0.0831,1,1,1,FINALIZED_WITHIN_C2_LIMIT,0.03378,1.724
968,0.0,0.7628,explore,PBFT,4.0,3.5,0.2536,0,1,1,FINALIZED_WITHIN_C2_LIMIT,0.135156,1.638
969,10000.0,0.7626,explore,ZYZZYVA,4.0,2.0,0.0684,1,1,1,FINALIZED_WITHIN_C2_LIMIT,0.084344,1.957
970,13333.333,0.7623,explore,LIU_QUORUM,4.0,1.5,0.0705,1,1,1,FINALIZED_WITHIN_C2_LIMIT,0.135329,1.824
971,2105.263,0.7621,explore,ZYZZYVA,4.0,9.5,0.0694,1,1,1,FINALIZED_WITHIN_C2_LIMIT,0.124732,1.664
972,5000.0,0.7619,explore,PBFT,4.0,4.0,0.19,1,1,1,FINALIZED_WITHIN_C2_LIMIT,0.077438,1.454
973,10000.0,0.7616,explore,ZYZZYVA,4.0,2.0,0.0694,1,1,1,FINALIZED_WITHIN_C2_LIMIT,0.048003,1.93
974,2105.263,0.7614,explore,ZYZZYVA,4.0,9.5,0.1723,1,1,1,FINALIZED_WITHIN_C2_LIMIT,0.201489,1.478
975,3333.333,0.7611,explore,ZYZZYVA,4.0,6.0,0.1284,1,1,1,FINALIZED_WITHIN_C2_LIMIT,0.110173,1.875
976,0.0,0.7609,explore,LIU_QUORUM,4.0,1.0,0.2536,0,1,1,FINALIZED_WITHIN_C2_LIMIT,0.142839,1.557
977,40000.0,0.7606,greedy,ZYZZYVA,4.0,0.5,0.0446,1,1,1,FINALIZED_WITHIN_C2_LIMIT,0.19755,1.786
978,40000.0,0.7604,greedy,ZYZZYVA,4.0,0.5,0.0384,1,1,1,FINALIZED_WITHIN_C2_LIMIT,0.114476,1.748
979,2500.0,0.7601,explore,PBFT,4.0,8.0,0.072,1,1,1,FINALIZED_WITHIN_C2_LIMIT,0.082495,1.475
980,8000.0,0.7599,explore,PBFT,4.0,2.5,0.03,1,1,1,FINALIZED_WITHIN_C2_LIMIT,0.080778,1.546
981,40000.0,0.7597,greedy,ZYZZYVA,4.0,0.5,0.0384,1,1,1,FINALIZED_WITHIN_C2_LIMIT,0.098993,1.62
982,40000.0,0.7594,greedy,ZYZZYVA,4.0,0.5,0.0384,1,1,1,FINALIZED_WITHIN_C2_LIMIT,0.071689,1.611
983,40000.0,0.7592,greedy,ZYZZYVA,4.0,0.5,0.0423,1,1,1,FINALIZED_WITHIN_C2_LIMIT,0.091081,1.669
984,40000.0,0.7589,greedy,ZYZZYVA,4.0,0.5,0.0432,1,1,1,FINALIZED_WITHIN_C2_LIMIT,0.094113,1.568
985,13333.333,0.7587,explore,LIU_QUORUM,4.0,1.5,0.0786,1,1,1,FINALIZED_WITHIN_C2_LIMIT,0.295107,1.658
986,4444.444,0.7584,explore,LIU_QUORUM,4.0,4.5,0.0702,1,1,1,FINALIZED_WITHIN_C2_LIMIT,0.321545,1.815
987,20000.0,0.7582,explore,LIU_QUORUM,4.0,1.0,0.0278,1,1,1,FINALIZED_WITHIN_C2_LIMIT,0.056074,1.725
988,3636.364,0.7579,explore,LIU_QUORUM,4.0,5.5,0.0702,1,1,1,FINALIZED_WITHIN_C2_LIMIT,0.434478,1.959
989,40000.0,0.7577,greedy,ZYZZYVA,4.0,0.5,0.0684,1,1,1,FINALIZED_WITHIN_C2_LIMIT,0.752774,1.514
990,40000.0,0.7574,greedy,ZYZZYVA,4.0,0.5,0.0661,1,1,1,FINALIZED_WITHIN_C2_LIMIT,0.452186,1.665
991,5000.0,0.7572,explore,ZYZZYVA,4.0,4.0,0.0697,1,1,1,FINALIZED_WITHIN_C2_LIMIT,0.053817,1.624
992,3333.333,0.757,explore,LIU_QUORUM,4.0,6.0,0.0453,1,1,1,FINALIZED_WITHIN_C2_LIMIT,0.566887,1.481
993,6666.667,0.7567,explore,ZYZZYVA,4.0,3.0,0.0278,1,1,1,FINALIZED_WITHIN_C2_LIMIT,1.083054,1.8
994,2666.667,0.7565,explore,LIU_QUORUM,4.0,7.5,0.0702,1,1,1,FINALIZED_WITHIN_C2_LIMIT,0.583505,1.563
995,4000.0,0.7562,explore,LIU_QUORUM,4.0,5.0,0.0669,1,1,1,FINALIZED_WITHIN_C2_LIMIT,0.071638,1.5
996,40000.0,0.756,greedy,ZYZZYVA,4.0,0.5,0.0471,1,1,1,FINALIZED_WITHIN_C2_LIMIT,0.918249,1.539
997,40000.0,0.7557,greedy,ZYZZYVA,4.0,0.5,0.0491,1,1,1,FINALIZED_WITHIN_C2_LIMIT,2.040246,1.671
998,40000.0,0.7555,greedy,ZYZZYVA,4.0,0.5,0.0465,1,1,1,FINALIZED_WITHIN_C2_LIMIT,1.660096,1.675
999,4000.0,0.7552,explore,ZYZZYVA,4.0,5.0,0.0686,1,1,1,FINALIZED_WITHIN_C2_LIMIT,0.970248,1.524
1000,40000.0,0.755,greedy,ZYZZYVA,4.0,0.5,0.0468,1,1,1,FINALIZED_WITHIN_C2_LIMIT,0.05134,1.61
1001,5714.286,0.7548,explore,ZYZZYVA,4.0,3.5,0.0298,1,1,1,FINALIZED_WITHIN_C2_LIMIT,1.459491,1.896
1002,40000.0,0.7545,explore,ZYZZYVA,4.0,0.5,0.0609,1,1,1,FINALIZED_WITHIN_C2_LIMIT,3.793045,1.661
1003,40000.0,0.7543,greedy,ZYZZYVA,4.0,0.5,0.0363,1,1,1,FINALIZED_WITHIN_C2_LIMIT,5.097138,1.656
1004,6666.667,0.754,explore,ZYZZYVA,4.0,3.0,0.0278,1,1,1,FINALIZED_WITHIN_C2_LIMIT,3.62203,1.741
1005,40000.0,0.7538,explore,PBFT,4.0,0.5,0.0739,1,1,1,FINALIZED_WITHIN_C2_LIMIT,1.603193,1.56
1006,40000.0,0.7535,explore,ZYZZYVA,4.0,0.5,0.0702,1,1,1,FINALIZED_WITHIN_C2_LIMIT,0.208098,1.413
1007,2105.263,0.7533,explore,LIU_QUORUM,4.0,9.5,0.0312,1,1,1,FINALIZED_WITHIN_C2_LIMIT,1.139441,1.494
1008,40000.0,0.753,greedy,ZYZZYVA,4.0,0.5,0.0422,1,1,1,FINALIZED_WITHIN_C2_LIMIT,3.12045,1.357
1009,40000.0,0.7528,greedy,ZYZZYVA,4.0,0.5,0.0422,1,1,1,FINALIZED_WITHIN_C2_LIMIT,3.552739,1.63
1010,40000.0,0.7526,greedy,ZYZZYVA,4.0,0.5,0.0423,1,1,1,FINALIZED_WITHIN_C2_LIMIT,2.90572,1.623
1011,10000.0,0.7523,explore,PBFT,4.0,2.0,0.0787,1,1,1,FINALIZED_WITHIN_C2_LIMIT,1.312577,1.687
1012,3333.333,0.7521,explore,ZYZZYVA,4.0,6.0,0.0739,1,1,1,FINALIZED_WITHIN_C2_LIMIT,0.122089,1.86
1013,13333.333,0.7518,explore,ZYZZYVA,4.0,1.5,0.0278,1,1,1,FINALIZED_WITHIN_C2_LIMIT,1.315547,1.803
1014,40000.0,0.7516,greedy,ZYZZYVA,4.0,0.5,0.039,1,1,1,FINALIZED_WITHIN_C2_LIMIT,4.238733,1.746
1015,40000.0,0.7513,greedy,ZYZZYVA,4.0,0.5,0.0382,1,1,1,FINALIZED_WITHIN_C2_LIMIT,5.227389,1.784
1016,10000.0,0.7511,explore,ZYZZYVA,4.0,2.0,0.0685,1,1,1,FINALIZED_WITHIN_C2_LIMIT,5.32461,1.703
1017,8000.0,0.7508,explore,PBFT,4.0,2.5,0.0741,1,1,1,FINALIZED_WITHIN_C2_LIMIT,2.772899,1.538
1018,8000.0,0.7506,explore,PBFT,4.0,2.5,0.0609,1,1,1,FINALIZED_WITHIN_C2_LIMIT,0.612629,1.614
1019,2222.222,0.7503,explore,LIU_QUORUM,4.0,9.0,0.067,1,1,1,FINALIZED_WITHIN_C2_LIMIT,0.177423,1.691
1020,4000.0,0.7501,explore,LIU_QUORUM,4.0,5.0,0.1459,1,1,1,FINALIZED_WITHIN_C2_LIMIT,0.8219,1.482
1021,10000.0,0.7499,explore,PBFT,4.0,2.0,0.0767,1,1,1,FINALIZED_WITHIN_C2_LIMIT,0.955702,1.671
1022,3076.923,0.7496,explore,PBFT,4.0,6.5,0.0288,1,1,1,FINALIZED_WITHIN_C2_LIMIT,0.7688,1.636
1023,40000.0,0.7494,greedy,ZYZZYVA,4.0,0.5,0.0484,1,1,1,FINALIZED_WITHIN_C2_LIMIT,0.154406,1.875
1024,40000.0,0.7491,greedy,ZYZZYVA,4.0,0.5,0.0461,1,1,1,FINALIZED_WITHIN_C2_LIMIT,0.501871,1.604
1025,10000.0,0.7489,explore,ZYZZYVA,4.0,2.0,0.0741,1,1,1,FINALIZED_WITHIN_C2_LIMIT,1.296015,1.643
1026,6666.667,0.7486,explore,ZYZZYVA,4.0,3.0,0.1284,1,1,1,FINALIZED_WITHIN_C2_LIMIT,1.378467,1.606
1027,2352.941,0.7484,explore,PBFT,4.0,8.5,0.1982,1,1,1,FINALIZED_WITHIN_C2_LIMIT,0.756782,1.802
1028,8000.0,0.7481,explore,LIU_QUORUM,4.0,2.5,0.0312,1,1,1,FINALIZED_WITHIN_C2_LIMIT,0.061951,1.729
1029,10000.0,0.7479,explore,ZYZZYVA,4.0,2.0,0.0669,1,1,1,FINALIZED_WITHIN_C2_LIMIT,0.740394,1.581
1030,13333.333,0.7476,explore,PBFT,4.0,1.5,0.0715,1,1,1,FINALIZED_WITHIN_C2_LIMIT,1.73418,1.523
1031,13333.333,0.7474,explore,LIU_QUORUM,4.0,1.5,0.068,1,1,1,FINALIZED_WITHIN_C2_LIMIT,1.851714,1.61
1032,5000.0,0.7472,explore,PBFT,4.0,4.0,0.0647,1,1,1,FINALIZED_WITHIN_C2_LIMIT,1.368444,1.72
1033,4000.0,0.7469,explore,LIU_QUORUM,4.0,5.0,0.0881,1,1,1,FINALIZED_WITHIN_C2_LIMIT,0.324867,1.728
1034,40000.0,0.7467,greedy,ZYZZYVA,4.0,0.5,0.0422,1,1,1,FINALIZED_WITHIN_C2_LIMIT,0.213638,1.665
1035,20000.0,0.7464,explore,PBFT,4.0,1.0,0.0758,1,1,1,FINALIZED_WITHIN_C2_LIMIT,0.844524,1.591
1036,40000.0,0.7462,greedy,ZYZZYVA,4.0,0.5,0.0429,1,1,1,FINALIZED_WITHIN_C2_LIMIT,0.709137,1.615
1037,40000.0,0.7459,greedy,ZYZZYVA,4.0,0.5,0.0429,1,1,1,FINALIZED_WITHIN_C2_LIMIT,0.450476,1.807
1038,40000.0,0.7457,greedy,ZYZZYVA,4.0,0.5,0.0412,1,1,1,FINALIZED_WITHIN_C2_LIMIT,0.077153,1.763
1039,5000.0,0.7454,explore,ZYZZYVA,4.0,4.0,0.0779,1,1,1,FINALIZED_WITHIN_C2_LIMIT,0.765504,1.417
1040,2105.263,0.7452,explore,PBFT,4.0,9.5,0.0786,1,1,1,FINALIZED_WITHIN_C2_LIMIT,1.588586,1.602
1041,2000.0,0.745,explore,LIU_QUORUM,4.0,10.0,0.1459,1,1,1,FINALIZED_WITHIN_C2_LIMIT,1.960801,1.624
1042,2666.667,0.7447,explore,ZYZZYVA,4.0,7.5,0.0789,1,1,1,FINALIZED_WITHIN_C2_LIMIT,1.127978,1.608
1043,3333.333,0.7445,explore,ZYZZYVA,4.0,6.0,0.0647,1,1,1,FINALIZED_WITHIN_C2_LIMIT,0.328352,1.436
1044,13333.333,0.7442,explore,ZYZZYVA,4.0,1.5,0.0758,1,1,1,FINALIZED_WITHIN_C2_LIMIT,0.149012,1.493
1045,2500.0,0.744,explore,LIU_QUORUM,4.0,8.0,0.069,1,1,1,FINALIZED_WITHIN_C2_LIMIT,0.667778,1.607
1046,5000.0,0.7437,explore,ZYZZYVA,4.0,4.0,0.1368,1,1,1,FINALIZED_WITHIN_C2_LIMIT,0.982252,1.56
1047,40000.0,0.7435,explore,ZYZZYVA,4.0,0.5,0.03,1,1,1,FINALIZED_WITHIN_C2_LIMIT,0.590741,1.47
1048,40000.0,0.7432,greedy,ZYZZYVA,4.0,0.5,0.0429,1,1,1,FINALIZED_WITHIN_C2_LIMIT,0.1398,1.398
1049,4000.0,0.743,explore,ZYZZYVA,4.0,5.0,0.03,1,1,1,FINALIZED_WITHIN_C2_LIMIT,0.232087,1.44
1050,2105.263,0.7428,explore,LIU_QUORUM,4.0,9.5,0.0282,1,1,1,FINALIZED_WITHIN_C2_LIMIT,0.257884,1.41
1051,40000.0,0.7425,greedy,ZYZZYVA,4.0,0.5,0.0412,1,1,1,FINALIZED_WITHIN_C2_LIMIT,0.130987,1.426
1052,40000.0,0.7423,greedy,ZYZZYVA,4.0,0.5,0.0429,1,1,1,FINALIZED_WITHIN_C2_LIMIT,0.490082,1.472
1053,2352.941,0.742,explore,LIU_QUORUM,4.0,8.5,0.067,1,1,1,FINALIZED_WITHIN_C2_LIMIT,0.481797,1.437
1054,4444.444,0.7418,explore,ZYZZYVA,4.0,4.5,0.0308,1,1,1,FINALIZED_WITHIN_C2_LIMIT,0.397179,1.408
1055,40000.0,0.7415,greedy,ZYZZYVA,4.0,0.5,0.0421,1,1,1,FINALIZED_WITHIN_C2_LIMIT,0.030492,1.377
1056,13333.333,0.7413,explore,PBFT,4.0,1.5,0.0308,1,1,1,FINALIZED_WITHIN_C2_LIMIT,0.379509,1.671
1057,0.0,0.741,explore,PBFT,4.0,1.5,0.2355,0,1,1,FINALIZED_WITHIN_C2_LIMIT,0.691245,1.625
1058,2666.667,0.7408,explore,PBFT,4.0,7.5,0.1085,1,1,1,FINALIZED_WITHIN_C2_LIMIT,0.458759,1.303
1059,40000.0,0.7405,greedy,ZYZZYVA,4.0,0.5,0.0421,1,1,1,FINALIZED_WITHIN_C2_LIMIT,0.054965,1.58
1060,2105.263,0.7403,explore,PBFT,4.0,9.5,0.0702,1,1,1,FINALIZED_WITHIN_C2_LIMIT,0.593791,1.599
1061,0.0,0.7401,explore,PBFT,4.0,9.0,0.2103,0,1,1,FINALIZED_WITHIN_C2_LIMIT,1.519568,1.639
1062,2000.0,0.7398,explore,LIU_QUORUM,4.0,10.0,0.0278,1,1,1,FINALIZED_WITHIN_C2_LIMIT,1.328285,1.464
1063,5714.286,0.7396,explore,ZYZZYVA,4.0,3.5,0.0686,1,1,1,FINALIZED_WITHIN_C2_LIMIT,0.838139,1.481
1064,5714.286,0.7393,explore,PBFT,4.0,3.5,0.0708,1,1,1,FINALIZED_WITHIN_C2_LIMIT,0.19589,1.493
1065,3333.333,0.7391,explore,LIU_QUORUM,4.0,6.0,0.0278,1,1,1,FINALIZED_WITHIN_C2_LIMIT,0.670305,1.499
1066,5714.286,0.7388,explore,LIU_QUORUM,4.0,3.5,0.0558,1,1,1,FINALIZED_WITHIN_C2_LIMIT,1.303891,1.552
1067,13333.333,0.7386,explore,PBFT,4.0,1.5,0.1459,1,1,1,FINALIZED_WITHIN_C2_LIMIT,1.572137,1.749
1068,8000.0,0.7383,explore,LIU_QUORUM,4.0,2.5,0.0315,1,1,1,FINALIZED_WITHIN_C2_LIMIT,1.09817,1.599
1069,40000.0,0.7381,greedy,ZYZZYVA,4.0,0.5,0.0433,1,1,1,FINALIZED_WITHIN_C2_LIMIT,0.276668,1.565
1070,2105.263,0.7379,explore,PBFT,4.0,9.5,0.0679,1,1,1,FINALIZED_WITHIN_C2_LIMIT,0.360035,1.434
1071,0.0,0.7376,explore,ZYZZYVA,4.0,9.5,0.2251,0,1,1,FINALIZED_WITHIN_C2_LIMIT,0.870067,1.603
1072,2222.222,0.7374,explore,PBFT,4.0,9.0,0.0278,1,1,1,FINALIZED_WITHIN_C2_LIMIT,1.048916,1.716
1073,40000.0,0.7371,explore,PBFT,4.0,0.5,0.0558,1,1,1,FINALIZED_WITHIN_C2_LIMIT,0.643044,1.871
1074,2222.222,0.7369,explore,LIU_QUORUM,4.0,9.0,0.0278,1,1,1,FINALIZED_WITHIN_C2_LIMIT,0.107257,1.607
1075,40000.0,0.7366,greedy,ZYZZYVA,4.0,0.5,0.0521,1,1,1,FINALIZED_WITHIN_C2_LIMIT,0.705438,1.432
1076,4444.444,0.7364,explore,LIU_QUORUM,4.0,4.5,0.0671,1,1,1,FINALIZED_WITHIN_C2_LIMIT,1.544464,1.46
1077,40000.0,0.7361,greedy,ZYZZYVA,4.0,0.5,0.0521,1,1,1,FINALIZED_WITHIN_C2_LIMIT,1.800396,1.659
1078,4444.444,0.7359,explore,ZYZZYVA,4.0,4.5,0.068,1,1,1,FINALIZED_WITHIN_C2_LIMIT,1.09482,1.409
1079,40000.0,0.7356,greedy,ZYZZYVA,4.0,0.5,0.0521,1,1,1,FINALIZED_WITHIN_C2_LIMIT,0.288902,1.435
1080,3333.333,0.7354,explore,LIU_QUORUM,4.0,6.0,0.0282,1,1,1,FINALIZED_WITHIN_C2_LIMIT,0.279531,1.492
1081,3636.364,0.7352,explore,ZYZZYVA,4.0,5.5,0.1001,1,1,1,FINALIZED_WITHIN_C2_LIMIT,0.938811,1.822
1082,2222.222,0.7349,explore,PBFT,4.0,9.0,0.0779,1,1,1,FINALIZED_WITHIN_C2_LIMIT,0.986672,1.517
1083,2500.0,0.7347,explore,ZYZZYVA,4.0,8.0,0.0312,1,1,1,FINALIZED_WITHIN_C2_LIMIT,0.833671,1.58
1084,4000.0,0.7344,explore,PBFT,4.0,5.0,0.0758,1,1,1,FINALIZED_WITHIN_C2_LIMIT,0.190301,1.626
1085,2666.667,0.7342,explore,PBFT,4.0,7.5,0.0278,1,1,1,FINALIZED_WITHIN_C2_LIMIT,0.554093,1.366
1086,40000.0,0.7339,greedy,ZYZZYVA,4.0,0.5,0.0521,1,1,1,FINALIZED_WITHIN_C2_LIMIT,1.264111,1.531
1087,40000.0,0.7337,greedy,ZYZZYVA,4.0,0.5,0.0521,1,1,1,FINALIZED_WITHIN_C2_LIMIT,1.329523,1.73
1088,2105.263,0.7334,explore,LIU_QUORUM,4.0,9.5,0.0291,1,1,1,FINALIZED_WITHIN_C2_LIMIT,0.896001,1.469
1089,40000.0,0.7332,greedy,ZYZZYVA,4.0,0.5,0.0521,1,1,1,FINALIZED_WITHIN_C2_LIMIT,0.180478,1.71
1090,4000.0,0.7329,explore,PBFT,4.0,5.0,0.0933,1,1,1,FINALIZED_WITHIN_C2_LIMIT,0.344595,1.691
1091,2000.0,0.7327,explore,PBFT,4.0,10.0,0.0741,1,1,1,FINALIZED_WITHIN_C2_LIMIT,1.070429,1.384
1092,6666.667,0.7325,explore,ZYZZYVA,4.0,3.0,0.1416,1,1,1,FINALIZED_WITHIN_C2_LIMIT,1.130916,1.535
1093,10000.0,0.7322,explore,PBFT,4.0,2.0,0.0769,1,1,1,FINALIZED_WITHIN_C2_LIMIT,0.75183,1.617
1094,40000.0,0.732,greedy,ZYZZYVA,4.0,0.5,0.0521,1,1,1,FINALIZED_WITHIN_C2_LIMIT,0.227164,1.616
1095,8000.0,0.7317,explore,ZYZZYVA,4.0,2.5,0.0298,1,1,1,FINALIZED_WITHIN_C2_LIMIT,0.337161,1.657
1096,40000.0,0.7315,greedy,ZYZZYVA,4.0,0.5,0.0521,1,1,1,FINALIZED_WITHIN_C2_LIMIT,0.966174,1.449
1097,2222.222,0.7312,explore,LIU_QUORUM,4.0,9.0,0.0715,1,1,1,FINALIZED_WITHIN_C2_LIMIT,1.019289,1.595
1098,40000.0,0.731,greedy,ZYZZYVA,4.0,0.5,0.0521,1,1,1,FINALIZED_WITHIN_C2_LIMIT,0.523545,1.789
1099,2000.0,0.7307,explore,PBFT,4.0,10.0,0.0787,1,1,1,FINALIZED_WITHIN_C2_LIMIT,1.304401,1.572
1100,10000.0,0.7305,explore,PBFT,4.0,2.0,0.0669,1,1,1,FINALIZED_WITHIN_C2_LIMIT,0.120355,1.8
1101,8000.0,0.7303,explore,PBFT,4.0,2.5,0.19,1,1,1,FINALIZED_WITHIN_C2_LIMIT,0.842166,1.629
1102,5000.0,0.73,explore,PBFT,4.0,4.0,0.1284,1,1,1,FINALIZED_WITHIN_C2_LIMIT,2.566461,1.876
1103,5714.286,0.7298,explore,LIU_QUORUM,4.0,3.5,0.0316,1,1,1,FINALIZED_WITHIN_C2_LIMIT,3.998779,1.647
1104,2500.0,0.7295,explore,LIU_QUORUM,4.0,8.0,0.067,1,1,1,FINALIZED_WITHIN_C2_LIMIT,3.323838,1.555
1105,3333.333,0.7293,explore,PBFT,4.0,6.0,0.0702,1,1,1,FINALIZED_WITHIN_C2_LIMIT,2.157429,1.465
1106,2500.0,0.729,explore,PBFT,4.0,8.0,0.0291,1,1,1,FINALIZED_WITHIN_C2_LIMIT,0.458345,1.795
1107,2222.222,0.7288,explore,PBFT,4.0,9.0,0.0311,1,1,1,FINALIZED_WITHIN_C2_LIMIT,0.101467,1.749
1108,2666.667,0.7285,explore,PBFT,4.0,7.5,0.0609,1,1,1,FINALIZED_WITHIN_C2_LIMIT,0.535011,1.653
1109,20000.0,0.7283,explore,PBFT,4.0,1.0,0.0299,1,1,1,FINALIZED_WITHIN_C2_LIMIT,0.764502,1.522
1110,3333.333,0.728,explore,LIU_QUORUM,4.0,6.0,0.1831,1,1,1,FINALIZED_WITHIN_C2_LIMIT,0.428829,1.685
1111,0.0,0.7278,explore,PBFT,4.0,10.0,0.2251,0,1,1,FINALIZED_WITHIN_C2_LIMIT,0.092924,1.674
1112,10000.0,0.7276,explore,PBFT,4.0,2.0,0.0298,1,1,1,FINALIZED_WITHIN_C2_LIMIT,0.536437,1.553
1113,13333.333,0.7273,explore,ZYZZYVA,4.0,1.5,0.0684,1,1,1,FINALIZED_WITHIN_C2_LIMIT,0.910097,1.663
1114,10000.0,0.7271,explore,ZYZZYVA,4.0,2.0,0.0809,1,1,1,FINALIZED_WITHIN_C2_LIMIT,1.013487,1.693
1115,40000.0,0.7268,greedy,ZYZZYVA,4.0,0.5,0.0521,1,1,1,FINALIZED_WITHIN_C2_LIMIT,0.528444,1.572
1116,2857.143,0.7266,explore,PBFT,4.0,7.0,0.0674,1,1,1,FINALIZED_WITHIN_C2_LIMIT,0.135258,1.498
1117,4444.444,0.7263,explore,LIU_QUORUM,4.0,4.5,0.0558,1,1,1,FINALIZED_WITHIN_C2_LIMIT,0.622453,1.724
1118,2352.941,0.7261,explore,LIU_QUORUM,4.0,8.5,0.068,1,1,1,FINALIZED_WITHIN_C2_LIMIT,1.563741,1.629
1119,8000.0,0.7258,explore,LIU_QUORUM,4.0,2.5,0.0688,1,1,1,FINALIZED_WITHIN_C2_LIMIT,1.60032,1.63
1120,5714.286,0.7256,explore,PBFT,4.0,3.5,0.0401,1,1,1,FINALIZED_WITHIN_C2_LIMIT,1.140271,1.532
1121,4444.444,0.7254,explore,LIU_QUORUM,4.0,4.5,0.0705,1,1,1,FINALIZED_WITHIN_C2_LIMIT,0.362945,1.715
1122,2000.0,0.7251,explore,PBFT,4.0,10.0,0.068,1,1,1,FINALIZED_WITHIN_C2_LIMIT,0.092694,1.508
1123,40000.0,0.7249,greedy,ZYZZYVA,4.0,0.5,0.0521,1,1,1,FINALIZED_WITHIN_C2_LIMIT,0.364711,1.619
1124,2105.263,0.7246,explore,LIU_QUORUM,4.0,9.5,0.069,1,1,1,FINALIZED_WITHIN_C2_LIMIT,0.568187,1.439
1125,5714.286,0.7244,explore,ZYZZYVA,4.0,3.5,0.1723,1,1,1,FINALIZED_WITHIN_C2_LIMIT,0.359646,1.442
1126,10000.0,0.7241,explore,ZYZZYVA,4.0,2.0,0.0702,1,1,1,FINALIZED_WITHIN_C2_LIMIT,0.123416,1.512
1127,13333.333,0.7239,explore,ZYZZYVA,4.0,1.5,0.1982,1,1,1,FINALIZED_WITHIN_C2_LIMIT,0.272039,1.355
1128,4000.0,0.7236,explore,ZYZZYVA,4.0,5.0,0.0671,1,1,1,FINALIZED_WITHIN_C2_LIMIT,0.192135,1.531
1129,2500.0,0.7234,explore,PBFT,4.0,8.0,0.069,1,1,1,FINALIZED_WITHIN_C2_LIMIT,0.119099,1.878
1130,3333.333,0.7231,explore,PBFT,4.0,6.0,0.0668,1,1,1,FINALIZED_WITHIN_C2_LIMIT,0.059449,1.583
1131,10000.0,0.7229,explore,PBFT,4.0,2.0,0.0769,1,1,1,FINALIZED_WITHIN_C2_LIMIT,0.109987,1.479
1132,3333.333,0.7227,explore,PBFT,4.0,6.0,0.072,1,1,1,FINALIZED_WITHIN_C2_LIMIT,0.121642,1.778
1133,4000.0,0.7224,explore,ZYZZYVA,4.0,5.0,0.0963,1,1,1,FINALIZED_WITHIN_C2_LIMIT,0.120263,1.874
1134,40000.0,0.7222,greedy,ZYZZYVA,4.0,0.5,0.0521,1,1,1,FINALIZED_WITHIN_C2_LIMIT,0.269627,1.649
1135,20000.0,0.7219,explore,LIU_QUORUM,4.0,1.0,0.0308,1,1,1,FINALIZED_WITHIN_C2_LIMIT,0.12831,1.583
1136,40000.0,0.7217,greedy,ZYZZYVA,4.0,0.5,0.0646,1,1,1,FINALIZED_WITHIN_C2_LIMIT,0.061292,1.355
1137,6666.667,0.7214,explore,ZYZZYVA,4.0,3.0,0.069,1,1,1,FINALIZED_WITHIN_C2_LIMIT,0.400415,1.565
1138,2666.667,0.7212,explore,ZYZZYVA,4.0,7.5,0.0786,1,1,1,FINALIZED_WITHIN_C2_LIMIT,0.705671,1.57
1139,3333.333,0.7209,explore,LIU_QUORUM,4.0,6.0,0.0786,1,1,1,FINALIZED_WITHIN_C2_LIMIT,0.446819,1.488
1140,40000.0,0.7207,greedy,ZYZZYVA,4.0,0.5,0.0637,1,1,1,FINALIZED_WITHIN_C2_LIMIT,0.0909,1.821
1141,8000.0,0.7205,explore,PBFT,4.0,2.5,0.1723,1,1,1,FINALIZED_WITHIN_C2_LIMIT,0.441945,1.544
1142,40000.0,0.7202,greedy,ZYZZYVA,4.0,0.5,0.0521,1,1,1,FINALIZED_WITHIN_C2_LIMIT,0.988027,1.676
1143,40000.0,0.72,greedy,ZYZZYVA,4.0,0.5,0.0521,1,1,1,FINALIZED_WITHIN_C2_LIMIT,0.97495,1.707
1144,40000.0,0.7197,greedy,ZYZZYVA,4.0,0.5,0.0521,1,1,1,FINALIZED_WITHIN_C2_LIMIT,0.374565,1.443
1145,40000.0,0.7195,greedy,ZYZZYVA,4.0,0.5,0.0521,1,1,1,FINALIZED_WITHIN_C2_LIMIT,0.061602,1.463
1146,4444.444,0.7192,explore,ZYZZYVA,4.0,4.5,0.0705,1,1,1,FINALIZED_WITHIN_C2_LIMIT,0.17019,1.858
1147,40000.0,0.719,greedy,ZYZZYVA,4.0,0.5,0.0521,1,1,1,FINALIZED_WITHIN_C2_LIMIT,0.089303,1.89
1148,2352.941,0.7187,explore,LIU_QUORUM,4.0,8.5,0.0933,1,1,1,FINALIZED_WITHIN_C2_LIMIT,0.121685,1.31
1149,40000.0,0.7185,greedy,ZYZZYVA,4.0,0.5,0.0521,1,1,1,FINALIZED_WITHIN_C2_LIMIT,0.105927,1.402
1150,40000.0,0.7183,greedy,ZYZZYVA,4.0,0.5,0.0521,1,1,1,FINALIZED_WITHIN_C2_LIMIT,0.037586,1.263
1151,0.0,0.718,explore,LIU_QUORUM,4.0,8.0,0.2355,0,1,1,FINALIZED_WITHIN_C2_LIMIT,0.061702,1.448
1152,2500.0,0.7178,explore,ZYZZYVA,4.0,8.0,0.0453,1,1,1,FINALIZED_WITHIN_C2_LIMIT,0.073284,1.469
1153,2222.222,0.7175,explore,PBFT,4.0,9.0,0.069,1,1,1,FINALIZED_WITHIN_C2_LIMIT,0.03594,1.546
1154,40000.0,0.7173,greedy,ZYZZYVA,4.0,0.5,0.0521,1,1,1,FINALIZED_WITHIN_C2_LIMIT,0.152826,1.448
1155,40000.0,0.717,greedy,ZYZZYVA,4.0,0.5,0.0521,1,1,1,FINALIZED_WITHIN_C2_LIMIT,0.101888,1.568
1156,4444.444,0.7168,explore,LIU_QUORUM,4.0,4.5,0.0881,1,1,1,FINALIZED_WITHIN_C2_LIMIT,0.049016,1.678
1157,4444.444,0.7165,explore,ZYZZYVA,4.0,4.5,0.0741,1,1,1,FINALIZED_WITHIN_C2_LIMIT,0.094853,1.385
1158,3333.333,0.7163,explore,LIU_QUORUM,4.0,6.0,0.0291,1,1,1,FINALIZED_WITHIN_C2_LIMIT,0.095662,1.408
1159,3636.364,0.716,explore,PBFT,4.0,5.5,0.0453,1,1,1,FINALIZED_WITHIN_C2_LIMIT,0.054911,1.641
1160,40000.0,0.7158,greedy,ZYZZYVA,4.0,0.5,0.0557,1,1,1,FINALIZED_WITHIN_C2_LIMIT,0.182255,1.578
1161,40000.0,0.7156,explore,LIU_QUORUM,4.0,0.5,0.0683,1,1,1,FINALIZED_WITHIN_C2_LIMIT,0.03533,1.748
1162,4000.0,0.7153,explore,ZYZZYVA,4.0,5.0,0.1141,1,1,1,FINALIZED_WITHIN_C2_LIMIT,0.102396,1.422
1163,40000.0,0.7151,greedy,ZYZZYVA,4.0,0.5,0.0635,1,1,1,FINALIZED_WITHIN_C2_LIMIT,0.078419,1.418
1164,4444.444,0.7148,explore,PBFT,4.0,4.5,0.0647,1,1,1,FINALIZED_WITHIN_C2_LIMIT,0.042813,1.667
1165,13333.333,0.7146,explore,LIU_QUORUM,4.0,1.5,0.0558,1,1,1,FINALIZED_WITHIN_C2_LIMIT,0.031313,1.501
1166,2857.143,0.7143,explore,PBFT,4.0,7.0,0.0647,1,1,1,FINALIZED_WITHIN_C2_LIMIT,0.129254,1.715
1167,3076.923,0.7141,explore,PBFT,4.0,6.5,0.1141,1,1,1,FINALIZED_WITHIN_C2_LIMIT,0.161665,1.631
1168,5000.0,0.7138,explore,LIU_QUORUM,4.0,4.0,0.1141,1,1,1,FINALIZED_WITHIN_C2_LIMIT,0.035305,1.54
1169,40000.0,0.7136,greedy,ZYZZYVA,4.0,0.5,0.0674,1,1,1,FINALIZED_WITHIN_C2_LIMIT,0.053735,1.786
1170,40000.0,0.7134,greedy,ZYZZYVA,4.0,0.5,0.0674,1,1,1,FINALIZED_WITHIN_C2_LIMIT,0.11335,1.661
1171,2857.143,0.7131,explore,ZYZZYVA,4.0,7.0,0.1085,1,1,1,FINALIZED_WITHIN_C2_LIMIT,0.143588,1.813
1172,8000.0,0.7129,explore,PBFT,4.0,2.5,0.0674,1,1,1,FINALIZED_WITHIN_C2_LIMIT,0.066872,1.629
1173,40000.0,0.7126,greedy,ZYZZYVA,4.0,0.5,0.0674,1,1,1,FINALIZED_WITHIN_C2_LIMIT,0.024306,1.733
1174,2666.667,0.7124,explore,LIU_QUORUM,4.0,7.5,0.0768,1,1,1,FINALIZED_WITHIN_C2_LIMIT,0.070521,1.492
1175,40000.0,0.7121,greedy,ZYZZYVA,4.0,0.5,0.0674,1,1,1,FINALIZED_WITHIN_C2_LIMIT,0.06288,1.511
1176,2222.222,0.7119,explore,LIU_QUORUM,4.0,9.0,0.0705,1,1,1,FINALIZED_WITHIN_C2_LIMIT,0.032265,1.547
1177,40000.0,0.7116,greedy,ZYZZYVA,4.0,0.5,0.0681,1,1,1,FINALIZED_WITHIN_C2_LIMIT,0.066731,1.743
1178,3333.333,0.7114,explore,PBFT,4.0,6.0,0.0668,1,1,1,FINALIZED_WITHIN_C2_LIMIT,0.034995,1.695
1179,2500.0,0.7111,explore,ZYZZYVA,4.0,8.0,0.0789,1,1,1,FINALIZED_WITHIN_C2_LIMIT,0.051294,1.502
1180,40000.0,0.7109,greedy,ZYZZYVA,4.0,0.5,0.0914,1,1,1,FINALIZED_WITHIN_C2_LIMIT,0.043908,1.516
1181,4444.444,0.7107,explore,PBFT,4.0,4.5,0.0278,1,1,1,FINALIZED_WITHIN_C2_LIMIT,0.0561,1.757
1182,40000.0,0.7104,greedy,ZYZZYVA,4.0,0.5,0.1013,1,1,1,FINALIZED_WITHIN_C2_LIMIT,0.053875,1.498
1183,5000.0,0.7102,explore,ZYZZYVA,4.0,4.0,0.0298,1,1,1,FINALIZED_WITHIN_C2_LIMIT,0.036434,1.747
1184,8000.0,0.7099,explore,LIU_QUORUM,4.0,2.5,0.0278,1,1,1,FINALIZED_WITHIN_C2_LIMIT,0.063496,1.534
1185,5000.0,0.7097,explore,ZYZZYVA,4.0,4.0,0.068,1,1,1,FINALIZED_WITHIN_C2_LIMIT,0.04076,1.508
1186,2857.143,0.7094,explore,PBFT,4.0,7.0,0.069,1,1,1,FINALIZED_WITHIN_C2_LIMIT,0.029957,1.612
1187,40000.0,0.7092,greedy,ZYZZYVA,4.0,0.5,0.1204,1,1,1,FINALIZED_WITHIN_C2_LIMIT,0.096921,1.534
1188,40000.0,0.7089,greedy,ZYZZYVA,4.0,0.5,0.124,1,1,1,FINALIZED_WITHIN_C2_LIMIT,0.066112,1.559
1189,20000.0,0.7087,explore,ZYZZYVA,4.0,1.0,0.1141,1,1,1,FINALIZED_WITHIN_C2_LIMIT,0.19816,1.589
1190,3333.333,0.7085,explore,ZYZZYVA,4.0,6.0,0.1208,1,1,1,FINALIZED_WITHIN_C2_LIMIT,0.280863,1.587
1191,2857.143,0.7082,explore,PBFT,4.0,7.0,0.19,1,1,1,FINALIZED_WITHIN_C2_LIMIT,0.05237,1.9
1192,40000.0,0.708,greedy,ZYZZYVA,4.0,0.5,0.0922,1,1,1,FINALIZED_WITHIN_C2_LIMIT,0.583554,1.447
1193,5000.0,0.7077,explore,ZYZZYVA,4.0,4.0,0.0668,1,1,1,FINALIZED_WITHIN_C2_LIMIT,1.139077,1.412
1194,40000.0,0.7075,greedy,ZYZZYVA,4.0,0.5,0.0922,1,1,1,FINALIZED_WITHIN_C2_LIMIT,0.638604,1.649
1195,5000.0,0.7072,explore,ZYZZYVA,4.0,4.0,0.0282,1,1,1,FINALIZED_WITHIN_C2_LIMIT,0.041548,1.346
1196,2857.143,0.707,explore,ZYZZYVA,4.0,7.0,0.1284,1,1,1,FINALIZED_WITHIN_C2_LIMIT,0.790293,1.404
1197,4444.444,0.7067,explore,ZYZZYVA,4.0,4.5,0.0401,1,1,1,FINALIZED_WITHIN_C2_LIMIT,1.952309,1.411
1198,6666.667,0.7065,explore,LIU_QUORUM,4.0,3.0,0.0933,1,1,1,FINALIZED_WITHIN_C2_LIMIT,1.906647,1.609
1199,10000.0,0.7062,explore,LIU_QUORUM,4.0,2.0,0.0651,1,1,1,FINALIZED_WITHIN_C2_LIMIT,1.177858,1.539
1200,40000.0,0.706,greedy,ZYZZYVA,4.0,0.5,0.0459,1,1,1,FINALIZED_WITHIN_C2_LIMIT,1.052464,1.334
1201,40000.0,0.7058,greedy,ZYZZYVA,4.0,0.5,0.0551,1,1,1,FINALIZED_WITHIN_C2_LIMIT,0.339735,1.697
1202,5714.286,0.7055,explore,ZYZZYVA,4.0,3.5,0.0739,1,1,1,FINALIZED_WITHIN_C2_LIMIT,0.104929,1.618
1203,13333.333,0.7053,explore,PBFT,4.0,1.5,0.0278,1,1,1,FINALIZED_WITHIN_C2_LIMIT,0.309332,1.505
1204,2500.0,0.705,explore,ZYZZYVA,4.0,8.0,0.0702,1,1,1,FINALIZED_WITHIN_C2_LIMIT,0.360107,1.693
1205,2666.667,0.7048,explore,LIU_QUORUM,4.0,7.5,0.0881,1,1,1,FINALIZED_WITHIN_C2_LIMIT,0.096495,1.886
1206,40000.0,0.7045,greedy,ZYZZYVA,4.0,0.5,0.0429,1,1,1,FINALIZED_WITHIN_C2_LIMIT,0.136368,1.708
1207,4000.0,0.7043,explore,ZYZZYVA,4.0,5.0,0.0312,1,1,1,FINALIZED_WITHIN_C2_LIMIT,0.12237,1.411
1208,10000.0,0.704,explore,ZYZZYVA,4.0,2.0,0.1416,1,1,1,FINALIZED_WITHIN_C2_LIMIT,0.117284,1.666
1209,40000.0,0.7038,greedy,ZYZZYVA,4.0,0.5,0.042,1,1,1,FINALIZED_WITHIN_C2_LIMIT,0.05937,1.781
1210,40000.0,0.7036,explore,LIU_QUORUM,4.0,0.5,0.0308,1,1,1,FINALIZED_WITHIN_C2_LIMIT,0.084969,1.699
1211,0.0,0.7033,explore,LIU_QUORUM,4.0,4.0,0.2811,0,1,1,FINALIZED_WITHIN_C2_LIMIT,0.098469,1.476
1212,40000.0,0.7031,greedy,ZYZZYVA,4.0,0.5,0.047,1,1,1,FINALIZED_WITHIN_C2_LIMIT,0.108055,1.682
1213,3636.364,0.7028,explore,PBFT,4.0,5.5,0.0506,1,1,1,FINALIZED_WITHIN_C2_LIMIT,0.234338,1.454
1214,40000.0,0.7026,greedy,ZYZZYVA,4.0,0.5,0.059,1,1,1,FINALIZED_WITHIN_C2_LIMIT,0.332302,1.513
1215,3333.333,0.7023,explore,PBFT,4.0,6.0,0.0715,1,1,1,FINALIZED_WITHIN_C2_LIMIT,0.084257,1.513
1216,5714.286,0.7021,explore,ZYZZYVA,4.0,3.5,0.069,1,1,1,FINALIZED_WITHIN_C2_LIMIT,0.355787,1.458
1217,5714.286,0.7018,explore,ZYZZYVA,4.0,3.5,0.19,1,1,1,FINALIZED_WITHIN_C2_LIMIT,0.6314,1.589
1218,2352.941,0.7016,explore,LIU_QUORUM,4.0,8.5,0.0316,1,1,1,FINALIZED_WITHIN_C2_LIMIT,0.351713,1.565
1219,40000.0,0.7013,greedy,ZYZZYVA,4.0,0.5,0.0583,1,1,1,FINALIZED_WITHIN_C2_LIMIT,0.041197,1.506
1220,40000.0,0.7011,greedy,ZYZZYVA,4.0,0.5,0.0568,1,1,1,FINALIZED_WITHIN_C2_LIMIT,0.085745,1.386
1221,4444.444,0.7009,explore,PBFT,4.0,4.5,0.068,1,1,1,FINALIZED_WITHIN_C2_LIMIT,0.122897,1.717
1222,0.0,0.7006,explore,PBFT,4.0,4.0,0.2811,0,1,1,FINALIZED_WITHIN_C2_LIMIT,0.038286,1.787
1223,8000.0,0.7004,explore,ZYZZYVA,4.0,2.5,0.1582,1,1,1,FINALIZED_WITHIN_C2_LIMIT,0.084793,1.685
1224,2666.667,0.7001,explore,LIU_QUORUM,4.0,7.5,0.1141,1,1,1,FINALIZED_WITHIN_C2_LIMIT,0.049971,1.737
1225,2500.0,0.6999,explore,PBFT,4.0,8.0,0.0316,1,1,1,FINALIZED_WITHIN_C2_LIMIT,0.483939,1.723
1226,2500.0,0.6996,explore,LIU_QUORUM,4.0,8.0,0.0684,1,1,1,FINALIZED_WITHIN_C2_LIMIT,0.58847,1.476
1227,3076.923,0.6994,explore,PBFT,4.0,6.5,0.0758,1,1,1,FINALIZED_WITHIN_C2_LIMIT,0.175544,1.536
1228,40000.0,0.6991,greedy,ZYZZYVA,4.0,0.5,0.0654,1,1,1,FINALIZED_WITHIN_C2_LIMIT,0.255105,1.585
1229,40000.0,0.6989,explore,LIU_QUORUM,4.0,0.5,0.0291,1,1,1,FINALIZED_WITHIN_C2_LIMIT,0.417434,1.565
1230,40000.0,0.6986,greedy,ZYZZYVA,4.0,0.5,0.0525,1,1,1,FINALIZED_WITHIN_C2_LIMIT,0.221641,1.944
1231,0.0,0.6984,explore,PBFT,4.0,7.0,0.2811,0,1,1,FINALIZED_WITHIN_C2_LIMIT,0.073833,1.795
1232,40000.0,0.6982,greedy,ZYZZYVA,4.0,0.5,0.0654,1,1,1,FINALIZED_WITHIN_C2_LIMIT,0.183452,1.537
1233,40000.0,0.6979,greedy,ZYZZYVA,4.0,0.5,0.0609,1,1,1,FINALIZED_WITHIN_C2_LIMIT,0.046878,1.57
1234,3636.364,0.6977,explore,LIU_QUORUM,4.0,5.5,0.0674,1,1,1,FINALIZED_WITHIN_C2_LIMIT,0.080696,1.552
1235,2666.667,0.6974,explore,PBFT,4.0,7.5,0.104,1,1,1,FINALIZED_WITHIN_C2_LIMIT,0.085985,1.555
1236,40000.0,0.6972,greedy,ZYZZYVA,4.0,0.5,0.064,1,1,1,FINALIZED_WITHIN_C2_LIMIT,0.068363,1.608
1237,2222.222,0.6969,explore,PBFT,4.0,9.0,0.0697,1,1,1,FINALIZED_WITHIN_C2_LIMIT,0.098566,1.558
1238,5000.0,0.6967,explore,PBFT,4.0,4.0,0.0697,1,1,1,FINALIZED_WITHIN_C2_LIMIT,0.055456,1.711
1239,40000.0,0.6964,greedy,ZYZZYVA,4.0,0.5,0.0546,1,1,1,FINALIZED_WITHIN_C2_LIMIT,0.083808,1.58
1240,2352.941,0.6962,explore,ZYZZYVA,4.0,8.5,0.0298,1,1,1,FINALIZED_WITHIN_C2_LIMIT,0.076441,1.584
1241,2666.667,0.696,explore,PBFT,4.0,7.5,0.0668,1,1,1,FINALIZED_WITHIN_C2_LIMIT,0.044812,1.812
1242,40000.0,0.6957,greedy,ZYZZYVA,4.0,0.5,0.0765,1,1,1,FINALIZED_WITHIN_C2_LIMIT,0.109015,1.791
1243,2222.222,0.6955,explore,ZYZZYVA,4.0,9.0,0.0881,1,1,1,FINALIZED_WITHIN_C2_LIMIT,0.035212,1.52
1244,3076.923,0.6952,explore,ZYZZYVA,4.0,6.5,0.1141,1,1,1,FINALIZED_WITHIN_C2_LIMIT,0.378941,1.495
1245,3333.333,0.695,explore,LIU_QUORUM,4.0,6.0,0.0689,1,1,1,FINALIZED_WITHIN_C2_LIMIT,0.517582,1.666
1246,10000.0,0.6947,explore,LIU_QUORUM,4.0,2.0,0.0316,1,1,1,FINALIZED_WITHIN_C2_LIMIT,0.11565,1.537
1247,8000.0,0.6945,explore,LIU_QUORUM,4.0,2.5,0.0362,1,1,1,FINALIZED_WITHIN_C2_LIMIT,0.303019,1.822
1248,6666.667,0.6942,explore,LIU_QUORUM,4.0,3.0,0.1582,1,1,1,FINALIZED_WITHIN_C2_LIMIT,0.681333,1.796
1249,40000.0,0.694,greedy,ZYZZYVA,4.0,0.5,0.0976,1,1,1,FINALIZED_WITHIN_C2_LIMIT,0.253352,1.651
1250,6666.667,0.6937,explore,ZYZZYVA,4.0,3.0,0.0685,1,1,1,FINALIZED_WITHIN_C2_LIMIT,0.112502,1.571
1251,3076.923,0.6935,explore,PBFT,4.0,6.5,0.0298,1,1,1,FINALIZED_WITHIN_C2_LIMIT,0.131202,1.585
1252,40000.0,0.6933,explore,ZYZZYVA,4.0,0.5,0.0674,1,1,1,FINALIZED_WITHIN_C2_LIMIT,0.031402,1.535
1253,4444.444,0.693,explore,PBFT,4.0,4.5,0.19,1,1,1,FINALIZED_WITHIN_C2_LIMIT,0.084172,1.723
1254,3076.923,0.6928,explore,PBFT,4.0,6.5,0.0739,1,1,1,FINALIZED_WITHIN_C2_LIMIT,0.035445,1.96
1255,40000.0,0.6925,greedy,ZYZZYVA,4.0,0.5,0.101,1,1,1,FINALIZED_WITHIN_C2_LIMIT,0.407359,1.442
1256,2000.0,0.6923,explore,PBFT,4.0,10.0,0.1284,1,1,1,FINALIZED_WITHIN_C2_LIMIT,0.558686,1.684
1257,5714.286,0.692,explore,ZYZZYVA,4.0,3.5,0.0669,1,1,1,FINALIZED_WITHIN_C2_LIMIT,0.182439,1.489
1258,2222.222,0.6918,explore,ZYZZYVA,4.0,9.0,0.0715,1,1,1,FINALIZED_WITHIN_C2_LIMIT,0.21826,1.594
1259,4444.444,0.6915,explore,ZYZZYVA,4.0,4.5,0.0702,1,1,1,FINALIZED_WITHIN_C2_LIMIT,0.467361,1.517
1260,40000.0,0.6913,explore,LIU_QUORUM,4.0,0.5,0.0685,1,1,1,FINALIZED_WITHIN_C2_LIMIT,0.227589,1.7
1261,2000.0,0.6911,explore,LIU_QUORUM,4.0,10.0,0.1208,1,1,1,FINALIZED_WITHIN_C2_LIMIT,0.089689,1.669
1262,2666.667,0.6908,explore,PBFT,4.0,7.5,0.067,1,1,1,FINALIZED_WITHIN_C2_LIMIT,0.165185,1.464
1263,10000.0,0.6906,explore,ZYZZYVA,4.0,2.0,0.1208,1,1,1,FINALIZED_WITHIN_C2_LIMIT,0.046002,1.387
1264,40000.0,0.6903,greedy,ZYZZYVA,4.0,0.5,0.1148,1,1,1,FINALIZED_WITHIN_C2_LIMIT,0.462911,1.337
1265,3636.364,0.6901,explore,PBFT,4.0,5.5,0.072,1,1,1,FINALIZED_WITHIN_C2_LIMIT,0.811097,1.672
1266,4444.444,0.6898,explore,LIU_QUORUM,4.0,4.5,0.1831,1,1,1,FINALIZED_WITHIN_C2_LIMIT,0.44769,1.402
1267,40000.0,0.6896,greedy,ZYZZYVA,4.0,0.5,0.1216,1,1,1,FINALIZED_WITHIN_C2_LIMIT,0.084799,1.413
1268,40000.0,0.6893,greedy,ZYZZYVA,4.0,0.5,0.1148,1,1,1,FINALIZED_WITHIN_C2_LIMIT,0.094902,1.489
1269,2857.143,0.6891,explore,PBFT,4.0,7.0,0.0558,1,1,1,FINALIZED_WITHIN_C2_LIMIT,0.036369,1.52
1270,40000.0,0.6888,greedy,ZYZZYVA,4.0,0.5,0.0947,1,1,1,FINALIZED_WITHIN_C2_LIMIT,0.043321,1.566
1271,2105.263,0.6886,explore,PBFT,4.0,9.5,0.0689,1,1,1,FINALIZED_WITHIN_C2_LIMIT,0.09366,1.534
1272,2352.941,0.6884,explore,PBFT,4.0,8.5,0.0683,1,1,1,FINALIZED_WITHIN_C2_LIMIT,0.04776,1.713
1273,3076.923,0.6881,explore,ZYZZYVA,4.0,6.5,0.0739,1,1,1,FINALIZED_WITHIN_C2_LIMIT,0.386899,1.636
1274,2352.941,0.6879,explore,PBFT,4.0,8.5,0.0298,1,1,1,FINALIZED_WITHIN_C2_LIMIT,0.524606,1.434
1275,3076.923,0.6876,explore,PBFT,4.0,6.5,0.0741,1,1,1,FINALIZED_WITHIN_C2_LIMIT,0.193823,1.37
1276,5714.286,0.6874,explore,PBFT,4.0,3.5,0.0694,1,1,1,FINALIZED_WITHIN_C2_LIMIT,0.237898,1.864
1277,40000.0,0.6871,greedy,ZYZZYVA,4.0,0.5,0.0604,1,1,1,FINALIZED_WITHIN_C2_LIMIT,0.440998,1.646
1278,40000.0,0.6869,greedy,ZYZZYVA,4.0,0.5,0.0546,1,1,1,FINALIZED_WITHIN_C2_LIMIT,0.217094,1.555
1279,5714.286,0.6866,explore,ZYZZYVA,4.0,3.5,0.0671,1,1,1,FINALIZED_WITHIN_C2_LIMIT,0.10501,1.721
1280,40000.0,0.6864,greedy,ZYZZYVA,4.0,0.5,0.0525,1,1,1,FINALIZED_WITHIN_C2_LIMIT,0.223361,1.587
1281,2857.143,0.6862,explore,PBFT,4.0,7.0,0.0679,1,1,1,FINALIZED_WITHIN_C2_LIMIT,0.063951,1.473
1282,2857.143,0.6859,explore,ZYZZYVA,4.0,7.0,0.0789,1,1,1,FINALIZED_WITHIN_C2_LIMIT,0.447319,1.565
1283,4444.444,0.6857,explore,ZYZZYVA,4.0,4.5,0.0702,1,1,1,FINALIZED_WITHIN_C2_LIMIT,0.838966,1.549
1284,40000.0,0.6854,explore,PBFT,4.0,0.5,0.0684,1,1,1,FINALIZED_WITHIN_C2_LIMIT,0.368233,1.582
1285,20000.0,0.6852,explore,LIU_QUORUM,4.0,1.0,0.1001,1,1,1,FINALIZED_WITHIN_C2_LIMIT,0.072142,1.435
1286,40000.0,0.6849,greedy,ZYZZYVA,4.0,0.5,0.0606,1,1,1,FINALIZED_WITHIN_C2_LIMIT,0.092259,1.596
1287,3333.333,0.6847,explore,ZYZZYVA,4.0,6.0,0.0685,1,1,1,FINALIZED_WITHIN_C2_LIMIT,0.035765,1.745
1288,3076.923,0.6844,explore,LIU_QUORUM,4.0,6.5,0.0294,1,1,1,FINALIZED_WITHIN_C2_LIMIT,0.036439,1.526
1289,40000.0,0.6842,greedy,ZYZZYVA,4.0,0.5,0.0783,1,1,1,FINALIZED_WITHIN_C2_LIMIT,0.075322,1.628
1290,13333.333,0.684,explore,ZYZZYVA,4.0,1.5,0.1459,1,1,1,FINALIZED_WITHIN_C2_LIMIT,0.06633,1.852
1291,5000.0,0.6837,explore,LIU_QUORUM,4.0,4.0,0.0288,1,1,1,FINALIZED_WITHIN_C2_LIMIT,0.032408,1.62
1292,2352.941,0.6835,explore,PBFT,4.0,8.5,0.0786,1,1,1,FINALIZED_WITHIN_C2_LIMIT,0.030426,1.736
1293,5000.0,0.6832,explore,ZYZZYVA,4.0,4.0,0.0683,1,1,1,FINALIZED_WITHIN_C2_LIMIT,0.211091,1.63
1294,2105.263,0.683,explore,ZYZZYVA,4.0,9.5,0.1085,1,1,1,FINALIZED_WITHIN_C2_LIMIT,0.178636,1.636
1295,40000.0,0.6827,greedy,ZYZZYVA,4.0,0.5,0.0704,1,1,1,FINALIZED_WITHIN_C2_LIMIT,0.055199,1.51
1296,2105.263,0.6825,explore,ZYZZYVA,4.0,9.5,0.0694,1,1,1,FINALIZED_WITHIN_C2_LIMIT,0.041831,1.466
1297,3333.333,0.6822,explore,PBFT,4.0,6.0,0.0294,1,1,1,FINALIZED_WITHIN_C2_LIMIT,0.204534,1.823
1298,40000.0,0.682,greedy,ZYZZYVA,4.0,0.5,0.095,1,1,1,FINALIZED_WITHIN_C2_LIMIT,0.19714,1.695
1299,40000.0,0.6817,greedy,ZYZZYVA,4.0,0.5,0.0846,1,1,1,FINALIZED_WITHIN_C2_LIMIT,0.764715,1.54
1300,20000.0,0.6815,explore,PBFT,4.0,1.0,0.0741,1,1,1,FINALIZED_WITHIN_C2_LIMIT,0.83279,1.645
1301,3333.333,0.6813,explore,ZYZZYVA,4.0,6.0,0.0683,1,1,1,FINALIZED_WITHIN_C2_LIMIT,0.204683,1.406
1302,5714.286,0.681,explore,ZYZZYVA,4.0,3.5,0.0315,1,1,1,FINALIZED_WITHIN_C2_LIMIT,0.574348,1.632
1303,5714.286,0.6808,explore,ZYZZYVA,4.0,3.5,0.0679,1,1,1,FINALIZED_WITHIN_C2_LIMIT,1.083914,1.562
1304,40000.0,0.6805,greedy,ZYZZYVA,4.0,0.5,0.1148,1,1,1,FINALIZED_WITHIN_C2_LIMIT,0.911128,1.71
1305,40000.0,0.6803,greedy,ZYZZYVA,4.0,0.5,0.1148,1,1,1,FINALIZED_WITHIN_C2_LIMIT,0.177438,1.878
1306,40000.0,0.68,greedy,ZYZZYVA,4.0,0.5,0.1157,1,1,1,FINALIZED_WITHIN_C2_LIMIT,0.63673,1.359
1307,2857.143,0.6798,explore,LIU_QUORUM,4.0,7.0,0.0298,1,1,1,FINALIZED_WITHIN_C2_LIMIT,1.413485,1.698
1308,5000.0,0.6795,explore,ZYZZYVA,4.0,4.0,0.104,1,1,1,FINALIZED_WITHIN_C2_LIMIT,1.213638,1.737
1309,4000.0,0.6793,explore,ZYZZYVA,4.0,5.0,0.0308,1,1,1,FINALIZED_WITHIN_C2_LIMIT,0.390802,1.548
1310,5714.286,0.679,explore,LIU_QUORUM,4.0,3.5,0.0282,1,1,1,FINALIZED_WITHIN_C2_LIMIT,0.286045,1.422
1311,2352.941,0.6788,explore,LIU_QUORUM,4.0,8.5,0.0702,1,1,1,FINALIZED_WITHIN_C2_LIMIT,0.823806,1.505
1312,0.0,0.6786,explore,PBFT,4.0,5.0,0.2251,0,1,1,FINALIZED_WITHIN_C2_LIMIT,0.66684,1.968
1313,10000.0,0.6783,explore,ZYZZYVA,4.0,2.0,0.0288,1,1,1,FINALIZED_WITHIN_C2_LIMIT,0.09611,1.552
1314,10000.0,0.6781,explore,PBFT,4.0,2.0,0.0686,1,1,1,FINALIZED_WITHIN_C2_LIMIT,0.692907,1.901
1315,40000.0,0.6778,greedy,ZYZZYVA,4.0,0.5,0.0832,1,1,1,FINALIZED_WITHIN_C2_LIMIT,1.345542,1.434
1316,40000.0,0.6776,explore,ZYZZYVA,4.0,0.5,0.1982,1,1,1,FINALIZED_WITHIN_C2_LIMIT,1.068826,1.68
1317,40000.0,0.6773,greedy,ZYZZYVA,4.0,0.5,0.071,1,1,1,FINALIZED_WITHIN_C2_LIMIT,0.30828,2.066
1318,2857.143,0.6771,explore,LIU_QUORUM,4.0,7.0,0.0278,1,1,1,FINALIZED_WITHIN_C2_LIMIT,0.158679,1.668
1319,2105.263,0.6768,explore,LIU_QUORUM,4.0,9.5,0.0651,1,1,1,FINALIZED_WITHIN_C2_LIMIT,0.823811,1.748
1320,40000.0,0.6766,greedy,ZYZZYVA,4.0,0.5,0.0655,1,1,1,FINALIZED_WITHIN_C2_LIMIT,0.704309,1.754
1321,40000.0,0.6764,greedy,ZYZZYVA,4.0,0.5,0.0495,1,1,1,FINALIZED_WITHIN_C2_LIMIT,0.139881,1.691
1322,13333.333,0.6761,explore,ZYZZYVA,4.0,1.5,0.0787,1,1,1,FINALIZED_WITHIN_C2_LIMIT,0.413032,1.551
1323,6666.667,0.6759,explore,ZYZZYVA,4.0,3.0,0.0767,1,1,1,FINALIZED_WITHIN_C2_LIMIT,1.221346,1.691
1324,13333.333,0.6756,explore,PBFT,4.0,1.5,0.0291,1,1,1,FINALIZED_WITHIN_C2_LIMIT,0.797285,1.61
1325,8000.0,0.6754,explore,ZYZZYVA,4.0,2.5,0.104,1,1,1,FINALIZED_WITHIN_C2_LIMIT,0.175576,1.44
1326,40000.0,0.6751,greedy,ZYZZYVA,4.0,0.5,0.0495,1,1,1,FINALIZED_WITHIN_C2_LIMIT,0.342251,1.331
1327,40000.0,0.6749,greedy,ZYZZYVA,4.0,0.5,0.0556,1,1,1,FINALIZED_WITHIN_C2_LIMIT,1.005822,1.308
1328,6666.667,0.6746,explore,ZYZZYVA,4.0,3.0,0.0299,1,1,1,FINALIZED_WITHIN_C2_LIMIT,0.924857,1.525
1329,5714.286,0.6744,explore,PBFT,4.0,3.5,0.03,1,1,1,FINALIZED_WITHIN_C2_LIMIT,0.218187,1.707
1330,40000.0,0.6742,greedy,ZYZZYVA,4.0,0.5,0.0824,1,1,1,FINALIZED_WITHIN_C2_LIMIT,0.181383,1.557
1331,0.0,0.6739,explore,LIU_QUORUM,4.0,1.5,0.2811,0,1,1,FINALIZED_WITHIN_C2_LIMIT,0.619817,1.512
1332,40000.0,0.6737,greedy,ZYZZYVA,4.0,0.5,0.0712,1,1,1,FINALIZED_WITHIN_C2_LIMIT,0.47558,1.585
1333,8000.0,0.6734,explore,ZYZZYVA,4.0,2.5,0.0558,1,1,1,FINALIZED_WITHIN_C2_LIMIT,0.079515,1.287
1334,3333.333,0.6732,explore,PBFT,4.0,6.0,0.0933,1,1,1,FINALIZED_WITHIN_C2_LIMIT,0.857821,1.703
1335,40000.0,0.6729,greedy,ZYZZYVA,4.0,0.5,0.0509,1,1,1,FINALIZED_WITHIN_C2_LIMIT,1.49572,1.694
1336,2857.143,0.6727,explore,PBFT,4.0,7.0,0.0769,1,1,1,FINALIZED_WITHIN_C2_LIMIT,1.368822,2.116
1337,2857.143,0.6724,explore,LIU_QUORUM,4.0,7.0,0.0308,1,1,1,FINALIZED_WITHIN_C2_LIMIT,0.646644,1.892
1338,40000.0,0.6722,greedy,ZYZZYVA,4.0,0.5,0.0422,1,1,1,FINALIZED_WITHIN_C2_LIMIT,0.119099,1.582
1339,3333.333,0.6719,explore,LIU_QUORUM,4.0,6.0,0.0315,1,1,1,FINALIZED_WITHIN_C2_LIMIT,0.355041,1.58
1340,3076.923,0.6717,explore,PBFT,4.0,6.5,0.0401,1,1,1,FINALIZED_WITHIN_C2_LIMIT,0.242424,1.649
1341,5000.0,0.6715,explore,PBFT,4.0,4.0,0.0739,1,1,1,FINALIZED_WITHIN_C2_LIMIT,0.083658,1.502
1342,40000.0,0.6712,greedy,ZYZZYVA,4.0,0.5,0.0481,1,1,1,FINALIZED_WITHIN_C2_LIMIT,0.077758,1.81
1343,40000.0,0.671,explore,ZYZZYVA,4.0,0.5,0.0697,1,1,1,FINALIZED_WITHIN_C2_LIMIT,0.183611,1.708
1344,2000.0,0.6707,explore,LIU_QUORUM,4.0,10.0,0.0647,1,1,1,FINALIZED_WITHIN_C2_LIMIT,0.17048,1.6
1345,40000.0,0.6705,greedy,ZYZZYVA,4.0,0.5,0.0513,1,1,1,FINALIZED_WITHIN_C2_LIMIT,0.089784,1.305
1346,3333.333,0.6702,explore,ZYZZYVA,4.0,6.0,0.1368,1,1,1,FINALIZED_WITHIN_C2_LIMIT,0.090406,1.691
1347,40000.0,0.67,greedy,ZYZZYVA,4.0,0.5,0.059,1,1,1,FINALIZED_WITHIN_C2_LIMIT,0.177383,1.635
1348,5000.0,0.6697,explore,ZYZZYVA,4.0,4.0,0.03,1,1,1,FINALIZED_WITHIN_C2_LIMIT,0.132778,1.665
1349,40000.0,0.6695,greedy,ZYZZYVA,4.0,0.5,0.059,1,1,1,FINALIZED_WITHIN_C2_LIMIT,0.076701,1.591
1350,3076.923,0.6693,explore,ZYZZYVA,4.0,6.5,0.0708,1,1,1,FINALIZED_WITHIN_C2_LIMIT,0.050975,1.415
1351,40000.0,0.669,greedy,ZYZZYVA,4.0,0.5,0.059,1,1,1,FINALIZED_WITHIN_C2_LIMIT,0.176202,1.517
1352,3636.364,0.6688,explore,LIU_QUORUM,4.0,5.5,0.1582,1,1,1,FINALIZED_WITHIN_C2_LIMIT,0.147933,1.56
1353,2105.263,0.6685,explore,ZYZZYVA,4.0,9.5,0.0688,1,1,1,FINALIZED_WITHIN_C2_LIMIT,0.115757,2.122
1354,3636.364,0.6683,explore,PBFT,4.0,5.5,0.069,1,1,1,FINALIZED_WITHIN_C2_LIMIT,0.151612,2.387
1355,40000.0,0.668,greedy,ZYZZYVA,4.0,0.5,0.059,1,1,1,FINALIZED_WITHIN_C2_LIMIT,0.153338,1.688
1356,40000.0,0.6678,greedy,ZYZZYVA,4.0,0.5,0.059,1,1,1,FINALIZED_WITHIN_C2_LIMIT,0.215319,1.531
1357,4000.0,0.6675,explore,ZYZZYVA,4.0,5.0,0.0315,1,1,1,FINALIZED_WITHIN_C2_LIMIT,0.073209,1.97
1358,3076.923,0.6673,explore,LIU_QUORUM,4.0,6.5,0.0689,1,1,1,FINALIZED_WITHIN_C2_LIMIT,0.100407,1.849
1359,40000.0,0.667,greedy,ZYZZYVA,4.0,0.5,0.059,1,1,1,FINALIZED_WITHIN_C2_LIMIT,0.273908,1.588
1360,40000.0,0.6668,greedy,ZYZZYVA,4.0,0.5,0.059,1,1,1,FINALIZED_WITHIN_C2_LIMIT,0.343792,1.655
1361,6666.667,0.6666,explore,LIU_QUORUM,4.0,3.0,0.0787,1,1,1,FINALIZED_WITHIN_C2_LIMIT,0.125847,1.86
1362,3076.923,0.6663,explore,LIU_QUORUM,4.0,6.5,0.0789,1,1,1,FINALIZED_WITHIN_C2_LIMIT,0.354054,1.558
1363,40000.0,0.6661,greedy,ZYZZYVA,4.0,0.5,0.059,1,1,1,FINALIZED_WITHIN_C2_LIMIT,0.895747,1.532
1364,3636.364,0.6658,explore,PBFT,4.0,5.5,0.0697,1,1,1,FINALIZED_WITHIN_C2_LIMIT,0.591306,1.514
1365,40000.0,0.6656,greedy,ZYZZYVA,4.0,0.5,0.059,1,1,1,FINALIZED_WITHIN_C2_LIMIT,0.039135,1.492
1366,2000.0,0.6653,explore,LIU_QUORUM,4.0,10.0,0.0679,1,1,1,FINALIZED_WITHIN_C2_LIMIT,0.281258,1.575
1367,40000.0,0.6651,greedy,ZYZZYVA,4.0,0.5,0.059,1,1,1,FINALIZED_WITHIN_C2_LIMIT,0.284795,1.843
1368,40000.0,0.6648,greedy,ZYZZYVA,4.0,0.5,0.059,1,1,1,FINALIZED_WITHIN_C2_LIMIT,0.050776,1.435
1369,2500.0,0.6646,explore,ZYZZYVA,4.0,8.0,0.0758,1,1,1,FINALIZED_WITHIN_C2_LIMIT,0.744827,1.711
1370,40000.0,0.6643,greedy,ZYZZYVA,4.0,0.5,0.059,1,1,1,FINALIZED_WITHIN_C2_LIMIT,1.292642,2.01
1371,40000.0,0.6641,greedy,ZYZZYVA,4.0,0.5,0.059,1,1,1,FINALIZED_WITHIN_C2_LIMIT,1.033843,2.07
1372,4000.0,0.6639,explore,LIU_QUORUM,4.0,5.0,0.1208,1,1,1,FINALIZED_WITHIN_C2_LIMIT,0.166196,1.593
1373,40000.0,0.6636,greedy,ZYZZYVA,4.0,0.5,0.0595,1,1,1,FINALIZED_WITHIN_C2_LIMIT,0.533301,2.092
1374,40000.0,0.6634,greedy,ZYZZYVA,4.0,0.5,0.0595,1,1,1,FINALIZED_WITHIN_C2_LIMIT,1.15468,1.697
1375,2857.143,0.6631,explore,PBFT,4.0,7.0,0.0786,1,1,1,FINALIZED_WITHIN_C2_LIMIT,0.890966,1.826
1376,0.0,0.6629,explore,PBFT,4.0,0.5,0.2355,0,1,1,FINALIZED_WITHIN_C2_LIMIT,0.222856,1.708
1377,40000.0,0.6626,greedy,ZYZZYVA,4.0,0.5,0.059,1,1,1,FINALIZED_WITHIN_C2_LIMIT,0.325363,2.003
1378,40000.0,0.6624,greedy,ZYZZYVA,4.0,0.5,0.047,1,1,1,FINALIZED_WITHIN_C2_LIMIT,1.123043,1.496
1379,2666.667,0.6621,explore,LIU_QUORUM,4.0,7.5,0.0362,1,1,1,FINALIZED_WITHIN_C2_LIMIT,0.922881,1.642
1380,3636.364,0.6619,explore,LIU_QUORUM,4.0,5.5,0.068,1,1,1,FINALIZED_WITHIN_C2_LIMIT,0.14214,1.86
1381,40000.0,0.6617,greedy,ZYZZYVA,4.0,0.5,0.0449,1,1,1,FINALIZED_WITHIN_C2_LIMIT,0.472278,1.72
1382,8000.0,0.6614,explore,LIU_QUORUM,4.0,2.5,0.072,1,1,1,FINALIZED_WITHIN_C2_LIMIT,1.033552,1.624
1383,2000.0,0.6612,explore,LIU_QUORUM,4.0,10.0,0.0362,1,1,1,FINALIZED_WITHIN_C2_LIMIT,0.752736,1.924
1384,10000.0,0.6609,explore,LIU_QUORUM,4.0,2.0,0.0362,1,1,1,FINALIZED_WITHIN_C2_LIMIT,0.140944,1.51
1385,8000.0,0.6607,explore,PBFT,4.0,2.5,0.0316,1,1,1,FINALIZED_WITHIN_C2_LIMIT,0.590509,1.604
1386,8000.0,0.6604,explore,ZYZZYVA,4.0,2.5,0.0881,1,1,1,FINALIZED_WITHIN_C2_LIMIT,1.038513,1.562
1387,6666.667,0.6602,explore,LIU_QUORUM,4.0,3.0,0.0933,1,1,1,FINALIZED_WITHIN_C2_LIMIT,1.116379,1.655
1388,2500.0,0.6599,explore,LIU_QUORUM,4.0,8.0,0.0316,1,1,1,FINALIZED_WITHIN_C2_LIMIT,0.267535,1.481
1389,2352.941,0.6597,explore,LIU_QUORUM,4.0,8.5,0.067,1,1,1,FINALIZED_WITHIN_C2_LIMIT,0.205778,1.695
1390,3636.364,0.6595,explore,PBFT,4.0,5.5,0.069,1,1,1,FINALIZED_WITHIN_C2_LIMIT,0.534701,1.811
1391,2352.941,0.6592,explore,LIU_QUORUM,4.0,8.5,0.0739,1,1,1,FINALIZED_WITHIN_C2_LIMIT,0.454693,1.635
1392,2857.143,0.659,explore,PBFT,4.0,7.0,0.0739,1,1,1,FINALIZED_WITHIN_C2_LIMIT,0.08554,1.458
1393,40000.0,0.6587,greedy,ZYZZYVA,4.0,0.5,0.0468,1,1,1,FINALIZED_WITHIN_C2_LIMIT,0.756263,1.533
1394,2105.263,0.6585,explore,PBFT,4.0,9.5,0.0294,1,1,1,FINALIZED_WITHIN_C2_LIMIT,1.714097,1.789
1395,2500.0,0.6582,explore,PBFT,4.0,8.0,0.0739,1,1,1,FINALIZED_WITHIN_C2_LIMIT,1.835457,1.765
1396,2352.941,0.658,explore,ZYZZYVA,4.0,8.5,0.0789,1,1,1,FINALIZED_WITHIN_C2_LIMIT,0.517522,1.506
1397,2000.0,0.6577,explore,PBFT,4.0,10.0,0.0758,1,1,1,FINALIZED_WITHIN_C2_LIMIT,0.081409,1.491
1398,4444.444,0.6575,explore,PBFT,4.0,4.5,0.1459,1,1,1,FINALIZED_WITHIN_C2_LIMIT,0.371987,1.683
1399,13333.333,0.6572,explore,LIU_QUORUM,4.0,1.5,0.0453,1,1,1,FINALIZED_WITHIN_C2_LIMIT,0.740465,1.637
1400,40000.0,0.657,greedy,ZYZZYVA,4.0,0.5,0.0422,1,1,1,FINALIZED_WITHIN_C2_LIMIT,0.142576,1.654
1401,0.0,0.6568,explore,PBFT,4.0,1.0,0.2251,0,1,1,FINALIZED_WITHIN_C2_LIMIT,0.363422,1.424
1402,2500.0,0.6565,explore,ZYZZYVA,4.0,8.0,0.0739,1,1,1,FINALIZED_WITHIN_C2_LIMIT,1.083522,1.701
1403,5714.286,0.6563,explore,PBFT,4.0,3.5,0.0685,1,1,1,FINALIZED_WITHIN_C2_LIMIT,0.866993,1.763
1404,40000.0,0.656,greedy,ZYZZYVA,4.0,0.5,0.0422,1,1,1,FINALIZED_WITHIN_C2_LIMIT,0.355309,1.81
1405,40000.0,0.6558,greedy,ZYZZYVA,4.0,0.5,0.047,1,1,1,FINALIZED_WITHIN_C2_LIMIT,0.354147,1.987
1406,5714.286,0.6555,explore,PBFT,4.0,3.5,0.0787,1,1,1,FINALIZED_WITHIN_C2_LIMIT,0.711355,1.918
1407,40000.0,0.6553,greedy,ZYZZYVA,4.0,0.5,0.047,1,1,1,FINALIZED_WITHIN_C2_LIMIT,0.581539,2.116
1408,2000.0,0.655,explore,ZYZZYVA,4.0,10.0,0.1001,1,1,1,FINALIZED_WITHIN_C2_LIMIT,0.068265,1.651
1409,40000.0,0.6548,greedy,ZYZZYVA,4.0,0.5,0.0443,1,1,1,FINALIZED_WITHIN_C2_LIMIT,0.492488,1.728
1410,0.0,0.6545,explore,ZYZZYVA,4.0,8.0,0.2251,0,1,1,FINALIZED_WITHIN_C2_LIMIT,1.278696,1.536
1411,40000.0,0.6543,greedy,ZYZZYVA,4.0,0.5,0.0443,1,1,1,FINALIZED_WITHIN_C2_LIMIT,1.15763,1.68
1412,40000.0,0.6541,greedy,ZYZZYVA,4.0,0.5,0.0443,1,1,1,FINALIZED_WITHIN_C2_LIMIT,0.426604,1.396
1413,8000.0,0.6538,explore,LIU_QUORUM,4.0,2.5,0.1831,1,1,1,FINALIZED_WITHIN_C2_LIMIT,0.17239,1.697
1414,2857.143,0.6536,explore,PBFT,4.0,7.0,0.0705,1,1,1,FINALIZED_WITHIN_C2_LIMIT,0.482129,1.807
1415,2857.143,0.6533,explore,ZYZZYVA,4.0,7.0,0.0299,1,1,1,FINALIZED_WITHIN_C2_LIMIT,0.374816,1.613
1416,2500.0,0.6531,explore,PBFT,4.0,8.0,0.0316,1,1,1,FINALIZED_WITHIN_C2_LIMIT,0.057308,1.648
1417,2352.941,0.6528,explore,LIU_QUORUM,4.0,8.5,0.0506,1,1,1,FINALIZED_WITHIN_C2_LIMIT,0.861396,1.489
1418,6666.667,0.6526,explore,PBFT,4.0,3.0,0.0689,1,1,1,FINALIZED_WITHIN_C2_LIMIT,1.53157,1.64
1419,40000.0,0.6523,greedy,ZYZZYVA,4.0,0.5,0.047,1,1,1,FINALIZED_WITHIN_C2_LIMIT,1.081071,1.574
1420,40000.0,0.6521,greedy,ZYZZYVA,4.0,0.5,0.0541,1,1,1,FINALIZED_WITHIN_C2_LIMIT,0.220931,1.543
1421,5714.286,0.6519,explore,PBFT,4.0,3.5,0.03,1,1,1,FINALIZED_WITHIN_C2_LIMIT,0.232408,1.957
1422,3076.923,0.6516,explore,LIU_QUORUM,4.0,6.5,0.19,1,1,1,FINALIZED_WITHIN_C2_LIMIT,0.644599,1.737
1423,40000.0,0.6514,greedy,ZYZZYVA,4.0,0.5,0.0595,1,1,1,FINALIZED_WITHIN_C2_LIMIT,0.548381,1.938
1424,40000.0,0.6511,greedy,ZYZZYVA,4.0,0.5,0.0576,1,1,1,FINALIZED_WITHIN_C2_LIMIT,0.074551,1.892
1425,40000.0,0.6509,greedy,ZYZZYVA,4.0,0.5,0.047,1,1,1,FINALIZED_WITHIN_C2_LIMIT,0.533189,1.857
1426,2857.143,0.6506,explore,LIU_QUORUM,4.0,7.0,0.0685,1,1,1,FINALIZED_WITHIN_C2_LIMIT,1.269101,1.593
1427,40000.0,0.6504,greedy,ZYZZYVA,4.0,0.5,0.047,1,1,1,FINALIZED_WITHIN_C2_LIMIT,1.063583,1.478
1428,3333.333,0.6501,explore,LIU_QUORUM,4.0,6.0,0.1284,1,1,1,FINALIZED_WITHIN_C2_LIMIT,0.270358,1.945
1429,3076.923,0.6499,explore,LIU_QUORUM,4.0,6.5,0.0769,1,1,1,FINALIZED_WITHIN_C2_LIMIT,0.224346,1.645
1430,40000.0,0.6497,greedy,ZYZZYVA,4.0,0.5,0.0541,1,1,1,FINALIZED_WITHIN_C2_LIMIT,0.519912,1.669
1431,3076.923,0.6494,explore,PBFT,4.0,6.5,0.0779,1,1,1,FINALIZED_WITHIN_C2_LIMIT,0.376362,1.647
1432,2105.263,0.6492,explore,PBFT,4.0,9.5,0.0316,1,1,1,FINALIZED_WITHIN_C2_LIMIT,0.066671,1.616
1433,40000.0,0.6489,greedy,ZYZZYVA,4.0,0.5,0.0443,1,1,1,FINALIZED_WITHIN_C2_LIMIT,0.742129,1.592
1434,40000.0,0.6487,greedy,ZYZZYVA,4.0,0.5,0.0443,1,1,1,FINALIZED_WITHIN_C2_LIMIT,1.416207,1.557
1435,2500.0,0.6484,explore,PBFT,4.0,8.0,0.0401,1,1,1,FINALIZED_WITHIN_C2_LIMIT,1.276501,1.77
1436,5000.0,0.6482,explore,PBFT,4.0,4.0,0.0298,1,1,1,FINALIZED_WITHIN_C2_LIMIT,0.408933,1.606
1437,2666.667,0.6479,explore,ZYZZYVA,4.0,7.5,0.1001,1,1,1,FINALIZED_WITHIN_C2_LIMIT,0.066762,1.772
1438,2000.0,0.6477,explore,ZYZZYVA,4.0,10.0,0.1831,1,1,1,FINALIZED_WITHIN_C2_LIMIT,0.347403,1.62
1439,4444.444,0.6474,explore,ZYZZYVA,4.0,4.5,0.1284,1,1,1,FINALIZED_WITHIN_C2_LIMIT,0.206337,1.562
1440,5000.0,0.6472,explore,ZYZZYVA,4.0,4.0,0.1085,1,1,1,FINALIZED_WITHIN_C2_LIMIT,0.08702,1.478
1441,40000.0,0.647,greedy,ZYZZYVA,4.0,0.5,0.047,1,1,1,FINALIZED_WITHIN_C2_LIMIT,0.081838,1.807
1442,4444.444,0.6467,explore,LIU_QUORUM,4.0,4.5,0.0739,1,1,1,FINALIZED_WITHIN_C2_LIMIT,0.095493,1.75
1443,3636.364,0.6465,explore,ZYZZYVA,4.0,5.5,0.072,1,1,1,FINALIZED_WITHIN_C2_LIMIT,0.077276,1.532
1444,8000.0,0.6462,explore,PBFT,4.0,2.5,0.0291,1,1,1,FINALIZED_WITHIN_C2_LIMIT,0.141819,1.529
1445,5000.0,0.646,explore,PBFT,4.0,4.0,0.1459,1,1,1,FINALIZED_WITHIN_C2_LIMIT,0.263584,1.582
1446,2352.941,0.6457,explore,LIU_QUORUM,4.0,8.5,0.0689,1,1,1,FINALIZED_WITHIN_C2_LIMIT,0.096502,1.997
1447,5714.286,0.6455,explore,LIU_QUORUM,4.0,3.5,0.0688,1,1,1,FINALIZED_WITHIN_C2_LIMIT,0.106733,1.649
1448,40000.0,0.6452,greedy,ZYZZYVA,4.0,0.5,0.047,1,1,1,FINALIZED_WITHIN_C2_LIMIT,0.126285,1.406
1449,40000.0,0.645,greedy,ZYZZYVA,4.0,0.5,0.0541,1,1,1,FINALIZED_WITHIN_C2_LIMIT,0.113605,1.783
1450,2352.941,0.6447,explore,LIU_QUORUM,4.0,8.5,0.1208,1,1,1,FINALIZED_WITHIN_C2_LIMIT,0.075921,1.509
1451,40000.0,0.6445,greedy,ZYZZYVA,4.0,0.5,0.0753,1,1,1,FINALIZED_WITHIN_C2_LIMIT,0.072267,1.582
1452,2666.667,0.6443,explore,LIU_QUORUM,4.0,7.5,0.0715,1,1,1,FINALIZED_WITHIN_C2_LIMIT,0.158871,1.653
1453,5000.0,0.644,explore,PBFT,4.0,4.0,0.072,1,1,1,FINALIZED_WITHIN_C2_LIMIT,0.112852,1.659
1454,20000.0,0.6438,explore,PBFT,4.0,1.0,0.0278,1,1,1,FINALIZED_WITHIN_C2_LIMIT,0.132385,1.585
1455,40000.0,0.6435,greedy,ZYZZYVA,4.0,0.5,0.0768,1,1,1,FINALIZED_WITHIN_C2_LIMIT,0.094627,1.56
1456,5000.0,0.6433,explore,LIU_QUORUM,4.0,4.0,0.19,1,1,1,FINALIZED_WITHIN_C2_LIMIT,0.075781,1.579
1457,6666.667,0.643,explore,ZYZZYVA,4.0,3.0,0.0685,1,1,1,FINALIZED_WITHIN_C2_LIMIT,0.08548,1.621
1458,2500.0,0.6428,explore,PBFT,4.0,8.0,0.0558,1,1,1,FINALIZED_WITHIN_C2_LIMIT,0.166564,1.781
1459,40000.0,0.6425,greedy,ZYZZYVA,4.0,0.5,0.0878,1,1,1,FINALIZED_WITHIN_C2_LIMIT,0.12141,1.533
1460,0.0,0.6423,explore,LIU_QUORUM,4.0,1.0,0.2355,0,1,1,FINALIZED_WITHIN_C2_LIMIT,0.048655,1.552
1461,2500.0,0.6421,explore,ZYZZYVA,4.0,8.0,0.0786,1,1,1,FINALIZED_WITHIN_C2_LIMIT,0.066471,1.916
1462,40000.0,0.6418,greedy,ZYZZYVA,4.0,0.5,0.1059,1,1,1,FINALIZED_WITHIN_C2_LIMIT,0.186513,1.828
1463,40000.0,0.6416,greedy,ZYZZYVA,4.0,0.5,0.0993,1,1,1,FINALIZED_WITHIN_C2_LIMIT,0.144944,1.572
1464,40000.0,0.6413,greedy,ZYZZYVA,4.0,0.5,0.0768,1,1,1,FINALIZED_WITHIN_C2_LIMIT,0.047052,1.761
1465,2352.941,0.6411,explore,LIU_QUORUM,4.0,8.5,0.0401,1,1,1,FINALIZED_WITHIN_C2_LIMIT,0.061653,1.555
1466,10000.0,0.6408,explore,PBFT,4.0,2.0,0.1416,1,1,1,FINALIZED_WITHIN_C2_LIMIT,0.189412,1.74
1467,40000.0,0.6406,greedy,ZYZZYVA,4.0,0.5,0.0947,1,1,1,FINALIZED_WITHIN_C2_LIMIT,0.152501,1.757
1468,40000.0,0.6403,greedy,ZYZZYVA,4.0,0.5,0.0878,1,1,1,FINALIZED_WITHIN_C2_LIMIT,0.049098,1.596
1469,3076.923,0.6401,explore,PBFT,4.0,6.5,0.0316,1,1,1,FINALIZED_WITHIN_C2_LIMIT,0.074798,1.561
1470,3076.923,0.6399,explore,LIU_QUORUM,4.0,6.5,0.0506,1,1,1,FINALIZED_WITHIN_C2_LIMIT,0.212448,1.615
1471,40000.0,0.6396,greedy,ZYZZYVA,4.0,0.5,0.0878,1,1,1,FINALIZED_WITHIN_C2_LIMIT,0.200509,1.57
1472,40000.0,0.6394,greedy,ZYZZYVA,4.0,0.5,0.0681,1,1,1,FINALIZED_WITHIN_C2_LIMIT,0.052962,1.414
1473,40000.0,0.6391,greedy,ZYZZYVA,4.0,0.5,0.0595,1,1,1,FINALIZED_WITHIN_C2_LIMIT,0.237064,1.616
1474,5714.286,0.6389,explore,PBFT,4.0,3.5,0.0768,1,1,1,FINALIZED_WITHIN_C2_LIMIT,0.384376,1.853
1475,2222.222,0.6386,explore,ZYZZYVA,4.0,9.0,0.0453,1,1,1,FINALIZED_WITHIN_C2_LIMIT,0.048568,1.606
1476,0.0,0.6384,explore,PBFT,4.0,9.5,0.2103,0,1,1,FINALIZED_WITHIN_C2_LIMIT,0.431812,1.78
1477,2857.143,0.6381,explore,PBFT,4.0,7.0,0.1001,1,1,1,FINALIZED_WITHIN_C2_LIMIT,0.87103,1.518
1478,3333.333,0.6379,explore,ZYZZYVA,4.0,6.0,0.0705,1,1,1,FINALIZED_WITHIN_C2_LIMIT,0.487864,1.81
1479,40000.0,0.6376,greedy,ZYZZYVA,4.0,0.5,0.0588,1,1,1,FINALIZED_WITHIN_C2_LIMIT,0.107686,1.691
1480,40000.0,0.6374,greedy,ZYZZYVA,4.0,0.5,0.047,1,1,1,FINALIZED_WITHIN_C2_LIMIT,0.6805,1.526
1481,13333.333,0.6372,explore,PBFT,4.0,1.5,0.0963,1,1,1,FINALIZED_WITHIN_C2_LIMIT,1.613492,1.485
1482,0.0,0.6369,explore,ZYZZYVA,4.0,6.5,0.2103,0,1,1,FINALIZED_WITHIN_C2_LIMIT,1.694039,1.55
1483,40000.0,0.6367,greedy,ZYZZYVA,4.0,0.5,0.0532,1,1,1,FINALIZED_WITHIN_C2_LIMIT,0.655578,1.473
1484,5714.286,0.6364,explore,PBFT,4.0,3.5,0.1831,1,1,1,FINALIZED_WITHIN_C2_LIMIT,0.034863,1.524
1485,40000.0,0.6362,explore,LIU_QUORUM,4.0,0.5,0.0674,1,1,1,FINALIZED_WITHIN_C2_LIMIT,0.187586,1.532
1486,5714.286,0.6359,explore,PBFT,4.0,3.5,0.0715,1,1,1,FINALIZED_WITHIN_C2_LIMIT,0.178738,1.813
1487,2500.0,0.6357,explore,PBFT,4.0,8.0,0.0294,1,1,1,FINALIZED_WITHIN_C2_LIMIT,0.081106,1.553
1488,10000.0,0.6354,explore,ZYZZYVA,4.0,2.0,0.0741,1,1,1,FINALIZED_WITHIN_C2_LIMIT,0.051952,1.781
1489,40000.0,0.6352,greedy,ZYZZYVA,4.0,0.5,0.059,1,1,1,FINALIZED_WITHIN_C2_LIMIT,0.216103,1.641
1490,4444.444,0.635,explore,LIU_QUORUM,4.0,4.5,0.0668,1,1,1,FINALIZED_WITHIN_C2_LIMIT,0.166982,1.675
1491,40000.0,0.6347,greedy,ZYZZYVA,4.0,0.5,0.059,1,1,1,FINALIZED_WITHIN_C2_LIMIT,0.044609,1.591
1492,2222.222,0.6345,explore,PBFT,4.0,9.0,0.0294,1,1,1,FINALIZED_WITHIN_C2_LIMIT,0.042749,1.65
1493,3636.364,0.6342,explore,ZYZZYVA,4.0,5.5,0.1085,1,1,1,FINALIZED_WITHIN_C2_LIMIT,0.107738,1.691
1494,2222.222,0.634,explore,LIU_QUORUM,4.0,9.0,0.0315,1,1,1,FINALIZED_WITHIN_C2_LIMIT,0.036572,1.537
1495,4444.444,0.6337,explore,LIU_QUORUM,4.0,4.5,0.0668,1,1,1,FINALIZED_WITHIN_C2_LIMIT,0.032325,1.351
1496,2666.667,0.6335,explore,LIU_QUORUM,4.0,7.5,0.1982,1,1,1,FINALIZED_WITHIN_C2_LIMIT,0.140332,1.487
1497,40000.0,0.6332,greedy,ZYZZYVA,4.0,0.5,0.0658,1,1,1,FINALIZED_WITHIN_C2_LIMIT,0.138968,1.795
1498,40000.0,0.633,greedy,ZYZZYVA,4.0,0.5,0.0766,1,1,1,FINALIZED_WITHIN_C2_LIMIT,0.134163,1.739
1499,20000.0,0.6327,explore,PBFT,4.0,1.0,0.0881,1,1,1,FINALIZED_WITHIN_C2_LIMIT,0.691306,1.854
1500,4444.444,0.6325,explore,PBFT,4.0,4.5,0.1723,1,1,1,FINALIZED_WITHIN_C2_LIMIT,0.120647,1.77
1501,4000.0,0.6323,explore,LIU_QUORUM,4.0,5.0,0.1723,1,1,1,FINALIZED_WITHIN_C2_LIMIT,0.358163,1.653
1502,20000.0,0.632,explore,PBFT,4.0,1.0,0.0739,1,1,1,FINALIZED_WITHIN_C2_LIMIT,0.859576,1.742
1503,3076.923,0.6318,explore,PBFT,4.0,6.5,0.19,1,1,1,FINALIZED_WITHIN_C2_LIMIT,0.638346,1.802
1504,40000.0,0.6315,greedy,ZYZZYVA,4.0,0.5,0.0733,1,1,1,FINALIZED_WITHIN_C2_LIMIT,0.05511,1.759
1505,6666.667,0.6313,explore,LIU_QUORUM,4.0,3.0,0.0651,1,1,1,FINALIZED_WITHIN_C2_LIMIT,0.739946,1.53
1506,40000.0,0.631,greedy,ZYZZYVA,4.0,0.5,0.0681,1,1,1,FINALIZED_WITHIN_C2_LIMIT,1.584568,1.451
1507,3636.364,0.6308,explore,ZYZZYVA,4.0,5.5,0.1723,1,1,1,FINALIZED_WITHIN_C2_LIMIT,1.328014,1.818
1508,2500.0,0.6305,explore,PBFT,4.0,8.0,0.0688,1,1,1,FINALIZED_WITHIN_C2_LIMIT,0.478167,1.663
1509,0.0,0.6303,explore,ZYZZYVA,4.0,5.0,0.2103,0,1,1,FINALIZED_WITHIN_C2_LIMIT,0.117966,1.513
1510,5000.0,0.63,explore,LIU_QUORUM,4.0,4.0,0.1723,1,1,1,FINALIZED_WITHIN_C2_LIMIT,0.509829,1.656
1511,2666.667,0.6298,explore,PBFT,4.0,7.5,0.0702,1,1,1,FINALIZED_WITHIN_C2_LIMIT,0.389107,1.664
1512,4444.444,0.6296,explore,LIU_QUORUM,4.0,4.5,0.0288,1,1,1,FINALIZED_WITHIN_C2_LIMIT,0.045349,1.65
1513,40000.0,0.6293,explore,PBFT,4.0,0.5,0.0609,1,1,1,FINALIZED_WITHIN_C2_LIMIT,0.775683,1.709
1514,8000.0,0.6291,explore,ZYZZYVA,4.0,2.5,0.0316,1,1,1,FINALIZED_WITHIN_C2_LIMIT,1.516794,1.935
1515,2666.667,0.6288,explore,LIU_QUORUM,4.0,7.5,0.0668,1,1,1,FINALIZED_WITHIN_C2_LIMIT,1.46274,1.738
1516,40000.0,0.6286,greedy,ZYZZYVA,4.0,0.5,0.0665,1,1,1,FINALIZED_WITHIN_C2_LIMIT,0.472886,1.781
1517,3636.364,0.6283,explore,LIU_QUORUM,4.0,5.5,0.03,1,1,1,FINALIZED_WITHIN_C2_LIMIT,0.100307,1.527
1518,2222.222,0.6281,explore,LIU_QUORUM,4.0,9.0,0.104,1,1,1,FINALIZED_WITHIN_C2_LIMIT,0.388055,1.498
1519,0.0,0.6278,explore,LIU_QUORUM,4.0,8.0,0.2536,0,1,1,FINALIZED_WITHIN_C2_LIMIT,0.339524,1.893
1520,3333.333,0.6276,explore,ZYZZYVA,4.0,6.0,0.0697,1,1,1,FINALIZED_WITHIN_C2_LIMIT,0.040727,1.561
1521,10000.0,0.6274,explore,LIU_QUORUM,4.0,2.0,0.0282,1,1,1,FINALIZED_WITHIN_C2_LIMIT,0.689303,1.486
1522,20000.0,0.6271,explore,PBFT,4.0,1.0,0.0786,1,1,1,FINALIZED_WITHIN_C2_LIMIT,1.06937,1.705
1523,40000.0,0.6269,greedy,ZYZZYVA,4.0,0.5,0.0568,1,1,1,FINALIZED_WITHIN_C2_LIMIT,0.68325,1.374
1524,40000.0,0.6266,greedy,ZYZZYVA,4.0,0.5,0.0568,1,1,1,FINALIZED_WITHIN_C2_LIMIT,0.113016,1.337
1525,8000.0,0.6264,explore,ZYZZYVA,4.0,2.5,0.1368,1,1,1,FINALIZED_WITHIN_C2_LIMIT,0.640199,1.681
1526,40000.0,0.6261,greedy,ZYZZYVA,4.0,0.5,0.0667,1,1,1,FINALIZED_WITHIN_C2_LIMIT,1.593024,1.522
1527,40000.0,0.6259,greedy,ZYZZYVA,4.0,0.5,0.0738,1,1,1,FINALIZED_WITHIN_C2_LIMIT,1.561909,1.352
1528,8000.0,0.6256,explore,LIU_QUORUM,4.0,2.5,0.0647,1,1,1,FINALIZED_WITHIN_C2_LIMIT,0.617725,1.471
1529,40000.0,0.6254,greedy,ZYZZYVA,4.0,0.5,0.0717,1,1,1,FINALIZED_WITHIN_C2_LIMIT,0.055186,1.338
1530,40000.0,0.6251,greedy,ZYZZYVA,4.0,0.5,0.0576,1,1,1,FINALIZED_WITHIN_C2_LIMIT,0.246226,1.456
1531,40000.0,0.6249,greedy,ZYZZYVA,4.0,0.5,0.0738,1,1,1,FINALIZED_WITHIN_C2_LIMIT,0.176553,1.637
1532,40000.0,0.6247,greedy,ZYZZYVA,4.0,0.5,0.0661,1,1,1,FINALIZED_WITHIN_C2_LIMIT,0.117763,1.348
1533,40000.0,0.6244,explore,LIU_QUORUM,4.0,0.5,0.0767,1,1,1,FINALIZED_WITHIN_C2_LIMIT,0.144993,1.571
1534,40000.0,0.6242,greedy,ZYZZYVA,4.0,0.5,0.0738,1,1,1,FINALIZED_WITHIN_C2_LIMIT,0.056325,1.374
1535,20000.0,0.6239,explore,PBFT,4.0,1.0,0.1368,1,1,1,FINALIZED_WITHIN_C2_LIMIT,0.381155,1.558
1536,5000.0,0.6237,explore,LIU_QUORUM,4.0,4.0,0.1208,1,1,1,FINALIZED_WITHIN_C2_LIMIT,0.549803,1.476
1537,3636.364,0.6234,explore,ZYZZYVA,4.0,5.5,0.0278,1,1,1,FINALIZED_WITHIN_C2_LIMIT,0.206964,1.561
1538,10000.0,0.6232,explore,ZYZZYVA,4.0,2.0,0.0647,1,1,1,FINALIZED_WITHIN_C2_LIMIT,0.16931,1.76
1539,4444.444,0.6229,explore,LIU_QUORUM,4.0,4.5,0.0708,1,1,1,FINALIZED_WITHIN_C2_LIMIT,0.511078,1.576
1540,40000.0,0.6227,greedy,ZYZZYVA,4.0,0.5,0.0726,1,1,1,FINALIZED_WITHIN_C2_LIMIT,0.20959,1.598
1541,4000.0,0.6225,explore,LIU_QUORUM,4.0,5.0,0.0401,1,1,1,FINALIZED_WITHIN_C2_LIMIT,0.151403,1.684
1542,3333.333,0.6222,explore,PBFT,4.0,6.0,0.104,1,1,1,FINALIZED_WITHIN_C2_LIMIT,0.21836,1.638
1543,3076.923,0.622,explore,LIU_QUORUM,4.0,6.5,0.0668,1,1,1,FINALIZED_WITHIN_C2_LIMIT,0.088983,1.342
1544,40000.0,0.6217,greedy,ZYZZYVA,4.0,0.5,0.0726,1,1,1,FINALIZED_WITHIN_C2_LIMIT,0.292415,1.506
1545,4444.444,0.6215,explore,PBFT,4.0,4.5,0.0288,1,1,1,FINALIZED_WITHIN_C2_LIMIT,0.443953,1.6
1546,40000.0,0.6212,explore,ZYZZYVA,4.0,0.5,0.0299,1,1,1,FINALIZED_WITHIN_C2_LIMIT,0.242165,1.827
1547,2666.667,0.621,explore,LIU_QUORUM,4.0,7.5,0.1416,1,1,1,FINALIZED_WITHIN_C2_LIMIT,0.145381,1.674
1548,40000.0,0.6207,greedy,ZYZZYVA,4.0,0.5,0.0826,1,1,1,FINALIZED_WITHIN_C2_LIMIT,0.343487,1.681
1549,2000.0,0.6205,explore,LIU_QUORUM,4.0,10.0,0.0963,1,1,1,FINALIZED_WITHIN_C2_LIMIT,0.099869,1.497
1550,40000.0,0.6202,greedy,ZYZZYVA,4.0,0.5,0.0826,1,1,1,FINALIZED_WITHIN_C2_LIMIT,0.247322,1.644
1551,2222.222,0.62,explore,ZYZZYVA,4.0,9.0,0.069,1,1,1,FINALIZED_WITHIN_C2_LIMIT,0.362609,1.699
1552,5000.0,0.6198,explore,LIU_QUORUM,4.0,4.0,0.0786,1,1,1,FINALIZED_WITHIN_C2_LIMIT,0.184504,1.773
1553,40000.0,0.6195,greedy,ZYZZYVA,4.0,0.5,0.115,1,1,1,FINALIZED_WITHIN_C2_LIMIT,0.212728,1.738
1554,2352.941,0.6193,explore,ZYZZYVA,4.0,8.5,0.1085,1,1,1,FINALIZED_WITHIN_C2_LIMIT,0.398537,1.737
1555,5714.286,0.619,explore,PBFT,4.0,3.5,0.0768,1,1,1,FINALIZED_WITHIN_C2_LIMIT,0.126799,1.654
1556,2857.143,0.6188,explore,ZYZZYVA,4.0,7.0,0.0789,1,1,1,FINALIZED_WITHIN_C2_LIMIT,0.207481,1.559
1557,40000.0,0.6185,greedy,ZYZZYVA,4.0,0.5,0.0733,1,1,1,FINALIZED_WITHIN_C2_LIMIT,0.360197,1.86
1558,4000.0,0.6183,explore,LIU_QUORUM,4.0,5.0,0.0697,1,1,1,FINALIZED_WITHIN_C2_LIMIT,0.161871,1.739
1559,40000.0,0.618,explore,LIU_QUORUM,4.0,0.5,0.0291,1,1,1,FINALIZED_WITHIN_C2_LIMIT,0.147012,1.573
1560,40000.0,0.6178,greedy,ZYZZYVA,4.0,0.5,0.0788,1,1,1,FINALIZED_WITHIN_C2_LIMIT,0.28726,1.494
1561,40000.0,0.6176,greedy,ZYZZYVA,4.0,0.5,0.0726,1,1,1,FINALIZED_WITHIN_C2_LIMIT,0.074821,1.278
1562,8000.0,0.6173,explore,LIU_QUORUM,4.0,2.5,0.0809,1,1,1,FINALIZED_WITHIN_C2_LIMIT,0.272262,1.352
1563,6666.667,0.6171,explore,ZYZZYVA,4.0,3.0,0.0315,1,1,1,FINALIZED_WITHIN_C2_LIMIT,0.411872,1.543
1564,2222.222,0.6168,explore,LIU_QUORUM,4.0,9.0,0.0741,1,1,1,FINALIZED_WITHIN_C2_LIMIT,0.21044,1.623
1565,40000.0,0.6166,greedy,ZYZZYVA,4.0,0.5,0.071,1,1,1,FINALIZED_WITHIN_C2_LIMIT,0.115367,2.016
1566,40000.0,0.6163,greedy,ZYZZYVA,4.0,0.5,0.0788,1,1,1,FINALIZED_WITHIN_C2_LIMIT,0.209528,1.628
1567,40000.0,0.6161,greedy,ZYZZYVA,4.0,0.5,0.071,1,1,1,FINALIZED_WITHIN_C2_LIMIT,0.055057,1.483
1568,2857.143,0.6158,explore,LIU_QUORUM,4.0,7.0,0.0767,1,1,1,FINALIZED_WITHIN_C2_LIMIT,0.355781,2.061
1569,40000.0,0.6156,greedy,ZYZZYVA,4.0,0.5,0.0726,1,1,1,FINALIZED_WITHIN_C2_LIMIT,0.566933,1.566
1570,2000.0,0.6154,explore,ZYZZYVA,4.0,10.0,0.1284,1,1,1,FINALIZED_WITHIN_C2_LIMIT,0.254061,1.537
1571,40000.0,0.6151,greedy,ZYZZYVA,4.0,0.5,0.0726,1,1,1,FINALIZED_WITHIN_C2_LIMIT,0.097597,1.574
1572,5000.0,0.6149,explore,PBFT,4.0,4.0,0.0686,1,1,1,FINALIZED_WITHIN_C2_LIMIT,0.153745,1.59
1573,40000.0,0.6146,greedy,ZYZZYVA,4.0,0.5,0.0801,1,1,1,FINALIZED_WITHIN_C2_LIMIT,0.043749,1.824
1574,2666.667,0.6144,explore,LIU_QUORUM,4.0,7.5,0.0669,1,1,1,FINALIZED_WITHIN_C2_LIMIT,0.36189,1.603
1575,2857.143,0.6141,explore,ZYZZYVA,4.0,7.0,0.067,1,1,1,FINALIZED_WITHIN_C2_LIMIT,0.566678,1.721
1576,40000.0,0.6139,greedy,ZYZZYVA,4.0,0.5,0.0794,1,1,1,FINALIZED_WITHIN_C2_LIMIT,0.210458,1.339
1577,40000.0,0.6136,greedy,ZYZZYVA,4.0,0.5,0.0985,1,1,1,FINALIZED_WITHIN_C2_LIMIT,0.087062,1.549
1578,40000.0,0.6134,greedy,ZYZZYVA,4.0,0.5,0.0985,1,1,1,FINALIZED_WITHIN_C2_LIMIT,0.212672,1.615
1579,10000.0,0.6131,explore,PBFT,4.0,2.0,0.0739,1,1,1,FINALIZED_WITHIN_C2_LIMIT,0.042036,1.611
1580,2857.143,0.6129,explore,LIU_QUORUM,4.0,7.0,0.0741,1,1,1,FINALIZED_WITHIN_C2_LIMIT,0.244244,1.603
1581,20000.0,0.6127,explore,PBFT,4.0,1.0,0.1831,1,1,1,FINALIZED_WITHIN_C2_LIMIT,0.446269,1.637
1582,40000.0,0.6124,greedy,ZYZZYVA,4.0,0.5,0.0794,1,1,1,FINALIZED_WITHIN_C2_LIMIT,0.193469,1.374
1583,2222.222,0.6122,explore,PBFT,4.0,9.0,0.0453,1,1,1,FINALIZED_WITHIN_C2_LIMIT,0.149823,1.617
1584,5000.0,0.6119,explore,PBFT,4.0,4.0,0.0685,1,1,1,FINALIZED_WITHIN_C2_LIMIT,0.327594,1.51
1585,3636.364,0.6117,explore,LIU_QUORUM,4.0,5.5,0.0933,1,1,1,FINALIZED_WITHIN_C2_LIMIT,0.093262,1.521
1586,20000.0,0.6114,explore,ZYZZYVA,4.0,1.0,0.104,1,1,1,FINALIZED_WITHIN_C2_LIMIT,0.235504,1.639
1587,40000.0,0.6112,greedy,ZYZZYVA,4.0,0.5,0.115,1,1,1,FINALIZED_WITHIN_C2_LIMIT,0.365117,1.607
1588,2000.0,0.6109,explore,PBFT,4.0,10.0,0.0683,1,1,1,FINALIZED_WITHIN_C2_LIMIT,0.150262,2.063
1589,6666.667,0.6107,explore,PBFT,4.0,3.0,0.1582,1,1,1,FINALIZED_WITHIN_C2_LIMIT,0.162252,1.762
1590,0.0,0.6104,explore,LIU_QUORUM,4.0,0.5,0.2811,0,1,1,FINALIZED_WITHIN_C2_LIMIT,0.257263,1.336
1591,40000.0,0.6102,greedy,ZYZZYVA,4.0,0.5,0.1003,1,1,1,FINALIZED_WITHIN_C2_LIMIT,0.12203,1.573
1592,40000.0,0.61,greedy,ZYZZYVA,4.0,0.5,0.0939,1,1,1,FINALIZED_WITHIN_C2_LIMIT,0.262807,1.53
1593,6666.667,0.6097,explore,ZYZZYVA,4.0,3.0,0.1001,1,1,1,FINALIZED_WITHIN_C2_LIMIT,0.430298,1.472
1594,5714.286,0.6095,explore,PBFT,4.0,3.5,0.1368,1,1,1,FINALIZED_WITHIN_C2_LIMIT,0.155434,1.405
1595,2500.0,0.6092,explore,ZYZZYVA,4.0,8.0,0.0288,1,1,1,FINALIZED_WITHIN_C2_LIMIT,0.129962,2.001
1596,40000.0,0.609,greedy,ZYZZYVA,4.0,0.5,0.071,1,1,1,FINALIZED_WITHIN_C2_LIMIT,0.278331,2.055
1597,13333.333,0.6087,explore,ZYZZYVA,4.0,1.5,0.0688,1,1,1,FINALIZED_WITHIN_C2_LIMIT,0.095588,1.678
1598,2222.222,0.6085,explore,ZYZZYVA,4.0,9.0,0.1582,1,1,1,FINALIZED_WITHIN_C2_LIMIT,0.31559,1.527
1599,40000.0,0.6082,greedy,ZYZZYVA,4.0,0.5,0.0712,1,1,1,FINALIZED_WITHIN_C2_LIMIT,0.534791,1.544
1600,40000.0,0.608,greedy,ZYZZYVA,4.0,0.5,0.0712,1,1,1,FINALIZED_WITHIN_C2_LIMIT,0.102699,1.392
1601,40000.0,0.6078,greedy,ZYZZYVA,4.0,0.5,0.0557,1,1,1,FINALIZED_WITHIN_C2_LIMIT,0.705088,1.636
1602,2000.0,0.6075,explore,PBFT,4.0,10.0,0.0786,1,1,1,FINALIZED_WITHIN_C2_LIMIT,1.368982,1.506
1603,2352.941,0.6073,explore,PBFT,4.0,8.5,0.0758,1,1,1,FINALIZED_WITHIN_C2_LIMIT,1.234431,1.711
1604,6666.667,0.607,explore,LIU_QUORUM,4.0,3.0,0.0453,1,1,1,FINALIZED_WITHIN_C2_LIMIT,0.453547,1.482
1605,0.0,0.6068,explore,PBFT,4.0,8.5,0.2536,0,1,1,FINALIZED_WITHIN_C2_LIMIT,0.17161,1.415
1606,6666.667,0.6065,explore,PBFT,4.0,3.0,0.0708,1,1,1,FINALIZED_WITHIN_C2_LIMIT,0.477617,1.89
1607,40000.0,0.6063,greedy,ZYZZYVA,4.0,0.5,0.0666,1,1,1,FINALIZED_WITHIN_C2_LIMIT,0.331486,1.917
1608,3333.333,0.606,explore,PBFT,4.0,6.0,0.0291,1,1,1,FINALIZED_WITHIN_C2_LIMIT,0.07489,1.65
1609,20000.0,0.6058,explore,PBFT,4.0,1.0,0.0316,1,1,1,FINALIZED_WITHIN_C2_LIMIT,0.707359,1.723
1610,4444.444,0.6056,explore,PBFT,4.0,4.5,0.0671,1,1,1,FINALIZED_WITHIN_C2_LIMIT,1.338953,1.541
1611,40000.0,0.6053,greedy,ZYZZYVA,4.0,0.5,0.0713,1,1,1,FINALIZED_WITHIN_C2_LIMIT,1.094498,1.714
1612,2352.941,0.6051,explore,LIU_QUORUM,4.0,8.5,0.1982,1,1,1,FINALIZED_WITHIN_C2_LIMIT,0.220232,1.983
1613,40000.0,0.6048,greedy,ZYZZYVA,4.0,0.5,0.1592,1,1,1,FINALIZED_WITHIN_C2_LIMIT,0.59379,1.823
1614,40000.0,0.6046,greedy,ZYZZYVA,4.0,0.5,0.1592,1,1,1,FINALIZED_WITHIN_C2_LIMIT,1.397968,1.288
1615,2857.143,0.6043,explore,ZYZZYVA,4.0,7.0,0.0705,1,1,1,FINALIZED_WITHIN_C2_LIMIT,1.045384,1.42
1616,4444.444,0.6041,explore,LIU_QUORUM,4.0,4.5,0.0702,1,1,1,FINALIZED_WITHIN_C2_LIMIT,0.226693,1.804
1617,40000.0,0.6038,greedy,ZYZZYVA,4.0,0.5,0.0794,1,1,1,FINALIZED_WITHIN_C2_LIMIT,0.325373,1.657
1618,6666.667,0.6036,explore,ZYZZYVA,4.0,3.0,0.067,1,1,1,FINALIZED_WITHIN_C2_LIMIT,0.951304,1.573
1619,40000.0,0.6033,greedy,ZYZZYVA,4.0,0.5,0.0658,1,1,1,FINALIZED_WITHIN_C2_LIMIT,0.712195,1.455
1620,5714.286,0.6031,explore,ZYZZYVA,4.0,3.5,0.0312,1,1,1,FINALIZED_WITHIN_C2_LIMIT,0.276208,1.513
1621,2666.667,0.6029,explore,PBFT,4.0,7.5,0.1582,1,1,1,FINALIZED_WITHIN_C2_LIMIT,0.43352,1.478
1622,40000.0,0.6026,greedy,ZYZZYVA,4.0,0.5,0.0499,1,1,1,FINALIZED_WITHIN_C2_LIMIT,0.980191,1.485
1623,40000.0,0.6024,greedy,ZYZZYVA,4.0,0.5,0.0499,1,1,1,FINALIZED_WITHIN_C2_LIMIT,0.783493,1.542
1624,4000.0,0.6021,explore,ZYZZYVA,4.0,5.0,0.0647,1,1,1,FINALIZED_WITHIN_C2_LIMIT,0.18415,1.538
1625,40000.0,0.6019,greedy,ZYZZYVA,4.0,0.5,0.0569,1,1,1,FINALIZED_WITHIN_C2_LIMIT,0.453532,1.571
1626,40000.0,0.6016,greedy,ZYZZYVA,4.0,0.5,0.0569,1,1,1,FINALIZED_WITHIN_C2_LIMIT,0.939788,1.332
1627,40000.0,0.6014,greedy,ZYZZYVA,4.0,0.5,0.0569,1,1,1,FINALIZED_WITHIN_C2_LIMIT,0.752725,1.629
1628,4444.444,0.6011,explore,PBFT,4.0,4.5,0.0316,1,1,1,FINALIZED_WITHIN_C2_LIMIT,0.275584,1.824
1629,2857.143,0.6009,explore,PBFT,4.0,7.0,0.0786,1,1,1,FINALIZED_WITHIN_C2_LIMIT,0.34443,1.655
1630,40000.0,0.6007,greedy,ZYZZYVA,4.0,0.5,0.0569,1,1,1,FINALIZED_WITHIN_C2_LIMIT,0.875996,1.704
1631,2222.222,0.6004,explore,LIU_QUORUM,4.0,9.0,0.0697,1,1,1,FINALIZED_WITHIN_C2_LIMIT,0.71624,1.284
1632,13333.333,0.6002,explore,LIU_QUORUM,4.0,1.5,0.0671,1,1,1,FINALIZED_WITHIN_C2_LIMIT,0.142548,1.701
1633,8000.0,0.5999,explore,PBFT,4.0,2.5,0.1582,1,1,1,FINALIZED_WITHIN_C2_LIMIT,0.426646,1.537
1634,3333.333,0.5997,explore,LIU_QUORUM,4.0,6.0,0.0769,1,1,1,FINALIZED_WITHIN_C2_LIMIT,0.971304,1.398
1635,40000.0,0.5994,greedy,ZYZZYVA,4.0,0.5,0.0569,1,1,1,FINALIZED_WITHIN_C2_LIMIT,0.86328,1.392
1636,5714.286,0.5992,explore,ZYZZYVA,4.0,3.5,0.1368,1,1,1,FINALIZED_WITHIN_C2_LIMIT,0.175779,1.609
1637,3076.923,0.5989,explore,PBFT,4.0,6.5,0.0741,1,1,1,FINALIZED_WITHIN_C2_LIMIT,0.273175,1.534
1638,4000.0,0.5987,explore,LIU_QUORUM,4.0,5.0,0.0609,1,1,1,FINALIZED_WITHIN_C2_LIMIT,0.638711,1.639
1639,40000.0,0.5984,greedy,ZYZZYVA,4.0,0.5,0.0569,1,1,1,FINALIZED_WITHIN_C2_LIMIT,0.490355,1.357
1640,2222.222,0.5982,explore,LIU_QUORUM,4.0,9.0,0.1208,1,1,1,FINALIZED_WITHIN_C2_LIMIT,0.070382,1.575
1641,40000.0,0.598,greedy,ZYZZYVA,4.0,0.5,0.0569,1,1,1,FINALIZED_WITHIN_C2_LIMIT,0.604885,1.36
1642,40000.0,0.5977,greedy,ZYZZYVA,4.0,0.5,0.0569,1,1,1,FINALIZED_WITHIN_C2_LIMIT,1.189417,2.05
1643,4444.444,0.5975,explore,LIU_QUORUM,4.0,4.5,0.0679,1,1,1,FINALIZED_WITHIN_C2_LIMIT,0.981227,1.475
1644,40000.0,0.5972,greedy,ZYZZYVA,4.0,0.5,0.0569,1,1,1,FINALIZED_WITHIN_C2_LIMIT,0.318636,1.835
1645,40000.0,0.597,greedy,ZYZZYVA,4.0,0.5,0.0569,1,1,1,FINALIZED_WITHIN_C2_LIMIT,0.175969,1.664
1646,3636.364,0.5967,explore,ZYZZYVA,4.0,5.5,0.0671,1,1,1,FINALIZED_WITHIN_C2_LIMIT,0.564931,1.52
1647,40000.0,0.5965,greedy,ZYZZYVA,4.0,0.5,0.0569,1,1,1,FINALIZED_WITHIN_C2_LIMIT,0.496331,1.566
1648,40000.0,0.5962,explore,LIU_QUORUM,4.0,0.5,0.0288,1,1,1,FINALIZED_WITHIN_C2_LIMIT,0.063481,1.606
1649,40000.0,0.596,greedy,ZYZZYVA,4.0,0.5,0.0569,1,1,1,FINALIZED_WITHIN_C2_LIMIT,0.619723,1.599
1650,5000.0,0.5958,explore,ZYZZYVA,4.0,4.0,0.0312,1,1,1,FINALIZED_WITHIN_C2_LIMIT,1.255361,1.539
1651,40000.0,0.5955,greedy,ZYZZYVA,4.0,0.5,0.0569,1,1,1,FINALIZED_WITHIN_C2_LIMIT,1.368681,1.754
1652,13333.333,0.5953,explore,LIU_QUORUM,4.0,1.5,0.0558,1,1,1,FINALIZED_WITHIN_C2_LIMIT,0.430821,1.581
1653,3076.923,0.595,explore,ZYZZYVA,4.0,6.5,0.0558,1,1,1,FINALIZED_WITHIN_C2_LIMIT,0.146574,1.766
1654,40000.0,0.5948,greedy,ZYZZYVA,4.0,0.5,0.0569,1,1,1,FINALIZED_WITHIN_C2_LIMIT,0.51858,1.531
1655,3636.364,0.5945,explore,PBFT,4.0,5.5,0.1723,1,1,1,FINALIZED_WITHIN_C2_LIMIT,0.306995,1.727
1656,10000.0,0.5943,explore,LIU_QUORUM,4.0,2.0,0.0683,1,1,1,FINALIZED_WITHIN_C2_LIMIT,0.124821,1.506
1657,40000.0,0.594,greedy,ZYZZYVA,4.0,0.5,0.0569,1,1,1,FINALIZED_WITHIN_C2_LIMIT,0.662333,1.584
1658,3076.923,0.5938,explore,LIU_QUORUM,4.0,6.5,0.0674,1,1,1,FINALIZED_WITHIN_C2_LIMIT,1.306924,1.484
1659,2500.0,0.5935,explore,ZYZZYVA,4.0,8.0,0.0933,1,1,1,FINALIZED_WITHIN_C2_LIMIT,1.211245,1.61
1660,2222.222,0.5933,explore,LIU_QUORUM,4.0,9.0,0.0282,1,1,1,FINALIZED_WITHIN_C2_LIMIT,0.297935,1.625
1661,5714.286,0.5931,explore,LIU_QUORUM,4.0,3.5,0.0741,1,1,1,FINALIZED_WITHIN_C2_LIMIT,0.182472,1.668
1662,40000.0,0.5928,greedy,ZYZZYVA,4.0,0.5,0.0637,1,1,1,FINALIZED_WITHIN_C2_LIMIT,0.430559,1.523
1663,10000.0,0.5926,explore,ZYZZYVA,4.0,2.0,0.1459,1,1,1,FINALIZED_WITHIN_C2_LIMIT,0.389663,1.674
1664,0.0,0.5923,explore,ZYZZYVA,4.0,5.0,0.2103,0,1,1,FINALIZED_WITHIN_C2_LIMIT,0.046484,1.721
1665,2222.222,0.5921,explore,PBFT,4.0,9.0,0.0362,1,1,1,FINALIZED_WITHIN_C2_LIMIT,0.292231,1.692
1666,40000.0,0.5918,greedy,ZYZZYVA,4.0,0.5,0.0541,1,1,1,FINALIZED_WITHIN_C2_LIMIT,0.627162,1.404
1667,40000.0,0.5916,greedy,ZYZZYVA,4.0,0.5,0.0541,1,1,1,FINALIZED_WITHIN_C2_LIMIT,0.412291,1.473
1668,6666.667,0.5913,explore,ZYZZYVA,4.0,3.0,0.0767,1,1,1,FINALIZED_WITHIN_C2_LIMIT,0.088395,1.321
1669,40000.0,0.5911,greedy,ZYZZYVA,4.0,0.5,0.0562,1,1,1,FINALIZED_WITHIN_C2_LIMIT,0.111457,1.515
1670,40000.0,0.5909,greedy,ZYZZYVA,4.0,0.5,0.0541,1,1,1,FINALIZED_WITHIN_C2_LIMIT,0.05018,1.508
1671,4000.0,0.5906,explore,PBFT,4.0,5.0,0.0697,1,1,1,FINALIZED_WITHIN_C2_LIMIT,0.491843,1.622
1672,40000.0,0.5904,greedy,ZYZZYVA,4.0,0.5,0.0562,1,1,1,FINALIZED_WITHIN_C2_LIMIT,0.676921,1.495
1673,5714.286,0.5901,explore,LIU_QUORUM,4.0,3.5,0.0786,1,1,1,FINALIZED_WITHIN_C2_LIMIT,0.307762,1.47
1674,3333.333,0.5899,explore,ZYZZYVA,4.0,6.0,0.0679,1,1,1,FINALIZED_WITHIN_C2_LIMIT,0.068817,1.665
1675,40000.0,0.5896,greedy,ZYZZYVA,4.0,0.5,0.0676,1,1,1,FINALIZED_WITHIN_C2_LIMIT,0.177654,1.543
1676,40000.0,0.5894,greedy,ZYZZYVA,4.0,0.5,0.0676,1,1,1,FINALIZED_WITHIN_C2_LIMIT,0.085325,1.765
1677,40000.0,0.5891,greedy,ZYZZYVA,4.0,0.5,0.0676,1,1,1,FINALIZED_WITHIN_C2_LIMIT,0.336055,1.548
1678,5000.0,0.5889,explore,ZYZZYVA,4.0,4.0,0.068,1,1,1,FINALIZED_WITHIN_C2_LIMIT,0.559687,1.624
1679,40000.0,0.5886,greedy,ZYZZYVA,4.0,0.5,0.076,1,1,1,FINALIZED_WITHIN_C2_LIMIT,0.241902,2.018
1680,2105.263,0.5884,explore,PBFT,4.0,9.5,0.0809,1,1,1,FINALIZED_WITHIN_C2_LIMIT,0.134103,2.1
1681,4444.444,0.5882,explore,PBFT,4.0,4.5,0.1582,1,1,1,FINALIZED_WITHIN_C2_LIMIT,0.291238,2.146
1682,20000.0,0.5879,explore,PBFT,4.0,1.0,0.0881,1,1,1,FINALIZED_WITHIN_C2_LIMIT,0.103625,1.513
1683,40000.0,0.5877,explore,PBFT,4.0,0.5,0.0786,1,1,1,FINALIZED_WITHIN_C2_LIMIT,0.285203,1.349
1684,13333.333,0.5874,explore,ZYZZYVA,4.0,1.5,0.1001,1,1,1,FINALIZED_WITHIN_C2_LIMIT,0.396968,1.474
1685,40000.0,0.5872,greedy,ZYZZYVA,4.0,0.5,0.087,1,1,1,FINALIZED_WITHIN_C2_LIMIT,0.163963,1.637
1686,40000.0,0.5869,greedy,ZYZZYVA,4.0,0.5,0.1051,1,1,1,FINALIZED_WITHIN_C2_LIMIT,0.216524,1.676
1687,40000.0,0.5867,greedy,ZYZZYVA,4.0,0.5,0.1051,1,1,1,FINALIZED_WITHIN_C2_LIMIT,0.348723,1.615
1688,2666.667,0.5864,explore,PBFT,4.0,7.5,0.0609,1,1,1,FINALIZED_WITHIN_C2_LIMIT,0.151749,1.686
1689,40000.0,0.5862,greedy,ZYZZYVA,4.0,0.5,0.0753,1,1,1,FINALIZED_WITHIN_C2_LIMIT,0.211332,1.92
1690,3636.364,0.5859,explore,LIU_QUORUM,4.0,5.5,0.0291,1,1,1,FINALIZED_WITHIN_C2_LIMIT,0.339568,1.408
1691,20000.0,0.5857,explore,LIU_QUORUM,4.0,1.0,0.0741,1,1,1,FINALIZED_WITHIN_C2_LIMIT,0.101651,1.673
1692,4000.0,0.5855,explore,ZYZZYVA,4.0,5.0,0.1831,1,1,1,FINALIZED_WITHIN_C2_LIMIT,0.224096,1.614
1693,40000.0,0.5852,greedy,ZYZZYVA,4.0,0.5,0.0676,1,1,1,FINALIZED_WITHIN_C2_LIMIT,0.516199,1.678
1694,8000.0,0.585,explore,PBFT,4.0,2.5,0.0963,1,1,1,FINALIZED_WITHIN_C2_LIMIT,0.157221,1.59
1695,40000.0,0.5847,greedy,ZYZZYVA,4.0,0.5,0.0676,1,1,1,FINALIZED_WITHIN_C2_LIMIT,0.163813,1.398
1696,40000.0,0.5845,greedy,ZYZZYVA,4.0,0.5,0.0568,1,1,1,FINALIZED_WITHIN_C2_LIMIT,0.27054,1.56
1697,40000.0,0.5842,greedy,ZYZZYVA,4.0,0.5,0.0591,1,1,1,FINALIZED_WITHIN_C2_LIMIT,0.093395,1.462
1698,40000.0,0.584,greedy,ZYZZYVA,4.0,0.5,0.0591,1,1,1,FINALIZED_WITHIN_C2_LIMIT,0.228164,1.616
1699,2352.941,0.5837,explore,PBFT,4.0,8.5,0.0282,1,1,1,FINALIZED_WITHIN_C2_LIMIT,0.402789,1.755
1700,40000.0,0.5835,greedy,ZYZZYVA,4.0,0.5,0.0591,1,1,1,FINALIZED_WITHIN_C2_LIMIT,0.107808,1.901
1701,40000.0,0.5833,greedy,ZYZZYVA,4.0,0.5,0.0562,1,1,1,FINALIZED_WITHIN_C2_LIMIT,0.199783,2.088
1702,8000.0,0.583,explore,PBFT,4.0,2.5,0.0298,1,1,1,FINALIZED_WITHIN_C2_LIMIT,0.442569,2.444
1703,6666.667,0.5828,explore,PBFT,4.0,3.0,0.0779,1,1,1,FINALIZED_WITHIN_C2_LIMIT,0.199449,1.59
1704,40000.0,0.5825,greedy,ZYZZYVA,4.0,0.5,0.0591,1,1,1,FINALIZED_WITHIN_C2_LIMIT,0.143821,1.712
1705,4444.444,0.5823,explore,LIU_QUORUM,4.0,4.5,0.0758,1,1,1,FINALIZED_WITHIN_C2_LIMIT,0.293488,1.768
1706,13333.333,0.582,explore,ZYZZYVA,4.0,1.5,0.0694,1,1,1,FINALIZED_WITHIN_C2_LIMIT,0.091971,1.739
1707,2857.143,0.5818,explore,PBFT,4.0,7.0,0.0299,1,1,1,FINALIZED_WITHIN_C2_LIMIT,0.255438,1.772
1708,40000.0,0.5815,greedy,ZYZZYVA,4.0,0.5,0.0562,1,1,1,FINALIZED_WITHIN_C2_LIMIT,0.452829,1.766
1709,40000.0,0.5813,greedy,ZYZZYVA,4.0,0.5,0.0541,1,1,1,FINALIZED_WITHIN_C2_LIMIT,0.204905,1.603
1710,3636.364,0.5811,explore,PBFT,4.0,5.5,0.0787,1,1,1,FINALIZED_WITHIN_C2_LIMIT,0.145626,1.7
1711,6666.667,0.5808,explore,PBFT,4.0,3.0,0.1831,1,1,1,FINALIZED_WITHIN_C2_LIMIT,0.179555,2.031
1712,2666.667,0.5806,explore,ZYZZYVA,4.0,7.5,0.1001,1,1,1,FINALIZED_WITHIN_C2_LIMIT,0.072962,2.035
1713,40000.0,0.5803,greedy,ZYZZYVA,4.0,0.5,0.0541,1,1,1,FINALIZED_WITHIN_C2_LIMIT,0.355176,1.686
1714,2000.0,0.5801,explore,PBFT,4.0,10.0,0.0312,1,1,1,FINALIZED_WITHIN_C2_LIMIT,0.445985,2.0
1715,40000.0,0.5798,greedy,ZYZZYVA,4.0,0.5,0.0562,1,1,1,FINALIZED_WITHIN_C2_LIMIT,0.21874,1.961
1716,0.0,0.5796,explore,PBFT,4.0,3.5,0.2811,0,1,1,FINALIZED_WITHIN_C2_LIMIT,0.098598,2.111
1717,2666.667,0.5793,explore,ZYZZYVA,4.0,7.5,0.0933,1,1,1,FINALIZED_WITHIN_C2_LIMIT,0.19735,1.904
1718,2352.941,0.5791,explore,ZYZZYVA,4.0,8.5,0.1416,1,1,1,FINALIZED_WITHIN_C2_LIMIT,0.087551,1.736
1719,13333.333,0.5788,explore,PBFT,4.0,1.5,0.0671,1,1,1,FINALIZED_WITHIN_C2_LIMIT,0.319413,2.09
1720,0.0,0.5786,explore,LIU_QUORUM,4.0,1.0,0.2251,0,1,1,FINALIZED_WITHIN_C2_LIMIT,0.453402,1.843
1721,2352.941,0.5784,explore,PBFT,4.0,8.5,0.1208,1,1,1,FINALIZED_WITHIN_C2_LIMIT,0.203824,1.505
1722,40000.0,0.5781,greedy,ZYZZYVA,4.0,0.5,0.0562,1,1,1,FINALIZED_WITHIN_C2_LIMIT,0.184856,1.926
1723,3076.923,0.5779,explore,ZYZZYVA,4.0,6.5,0.1141,1,1,1,FINALIZED_WITHIN_C2_LIMIT,0.269959,1.834
1724,40000.0,0.5776,greedy,ZYZZYVA,4.0,0.5,0.0562,1,1,1,FINALIZED_WITHIN_C2_LIMIT,0.115401,1.693
1725,4000.0,0.5774,explore,PBFT,4.0,5.0,0.0705,1,1,1,FINALIZED_WITHIN_C2_LIMIT,0.196071,1.628
1726,40000.0,0.5771,greedy,ZYZZYVA,4.0,0.5,0.0562,1,1,1,FINALIZED_WITHIN_C2_LIMIT,0.375354,1.902
1727,2105.263,0.5769,explore,ZYZZYVA,4.0,9.5,0.1582,1,1,1,FINALIZED_WITHIN_C2_LIMIT,0.113812,1.656
1728,40000.0,0.5766,greedy,ZYZZYVA,4.0,0.5,0.0591,1,1,1,FINALIZED_WITHIN_C2_LIMIT,0.132704,1.652
1729,0.0,0.5764,explore,PBFT,4.0,3.0,0.2103,0,1,1,FINALIZED_WITHIN_C2_LIMIT,0.288569,1.723
1730,13333.333,0.5761,explore,LIU_QUORUM,4.0,1.5,0.0316,1,1,1,FINALIZED_WITHIN_C2_LIMIT,0.100653,1.698
1731,4444.444,0.5759,explore,PBFT,4.0,4.5,0.0683,1,1,1,FINALIZED_WITHIN_C2_LIMIT,0.188338,1.868
1732,40000.0,0.5757,greedy,ZYZZYVA,4.0,0.5,0.0591,1,1,1,FINALIZED_WITHIN_C2_LIMIT,0.366439,1.823
1733,40000.0,0.5754,greedy,ZYZZYVA,4.0,0.5,0.0568,1,1,1,FINALIZED_WITHIN_C2_LIMIT,0.116216,1.51
1734,40000.0,0.5752,greedy,ZYZZYVA,4.0,0.5,0.0676,1,1,1,FINALIZED_WITHIN_C2_LIMIT,0.195234,1.567
1735,2000.0,0.5749,explore,PBFT,4.0,10.0,0.0708,1,1,1,FINALIZED_WITHIN_C2_LIMIT,0.324871,1.889
1736,5000.0,0.5747,explore,ZYZZYVA,4.0,4.0,0.03,1,1,1,FINALIZED_WITHIN_C2_LIMIT,0.099634,2.02
1737,40000.0,0.5744,greedy,ZYZZYVA,4.0,0.5,0.0591,1,1,1,FINALIZED_WITHIN_C2_LIMIT,0.232141,1.677
1738,40000.0,0.5742,greedy,ZYZZYVA,4.0,0.5,0.0591,1,1,1,FINALIZED_WITHIN_C2_LIMIT,0.44959,1.602
1739,40000.0,0.5739,greedy,ZYZZYVA,4.0,0.5,0.0591,1,1,1,FINALIZED_WITHIN_C2_LIMIT,0.174321,1.597
1740,5000.0,0.5737,explore,LIU_QUORUM,4.0,4.0,0.0769,1,1,1,FINALIZED_WITHIN_C2_LIMIT,0.100103,1.707
1741,3076.923,0.5735,explore,PBFT,4.0,6.5,0.19,1,1,1,FINALIZED_WITHIN_C2_LIMIT,0.185662,1.663
1742,3333.333,0.5732,explore,ZYZZYVA,4.0,6.0,0.1208,1,1,1,FINALIZED_WITHIN_C2_LIMIT,0.079624,1.89
1743,4444.444,0.573,explore,ZYZZYVA,4.0,4.5,0.0298,1,1,1,FINALIZED_WITHIN_C2_LIMIT,0.299126,1.697
1744,40000.0,0.5727,greedy,ZYZZYVA,4.0,0.5,0.0562,1,1,1,FINALIZED_WITHIN_C2_LIMIT,0.513526,1.633
1745,0.0,0.5725,explore,PBFT,4.0,10.0,0.2251,0,1,1,FINALIZED_WITHIN_C2_LIMIT,0.264557,1.964
1746,40000.0,0.5722,greedy,ZYZZYVA,4.0,0.5,0.0591,1,1,1,FINALIZED_WITHIN_C2_LIMIT,0.088538,1.604
1747,40000.0,0.572,greedy,ZYZZYVA,4.0,0.5,0.0591,1,1,1,FINALIZED_WITHIN_C2_LIMIT,0.233589,1.536
1748,10000.0,0.5717,explore,ZYZZYVA,4.0,2.0,0.0739,1,1,1,FINALIZED_WITHIN_C2_LIMIT,0.09231,2.216
1749,5000.0,0.5715,explore,ZYZZYVA,4.0,4.0,0.0705,1,1,1,FINALIZED_WITHIN_C2_LIMIT,0.320387,1.727
1750,4000.0,0.5713,explore,ZYZZYVA,4.0,5.0,0.0312,1,1,1,FINALIZED_WITHIN_C2_LIMIT,0.40081,2.101
1751,40000.0,0.571,greedy,ZYZZYVA,4.0,0.5,0.0591,1,1,1,FINALIZED_WITHIN_C2_LIMIT,0.161159,1.875
1752,40000.0,0.5708,greedy,ZYZZYVA,4.0,0.5,0.076,1,1,1,FINALIZED_WITHIN_C2_LIMIT,0.117241,1.448
1753,40000.0,0.5705,greedy,ZYZZYVA,4.0,0.5,0.076,1,1,1,FINALIZED_WITHIN_C2_LIMIT,0.23226,1.808
1754,40000.0,0.5703,greedy,ZYZZYVA,4.0,0.5,0.076,1,1,1,FINALIZED_WITHIN_C2_LIMIT,0.09134,1.606
1755,40000.0,0.57,explore,ZYZZYVA,4.0,0.5,0.0453,1,1,1,FINALIZED_WITHIN_C2_LIMIT,0.29164,1.754
1756,2857.143,0.5698,explore,PBFT,4.0,7.0,0.1141,1,1,1,FINALIZED_WITHIN_C2_LIMIT,0.532322,1.445
1757,40000.0,0.5695,greedy,ZYZZYVA,4.0,0.5,0.0591,1,1,1,FINALIZED_WITHIN_C2_LIMIT,0.204234,1.759
1758,8000.0,0.5693,explore,LIU_QUORUM,4.0,2.5,0.1459,1,1,1,FINALIZED_WITHIN_C2_LIMIT,0.14028,1.6
1759,40000.0,0.569,greedy,ZYZZYVA,4.0,0.5,0.0676,1,1,1,FINALIZED_WITHIN_C2_LIMIT,0.241719,1.439
1760,2500.0,0.5688,explore,PBFT,4.0,8.0,0.0767,1,1,1,FINALIZED_WITHIN_C2_LIMIT,0.079489,1.591
1761,40000.0,0.5686,greedy,ZYZZYVA,4.0,0.5,0.0591,1,1,1,FINALIZED_WITHIN_C2_LIMIT,0.220574,1.539
1762,2666.667,0.5683,explore,ZYZZYVA,4.0,7.5,0.1284,1,1,1,FINALIZED_WITHIN_C2_LIMIT,0.358721,1.616
1763,40000.0,0.5681,greedy,ZYZZYVA,4.0,0.5,0.0591,1,1,1,FINALIZED_WITHIN_C2_LIMIT,0.149544,2.077
1764,2000.0,0.5678,explore,ZYZZYVA,4.0,10.0,0.0282,1,1,1,FINALIZED_WITHIN_C2_LIMIT,0.188291,1.684
1765,40000.0,0.5676,greedy,ZYZZYVA,4.0,0.5,0.0676,1,1,1,FINALIZED_WITHIN_C2_LIMIT,0.276019,1.786
1766,2857.143,0.5673,explore,ZYZZYVA,4.0,7.0,0.0684,1,1,1,FINALIZED_WITHIN_C2_LIMIT,0.080004,1.72
1767,40000.0,0.5671,greedy,ZYZZYVA,4.0,0.5,0.0591,1,1,1,FINALIZED_WITHIN_C2_LIMIT,0.331824,2.023
1768,13333.333,0.5668,explore,PBFT,4.0,1.5,0.069,1,1,1,FINALIZED_WITHIN_C2_LIMIT,0.364572,1.776
1769,2857.143,0.5666,explore,ZYZZYVA,4.0,7.0,0.0685,1,1,1,FINALIZED_WITHIN_C2_LIMIT,0.170256,1.468
1770,10000.0,0.5664,explore,ZYZZYVA,4.0,2.0,0.0647,1,1,1,FINALIZED_WITHIN_C2_LIMIT,0.101981,1.327
1771,40000.0,0.5661,greedy,ZYZZYVA,4.0,0.5,0.0676,1,1,1,FINALIZED_WITHIN_C2_LIMIT,0.225116,1.494
1772,5000.0,0.5659,explore,LIU_QUORUM,4.0,4.0,0.1459,1,1,1,FINALIZED_WITHIN_C2_LIMIT,0.06905,1.599
1773,40000.0,0.5656,greedy,ZYZZYVA,4.0,0.5,0.0591,1,1,1,FINALIZED_WITHIN_C2_LIMIT,0.261356,1.616
1774,8000.0,0.5654,explore,LIU_QUORUM,4.0,2.5,0.0669,1,1,1,FINALIZED_WITHIN_C2_LIMIT,0.445496,1.616
1775,40000.0,0.5651,greedy,ZYZZYVA,4.0,0.5,0.0591,1,1,1,FINALIZED_WITHIN_C2_LIMIT,0.239632,1.769
1776,40000.0,0.5649,greedy,ZYZZYVA,4.0,0.5,0.0692,1,1,1,FINALIZED_WITHIN_C2_LIMIT,0.084251,1.834
1777,40000.0,0.5646,greedy,ZYZZYVA,4.0,0.5,0.0676,1,1,1,FINALIZED_WITHIN_C2_LIMIT,0.26381,1.49
1778,8000.0,0.5644,explore,LIU_QUORUM,4.0,2.5,0.0786,1,1,1,FINALIZED_WITHIN_C2_LIMIT,0.065057,1.594
1779,40000.0,0.5641,greedy,ZYZZYVA,4.0,0.5,0.0591,1,1,1,FINALIZED_WITHIN_C2_LIMIT,0.285599,1.647
1780,40000.0,0.5639,greedy,ZYZZYVA,4.0,0.5,0.0591,1,1,1,FINALIZED_WITHIN_C2_LIMIT,0.492493,1.772
1781,40000.0,0.5637,greedy,ZYZZYVA,4.0,0.5,0.0591,1,1,1,FINALIZED_WITHIN_C2_LIMIT,0.300888,1.918
1782,40000.0,0.5634,greedy,ZYZZYVA,4.0,0.5,0.0692,1,1,1,FINALIZED_WITHIN_C2_LIMIT,0.072803,1.585
1783,2000.0,0.5632,explore,ZYZZYVA,4.0,10.0,0.0299,1,1,1,FINALIZED_WITHIN_C2_LIMIT,0.188554,2.116
1784,40000.0,0.5629,greedy,ZYZZYVA,4.0,0.5,0.0692,1,1,1,FINALIZED_WITHIN_C2_LIMIT,0.107508,1.644
1785,2500.0,0.5627,explore,PBFT,4.0,8.0,0.1416,1,1,1,FINALIZED_WITHIN_C2_LIMIT,0.042632,1.913
1786,8000.0,0.5624,explore,PBFT,4.0,2.5,0.1723,1,1,1,FINALIZED_WITHIN_C2_LIMIT,0.066005,1.852
1787,40000.0,0.5622,greedy,ZYZZYVA,4.0,0.5,0.076,1,1,1,FINALIZED_WITHIN_C2_LIMIT,0.050632,1.894
1788,2857.143,0.5619,explore,PBFT,4.0,7.0,0.0669,1,1,1,FINALIZED_WITHIN_C2_LIMIT,0.108197,1.652
1789,2105.263,0.5617,explore,PBFT,4.0,9.5,0.0671,1,1,1,FINALIZED_WITHIN_C2_LIMIT,0.076936,1.564
1790,40000.0,0.5615,greedy,ZYZZYVA,4.0,0.5,0.0753,1,1,1,FINALIZED_WITHIN_C2_LIMIT,0.279763,1.43
1791,2000.0,0.5612,explore,PBFT,4.0,10.0,0.0453,1,1,1,FINALIZED_WITHIN_C2_LIMIT,0.376508,1.713
1792,13333.333,0.561,explore,ZYZZYVA,4.0,1.5,0.03,1,1,1,FINALIZED_WITHIN_C2_LIMIT,0.090909,1.934
1793,40000.0,0.5607,greedy,ZYZZYVA,4.0,0.5,0.1458,1,1,1,FINALIZED_WITHIN_C2_LIMIT,0.311787,1.777
1794,40000.0,0.5605,greedy,ZYZZYVA,4.0,0.5,0.1458,1,1,1,FINALIZED_WITHIN_C2_LIMIT,0.694737,1.771
1795,3636.364,0.5602,explore,ZYZZYVA,4.0,5.5,0.0702,1,1,1,FINALIZED_WITHIN_C2_LIMIT,0.368302,1.375
1796,10000.0,0.56,explore,LIU_QUORUM,4.0,2.0,0.0308,1,1,1,FINALIZED_WITHIN_C2_LIMIT,0.049892,1.763
1797,5000.0,0.5597,explore,LIU_QUORUM,4.0,4.0,0.0282,1,1,1,FINALIZED_WITHIN_C2_LIMIT,0.986768,1.45
1798,13333.333,0.5595,explore,LIU_QUORUM,4.0,1.5,0.0702,1,1,1,FINALIZED_WITHIN_C2_LIMIT,1.66646,1.823
1799,5714.286,0.5592,explore,ZYZZYVA,4.0,3.5,0.0668,1,1,1,FINALIZED_WITHIN_C2_LIMIT,0.328487,1.678
1800,2500.0,0.559,explore,ZYZZYVA,4.0,8.0,0.072,1,1,1,FINALIZED_WITHIN_C2_LIMIT,0.081682,1.733
1801,2105.263,0.5588,explore,PBFT,4.0,9.5,0.0702,1,1,1,FINALIZED_WITHIN_C2_LIMIT,0.376025,1.563
1802,40000.0,0.5585,greedy,ZYZZYVA,4.0,0.5,0.0569,1,1,1,FINALIZED_WITHIN_C2_LIMIT,0.872832,1.792
1803,40000.0,0.5583,greedy,ZYZZYVA,4.0,0.5,0.0569,1,1,1,FINALIZED_WITHIN_C2_LIMIT,0.377254,1.609
1804,0.0,0.558,explore,LIU_QUORUM,4.0,2.0,0.2355,0,1,1,FINALIZED_WITHIN_C2_LIMIT,0.077425,1.511
1805,10000.0,0.5578,explore,ZYZZYVA,4.0,2.0,0.0299,1,1,1,FINALIZED_WITHIN_C2_LIMIT,0.146317,1.779
1806,40000.0,0.5575,greedy,ZYZZYVA,4.0,0.5,0.0569,1,1,1,FINALIZED_WITHIN_C2_LIMIT,0.049996,1.609
1807,13333.333,0.5573,explore,LIU_QUORUM,4.0,1.5,0.0278,1,1,1,FINALIZED_WITHIN_C2_LIMIT,0.0756,1.931
1808,40000.0,0.557,greedy,ZYZZYVA,4.0,0.5,0.0569,1,1,1,FINALIZED_WITHIN_C2_LIMIT,0.107838,1.796
1809,2222.222,0.5568,explore,LIU_QUORUM,4.0,9.0,0.1459,1,1,1,FINALIZED_WITHIN_C2_LIMIT,0.11417,1.747
1810,40000.0,0.5565,greedy,ZYZZYVA,4.0,0.5,0.0569,1,1,1,FINALIZED_WITHIN_C2_LIMIT,0.043919,1.852
1811,40000.0,0.5563,greedy,ZYZZYVA,4.0,0.5,0.0569,1,1,1,FINALIZED_WITHIN_C2_LIMIT,0.053273,1.534
1812,40000.0,0.5561,greedy,ZYZZYVA,4.0,0.5,0.0569,1,1,1,FINALIZED_WITHIN_C2_LIMIT,0.076454,1.653
1813,3333.333,0.5558,explore,PBFT,4.0,6.0,0.0558,1,1,1,FINALIZED_WITHIN_C2_LIMIT,0.066208,1.697
1814,4000.0,0.5556,explore,LIU_QUORUM,4.0,5.0,0.19,1,1,1,FINALIZED_WITHIN_C2_LIMIT,0.058507,1.735
1815,40000.0,0.5553,greedy,ZYZZYVA,4.0,0.5,0.0637,1,1,1,FINALIZED_WITHIN_C2_LIMIT,0.068111,1.909
1816,40000.0,0.5551,greedy,ZYZZYVA,4.0,0.5,0.0637,1,1,1,FINALIZED_WITHIN_C2_LIMIT,0.056344,1.879
1817,4000.0,0.5548,explore,PBFT,4.0,5.0,0.0739,1,1,1,FINALIZED_WITHIN_C2_LIMIT,0.073534,1.865
1818,2352.941,0.5546,explore,PBFT,4.0,8.5,0.19,1,1,1,FINALIZED_WITHIN_C2_LIMIT,0.067279,1.697
1819,0.0,0.5543,explore,PBFT,4.0,8.0,0.2536,0,1,1,FINALIZED_WITHIN_C2_LIMIT,0.09411,2.248
1820,40000.0,0.5541,greedy,ZYZZYVA,4.0,0.5,0.0749,1,1,1,FINALIZED_WITHIN_C2_LIMIT,0.115959,1.791
1821,3636.364,0.5539,explore,ZYZZYVA,4.0,5.5,0.0741,1,1,1,FINALIZED_WITHIN_C2_LIMIT,0.059865,1.629
1822,2857.143,0.5536,explore,ZYZZYVA,4.0,7.0,0.0758,1,1,1,FINALIZED_WITHIN_C2_LIMIT,0.343448,1.846
1823,0.0,0.5534,explore,LIU_QUORUM,4.0,5.5,0.2811,0,1,1,FINALIZED_WITHIN_C2_LIMIT,0.565888,1.814
1824,40000.0,0.5531,greedy,ZYZZYVA,4.0,0.5,0.065,1,1,1,FINALIZED_WITHIN_C2_LIMIT,0.140838,1.732
1825,40000.0,0.5529,greedy,ZYZZYVA,4.0,0.5,0.0791,1,1,1,FINALIZED_WITHIN_C2_LIMIT,0.338606,1.788
1826,13333.333,0.5526,explore,ZYZZYVA,4.0,1.5,0.0963,1,1,1,FINALIZED_WITHIN_C2_LIMIT,0.690593,1.644
1827,4444.444,0.5524,explore,PBFT,4.0,4.5,0.0779,1,1,1,FINALIZED_WITHIN_C2_LIMIT,0.333651,1.814
1828,40000.0,0.5521,greedy,ZYZZYVA,4.0,0.5,0.059,1,1,1,FINALIZED_WITHIN_C2_LIMIT,0.089978,1.584
1829,5714.286,0.5519,explore,PBFT,4.0,3.5,0.0881,1,1,1,FINALIZED_WITHIN_C2_LIMIT,0.143076,1.806
1830,40000.0,0.5516,greedy,ZYZZYVA,4.0,0.5,0.059,1,1,1,FINALIZED_WITHIN_C2_LIMIT,0.051915,1.316
1831,40000.0,0.5514,greedy,ZYZZYVA,4.0,0.5,0.059,1,1,1,FINALIZED_WITHIN_C2_LIMIT,0.083473,1.59
1832,40000.0,0.5512,greedy,ZYZZYVA,4.0,0.5,0.059,1,1,1,FINALIZED_WITHIN_C2_LIMIT,0.068885,1.591
1833,40000.0,0.5509,greedy,ZYZZYVA,4.0,0.5,0.065,1,1,1,FINALIZED_WITHIN_C2_LIMIT,0.04874,1.923
1834,20000.0,0.5507,explore,ZYZZYVA,4.0,1.0,0.0779,1,1,1,FINALIZED_WITHIN_C2_LIMIT,0.157134,1.607
1835,2105.263,0.5504,explore,LIU_QUORUM,4.0,9.5,0.0697,1,1,1,FINALIZED_WITHIN_C2_LIMIT,0.045941,1.818
1836,4444.444,0.5502,explore,ZYZZYVA,4.0,4.5,0.0312,1,1,1,FINALIZED_WITHIN_C2_LIMIT,0.217038,1.891
1837,3076.923,0.5499,explore,ZYZZYVA,4.0,6.5,0.0933,1,1,1,FINALIZED_WITHIN_C2_LIMIT,0.159567,2.105
1838,2666.667,0.5497,explore,ZYZZYVA,4.0,7.5,0.0609,1,1,1,FINALIZED_WITHIN_C2_LIMIT,0.105106,2.011
1839,5000.0,0.5494,explore,PBFT,4.0,4.0,0.0671,1,1,1,FINALIZED_WITHIN_C2_LIMIT,0.106654,1.759
1840,40000.0,0.5492,greedy,ZYZZYVA,4.0,0.5,0.0652,1,1,1,FINALIZED_WITHIN_C2_LIMIT,0.068003,1.795
1841,8000.0,0.549,explore,LIU_QUORUM,4.0,2.5,0.0679,1,1,1,FINALIZED_WITHIN_C2_LIMIT,0.070794,1.711
1842,4000.0,0.5487,explore,LIU_QUORUM,4.0,5.0,0.0963,1,1,1,FINALIZED_WITHIN_C2_LIMIT,0.200561,1.763
1843,2352.941,0.5485,explore,PBFT,4.0,8.5,0.0647,1,1,1,FINALIZED_WITHIN_C2_LIMIT,0.145999,1.83
1844,40000.0,0.5482,greedy,ZYZZYVA,4.0,0.5,0.0569,1,1,1,FINALIZED_WITHIN_C2_LIMIT,0.054762,1.811
1845,3636.364,0.548,explore,PBFT,4.0,5.5,0.0739,1,1,1,FINALIZED_WITHIN_C2_LIMIT,0.070832,2.381
1846,40000.0,0.5477,greedy,ZYZZYVA,4.0,0.5,0.0652,1,1,1,FINALIZED_WITHIN_C2_LIMIT,0.24962,1.632
1847,8000.0,0.5475,explore,LIU_QUORUM,4.0,2.5,0.0769,1,1,1,FINALIZED_WITHIN_C2_LIMIT,0.197818,1.552
1848,40000.0,0.5472,greedy,ZYZZYVA,4.0,0.5,0.0569,1,1,1,FINALIZED_WITHIN_C2_LIMIT,0.064634,1.534
1849,2222.222,0.547,explore,ZYZZYVA,4.0,9.0,0.1085,1,1,1,FINALIZED_WITHIN_C2_LIMIT,0.032289,1.547
1850,40000.0,0.5468,greedy,ZYZZYVA,4.0,0.5,0.0569,1,1,1,FINALIZED_WITHIN_C2_LIMIT,0.065255,1.825
1851,3076.923,0.5465,explore,PBFT,4.0,6.5,0.0668,1,1,1,FINALIZED_WITHIN_C2_LIMIT,0.064793,1.708
1852,2857.143,0.5463,explore,PBFT,4.0,7.0,0.0558,1,1,1,FINALIZED_WITHIN_C2_LIMIT,0.066258,1.827
1853,40000.0,0.546,greedy,ZYZZYVA,4.0,0.5,0.0554,1,1,1,FINALIZED_WITHIN_C2_LIMIT,0.380519,1.497
1854,2857.143,0.5458,explore,LIU_QUORUM,4.0,7.0,0.0705,1,1,1,FINALIZED_WITHIN_C2_LIMIT,0.463066,1.591
1855,6666.667,0.5455,explore,ZYZZYVA,4.0,3.0,0.1723,1,1,1,FINALIZED_WITHIN_C2_LIMIT,0.138915,1.959
1856,2857.143,0.5453,explore,LIU_QUORUM,4.0,7.0,0.0739,1,1,1,FINALIZED_WITHIN_C2_LIMIT,0.297227,1.834
1857,2857.143,0.545,explore,ZYZZYVA,4.0,7.0,0.0686,1,1,1,FINALIZED_WITHIN_C2_LIMIT,0.6688,1.796
1858,2352.941,0.5448,explore,PBFT,4.0,8.5,0.0741,1,1,1,FINALIZED_WITHIN_C2_LIMIT,0.290716,1.879
1859,40000.0,0.5445,greedy,ZYZZYVA,4.0,0.5,0.065,1,1,1,FINALIZED_WITHIN_C2_LIMIT,0.065852,1.813
1860,2222.222,0.5443,explore,PBFT,4.0,9.0,0.0669,1,1,1,FINALIZED_WITHIN_C2_LIMIT,0.20193,1.72
1861,4444.444,0.5441,explore,LIU_QUORUM,4.0,4.5,0.1085,1,1,1,FINALIZED_WITHIN_C2_LIMIT,0.06055,1.495
1862,40000.0,0.5438,greedy,ZYZZYVA,4.0,0.5,0.0637,1,1,1,FINALIZED_WITHIN_C2_LIMIT,0.472282,1.904
1863,40000.0,0.5436,greedy,ZYZZYVA,4.0,0.5,0.0569,1,1,1,FINALIZED_WITHIN_C2_LIMIT,0.782279,1.461
1864,40000.0,0.5433,greedy,ZYZZYVA,4.0,0.5,0.0569,1,1,1,FINALIZED_WITHIN_C2_LIMIT,0.337581,1.614
1865,40000.0,0.5431,greedy,ZYZZYVA,4.0,0.5,0.0569,1,1,1,FINALIZED_WITHIN_C2_LIMIT,0.082418,1.638
1866,40000.0,0.5428,greedy,ZYZZYVA,4.0,0.5,0.0569,1,1,1,FINALIZED_WITHIN_C2_LIMIT,0.221013,1.457
1867,4444.444,0.5426,explore,LIU_QUORUM,4.0,4.5,0.0453,1,1,1,FINALIZED_WITHIN_C2_LIMIT,0.058839,1.684
1868,5000.0,0.5423,explore,LIU_QUORUM,4.0,4.0,0.0558,1,1,1,FINALIZED_WITHIN_C2_LIMIT,0.489363,1.561
1869,4000.0,0.5421,explore,ZYZZYVA,4.0,5.0,0.069,1,1,1,FINALIZED_WITHIN_C2_LIMIT,0.776293,1.713
1870,2105.263,0.5418,explore,LIU_QUORUM,4.0,9.5,0.1582,1,1,1,FINALIZED_WITHIN_C2_LIMIT,0.356371,1.713
1871,40000.0,0.5416,greedy,ZYZZYVA,4.0,0.5,0.0569,1,1,1,FINALIZED_WITHIN_C2_LIMIT,0.046137,1.728
1872,40000.0,0.5414,greedy,ZYZZYVA,4.0,0.5,0.0569,1,1,1,FINALIZED_WITHIN_C2_LIMIT,0.12488,1.972
1873,40000.0,0.5411,greedy,ZYZZYVA,4.0,0.5,0.0569,1,1,1,FINALIZED_WITHIN_C2_LIMIT,0.051011,1.732
1874,40000.0,0.5409,greedy,ZYZZYVA,4.0,0.5,0.0569,1,1,1,FINALIZED_WITHIN_C2_LIMIT,0.641585,2.054
1875,40000.0,0.5406,greedy,ZYZZYVA,4.0,0.5,0.0637,1,1,1,FINALIZED_WITHIN_C2_LIMIT,1.009043,1.858
1876,5000.0,0.5404,explore,ZYZZYVA,4.0,4.0,0.0686,1,1,1,FINALIZED_WITHIN_C2_LIMIT,0.557508,1.419
1877,10000.0,0.5401,explore,LIU_QUORUM,4.0,2.0,0.0311,1,1,1,FINALIZED_WITHIN_C2_LIMIT,0.036608,1.659
1878,40000.0,0.5399,greedy,ZYZZYVA,4.0,0.5,0.065,1,1,1,FINALIZED_WITHIN_C2_LIMIT,1.105238,1.79
1879,40000.0,0.5396,greedy,ZYZZYVA,4.0,0.5,0.0675,1,1,1,FINALIZED_WITHIN_C2_LIMIT,2.567401,1.625
1880,40000.0,0.5394,greedy,ZYZZYVA,4.0,0.5,0.0675,1,1,1,FINALIZED_WITHIN_C2_LIMIT,2.757274,1.695
1881,2105.263,0.5392,explore,LIU_QUORUM,4.0,9.5,0.1459,1,1,1,FINALIZED_WITHIN_C2_LIMIT,1.417515,1.755
1882,40000.0,0.5389,greedy,ZYZZYVA,4.0,0.5,0.059,1,1,1,FINALIZED_WITHIN_C2_LIMIT,0.172768,1.678
1883,0.0,0.5387,explore,PBFT,4.0,3.5,0.2355,0,1,1,FINALIZED_WITHIN_C2_LIMIT,0.904327,1.954
1884,40000.0,0.5384,greedy,ZYZZYVA,4.0,0.5,0.0861,1,1,1,FINALIZED_WITHIN_C2_LIMIT,2.070515,1.718
1885,2500.0,0.5382,explore,ZYZZYVA,4.0,8.0,0.0739,1,1,1,FINALIZED_WITHIN_C2_LIMIT,2.312443,1.62
1886,40000.0,0.5379,greedy,ZYZZYVA,4.0,0.5,0.076,1,1,1,FINALIZED_WITHIN_C2_LIMIT,1.448199,1.609
1887,40000.0,0.5377,explore,LIU_QUORUM,4.0,0.5,0.1582,1,1,1,FINALIZED_WITHIN_C2_LIMIT,0.176468,1.586
1888,40000.0,0.5374,greedy,ZYZZYVA,4.0,0.5,0.059,1,1,1,FINALIZED_WITHIN_C2_LIMIT,0.783996,1.759
1889,3333.333,0.5372,explore,PBFT,4.0,6.0,0.0291,1,1,1,FINALIZED_WITHIN_C2_LIMIT,1.976673,1.821
1890,2352.941,0.537,explore,LIU_QUORUM,4.0,8.5,0.1001,1,1,1,FINALIZED_WITHIN_C2_LIMIT,2.399893,1.756
1891,40000.0,0.5367,greedy,ZYZZYVA,4.0,0.5,0.0637,1,1,1,FINALIZED_WITHIN_C2_LIMIT,1.501154,1.895
1892,2666.667,0.5365,explore,ZYZZYVA,4.0,7.5,0.0609,1,1,1,FINALIZED_WITHIN_C2_LIMIT,0.237224,1.711
1893,2500.0,0.5362,explore,ZYZZYVA,4.0,8.0,0.0679,1,1,1,FINALIZED_WITHIN_C2_LIMIT,0.500112,1.92
1894,40000.0,0.536,greedy,ZYZZYVA,4.0,0.5,0.0637,1,1,1,FINALIZED_WITHIN_C2_LIMIT,1.494504,1.626
1895,2000.0,0.5357,explore,ZYZZYVA,4.0,10.0,0.0401,1,1,1,FINALIZED_WITHIN_C2_LIMIT,1.580807,1.671
1896,4444.444,0.5355,explore,ZYZZYVA,4.0,4.5,0.0308,1,1,1,FINALIZED_WITHIN_C2_LIMIT,0.785576,1.656
1897,5000.0,0.5352,explore,ZYZZYVA,4.0,4.0,0.0401,1,1,1,FINALIZED_WITHIN_C2_LIMIT,0.045146,1.641
1898,2500.0,0.535,explore,LIU_QUORUM,4.0,8.0,0.0739,1,1,1,FINALIZED_WITHIN_C2_LIMIT,1.312629,1.853
1899,40000.0,0.5347,greedy,ZYZZYVA,4.0,0.5,0.0637,1,1,1,FINALIZED_WITHIN_C2_LIMIT,0.172156,1.725
1900,20000.0,0.5345,explore,PBFT,4.0,1.0,0.0702,1,1,1,FINALIZED_WITHIN_C2_LIMIT,0.629354,1.883
1901,40000.0,0.5343,greedy,ZYZZYVA,4.0,0.5,0.0644,1,1,1,FINALIZED_WITHIN_C2_LIMIT,1.759686,1.529
1902,2666.667,0.534,explore,ZYZZYVA,4.0,7.5,0.0787,1,1,1,FINALIZED_WITHIN_C2_LIMIT,1.498981,1.69
1903,5714.286,0.5338,explore,LIU_QUORUM,4.0,3.5,0.067,1,1,1,FINALIZED_WITHIN_C2_LIMIT,0.627992,1.384
1904,40000.0,0.5335,greedy,ZYZZYVA,4.0,0.5,0.0644,1,1,1,FINALIZED_WITHIN_C2_LIMIT,0.116949,1.452
1905,40000.0,0.5333,greedy,ZYZZYVA,4.0,0.5,0.0644,1,1,1,FINALIZED_WITHIN_C2_LIMIT,0.877464,1.524
1906,2666.667,0.533,explore,ZYZZYVA,4.0,7.5,0.1001,1,1,1,FINALIZED_WITHIN_C2_LIMIT,1.657897,2.027
1907,2000.0,0.5328,explore,ZYZZYVA,4.0,10.0,0.0679,1,1,1,FINALIZED_WITHIN_C2_LIMIT,1.430358,1.717
1908,6666.667,0.5325,explore,LIU_QUORUM,4.0,3.0,0.0767,1,1,1,FINALIZED_WITHIN_C2_LIMIT,0.443808,1.648
1909,40000.0,0.5323,greedy,ZYZZYVA,4.0,0.5,0.0637,1,1,1,FINALIZED_WITHIN_C2_LIMIT,0.093563,1.659
1910,40000.0,0.5321,greedy,ZYZZYVA,4.0,0.5,0.0637,1,1,1,FINALIZED_WITHIN_C2_LIMIT,0.569383,1.748
1911,40000.0,0.5318,greedy,ZYZZYVA,4.0,0.5,0.065,1,1,1,FINALIZED_WITHIN_C2_LIMIT,0.45918,1.653
1912,40000.0,0.5316,explore,LIU_QUORUM,4.0,0.5,0.1582,1,1,1,FINALIZED_WITHIN_C2_LIMIT,0.051469,1.524
1913,40000.0,0.5313,greedy,ZYZZYVA,4.0,0.5,0.059,1,1,1,FINALIZED_WITHIN_C2_LIMIT,0.757094,1.847
1914,2105.263,0.5311,explore,LIU_QUORUM,4.0,9.5,0.0881,1,1,1,FINALIZED_WITHIN_C2_LIMIT,1.493779,1.582
1915,40000.0,0.5308,greedy,ZYZZYVA,4.0,0.5,0.0747,1,1,1,FINALIZED_WITHIN_C2_LIMIT,1.183717,1.586
1916,40000.0,0.5306,greedy,ZYZZYVA,4.0,0.5,0.059,1,1,1,FINALIZED_WITHIN_C2_LIMIT,0.267332,1.605
1917,2222.222,0.5303,explore,ZYZZYVA,4.0,9.0,0.0674,1,1,1,FINALIZED_WITHIN_C2_LIMIT,0.224891,1.633
1918,2666.667,0.5301,explore,ZYZZYVA,4.0,7.5,0.072,1,1,1,FINALIZED_WITHIN_C2_LIMIT,0.849483,1.85
1919,40000.0,0.5298,greedy,ZYZZYVA,4.0,0.5,0.059,1,1,1,FINALIZED_WITHIN_C2_LIMIT,0.812747,1.611
1920,2500.0,0.5296,explore,ZYZZYVA,4.0,8.0,0.0739,1,1,1,FINALIZED_WITHIN_C2_LIMIT,0.265475,1.382
1921,5714.286,0.5294,explore,ZYZZYVA,4.0,3.5,0.0506,1,1,1,FINALIZED_WITHIN_C2_LIMIT,0.413516,1.636
1922,2666.667,0.5291,explore,PBFT,4.0,7.5,0.0299,1,1,1,FINALIZED_WITHIN_C2_LIMIT,0.920295,1.728
1923,5000.0,0.5289,explore,ZYZZYVA,4.0,4.0,0.0767,1,1,1,FINALIZED_WITHIN_C2_LIMIT,0.775591,1.992
1924,3076.923,0.5286,explore,ZYZZYVA,4.0,6.5,0.0684,1,1,1,FINALIZED_WITHIN_C2_LIMIT,0.18857,1.586
1925,40000.0,0.5284,greedy,ZYZZYVA,4.0,0.5,0.0637,1,1,1,FINALIZED_WITHIN_C2_LIMIT,0.613524,1.808
1926,40000.0,0.5281,greedy,ZYZZYVA,4.0,0.5,0.0637,1,1,1,FINALIZED_WITHIN_C2_LIMIT,1.435837,1.475
1927,2222.222,0.5279,explore,PBFT,4.0,9.0,0.069,1,1,1,FINALIZED_WITHIN_C2_LIMIT,1.232595,1.655
1928,8000.0,0.5276,explore,PBFT,4.0,2.5,0.0684,1,1,1,FINALIZED_WITHIN_C2_LIMIT,0.451036,1.802
1929,40000.0,0.5274,greedy,ZYZZYVA,4.0,0.5,0.0637,1,1,1,FINALIZED_WITHIN_C2_LIMIT,0.166143,1.655
1930,40000.0,0.5272,greedy,ZYZZYVA,4.0,0.5,0.0637,1,1,1,FINALIZED_WITHIN_C2_LIMIT,0.572824,1.666
1931,40000.0,0.5269,greedy,ZYZZYVA,4.0,0.5,0.0637,1,1,1,FINALIZED_WITHIN_C2_LIMIT,0.374358,1.722
1932,40000.0,0.5267,greedy,ZYZZYVA,4.0,0.5,0.0637,1,1,1,FINALIZED_WITHIN_C2_LIMIT,0.061518,1.776
1933,40000.0,0.5264,greedy,ZYZZYVA,4.0,0.5,0.0637,1,1,1,FINALIZED_WITHIN_C2_LIMIT,0.081794,1.504
1934,40000.0,0.5262,greedy,ZYZZYVA,4.0,0.5,0.0637,1,1,1,FINALIZED_WITHIN_C2_LIMIT,0.103104,1.737
1935,40000.0,0.5259,greedy,ZYZZYVA,4.0,0.5,0.0637,1,1,1,FINALIZED_WITHIN_C2_LIMIT,0.119676,1.694
1936,20000.0,0.5257,explore,LIU_QUORUM,4.0,1.0,0.0282,1,1,1,FINALIZED_WITHIN_C2_LIMIT,0.23773,1.656
1937,10000.0,0.5254,explore,PBFT,4.0,2.0,0.0685,1,1,1,FINALIZED_WITHIN_C2_LIMIT,0.23261,1.706
1938,0.0,0.5252,explore,LIU_QUORUM,4.0,7.0,0.2355,0,1,1,FINALIZED_WITHIN_C2_LIMIT,0.056969,1.709
1939,4000.0,0.5249,explore,LIU_QUORUM,4.0,5.0,0.0688,1,1,1,FINALIZED_WITHIN_C2_LIMIT,0.67005,1.343
1940,40000.0,0.5247,greedy,ZYZZYVA,4.0,0.5,0.0637,1,1,1,FINALIZED_WITHIN_C2_LIMIT,1.252417,1.453
1941,2666.667,0.5245,explore,LIU_QUORUM,4.0,7.5,0.1368,1,1,1,FINALIZED_WITHIN_C2_LIMIT,0.83234,1.658
1942,8000.0,0.5242,explore,LIU_QUORUM,4.0,2.5,0.0558,1,1,1,FINALIZED_WITHIN_C2_LIMIT,0.11132,1.722
1943,8000.0,0.524,explore,ZYZZYVA,4.0,2.5,0.0739,1,1,1,FINALIZED_WITHIN_C2_LIMIT,0.582082,1.878
1944,40000.0,0.5237,greedy,ZYZZYVA,4.0,0.5,0.0637,1,1,1,FINALIZED_WITHIN_C2_LIMIT,1.411756,1.789
1945,4000.0,0.5235,explore,LIU_QUORUM,4.0,5.0,0.068,1,1,1,FINALIZED_WITHIN_C2_LIMIT,1.48966,1.768
1946,40000.0,0.5232,greedy,ZYZZYVA,4.0,0.5,0.0637,1,1,1,FINALIZED_WITHIN_C2_LIMIT,0.422452,1.865
1947,2666.667,0.523,explore,ZYZZYVA,4.0,7.5,0.072,1,1,1,FINALIZED_WITHIN_C2_LIMIT,0.095472,1.806
1948,2500.0,0.5227,explore,LIU_QUORUM,4.0,8.0,0.069,1,1,1,FINALIZED_WITHIN_C2_LIMIT,0.280863,1.395
1949,40000.0,0.5225,greedy,ZYZZYVA,4.0,0.5,0.0637,1,1,1,FINALIZED_WITHIN_C2_LIMIT,0.183808,1.65
1950,20000.0,0.5222,explore,ZYZZYVA,4.0,1.0,0.0278,1,1,1,FINALIZED_WITHIN_C2_LIMIT,0.068569,1.7
1951,40000.0,0.522,greedy,ZYZZYVA,4.0,0.5,0.0637,1,1,1,FINALIZED_WITHIN_C2_LIMIT,0.16403,1.839
1952,2000.0,0.5218,explore,LIU_QUORUM,4.0,10.0,0.1141,1,1,1,FINALIZED_WITHIN_C2_LIMIT,0.050236,1.635
1953,40000.0,0.5215,greedy,ZYZZYVA,4.0,0.5,0.0637,1,1,1,FINALIZED_WITHIN_C2_LIMIT,0.058881,1.656
1954,40000.0,0.5213,greedy,ZYZZYVA,4.0,0.5,0.0774,1,1,1,FINALIZED_WITHIN_C2_LIMIT,0.315434,1.649
1955,10000.0,0.521,explore,PBFT,4.0,2.0,0.0316,1,1,1,FINALIZED_WITHIN_C2_LIMIT,0.372189,1.6
1956,40000.0,0.5208,greedy,ZYZZYVA,4.0,0.5,0.0823,1,1,1,FINALIZED_WITHIN_C2_LIMIT,0.05302,1.73
1957,13333.333,0.5205,explore,PBFT,4.0,1.5,0.067,1,1,1,FINALIZED_WITHIN_C2_LIMIT,0.57921,1.627
1958,3076.923,0.5203,explore,ZYZZYVA,4.0,6.5,0.1831,1,1,1,FINALIZED_WITHIN_C2_LIMIT,0.997944,1.579
1959,40000.0,0.52,greedy,ZYZZYVA,4.0,0.5,0.0814,1,1,1,FINALIZED_WITHIN_C2_LIMIT,0.635019,1.804
1960,40000.0,0.5198,greedy,ZYZZYVA,4.0,0.5,0.1041,1,1,1,FINALIZED_WITHIN_C2_LIMIT,0.155302,1.917
1961,40000.0,0.5196,greedy,ZYZZYVA,4.0,0.5,0.1041,1,1,1,FINALIZED_WITHIN_C2_LIMIT,0.720472,1.652
1962,3076.923,0.5193,explore,ZYZZYVA,4.0,6.5,0.0758,1,1,1,FINALIZED_WITHIN_C2_LIMIT,1.605287,1.651
1963,40000.0,0.5191,greedy,ZYZZYVA,4.0,0.5,0.1158,1,1,1,FINALIZED_WITHIN_C2_LIMIT,1.53584,1.596
1964,40000.0,0.5188,greedy,ZYZZYVA,4.0,0.5,0.1041,1,1,1,FINALIZED_WITHIN_C2_LIMIT,0.621771,1.435
1965,2222.222,0.5186,explore,LIU_QUORUM,4.0,9.0,0.0769,1,1,1,FINALIZED_WITHIN_C2_LIMIT,0.084801,1.643
1966,40000.0,0.5183,greedy,ZYZZYVA,4.0,0.5,0.1035,1,1,1,FINALIZED_WITHIN_C2_LIMIT,0.265699,1.28
1967,3333.333,0.5181,explore,ZYZZYVA,4.0,6.0,0.0278,1,1,1,FINALIZED_WITHIN_C2_LIMIT,0.174237,1.278
1968,40000.0,0.5178,greedy,ZYZZYVA,4.0,0.5,0.1041,1,1,1,FINALIZED_WITHIN_C2_LIMIT,0.137363,1.367
1969,2222.222,0.5176,explore,ZYZZYVA,4.0,9.0,0.0671,1,1,1,FINALIZED_WITHIN_C2_LIMIT,0.12153,1.357
1970,40000.0,0.5173,greedy,ZYZZYVA,4.0,0.5,0.0972,1,1,1,FINALIZED_WITHIN_C2_LIMIT,0.080646,1.306
1971,3076.923,0.5171,explore,LIU_QUORUM,4.0,6.5,0.0768,1,1,1,FINALIZED_WITHIN_C2_LIMIT,0.031287,1.336
1972,3636.364,0.5169,explore,LIU_QUORUM,4.0,5.5,0.1284,1,1,1,FINALIZED_WITHIN_C2_LIMIT,0.122184,1.371
1973,40000.0,0.5166,greedy,ZYZZYVA,4.0,0.5,0.1035,1,1,1,FINALIZED_WITHIN_C2_LIMIT,0.095586,1.503
1974,40000.0,0.5164,explore,LIU_QUORUM,4.0,0.5,0.0282,1,1,1,FINALIZED_WITHIN_C2_LIMIT,0.242112,1.484
1975,3636.364,0.5161,explore,LIU_QUORUM,4.0,5.5,0.0668,1,1,1,FINALIZED_WITHIN_C2_LIMIT,0.338596,1.23
1976,2666.667,0.5159,explore,PBFT,4.0,7.5,0.1141,1,1,1,FINALIZED_WITHIN_C2_LIMIT,0.051181,1.604
1977,2000.0,0.5156,explore,PBFT,4.0,10.0,0.0702,1,1,1,FINALIZED_WITHIN_C2_LIMIT,0.503988,1.399
1978,40000.0,0.5154,greedy,ZYZZYVA,4.0,0.5,0.083,1,1,1,FINALIZED_WITHIN_C2_LIMIT,1.010453,1.302
1979,40000.0,0.5151,greedy,ZYZZYVA,4.0,0.5,0.0826,1,1,1,FINALIZED_WITHIN_C2_LIMIT,0.639624,1.222
1980,40000.0,0.5149,greedy,ZYZZYVA,4.0,0.5,0.0826,1,1,1,FINALIZED_WITHIN_C2_LIMIT,0.083937,1.298
1981,2666.667,0.5147,explore,ZYZZYVA,4.0,7.5,0.0685,1,1,1,FINALIZED_WITHIN_C2_LIMIT,0.731825,1.31
1982,3076.923,0.5144,explore,LIU_QUORUM,4.0,6.5,0.0316,1,1,1,FINALIZED_WITHIN_C2_LIMIT,1.778863,1.463
1983,10000.0,0.5142,explore,ZYZZYVA,4.0,2.0,0.0688,1,1,1,FINALIZED_WITHIN_C2_LIMIT,1.662183,1.423
1984,2105.263,0.5139,explore,ZYZZYVA,4.0,9.5,0.0679,1,1,1,FINALIZED_WITHIN_C2_LIMIT,0.726461,1.334
1985,40000.0,0.5137,greedy,ZYZZYVA,4.0,0.5,0.0972,1,1,1,FINALIZED_WITHIN_C2_LIMIT,0.043352,1.289
1986,40000.0,0.5134,greedy,ZYZZYVA,4.0,0.5,0.0857,1,1,1,FINALIZED_WITHIN_C2_LIMIT,0.151822,1.365
1987,40000.0,0.5132,greedy,ZYZZYVA,4.0,0.5,0.0959,1,1,1,FINALIZED_WITHIN_C2_LIMIT,0.122258,1.205
1988,40000.0,0.5129,greedy,ZYZZYVA,4.0,0.5,0.1065,1,1,1,FINALIZED_WITHIN_C2_LIMIT,0.137786,1.277
1989,40000.0,0.5127,greedy,ZYZZYVA,4.0,0.5,0.0959,1,1,1,FINALIZED_WITHIN_C2_LIMIT,0.187244,1.38
1990,2500.0,0.5125,explore,PBFT,4.0,8.0,0.0651,1,1,1,FINALIZED_WITHIN_C2_LIMIT,0.029968,1.544
1991,40000.0,0.5122,greedy,ZYZZYVA,4.0,0.5,0.0959,1,1,1,FINALIZED_WITHIN_C2_LIMIT,0.633533,1.257
1992,2666.667,0.512,explore,ZYZZYVA,4.0,7.5,0.0694,1,1,1,FINALIZED_WITHIN_C2_LIMIT,1.191355,1.324
1993,40000.0,0.5117,explore,PBFT,4.0,0.5,0.0767,1,1,1,FINALIZED_WITHIN_C2_LIMIT,0.762702,1.221
1994,2857.143,0.5115,explore,PBFT,4.0,7.0,0.0647,1,1,1,FINALIZED_WITHIN_C2_LIMIT,0.083588,1.262
1995,40000.0,0.5112,greedy,ZYZZYVA,4.0,0.5,0.0959,1,1,1,FINALIZED_WITHIN_C2_LIMIT,0.721205,1.212
1996,13333.333,0.511,explore,LIU_QUORUM,4.0,1.5,0.0809,1,1,1,FINALIZED_WITHIN_C2_LIMIT,1.585417,1.231
1997,4444.444,0.5107,explore,LIU_QUORUM,4.0,4.5,0.0702,1,1,1,FINALIZED_WITHIN_C2_LIMIT,1.483689,1.397
1998,6666.667,0.5105,explore,PBFT,4.0,3.0,0.0684,1,1,1,FINALIZED_WITHIN_C2_LIMIT,0.667201,1.256
1999,40000.0,0.5102,greedy,ZYZZYVA,4.0,0.5,0.1018,1,1,1,FINALIZED_WITHIN_C2_LIMIT,0.062699,1.254
2000,40000.0,0.51,greedy,ZYZZYVA,4.0,0.5,0.1018,1,1,1,FINALIZED_WITHIN_C2_LIMIT,0.228354,1.466
2001,2500.0,0.5098,explore,ZYZZYVA,4.0,8.0,0.1582,1,1,1,FINALIZED_WITHIN_C2_LIMIT,0.140156,1.289
2002,2105.263,0.5095,explore,PBFT,4.0,9.5,0.1982,1,1,1,FINALIZED_WITHIN_C2_LIMIT,0.10897,1.56
2003,40000.0,0.5093,greedy,ZYZZYVA,4.0,0.5,0.1018,1,1,1,FINALIZED_WITHIN_C2_LIMIT,0.142044,1.632
2004,40000.0,0.509,greedy,ZYZZYVA,4.0,0.5,0.1018,1,1,1,FINALIZED_WITHIN_C2_LIMIT,0.026428,1.512
2005,0.0,0.5088,explore,PBFT,4.0,2.0,0.2811,0,1,1,FINALIZED_WITHIN_C2_LIMIT,0.071023,1.602
2006,4444.444,0.5085,explore,PBFT,4.0,4.5,0.0963,1,1,1,FINALIZED_WITHIN_C2_LIMIT,0.077892,1.362
2007,40000.0,0.5083,greedy,ZYZZYVA,4.0,0.5,0.1018,1,1,1,FINALIZED_WITHIN_C2_LIMIT,0.061928,1.312
2008,5000.0,0.508,explore,ZYZZYVA,4.0,4.0,0.0316,1,1,1,FINALIZED_WITHIN_C2_LIMIT,0.257924,1.174
2009,20000.0,0.5078,explore,ZYZZYVA,4.0,1.0,0.0294,1,1,1,FINALIZED_WITHIN_C2_LIMIT,0.332286,1.118
2010,13333.333,0.5076,explore,ZYZZYVA,4.0,1.5,0.0768,1,1,1,FINALIZED_WITHIN_C2_LIMIT,0.105478,1.31
2011,40000.0,0.5073,greedy,ZYZZYVA,4.0,0.5,0.0986,1,1,1,FINALIZED_WITHIN_C2_LIMIT,0.529831,1.261
2012,40000.0,0.5071,greedy,ZYZZYVA,4.0,0.5,0.1191,1,1,1,FINALIZED_WITHIN_C2_LIMIT,0.879032,1.304
2013,40000.0,0.5068,explore,ZYZZYVA,4.0,0.5,0.0705,1,1,1,FINALIZED_WITHIN_C2_LIMIT,0.540249,1.127
2014,40000.0,0.5066,greedy,ZYZZYVA,4.0,0.5,0.1141,1,1,1,FINALIZED_WITHIN_C2_LIMIT,0.05275,1.089
2015,40000.0,0.5063,greedy,ZYZZYVA,4.0,0.5,0.115,1,1,1,FINALIZED_WITHIN_C2_LIMIT,0.850386,1.197
2016,13333.333,0.5061,explore,LIU_QUORUM,4.0,1.5,0.0316,1,1,1,FINALIZED_WITHIN_C2_LIMIT,1.886801,1.22
2017,10000.0,0.5058,explore,LIU_QUORUM,4.0,2.0,0.0689,1,1,1,FINALIZED_WITHIN_C2_LIMIT,1.859064,1.237
2018,2222.222,0.5056,explore,PBFT,4.0,9.0,0.1284,1,1,1,FINALIZED_WITHIN_C2_LIMIT,0.797681,1.305
2019,0.0,0.5053,explore,ZYZZYVA,4.0,7.0,0.2103,0,1,1,FINALIZED_WITHIN_C2_LIMIT,0.064896,1.319
2020,6666.667,0.5051,explore,PBFT,4.0,3.0,0.0316,1,1,1,FINALIZED_WITHIN_C2_LIMIT,1.277416,1.324
2021,40000.0,0.5049,greedy,ZYZZYVA,4.0,0.5,0.0993,1,1,1,FINALIZED_WITHIN_C2_LIMIT,2.963621,1.353
2022,5714.286,0.5046,explore,PBFT,4.0,3.5,0.0558,1,1,1,FINALIZED_WITHIN_C2_LIMIT,3.621593,1.289
2023,40000.0,0.5044,greedy,ZYZZYVA,4.0,0.5,0.1003,1,1,1,FINALIZED_WITHIN_C2_LIMIT,2.258388,1.227
2024,40000.0,0.5041,greedy,ZYZZYVA,4.0,0.5,0.1003,1,1,1,FINALIZED_WITHIN_C2_LIMIT,0.726198,1.338
2025,20000.0,0.5039,explore,LIU_QUORUM,4.0,1.0,0.1284,1,1,1,FINALIZED_WITHIN_C2_LIMIT,0.074601,1.207
2026,40000.0,0.5036,greedy,ZYZZYVA,4.0,0.5,0.1295,1,1,1,FINALIZED_WITHIN_C2_LIMIT,0.643343,1.323
2027,40000.0,0.5034,greedy,ZYZZYVA,4.0,0.5,0.1407,1,1,1,FINALIZED_WITHIN_C2_LIMIT,0.732029,1.271
2028,2352.941,0.5031,explore,ZYZZYVA,4.0,8.5,0.0694,1,1,1,FINALIZED_WITHIN_C2_LIMIT,0.239396,1.361
2029,2666.667,0.5029,explore,ZYZZYVA,4.0,7.5,0.0758,1,1,1,FINALIZED_WITHIN_C2_LIMIT,0.185909,1.365
2030,3076.923,0.5027,explore,PBFT,4.0,6.5,0.0739,1,1,1,FINALIZED_WITHIN_C2_LIMIT,0.398373,1.213
2031,20000.0,0.5024,explore,ZYZZYVA,4.0,1.0,0.0669,1,1,1,FINALIZED_WITHIN_C2_LIMIT,0.258414,1.164
2032,40000.0,0.5022,greedy,ZYZZYVA,4.0,0.5,0.1592,1,1,1,FINALIZED_WITHIN_C2_LIMIT,0.106368,1.376
2033,40000.0,0.5019,greedy,ZYZZYVA,4.0,0.5,0.1592,1,1,1,FINALIZED_WITHIN_C2_LIMIT,0.156192,1.241
2034,2666.667,0.5017,explore,PBFT,4.0,7.5,0.1723,1,1,1,FINALIZED_WITHIN_C2_LIMIT,0.07046,1.465
2035,40000.0,0.5014,greedy,ZYZZYVA,4.0,0.5,0.1592,1,1,1,FINALIZED_WITHIN_C2_LIMIT,0.617585,1.312
2036,40000.0,0.5012,greedy,ZYZZYVA,4.0,0.5,0.1592,1,1,1,FINALIZED_WITHIN_C2_LIMIT,1.129726,1.313
2037,40000.0,0.5009,greedy,ZYZZYVA,4.0,0.5,0.1592,1,1,1,FINALIZED_WITHIN_C2_LIMIT,0.728422,1.295
2038,10000.0,0.5007,explore,ZYZZYVA,4.0,2.0,0.1001,1,1,1,FINALIZED_WITHIN_C2_LIMIT,0.098772,1.274
2039,2105.263,0.5004,explore,PBFT,4.0,9.5,0.0282,1,1,1,FINALIZED_WITHIN_C2_LIMIT,0.622215,1.291
2040,40000.0,0.5002,greedy,ZYZZYVA,4.0,0.5,0.1191,1,1,1,FINALIZED_WITHIN_C2_LIMIT,1.568085,1.257
2041,40000.0,0.5,greedy,ZYZZYVA,4.0,0.5,0.1096,1,1,1,FINALIZED_WITHIN_C2_LIMIT,1.444892,1.274
2042,5000.0,0.4997,explore,ZYZZYVA,4.0,4.0,0.0311,1,1,1,FINALIZED_WITHIN_C2_LIMIT,0.650819,1.293
2043,40000.0,0.4995,greedy,ZYZZYVA,4.0,0.5,0.1459,1,1,1,FINALIZED_WITHIN_C2_LIMIT,0.068766,1.461
2044,2500.0,0.4992,explore,LIU_QUORUM,4.0,8.0,0.0697,1,1,1,FINALIZED_WITHIN_C2_LIMIT,0.303808,1.274
2045,6666.667,0.499,explore,ZYZZYVA,4.0,3.0,0.0697,1,1,1,FINALIZED_WITHIN_C2_LIMIT,0.195573,1.313
2046,0.0,0.4987,explore,ZYZZYVA,4.0,9.0,0.2251,0,1,1,FINALIZED_WITHIN_C2_LIMIT,0.086565,1.462
2047,2500.0,0.4985,explore,ZYZZYVA,4.0,8.0,0.0769,1,1,1,FINALIZED_WITHIN_C2_LIMIT,0.144065,1.379
2048,2857.143,0.4982,explore,ZYZZYVA,4.0,7.0,0.0702,1,1,1,FINALIZED_WITHIN_C2_LIMIT,0.046118,1.577
2049,2222.222,0.498,explore,LIU_QUORUM,4.0,9.0,0.069,1,1,1,FINALIZED_WITHIN_C2_LIMIT,0.354972,1.725
2050,2857.143,0.4978,explore,ZYZZYVA,4.0,7.0,0.1208,1,1,1,FINALIZED_WITHIN_C2_LIMIT,0.359013,1.468
2051,40000.0,0.4975,greedy,ZYZZYVA,4.0,0.5,0.1198,1,1,1,FINALIZED_WITHIN_C2_LIMIT,0.062416,1.245
2052,13333.333,0.4973,explore,PBFT,4.0,1.5,0.0715,1,1,1,FINALIZED_WITHIN_C2_LIMIT,0.580813,1.626
2053,40000.0,0.497,greedy,ZYZZYVA,4.0,0.5,0.0786,1,1,1,FINALIZED_WITHIN_C2_LIMIT,1.087585,1.813
2054,40000.0,0.4968,greedy,ZYZZYVA,4.0,0.5,0.078,1,1,1,FINALIZED_WITHIN_C2_LIMIT,0.701395,2.038
2055,5000.0,0.4965,explore,PBFT,4.0,4.0,0.0689,1,1,1,FINALIZED_WITHIN_C2_LIMIT,0.085412,1.614
2056,40000.0,0.4963,greedy,ZYZZYVA,4.0,0.5,0.0995,1,1,1,FINALIZED_WITHIN_C2_LIMIT,0.509852,1.623
2057,20000.0,0.496,explore,ZYZZYVA,4.0,1.0,0.0688,1,1,1,FINALIZED_WITHIN_C2_LIMIT,1.325534,1.386
2058,40000.0,0.4958,greedy,ZYZZYVA,4.0,0.5,0.0895,1,1,1,FINALIZED_WITHIN_C2_LIMIT,1.316978,1.212
2059,2666.667,0.4955,explore,ZYZZYVA,4.0,7.5,0.0705,1,1,1,FINALIZED_WITHIN_C2_LIMIT,0.367674,1.306
2060,40000.0,0.4953,greedy,ZYZZYVA,4.0,0.5,0.077,1,1,1,FINALIZED_WITHIN_C2_LIMIT,0.153336,1.334
2061,40000.0,0.4951,greedy,ZYZZYVA,4.0,0.5,0.0679,1,1,1,FINALIZED_WITHIN_C2_LIMIT,0.38459,1.119
2062,40000.0,0.4948,greedy,ZYZZYVA,4.0,0.5,0.0679,1,1,1,FINALIZED_WITHIN_C2_LIMIT,0.328076,1.147
2063,2000.0,0.4946,explore,PBFT,4.0,10.0,0.0705,1,1,1,FINALIZED_WITHIN_C2_LIMIT,0.079246,1.276
2064,40000.0,0.4943,greedy,ZYZZYVA,4.0,0.5,0.077,1,1,1,FINALIZED_WITHIN_C2_LIMIT,0.099896,1.556
2065,5714.286,0.4941,explore,LIU_QUORUM,4.0,3.5,0.0311,1,1,1,FINALIZED_WITHIN_C2_LIMIT,0.118996,1.202
2066,40000.0,0.4938,greedy,ZYZZYVA,4.0,0.5,0.0675,1,1,1,FINALIZED_WITHIN_C2_LIMIT,0.085227,1.269
2067,40000.0,0.4936,greedy,ZYZZYVA,4.0,0.5,0.0679,1,1,1,FINALIZED_WITHIN_C2_LIMIT,0.181549,1.382
2068,40000.0,0.4933,explore,PBFT,4.0,0.5,0.0881,1,1,1,FINALIZED_WITHIN_C2_LIMIT,0.208301,1.435
2069,4444.444,0.4931,explore,ZYZZYVA,4.0,4.5,0.0278,1,1,1,FINALIZED_WITHIN_C2_LIMIT,0.053098,1.727
2070,40000.0,0.4929,greedy,ZYZZYVA,4.0,0.5,0.0791,1,1,1,FINALIZED_WITHIN_C2_LIMIT,0.648715,1.401
2071,2857.143,0.4926,explore,LIU_QUORUM,4.0,7.0,0.069,1,1,1,FINALIZED_WITHIN_C2_LIMIT,1.149275,1.561
2072,2352.941,0.4924,explore,PBFT,4.0,8.5,0.072,1,1,1,FINALIZED_WITHIN_C2_LIMIT,0.742782,1.151
2073,40000.0,0.4921,greedy,ZYZZYVA,4.0,0.5,0.0857,1,1,1,FINALIZED_WITHIN_C2_LIMIT,0.09963,1.376
2074,40000.0,0.4919,greedy,ZYZZYVA,4.0,0.5,0.0908,1,1,1,FINALIZED_WITHIN_C2_LIMIT,0.608946,1.691
2075,40000.0,0.4916,greedy,ZYZZYVA,4.0,0.5,0.0908,1,1,1,FINALIZED_WITHIN_C2_LIMIT,1.394232,1.21
2076,40000.0,0.4914,greedy,ZYZZYVA,4.0,0.5,0.0908,1,1,1,FINALIZED_WITHIN_C2_LIMIT,1.212678,1.494
2077,6666.667,0.4911,explore,ZYZZYVA,4.0,3.0,0.0683,1,1,1,FINALIZED_WITHIN_C2_LIMIT,0.466596,1.283
2078,40000.0,0.4909,greedy,ZYZZYVA,4.0,0.5,0.0857,1,1,1,FINALIZED_WITHIN_C2_LIMIT,0.095328,1.578
2079,6666.667,0.4906,explore,LIU_QUORUM,4.0,3.0,0.0679,1,1,1,FINALIZED_WITHIN_C2_LIMIT,0.371463,1.079
2080,13333.333,0.4904,explore,ZYZZYVA,4.0,1.5,0.0278,1,1,1,FINALIZED_WITHIN_C2_LIMIT,0.265308,1.103
2081,40000.0,0.4902,greedy,ZYZZYVA,4.0,0.5,0.0826,1,1,1,FINALIZED_WITHIN_C2_LIMIT,0.059796,1.201
2082,40000.0,0.4899,greedy,ZYZZYVA,4.0,0.5,0.0826,1,1,1,FINALIZED_WITHIN_C2_LIMIT,0.046437,1.179
2083,40000.0,0.4897,greedy,ZYZZYVA,4.0,0.5,0.0826,1,1,1,FINALIZED_WITHIN_C2_LIMIT,0.149629,1.113
2084,40000.0,0.4894,greedy,ZYZZYVA,4.0,0.5,0.1137,1,1,1,FINALIZED_WITHIN_C2_LIMIT,0.074632,1.103
2085,40000.0,0.4892,greedy,ZYZZYVA,4.0,0.5,0.1108,1,1,1,FINALIZED_WITHIN_C2_LIMIT,0.166554,1.303
2086,2000.0,0.4889,explore,LIU_QUORUM,4.0,10.0,0.0739,1,1,1,FINALIZED_WITHIN_C2_LIMIT,0.193119,1.152
2087,40000.0,0.4887,greedy,ZYZZYVA,4.0,0.5,0.1137,1,1,1,FINALIZED_WITHIN_C2_LIMIT,0.044995,1.286
2088,40000.0,0.4884,greedy,ZYZZYVA,4.0,0.5,0.1108,1,1,1,FINALIZED_WITHIN_C2_LIMIT,0.053656,1.188
2089,13333.333,0.4882,explore,ZYZZYVA,4.0,1.5,0.0767,1,1,1,FINALIZED_WITHIN_C2_LIMIT,0.062791,1.188
2090,5714.286,0.4879,explore,ZYZZYVA,4.0,3.5,0.1459,1,1,1,FINALIZED_WITHIN_C2_LIMIT,0.13857,1.181
2091,10000.0,0.4877,explore,ZYZZYVA,4.0,2.0,0.19,1,1,1,FINALIZED_WITHIN_C2_LIMIT,0.068001,1.156
2092,3333.333,0.4875,explore,ZYZZYVA,4.0,6.0,0.067,1,1,1,FINALIZED_WITHIN_C2_LIMIT,0.354828,1.042
2093,3076.923,0.4872,explore,LIU_QUORUM,4.0,6.5,0.0685,1,1,1,FINALIZED_WITHIN_C2_LIMIT,0.377378,1.303
2094,40000.0,0.487,greedy,ZYZZYVA,4.0,0.5,0.122,1,1,1,FINALIZED_WITHIN_C2_LIMIT,0.061368,1.163
2095,20000.0,0.4867,explore,PBFT,4.0,1.0,0.0758,1,1,1,FINALIZED_WITHIN_C2_LIMIT,0.466545,1.164
2096,40000.0,0.4865,greedy,ZYZZYVA,4.0,0.5,0.1366,1,1,1,FINALIZED_WITHIN_C2_LIMIT,0.85685,1.5
2097,40000.0,0.4862,greedy,ZYZZYVA,4.0,0.5,0.1293,1,1,1,FINALIZED_WITHIN_C2_LIMIT,0.579262,1.477
2098,0.0,0.486,explore,PBFT,4.0,9.0,0.2103,0,1,1,FINALIZED_WITHIN_C2_LIMIT,0.038825,1.322
2099,40000.0,0.4857,greedy,ZYZZYVA,4.0,0.5,0.1163,1,1,1,FINALIZED_WITHIN_C2_LIMIT,0.098974,1.303
2100,40000.0,0.4855,greedy,ZYZZYVA,4.0,0.5,0.1148,1,1,1,FINALIZED_WITHIN_C2_LIMIT,0.521727,1.368
2101,10000.0,0.4853,explore,LIU_QUORUM,4.0,2.0,0.0739,1,1,1,FINALIZED_WITHIN_C2_LIMIT,0.552373,1.415
2102,40000.0,0.485,explore,LIU_QUORUM,4.0,0.5,0.0809,1,1,1,FINALIZED_WITHIN_C2_LIMIT,0.038044,1.202
2103,2352.941,0.4848,explore,ZYZZYVA,4.0,8.5,0.0679,1,1,1,FINALIZED_WITHIN_C2_LIMIT,0.784541,1.312
2104,40000.0,0.4845,greedy,ZYZZYVA,4.0,0.5,0.1459,1,1,1,FINALIZED_WITHIN_C2_LIMIT,1.553114,1.222
2105,40000.0,0.4843,explore,LIU_QUORUM,4.0,0.5,0.0311,1,1,1,FINALIZED_WITHIN_C2_LIMIT,1.259053,1.209
2106,2105.263,0.484,explore,ZYZZYVA,4.0,9.5,0.0702,1,1,1,FINALIZED_WITHIN_C2_LIMIT,0.350206,1.285
2107,40000.0,0.4838,greedy,ZYZZYVA,4.0,0.5,0.1459,1,1,1,FINALIZED_WITHIN_C2_LIMIT,0.21013,1.279
2108,40000.0,0.4835,greedy,ZYZZYVA,4.0,0.5,0.1347,1,1,1,FINALIZED_WITHIN_C2_LIMIT,0.64127,1.26
2109,40000.0,0.4833,greedy,ZYZZYVA,4.0,0.5,0.1347,1,1,1,FINALIZED_WITHIN_C2_LIMIT,0.490596,1.304
2110,2105.263,0.4831,explore,ZYZZYVA,4.0,9.5,0.0668,1,1,1,FINALIZED_WITHIN_C2_LIMIT,0.094033,1.176
2111,5714.286,0.4828,explore,ZYZZYVA,4.0,3.5,0.0715,1,1,1,FINALIZED_WITHIN_C2_LIMIT,0.786463,1.438
2112,2222.222,0.4826,explore,ZYZZYVA,4.0,9.0,0.0647,1,1,1,FINALIZED_WITHIN_C2_LIMIT,1.652734,1.178
2113,40000.0,0.4823,greedy,ZYZZYVA,4.0,0.5,0.1459,1,1,1,FINALIZED_WITHIN_C2_LIMIT,1.446112,1.192
2114,40000.0,0.4821,greedy,ZYZZYVA,4.0,0.5,0.1459,1,1,1,FINALIZED_WITHIN_C2_LIMIT,0.529472,1.213
2115,40000.0,0.4818,greedy,ZYZZYVA,4.0,0.5,0.1371,1,1,1,FINALIZED_WITHIN_C2_LIMIT,0.129173,1.23
2116,40000.0,0.4816,greedy,ZYZZYVA,4.0,0.5,0.1459,1,1,1,FINALIZED_WITHIN_C2_LIMIT,0.417519,1.499
2117,5000.0,0.4813,explore,PBFT,4.0,4.0,0.0282,1,1,1,FINALIZED_WITHIN_C2_LIMIT,0.302079,1.219
2118,8000.0,0.4811,explore,LIU_QUORUM,4.0,2.5,0.069,1,1,1,FINALIZED_WITHIN_C2_LIMIT,0.07212,1.428
2119,40000.0,0.4808,greedy,ZYZZYVA,4.0,0.5,0.1371,1,1,1,FINALIZED_WITHIN_C2_LIMIT,0.047581,1.299
2120,40000.0,0.4806,greedy,ZYZZYVA,4.0,0.5,0.1366,1,1,1,FINALIZED_WITHIN_C2_LIMIT,0.158329,1.192
2121,40000.0,0.4804,greedy,ZYZZYVA,4.0,0.5,0.1366,1,1,1,FINALIZED_WITHIN_C2_LIMIT,0.225763,1.196
2122,2500.0,0.4801,explore,PBFT,4.0,8.0,0.0278,1,1,1,FINALIZED_WITHIN_C2_LIMIT,0.05726,1.395
2123,2105.263,0.4799,explore,LIU_QUORUM,4.0,9.5,0.0299,1,1,1,FINALIZED_WITHIN_C2_LIMIT,0.047268,1.499
2124,2500.0,0.4796,explore,LIU_QUORUM,4.0,8.0,0.0506,1,1,1,FINALIZED_WITHIN_C2_LIMIT,0.208509,1.563
2125,40000.0,0.4794,greedy,ZYZZYVA,4.0,0.5,0.1368,1,1,1,FINALIZED_WITHIN_C2_LIMIT,0.190966,1.525
2126,40000.0,0.4791,greedy,ZYZZYVA,4.0,0.5,0.1368,1,1,1,FINALIZED_WITHIN_C2_LIMIT,0.048211,1.466
2127,2222.222,0.4789,explore,PBFT,4.0,9.0,0.0767,1,1,1,FINALIZED_WITHIN_C2_LIMIT,0.057706,1.305
2128,40000.0,0.4786,greedy,ZYZZYVA,4.0,0.5,0.1459,1,1,1,FINALIZED_WITHIN_C2_LIMIT,0.201821,1.209
2129,20000.0,0.4784,explore,PBFT,4.0,1.0,0.0933,1,1,1,FINALIZED_WITHIN_C2_LIMIT,0.176915,1.391
2130,5714.286,0.4782,explore,ZYZZYVA,4.0,3.5,0.0787,1,1,1,FINALIZED_WITHIN_C2_LIMIT,0.054899,1.3
2131,40000.0,0.4779,greedy,ZYZZYVA,4.0,0.5,0.1366,1,1,1,FINALIZED_WITHIN_C2_LIMIT,0.061874,1.183
2132,4444.444,0.4777,explore,ZYZZYVA,4.0,4.5,0.0298,1,1,1,FINALIZED_WITHIN_C2_LIMIT,0.197354,1.273
2133,40000.0,0.4774,greedy,ZYZZYVA,4.0,0.5,0.1366,1,1,1,FINALIZED_WITHIN_C2_LIMIT,0.155398,1.186
2134,4000.0,0.4772,explore,LIU_QUORUM,4.0,5.0,0.1208,1,1,1,FINALIZED_WITHIN_C2_LIMIT,0.076037,1.125
2135,40000.0,0.4769,greedy,ZYZZYVA,4.0,0.5,0.1366,1,1,1,FINALIZED_WITHIN_C2_LIMIT,0.09941,1.143
2136,3333.333,0.4767,explore,LIU_QUORUM,4.0,6.0,0.0705,1,1,1,FINALIZED_WITHIN_C2_LIMIT,0.128096,1.201
2137,40000.0,0.4764,greedy,ZYZZYVA,4.0,0.5,0.1194,1,1,1,FINALIZED_WITHIN_C2_LIMIT,0.087886,1.268
2138,3076.923,0.4762,explore,LIU_QUORUM,4.0,6.5,0.0963,1,1,1,FINALIZED_WITHIN_C2_LIMIT,0.116053,1.25
2139,40000.0,0.4759,greedy,ZYZZYVA,4.0,0.5,0.1371,1,1,1,FINALIZED_WITHIN_C2_LIMIT,0.089288,1.219
2140,5000.0,0.4757,explore,PBFT,4.0,4.0,0.0312,1,1,1,FINALIZED_WITHIN_C2_LIMIT,0.104176,1.142
2141,40000.0,0.4755,greedy,ZYZZYVA,4.0,0.5,0.1371,1,1,1,FINALIZED_WITHIN_C2_LIMIT,0.097928,1.351
2142,40000.0,0.4752,greedy,ZYZZYVA,4.0,0.5,0.1371,1,1,1,FINALIZED_WITHIN_C2_LIMIT,0.140142,1.272
2143,4444.444,0.475,explore,ZYZZYVA,4.0,4.5,0.0694,1,1,1,FINALIZED_WITHIN_C2_LIMIT,0.14783,1.263
2144,40000.0,0.4747,greedy,ZYZZYVA,4.0,0.5,0.1202,1,1,1,FINALIZED_WITHIN_C2_LIMIT,0.091613,1.221
2145,40000.0,0.4745,greedy,ZYZZYVA,4.0,0.5,0.1202,1,1,1,FINALIZED_WITHIN_C2_LIMIT,0.119181,1.257
2146,2666.667,0.4742,explore,PBFT,4.0,7.5,0.104,1,1,1,FINALIZED_WITHIN_C2_LIMIT,0.175173,1.372
2147,2222.222,0.474,explore,PBFT,4.0,9.0,0.0609,1,1,1,FINALIZED_WITHIN_C2_LIMIT,0.103595,1.472
2148,40000.0,0.4737,greedy,ZYZZYVA,4.0,0.5,0.1371,1,1,1,FINALIZED_WITHIN_C2_LIMIT,0.093889,1.412
2149,40000.0,0.4735,greedy,ZYZZYVA,4.0,0.5,0.1371,1,1,1,FINALIZED_WITHIN_C2_LIMIT,0.071989,1.403
2150,2222.222,0.4733,explore,LIU_QUORUM,4.0,9.0,0.069,1,1,1,FINALIZED_WITHIN_C2_LIMIT,0.099608,1.182
2151,3333.333,0.473,explore,ZYZZYVA,4.0,6.0,0.0963,1,1,1,FINALIZED_WITHIN_C2_LIMIT,0.092472,1.254
2152,40000.0,0.4728,greedy,ZYZZYVA,4.0,0.5,0.1459,1,1,1,FINALIZED_WITHIN_C2_LIMIT,0.139197,1.281
2153,5000.0,0.4725,explore,LIU_QUORUM,4.0,4.0,0.0789,1,1,1,FINALIZED_WITHIN_C2_LIMIT,0.09534,1.474
2154,13333.333,0.4723,explore,PBFT,4.0,1.5,0.0609,1,1,1,FINALIZED_WITHIN_C2_LIMIT,0.093945,1.325
2155,2666.667,0.472,explore,ZYZZYVA,4.0,7.5,0.0739,1,1,1,FINALIZED_WITHIN_C2_LIMIT,0.133508,1.238
2156,40000.0,0.4718,greedy,ZYZZYVA,4.0,0.5,0.1293,1,1,1,FINALIZED_WITHIN_C2_LIMIT,0.136931,1.248
2157,40000.0,0.4715,greedy,ZYZZYVA,4.0,0.5,0.1293,1,1,1,FINALIZED_WITHIN_C2_LIMIT,0.124227,1.209
2158,13333.333,0.4713,explore,PBFT,4.0,1.5,0.0809,1,1,1,FINALIZED_WITHIN_C2_LIMIT,0.087562,1.277
2159,2105.263,0.471,explore,PBFT,4.0,9.5,0.0685,1,1,1,FINALIZED_WITHIN_C2_LIMIT,0.053878,1.339
2160,40000.0,0.4708,greedy,ZYZZYVA,4.0,0.5,0.1194,1,1,1,FINALIZED_WITHIN_C2_LIMIT,0.16291,1.369
2161,40000.0,0.4706,greedy,ZYZZYVA,4.0,0.5,0.1293,1,1,1,FINALIZED_WITHIN_C2_LIMIT,0.130202,1.304
2162,40000.0,0.4703,explore,LIU_QUORUM,4.0,0.5,0.0291,1,1,1,FINALIZED_WITHIN_C2_LIMIT,0.074744,1.511
2163,40000.0,0.4701,greedy,ZYZZYVA,4.0,0.5,0.1253,1,1,1,FINALIZED_WITHIN_C2_LIMIT,0.063959,1.462
2164,40000.0,0.4698,greedy,ZYZZYVA,4.0,0.5,0.1253,1,1,1,FINALIZED_WITHIN_C2_LIMIT,0.135065,1.318
2165,40000.0,0.4696,explore,PBFT,4.0,0.5,0.1416,1,1,1,FINALIZED_WITHIN_C2_LIMIT,0.146406,1.26
2166,3636.364,0.4693,explore,ZYZZYVA,4.0,5.5,0.0298,1,1,1,FINALIZED_WITHIN_C2_LIMIT,0.10661,1.342
2167,2666.667,0.4691,explore,PBFT,4.0,7.5,0.0647,1,1,1,FINALIZED_WITHIN_C2_LIMIT,0.051791,1.283
2168,40000.0,0.4688,greedy,ZYZZYVA,4.0,0.5,0.1253,1,1,1,FINALIZED_WITHIN_C2_LIMIT,0.120748,1.23
2169,2222.222,0.4686,explore,PBFT,4.0,9.0,0.0312,1,1,1,FINALIZED_WITHIN_C2_LIMIT,0.146863,1.344
2170,40000.0,0.4684,greedy,ZYZZYVA,4.0,0.5,0.1253,1,1,1,FINALIZED_WITHIN_C2_LIMIT,0.103457,1.431
2171,2105.263,0.4681,explore,PBFT,4.0,9.5,0.0739,1,1,1,FINALIZED_WITHIN_C2_LIMIT,0.086176,1.34
2172,40000.0,0.4679,greedy,ZYZZYVA,4.0,0.5,0.1059,1,1,1,FINALIZED_WITHIN_C2_LIMIT,0.145702,1.249
2173,40000.0,0.4676,greedy,ZYZZYVA,4.0,0.5,0.1253,1,1,1,FINALIZED_WITHIN_C2_LIMIT,0.140521,1.173
2174,6666.667,0.4674,explore,LIU_QUORUM,4.0,3.0,0.1208,1,1,1,FINALIZED_WITHIN_C2_LIMIT,0.090267,1.173
2175,40000.0,0.4671,greedy,ZYZZYVA,4.0,0.5,0.1253,1,1,1,FINALIZED_WITHIN_C2_LIMIT,0.048548,1.374
2176,3076.923,0.4669,explore,ZYZZYVA,4.0,6.5,0.0278,1,1,1,FINALIZED_WITHIN_C2_LIMIT,0.166837,1.208
2177,40000.0,0.4666,explore,PBFT,4.0,0.5,0.0298,1,1,1,FINALIZED_WITHIN_C2_LIMIT,0.161467,1.301
2178,40000.0,0.4664,greedy,ZYZZYVA,4.0,0.5,0.1253,1,1,1,FINALIZED_WITHIN_C2_LIMIT,0.085439,1.374
2179,40000.0,0.4661,greedy,ZYZZYVA,4.0,0.5,0.094,1,1,1,FINALIZED_WITHIN_C2_LIMIT,0.061213,1.406
2180,2000.0,0.4659,explore,LIU_QUORUM,4.0,10.0,0.0702,1,1,1,FINALIZED_WITHIN_C2_LIMIT,0.148843,1.219
2181,2105.263,0.4657,explore,PBFT,4.0,9.5,0.0702,1,1,1,FINALIZED_WITHIN_C2_LIMIT,0.184892,1.271
2182,40000.0,0.4654,greedy,ZYZZYVA,4.0,0.5,0.1059,1,1,1,FINALIZED_WITHIN_C2_LIMIT,0.046195,1.259
2183,40000.0,0.4652,greedy,ZYZZYVA,4.0,0.5,0.1059,1,1,1,FINALIZED_WITHIN_C2_LIMIT,0.029806,1.302
2184,2500.0,0.4649,explore,ZYZZYVA,4.0,8.0,0.1284,1,1,1,FINALIZED_WITHIN_C2_LIMIT,0.064477,1.351
2185,40000.0,0.4647,greedy,ZYZZYVA,4.0,0.5,0.1059,1,1,1,FINALIZED_WITHIN_C2_LIMIT,0.132429,1.424
2186,6666.667,0.4644,explore,ZYZZYVA,4.0,3.0,0.0702,1,1,1,FINALIZED_WITHIN_C2_LIMIT,0.083952,1.192
2187,40000.0,0.4642,greedy,ZYZZYVA,4.0,0.5,0.1487,1,1,1,FINALIZED_WITHIN_C2_LIMIT,0.166621,1.385
2188,40000.0,0.4639,greedy,ZYZZYVA,4.0,0.5,0.1487,1,1,1,FINALIZED_WITHIN_C2_LIMIT,0.189685,1.186
2189,4444.444,0.4637,explore,PBFT,4.0,4.5,0.0558,1,1,1,FINALIZED_WITHIN_C2_LIMIT,0.041327,1.307
2190,40000.0,0.4635,greedy,ZYZZYVA,4.0,0.5,0.1487,1,1,1,FINALIZED_WITHIN_C2_LIMIT,0.037435,1.411
2191,40000.0,0.4632,greedy,ZYZZYVA,4.0,0.5,0.1445,1,1,1,FINALIZED_WITHIN_C2_LIMIT,0.223387,1.395
2192,40000.0,0.463,greedy,ZYZZYVA,4.0,0.5,0.1487,1,1,1,FINALIZED_WITHIN_C2_LIMIT,0.130911,1.309
2193,2666.667,0.4627,explore,ZYZZYVA,4.0,7.5,0.072,1,1,1,FINALIZED_WITHIN_C2_LIMIT,0.095586,1.303
2194,3333.333,0.4625,explore,PBFT,4.0,6.0,0.1416,1,1,1,FINALIZED_WITHIN_C2_LIMIT,0.113743,1.744
2195,40000.0,0.4622,greedy,ZYZZYVA,4.0,0.5,0.1408,1,1,1,FINALIZED_WITHIN_C2_LIMIT,0.072453,1.354
2196,40000.0,0.462,greedy,ZYZZYVA,4.0,0.5,0.1255,1,1,1,FINALIZED_WITHIN_C2_LIMIT,0.073774,1.362
2197,2105.263,0.4617,explore,PBFT,4.0,9.5,0.1459,1,1,1,FINALIZED_WITHIN_C2_LIMIT,0.212808,1.533
2198,40000.0,0.4615,greedy,ZYZZYVA,4.0,0.5,0.1191,1,1,1,FINALIZED_WITHIN_C2_LIMIT,0.256139,1.329
2199,40000.0,0.4612,greedy,ZYZZYVA,4.0,0.5,0.0986,1,1,1,FINALIZED_WITHIN_C2_LIMIT,0.135624,1.386
2200,4000.0,0.461,explore,ZYZZYVA,4.0,5.0,0.0705,1,1,1,FINALIZED_WITHIN_C2_LIMIT,0.365382,1.312
2201,40000.0,0.4608,greedy,ZYZZYVA,4.0,0.5,0.1253,1,1,1,FINALIZED_WITHIN_C2_LIMIT,0.867506,1.255
2202,40000.0,0.4605,greedy,ZYZZYVA,4.0,0.5,0.1194,1,1,1,FINALIZED_WITHIN_C2_LIMIT,0.621234,1.199
2203,40000.0,0.4603,greedy,ZYZZYVA,4.0,0.5,0.1298,1,1,1,FINALIZED_WITHIN_C2_LIMIT,0.093929,1.228
2204,40000.0,0.46,greedy,ZYZZYVA,4.0,0.5,0.126,1,1,1,FINALIZED_WITHIN_C2_LIMIT,0.815927,1.239
2205,40000.0,0.4598,greedy,ZYZZYVA,4.0,0.5,0.1196,1,1,1,FINALIZED_WITHIN_C2_LIMIT,1.929203,1.349
2206,40000.0,0.4595,greedy,ZYZZYVA,4.0,0.5,0.1347,1,1,1,FINALIZED_WITHIN_C2_LIMIT,1.524571,1.3
2207,40000.0,0.4593,greedy,ZYZZYVA,4.0,0.5,0.1459,1,1,1,FINALIZED_WITHIN_C2_LIMIT,0.627902,1.412
2208,2000.0,0.459,explore,PBFT,4.0,10.0,0.1982,1,1,1,FINALIZED_WITHIN_C2_LIMIT,0.103239,1.458
2209,40000.0,0.4588,greedy,ZYZZYVA,4.0,0.5,0.1459,1,1,1,FINALIZED_WITHIN_C2_LIMIT,0.358763,1.437
2210,3636.364,0.4586,explore,PBFT,4.0,5.5,0.104,1,1,1,FINALIZED_WITHIN_C2_LIMIT,0.246622,1.278
2211,2352.941,0.4583,explore,LIU_QUORUM,4.0,8.5,0.0679,1,1,1,FINALIZED_WITHIN_C2_LIMIT,0.071899,1.314
2212,40000.0,0.4581,greedy,ZYZZYVA,4.0,0.5,0.1683,1,1,1,FINALIZED_WITHIN_C2_LIMIT,0.0743,1.313
2213,20000.0,0.4578,explore,ZYZZYVA,4.0,1.0,0.0311,1,1,1,FINALIZED_WITHIN_C2_LIMIT,0.108265,1.212
2214,40000.0,0.4576,greedy,ZYZZYVA,4.0,0.5,0.1683,1,1,1,FINALIZED_WITHIN_C2_LIMIT,0.065971,1.282
2215,40000.0,0.4573,greedy,ZYZZYVA,4.0,0.5,0.1683,1,1,1,FINALIZED_WITHIN_C2_LIMIT,0.2172,1.254
2216,2500.0,0.4571,explore,PBFT,4.0,8.0,0.0686,1,1,1,FINALIZED_WITHIN_C2_LIMIT,0.226151,1.488
2217,2500.0,0.4568,explore,LIU_QUORUM,4.0,8.0,0.0741,1,1,1,FINALIZED_WITHIN_C2_LIMIT,0.070919,1.366
2218,40000.0,0.4566,greedy,ZYZZYVA,4.0,0.5,0.1683,1,1,1,FINALIZED_WITHIN_C2_LIMIT,0.560285,1.316
2219,40000.0,0.4563,greedy,ZYZZYVA,4.0,0.5,0.1683,1,1,1,FINALIZED_WITHIN_C2_LIMIT,0.997242,1.196
2220,2666.667,0.4561,explore,ZYZZYVA,4.0,7.5,0.0316,1,1,1,FINALIZED_WITHIN_C2_LIMIT,0.638751,1.254
2221,40000.0,0.4559,greedy,ZYZZYVA,4.0,0.5,0.1683,1,1,1,FINALIZED_WITHIN_C2_LIMIT,0.082538,1.259
2222,5714.286,0.4556,explore,PBFT,4.0,3.5,0.0715,1,1,1,FINALIZED_WITHIN_C2_LIMIT,0.776005,1.37
2223,40000.0,0.4554,greedy,ZYZZYVA,4.0,0.5,0.1683,1,1,1,FINALIZED_WITHIN_C2_LIMIT,1.85411,1.38
2224,40000.0,0.4551,explore,PBFT,4.0,0.5,0.072,1,1,1,FINALIZED_WITHIN_C2_LIMIT,1.63726,1.309
2225,8000.0,0.4549,explore,ZYZZYVA,4.0,2.5,0.0401,1,1,1,FINALIZED_WITHIN_C2_LIMIT,0.828042,1.463
2226,40000.0,0.4546,greedy,ZYZZYVA,4.0,0.5,0.1459,1,1,1,FINALIZED_WITHIN_C2_LIMIT,0.057626,1.243
2227,2666.667,0.4544,explore,ZYZZYVA,4.0,7.5,0.19,1,1,1,FINALIZED_WITHIN_C2_LIMIT,0.150721,1.28
2228,40000.0,0.4541,greedy,ZYZZYVA,4.0,0.5,0.1459,1,1,1,FINALIZED_WITHIN_C2_LIMIT,0.141931,1.388
2229,4444.444,0.4539,explore,PBFT,4.0,4.5,0.1208,1,1,1,FINALIZED_WITHIN_C2_LIMIT,0.163401,1.651
2230,0.0,0.4536,explore,PBFT,4.0,7.0,0.2103,0,1,1,FINALIZED_WITHIN_C2_LIMIT,0.223114,1.368
2231,40000.0,0.4534,greedy,ZYZZYVA,4.0,0.5,0.1421,1,1,1,FINALIZED_WITHIN_C2_LIMIT,0.051525,1.323
2232,40000.0,0.4532,greedy,ZYZZYVA,4.0,0.5,0.1459,1,1,1,FINALIZED_WITHIN_C2_LIMIT,0.067852,1.314
2233,40000.0,0.4529,greedy,ZYZZYVA,4.0,0.5,0.1459,1,1,1,FINALIZED_WITHIN_C2_LIMIT,0.123643,1.305
2234,40000.0,0.4527,greedy,ZYZZYVA,4.0,0.5,0.1459,1,1,1,FINALIZED_WITHIN_C2_LIMIT,0.052835,1.226
2235,6666.667,0.4524,explore,LIU_QUORUM,4.0,3.0,0.1208,1,1,1,FINALIZED_WITHIN_C2_LIMIT,0.110708,1.252
2236,6666.667,0.4522,explore,PBFT,4.0,3.0,0.1284,1,1,1,FINALIZED_WITHIN_C2_LIMIT,0.049115,1.302
2237,40000.0,0.4519,greedy,ZYZZYVA,4.0,0.5,0.0766,1,1,1,FINALIZED_WITHIN_C2_LIMIT,0.417812,1.263
2238,40000.0,0.4517,greedy,ZYZZYVA,4.0,0.5,0.098,1,1,1,FINALIZED_WITHIN_C2_LIMIT,0.493138,1.7
2239,40000.0,0.4514,greedy,ZYZZYVA,4.0,0.5,0.12,1,1,1,FINALIZED_WITHIN_C2_LIMIT,0.133074,1.33
2240,40000.0,0.4512,greedy,ZYZZYVA,4.0,0.5,0.1459,1,1,1,FINALIZED_WITHIN_C2_LIMIT,0.183149,1.462
2241,2666.667,0.451,explore,PBFT,4.0,7.5,0.0739,1,1,1,FINALIZED_WITHIN_C2_LIMIT,0.529708,1.741
2242,40000.0,0.4507,greedy,ZYZZYVA,4.0,0.5,0.1459,1,1,1,FINALIZED_WITHIN_C2_LIMIT,0.258641,1.505
2243,40000.0,0.4505,greedy,ZYZZYVA,4.0,0.5,0.13,1,1,1,FINALIZED_WITHIN_C2_LIMIT,0.09416,1.445
2244,40000.0,0.4502,greedy,ZYZZYVA,4.0,0.5,0.1347,1,1,1,FINALIZED_WITHIN_C2_LIMIT,0.179835,1.311
2245,40000.0,0.45,greedy,ZYZZYVA,4.0,0.5,0.1459,1,1,1,FINALIZED_WITHIN_C2_LIMIT,0.047162,1.355
2246,40000.0,0.4497,greedy,ZYZZYVA,4.0,0.5,0.1347,1,1,1,FINALIZED_WITHIN_C2_LIMIT,0.099511,1.654
2247,40000.0,0.4495,greedy,ZYZZYVA,4.0,0.5,0.111,1,1,1,FINALIZED_WITHIN_C2_LIMIT,0.186316,1.402
2248,0.0,0.4492,explore,ZYZZYVA,4.0,2.0,0.2811,0,1,1,FINALIZED_WITHIN_C2_LIMIT,0.098793,1.523
2249,0.0,0.449,explore,LIU_QUORUM,4.0,9.5,0.2251,0,1,1,FINALIZED_WITHIN_C2_LIMIT,0.226025,1.281
2250,40000.0,0.4487,greedy,ZYZZYVA,4.0,0.5,0.0683,1,1,1,FINALIZED_WITHIN_C2_LIMIT,0.236968,1.364
2251,40000.0,0.4485,greedy,ZYZZYVA,4.0,0.5,0.0683,1,1,1,FINALIZED_WITHIN_C2_LIMIT,0.073725,1.578
2252,2222.222,0.4483,explore,PBFT,4.0,9.0,0.03,1,1,1,FINALIZED_WITHIN_C2_LIMIT,0.612032,1.277
2253,6666.667,0.448,explore,LIU_QUORUM,4.0,3.0,0.0315,1,1,1,FINALIZED_WITHIN_C2_LIMIT,1.335914,1.278
2254,3333.333,0.4478,explore,LIU_QUORUM,4.0,6.0,0.0299,1,1,1,FINALIZED_WITHIN_C2_LIMIT,0.84199,1.558
2255,2352.941,0.4475,explore,LIU_QUORUM,4.0,8.5,0.0647,1,1,1,FINALIZED_WITHIN_C2_LIMIT,0.128393,1.349
2256,4444.444,0.4473,explore,ZYZZYVA,4.0,4.5,0.0779,1,1,1,FINALIZED_WITHIN_C2_LIMIT,0.814318,1.189
2257,40000.0,0.447,greedy,ZYZZYVA,4.0,0.5,0.0831,1,1,1,FINALIZED_WITHIN_C2_LIMIT,1.941626,1.174
2258,40000.0,0.4468,greedy,ZYZZYVA,4.0,0.5,0.0831,1,1,1,FINALIZED_WITHIN_C2_LIMIT,1.781741,1.234
2259,40000.0,0.4465,greedy,ZYZZYVA,4.0,0.5,0.0691,1,1,1,FINALIZED_WITHIN_C2_LIMIT,0.656136,1.344
2260,40000.0,0.4463,greedy,ZYZZYVA,4.0,0.5,0.1169,1,1,1,FINALIZED_WITHIN_C2_LIMIT,0.103423,1.275
2261,40000.0,0.4461,greedy,ZYZZYVA,4.0,0.5,0.1459,1,1,1,FINALIZED_WITHIN_C2_LIMIT,0.395268,1.291
2262,40000.0,0.4458,greedy,ZYZZYVA,4.0,0.5,0.1459,1,1,1,FINALIZED_WITHIN_C2_LIMIT,0.24384,1.316
2263,5714.286,0.4456,explore,LIU_QUORUM,4.0,3.5,0.1368,1,1,1,FINALIZED_WITHIN_C2_LIMIT,0.125402,1.302
2264,40000.0,0.4453,explore,LIU_QUORUM,4.0,0.5,0.0316,1,1,1,FINALIZED_WITHIN_C2_LIMIT,0.145303,1.286
2265,13333.333,0.4451,explore,PBFT,4.0,1.5,0.0298,1,1,1,FINALIZED_WITHIN_C2_LIMIT,0.078428,1.339
2266,2000.0,0.4448,explore,PBFT,4.0,10.0,0.0674,1,1,1,FINALIZED_WITHIN_C2_LIMIT,0.054784,1.183
2267,40000.0,0.4446,greedy,ZYZZYVA,4.0,0.5,0.1683,1,1,1,FINALIZED_WITHIN_C2_LIMIT,0.400451,1.112
2268,40000.0,0.4443,greedy,ZYZZYVA,4.0,0.5,0.1683,1,1,1,FINALIZED_WITHIN_C2_LIMIT,0.373439,1.172
2269,40000.0,0.4441,greedy,ZYZZYVA,4.0,0.5,0.1683,1,1,1,FINALIZED_WITHIN_C2_LIMIT,0.090993,1.131
2270,40000.0,0.4438,greedy,ZYZZYVA,4.0,0.5,0.1683,1,1,1,FINALIZED_WITHIN_C2_LIMIT,0.518859,1.312
2271,40000.0,0.4436,greedy,ZYZZYVA,4.0,0.5,0.1459,1,1,1,FINALIZED_WITHIN_C2_LIMIT,1.030099,1.293
2272,2105.263,0.4434,explore,ZYZZYVA,4.0,9.5,0.072,1,1,1,FINALIZED_WITHIN_C2_LIMIT,0.65153,1.37
2273,40000.0,0.4431,greedy,ZYZZYVA,4.0,0.5,0.1421,1,1,1,FINALIZED_WITHIN_C2_LIMIT,0.091375,1.359
2274,40000.0,0.4429,greedy,ZYZZYVA,4.0,0.5,0.1487,1,1,1,FINALIZED_WITHIN_C2_LIMIT,0.7024,1.27
2275,40000.0,0.4426,greedy,ZYZZYVA,4.0,0.5,0.1487,1,1,1,FINALIZED_WITHIN_C2_LIMIT,1.738516,1.22
2276,40000.0,0.4424,greedy,ZYZZYVA,4.0,0.5,0.1408,1,1,1,FINALIZED_WITHIN_C2_LIMIT,1.434511,1.353
2277,40000.0,0.4421,greedy,ZYZZYVA,4.0,0.5,0.1421,1,1,1,FINALIZED_WITHIN_C2_LIMIT,0.549793,1.587
2278,40000.0,0.4419,greedy,ZYZZYVA,4.0,0.5,0.1421,1,1,1,FINALIZED_WITHIN_C2_LIMIT,0.073471,1.431
2279,4000.0,0.4416,explore,LIU_QUORUM,4.0,5.0,0.0282,1,1,1,FINALIZED_WITHIN_C2_LIMIT,0.348042,1.283
2280,40000.0,0.4414,greedy,ZYZZYVA,4.0,0.5,0.1421,1,1,1,FINALIZED_WITHIN_C2_LIMIT,0.300147,1.389
2281,40000.0,0.4412,greedy,ZYZZYVA,4.0,0.5,0.1421,1,1,1,FINALIZED_WITHIN_C2_LIMIT,0.078539,1.442
2282,2857.143,0.4409,explore,ZYZZYVA,4.0,7.0,0.072,1,1,1,FINALIZED_WITHIN_C2_LIMIT,0.090959,1.345
2283,3636.364,0.4407,explore,LIU_QUORUM,4.0,5.5,0.0609,1,1,1,FINALIZED_WITHIN_C2_LIMIT,0.185254,1.16
2284,40000.0,0.4404,greedy,ZYZZYVA,4.0,0.5,0.1459,1,1,1,FINALIZED_WITHIN_C2_LIMIT,0.135193,1.309
2285,40000.0,0.4402,greedy,ZYZZYVA,4.0,0.5,0.1459,1,1,1,FINALIZED_WITHIN_C2_LIMIT,0.130802,1.4
2286,40000.0,0.4399,greedy,ZYZZYVA,4.0,0.5,0.1459,1,1,1,FINALIZED_WITHIN_C2_LIMIT,0.202413,1.47
2287,2105.263,0.4397,explore,PBFT,4.0,9.5,0.0789,1,1,1,FINALIZED_WITHIN_C2_LIMIT,0.05902,1.647
2288,3636.364,0.4394,explore,ZYZZYVA,4.0,5.5,0.0705,1,1,1,FINALIZED_WITHIN_C2_LIMIT,0.056777,1.483
2289,40000.0,0.4392,greedy,ZYZZYVA,4.0,0.5,0.1683,1,1,1,FINALIZED_WITHIN_C2_LIMIT,0.079788,1.689
2290,40000.0,0.4389,greedy,ZYZZYVA,4.0,0.5,0.1683,1,1,1,FINALIZED_WITHIN_C2_LIMIT,0.059346,1.365
2291,20000.0,0.4387,explore,LIU_QUORUM,4.0,1.0,0.1831,1,1,1,FINALIZED_WITHIN_C2_LIMIT,0.459764,1.474
2292,40000.0,0.4385,greedy,ZYZZYVA,4.0,0.5,0.1683,1,1,1,FINALIZED_WITHIN_C2_LIMIT,0.748712,1.221
2293,40000.0,0.4382,greedy,ZYZZYVA,4.0,0.5,0.1683,1,1,1,FINALIZED_WITHIN_C2_LIMIT,0.373538,1.541
2294,40000.0,0.438,greedy,ZYZZYVA,4.0,0.5,0.1683,1,1,1,FINALIZED_WITHIN_C2_LIMIT,0.106886,1.382
2295,40000.0,0.4377,greedy,ZYZZYVA,4.0,0.5,0.1683,1,1,1,FINALIZED_WITHIN_C2_LIMIT,0.260838,1.23
2296,3636.364,0.4375,explore,PBFT,4.0,5.5,0.1001,1,1,1,FINALIZED_WITHIN_C2_LIMIT,0.051516,1.742
2297,2352.941,0.4372,explore,PBFT,4.0,8.5,0.0963,1,1,1,FINALIZED_WITHIN_C2_LIMIT,0.319047,1.625
2298,40000.0,0.437,greedy,ZYZZYVA,4.0,0.5,0.1683,1,1,1,FINALIZED_WITHIN_C2_LIMIT,0.616179,1.47
2299,5000.0,0.4367,explore,PBFT,4.0,4.0,0.0686,1,1,1,FINALIZED_WITHIN_C2_LIMIT,0.097063,1.308
2300,10000.0,0.4365,explore,PBFT,4.0,2.0,0.0288,1,1,1,FINALIZED_WITHIN_C2_LIMIT,0.038485,1.346
2301,4000.0,0.4363,explore,ZYZZYVA,4.0,5.0,0.1831,1,1,1,FINALIZED_WITHIN_C2_LIMIT,0.248517,1.202
2302,2857.143,0.436,explore,ZYZZYVA,4.0,7.0,0.067,1,1,1,FINALIZED_WITHIN_C2_LIMIT,0.165867,1.251
2303,4000.0,0.4358,explore,PBFT,4.0,5.0,0.0767,1,1,1,FINALIZED_WITHIN_C2_LIMIT,0.070162,1.331
2304,40000.0,0.4355,greedy,ZYZZYVA,4.0,0.5,0.1683,1,1,1,FINALIZED_WITHIN_C2_LIMIT,0.089514,1.509
2305,3076.923,0.4353,explore,ZYZZYVA,4.0,6.5,0.0316,1,1,1,FINALIZED_WITHIN_C2_LIMIT,0.130604,1.225
2306,13333.333,0.435,explore,LIU_QUORUM,4.0,1.5,0.0708,1,1,1,FINALIZED_WITHIN_C2_LIMIT,0.085912,1.125
2307,2000.0,0.4348,explore,LIU_QUORUM,4.0,10.0,0.0685,1,1,1,FINALIZED_WITHIN_C2_LIMIT,0.12813,1.289
2308,40000.0,0.4345,greedy,ZYZZYVA,4.0,0.5,0.1683,1,1,1,FINALIZED_WITHIN_C2_LIMIT,0.144657,1.372
2309,3636.364,0.4343,explore,PBFT,4.0,5.5,0.0739,1,1,1,FINALIZED_WITHIN_C2_LIMIT,0.0922,1.316
2310,40000.0,0.4341,greedy,ZYZZYVA,4.0,0.5,0.1683,1,1,1,FINALIZED_WITHIN_C2_LIMIT,0.081651,1.274
2311,40000.0,0.4338,greedy,ZYZZYVA,4.0,0.5,0.1683,1,1,1,FINALIZED_WITHIN_C2_LIMIT,0.219453,1.387
2312,40000.0,0.4336,greedy,ZYZZYVA,4.0,0.5,0.1683,1,1,1,FINALIZED_WITHIN_C2_LIMIT,0.21258,1.317
2313,40000.0,0.4333,greedy,ZYZZYVA,4.0,0.5,0.1459,1,1,1,FINALIZED_WITHIN_C2_LIMIT,0.042901,1.571
2314,40000.0,0.4331,greedy,ZYZZYVA,4.0,0.5,0.1459,1,1,1,FINALIZED_WITHIN_C2_LIMIT,0.0577,1.282
2315,40000.0,0.4328,greedy,ZYZZYVA,4.0,0.5,0.1459,1,1,1,FINALIZED_WITHIN_C2_LIMIT,0.288906,1.278
2316,40000.0,0.4326,greedy,ZYZZYVA,4.0,0.5,0.1459,1,1,1,FINALIZED_WITHIN_C2_LIMIT,0.331367,1.736
2317,20000.0,0.4323,explore,PBFT,4.0,1.0,0.0668,1,1,1,FINALIZED_WITHIN_C2_LIMIT,0.096398,1.442
2318,40000.0,0.4321,greedy,ZYZZYVA,4.0,0.5,0.1459,1,1,1,FINALIZED_WITHIN_C2_LIMIT,0.568111,1.337
2319,3333.333,0.4318,explore,ZYZZYVA,4.0,6.0,0.0694,1,1,1,FINALIZED_WITHIN_C2_LIMIT,1.023325,1.388
2320,40000.0,0.4316,greedy,ZYZZYVA,4.0,0.5,0.1459,1,1,1,FINALIZED_WITHIN_C2_LIMIT,0.857396,1.433
2321,40000.0,0.4314,greedy,ZYZZYVA,4.0,0.5,0.1459,1,1,1,FINALIZED_WITHIN_C2_LIMIT,0.094344,1.414
2322,40000.0,0.4311,greedy,ZYZZYVA,4.0,0.5,0.1163,1,1,1,FINALIZED_WITHIN_C2_LIMIT,0.737257,1.437
2323,13333.333,0.4309,explore,LIU_QUORUM,4.0,1.5,0.1582,1,1,1,FINALIZED_WITHIN_C2_LIMIT,1.545975,1.305
2324,4000.0,0.4306,explore,LIU_QUORUM,4.0,5.0,0.0779,1,1,1,FINALIZED_WITHIN_C2_LIMIT,1.380713,1.24
2325,4444.444,0.4304,explore,LIU_QUORUM,4.0,4.5,0.0278,1,1,1,FINALIZED_WITHIN_C2_LIMIT,0.511549,1.185
2326,40000.0,0.4301,greedy,ZYZZYVA,4.0,0.5,0.1459,1,1,1,FINALIZED_WITHIN_C2_LIMIT,0.11698,1.439
2327,40000.0,0.4299,greedy,ZYZZYVA,4.0,0.5,0.1459,1,1,1,FINALIZED_WITHIN_C2_LIMIT,0.484056,1.248
2328,40000.0,0.4296,greedy,ZYZZYVA,4.0,0.5,0.1459,1,1,1,FINALIZED_WITHIN_C2_LIMIT,0.36996,1.306
2329,40000.0,0.4294,greedy,ZYZZYVA,4.0,0.5,0.1459,1,1,1,FINALIZED_WITHIN_C2_LIMIT,0.053469,1.218
2330,2105.263,0.4292,explore,ZYZZYVA,4.0,9.5,0.0758,1,1,1,FINALIZED_WITHIN_C2_LIMIT,0.863958,1.305
2331,40000.0,0.4289,greedy,ZYZZYVA,4.0,0.5,0.1459,1,1,1,FINALIZED_WITHIN_C2_LIMIT,1.653288,1.169
2332,40000.0,0.4287,greedy,ZYZZYVA,4.0,0.5,0.1459,1,1,1,FINALIZED_WITHIN_C2_LIMIT,1.404466,1.162
2333,5000.0,0.4284,explore,LIU_QUORUM,4.0,4.0,0.0881,1,1,1,FINALIZED_WITHIN_C2_LIMIT,0.406192,1.226
2334,40000.0,0.4282,greedy,ZYZZYVA,4.0,0.5,0.1459,1,1,1,FINALIZED_WITHIN_C2_LIMIT,0.173523,1.285
2335,40000.0,0.4279,greedy,ZYZZYVA,4.0,0.5,0.1421,1,1,1,FINALIZED_WITHIN_C2_LIMIT,0.642703,1.302
2336,40000.0,0.4277,greedy,ZYZZYVA,4.0,0.5,0.1255,1,1,1,FINALIZED_WITHIN_C2_LIMIT,0.55039,1.249
2337,2500.0,0.4274,explore,ZYZZYVA,4.0,8.0,0.0683,1,1,1,FINALIZED_WITHIN_C2_LIMIT,0.05057,1.262
2338,40000.0,0.4272,greedy,ZYZZYVA,4.0,0.5,0.1191,1,1,1,FINALIZED_WITHIN_C2_LIMIT,0.533807,1.424
2339,40000.0,0.4269,greedy,ZYZZYVA,4.0,0.5,0.1191,1,1,1,FINALIZED_WITHIN_C2_LIMIT,1.180321,1.455
2340,40000.0,0.4267,greedy,ZYZZYVA,4.0,0.5,0.1191,1,1,1,FINALIZED_WITHIN_C2_LIMIT,0.981974,1.461
2341,2222.222,0.4265,explore,PBFT,4.0,9.0,0.1284,1,1,1,FINALIZED_WITHIN_C2_LIMIT,0.191916,1.412
2342,2000.0,0.4262,explore,ZYZZYVA,4.0,10.0,0.0609,1,1,1,FINALIZED_WITHIN_C2_LIMIT,0.363584,1.55
2343,40000.0,0.426,greedy,ZYZZYVA,4.0,0.5,0.1255,1,1,1,FINALIZED_WITHIN_C2_LIMIT,0.973363,1.463
2344,0.0,0.4257,explore,ZYZZYVA,4.0,2.0,0.2536,0,1,1,FINALIZED_WITHIN_C2_LIMIT,0.922957,1.385
2345,20000.0,0.4255,explore,LIU_QUORUM,4.0,1.0,0.1085,1,1,1,FINALIZED_WITHIN_C2_LIMIT,0.195228,1.618
2346,40000.0,0.4252,greedy,ZYZZYVA,4.0,0.5,0.1191,1,1,1,FINALIZED_WITHIN_C2_LIMIT,0.260304,1.265
2347,40000.0,0.425,greedy,ZYZZYVA,4.0,0.5,0.1191,1,1,1,FINALIZED_WITHIN_C2_LIMIT,0.732778,1.546
2348,2222.222,0.4247,explore,PBFT,4.0,9.0,0.0739,1,1,1,FINALIZED_WITHIN_C2_LIMIT,0.591141,1.703
2349,40000.0,0.4245,greedy,ZYZZYVA,4.0,0.5,0.1191,1,1,1,FINALIZED_WITHIN_C2_LIMIT,0.080042,1.329
2350,40000.0,0.4243,greedy,ZYZZYVA,4.0,0.5,0.1214,1,1,1,FINALIZED_WITHIN_C2_LIMIT,0.723104,1.275
2351,2222.222,0.424,explore,LIU_QUORUM,4.0,9.0,0.1982,1,1,1,FINALIZED_WITHIN_C2_LIMIT,1.566661,1.291
2352,40000.0,0.4238,greedy,ZYZZYVA,4.0,0.5,0.1391,1,1,1,FINALIZED_WITHIN_C2_LIMIT,1.235568,1.396
2353,4000.0,0.4235,explore,LIU_QUORUM,4.0,5.0,0.0311,1,1,1,FINALIZED_WITHIN_C2_LIMIT,0.377894,1.402
2354,40000.0,0.4233,explore,LIU_QUORUM,4.0,0.5,0.0679,1,1,1,FINALIZED_WITHIN_C2_LIMIT,0.096762,1.315
2355,40000.0,0.423,greedy,ZYZZYVA,4.0,0.5,0.1391,1,1,1,FINALIZED_WITHIN_C2_LIMIT,0.444613,1.485
2356,40000.0,0.4228,greedy,ZYZZYVA,4.0,0.5,0.1391,1,1,1,FINALIZED_WITHIN_C2_LIMIT,0.303607,1.443
2357,40000.0,0.4225,greedy,ZYZZYVA,4.0,0.5,0.1391,1,1,1,FINALIZED_WITHIN_C2_LIMIT,0.038018,1.521
2358,0.0,0.4223,explore,PBFT,4.0,7.0,0.2251,0,1,1,FINALIZED_WITHIN_C2_LIMIT,0.098095,1.637
2359,40000.0,0.422,greedy,ZYZZYVA,4.0,0.5,0.1391,1,1,1,FINALIZED_WITHIN_C2_LIMIT,0.092763,1.28
2360,2500.0,0.4218,explore,ZYZZYVA,4.0,8.0,0.1982,1,1,1,FINALIZED_WITHIN_C2_LIMIT,0.072978,1.331
2361,40000.0,0.4216,greedy,ZYZZYVA,4.0,0.5,0.1459,1,1,1,FINALIZED_WITHIN_C2_LIMIT,0.123053,1.414
2362,40000.0,0.4213,greedy,ZYZZYVA,4.0,0.5,0.1459,1,1,1,FINALIZED_WITHIN_C2_LIMIT,0.053374,1.485
2363,40000.0,0.4211,greedy,ZYZZYVA,4.0,0.5,0.1459,1,1,1,FINALIZED_WITHIN_C2_LIMIT,0.316706,1.891
2364,2352.941,0.4208,explore,ZYZZYVA,4.0,8.5,0.067,1,1,1,FINALIZED_WITHIN_C2_LIMIT,0.395833,1.425
2365,40000.0,0.4206,greedy,ZYZZYVA,4.0,0.5,0.1459,1,1,1,FINALIZED_WITHIN_C2_LIMIT,0.107674,1.649
2366,40000.0,0.4203,greedy,ZYZZYVA,4.0,0.5,0.1347,1,1,1,FINALIZED_WITHIN_C2_LIMIT,0.406937,1.751
2367,5000.0,0.4201,explore,ZYZZYVA,4.0,4.0,0.1723,1,1,1,FINALIZED_WITHIN_C2_LIMIT,0.781914,1.413
2368,40000.0,0.4198,greedy,ZYZZYVA,4.0,0.5,0.1347,1,1,1,FINALIZED_WITHIN_C2_LIMIT,0.42737,1.693
2369,40000.0,0.4196,greedy,ZYZZYVA,4.0,0.5,0.1459,1,1,1,FINALIZED_WITHIN_C2_LIMIT,0.073409,1.378
2370,40000.0,0.4194,explore,LIU_QUORUM,4.0,0.5,0.1368,1,1,1,FINALIZED_WITHIN_C2_LIMIT,0.057782,1.268
2371,40000.0,0.4191,greedy,ZYZZYVA,4.0,0.5,0.1347,1,1,1,FINALIZED_WITHIN_C2_LIMIT,0.111026,1.286
2372,40000.0,0.4189,greedy,ZYZZYVA,4.0,0.5,0.1347,1,1,1,FINALIZED_WITHIN_C2_LIMIT,0.082067,1.612
2373,40000.0,0.4186,greedy,ZYZZYVA,4.0,0.5,0.1347,1,1,1,FINALIZED_WITHIN_C2_LIMIT,0.253245,1.205
2374,20000.0,0.4184,explore,ZYZZYVA,4.0,1.0,0.0881,1,1,1,FINALIZED_WITHIN_C2_LIMIT,0.31043,1.209
2375,40000.0,0.4181,greedy,ZYZZYVA,4.0,0.5,0.1347,1,1,1,FINALIZED_WITHIN_C2_LIMIT,0.04188,1.671
2376,2857.143,0.4179,explore,ZYZZYVA,4.0,7.0,0.072,1,1,1,FINALIZED_WITHIN_C2_LIMIT,0.560057,1.353
2377,6666.667,0.4176,explore,ZYZZYVA,4.0,3.0,0.0298,1,1,1,FINALIZED_WITHIN_C2_LIMIT,0.960738,1.428
2378,2352.941,0.4174,explore,ZYZZYVA,4.0,8.5,0.0506,1,1,1,FINALIZED_WITHIN_C2_LIMIT,0.671878,1.425
2379,40000.0,0.4171,greedy,ZYZZYVA,4.0,0.5,0.1347,1,1,1,FINALIZED_WITHIN_C2_LIMIT,0.063801,1.46
2380,40000.0,0.4169,greedy,ZYZZYVA,4.0,0.5,0.1459,1,1,1,FINALIZED_WITHIN_C2_LIMIT,0.881753,1.377
2381,4444.444,0.4167,explore,LIU_QUORUM,4.0,4.5,0.0315,1,1,1,FINALIZED_WITHIN_C2_LIMIT,1.856818,1.494
2382,40000.0,0.4164,greedy,ZYZZYVA,4.0,0.5,0.1459,1,1,1,FINALIZED_WITHIN_C2_LIMIT,2.075825,1.409
2383,6666.667,0.4162,explore,PBFT,4.0,3.0,0.19,1,1,1,FINALIZED_WITHIN_C2_LIMIT,0.8786,1.548
2384,2105.263,0.4159,explore,ZYZZYVA,4.0,9.5,0.0702,1,1,1,FINALIZED_WITHIN_C2_LIMIT,0.074613,1.343
2385,2105.263,0.4157,explore,ZYZZYVA,4.0,9.5,0.0683,1,1,1,FINALIZED_WITHIN_C2_LIMIT,1.424841,1.264
2386,40000.0,0.4154,greedy,ZYZZYVA,4.0,0.5,0.1347,1,1,1,FINALIZED_WITHIN_C2_LIMIT,3.263998,1.49
2387,40000.0,0.4152,greedy,ZYZZYVA,4.0,0.5,0.1347,1,1,1,FINALIZED_WITHIN_C2_LIMIT,3.904121,1.441
2388,40000.0,0.4149,greedy,ZYZZYVA,4.0,0.5,0.1347,1,1,1,FINALIZED_WITHIN_C2_LIMIT,2.482628,1.265
2389,40000.0,0.4147,greedy,ZYZZYVA,4.0,0.5,0.1459,1,1,1,FINALIZED_WITHIN_C2_LIMIT,0.76996,1.904
2390,4444.444,0.4144,explore,LIU_QUORUM,4.0,4.5,0.0702,1,1,1,FINALIZED_WITHIN_C2_LIMIT,0.124613,1.611
2391,40000.0,0.4142,greedy,ZYZZYVA,4.0,0.5,0.1459,1,1,1,FINALIZED_WITHIN_C2_LIMIT,0.805535,1.413
2392,40000.0,0.414,greedy,ZYZZYVA,4.0,0.5,0.1459,1,1,1,FINALIZED_WITHIN_C2_LIMIT,0.867877,1.413
2393,2352.941,0.4137,explore,ZYZZYVA,4.0,8.5,0.1582,1,1,1,FINALIZED_WITHIN_C2_LIMIT,0.388036,1.336
2394,40000.0,0.4135,greedy,ZYZZYVA,4.0,0.5,0.1459,1,1,1,FINALIZED_WITHIN_C2_LIMIT,0.151852,1.433
2395,40000.0,0.4132,greedy,ZYZZYVA,4.0,0.5,0.1459,1,1,1,FINALIZED_WITHIN_C2_LIMIT,0.292651,1.297
2396,40000.0,0.413,greedy,ZYZZYVA,4.0,0.5,0.1459,1,1,1,FINALIZED_WITHIN_C2_LIMIT,0.132267,1.304
2397,40000.0,0.4127,greedy,ZYZZYVA,4.0,0.5,0.1459,1,1,1,FINALIZED_WITHIN_C2_LIMIT,0.148609,1.23
2398,40000.0,0.4125,greedy,ZYZZYVA,4.0,0.5,0.1421,1,1,1,FINALIZED_WITHIN_C2_LIMIT,0.265255,1.315
2399,8000.0,0.4122,explore,PBFT,4.0,2.5,0.0697,1,1,1,FINALIZED_WITHIN_C2_LIMIT,0.083326,1.467
2400,40000.0,0.412,greedy,ZYZZYVA,4.0,0.5,0.1421,1,1,1,FINALIZED_WITHIN_C2_LIMIT,0.052427,1.279
2401,3636.364,0.4118,explore,LIU_QUORUM,4.0,5.5,0.1085,1,1,1,FINALIZED_WITHIN_C2_LIMIT,0.170251,1.993
2402,3076.923,0.4115,explore,PBFT,4.0,6.5,0.0787,1,1,1,FINALIZED_WITHIN_C2_LIMIT,0.123816,1.681
2403,0.0,0.4113,explore,LIU_QUORUM,4.0,4.5,0.2355,0,1,1,FINALIZED_WITHIN_C2_LIMIT,0.210023,1.268
2404,40000.0,0.411,greedy,ZYZZYVA,4.0,0.5,0.1366,1,1,1,FINALIZED_WITHIN_C2_LIMIT,0.272534,1.352
2405,5714.286,0.4108,explore,PBFT,4.0,3.5,0.0702,1,1,1,FINALIZED_WITHIN_C2_LIMIT,0.092772,1.43
2406,40000.0,0.4105,greedy,ZYZZYVA,4.0,0.5,0.1366,1,1,1,FINALIZED_WITHIN_C2_LIMIT,0.382961,1.482
2407,40000.0,0.4103,greedy,ZYZZYVA,4.0,0.5,0.1366,1,1,1,FINALIZED_WITHIN_C2_LIMIT,0.709924,1.541
2408,40000.0,0.41,greedy,ZYZZYVA,4.0,0.5,0.1366,1,1,1,FINALIZED_WITHIN_C2_LIMIT,0.415827,1.558
2409,40000.0,0.4098,greedy,ZYZZYVA,4.0,0.5,0.1366,1,1,1,FINALIZED_WITHIN_C2_LIMIT,0.078045,1.748
2410,20000.0,0.4095,explore,PBFT,4.0,1.0,0.1416,1,1,1,FINALIZED_WITHIN_C2_LIMIT,0.146421,1.612
2411,20000.0,0.4093,explore,ZYZZYVA,4.0,1.0,0.0686,1,1,1,FINALIZED_WITHIN_C2_LIMIT,0.066846,1.309
2412,20000.0,0.4091,explore,PBFT,4.0,1.0,0.068,1,1,1,FINALIZED_WITHIN_C2_LIMIT,0.24047,1.441
2413,40000.0,0.4088,greedy,ZYZZYVA,4.0,0.5,0.1059,1,1,1,FINALIZED_WITHIN_C2_LIMIT,0.429348,1.445
2414,40000.0,0.4086,greedy,ZYZZYVA,4.0,0.5,0.1163,1,1,1,FINALIZED_WITHIN_C2_LIMIT,0.097886,1.612
2415,2105.263,0.4083,explore,LIU_QUORUM,4.0,9.5,0.0685,1,1,1,FINALIZED_WITHIN_C2_LIMIT,0.266652,1.624
2416,5000.0,0.4081,explore,PBFT,4.0,4.0,0.0671,1,1,1,FINALIZED_WITHIN_C2_LIMIT,0.644622,1.616
2417,40000.0,0.4078,greedy,ZYZZYVA,4.0,0.5,0.1059,1,1,1,FINALIZED_WITHIN_C2_LIMIT,0.330756,1.608
2418,40000.0,0.4076,greedy,ZYZZYVA,4.0,0.5,0.0986,1,1,1,FINALIZED_WITHIN_C2_LIMIT,0.110935,1.398
2419,40000.0,0.4073,greedy,ZYZZYVA,4.0,0.5,0.1059,1,1,1,FINALIZED_WITHIN_C2_LIMIT,0.13942,1.536
2420,40000.0,0.4071,greedy,ZYZZYVA,4.0,0.5,0.1059,1,1,1,FINALIZED_WITHIN_C2_LIMIT,0.07509,1.515
2421,40000.0,0.4069,greedy,ZYZZYVA,4.0,0.5,0.1347,1,1,1,FINALIZED_WITHIN_C2_LIMIT,0.520814,1.465
2422,13333.333,0.4066,explore,ZYZZYVA,4.0,1.5,0.0686,1,1,1,FINALIZED_WITHIN_C2_LIMIT,0.621893,1.968
2423,40000.0,0.4064,greedy,ZYZZYVA,4.0,0.5,0.1421,1,1,1,FINALIZED_WITHIN_C2_LIMIT,0.221481,1.626
2424,40000.0,0.4061,greedy,ZYZZYVA,4.0,0.5,0.1421,1,1,1,FINALIZED_WITHIN_C2_LIMIT,0.121226,1.554
2425,2000.0,0.4059,explore,LIU_QUORUM,4.0,10.0,0.0291,1,1,1,FINALIZED_WITHIN_C2_LIMIT,0.280067,1.281
2426,40000.0,0.4056,greedy,ZYZZYVA,4.0,0.5,0.1421,1,1,1,FINALIZED_WITHIN_C2_LIMIT,0.100147,1.811
2427,40000.0,0.4054,greedy,ZYZZYVA,4.0,0.5,0.1459,1,1,1,FINALIZED_WITHIN_C2_LIMIT,0.218264,1.477
2428,4444.444,0.4051,explore,LIU_QUORUM,4.0,4.5,0.0453,1,1,1,FINALIZED_WITHIN_C2_LIMIT,0.430202,1.537
2429,0.0,0.4049,explore,ZYZZYVA,4.0,6.5,0.2811,0,1,1,FINALIZED_WITHIN_C2_LIMIT,0.111827,2.157
2430,40000.0,0.4046,greedy,ZYZZYVA,4.0,0.5,0.1459,1,1,1,FINALIZED_WITHIN_C2_LIMIT,0.261957,2.066
2431,40000.0,0.4044,greedy,ZYZZYVA,4.0,0.5,0.1366,1,1,1,FINALIZED_WITHIN_C2_LIMIT,0.408304,1.209
2432,2500.0,0.4042,explore,PBFT,4.0,8.0,0.1208,1,1,1,FINALIZED_WITHIN_C2_LIMIT,0.163408,1.418
2433,40000.0,0.4039,greedy,ZYZZYVA,4.0,0.5,0.1459,1,1,1,FINALIZED_WITHIN_C2_LIMIT,0.163114,1.288
2434,40000.0,0.4037,greedy,ZYZZYVA,4.0,0.5,0.1459,1,1,1,FINALIZED_WITHIN_C2_LIMIT,0.358635,1.298
2435,8000.0,0.4034,explore,LIU_QUORUM,4.0,2.5,0.0758,1,1,1,FINALIZED_WITHIN_C2_LIMIT,0.108585,1.422
2436,40000.0,0.4032,greedy,ZYZZYVA,4.0,0.5,0.1366,1,1,1,FINALIZED_WITHIN_C2_LIMIT,0.213166,2.013
2437,3333.333,0.4029,explore,PBFT,4.0,6.0,0.0686,1,1,1,FINALIZED_WITHIN_C2_LIMIT,0.301782,1.942
2438,40000.0,0.4027,greedy,ZYZZYVA,4.0,0.5,0.1366,1,1,1,FINALIZED_WITHIN_C2_LIMIT,0.099988,1.353
2439,2000.0,0.4024,explore,PBFT,4.0,10.0,0.1284,1,1,1,FINALIZED_WITHIN_C2_LIMIT,0.246726,1.447
2440,40000.0,0.4022,greedy,ZYZZYVA,4.0,0.5,0.1421,1,1,1,FINALIZED_WITHIN_C2_LIMIT,0.587419,1.357
2441,40000.0,0.402,explore,PBFT,4.0,0.5,0.0312,1,1,1,FINALIZED_WITHIN_C2_LIMIT,0.272371,1.452
2442,40000.0,0.4017,greedy,ZYZZYVA,4.0,0.5,0.1366,1,1,1,FINALIZED_WITHIN_C2_LIMIT,0.114683,1.509
2443,40000.0,0.4015,greedy,ZYZZYVA,4.0,0.5,0.1421,1,1,1,FINALIZED_WITHIN_C2_LIMIT,0.224934,2.216
2444,40000.0,0.4012,greedy,ZYZZYVA,4.0,0.5,0.1366,1,1,1,FINALIZED_WITHIN_C2_LIMIT,0.070488,2.2
2445,40000.0,0.401,greedy,ZYZZYVA,4.0,0.5,0.1421,1,1,1,FINALIZED_WITHIN_C2_LIMIT,0.343206,1.736
2446,40000.0,0.4007,greedy,ZYZZYVA,4.0,0.5,0.1421,1,1,1,FINALIZED_WITHIN_C2_LIMIT,0.62305,1.599
2447,40000.0,0.4005,greedy,ZYZZYVA,4.0,0.5,0.1421,1,1,1,FINALIZED_WITHIN_C2_LIMIT,0.285962,1.787
2448,2105.263,0.4002,explore,LIU_QUORUM,4.0,9.5,0.0708,1,1,1,FINALIZED_WITHIN_C2_LIMIT,0.064646,1.373
2449,6666.667,0.4,explore,LIU_QUORUM,4.0,3.0,0.072,1,1,1,FINALIZED_WITHIN_C2_LIMIT,0.141224,1.463
2450,40000.0,0.3997,greedy,ZYZZYVA,4.0,0.5,0.1421,1,1,1,FINALIZED_WITHIN_C2_LIMIT,0.06082,1.596
2451,40000.0,0.3995,greedy,ZYZZYVA,4.0,0.5,0.1421,1,1,1,FINALIZED_WITHIN_C2_LIMIT,0.207988,1.68
2452,40000.0,0.3993,greedy,ZYZZYVA,4.0,0.5,0.1366,1,1,1,FINALIZED_WITHIN_C2_LIMIT,0.303885,1.48
2453,13333.333,0.399,explore,ZYZZYVA,4.0,1.5,0.0689,1,1,1,FINALIZED_WITHIN_C2_LIMIT,0.045276,1.977
2454,6666.667,0.3988,explore,LIU_QUORUM,4.0,3.0,0.03,1,1,1,FINALIZED_WITHIN_C2_LIMIT,0.586092,1.734
2455,40000.0,0.3985,greedy,ZYZZYVA,4.0,0.5,0.1347,1,1,1,FINALIZED_WITHIN_C2_LIMIT,1.041038,1.387
2456,4444.444,0.3983,explore,ZYZZYVA,4.0,4.5,0.0362,1,1,1,FINALIZED_WITHIN_C2_LIMIT,0.804177,1.377
2457,40000.0,0.398,greedy,ZYZZYVA,4.0,0.5,0.1293,1,1,1,FINALIZED_WITHIN_C2_LIMIT,0.103704,1.362
2458,40000.0,0.3978,greedy,ZYZZYVA,4.0,0.5,0.1366,1,1,1,FINALIZED_WITHIN_C2_LIMIT,0.651785,1.553
2459,40000.0,0.3975,explore,LIU_QUORUM,4.0,0.5,0.0308,1,1,1,FINALIZED_WITHIN_C2_LIMIT,1.536834,1.823
2460,40000.0,0.3973,greedy,ZYZZYVA,4.0,0.5,0.1366,1,1,1,FINALIZED_WITHIN_C2_LIMIT,1.58089,1.962
2461,40000.0,0.3971,greedy,ZYZZYVA,4.0,0.5,0.1366,1,1,1,FINALIZED_WITHIN_C2_LIMIT,0.62327,1.674
2462,5000.0,0.3968,explore,LIU_QUORUM,4.0,4.0,0.0694,1,1,1,FINALIZED_WITHIN_C2_LIMIT,0.076273,1.682
2463,40000.0,0.3966,greedy,ZYZZYVA,4.0,0.5,0.1059,1,1,1,FINALIZED_WITHIN_C2_LIMIT,0.296654,1.445
2464,2352.941,0.3963,explore,ZYZZYVA,4.0,8.5,0.0315,1,1,1,FINALIZED_WITHIN_C2_LIMIT,0.164563,1.429
2465,40000.0,0.3961,greedy,ZYZZYVA,4.0,0.5,0.1293,1,1,1,FINALIZED_WITHIN_C2_LIMIT,0.117957,2.041
2466,40000.0,0.3958,greedy,ZYZZYVA,4.0,0.5,0.1293,1,1,1,FINALIZED_WITHIN_C2_LIMIT,0.208732,1.681
2467,40000.0,0.3956,greedy,ZYZZYVA,4.0,0.5,0.1293,1,1,1,FINALIZED_WITHIN_C2_LIMIT,0.060634,1.562
2468,3636.364,0.3953,explore,PBFT,4.0,5.5,0.0291,1,1,1,FINALIZED_WITHIN_C2_LIMIT,0.054461,1.432
2469,40000.0,0.3951,greedy,ZYZZYVA,4.0,0.5,0.1293,1,1,1,FINALIZED_WITHIN_C2_LIMIT,0.107141,1.4
2470,40000.0,0.3948,greedy,ZYZZYVA,4.0,0.5,0.1293,1,1,1,FINALIZED_WITHIN_C2_LIMIT,0.078591,1.342
2471,40000.0,0.3946,greedy,ZYZZYVA,4.0,0.5,0.1366,1,1,1,FINALIZED_WITHIN_C2_LIMIT,0.169866,1.293
2472,5714.286,0.3944,explore,ZYZZYVA,4.0,3.5,0.1208,1,1,1,FINALIZED_WITHIN_C2_LIMIT,0.292493,1.317
2473,40000.0,0.3941,greedy,ZYZZYVA,4.0,0.5,0.1366,1,1,1,FINALIZED_WITHIN_C2_LIMIT,0.029167,1.556
2474,40000.0,0.3939,greedy,ZYZZYVA,4.0,0.5,0.1421,1,1,1,FINALIZED_WITHIN_C2_LIMIT,0.592478,1.514
2475,2857.143,0.3936,explore,PBFT,4.0,7.0,0.0702,1,1,1,FINALIZED_WITHIN_C2_LIMIT,1.076965,1.68
2476,40000.0,0.3934,greedy,ZYZZYVA,4.0,0.5,0.1347,1,1,1,FINALIZED_WITHIN_C2_LIMIT,0.730142,1.962
2477,4000.0,0.3931,explore,LIU_QUORUM,4.0,5.0,0.0278,1,1,1,FINALIZED_WITHIN_C2_LIMIT,0.0873,2.189
2478,0.0,0.3929,explore,LIU_QUORUM,4.0,1.0,0.2536,0,1,1,FINALIZED_WITHIN_C2_LIMIT,0.670422,1.684
2479,2105.263,0.3926,explore,LIU_QUORUM,4.0,9.5,0.0933,1,1,1,FINALIZED_WITHIN_C2_LIMIT,1.823371,1.479
2480,40000.0,0.3924,greedy,ZYZZYVA,4.0,0.5,0.1421,1,1,1,FINALIZED_WITHIN_C2_LIMIT,1.540476,1.422
2481,3636.364,0.3922,explore,PBFT,4.0,5.5,0.0779,1,1,1,FINALIZED_WITHIN_C2_LIMIT,0.600988,1.527
2482,40000.0,0.3919,greedy,ZYZZYVA,4.0,0.5,0.1421,1,1,1,FINALIZED_WITHIN_C2_LIMIT,0.036387,1.533
2483,40000.0,0.3917,greedy,ZYZZYVA,4.0,0.5,0.1347,1,1,1,FINALIZED_WITHIN_C2_LIMIT,0.477479,1.388
2484,40000.0,0.3914,greedy,ZYZZYVA,4.0,0.5,0.1347,1,1,1,FINALIZED_WITHIN_C2_LIMIT,0.578662,1.577
2485,40000.0,0.3912,greedy,ZYZZYVA,4.0,0.5,0.1347,1,1,1,FINALIZED_WITHIN_C2_LIMIT,0.207834,1.332
2486,40000.0,0.3909,greedy,ZYZZYVA,4.0,0.5,0.1421,1,1,1,FINALIZED_WITHIN_C2_LIMIT,0.151269,1.423
2487,20000.0,0.3907,explore,PBFT,4.0,1.0,0.0311,1,1,1,FINALIZED_WITHIN_C2_LIMIT,0.354542,1.47
2488,10000.0,0.3904,explore,LIU_QUORUM,4.0,2.0,0.0779,1,1,1,FINALIZED_WITHIN_C2_LIMIT,0.124501,1.877
2489,40000.0,0.3902,greedy,ZYZZYVA,4.0,0.5,0.1421,1,1,1,FINALIZED_WITHIN_C2_LIMIT,0.142222,1.718
2490,4444.444,0.3899,explore,LIU_QUORUM,4.0,4.5,0.0694,1,1,1,FINALIZED_WITHIN_C2_LIMIT,0.2006,2.241
2491,3333.333,0.3897,explore,PBFT,4.0,6.0,0.1982,1,1,1,FINALIZED_WITHIN_C2_LIMIT,0.06897,2.329
2492,40000.0,0.3895,greedy,ZYZZYVA,4.0,0.5,0.1421,1,1,1,FINALIZED_WITHIN_C2_LIMIT,0.465577,1.329
2493,6666.667,0.3892,explore,ZYZZYVA,4.0,3.0,0.0685,1,1,1,FINALIZED_WITHIN_C2_LIMIT,0.815043,1.73
2494,40000.0,0.389,greedy,ZYZZYVA,4.0,0.5,0.1421,1,1,1,FINALIZED_WITHIN_C2_LIMIT,0.448274,1.527
2495,40000.0,0.3887,greedy,ZYZZYVA,4.0,0.5,0.1421,1,1,1,FINALIZED_WITHIN_C2_LIMIT,0.035383,1.569
2496,40000.0,0.3885,greedy,ZYZZYVA,4.0,0.5,0.1459,1,1,1,FINALIZED_WITHIN_C2_LIMIT,1.046953,1.411
2497,2000.0,0.3882,explore,LIU_QUORUM,4.0,10.0,0.0671,1,1,1,FINALIZED_WITHIN_C2_LIMIT,2.285267,2.042
2498,3076.923,0.388,explore,LIU_QUORUM,4.0,6.5,0.0288,1,1,1,FINALIZED_WITHIN_C2_LIMIT,2.443797,1.64
2499,40000.0,0.3877,greedy,ZYZZYVA,4.0,0.5,0.1347,1,1,1,FINALIZED_WITHIN_C2_LIMIT,0.08085,1.844
2500,2666.667,0.3875,explore,PBFT,4.0,7.5,0.1368,1,1,1,FINALIZED_WITHIN_C2_LIMIT,0.453588,2.218
2501,40000.0,0.3873,greedy,ZYZZYVA,4.0,0.5,0.1459,1,1,1,FINALIZED_WITHIN_C2_LIMIT,1.020653,1.723
2502,5714.286,0.387,explore,PBFT,4.0,3.5,0.0609,1,1,1,FINALIZED_WITHIN_C2_LIMIT,0.693823,1.847
2503,40000.0,0.3868,greedy,ZYZZYVA,4.0,0.5,0.1347,1,1,1,FINALIZED_WITHIN_C2_LIMIT,0.071203,1.532
2504,20000.0,0.3865,explore,PBFT,4.0,1.0,0.0308,1,1,1,FINALIZED_WITHIN_C2_LIMIT,0.508134,1.469
2505,3076.923,0.3863,explore,PBFT,4.0,6.5,0.0697,1,1,1,FINALIZED_WITHIN_C2_LIMIT,1.189754,1.411
2506,40000.0,0.386,greedy,ZYZZYVA,4.0,0.5,0.0993,1,1,1,FINALIZED_WITHIN_C2_LIMIT,0.946774,1.493
2507,2666.667,0.3858,explore,LIU_QUORUM,4.0,7.5,0.0669,1,1,1,FINALIZED_WITHIN_C2_LIMIT,0.253879,1.767
2508,40000.0,0.3855,greedy,ZYZZYVA,4.0,0.5,0.1421,1,1,1,FINALIZED_WITHIN_C2_LIMIT,0.235537,1.484
2509,2500.0,0.3853,explore,PBFT,4.0,8.0,0.0651,1,1,1,FINALIZED_WITHIN_C2_LIMIT,0.611947,1.631
2510,40000.0,0.3851,greedy,ZYZZYVA,4.0,0.5,0.1366,1,1,1,FINALIZED_WITHIN_C2_LIMIT,0.395409,1.32
2511,40000.0,0.3848,greedy,ZYZZYVA,4.0,0.5,0.1366,1,1,1,FINALIZED_WITHIN_C2_LIMIT,0.041115,1.438
2512,40000.0,0.3846,greedy,ZYZZYVA,4.0,0.5,0.1421,1,1,1,FINALIZED_WITHIN_C2_LIMIT,0.570234,1.616
2513,40000.0,0.3843,greedy,ZYZZYVA,4.0,0.5,0.1421,1,1,1,FINALIZED_WITHIN_C2_LIMIT,1.317259,1.385
2514,40000.0,0.3841,greedy,ZYZZYVA,4.0,0.5,0.1421,1,1,1,FINALIZED_WITHIN_C2_LIMIT,1.110809,1.601
2515,13333.333,0.3838,explore,LIU_QUORUM,4.0,1.5,0.0683,1,1,1,FINALIZED_WITHIN_C2_LIMIT,0.335187,1.288
2516,40000.0,0.3836,greedy,ZYZZYVA,4.0,0.5,0.1366,1,1,1,FINALIZED_WITHIN_C2_LIMIT,0.163429,1.333
2517,3076.923,0.3833,explore,PBFT,4.0,6.5,0.1208,1,1,1,FINALIZED_WITHIN_C2_LIMIT,0.574341,1.49
2518,40000.0,0.3831,greedy,ZYZZYVA,4.0,0.5,0.1366,1,1,1,FINALIZED_WITHIN_C2_LIMIT,0.55876,2.207
2519,40000.0,0.3828,greedy,ZYZZYVA,4.0,0.5,0.1366,1,1,1,FINALIZED_WITHIN_C2_LIMIT,0.053162,1.451
2520,40000.0,0.3826,greedy,ZYZZYVA,4.0,0.5,0.1366,1,1,1,FINALIZED_WITHIN_C2_LIMIT,0.515417,1.491
2521,40000.0,0.3824,greedy,ZYZZYVA,4.0,0.5,0.1366,1,1,1,FINALIZED_WITHIN_C2_LIMIT,1.13127,1.54
2522,6666.667,0.3821,explore,PBFT,4.0,3.0,0.0739,1,1,1,FINALIZED_WITHIN_C2_LIMIT,0.885931,1.771
2523,6666.667,0.3819,explore,ZYZZYVA,4.0,3.0,0.067,1,1,1,FINALIZED_WITHIN_C2_LIMIT,0.273999,1.408
2524,40000.0,0.3816,greedy,ZYZZYVA,4.0,0.5,0.1421,1,1,1,FINALIZED_WITHIN_C2_LIMIT,0.279949,1.687
2525,13333.333,0.3814,explore,ZYZZYVA,4.0,1.5,0.0299,1,1,1,FINALIZED_WITHIN_C2_LIMIT,0.843124,2.059
2526,40000.0,0.3811,greedy,ZYZZYVA,4.0,0.5,0.1421,1,1,1,FINALIZED_WITHIN_C2_LIMIT,0.669143,1.916
2527,40000.0,0.3809,greedy,ZYZZYVA,4.0,0.5,0.1421,1,1,1,FINALIZED_WITHIN_C2_LIMIT,0.147665,1.607
2528,40000.0,0.3806,greedy,ZYZZYVA,4.0,0.5,0.1366,1,1,1,FINALIZED_WITHIN_C2_LIMIT,0.308531,1.583
2529,13333.333,0.3804,explore,LIU_QUORUM,4.0,1.5,0.1001,1,1,1,FINALIZED_WITHIN_C2_LIMIT,0.789806,1.32
2530,40000.0,0.3802,greedy,ZYZZYVA,4.0,0.5,0.1366,1,1,1,FINALIZED_WITHIN_C2_LIMIT,0.541797,1.685
2531,40000.0,0.3799,greedy,ZYZZYVA,4.0,0.5,0.1366,1,1,1,FINALIZED_WITHIN_C2_LIMIT,0.098785,1.497
2532,0.0,0.3797,explore,PBFT,4.0,8.0,0.2811,0,1,1,FINALIZED_WITHIN_C2_LIMIT,0.441631,1.418
2533,2500.0,0.3794,explore,LIU_QUORUM,4.0,8.0,0.0558,1,1,1,FINALIZED_WITHIN_C2_LIMIT,1.128067,1.519
2534,20000.0,0.3792,explore,ZYZZYVA,4.0,1.0,0.072,1,1,1,FINALIZED_WITHIN_C2_LIMIT,1.135895,1.244
2535,40000.0,0.3789,greedy,ZYZZYVA,4.0,0.5,0.1366,1,1,1,FINALIZED_WITHIN_C2_LIMIT,0.338199,1.575
2536,3333.333,0.3787,explore,PBFT,4.0,6.0,0.1368,1,1,1,FINALIZED_WITHIN_C2_LIMIT,0.130051,1.364
2537,40000.0,0.3784,greedy,ZYZZYVA,4.0,0.5,0.1366,1,1,1,FINALIZED_WITHIN_C2_LIMIT,0.416328,1.424
2538,2222.222,0.3782,explore,LIU_QUORUM,4.0,9.0,0.0315,1,1,1,FINALIZED_WITHIN_C2_LIMIT,0.287584,1.294
2539,40000.0,0.3779,greedy,ZYZZYVA,4.0,0.5,0.1366,1,1,1,FINALIZED_WITHIN_C2_LIMIT,0.040954,1.403
2540,2666.667,0.3777,explore,ZYZZYVA,4.0,7.5,0.1208,1,1,1,FINALIZED_WITHIN_C2_LIMIT,0.52245,1.642
2541,40000.0,0.3775,greedy,ZYZZYVA,4.0,0.5,0.1253,1,1,1,FINALIZED_WITHIN_C2_LIMIT,0.883096,1.305
2542,40000.0,0.3772,greedy,ZYZZYVA,4.0,0.5,0.1753,1,1,1,FINALIZED_WITHIN_C2_LIMIT,0.26215,1.607
2543,40000.0,0.377,greedy,ZYZZYVA,4.0,0.5,0.1882,1,1,1,FINALIZED_WITHIN_C2_LIMIT,0.761094,1.254
2544,0.0,0.3767,greedy,ZYZZYVA,4.0,0.5,0.2092,0,1,1,FINALIZED_WITHIN_C2_LIMIT,0.599492,2.084
2545,40000.0,0.3765,greedy,ZYZZYVA,4.0,0.5,0.1606,1,1,1,FINALIZED_WITHIN_C2_LIMIT,0.07957,1.434
2546,40000.0,0.3762,greedy,ZYZZYVA,4.0,0.5,0.1592,1,1,1,FINALIZED_WITHIN_C2_LIMIT,0.039396,1.365
2547,2666.667,0.376,explore,LIU_QUORUM,4.0,7.5,0.0933,1,1,1,FINALIZED_WITHIN_C2_LIMIT,0.294427,1.431
2548,2500.0,0.3757,explore,LIU_QUORUM,4.0,8.0,0.0315,1,1,1,FINALIZED_WITHIN_C2_LIMIT,0.350142,1.602
2549,40000.0,0.3755,greedy,ZYZZYVA,4.0,0.5,0.1305,1,1,1,FINALIZED_WITHIN_C2_LIMIT,0.149409,1.347
2550,40000.0,0.3753,greedy,ZYZZYVA,4.0,0.5,0.1101,1,1,1,FINALIZED_WITHIN_C2_LIMIT,0.148866,1.433
2551,40000.0,0.375,greedy,ZYZZYVA,4.0,0.5,0.1293,1,1,1,FINALIZED_WITHIN_C2_LIMIT,0.081257,1.582
2552,40000.0,0.3748,greedy,ZYZZYVA,4.0,0.5,0.1101,1,1,1,FINALIZED_WITHIN_C2_LIMIT,0.051163,1.825
2553,2000.0,0.3745,explore,PBFT,4.0,10.0,0.0679,1,1,1,FINALIZED_WITHIN_C2_LIMIT,0.334265,1.46
2554,40000.0,0.3743,greedy,ZYZZYVA,4.0,0.5,0.0945,1,1,1,FINALIZED_WITHIN_C2_LIMIT,0.353574,1.555
2555,2222.222,0.374,explore,LIU_QUORUM,4.0,9.0,0.1723,1,1,1,FINALIZED_WITHIN_C2_LIMIT,0.018822,1.679
2556,2222.222,0.3738,explore,PBFT,4.0,9.0,0.0299,1,1,1,FINALIZED_WITHIN_C2_LIMIT,0.410702,1.474
2557,40000.0,0.3735,greedy,ZYZZYVA,4.0,0.5,0.0998,1,1,1,FINALIZED_WITHIN_C2_LIMIT,0.441086,1.83
2558,40000.0,0.3733,greedy,ZYZZYVA,4.0,0.5,0.0878,1,1,1,FINALIZED_WITHIN_C2_LIMIT,0.103231,2.157
2559,40000.0,0.373,greedy,ZYZZYVA,4.0,0.5,0.0945,1,1,1,FINALIZED_WITHIN_C2_LIMIT,0.427707,1.648
2560,13333.333,0.3728,explore,ZYZZYVA,4.0,1.5,0.0312,1,1,1,FINALIZED_WITHIN_C2_LIMIT,0.768394,1.586
2561,40000.0,0.3726,greedy,ZYZZYVA,4.0,0.5,0.0945,1,1,1,FINALIZED_WITHIN_C2_LIMIT,0.517273,2.139
2562,20000.0,0.3723,explore,ZYZZYVA,4.0,1.0,0.0683,1,1,1,FINALIZED_WITHIN_C2_LIMIT,0.059178,1.32
2563,40000.0,0.3721,greedy,ZYZZYVA,4.0,0.5,0.1092,1,1,1,FINALIZED_WITHIN_C2_LIMIT,0.088496,1.469
2564,40000.0,0.3718,greedy,ZYZZYVA,4.0,0.5,0.1092,1,1,1,FINALIZED_WITHIN_C2_LIMIT,0.069511,1.431
2565,40000.0,0.3716,greedy,ZYZZYVA,4.0,0.5,0.1163,1,1,1,FINALIZED_WITHIN_C2_LIMIT,0.045354,1.383
2566,2857.143,0.3713,explore,PBFT,4.0,7.0,0.0715,1,1,1,FINALIZED_WITHIN_C2_LIMIT,0.316422,1.374
2567,40000.0,0.3711,greedy,ZYZZYVA,4.0,0.5,0.1059,1,1,1,FINALIZED_WITHIN_C2_LIMIT,0.372713,1.261
2568,40000.0,0.3708,greedy,ZYZZYVA,4.0,0.5,0.0866,1,1,1,FINALIZED_WITHIN_C2_LIMIT,0.03379,1.383
2569,40000.0,0.3706,greedy,ZYZZYVA,4.0,0.5,0.0685,1,1,1,FINALIZED_WITHIN_C2_LIMIT,0.620842,1.517
2570,40000.0,0.3704,greedy,ZYZZYVA,4.0,0.5,0.0675,1,1,1,FINALIZED_WITHIN_C2_LIMIT,1.119214,1.543
2571,40000.0,0.3701,greedy,ZYZZYVA,4.0,0.5,0.0766,1,1,1,FINALIZED_WITHIN_C2_LIMIT,0.718359,1.372
2572,40000.0,0.3699,greedy,ZYZZYVA,4.0,0.5,0.1088,1,1,1,FINALIZED_WITHIN_C2_LIMIT,0.057679,1.355
2573,3333.333,0.3696,explore,PBFT,4.0,6.0,0.069,1,1,1,FINALIZED_WITHIN_C2_LIMIT,0.714835,1.364
2574,20000.0,0.3694,explore,LIU_QUORUM,4.0,1.0,0.0768,1,1,1,FINALIZED_WITHIN_C2_LIMIT,1.769933,1.177
2575,40000.0,0.3691,greedy,ZYZZYVA,4.0,0.5,0.1366,1,1,1,FINALIZED_WITHIN_C2_LIMIT,1.821348,1.384
2576,40000.0,0.3689,explore,LIU_QUORUM,4.0,0.5,0.0311,1,1,1,FINALIZED_WITHIN_C2_LIMIT,0.711966,1.449
2577,40000.0,0.3686,greedy,ZYZZYVA,4.0,0.5,0.1366,1,1,1,FINALIZED_WITHIN_C2_LIMIT,0.046727,1.464
2578,3076.923,0.3684,explore,LIU_QUORUM,4.0,6.5,0.0668,1,1,1,FINALIZED_WITHIN_C2_LIMIT,0.809763,1.37
2579,40000.0,0.3681,greedy,ZYZZYVA,4.0,0.5,0.1718,1,1,1,FINALIZED_WITHIN_C2_LIMIT,1.886573,1.596
2580,40000.0,0.3679,greedy,ZYZZYVA,4.0,0.5,0.1718,1,1,1,FINALIZED_WITHIN_C2_LIMIT,1.443353,1.436
2581,20000.0,0.3677,explore,PBFT,4.0,1.0,0.067,1,1,1,FINALIZED_WITHIN_C2_LIMIT,0.618447,1.49
2582,40000.0,0.3674,greedy,ZYZZYVA,4.0,0.5,0.1366,1,1,1,FINALIZED_WITHIN_C2_LIMIT,0.068402,1.43
2583,40000.0,0.3672,greedy,ZYZZYVA,4.0,0.5,0.1326,1,1,1,FINALIZED_WITHIN_C2_LIMIT,0.231686,1.232
2584,6666.667,0.3669,explore,ZYZZYVA,4.0,3.0,0.0685,1,1,1,FINALIZED_WITHIN_C2_LIMIT,0.205597,1.454
2585,40000.0,0.3667,greedy,ZYZZYVA,4.0,0.5,0.1366,1,1,1,FINALIZED_WITHIN_C2_LIMIT,0.051823,1.447
2586,40000.0,0.3664,greedy,ZYZZYVA,4.0,0.5,0.1366,1,1,1,FINALIZED_WITHIN_C2_LIMIT,0.068328,1.229
2587,2857.143,0.3662,explore,PBFT,4.0,7.0,0.1982,1,1,1,FINALIZED_WITHIN_C2_LIMIT,0.079541,1.575
2588,40000.0,0.3659,greedy,ZYZZYVA,4.0,0.5,0.1366,1,1,1,FINALIZED_WITHIN_C2_LIMIT,0.06512,1.262
2589,2000.0,0.3657,explore,PBFT,4.0,10.0,0.1141,1,1,1,FINALIZED_WITHIN_C2_LIMIT,0.20255,1.43
2590,40000.0,0.3655,greedy,ZYZZYVA,4.0,0.5,0.1366,1,1,1,FINALIZED_WITHIN_C2_LIMIT,0.206078,1.454
2591,40000.0,0.3652,greedy,ZYZZYVA,4.0,0.5,0.1366,1,1,1,FINALIZED_WITHIN_C2_LIMIT,0.043544,1.314
2592,40000.0,0.365,greedy,ZYZZYVA,4.0,0.5,0.1366,1,1,1,FINALIZED_WITHIN_C2_LIMIT,0.032631,1.738
2593,8000.0,0.3647,explore,PBFT,4.0,2.5,0.1416,1,1,1,FINALIZED_WITHIN_C2_LIMIT,0.178093,1.369
2594,40000.0,0.3645,greedy,ZYZZYVA,4.0,0.5,0.1326,1,1,1,FINALIZED_WITHIN_C2_LIMIT,0.07728,1.225
2595,40000.0,0.3642,greedy,ZYZZYVA,4.0,0.5,0.1366,1,1,1,FINALIZED_WITHIN_C2_LIMIT,0.179566,1.348
2596,40000.0,0.364,greedy,ZYZZYVA,4.0,0.5,0.1683,1,1,1,FINALIZED_WITHIN_C2_LIMIT,0.269338,1.322
2597,20000.0,0.3637,explore,LIU_QUORUM,4.0,1.0,0.03,1,1,1,FINALIZED_WITHIN_C2_LIMIT,0.064752,1.178
2598,2666.667,0.3635,explore,LIU_QUORUM,4.0,7.5,0.0787,1,1,1,FINALIZED_WITHIN_C2_LIMIT,0.474596,1.286
2599,40000.0,0.3632,greedy,ZYZZYVA,4.0,0.5,0.1366,1,1,1,FINALIZED_WITHIN_C2_LIMIT,0.079923,1.331
2600,40000.0,0.363,greedy,ZYZZYVA,4.0,0.5,0.1326,1,1,1,FINALIZED_WITHIN_C2_LIMIT,0.360334,1.557
2601,40000.0,0.3628,greedy,ZYZZYVA,4.0,0.5,0.1326,1,1,1,FINALIZED_WITHIN_C2_LIMIT,0.562571,1.344
2602,40000.0,0.3625,greedy,ZYZZYVA,4.0,0.5,0.1421,1,1,1,FINALIZED_WITHIN_C2_LIMIT,0.269839,1.318
2603,2000.0,0.3623,explore,ZYZZYVA,4.0,10.0,0.0278,1,1,1,FINALIZED_WITHIN_C2_LIMIT,0.090249,1.444
2604,3333.333,0.362,explore,LIU_QUORUM,4.0,6.0,0.0758,1,1,1,FINALIZED_WITHIN_C2_LIMIT,0.194682,1.416
2605,40000.0,0.3618,greedy,ZYZZYVA,4.0,0.5,0.1671,1,1,1,FINALIZED_WITHIN_C2_LIMIT,0.06648,1.414
2606,40000.0,0.3615,greedy,ZYZZYVA,4.0,0.5,0.1421,1,1,1,FINALIZED_WITHIN_C2_LIMIT,0.308355,1.371
2607,40000.0,0.3613,greedy,ZYZZYVA,4.0,0.5,0.1421,1,1,1,FINALIZED_WITHIN_C2_LIMIT,0.527715,1.222
2608,40000.0,0.361,greedy,ZYZZYVA,4.0,0.5,0.1326,1,1,1,FINALIZED_WITHIN_C2_LIMIT,0.231617,1.245
2609,0.0,0.3608,explore,LIU_QUORUM,4.0,4.0,0.2355,0,1,1,FINALIZED_WITHIN_C2_LIMIT,0.104964,1.112
2610,2857.143,0.3606,explore,PBFT,4.0,7.0,0.0779,1,1,1,FINALIZED_WITHIN_C2_LIMIT,0.300933,1.251
2611,40000.0,0.3603,greedy,ZYZZYVA,4.0,0.5,0.1326,1,1,1,FINALIZED_WITHIN_C2_LIMIT,0.074755,1.34
2612,40000.0,0.3601,greedy,ZYZZYVA,4.0,0.5,0.1326,1,1,1,FINALIZED_WITHIN_C2_LIMIT,0.319072,1.345
2613,40000.0,0.3598,greedy,ZYZZYVA,4.0,0.5,0.1326,1,1,1,FINALIZED_WITHIN_C2_LIMIT,0.611966,1.277
2614,2000.0,0.3596,explore,LIU_QUORUM,4.0,10.0,0.0787,1,1,1,FINALIZED_WITHIN_C2_LIMIT,0.306707,1.316
2615,6666.667,0.3593,explore,LIU_QUORUM,4.0,3.0,0.1582,1,1,1,FINALIZED_WITHIN_C2_LIMIT,0.067724,1.491
2616,40000.0,0.3591,greedy,ZYZZYVA,4.0,0.5,0.1326,1,1,1,FINALIZED_WITHIN_C2_LIMIT,0.19958,1.579
2617,40000.0,0.3588,greedy,ZYZZYVA,4.0,0.5,0.1326,1,1,1,FINALIZED_WITHIN_C2_LIMIT,0.04249,1.246
2618,10000.0,0.3586,explore,PBFT,4.0,2.0,0.0282,1,1,1,FINALIZED_WITHIN_C2_LIMIT,0.380474,1.242
2619,40000.0,0.3583,greedy,ZYZZYVA,4.0,0.5,0.1326,1,1,1,FINALIZED_WITHIN_C2_LIMIT,0.62053,1.276
2620,40000.0,0.3581,greedy,ZYZZYVA,4.0,0.5,0.1326,1,1,1,FINALIZED_WITHIN_C2_LIMIT,0.327891,1.385
2621,40000.0,0.3579,greedy,ZYZZYVA,4.0,0.5,0.1421,1,1,1,FINALIZED_WITHIN_C2_LIMIT,0.060453,1.25
2622,5714.286,0.3576,explore,ZYZZYVA,4.0,3.5,0.0679,1,1,1,FINALIZED_WITHIN_C2_LIMIT,0.180295,1.214
2623,40000.0,0.3574,greedy,ZYZZYVA,4.0,0.5,0.1408,1,1,1,FINALIZED_WITHIN_C2_LIMIT,0.044778,1.344
2624,40000.0,0.3571,greedy,ZYZZYVA,4.0,0.5,0.1326,1,1,1,FINALIZED_WITHIN_C2_LIMIT,0.437194,1.352
2625,40000.0,0.3569,greedy,ZYZZYVA,4.0,0.5,0.1326,1,1,1,FINALIZED_WITHIN_C2_LIMIT,0.759182,1.274
2626,40000.0,0.3566,greedy,ZYZZYVA,4.0,0.5,0.1326,1,1,1,FINALIZED_WITHIN_C2_LIMIT,0.287037,1.259
2627,40000.0,0.3564,greedy,ZYZZYVA,4.0,0.5,0.1408,1,1,1,FINALIZED_WITHIN_C2_LIMIT,0.071747,1.071
2628,40000.0,0.3561,greedy,ZYZZYVA,4.0,0.5,0.1421,1,1,1,FINALIZED_WITHIN_C2_LIMIT,0.131307,1.219
2629,40000.0,0.3559,greedy,ZYZZYVA,4.0,0.5,0.1421,1,1,1,FINALIZED_WITHIN_C2_LIMIT,0.064421,1.366
2630,40000.0,0.3557,greedy,ZYZZYVA,4.0,0.5,0.1326,1,1,1,FINALIZED_WITHIN_C2_LIMIT,0.404662,1.298
2631,40000.0,0.3554,greedy,ZYZZYVA,4.0,0.5,0.1326,1,1,1,FINALIZED_WITHIN_C2_LIMIT,0.667735,1.545
2632,40000.0,0.3552,greedy,ZYZZYVA,4.0,0.5,0.1326,1,1,1,FINALIZED_WITHIN_C2_LIMIT,0.330671,1.353
2633,5000.0,0.3549,explore,PBFT,4.0,4.0,0.0312,1,1,1,FINALIZED_WITHIN_C2_LIMIT,0.046823,1.528
2634,40000.0,0.3547,greedy,ZYZZYVA,4.0,0.5,0.1326,1,1,1,FINALIZED_WITHIN_C2_LIMIT,0.135493,1.223
2635,40000.0,0.3544,greedy,ZYZZYVA,4.0,0.5,0.1245,1,1,1,FINALIZED_WITHIN_C2_LIMIT,0.060789,1.405
2636,40000.0,0.3542,greedy,ZYZZYVA,4.0,0.5,0.1326,1,1,1,FINALIZED_WITHIN_C2_LIMIT,0.469819,1.258
2637,0.0,0.3539,explore,LIU_QUORUM,4.0,6.0,0.2811,0,1,1,FINALIZED_WITHIN_C2_LIMIT,0.64364,1.315
2638,40000.0,0.3537,greedy,ZYZZYVA,4.0,0.5,0.1266,1,1,1,FINALIZED_WITHIN_C2_LIMIT,0.24173,1.373
2639,6666.667,0.3534,explore,ZYZZYVA,4.0,3.0,0.1723,1,1,1,FINALIZED_WITHIN_C2_LIMIT,0.133858,1.37
2640,40000.0,0.3532,greedy,ZYZZYVA,4.0,0.5,0.1326,1,1,1,FINALIZED_WITHIN_C2_LIMIT,0.217546,1.366
2641,40000.0,0.353,greedy,ZYZZYVA,4.0,0.5,0.1326,1,1,1,FINALIZED_WITHIN_C2_LIMIT,0.082479,1.517
2642,2500.0,0.3527,explore,PBFT,4.0,8.0,0.0647,1,1,1,FINALIZED_WITHIN_C2_LIMIT,0.34688,1.497
2643,40000.0,0.3525,greedy,ZYZZYVA,4.0,0.5,0.1266,1,1,1,FINALIZED_WITHIN_C2_LIMIT,0.662493,1.47
2644,40000.0,0.3522,greedy,ZYZZYVA,4.0,0.5,0.1266,1,1,1,FINALIZED_WITHIN_C2_LIMIT,0.254541,1.288
2645,40000.0,0.352,greedy,ZYZZYVA,4.0,0.5,0.1262,1,1,1,FINALIZED_WITHIN_C2_LIMIT,0.082793,1.52
2646,3333.333,0.3517,explore,ZYZZYVA,4.0,6.0,0.0315,1,1,1,FINALIZED_WITHIN_C2_LIMIT,0.191005,1.807
2647,40000.0,0.3515,greedy,ZYZZYVA,4.0,0.5,0.1366,1,1,1,FINALIZED_WITHIN_C2_LIMIT,0.050937,1.291
2648,40000.0,0.3512,greedy,ZYZZYVA,4.0,0.5,0.1266,1,1,1,FINALIZED_WITHIN_C2_LIMIT,0.413925,1.205
2649,40000.0,0.351,greedy,ZYZZYVA,4.0,0.5,0.1103,1,1,1,FINALIZED_WITHIN_C2_LIMIT,0.607979,1.236
2650,2000.0,0.3508,explore,PBFT,4.0,10.0,0.0963,1,1,1,FINALIZED_WITHIN_C2_LIMIT,0.295553,1.294
2651,40000.0,0.3505,greedy,ZYZZYVA,4.0,0.5,0.1283,1,1,1,FINALIZED_WITHIN_C2_LIMIT,0.07112,1.477
2652,40000.0,0.3503,greedy,ZYZZYVA,4.0,0.5,0.1096,1,1,1,FINALIZED_WITHIN_C2_LIMIT,0.128017,1.269
2653,40000.0,0.35,greedy,ZYZZYVA,4.0,0.5,0.1096,1,1,1,FINALIZED_WITHIN_C2_LIMIT,0.044877,1.211
2654,2222.222,0.3498,explore,PBFT,4.0,9.0,0.1368,1,1,1,FINALIZED_WITHIN_C2_LIMIT,0.443924,1.23
2655,40000.0,0.3495,greedy,ZYZZYVA,4.0,0.5,0.1283,1,1,1,FINALIZED_WITHIN_C2_LIMIT,0.627669,1.307
2656,40000.0,0.3493,greedy,ZYZZYVA,4.0,0.5,0.1353,1,1,1,FINALIZED_WITHIN_C2_LIMIT,0.448995,1.308
2657,40000.0,0.349,greedy,ZYZZYVA,4.0,0.5,0.1353,1,1,1,FINALIZED_WITHIN_C2_LIMIT,0.079167,1.224
2658,40000.0,0.3488,greedy,ZYZZYVA,4.0,0.5,0.1353,1,1,1,FINALIZED_WITHIN_C2_LIMIT,0.168292,1.205
2659,40000.0,0.3485,greedy,ZYZZYVA,4.0,0.5,0.1353,1,1,1,FINALIZED_WITHIN_C2_LIMIT,0.049935,1.297
2660,10000.0,0.3483,explore,PBFT,4.0,2.0,0.0294,1,1,1,FINALIZED_WITHIN_C2_LIMIT,0.364691,1.492
2661,0.0,0.3481,explore,ZYZZYVA,4.0,4.0,0.2103,0,1,1,FINALIZED_WITHIN_C2_LIMIT,0.648496,1.35
2662,40000.0,0.3478,greedy,ZYZZYVA,4.0,0.5,0.1366,1,1,1,FINALIZED_WITHIN_C2_LIMIT,0.219772,1.426
2663,40000.0,0.3476,greedy,ZYZZYVA,4.0,0.5,0.1366,1,1,1,FINALIZED_WITHIN_C2_LIMIT,0.101487,1.302
2664,2666.667,0.3473,explore,PBFT,4.0,7.5,0.1831,1,1,1,FINALIZED_WITHIN_C2_LIMIT,0.270165,1.26
2665,40000.0,0.3471,greedy,ZYZZYVA,4.0,0.5,0.1366,1,1,1,FINALIZED_WITHIN_C2_LIMIT,0.070278,1.241
2666,6666.667,0.3468,explore,PBFT,4.0,3.0,0.1416,1,1,1,FINALIZED_WITHIN_C2_LIMIT,0.302161,1.314
2667,5000.0,0.3466,explore,LIU_QUORUM,4.0,4.0,0.0685,1,1,1,FINALIZED_WITHIN_C2_LIMIT,0.573976,1.239
2668,40000.0,0.3463,greedy,ZYZZYVA,4.0,0.5,0.1266,1,1,1,FINALIZED_WITHIN_C2_LIMIT,0.205945,1.359
2669,5000.0,0.3461,explore,ZYZZYVA,4.0,4.0,0.1284,1,1,1,FINALIZED_WITHIN_C2_LIMIT,0.126268,1.237
2670,40000.0,0.3458,greedy,ZYZZYVA,4.0,0.5,0.1366,1,1,1,FINALIZED_WITHIN_C2_LIMIT,0.219199,1.255
2671,40000.0,0.3456,greedy,ZYZZYVA,4.0,0.5,0.1366,1,1,1,FINALIZED_WITHIN_C2_LIMIT,0.063807,1.14
2672,40000.0,0.3454,greedy,ZYZZYVA,4.0,0.5,0.1266,1,1,1,FINALIZED_WITHIN_C2_LIMIT,0.290953,1.449
2673,40000.0,0.3451,greedy,ZYZZYVA,4.0,0.5,0.1266,1,1,1,FINALIZED_WITHIN_C2_LIMIT,0.454057,1.38
2674,40000.0,0.3449,greedy,ZYZZYVA,4.0,0.5,0.1366,1,1,1,FINALIZED_WITHIN_C2_LIMIT,0.227747,1.369
2675,40000.0,0.3446,greedy,ZYZZYVA,4.0,0.5,0.1287,1,1,1,FINALIZED_WITHIN_C2_LIMIT,0.09353,1.54
2676,40000.0,0.3444,greedy,ZYZZYVA,4.0,0.5,0.1366,1,1,1,FINALIZED_WITHIN_C2_LIMIT,0.257242,1.341
2677,40000.0,0.3441,greedy,ZYZZYVA,4.0,0.5,0.1366,1,1,1,FINALIZED_WITHIN_C2_LIMIT,0.079997,1.344
2678,2105.263,0.3439,explore,ZYZZYVA,4.0,9.5,0.0288,1,1,1,FINALIZED_WITHIN_C2_LIMIT,0.267373,1.229
2679,40000.0,0.3436,greedy,ZYZZYVA,4.0,0.5,0.0987,1,1,1,FINALIZED_WITHIN_C2_LIMIT,0.488614,1.255
2680,40000.0,0.3434,greedy,ZYZZYVA,4.0,0.5,0.0987,1,1,1,FINALIZED_WITHIN_C2_LIMIT,0.219791,1.283
2681,40000.0,0.3432,greedy,ZYZZYVA,4.0,0.5,0.1103,1,1,1,FINALIZED_WITHIN_C2_LIMIT,0.082754,1.298
2682,40000.0,0.3429,greedy,ZYZZYVA,4.0,0.5,0.1103,1,1,1,FINALIZED_WITHIN_C2_LIMIT,0.171481,1.358
2683,40000.0,0.3427,greedy,ZYZZYVA,4.0,0.5,0.1103,1,1,1,FINALIZED_WITHIN_C2_LIMIT,0.048079,1.461
2684,40000.0,0.3424,greedy,ZYZZYVA,4.0,0.5,0.1111,1,1,1,FINALIZED_WITHIN_C2_LIMIT,0.371441,1.432
2685,40000.0,0.3422,greedy,ZYZZYVA,4.0,0.5,0.1103,1,1,1,FINALIZED_WITHIN_C2_LIMIT,0.633559,1.617
2686,40000.0,0.3419,greedy,ZYZZYVA,4.0,0.5,0.1111,1,1,1,FINALIZED_WITHIN_C2_LIMIT,0.306432,1.18
2687,40000.0,0.3417,greedy,ZYZZYVA,4.0,0.5,0.1103,1,1,1,FINALIZED_WITHIN_C2_LIMIT,0.103469,1.159
2688,40000.0,0.3414,greedy,ZYZZYVA,4.0,0.5,0.1111,1,1,1,FINALIZED_WITHIN_C2_LIMIT,0.165317,1.392
2689,40000.0,0.3412,greedy,ZYZZYVA,4.0,0.5,0.1111,1,1,1,FINALIZED_WITHIN_C2_LIMIT,0.05337,1.354
2690,40000.0,0.3409,greedy,ZYZZYVA,4.0,0.5,0.1111,1,1,1,FINALIZED_WITHIN_C2_LIMIT,0.34559,1.222
2691,4444.444,0.3407,explore,LIU_QUORUM,4.0,4.5,0.0278,1,1,1,FINALIZED_WITHIN_C2_LIMIT,0.605508,1.284
2692,40000.0,0.3405,greedy,ZYZZYVA,4.0,0.5,0.1366,1,1,1,FINALIZED_WITHIN_C2_LIMIT,0.290536,1.213
2693,2500.0,0.3402,explore,PBFT,4.0,8.0,0.0651,1,1,1,FINALIZED_WITHIN_C2_LIMIT,0.089479,1.393
2694,40000.0,0.34,greedy,ZYZZYVA,4.0,0.5,0.1353,1,1,1,FINALIZED_WITHIN_C2_LIMIT,0.162399,1.257
2695,0.0,0.3397,explore,ZYZZYVA,4.0,9.0,0.2251,0,1,1,FINALIZED_WITHIN_C2_LIMIT,0.043435,1.233
2696,40000.0,0.3395,greedy,ZYZZYVA,4.0,0.5,0.1191,1,1,1,FINALIZED_WITHIN_C2_LIMIT,0.355416,1.301
2697,40000.0,0.3392,greedy,ZYZZYVA,4.0,0.5,0.1366,1,1,1,FINALIZED_WITHIN_C2_LIMIT,0.512921,1.258
2698,40000.0,0.339,greedy,ZYZZYVA,4.0,0.5,0.1366,1,1,1,FINALIZED_WITHIN_C2_LIMIT,0.215986,1.358
2699,40000.0,0.3387,greedy,ZYZZYVA,4.0,0.5,0.1408,1,1,1,FINALIZED_WITHIN_C2_LIMIT,0.06598,1.326
2700,2000.0,0.3385,explore,ZYZZYVA,4.0,10.0,0.1982,1,1,1,FINALIZED_WITHIN_C2_LIMIT,0.181682,1.266
2701,40000.0,0.3383,explore,PBFT,4.0,0.5,0.0769,1,1,1,FINALIZED_WITHIN_C2_LIMIT,0.063389,1.369
2702,40000.0,0.338,greedy,ZYZZYVA,4.0,0.5,0.1366,1,1,1,FINALIZED_WITHIN_C2_LIMIT,0.440902,1.228
2703,2105.263,0.3378,explore,PBFT,4.0,9.5,0.0779,1,1,1,FINALIZED_WITHIN_C2_LIMIT,0.625833,1.228
2704,5000.0,0.3375,explore,PBFT,4.0,4.0,0.104,1,1,1,FINALIZED_WITHIN_C2_LIMIT,0.317505,1.337
2705,4444.444,0.3373,explore,LIU_QUORUM,4.0,4.5,0.0688,1,1,1,FINALIZED_WITHIN_C2_LIMIT,0.064058,1.71
2706,4444.444,0.337,explore,ZYZZYVA,4.0,4.5,0.104,1,1,1,FINALIZED_WITHIN_C2_LIMIT,0.132223,1.284
2707,40000.0,0.3368,greedy,ZYZZYVA,4.0,0.5,0.1194,1,1,1,FINALIZED_WITHIN_C2_LIMIT,0.043044,1.299
2708,10000.0,0.3365,explore,PBFT,4.0,2.0,0.068,1,1,1,FINALIZED_WITHIN_C2_LIMIT,0.483877,1.296
2709,4444.444,0.3363,explore,LIU_QUORUM,4.0,4.5,0.0705,1,1,1,FINALIZED_WITHIN_C2_LIMIT,0.714117,1.243
2710,40000.0,0.3361,greedy,ZYZZYVA,4.0,0.5,0.1103,1,1,1,FINALIZED_WITHIN_C2_LIMIT,0.332266,1.268
2711,40000.0,0.3358,greedy,ZYZZYVA,4.0,0.5,0.1111,1,1,1,FINALIZED_WITHIN_C2_LIMIT,0.057877,1.177
2712,40000.0,0.3356,greedy,ZYZZYVA,4.0,0.5,0.1103,1,1,1,FINALIZED_WITHIN_C2_LIMIT,0.104813,1.205
2713,40000.0,0.3353,greedy,ZYZZYVA,4.0,0.5,0.1103,1,1,1,FINALIZED_WITHIN_C2_LIMIT,0.049173,1.258
2714,2500.0,0.3351,explore,PBFT,4.0,8.0,0.1831,1,1,1,FINALIZED_WITHIN_C2_LIMIT,0.164341,1.277
2715,2105.263,0.3348,explore,PBFT,4.0,9.5,0.0647,1,1,1,FINALIZED_WITHIN_C2_LIMIT,0.097305,1.324
2716,40000.0,0.3346,greedy,ZYZZYVA,4.0,0.5,0.1366,1,1,1,FINALIZED_WITHIN_C2_LIMIT,0.120013,1.251
2717,40000.0,0.3343,greedy,ZYZZYVA,4.0,0.5,0.1366,1,1,1,FINALIZED_WITHIN_C2_LIMIT,0.137931,1.393
2718,40000.0,0.3341,greedy,ZYZZYVA,4.0,0.5,0.1366,1,1,1,FINALIZED_WITHIN_C2_LIMIT,0.078628,1.287
2719,40000.0,0.3338,greedy,ZYZZYVA,4.0,0.5,0.1366,1,1,1,FINALIZED_WITHIN_C2_LIMIT,0.047416,1.27
2720,40000.0,0.3336,greedy,ZYZZYVA,4.0,0.5,0.1366,1,1,1,FINALIZED_WITHIN_C2_LIMIT,0.171218,1.232
2721,40000.0,0.3334,greedy,ZYZZYVA,4.0,0.5,0.1366,1,1,1,FINALIZED_WITHIN_C2_LIMIT,0.11737,1.315
2722,40000.0,0.3331,greedy,ZYZZYVA,4.0,0.5,0.1366,1,1,1,FINALIZED_WITHIN_C2_LIMIT,0.103668,1.323
2723,40000.0,0.3329,greedy,ZYZZYVA,4.0,0.5,0.1366,1,1,1,FINALIZED_WITHIN_C2_LIMIT,0.114634,1.203
2724,40000.0,0.3326,greedy,ZYZZYVA,4.0,0.5,0.1366,1,1,1,FINALIZED_WITHIN_C2_LIMIT,0.04958,1.346
2725,2105.263,0.3324,explore,LIU_QUORUM,4.0,9.5,0.1459,1,1,1,FINALIZED_WITHIN_C2_LIMIT,0.049242,1.473
2726,40000.0,0.3321,greedy,ZYZZYVA,4.0,0.5,0.1353,1,1,1,FINALIZED_WITHIN_C2_LIMIT,0.066926,1.384
2727,40000.0,0.3319,greedy,ZYZZYVA,4.0,0.5,0.1353,1,1,1,FINALIZED_WITHIN_C2_LIMIT,0.044838,1.197
2728,40000.0,0.3316,greedy,ZYZZYVA,4.0,0.5,0.1353,1,1,1,FINALIZED_WITHIN_C2_LIMIT,0.06344,1.308
2729,2105.263,0.3314,explore,ZYZZYVA,4.0,9.5,0.0668,1,1,1,FINALIZED_WITHIN_C2_LIMIT,0.100546,1.523
2730,40000.0,0.3312,greedy,ZYZZYVA,4.0,0.5,0.1353,1,1,1,FINALIZED_WITHIN_C2_LIMIT,0.039001,1.34
2731,2666.667,0.3309,explore,ZYZZYVA,4.0,7.5,0.0789,1,1,1,FINALIZED_WITHIN_C2_LIMIT,0.334087,1.237
2732,2500.0,0.3307,explore,ZYZZYVA,4.0,8.0,0.0668,1,1,1,FINALIZED_WITHIN_C2_LIMIT,0.457169,1.143
2733,40000.0,0.3304,greedy,ZYZZYVA,4.0,0.5,0.1671,1,1,1,FINALIZED_WITHIN_C2_LIMIT,0.132824,1.215
2734,40000.0,0.3302,greedy,ZYZZYVA,4.0,0.5,0.1718,1,1,1,FINALIZED_WITHIN_C2_LIMIT,0.252239,1.222
2735,40000.0,0.3299,greedy,ZYZZYVA,4.0,0.5,0.1718,1,1,1,FINALIZED_WITHIN_C2_LIMIT,0.52796,1.168
2736,4000.0,0.3297,explore,ZYZZYVA,4.0,5.0,0.0789,1,1,1,FINALIZED_WITHIN_C2_LIMIT,0.295966,1.269
2737,4444.444,0.3294,explore,PBFT,4.0,4.5,0.0299,1,1,1,FINALIZED_WITHIN_C2_LIMIT,0.053304,1.534
2738,40000.0,0.3292,greedy,ZYZZYVA,4.0,0.5,0.1683,1,1,1,FINALIZED_WITHIN_C2_LIMIT,0.181959,1.365
2739,40000.0,0.3289,greedy,ZYZZYVA,4.0,0.5,0.1683,1,1,1,FINALIZED_WITHIN_C2_LIMIT,0.034269,1.468
2740,40000.0,0.3287,greedy,ZYZZYVA,4.0,0.5,0.1683,1,1,1,FINALIZED_WITHIN_C2_LIMIT,0.493907,1.226
2741,40000.0,0.3285,greedy,ZYZZYVA,4.0,0.5,0.1683,1,1,1,FINALIZED_WITHIN_C2_LIMIT,0.649254,1.211
2742,40000.0,0.3282,greedy,ZYZZYVA,4.0,0.5,0.1683,1,1,1,FINALIZED_WITHIN_C2_LIMIT,0.402071,1.412
2743,40000.0,0.328,greedy,ZYZZYVA,4.0,0.5,0.1683,1,1,1,FINALIZED_WITHIN_C2_LIMIT,0.03306,1.383
2744,5000.0,0.3277,explore,PBFT,4.0,4.0,0.0316,1,1,1,FINALIZED_WITHIN_C2_LIMIT,0.094803,1.277
2745,40000.0,0.3275,greedy,ZYZZYVA,4.0,0.5,0.1459,1,1,1,FINALIZED_WITHIN_C2_LIMIT,0.037248,1.231
2746,40000.0,0.3272,greedy,ZYZZYVA,4.0,0.5,0.1459,1,1,1,FINALIZED_WITHIN_C2_LIMIT,0.057194,1.235
2747,40000.0,0.327,greedy,ZYZZYVA,4.0,0.5,0.1459,1,1,1,FINALIZED_WITHIN_C2_LIMIT,0.045803,1.26
2748,40000.0,0.3267,greedy,ZYZZYVA,4.0,0.5,0.1459,1,1,1,FINALIZED_WITHIN_C2_LIMIT,0.041577,1.185
2749,40000.0,0.3265,greedy,ZYZZYVA,4.0,0.5,0.1459,1,1,1,FINALIZED_WITHIN_C2_LIMIT,0.070878,1.392
2750,40000.0,0.3263,greedy,ZYZZYVA,4.0,0.5,0.1459,1,1,1,FINALIZED_WITHIN_C2_LIMIT,0.039306,1.271
2751,8000.0,0.326,explore,LIU_QUORUM,4.0,2.5,0.0294,1,1,1,FINALIZED_WITHIN_C2_LIMIT,0.116598,1.339
2752,40000.0,0.3258,greedy,ZYZZYVA,4.0,0.5,0.1459,1,1,1,FINALIZED_WITHIN_C2_LIMIT,0.073404,1.502
2753,40000.0,0.3255,greedy,ZYZZYVA,4.0,0.5,0.1459,1,1,1,FINALIZED_WITHIN_C2_LIMIT,0.25541,1.432
2754,40000.0,0.3253,greedy,ZYZZYVA,4.0,0.5,0.1459,1,1,1,FINALIZED_WITHIN_C2_LIMIT,0.391896,1.272
2755,6666.667,0.325,explore,LIU_QUORUM,4.0,3.0,0.0316,1,1,1,FINALIZED_WITHIN_C2_LIMIT,0.057734,1.271
2756,40000.0,0.3248,greedy,ZYZZYVA,4.0,0.5,0.1459,1,1,1,FINALIZED_WITHIN_C2_LIMIT,0.334799,1.338
2757,2000.0,0.3245,explore,LIU_QUORUM,4.0,10.0,0.0311,1,1,1,FINALIZED_WITHIN_C2_LIMIT,0.621259,1.322
2758,40000.0,0.3243,greedy,ZYZZYVA,4.0,0.5,0.1459,1,1,1,FINALIZED_WITHIN_C2_LIMIT,0.337248,1.404
2759,40000.0,0.324,greedy,ZYZZYVA,4.0,0.5,0.1459,1,1,1,FINALIZED_WITHIN_C2_LIMIT,0.040019,1.376
2760,40000.0,0.3238,greedy,ZYZZYVA,4.0,0.5,0.1459,1,1,1,FINALIZED_WITHIN_C2_LIMIT,0.136377,1.395
2761,2500.0,0.3236,explore,PBFT,4.0,8.0,0.0362,1,1,1,FINALIZED_WITHIN_C2_LIMIT,0.045731,1.326
2762,40000.0,0.3233,greedy,ZYZZYVA,4.0,0.5,0.1459,1,1,1,FINALIZED_WITHIN_C2_LIMIT,0.051281,1.282
2763,40000.0,0.3231,greedy,ZYZZYVA,4.0,0.5,0.1459,1,1,1,FINALIZED_WITHIN_C2_LIMIT,0.087093,1.307
2764,13333.333,0.3228,explore,ZYZZYVA,4.0,1.5,0.0278,1,1,1,FINALIZED_WITHIN_C2_LIMIT,0.04865,1.226
2765,40000.0,0.3226,greedy,ZYZZYVA,4.0,0.5,0.1459,1,1,1,FINALIZED_WITHIN_C2_LIMIT,0.328145,1.25
2766,40000.0,0.3223,greedy,ZYZZYVA,4.0,0.5,0.1459,1,1,1,FINALIZED_WITHIN_C2_LIMIT,0.446731,1.349
2767,40000.0,0.3221,greedy,ZYZZYVA,4.0,0.5,0.1459,1,1,1,FINALIZED_WITHIN_C2_LIMIT,0.13615,1.478
2768,5714.286,0.3218,explore,LIU_QUORUM,4.0,3.5,0.0315,1,1,1,FINALIZED_WITHIN_C2_LIMIT,0.238872,1.179
2769,4000.0,0.3216,explore,ZYZZYVA,4.0,5.0,0.0679,1,1,1,FINALIZED_WITHIN_C2_LIMIT,0.547866,1.181
2770,40000.0,0.3214,greedy,ZYZZYVA,4.0,0.5,0.1421,1,1,1,FINALIZED_WITHIN_C2_LIMIT,0.240018,1.222
2771,40000.0,0.3211,greedy,ZYZZYVA,4.0,0.5,0.1421,1,1,1,FINALIZED_WITHIN_C2_LIMIT,0.056176,1.29
2772,40000.0,0.3209,greedy,ZYZZYVA,4.0,0.5,0.1421,1,1,1,FINALIZED_WITHIN_C2_LIMIT,0.124981,1.448
2773,40000.0,0.3206,greedy,ZYZZYVA,4.0,0.5,0.1421,1,1,1,FINALIZED_WITHIN_C2_LIMIT,0.03764,1.272
2774,40000.0,0.3204,greedy,ZYZZYVA,4.0,0.5,0.1421,1,1,1,FINALIZED_WITHIN_C2_LIMIT,0.053808,1.268
2775,40000.0,0.3201,greedy,ZYZZYVA,4.0,0.5,0.1421,1,1,1,FINALIZED_WITHIN_C2_LIMIT,0.062322,1.216
2776,40000.0,0.3199,greedy,ZYZZYVA,4.0,0.5,0.1421,1,1,1,FINALIZED_WITHIN_C2_LIMIT,0.037688,1.341
2777,10000.0,0.3196,explore,PBFT,4.0,2.0,0.0683,1,1,1,FINALIZED_WITHIN_C2_LIMIT,0.120318,1.319
2778,40000.0,0.3194,greedy,ZYZZYVA,4.0,0.5,0.1421,1,1,1,FINALIZED_WITHIN_C2_LIMIT,0.044935,1.431
2779,40000.0,0.3191,greedy,ZYZZYVA,4.0,0.5,0.1421,1,1,1,FINALIZED_WITHIN_C2_LIMIT,0.218442,1.392
2780,40000.0,0.3189,greedy,ZYZZYVA,4.0,0.5,0.1421,1,1,1,FINALIZED_WITHIN_C2_LIMIT,0.290651,1.339
2781,2222.222,0.3187,explore,ZYZZYVA,4.0,9.0,0.0809,1,1,1,FINALIZED_WITHIN_C2_LIMIT,0.084041,1.212
2782,0.0,0.3184,explore,ZYZZYVA,4.0,2.0,0.2355,0,1,1,FINALIZED_WITHIN_C2_LIMIT,0.361541,1.347
2783,40000.0,0.3182,greedy,ZYZZYVA,4.0,0.5,0.1366,1,1,1,FINALIZED_WITHIN_C2_LIMIT,0.617797,1.173
2784,2000.0,0.3179,explore,ZYZZYVA,4.0,10.0,0.0963,1,1,1,FINALIZED_WITHIN_C2_LIMIT,0.316975,1.248
2785,40000.0,0.3177,greedy,ZYZZYVA,4.0,0.5,0.1366,1,1,1,FINALIZED_WITHIN_C2_LIMIT,0.034799,1.426
2786,5000.0,0.3174,explore,PBFT,4.0,4.0,0.0697,1,1,1,FINALIZED_WITHIN_C2_LIMIT,0.096936,1.433
2787,8000.0,0.3172,explore,PBFT,4.0,2.5,0.0789,1,1,1,FINALIZED_WITHIN_C2_LIMIT,0.04628,1.245
2788,40000.0,0.3169,greedy,ZYZZYVA,4.0,0.5,0.1366,1,1,1,FINALIZED_WITHIN_C2_LIMIT,0.038422,1.28
2789,40000.0,0.3167,greedy,ZYZZYVA,4.0,0.5,0.1366,1,1,1,FINALIZED_WITHIN_C2_LIMIT,0.072625,1.501
2790,40000.0,0.3165,greedy,ZYZZYVA,4.0,0.5,0.1366,1,1,1,FINALIZED_WITHIN_C2_LIMIT,0.026244,1.219
2791,4444.444,0.3162,explore,LIU_QUORUM,4.0,4.5,0.0291,1,1,1,FINALIZED_WITHIN_C2_LIMIT,0.354572,1.421
2792,40000.0,0.316,greedy,ZYZZYVA,4.0,0.5,0.1366,1,1,1,FINALIZED_WITHIN_C2_LIMIT,0.397656,1.332
2793,40000.0,0.3157,greedy,ZYZZYVA,4.0,0.5,0.1366,1,1,1,FINALIZED_WITHIN_C2_LIMIT,0.155708,1.313
2794,3333.333,0.3155,explore,LIU_QUORUM,4.0,6.0,0.1368,1,1,1,FINALIZED_WITHIN_C2_LIMIT,0.253711,1.915
2795,5714.286,0.3152,explore,LIU_QUORUM,4.0,3.5,0.069,1,1,1,FINALIZED_WITHIN_C2_LIMIT,0.558635,1.199
2796,40000.0,0.315,greedy,ZYZZYVA,4.0,0.5,0.1366,1,1,1,FINALIZED_WITHIN_C2_LIMIT,0.256586,1.785
2797,5714.286,0.3147,explore,ZYZZYVA,4.0,3.5,0.0288,1,1,1,FINALIZED_WITHIN_C2_LIMIT,0.057902,1.326
2798,2857.143,0.3145,explore,LIU_QUORUM,4.0,7.0,0.0683,1,1,1,FINALIZED_WITHIN_C2_LIMIT,0.101541,1.225
2799,2000.0,0.3142,explore,ZYZZYVA,4.0,10.0,0.0291,1,1,1,FINALIZED_WITHIN_C2_LIMIT,0.064892,1.16
2800,40000.0,0.314,greedy,ZYZZYVA,4.0,0.5,0.1366,1,1,1,FINALIZED_WITHIN_C2_LIMIT,0.044662,1.226
2801,3636.364,0.3138,explore,ZYZZYVA,4.0,5.5,0.0609,1,1,1,FINALIZED_WITHIN_C2_LIMIT,0.302978,1.308
2802,40000.0,0.3135,greedy,ZYZZYVA,4.0,0.5,0.1366,1,1,1,FINALIZED_WITHIN_C2_LIMIT,0.332594,1.321
2803,40000.0,0.3133,greedy,ZYZZYVA,4.0,0.5,0.1366,1,1,1,FINALIZED_WITHIN_C2_LIMIT,0.046898,1.634
2804,40000.0,0.313,greedy,ZYZZYVA,4.0,0.5,0.1459,1,1,1,FINALIZED_WITHIN_C2_LIMIT,0.451367,1.21
2805,40000.0,0.3128,greedy,ZYZZYVA,4.0,0.5,0.1487,1,1,1,FINALIZED_WITHIN_C2_LIMIT,0.866386,1.247
2806,3333.333,0.3125,explore,LIU_QUORUM,4.0,6.0,0.0741,1,1,1,FINALIZED_WITHIN_C2_LIMIT,0.600588,1.165
2807,40000.0,0.3123,greedy,ZYZZYVA,4.0,0.5,0.1366,1,1,1,FINALIZED_WITHIN_C2_LIMIT,0.05182,1.276
2808,40000.0,0.312,greedy,ZYZZYVA,4.0,0.5,0.1366,1,1,1,FINALIZED_WITHIN_C2_LIMIT,0.74269,1.392
2809,40000.0,0.3118,greedy,ZYZZYVA,4.0,0.5,0.1366,1,1,1,FINALIZED_WITHIN_C2_LIMIT,1.845694,1.316
2810,2105.263,0.3115,explore,PBFT,4.0,9.5,0.0294,1,1,1,FINALIZED_WITHIN_C2_LIMIT,1.712756,1.369
2811,40000.0,0.3113,greedy,ZYZZYVA,4.0,0.5,0.1366,1,1,1,FINALIZED_WITHIN_C2_LIMIT,0.847367,1.308
2812,40000.0,0.3111,greedy,ZYZZYVA,4.0,0.5,0.1366,1,1,1,FINALIZED_WITHIN_C2_LIMIT,0.039738,1.425
2813,2105.263,0.3108,explore,ZYZZYVA,4.0,9.5,0.0768,1,1,1,FINALIZED_WITHIN_C2_LIMIT,1.280476,1.399
2814,2666.667,0.3106,explore,ZYZZYVA,4.0,7.5,0.0308,1,1,1,FINALIZED_WITHIN_C2_LIMIT,2.821742,1.285
2815,2857.143,0.3103,explore,ZYZZYVA,4.0,7.0,0.0298,1,1,1,FINALIZED_WITHIN_C2_LIMIT,3.143929,1.142
2816,40000.0,0.3101,greedy,ZYZZYVA,4.0,0.5,0.1366,1,1,1,FINALIZED_WITHIN_C2_LIMIT,1.987629,1.271
2817,3636.364,0.3098,explore,ZYZZYVA,4.0,5.5,0.1141,1,1,1,FINALIZED_WITHIN_C2_LIMIT,0.503829,1.165
2818,40000.0,0.3096,greedy,ZYZZYVA,4.0,0.5,0.1366,1,1,1,FINALIZED_WITHIN_C2_LIMIT,0.262399,1.313
2819,40000.0,0.3093,greedy,ZYZZYVA,4.0,0.5,0.1366,1,1,1,FINALIZED_WITHIN_C2_LIMIT,1.04798,1.316
2820,40000.0,0.3091,greedy,ZYZZYVA,4.0,0.5,0.1366,1,1,1,FINALIZED_WITHIN_C2_LIMIT,1.212576,1.336
2821,6666.667,0.3089,explore,ZYZZYVA,4.0,3.0,0.19,1,1,1,FINALIZED_WITHIN_C2_LIMIT,0.653192,1.409
2822,40000.0,0.3086,greedy,ZYZZYVA,4.0,0.5,0.1366,1,1,1,FINALIZED_WITHIN_C2_LIMIT,0.067608,1.443
2823,40000.0,0.3084,greedy,ZYZZYVA,4.0,0.5,0.1366,1,1,1,FINALIZED_WITHIN_C2_LIMIT,0.383068,1.22
2824,4000.0,0.3081,explore,PBFT,4.0,5.0,0.0684,1,1,1,FINALIZED_WITHIN_C2_LIMIT,0.454396,1.471
2825,2000.0,0.3079,explore,LIU_QUORUM,4.0,10.0,0.0809,1,1,1,FINALIZED_WITHIN_C2_LIMIT,0.162614,1.261
2826,40000.0,0.3076,greedy,ZYZZYVA,4.0,0.5,0.1366,1,1,1,FINALIZED_WITHIN_C2_LIMIT,0.296377,1.282
2827,40000.0,0.3074,greedy,ZYZZYVA,4.0,0.5,0.1366,1,1,1,FINALIZED_WITHIN_C2_LIMIT,0.642136,1.494
2828,40000.0,0.3071,greedy,ZYZZYVA,4.0,0.5,0.1366,1,1,1,FINALIZED_WITHIN_C2_LIMIT,0.27043,1.677
2829,40000.0,0.3069,greedy,ZYZZYVA,4.0,0.5,0.1366,1,1,1,FINALIZED_WITHIN_C2_LIMIT,0.09359,1.206
2830,40000.0,0.3066,greedy,ZYZZYVA,4.0,0.5,0.1366,1,1,1,FINALIZED_WITHIN_C2_LIMIT,0.101942,1.243
2831,2105.263,0.3064,explore,PBFT,4.0,9.5,0.0401,1,1,1,FINALIZED_WITHIN_C2_LIMIT,0.075792,1.389
2832,20000.0,0.3062,explore,ZYZZYVA,4.0,1.0,0.0715,1,1,1,FINALIZED_WITHIN_C2_LIMIT,0.047902,1.243
2833,40000.0,0.3059,greedy,ZYZZYVA,4.0,0.5,0.1366,1,1,1,FINALIZED_WITHIN_C2_LIMIT,0.185359,1.173
2834,40000.0,0.3057,greedy,ZYZZYVA,4.0,0.5,0.1366,1,1,1,FINALIZED_WITHIN_C2_LIMIT,0.083002,1.165
2835,40000.0,0.3054,greedy,ZYZZYVA,4.0,0.5,0.1366,1,1,1,FINALIZED_WITHIN_C2_LIMIT,0.122945,1.191
2836,40000.0,0.3052,greedy,ZYZZYVA,4.0,0.5,0.1366,1,1,1,FINALIZED_WITHIN_C2_LIMIT,0.194193,1.129
2837,40000.0,0.3049,greedy,ZYZZYVA,4.0,0.5,0.1366,1,1,1,FINALIZED_WITHIN_C2_LIMIT,0.054756,1.286
2838,40000.0,0.3047,greedy,ZYZZYVA,4.0,0.5,0.1366,1,1,1,FINALIZED_WITHIN_C2_LIMIT,0.441627,1.194
2839,40000.0,0.3044,greedy,ZYZZYVA,4.0,0.5,0.1487,1,1,1,FINALIZED_WITHIN_C2_LIMIT,0.826656,1.186
2840,40000.0,0.3042,greedy,ZYZZYVA,4.0,0.5,0.1581,1,1,1,FINALIZED_WITHIN_C2_LIMIT,0.451256,1.331
2841,40000.0,0.304,greedy,ZYZZYVA,4.0,0.5,0.1581,1,1,1,FINALIZED_WITHIN_C2_LIMIT,0.058206,1.394
2842,40000.0,0.3037,greedy,ZYZZYVA,4.0,0.5,0.1704,1,1,1,FINALIZED_WITHIN_C2_LIMIT,0.176016,1.417
2843,40000.0,0.3035,greedy,ZYZZYVA,4.0,0.5,0.1581,1,1,1,FINALIZED_WITHIN_C2_LIMIT,0.053616,1.595
2844,2222.222,0.3032,explore,ZYZZYVA,4.0,9.0,0.0779,1,1,1,FINALIZED_WITHIN_C2_LIMIT,0.455282,1.418
2845,40000.0,0.303,greedy,ZYZZYVA,4.0,0.5,0.1487,1,1,1,FINALIZED_WITHIN_C2_LIMIT,0.717067,1.315
2846,10000.0,0.3027,explore,PBFT,4.0,2.0,0.0316,1,1,1,FINALIZED_WITHIN_C2_LIMIT,0.343498,1.307
2847,40000.0,0.3025,greedy,ZYZZYVA,4.0,0.5,0.1606,1,1,1,FINALIZED_WITHIN_C2_LIMIT,0.09105,1.304
2848,40000.0,0.3022,greedy,ZYZZYVA,4.0,0.5,0.1606,1,1,1,FINALIZED_WITHIN_C2_LIMIT,0.224805,1.283
2849,40000.0,0.302,greedy,ZYZZYVA,4.0,0.5,0.1606,1,1,1,FINALIZED_WITHIN_C2_LIMIT,0.082494,1.254
2850,40000.0,0.3017,greedy,ZYZZYVA,4.0,0.5,0.1487,1,1,1,FINALIZED_WITHIN_C2_LIMIT,0.42244,1.295
2851,40000.0,0.3015,greedy,ZYZZYVA,4.0,0.5,0.1487,1,1,1,FINALIZED_WITHIN_C2_LIMIT,0.785654,1.255
2852,40000.0,0.3013,greedy,ZYZZYVA,4.0,0.5,0.1487,1,1,1,FINALIZED_WITHIN_C2_LIMIT,0.352535,1.316
2853,40000.0,0.301,greedy,ZYZZYVA,4.0,0.5,0.1487,1,1,1,FINALIZED_WITHIN_C2_LIMIT,0.065669,1.187
2854,40000.0,0.3008,greedy,ZYZZYVA,4.0,0.5,0.1487,1,1,1,FINALIZED_WITHIN_C2_LIMIT,0.147439,1.283
2855,40000.0,0.3005,greedy,ZYZZYVA,4.0,0.5,0.1487,1,1,1,FINALIZED_WITHIN_C2_LIMIT,0.0265,1.51
2856,3333.333,0.3003,explore,ZYZZYVA,4.0,6.0,0.1001,1,1,1,FINALIZED_WITHIN_C2_LIMIT,0.571873,1.242
2857,40000.0,0.3,greedy,ZYZZYVA,4.0,0.5,0.1459,1,1,1,FINALIZED_WITHIN_C2_LIMIT,0.882616,1.479
2858,40000.0,0.2998,greedy,ZYZZYVA,4.0,0.5,0.1459,1,1,1,FINALIZED_WITHIN_C2_LIMIT,0.477485,1.395
2859,40000.0,0.2995,greedy,ZYZZYVA,4.0,0.5,0.1253,1,1,1,FINALIZED_WITHIN_C2_LIMIT,0.046355,1.279
2860,40000.0,0.2993,greedy,ZYZZYVA,4.0,0.5,0.0993,1,1,1,FINALIZED_WITHIN_C2_LIMIT,1.081445,1.191
2861,40000.0,0.2991,greedy,ZYZZYVA,4.0,0.5,0.0993,1,1,1,FINALIZED_WITHIN_C2_LIMIT,2.130541,1.286
2862,40000.0,0.2988,greedy,ZYZZYVA,4.0,0.5,0.1059,1,1,1,FINALIZED_WITHIN_C2_LIMIT,2.057327,1.289
2863,40000.0,0.2986,greedy,ZYZZYVA,4.0,0.5,0.1347,1,1,1,FINALIZED_WITHIN_C2_LIMIT,1.122544,1.327
2864,40000.0,0.2983,greedy,ZYZZYVA,4.0,0.5,0.1459,1,1,1,FINALIZED_WITHIN_C2_LIMIT,0.067712,1.306
2865,8000.0,0.2981,explore,PBFT,4.0,2.5,0.0694,1,1,1,FINALIZED_WITHIN_C2_LIMIT,0.942547,1.39
2866,2666.667,0.2978,explore,ZYZZYVA,4.0,7.5,0.0739,1,1,1,FINALIZED_WITHIN_C2_LIMIT,2.492446,1.229
2867,40000.0,0.2976,greedy,ZYZZYVA,4.0,0.5,0.1683,1,1,1,FINALIZED_WITHIN_C2_LIMIT,3.204683,1.274
2868,40000.0,0.2973,greedy,ZYZZYVA,4.0,0.5,0.1683,1,1,1,FINALIZED_WITHIN_C2_LIMIT,2.186012,1.206
2869,40000.0,0.2971,greedy,ZYZZYVA,4.0,0.5,0.1683,1,1,1,FINALIZED_WITHIN_C2_LIMIT,0.63976,1.197
2870,0.0,0.2968,explore,PBFT,4.0,7.5,0.2811,0,1,1,FINALIZED_WITHIN_C2_LIMIT,0.12677,1.333
2871,40000.0,0.2966,greedy,ZYZZYVA,4.0,0.5,0.1683,1,1,1,FINALIZED_WITHIN_C2_LIMIT,0.606314,1.312
2872,40000.0,0.2964,greedy,ZYZZYVA,4.0,0.5,0.1683,1,1,1,FINALIZED_WITHIN_C2_LIMIT,0.699807,1.261
2873,40000.0,0.2961,greedy,ZYZZYVA,4.0,0.5,0.1683,1,1,1,FINALIZED_WITHIN_C2_LIMIT,0.217375,1.466
2874,0.0,0.2959,explore,PBFT,4.0,10.0,0.2811,0,1,1,FINALIZED_WITHIN_C2_LIMIT,0.173585,1.416
2875,8000.0,0.2956,explore,LIU_QUORUM,4.0,2.5,0.03,1,1,1,FINALIZED_WITHIN_C2_LIMIT,0.452543,1.16
2876,40000.0,0.2954,greedy,ZYZZYVA,4.0,0.5,0.1683,1,1,1,FINALIZED_WITHIN_C2_LIMIT,0.33788,1.361
2877,40000.0,0.2951,greedy,ZYZZYVA,4.0,0.5,0.1683,1,1,1,FINALIZED_WITHIN_C2_LIMIT,0.061377,1.287
2878,40000.0,0.2949,greedy,ZYZZYVA,4.0,0.5,0.1683,1,1,1,FINALIZED_WITHIN_C2_LIMIT,0.090309,1.217
2879,40000.0,0.2946,greedy,ZYZZYVA,4.0,0.5,0.1683,1,1,1,FINALIZED_WITHIN_C2_LIMIT,0.0549,1.265
2880,40000.0,0.2944,greedy,ZYZZYVA,4.0,0.5,0.1683,1,1,1,FINALIZED_WITHIN_C2_LIMIT,0.055261,1.206
2881,40000.0,0.2942,greedy,ZYZZYVA,4.0,0.5,0.1683,1,1,1,FINALIZED_WITHIN_C2_LIMIT,0.240667,1.198
2882,40000.0,0.2939,greedy,ZYZZYVA,4.0,0.5,0.1683,1,1,1,FINALIZED_WITHIN_C2_LIMIT,0.337036,1.262
2883,3636.364,0.2937,explore,PBFT,4.0,5.5,0.0669,1,1,1,FINALIZED_WITHIN_C2_LIMIT,0.072989,1.319
2884,40000.0,0.2934,greedy,ZYZZYVA,4.0,0.5,0.1366,1,1,1,FINALIZED_WITHIN_C2_LIMIT,0.352546,1.36
2885,40000.0,0.2932,greedy,ZYZZYVA,4.0,0.5,0.1366,1,1,1,FINALIZED_WITHIN_C2_LIMIT,0.633109,1.311
2886,8000.0,0.2929,explore,PBFT,4.0,2.5,0.0558,1,1,1,FINALIZED_WITHIN_C2_LIMIT,0.45322,1.352
2887,40000.0,0.2927,greedy,ZYZZYVA,4.0,0.5,0.1459,1,1,1,FINALIZED_WITHIN_C2_LIMIT,0.048142,1.212
2888,40000.0,0.2924,greedy,ZYZZYVA,4.0,0.5,0.1459,1,1,1,FINALIZED_WITHIN_C2_LIMIT,0.957836,1.269
2889,40000.0,0.2922,greedy,ZYZZYVA,4.0,0.5,0.1459,1,1,1,FINALIZED_WITHIN_C2_LIMIT,2.027912,1.225
2890,2500.0,0.2919,explore,LIU_QUORUM,4.0,8.0,0.0315,1,1,1,FINALIZED_WITHIN_C2_LIMIT,1.980578,1.19
2891,40000.0,0.2917,greedy,ZYZZYVA,4.0,0.5,0.1347,1,1,1,FINALIZED_WITHIN_C2_LIMIT,1.081973,1.284
2892,40000.0,0.2915,greedy,ZYZZYVA,4.0,0.5,0.1683,1,1,1,FINALIZED_WITHIN_C2_LIMIT,0.074113,1.181
2893,40000.0,0.2912,greedy,ZYZZYVA,4.0,0.5,0.1366,1,1,1,FINALIZED_WITHIN_C2_LIMIT,1.112357,1.136
2894,40000.0,0.291,greedy,ZYZZYVA,4.0,0.5,0.1366,1,1,1,FINALIZED_WITHIN_C2_LIMIT,2.432553,1.11
2895,40000.0,0.2907,greedy,ZYZZYVA,4.0,0.5,0.1366,1,1,1,FINALIZED_WITHIN_C2_LIMIT,2.986768,1.09
2896,40000.0,0.2905,greedy,ZYZZYVA,4.0,0.5,0.1683,1,1,1,FINALIZED_WITHIN_C2_LIMIT,2.038433,1.059
2897,40000.0,0.2902,greedy,ZYZZYVA,4.0,0.5,0.1683,1,1,1,FINALIZED_WITHIN_C2_LIMIT,0.68146,1.207
2898,3076.923,0.29,explore,ZYZZYVA,4.0,6.5,0.0308,1,1,1,FINALIZED_WITHIN_C2_LIMIT,0.109602,1.075
2899,40000.0,0.2897,greedy,ZYZZYVA,4.0,0.5,0.1683,1,1,1,FINALIZED_WITHIN_C2_LIMIT,0.055708,1.094
2900,40000.0,0.2895,explore,ZYZZYVA,4.0,0.5,0.0453,1,1,1,FINALIZED_WITHIN_C2_LIMIT,0.093663,1.066
2901,40000.0,0.2893,greedy,ZYZZYVA,4.0,0.5,0.1683,1,1,1,FINALIZED_WITHIN_C2_LIMIT,0.110165,1.078
2902,40000.0,0.289,greedy,ZYZZYVA,4.0,0.5,0.1683,1,1,1,FINALIZED_WITHIN_C2_LIMIT,0.038334,1.119
2903,40000.0,0.2888,greedy,ZYZZYVA,4.0,0.5,0.1421,1,1,1,FINALIZED_WITHIN_C2_LIMIT,0.174307,1.264
2904,40000.0,0.2885,greedy,ZYZZYVA,4.0,0.5,0.1421,1,1,1,FINALIZED_WITHIN_C2_LIMIT,0.126137,1.259
2905,40000.0,0.2883,greedy,ZYZZYVA,4.0,0.5,0.1421,1,1,1,FINALIZED_WITHIN_C2_LIMIT,0.052956,1.368
2906,40000.0,0.288,greedy,ZYZZYVA,4.0,0.5,0.1421,1,1,1,FINALIZED_WITHIN_C2_LIMIT,0.037108,1.375
2907,40000.0,0.2878,greedy,ZYZZYVA,4.0,0.5,0.1421,1,1,1,FINALIZED_WITHIN_C2_LIMIT,0.156208,1.206
2908,5714.286,0.2875,explore,PBFT,4.0,3.5,0.068,1,1,1,FINALIZED_WITHIN_C2_LIMIT,0.121301,1.469
2909,40000.0,0.2873,greedy,ZYZZYVA,4.0,0.5,0.1421,1,1,1,FINALIZED_WITHIN_C2_LIMIT,0.075301,1.209
2910,40000.0,0.2871,greedy,ZYZZYVA,4.0,0.5,0.1421,1,1,1,FINALIZED_WITHIN_C2_LIMIT,0.060758,1.335
2911,40000.0,0.2868,greedy,ZYZZYVA,4.0,0.5,0.1421,1,1,1,FINALIZED_WITHIN_C2_LIMIT,0.093798,1.251
2912,40000.0,0.2866,greedy,ZYZZYVA,4.0,0.5,0.1421,1,1,1,FINALIZED_WITHIN_C2_LIMIT,0.075181,1.325
2913,4444.444,0.2863,explore,ZYZZYVA,4.0,4.5,0.0668,1,1,1,FINALIZED_WITHIN_C2_LIMIT,0.116187,1.44
2914,2105.263,0.2861,explore,ZYZZYVA,4.0,9.5,0.0506,1,1,1,FINALIZED_WITHIN_C2_LIMIT,0.095775,1.313
2915,40000.0,0.2858,greedy,ZYZZYVA,4.0,0.5,0.1421,1,1,1,FINALIZED_WITHIN_C2_LIMIT,0.080854,1.43
2916,2857.143,0.2856,explore,ZYZZYVA,4.0,7.0,0.0312,1,1,1,FINALIZED_WITHIN_C2_LIMIT,0.087641,1.196
2917,40000.0,0.2853,greedy,ZYZZYVA,4.0,0.5,0.1421,1,1,1,FINALIZED_WITHIN_C2_LIMIT,0.122393,1.264
2918,40000.0,0.2851,greedy,ZYZZYVA,4.0,0.5,0.1421,1,1,1,FINALIZED_WITHIN_C2_LIMIT,0.118197,1.237
2919,40000.0,0.2848,greedy,ZYZZYVA,4.0,0.5,0.1421,1,1,1,FINALIZED_WITHIN_C2_LIMIT,0.068004,1.369
2920,40000.0,0.2846,greedy,ZYZZYVA,4.0,0.5,0.1421,1,1,1,FINALIZED_WITHIN_C2_LIMIT,0.07903,1.365
2921,40000.0,0.2844,greedy,ZYZZYVA,4.0,0.5,0.1421,1,1,1,FINALIZED_WITHIN_C2_LIMIT,0.100096,1.434
2922,40000.0,0.2841,explore,ZYZZYVA,4.0,0.5,0.0715,1,1,1,FINALIZED_WITHIN_C2_LIMIT,0.110978,1.251
2923,2352.941,0.2839,explore,LIU_QUORUM,4.0,8.5,0.0679,1,1,1,FINALIZED_WITHIN_C2_LIMIT,0.124242,1.209
2924,40000.0,0.2836,greedy,ZYZZYVA,4.0,0.5,0.1421,1,1,1,FINALIZED_WITHIN_C2_LIMIT,0.057215,1.295
2925,2666.667,0.2834,explore,LIU_QUORUM,4.0,7.5,0.0933,1,1,1,FINALIZED_WITHIN_C2_LIMIT,0.104475,1.228
2926,40000.0,0.2831,greedy,ZYZZYVA,4.0,0.5,0.1421,1,1,1,FINALIZED_WITHIN_C2_LIMIT,0.089923,1.176
2927,40000.0,0.2829,greedy,ZYZZYVA,4.0,0.5,0.1421,1,1,1,FINALIZED_WITHIN_C2_LIMIT,0.090638,1.386
2928,40000.0,0.2826,greedy,ZYZZYVA,4.0,0.5,0.1421,1,1,1,FINALIZED_WITHIN_C2_LIMIT,0.058107,1.306
2929,40000.0,0.2824,greedy,ZYZZYVA,4.0,0.5,0.1421,1,1,1,FINALIZED_WITHIN_C2_LIMIT,0.096337,1.416
2930,40000.0,0.2822,greedy,ZYZZYVA,4.0,0.5,0.1421,1,1,1,FINALIZED_WITHIN_C2_LIMIT,0.077299,1.405
2931,40000.0,0.2819,greedy,ZYZZYVA,4.0,0.5,0.1421,1,1,1,FINALIZED_WITHIN_C2_LIMIT,0.123881,1.546
2932,40000.0,0.2817,greedy,ZYZZYVA,4.0,0.5,0.1421,1,1,1,FINALIZED_WITHIN_C2_LIMIT,0.095806,1.636
2933,2352.941,0.2814,explore,ZYZZYVA,4.0,8.5,0.0715,1,1,1,FINALIZED_WITHIN_C2_LIMIT,0.098924,1.327
2934,3333.333,0.2812,explore,PBFT,4.0,6.0,0.1368,1,1,1,FINALIZED_WITHIN_C2_LIMIT,0.075884,1.392
2935,40000.0,0.2809,greedy,ZYZZYVA,4.0,0.5,0.1421,1,1,1,FINALIZED_WITHIN_C2_LIMIT,0.06839,1.254
2936,40000.0,0.2807,greedy,ZYZZYVA,4.0,0.5,0.1421,1,1,1,FINALIZED_WITHIN_C2_LIMIT,0.056157,1.399
2937,40000.0,0.2804,greedy,ZYZZYVA,4.0,0.5,0.1421,1,1,1,FINALIZED_WITHIN_C2_LIMIT,0.14576,1.178
2938,40000.0,0.2802,greedy,ZYZZYVA,4.0,0.5,0.1421,1,1,1,FINALIZED_WITHIN_C2_LIMIT,0.102166,1.125
2939,40000.0,0.2799,greedy,ZYZZYVA,4.0,0.5,0.1421,1,1,1,FINALIZED_WITHIN_C2_LIMIT,0.059977,1.35
2940,40000.0,0.2797,greedy,ZYZZYVA,4.0,0.5,0.1421,1,1,1,FINALIZED_WITHIN_C2_LIMIT,0.050784,1.371
2941,40000.0,0.2795,greedy,ZYZZYVA,4.0,0.5,0.1421,1,1,1,FINALIZED_WITHIN_C2_LIMIT,0.139632,1.259
2942,40000.0,0.2792,greedy,ZYZZYVA,4.0,0.5,0.1421,1,1,1,FINALIZED_WITHIN_C2_LIMIT,0.137852,1.362
2943,0.0,0.279,explore,ZYZZYVA,4.0,0.5,0.2536,0,1,1,FINALIZED_WITHIN_C2_LIMIT,0.054303,1.198
2944,40000.0,0.2787,greedy,ZYZZYVA,4.0,0.5,0.1421,1,1,1,FINALIZED_WITHIN_C2_LIMIT,0.055833,1.245
2945,40000.0,0.2785,greedy,ZYZZYVA,4.0,0.5,0.1421,1,1,1,FINALIZED_WITHIN_C2_LIMIT,0.138645,1.222
2946,40000.0,0.2782,greedy,ZYZZYVA,4.0,0.5,0.1421,1,1,1,FINALIZED_WITHIN_C2_LIMIT,0.114419,1.252
2947,40000.0,0.278,greedy,ZYZZYVA,4.0,0.5,0.1421,1,1,1,FINALIZED_WITHIN_C2_LIMIT,0.059435,1.207
2948,40000.0,0.2777,greedy,ZYZZYVA,4.0,0.5,0.1421,1,1,1,FINALIZED_WITHIN_C2_LIMIT,0.037322,1.203
2949,40000.0,0.2775,greedy,ZYZZYVA,4.0,0.5,0.1421,1,1,1,FINALIZED_WITHIN_C2_LIMIT,0.129089,1.17
2950,40000.0,0.2772,greedy,ZYZZYVA,4.0,0.5,0.1421,1,1,1,FINALIZED_WITHIN_C2_LIMIT,0.163196,1.16
2951,6666.667,0.277,explore,PBFT,4.0,3.0,0.0689,1,1,1,FINALIZED_WITHIN_C2_LIMIT,0.060491,1.208
2952,40000.0,0.2768,greedy,ZYZZYVA,4.0,0.5,0.1421,1,1,1,FINALIZED_WITHIN_C2_LIMIT,0.033862,1.36
2953,40000.0,0.2765,greedy,ZYZZYVA,4.0,0.5,0.1421,1,1,1,FINALIZED_WITHIN_C2_LIMIT,0.128976,1.153
2954,40000.0,0.2763,greedy,ZYZZYVA,4.0,0.5,0.1421,1,1,1,FINALIZED_WITHIN_C2_LIMIT,0.12391,1.193
2955,40000.0,0.276,greedy,ZYZZYVA,4.0,0.5,0.1421,1,1,1,FINALIZED_WITHIN_C2_LIMIT,0.046861,1.321
2956,40000.0,0.2758,greedy,ZYZZYVA,4.0,0.5,0.1421,1,1,1,FINALIZED_WITHIN_C2_LIMIT,0.0427,1.372
2957,40000.0,0.2755,greedy,ZYZZYVA,4.0,0.5,0.1421,1,1,1,FINALIZED_WITHIN_C2_LIMIT,0.220962,1.491
2958,40000.0,0.2753,greedy,ZYZZYVA,4.0,0.5,0.1421,1,1,1,FINALIZED_WITHIN_C2_LIMIT,0.146016,1.312
2959,40000.0,0.275,greedy,ZYZZYVA,4.0,0.5,0.1421,1,1,1,FINALIZED_WITHIN_C2_LIMIT,0.046313,1.365
2960,40000.0,0.2748,greedy,ZYZZYVA,4.0,0.5,0.1421,1,1,1,FINALIZED_WITHIN_C2_LIMIT,0.030815,1.173
2961,40000.0,0.2746,greedy,ZYZZYVA,4.0,0.5,0.1421,1,1,1,FINALIZED_WITHIN_C2_LIMIT,0.27548,1.387
2962,40000.0,0.2743,explore,LIU_QUORUM,4.0,0.5,0.0739,1,1,1,FINALIZED_WITHIN_C2_LIMIT,0.168284,1.277
2963,3636.364,0.2741,explore,ZYZZYVA,4.0,5.5,0.0697,1,1,1,FINALIZED_WITHIN_C2_LIMIT,0.077137,1.392
2964,40000.0,0.2738,greedy,ZYZZYVA,4.0,0.5,0.1421,1,1,1,FINALIZED_WITHIN_C2_LIMIT,0.051878,1.308
2965,40000.0,0.2736,greedy,ZYZZYVA,4.0,0.5,0.1421,1,1,1,FINALIZED_WITHIN_C2_LIMIT,0.097761,1.182
2966,40000.0,0.2733,greedy,ZYZZYVA,4.0,0.5,0.1421,1,1,1,FINALIZED_WITHIN_C2_LIMIT,0.092085,1.164
2967,5000.0,0.2731,explore,ZYZZYVA,4.0,4.0,0.0679,1,1,1,FINALIZED_WITHIN_C2_LIMIT,0.099051,1.172
2968,5000.0,0.2728,explore,LIU_QUORUM,4.0,4.0,0.0316,1,1,1,FINALIZED_WITHIN_C2_LIMIT,0.084825,1.148
2969,2105.263,0.2726,explore,ZYZZYVA,4.0,9.5,0.0278,1,1,1,FINALIZED_WITHIN_C2_LIMIT,0.077476,1.238
2970,0.0,0.2723,explore,ZYZZYVA,4.0,0.5,0.2251,0,1,1,FINALIZED_WITHIN_C2_LIMIT,0.047912,1.324
2971,40000.0,0.2721,greedy,ZYZZYVA,4.0,0.5,0.1487,1,1,1,FINALIZED_WITHIN_C2_LIMIT,0.10544,1.202
2972,40000.0,0.2719,greedy,ZYZZYVA,4.0,0.5,0.1487,1,1,1,FINALIZED_WITHIN_C2_LIMIT,0.138049,1.183
2973,40000.0,0.2716,greedy,ZYZZYVA,4.0,0.5,0.1487,1,1,1,FINALIZED_WITHIN_C2_LIMIT,0.119233,1.247
2974,5714.286,0.2714,explore,LIU_QUORUM,4.0,3.5,0.0278,1,1,1,FINALIZED_WITHIN_C2_LIMIT,0.040262,1.197
2975,40000.0,0.2711,greedy,ZYZZYVA,4.0,0.5,0.1487,1,1,1,FINALIZED_WITHIN_C2_LIMIT,0.165184,1.284
2976,40000.0,0.2709,greedy,ZYZZYVA,4.0,0.5,0.1487,1,1,1,FINALIZED_WITHIN_C2_LIMIT,0.157539,1.297
2977,40000.0,0.2706,greedy,ZYZZYVA,4.0,0.5,0.1487,1,1,1,FINALIZED_WITHIN_C2_LIMIT,0.107221,1.256
2978,40000.0,0.2704,greedy,ZYZZYVA,4.0,0.5,0.1421,1,1,1,FINALIZED_WITHIN_C2_LIMIT,0.026504,1.289
2979,2666.667,0.2701,explore,ZYZZYVA,4.0,7.5,0.0789,1,1,1,FINALIZED_WITHIN_C2_LIMIT,0.180987,1.359
2980,40000.0,0.2699,greedy,ZYZZYVA,4.0,0.5,0.1487,1,1,1,FINALIZED_WITHIN_C2_LIMIT,0.190276,1.283
2981,40000.0,0.2697,greedy,ZYZZYVA,4.0,0.5,0.1347,1,1,1,FINALIZED_WITHIN_C2_LIMIT,0.074072,1.309
2982,40000.0,0.2694,greedy,ZYZZYVA,4.0,0.5,0.1332,1,1,1,FINALIZED_WITHIN_C2_LIMIT,0.031286,1.256
2983,40000.0,0.2692,greedy,ZYZZYVA,4.0,0.5,0.1332,1,1,1,FINALIZED_WITHIN_C2_LIMIT,0.244661,1.313
2984,40000.0,0.2689,greedy,ZYZZYVA,4.0,0.5,0.1332,1,1,1,FINALIZED_WITHIN_C2_LIMIT,0.216012,1.203
2985,40000.0,0.2687,greedy,ZYZZYVA,4.0,0.5,0.1487,1,1,1,FINALIZED_WITHIN_C2_LIMIT,0.0586,1.162
2986,40000.0,0.2684,greedy,ZYZZYVA,4.0,0.5,0.1421,1,1,1,FINALIZED_WITHIN_C2_LIMIT,0.734724,1.301
2987,40000.0,0.2682,greedy,ZYZZYVA,4.0,0.5,0.1459,1,1,1,FINALIZED_WITHIN_C2_LIMIT,1.211166,1.541
2988,5714.286,0.2679,explore,ZYZZYVA,4.0,3.5,0.067,1,1,1,FINALIZED_WITHIN_C2_LIMIT,0.937552,1.365
2989,40000.0,0.2677,greedy,ZYZZYVA,4.0,0.5,0.1421,1,1,1,FINALIZED_WITHIN_C2_LIMIT,0.221139,1.237
2990,2857.143,0.2674,explore,ZYZZYVA,4.0,7.0,0.0298,1,1,1,FINALIZED_WITHIN_C2_LIMIT,0.347588,1.264
2991,4000.0,0.2672,explore,LIU_QUORUM,4.0,5.0,0.0316,1,1,1,FINALIZED_WITHIN_C2_LIMIT,0.824701,1.378
2992,40000.0,0.267,greedy,ZYZZYVA,4.0,0.5,0.1421,1,1,1,FINALIZED_WITHIN_C2_LIMIT,0.679107,1.435
2993,40000.0,0.2667,greedy,ZYZZYVA,4.0,0.5,0.1421,1,1,1,FINALIZED_WITHIN_C2_LIMIT,0.174452,1.215
2994,40000.0,0.2665,greedy,ZYZZYVA,4.0,0.5,0.1421,1,1,1,FINALIZED_WITHIN_C2_LIMIT,0.334089,1.142
2995,40000.0,0.2662,greedy,ZYZZYVA,4.0,0.5,0.1421,1,1,1,FINALIZED_WITHIN_C2_LIMIT,0.959213,1.205
2996,40000.0,0.266,greedy,ZYZZYVA,4.0,0.5,0.1421,1,1,1,FINALIZED_WITHIN_C2_LIMIT,0.632893,1.153
2997,40000.0,0.2657,greedy,ZYZZYVA,4.0,0.5,0.1421,1,1,1,FINALIZED_WITHIN_C2_LIMIT,0.080221,1.263
2998,2857.143,0.2655,explore,LIU_QUORUM,4.0,7.0,0.0708,1,1,1,FINALIZED_WITHIN_C2_LIMIT,0.427333,1.296
2999,2105.263,0.2652,explore,PBFT,4.0,9.5,0.0298,1,1,1,FINALIZED_WITHIN_C2_LIMIT,0.103939,1.219
3000,40000.0,0.265,greedy,ZYZZYVA,4.0,0.5,0.1421,1,1,1,FINALIZED_WITHIN_C2_LIMIT,0.055321,1.289
3001,3333.333,0.2648,explore,ZYZZYVA,4.0,6.0,0.0715,1,1,1,FINALIZED_WITHIN_C2_LIMIT,0.214526,1.263
3002,40000.0,0.2645,greedy,ZYZZYVA,4.0,0.5,0.1421,1,1,1,FINALIZED_WITHIN_C2_LIMIT,0.204928,1.415
3003,40000.0,0.2643,greedy,ZYZZYVA,4.0,0.5,0.1421,1,1,1,FINALIZED_WITHIN_C2_LIMIT,0.053934,1.464
3004,0.0,0.264,explore,LIU_QUORUM,4.0,1.0,0.2355,0,1,1,FINALIZED_WITHIN_C2_LIMIT,0.4414,1.369
3005,2857.143,0.2638,explore,ZYZZYVA,4.0,7.0,0.0679,1,1,1,FINALIZED_WITHIN_C2_LIMIT,0.798398,1.326
3006,13333.333,0.2635,explore,LIU_QUORUM,4.0,1.5,0.0668,1,1,1,FINALIZED_WITHIN_C2_LIMIT,0.541112,1.276
3007,40000.0,0.2633,greedy,ZYZZYVA,4.0,0.5,0.1333,1,1,1,FINALIZED_WITHIN_C2_LIMIT,0.080429,1.237
3008,40000.0,0.263,greedy,ZYZZYVA,4.0,0.5,0.1421,1,1,1,FINALIZED_WITHIN_C2_LIMIT,0.685447,1.26
3009,40000.0,0.2628,greedy,ZYZZYVA,4.0,0.5,0.1421,1,1,1,FINALIZED_WITHIN_C2_LIMIT,1.378699,1.319
3010,40000.0,0.2626,greedy,ZYZZYVA,4.0,0.5,0.1421,1,1,1,FINALIZED_WITHIN_C2_LIMIT,1.439191,1.227
3011,40000.0,0.2623,greedy,ZYZZYVA,4.0,0.5,0.1421,1,1,1,FINALIZED_WITHIN_C2_LIMIT,0.52196,1.176
3012,40000.0,0.2621,greedy,ZYZZYVA,4.0,0.5,0.1162,1,1,1,FINALIZED_WITHIN_C2_LIMIT,0.048441,1.123
3013,40000.0,0.2618,greedy,ZYZZYVA,4.0,0.5,0.1162,1,1,1,FINALIZED_WITHIN_C2_LIMIT,0.42659,1.232
3014,40000.0,0.2616,greedy,ZYZZYVA,4.0,0.5,0.1119,1,1,1,FINALIZED_WITHIN_C2_LIMIT,0.706118,1.199
3015,40000.0,0.2613,greedy,ZYZZYVA,4.0,0.5,0.1119,1,1,1,FINALIZED_WITHIN_C2_LIMIT,0.348496,1.174
3016,13333.333,0.2611,explore,LIU_QUORUM,4.0,1.5,0.0315,1,1,1,FINALIZED_WITHIN_C2_LIMIT,0.045438,1.119
3017,40000.0,0.2608,greedy,ZYZZYVA,4.0,0.5,0.1347,1,1,1,FINALIZED_WITHIN_C2_LIMIT,0.121079,1.138
3018,40000.0,0.2606,greedy,ZYZZYVA,4.0,0.5,0.1347,1,1,1,FINALIZED_WITHIN_C2_LIMIT,0.034385,1.246
3019,40000.0,0.2603,greedy,ZYZZYVA,4.0,0.5,0.1347,1,1,1,FINALIZED_WITHIN_C2_LIMIT,0.364592,1.244
3020,40000.0,0.2601,greedy,ZYZZYVA,4.0,0.5,0.1347,1,1,1,FINALIZED_WITHIN_C2_LIMIT,0.534497,1.125
3021,40000.0,0.2599,greedy,ZYZZYVA,4.0,0.5,0.1347,1,1,1,FINALIZED_WITHIN_C2_LIMIT,0.271559,1.203
3022,40000.0,0.2596,greedy,ZYZZYVA,4.0,0.5,0.1421,1,1,1,FINALIZED_WITHIN_C2_LIMIT,0.091244,1.235
3023,40000.0,0.2594,greedy,ZYZZYVA,4.0,0.5,0.1421,1,1,1,FINALIZED_WITHIN_C2_LIMIT,0.176186,1.155
3024,40000.0,0.2591,greedy,ZYZZYVA,4.0,0.5,0.1421,1,1,1,FINALIZED_WITHIN_C2_LIMIT,0.048492,1.275
3025,40000.0,0.2589,greedy,ZYZZYVA,4.0,0.5,0.1487,1,1,1,FINALIZED_WITHIN_C2_LIMIT,0.259671,1.164
3026,40000.0,0.2586,greedy,ZYZZYVA,4.0,0.5,0.1487,1,1,1,FINALIZED_WITHIN_C2_LIMIT,0.437011,1.198
3027,40000.0,0.2584,greedy,ZYZZYVA,4.0,0.5,0.1487,1,1,1,FINALIZED_WITHIN_C2_LIMIT,0.148063,1.217
3028,40000.0,0.2581,greedy,ZYZZYVA,4.0,0.5,0.1347,1,1,1,FINALIZED_WITHIN_C2_LIMIT,0.108566,1.288
3029,40000.0,0.2579,greedy,ZYZZYVA,4.0,0.5,0.1487,1,1,1,FINALIZED_WITHIN_C2_LIMIT,0.282602,1.29
3030,4444.444,0.2577,explore,ZYZZYVA,4.0,4.5,0.0779,1,1,1,FINALIZED_WITHIN_C2_LIMIT,0.115836,1.398
3031,40000.0,0.2574,greedy,ZYZZYVA,4.0,0.5,0.1347,1,1,1,FINALIZED_WITHIN_C2_LIMIT,0.183514,1.295
3032,40000.0,0.2572,greedy,ZYZZYVA,4.0,0.5,0.1487,1,1,1,FINALIZED_WITHIN_C2_LIMIT,0.258762,1.338
3033,40000.0,0.2569,greedy,ZYZZYVA,4.0,0.5,0.1347,1,1,1,FINALIZED_WITHIN_C2_LIMIT,0.075593,1.29
3034,3636.364,0.2567,explore,PBFT,4.0,5.5,0.0299,1,1,1,FINALIZED_WITHIN_C2_LIMIT,0.208374,1.251
3035,40000.0,0.2564,greedy,ZYZZYVA,4.0,0.5,0.1347,1,1,1,FINALIZED_WITHIN_C2_LIMIT,0.514605,1.28
3036,40000.0,0.2562,greedy,ZYZZYVA,4.0,0.5,0.1347,1,1,1,FINALIZED_WITHIN_C2_LIMIT,0.231701,1.259
3037,5714.286,0.2559,explore,ZYZZYVA,4.0,3.5,0.0278,1,1,1,FINALIZED_WITHIN_C2_LIMIT,0.091135,1.416
3038,40000.0,0.2557,greedy,ZYZZYVA,4.0,0.5,0.1162,1,1,1,FINALIZED_WITHIN_C2_LIMIT,0.18051,1.289
3039,2666.667,0.2554,explore,ZYZZYVA,4.0,7.5,0.0609,1,1,1,FINALIZED_WITHIN_C2_LIMIT,0.035551,1.534
3040,2857.143,0.2552,explore,ZYZZYVA,4.0,7.0,0.0779,1,1,1,FINALIZED_WITHIN_C2_LIMIT,0.320569,1.266
3041,40000.0,0.255,greedy,ZYZZYVA,4.0,0.5,0.1162,1,1,1,FINALIZED_WITHIN_C2_LIMIT,0.586117,1.288
3042,40000.0,0.2547,greedy,ZYZZYVA,4.0,0.5,0.1162,1,1,1,FINALIZED_WITHIN_C2_LIMIT,0.31961,1.401
3043,40000.0,0.2545,greedy,ZYZZYVA,4.0,0.5,0.1162,1,1,1,FINALIZED_WITHIN_C2_LIMIT,0.060216,1.308
3044,40000.0,0.2542,greedy,ZYZZYVA,4.0,0.5,0.1162,1,1,1,FINALIZED_WITHIN_C2_LIMIT,0.131366,1.293
3045,2500.0,0.254,explore,LIU_QUORUM,4.0,8.0,0.0697,1,1,1,FINALIZED_WITHIN_C2_LIMIT,0.046176,1.421
3046,40000.0,0.2537,greedy,ZYZZYVA,4.0,0.5,0.1162,1,1,1,FINALIZED_WITHIN_C2_LIMIT,0.340532,1.408
3047,40000.0,0.2535,greedy,ZYZZYVA,4.0,0.5,0.1162,1,1,1,FINALIZED_WITHIN_C2_LIMIT,0.5198,1.183
3048,40000.0,0.2532,greedy,ZYZZYVA,4.0,0.5,0.1162,1,1,1,FINALIZED_WITHIN_C2_LIMIT,0.224306,1.285
3049,40000.0,0.253,greedy,ZYZZYVA,4.0,0.5,0.1162,1,1,1,FINALIZED_WITHIN_C2_LIMIT,0.104394,1.279
3050,40000.0,0.2528,greedy,ZYZZYVA,4.0,0.5,0.1162,1,1,1,FINALIZED_WITHIN_C2_LIMIT,0.176651,1.433
3051,40000.0,0.2525,greedy,ZYZZYVA,4.0,0.5,0.1162,1,1,1,FINALIZED_WITHIN_C2_LIMIT,0.059246,1.392
3052,40000.0,0.2523,greedy,ZYZZYVA,4.0,0.5,0.1162,1,1,1,FINALIZED_WITHIN_C2_LIMIT,0.23232,1.374
3053,40000.0,0.252,greedy,ZYZZYVA,4.0,0.5,0.1162,1,1,1,FINALIZED_WITHIN_C2_LIMIT,0.414483,1.348
3054,13333.333,0.2518,explore,LIU_QUORUM,4.0,1.5,0.0668,1,1,1,FINALIZED_WITHIN_C2_LIMIT,0.165532,1.259
3055,40000.0,0.2515,greedy,ZYZZYVA,4.0,0.5,0.1162,1,1,1,FINALIZED_WITHIN_C2_LIMIT,0.092181,1.304
3056,40000.0,0.2513,greedy,ZYZZYVA,4.0,0.5,0.1059,1,1,1,FINALIZED_WITHIN_C2_LIMIT,0.184318,1.241
3057,40000.0,0.251,greedy,ZYZZYVA,4.0,0.5,0.1162,1,1,1,FINALIZED_WITHIN_C2_LIMIT,0.068821,1.27
3058,40000.0,0.2508,greedy,ZYZZYVA,4.0,0.5,0.1163,1,1,1,FINALIZED_WITHIN_C2_LIMIT,0.287432,1.214
3059,40000.0,0.2505,greedy,ZYZZYVA,4.0,0.5,0.1163,1,1,1,FINALIZED_WITHIN_C2_LIMIT,0.445241,1.196
3060,2000.0,0.2503,explore,LIU_QUORUM,4.0,10.0,0.104,1,1,1,FINALIZED_WITHIN_C2_LIMIT,0.208675,1.246
3061,40000.0,0.2501,greedy,ZYZZYVA,4.0,0.5,0.1163,1,1,1,FINALIZED_WITHIN_C2_LIMIT,0.091732,1.293
3062,40000.0,0.2498,greedy,ZYZZYVA,4.0,0.5,0.1163,1,1,1,FINALIZED_WITHIN_C2_LIMIT,0.191948,1.096
3063,40000.0,0.2496,greedy,ZYZZYVA,4.0,0.5,0.1163,1,1,1,FINALIZED_WITHIN_C2_LIMIT,0.052654,1.19
3064,40000.0,0.2493,greedy,ZYZZYVA,4.0,0.5,0.1163,1,1,1,FINALIZED_WITHIN_C2_LIMIT,0.328625,1.193
3065,40000.0,0.2491,greedy,ZYZZYVA,4.0,0.5,0.1347,1,1,1,FINALIZED_WITHIN_C2_LIMIT,0.625343,1.482
3066,40000.0,0.2488,greedy,ZYZZYVA,4.0,0.5,0.1347,1,1,1,FINALIZED_WITHIN_C2_LIMIT,0.266649,1.158
3067,40000.0,0.2486,greedy,ZYZZYVA,4.0,0.5,0.1163,1,1,1,FINALIZED_WITHIN_C2_LIMIT,0.049861,1.124
3068,40000.0,0.2483,greedy,ZYZZYVA,4.0,0.5,0.1163,1,1,1,FINALIZED_WITHIN_C2_LIMIT,0.129508,1.126
3069,3076.923,0.2481,explore,ZYZZYVA,4.0,6.5,0.0651,1,1,1,FINALIZED_WITHIN_C2_LIMIT,0.024736,1.284
3070,40000.0,0.2479,greedy,ZYZZYVA,4.0,0.5,0.1162,1,1,1,FINALIZED_WITHIN_C2_LIMIT,0.37527,1.511
3071,40000.0,0.2476,greedy,ZYZZYVA,4.0,0.5,0.1162,1,1,1,FINALIZED_WITHIN_C2_LIMIT,0.554603,1.374
3072,40000.0,0.2474,greedy,ZYZZYVA,4.0,0.5,0.1162,1,1,1,FINALIZED_WITHIN_C2_LIMIT,0.253615,1.267
3073,40000.0,0.2471,greedy,ZYZZYVA,4.0,0.5,0.1163,1,1,1,FINALIZED_WITHIN_C2_LIMIT,0.05499,1.323
3074,4444.444,0.2469,explore,ZYZZYVA,4.0,4.5,0.0294,1,1,1,FINALIZED_WITHIN_C2_LIMIT,0.117337,1.437
3075,40000.0,0.2466,greedy,ZYZZYVA,4.0,0.5,0.1163,1,1,1,FINALIZED_WITHIN_C2_LIMIT,0.039338,1.376
3076,5000.0,0.2464,explore,LIU_QUORUM,4.0,4.0,0.1723,1,1,1,FINALIZED_WITHIN_C2_LIMIT,0.300941,1.303
3077,40000.0,0.2461,greedy,ZYZZYVA,4.0,0.5,0.1347,1,1,1,FINALIZED_WITHIN_C2_LIMIT,0.559942,1.204
3078,40000.0,0.2459,greedy,ZYZZYVA,4.0,0.5,0.1163,1,1,1,FINALIZED_WITHIN_C2_LIMIT,0.279253,1.22
3079,40000.0,0.2456,greedy,ZYZZYVA,4.0,0.5,0.1347,1,1,1,FINALIZED_WITHIN_C2_LIMIT,0.069724,1.307
3080,40000.0,0.2454,greedy,ZYZZYVA,4.0,0.5,0.1163,1,1,1,FINALIZED_WITHIN_C2_LIMIT,0.126928,1.3
3081,40000.0,0.2452,greedy,ZYZZYVA,4.0,0.5,0.1347,1,1,1,FINALIZED_WITHIN_C2_LIMIT,0.035754,1.371
3082,40000.0,0.2449,greedy,ZYZZYVA,4.0,0.5,0.1347,1,1,1,FINALIZED_WITHIN_C2_LIMIT,0.362992,1.36
3083,40000.0,0.2447,greedy,ZYZZYVA,4.0,0.5,0.1347,1,1,1,FINALIZED_WITHIN_C2_LIMIT,0.593995,1.662
3084,40000.0,0.2444,greedy,ZYZZYVA,4.0,0.5,0.1347,1,1,1,FINALIZED_WITHIN_C2_LIMIT,0.310178,1.385
3085,2222.222,0.2442,explore,LIU_QUORUM,4.0,9.0,0.0689,1,1,1,FINALIZED_WITHIN_C2_LIMIT,0.04585,1.406
3086,40000.0,0.2439,greedy,ZYZZYVA,4.0,0.5,0.1163,1,1,1,FINALIZED_WITHIN_C2_LIMIT,0.113929,1.285
3087,40000.0,0.2437,greedy,ZYZZYVA,4.0,0.5,0.1347,1,1,1,FINALIZED_WITHIN_C2_LIMIT,0.037717,1.307
3088,40000.0,0.2434,greedy,ZYZZYVA,4.0,0.5,0.1347,1,1,1,FINALIZED_WITHIN_C2_LIMIT,0.405521,1.266
3089,40000.0,0.2432,greedy,ZYZZYVA,4.0,0.5,0.1347,1,1,1,FINALIZED_WITHIN_C2_LIMIT,0.674516,1.247
3090,40000.0,0.2429,greedy,ZYZZYVA,4.0,0.5,0.1347,1,1,1,FINALIZED_WITHIN_C2_LIMIT,0.297232,1.301
3091,40000.0,0.2427,greedy,ZYZZYVA,4.0,0.5,0.1347,1,1,1,FINALIZED_WITHIN_C2_LIMIT,0.033239,1.197
3092,40000.0,0.2425,greedy,ZYZZYVA,4.0,0.5,0.1347,1,1,1,FINALIZED_WITHIN_C2_LIMIT,0.108304,1.336
3093,40000.0,0.2422,greedy,ZYZZYVA,4.0,0.5,0.1347,1,1,1,FINALIZED_WITHIN_C2_LIMIT,0.038743,1.255
3094,3076.923,0.242,explore,LIU_QUORUM,4.0,6.5,0.1982,1,1,1,FINALIZED_WITHIN_C2_LIMIT,0.068805,1.291
3095,6666.667,0.2417,explore,LIU_QUORUM,4.0,3.0,0.0963,1,1,1,FINALIZED_WITHIN_C2_LIMIT,0.054218,1.338
3096,40000.0,0.2415,explore,PBFT,4.0,0.5,0.0312,1,1,1,FINALIZED_WITHIN_C2_LIMIT,0.032814,1.326
3097,40000.0,0.2412,greedy,ZYZZYVA,4.0,0.5,0.1347,1,1,1,FINALIZED_WITHIN_C2_LIMIT,0.077908,1.338
3098,40000.0,0.241,greedy,ZYZZYVA,4.0,0.5,0.1332,1,1,1,FINALIZED_WITHIN_C2_LIMIT,0.029669,1.246
3099,40000.0,0.2407,greedy,ZYZZYVA,4.0,0.5,0.1475,1,1,1,FINALIZED_WITHIN_C2_LIMIT,0.122041,1.25
3100,10000.0,0.2405,explore,ZYZZYVA,4.0,2.0,0.1368,1,1,1,FINALIZED_WITHIN_C2_LIMIT,0.24772,1.223
3101,40000.0,0.2403,greedy,ZYZZYVA,4.0,0.5,0.1475,1,1,1,FINALIZED_WITHIN_C2_LIMIT,0.029676,1.211
3102,40000.0,0.24,greedy,ZYZZYVA,4.0,0.5,0.1475,1,1,1,FINALIZED_WITHIN_C2_LIMIT,0.056935,1.178
3103,40000.0,0.2398,greedy,ZYZZYVA,4.0,0.5,0.1475,1,1,1,FINALIZED_WITHIN_C2_LIMIT,0.128072,1.148
3104,40000.0,0.2395,explore,ZYZZYVA,4.0,0.5,0.0278,1,1,1,FINALIZED_WITHIN_C2_LIMIT,0.082222,1.191
3105,40000.0,0.2393,greedy,ZYZZYVA,4.0,0.5,0.1475,1,1,1,FINALIZED_WITHIN_C2_LIMIT,0.189007,1.311
3106,40000.0,0.239,greedy,ZYZZYVA,4.0,0.5,0.1475,1,1,1,FINALIZED_WITHIN_C2_LIMIT,0.248633,1.297
3107,40000.0,0.2388,greedy,ZYZZYVA,4.0,0.5,0.1475,1,1,1,FINALIZED_WITHIN_C2_LIMIT,0.02523,1.21
3108,40000.0,0.2385,greedy,ZYZZYVA,4.0,0.5,0.1587,1,1,1,FINALIZED_WITHIN_C2_LIMIT,0.545417,1.448
3109,10000.0,0.2383,explore,PBFT,4.0,2.0,0.0362,1,1,1,FINALIZED_WITHIN_C2_LIMIT,1.165084,1.275
3110,40000.0,0.2381,greedy,ZYZZYVA,4.0,0.5,0.1587,1,1,1,FINALIZED_WITHIN_C2_LIMIT,0.796599,1.249
3111,2666.667,0.2378,explore,ZYZZYVA,4.0,7.5,0.0668,1,1,1,FINALIZED_WITHIN_C2_LIMIT,0.082773,1.322
3112,4444.444,0.2376,explore,PBFT,4.0,4.5,0.0674,1,1,1,FINALIZED_WITHIN_C2_LIMIT,0.756226,1.397
3113,2666.667,0.2373,explore,LIU_QUORUM,4.0,7.5,0.0291,1,1,1,FINALIZED_WITHIN_C2_LIMIT,1.580686,1.357
3114,40000.0,0.2371,greedy,ZYZZYVA,4.0,0.5,0.1753,1,1,1,FINALIZED_WITHIN_C2_LIMIT,1.620055,1.271
3115,40000.0,0.2368,greedy,ZYZZYVA,4.0,0.5,0.1753,1,1,1,FINALIZED_WITHIN_C2_LIMIT,0.663863,1.437
3116,2857.143,0.2366,explore,ZYZZYVA,4.0,7.0,0.1459,1,1,1,FINALIZED_WITHIN_C2_LIMIT,0.049144,1.296
3117,40000.0,0.2363,greedy,ZYZZYVA,4.0,0.5,0.1753,1,1,1,FINALIZED_WITHIN_C2_LIMIT,1.139699,1.223
3118,40000.0,0.2361,greedy,ZYZZYVA,4.0,0.5,0.1753,1,1,1,FINALIZED_WITHIN_C2_LIMIT,2.580434,1.246
3119,40000.0,0.2358,greedy,ZYZZYVA,4.0,0.5,0.1581,1,1,1,FINALIZED_WITHIN_C2_LIMIT,3.005968,1.282
3120,40000.0,0.2356,greedy,ZYZZYVA,4.0,0.5,0.1753,1,1,1,FINALIZED_WITHIN_C2_LIMIT,2.189986,1.379
3121,40000.0,0.2354,greedy,ZYZZYVA,4.0,0.5,0.1753,1,1,1,FINALIZED_WITHIN_C2_LIMIT,0.689933,1.282
3122,40000.0,0.2351,greedy,ZYZZYVA,4.0,0.5,0.1753,1,1,1,FINALIZED_WITHIN_C2_LIMIT,0.097125,1.402
3123,40000.0,0.2349,explore,LIU_QUORUM,4.0,0.5,0.0312,1,1,1,FINALIZED_WITHIN_C2_LIMIT,0.480451,1.572
3124,40000.0,0.2346,greedy,ZYZZYVA,4.0,0.5,0.1753,1,1,1,FINALIZED_WITHIN_C2_LIMIT,0.887987,1.378
3125,40000.0,0.2344,greedy,ZYZZYVA,4.0,0.5,0.1753,1,1,1,FINALIZED_WITHIN_C2_LIMIT,0.257281,1.218
3126,40000.0,0.2341,greedy,ZYZZYVA,4.0,0.5,0.1753,1,1,1,FINALIZED_WITHIN_C2_LIMIT,0.102632,1.108
3127,40000.0,0.2339,greedy,ZYZZYVA,4.0,0.5,0.1753,1,1,1,FINALIZED_WITHIN_C2_LIMIT,0.264382,1.094
3128,40000.0,0.2336,greedy,ZYZZYVA,4.0,0.5,0.1753,1,1,1,FINALIZED_WITHIN_C2_LIMIT,0.127868,1.344
3129,40000.0,0.2334,greedy,ZYZZYVA,4.0,0.5,0.1753,1,1,1,FINALIZED_WITHIN_C2_LIMIT,0.228151,1.154
3130,40000.0,0.2332,greedy,ZYZZYVA,4.0,0.5,0.1753,1,1,1,FINALIZED_WITHIN_C2_LIMIT,0.206205,1.242
3131,4000.0,0.2329,explore,LIU_QUORUM,4.0,5.0,0.0298,1,1,1,FINALIZED_WITHIN_C2_LIMIT,0.051403,1.232
3132,40000.0,0.2327,greedy,ZYZZYVA,4.0,0.5,0.1753,1,1,1,FINALIZED_WITHIN_C2_LIMIT,0.420564,1.258
3133,40000.0,0.2324,greedy,ZYZZYVA,4.0,0.5,0.1753,1,1,1,FINALIZED_WITHIN_C2_LIMIT,0.725888,1.107
3134,40000.0,0.2322,greedy,ZYZZYVA,4.0,0.5,0.1753,1,1,1,FINALIZED_WITHIN_C2_LIMIT,0.470302,1.113
3135,40000.0,0.2319,greedy,ZYZZYVA,4.0,0.5,0.1753,1,1,1,FINALIZED_WITHIN_C2_LIMIT,0.045095,1.17
3136,40000.0,0.2317,greedy,ZYZZYVA,4.0,0.5,0.1683,1,1,1,FINALIZED_WITHIN_C2_LIMIT,0.850762,1.165
3137,40000.0,0.2314,greedy,ZYZZYVA,4.0,0.5,0.1683,1,1,1,FINALIZED_WITHIN_C2_LIMIT,1.802813,1.339
3138,40000.0,0.2312,greedy,ZYZZYVA,4.0,0.5,0.1459,1,1,1,FINALIZED_WITHIN_C2_LIMIT,1.909121,1.221
3139,40000.0,0.2309,greedy,ZYZZYVA,4.0,0.5,0.1459,1,1,1,FINALIZED_WITHIN_C2_LIMIT,1.018086,1.52
3140,40000.0,0.2307,greedy,ZYZZYVA,4.0,0.5,0.1459,1,1,1,FINALIZED_WITHIN_C2_LIMIT,0.118528,1.325
3141,40000.0,0.2305,greedy,ZYZZYVA,4.0,0.5,0.1459,1,1,1,FINALIZED_WITHIN_C2_LIMIT,0.761996,1.23
3142,2000.0,0.2302,explore,LIU_QUORUM,4.0,10.0,0.0758,1,1,1,FINALIZED_WITHIN_C2_LIMIT,1.642685,1.228
3143,40000.0,0.23,greedy,ZYZZYVA,4.0,0.5,0.1459,1,1,1,FINALIZED_WITHIN_C2_LIMIT,2.06374,1.429
3144,40000.0,0.2297,greedy,ZYZZYVA,4.0,0.5,0.1459,1,1,1,FINALIZED_WITHIN_C2_LIMIT,1.213107,1.349
3145,40000.0,0.2295,greedy,ZYZZYVA,4.0,0.5,0.1459,1,1,1,FINALIZED_WITHIN_C2_LIMIT,0.283306,1.337
3146,40000.0,0.2292,greedy,ZYZZYVA,4.0,0.5,0.1459,1,1,1,FINALIZED_WITHIN_C2_LIMIT,0.298186,1.4
3147,3636.364,0.229,explore,PBFT,4.0,5.5,0.0689,1,1,1,FINALIZED_WITHIN_C2_LIMIT,1.150782,1.299
3148,40000.0,0.2287,greedy,ZYZZYVA,4.0,0.5,0.1459,1,1,1,FINALIZED_WITHIN_C2_LIMIT,1.164142,1.446
3149,40000.0,0.2285,greedy,ZYZZYVA,4.0,0.5,0.1459,1,1,1,FINALIZED_WITHIN_C2_LIMIT,0.608849,1.309
3150,40000.0,0.2283,greedy,ZYZZYVA,4.0,0.5,0.1459,1,1,1,FINALIZED_WITHIN_C2_LIMIT,0.065009,1.387
3151,40000.0,0.228,greedy,ZYZZYVA,4.0,0.5,0.1119,1,1,1,FINALIZED_WITHIN_C2_LIMIT,0.548213,1.166
3152,40000.0,0.2278,greedy,ZYZZYVA,4.0,0.5,0.1059,1,1,1,FINALIZED_WITHIN_C2_LIMIT,0.950357,1.293
3153,2857.143,0.2275,explore,PBFT,4.0,7.0,0.0881,1,1,1,FINALIZED_WITHIN_C2_LIMIT,0.776811,1.411
3154,40000.0,0.2273,greedy,ZYZZYVA,4.0,0.5,0.112,1,1,1,FINALIZED_WITHIN_C2_LIMIT,0.188984,1.207
3155,40000.0,0.227,greedy,ZYZZYVA,4.0,0.5,0.1213,1,1,1,FINALIZED_WITHIN_C2_LIMIT,0.310805,1.135
3156,40000.0,0.2268,greedy,ZYZZYVA,4.0,0.5,0.1333,1,1,1,FINALIZED_WITHIN_C2_LIMIT,0.839158,1.195
3157,40000.0,0.2265,greedy,ZYZZYVA,4.0,0.5,0.1333,1,1,1,FINALIZED_WITHIN_C2_LIMIT,0.691902,1.223
3158,40000.0,0.2263,greedy,ZYZZYVA,4.0,0.5,0.1347,1,1,1,FINALIZED_WITHIN_C2_LIMIT,0.229281,1.259
3159,40000.0,0.226,greedy,ZYZZYVA,4.0,0.5,0.1347,1,1,1,FINALIZED_WITHIN_C2_LIMIT,0.209886,1.321
3160,40000.0,0.2258,greedy,ZYZZYVA,4.0,0.5,0.1163,1,1,1,FINALIZED_WITHIN_C2_LIMIT,0.546187,1.285
3161,3636.364,0.2256,explore,ZYZZYVA,4.0,5.5,0.0674,1,1,1,FINALIZED_WITHIN_C2_LIMIT,0.319435,1.284
3162,40000.0,0.2253,greedy,ZYZZYVA,4.0,0.5,0.1347,1,1,1,FINALIZED_WITHIN_C2_LIMIT,0.052136,1.363
3163,40000.0,0.2251,greedy,ZYZZYVA,4.0,0.5,0.1347,1,1,1,FINALIZED_WITHIN_C2_LIMIT,0.574403,1.194
3164,40000.0,0.2248,greedy,ZYZZYVA,4.0,0.5,0.1347,1,1,1,FINALIZED_WITHIN_C2_LIMIT,1.323599,1.172
3165,40000.0,0.2246,greedy,ZYZZYVA,4.0,0.5,0.1459,1,1,1,FINALIZED_WITHIN_C2_LIMIT,1.23987,1.176
3166,40000.0,0.2243,greedy,ZYZZYVA,4.0,0.5,0.1347,1,1,1,FINALIZED_WITHIN_C2_LIMIT,0.433216,1.276
3167,40000.0,0.2241,greedy,ZYZZYVA,4.0,0.5,0.1347,1,1,1,FINALIZED_WITHIN_C2_LIMIT,0.070988,1.116
3168,40000.0,0.2238,greedy,ZYZZYVA,4.0,0.5,0.1347,1,1,1,FINALIZED_WITHIN_C2_LIMIT,0.289913,1.272
3169,40000.0,0.2236,greedy,ZYZZYVA,4.0,0.5,0.1347,1,1,1,FINALIZED_WITHIN_C2_LIMIT,0.163438,1.305
3170,40000.0,0.2234,greedy,ZYZZYVA,4.0,0.5,0.1347,1,1,1,FINALIZED_WITHIN_C2_LIMIT,0.055208,1.165
3171,40000.0,0.2231,greedy,ZYZZYVA,4.0,0.5,0.1459,1,1,1,FINALIZED_WITHIN_C2_LIMIT,0.073453,1.149
3172,40000.0,0.2229,greedy,ZYZZYVA,4.0,0.5,0.1347,1,1,1,FINALIZED_WITHIN_C2_LIMIT,0.054722,1.262
3173,40000.0,0.2226,greedy,ZYZZYVA,4.0,0.5,0.1347,1,1,1,FINALIZED_WITHIN_C2_LIMIT,0.033502,1.166
3174,40000.0,0.2224,greedy,ZYZZYVA,4.0,0.5,0.1459,1,1,1,FINALIZED_WITHIN_C2_LIMIT,0.227632,1.219
3175,40000.0,0.2221,greedy,ZYZZYVA,4.0,0.5,0.1347,1,1,1,FINALIZED_WITHIN_C2_LIMIT,0.238152,1.259
3176,4000.0,0.2219,explore,ZYZZYVA,4.0,5.0,0.1001,1,1,1,FINALIZED_WITHIN_C2_LIMIT,0.032282,1.19
3177,40000.0,0.2216,greedy,ZYZZYVA,4.0,0.5,0.1347,1,1,1,FINALIZED_WITHIN_C2_LIMIT,0.400454,1.415
3178,3636.364,0.2214,explore,PBFT,4.0,5.5,0.0789,1,1,1,FINALIZED_WITHIN_C2_LIMIT,0.723111,1.376
3179,40000.0,0.2211,greedy,ZYZZYVA,4.0,0.5,0.1347,1,1,1,FINALIZED_WITHIN_C2_LIMIT,0.481807,1.331
3180,5714.286,0.2209,explore,PBFT,4.0,3.5,0.0609,1,1,1,FINALIZED_WITHIN_C2_LIMIT,0.068257,1.259
3181,13333.333,0.2207,explore,LIU_QUORUM,4.0,1.5,0.0609,1,1,1,FINALIZED_WITHIN_C2_LIMIT,0.612298,1.138
3182,40000.0,0.2204,greedy,ZYZZYVA,4.0,0.5,0.1421,1,1,1,FINALIZED_WITHIN_C2_LIMIT,1.334642,1.219
3183,40000.0,0.2202,greedy,ZYZZYVA,4.0,0.5,0.1421,1,1,1,FINALIZED_WITHIN_C2_LIMIT,1.187615,1.187
3184,40000.0,0.2199,greedy,ZYZZYVA,4.0,0.5,0.1421,1,1,1,FINALIZED_WITHIN_C2_LIMIT,0.567265,1.427
3185,4444.444,0.2197,explore,PBFT,4.0,4.5,0.1982,1,1,1,FINALIZED_WITHIN_C2_LIMIT,0.056936,1.343
3186,40000.0,0.2194,greedy,ZYZZYVA,4.0,0.5,0.1347,1,1,1,FINALIZED_WITHIN_C2_LIMIT,0.180473,1.254
3187,40000.0,0.2192,greedy,ZYZZYVA,4.0,0.5,0.1347,1,1,1,FINALIZED_WITHIN_C2_LIMIT,0.108582,1.331
3188,40000.0,0.2189,greedy,ZYZZYVA,4.0,0.5,0.1347,1,1,1,FINALIZED_WITHIN_C2_LIMIT,0.10272,1.298
3189,40000.0,0.2187,greedy,ZYZZYVA,4.0,0.5,0.1347,1,1,1,FINALIZED_WITHIN_C2_LIMIT,0.08295,1.23
3190,40000.0,0.2185,greedy,ZYZZYVA,4.0,0.5,0.1347,1,1,1,FINALIZED_WITHIN_C2_LIMIT,0.077764,1.326
3191,40000.0,0.2182,greedy,ZYZZYVA,4.0,0.5,0.112,1,1,1,FINALIZED_WITHIN_C2_LIMIT,0.028974,1.245
3192,40000.0,0.218,greedy,ZYZZYVA,4.0,0.5,0.1059,1,1,1,FINALIZED_WITHIN_C2_LIMIT,0.21293,1.24
3193,3333.333,0.2177,explore,LIU_QUORUM,4.0,6.0,0.1001,1,1,1,FINALIZED_WITHIN_C2_LIMIT,0.124935,1.247
3194,40000.0,0.2175,greedy,ZYZZYVA,4.0,0.5,0.0997,1,1,1,FINALIZED_WITHIN_C2_LIMIT,0.080645,1.283
3195,40000.0,0.2172,greedy,ZYZZYVA,4.0,0.5,0.0923,1,1,1,FINALIZED_WITHIN_C2_LIMIT,0.088728,1.246
3196,40000.0,0.217,greedy,ZYZZYVA,4.0,0.5,0.0997,1,1,1,FINALIZED_WITHIN_C2_LIMIT,0.072387,1.355
3197,13333.333,0.2167,explore,PBFT,4.0,1.5,0.0697,1,1,1,FINALIZED_WITHIN_C2_LIMIT,0.058166,1.392
3198,2222.222,0.2165,explore,LIU_QUORUM,4.0,9.0,0.0694,1,1,1,FINALIZED_WITHIN_C2_LIMIT,0.140373,1.416
3199,40000.0,0.2162,greedy,ZYZZYVA,4.0,0.5,0.0998,1,1,1,FINALIZED_WITHIN_C2_LIMIT,0.130968,1.259
3200,40000.0,0.216,greedy,ZYZZYVA,4.0,0.5,0.0997,1,1,1,FINALIZED_WITHIN_C2_LIMIT,0.042633,1.634
3201,40000.0,0.2158,greedy,ZYZZYVA,4.0,0.5,0.0998,1,1,1,FINALIZED_WITHIN_C2_LIMIT,0.042872,1.233
3202,40000.0,0.2155,greedy,ZYZZYVA,4.0,0.5,0.0998,1,1,1,FINALIZED_WITHIN_C2_LIMIT,0.156284,1.354
3203,40000.0,0.2153,greedy,ZYZZYVA,4.0,0.5,0.0998,1,1,1,FINALIZED_WITHIN_C2_LIMIT,0.147622,1.278
3204,40000.0,0.215,greedy,ZYZZYVA,4.0,0.5,0.0997,1,1,1,FINALIZED_WITHIN_C2_LIMIT,0.040395,1.233
3205,40000.0,0.2148,greedy,ZYZZYVA,4.0,0.5,0.0997,1,1,1,FINALIZED_WITHIN_C2_LIMIT,0.056363,1.354
3206,40000.0,0.2145,greedy,ZYZZYVA,4.0,0.5,0.0998,1,1,1,FINALIZED_WITHIN_C2_LIMIT,0.137609,1.226
3207,3636.364,0.2143,explore,ZYZZYVA,4.0,5.5,0.0697,1,1,1,FINALIZED_WITHIN_C2_LIMIT,0.141717,1.298
3208,40000.0,0.214,greedy,ZYZZYVA,4.0,0.5,0.0997,1,1,1,FINALIZED_WITHIN_C2_LIMIT,0.057674,1.355
3209,40000.0,0.2138,greedy,ZYZZYVA,4.0,0.5,0.1,1,1,1,FINALIZED_WITHIN_C2_LIMIT,0.066264,1.228
3210,40000.0,0.2136,greedy,ZYZZYVA,4.0,0.5,0.13,1,1,1,FINALIZED_WITHIN_C2_LIMIT,0.11394,1.218
3211,4000.0,0.2133,explore,ZYZZYVA,4.0,5.0,0.0697,1,1,1,FINALIZED_WITHIN_C2_LIMIT,0.107155,1.309
3212,40000.0,0.2131,greedy,ZYZZYVA,4.0,0.5,0.13,1,1,1,FINALIZED_WITHIN_C2_LIMIT,0.068414,1.329
3213,40000.0,0.2128,greedy,ZYZZYVA,4.0,0.5,0.13,1,1,1,FINALIZED_WITHIN_C2_LIMIT,0.064645,1.364
3214,40000.0,0.2126,greedy,ZYZZYVA,4.0,0.5,0.13,1,1,1,FINALIZED_WITHIN_C2_LIMIT,0.113433,1.397
3215,40000.0,0.2123,greedy,ZYZZYVA,4.0,0.5,0.13,1,1,1,FINALIZED_WITHIN_C2_LIMIT,0.129148,1.486
3216,40000.0,0.2121,explore,ZYZZYVA,4.0,0.5,0.0278,1,1,1,FINALIZED_WITHIN_C2_LIMIT,0.077089,1.332
3217,40000.0,0.2118,greedy,ZYZZYVA,4.0,0.5,0.1295,1,1,1,FINALIZED_WITHIN_C2_LIMIT,0.08039,1.274
3218,10000.0,0.2116,explore,ZYZZYVA,4.0,2.0,0.0651,1,1,1,FINALIZED_WITHIN_C2_LIMIT,0.116828,1.33
3219,40000.0,0.2113,greedy,ZYZZYVA,4.0,0.5,0.1295,1,1,1,FINALIZED_WITHIN_C2_LIMIT,0.110096,1.301
3220,40000.0,0.2111,greedy,ZYZZYVA,4.0,0.5,0.1295,1,1,1,FINALIZED_WITHIN_C2_LIMIT,0.071137,1.267
3221,40000.0,0.2109,greedy,ZYZZYVA,4.0,0.5,0.1295,1,1,1,FINALIZED_WITHIN_C2_LIMIT,0.063962,1.178
3222,40000.0,0.2106,greedy,ZYZZYVA,4.0,0.5,0.1295,1,1,1,FINALIZED_WITHIN_C2_LIMIT,0.096338,1.249
3223,2222.222,0.2104,explore,LIU_QUORUM,4.0,9.0,0.0288,1,1,1,FINALIZED_WITHIN_C2_LIMIT,0.100359,1.428
3224,8000.0,0.2101,explore,PBFT,4.0,2.5,0.0694,1,1,1,FINALIZED_WITHIN_C2_LIMIT,0.153191,1.332
3225,40000.0,0.2099,greedy,ZYZZYVA,4.0,0.5,0.1295,1,1,1,FINALIZED_WITHIN_C2_LIMIT,0.057099,1.224
3226,40000.0,0.2096,greedy,ZYZZYVA,4.0,0.5,0.1295,1,1,1,FINALIZED_WITHIN_C2_LIMIT,0.10109,1.229
3227,40000.0,0.2094,greedy,ZYZZYVA,4.0,0.5,0.1446,1,1,1,FINALIZED_WITHIN_C2_LIMIT,0.094367,1.219
3228,40000.0,0.2091,greedy,ZYZZYVA,4.0,0.5,0.1295,1,1,1,FINALIZED_WITHIN_C2_LIMIT,0.082786,1.19
3229,40000.0,0.2089,greedy,ZYZZYVA,4.0,0.5,0.1295,1,1,1,FINALIZED_WITHIN_C2_LIMIT,0.037437,1.186
3230,40000.0,0.2087,greedy,ZYZZYVA,4.0,0.5,0.1295,1,1,1,FINALIZED_WITHIN_C2_LIMIT,0.115538,1.189
3231,40000.0,0.2084,greedy,ZYZZYVA,4.0,0.5,0.1295,1,1,1,FINALIZED_WITHIN_C2_LIMIT,0.096765,1.221
3232,40000.0,0.2082,greedy,ZYZZYVA,4.0,0.5,0.1295,1,1,1,FINALIZED_WITHIN_C2_LIMIT,0.045032,1.349
3233,40000.0,0.2079,greedy,ZYZZYVA,4.0,0.5,0.1295,1,1,1,FINALIZED_WITHIN_C2_LIMIT,0.06214,1.223
3234,40000.0,0.2077,greedy,ZYZZYVA,4.0,0.5,0.1295,1,1,1,FINALIZED_WITHIN_C2_LIMIT,0.153883,1.195
3235,5714.286,0.2074,explore,LIU_QUORUM,4.0,3.5,0.0741,1,1,1,FINALIZED_WITHIN_C2_LIMIT,0.111306,1.267
3236,5714.286,0.2072,explore,LIU_QUORUM,4.0,3.5,0.067,1,1,1,FINALIZED_WITHIN_C2_LIMIT,0.048973,1.163
3237,40000.0,0.2069,greedy,ZYZZYVA,4.0,0.5,0.1101,1,1,1,FINALIZED_WITHIN_C2_LIMIT,0.033028,1.335
3238,5714.286,0.2067,explore,ZYZZYVA,4.0,3.5,0.0708,1,1,1,FINALIZED_WITHIN_C2_LIMIT,0.133833,1.254
3239,2500.0,0.2064,explore,LIU_QUORUM,4.0,8.0,0.0689,1,1,1,FINALIZED_WITHIN_C2_LIMIT,0.121116,1.406
3240,40000.0,0.2062,greedy,ZYZZYVA,4.0,0.5,0.1101,1,1,1,FINALIZED_WITHIN_C2_LIMIT,0.037793,1.219
3241,40000.0,0.206,greedy,ZYZZYVA,4.0,0.5,0.1101,1,1,1,FINALIZED_WITHIN_C2_LIMIT,0.054332,1.239
3242,40000.0,0.2057,greedy,ZYZZYVA,4.0,0.5,0.128,1,1,1,FINALIZED_WITHIN_C2_LIMIT,0.146061,1.309
3243,40000.0,0.2055,greedy,ZYZZYVA,4.0,0.5,0.1295,1,1,1,FINALIZED_WITHIN_C2_LIMIT,0.158454,1.279
3244,40000.0,0.2052,greedy,ZYZZYVA,4.0,0.5,0.1295,1,1,1,FINALIZED_WITHIN_C2_LIMIT,0.048178,1.21
3245,4000.0,0.205,explore,LIU_QUORUM,4.0,5.0,0.1416,1,1,1,FINALIZED_WITHIN_C2_LIMIT,0.035769,1.164
3246,40000.0,0.2047,greedy,ZYZZYVA,4.0,0.5,0.1295,1,1,1,FINALIZED_WITHIN_C2_LIMIT,0.145997,1.364
3247,40000.0,0.2045,greedy,ZYZZYVA,4.0,0.5,0.1295,1,1,1,FINALIZED_WITHIN_C2_LIMIT,0.097691,1.17
3248,13333.333,0.2042,explore,PBFT,4.0,1.5,0.0651,1,1,1,FINALIZED_WITHIN_C2_LIMIT,0.078493,1.213
3249,40000.0,0.204,greedy,ZYZZYVA,4.0,0.5,0.1295,1,1,1,FINALIZED_WITHIN_C2_LIMIT,0.03994,1.083
3250,10000.0,0.2037,explore,LIU_QUORUM,4.0,2.0,0.1582,1,1,1,FINALIZED_WITHIN_C2_LIMIT,0.138662,1.189
3251,2000.0,0.2035,explore,LIU_QUORUM,4.0,10.0,0.0679,1,1,1,FINALIZED_WITHIN_C2_LIMIT,0.106696,1.227
3252,40000.0,0.2033,greedy,ZYZZYVA,4.0,0.5,0.1101,1,1,1,FINALIZED_WITHIN_C2_LIMIT,0.030416,1.276
3253,40000.0,0.203,greedy,ZYZZYVA,4.0,0.5,0.1101,1,1,1,FINALIZED_WITHIN_C2_LIMIT,0.064078,1.271
3254,40000.0,0.2028,greedy,ZYZZYVA,4.0,0.5,0.1295,1,1,1,FINALIZED_WITHIN_C2_LIMIT,0.252892,1.195
3255,40000.0,0.2025,greedy,ZYZZYVA,4.0,0.5,0.1295,1,1,1,FINALIZED_WITHIN_C2_LIMIT,0.236025,1.235
3256,6666.667,0.2023,explore,ZYZZYVA,4.0,3.0,0.0506,1,1,1,FINALIZED_WITHIN_C2_LIMIT,0.037613,1.453
3257,40000.0,0.202,greedy,ZYZZYVA,4.0,0.5,0.1101,1,1,1,FINALIZED_WITHIN_C2_LIMIT,0.125678,1.216
3258,3636.364,0.2018,explore,LIU_QUORUM,4.0,5.5,0.0298,1,1,1,FINALIZED_WITHIN_C2_LIMIT,0.056346,1.233
3259,10000.0,0.2015,explore,PBFT,4.0,2.0,0.1459,1,1,1,FINALIZED_WITHIN_C2_LIMIT,0.208347,1.256
3260,40000.0,0.2013,greedy,ZYZZYVA,4.0,0.5,0.128,1,1,1,FINALIZED_WITHIN_C2_LIMIT,0.220104,1.323
3261,40000.0,0.2011,greedy,ZYZZYVA,4.0,0.5,0.1101,1,1,1,FINALIZED_WITHIN_C2_LIMIT,0.038827,1.232
3262,40000.0,0.2008,greedy,ZYZZYVA,4.0,0.5,0.1059,1,1,1,FINALIZED_WITHIN_C2_LIMIT,0.519935,1.306
3263,40000.0,0.2006,greedy,ZYZZYVA,4.0,0.5,0.0997,1,1,1,FINALIZED_WITHIN_C2_LIMIT,1.086632,1.249
3264,40000.0,0.2003,greedy,ZYZZYVA,4.0,0.5,0.0997,1,1,1,FINALIZED_WITHIN_C2_LIMIT,0.627689,1.511
3265,2000.0,0.2001,explore,ZYZZYVA,4.0,10.0,0.0278,1,1,1,FINALIZED_WITHIN_C2_LIMIT,0.090266,1.12
3266,40000.0,0.1998,greedy,ZYZZYVA,4.0,0.5,0.081,1,1,1,FINALIZED_WITHIN_C2_LIMIT,0.494684,1.21
3267,40000.0,0.1996,greedy,ZYZZYVA,4.0,0.5,0.081,1,1,1,FINALIZED_WITHIN_C2_LIMIT,1.311704,1.417
3268,40000.0,0.1993,greedy,ZYZZYVA,4.0,0.5,0.081,1,1,1,FINALIZED_WITHIN_C2_LIMIT,1.237265,1.22
3269,40000.0,0.1991,greedy,ZYZZYVA,4.0,0.5,0.081,1,1,1,FINALIZED_WITHIN_C2_LIMIT,0.427449,1.182
3270,40000.0,0.1988,greedy,ZYZZYVA,4.0,0.5,0.0906,1,1,1,FINALIZED_WITHIN_C2_LIMIT,0.070479,1.254
3271,40000.0,0.1986,greedy,ZYZZYVA,4.0,0.5,0.0788,1,1,1,FINALIZED_WITHIN_C2_LIMIT,0.252092,1.712
3272,40000.0,0.1984,greedy,ZYZZYVA,4.0,0.5,0.0788,1,1,1,FINALIZED_WITHIN_C2_LIMIT,0.151638,1.41
3273,40000.0,0.1981,greedy,ZYZZYVA,4.0,0.5,0.065,1,1,1,FINALIZED_WITHIN_C2_LIMIT,0.059649,1.294
3274,40000.0,0.1979,greedy,ZYZZYVA,4.0,0.5,0.0762,1,1,1,FINALIZED_WITHIN_C2_LIMIT,0.095563,1.407
3275,40000.0,0.1976,greedy,ZYZZYVA,4.0,0.5,0.0762,1,1,1,FINALIZED_WITHIN_C2_LIMIT,0.03497,1.319
3276,40000.0,0.1974,greedy,ZYZZYVA,4.0,0.5,0.0597,1,1,1,FINALIZED_WITHIN_C2_LIMIT,0.021091,1.259
3277,40000.0,0.1971,greedy,ZYZZYVA,4.0,0.5,0.0597,1,1,1,FINALIZED_WITHIN_C2_LIMIT,0.119411,1.29
3278,40000.0,0.1969,greedy,ZYZZYVA,4.0,0.5,0.0771,1,1,1,FINALIZED_WITHIN_C2_LIMIT,0.035365,1.494
3279,10000.0,0.1966,explore,PBFT,4.0,2.0,0.0787,1,1,1,FINALIZED_WITHIN_C2_LIMIT,0.193163,1.33
3280,3076.923,0.1964,explore,PBFT,4.0,6.5,0.0294,1,1,1,FINALIZED_WITHIN_C2_LIMIT,0.25972,1.313
3281,40000.0,0.1962,greedy,ZYZZYVA,4.0,0.5,0.0906,1,1,1,FINALIZED_WITHIN_C2_LIMIT,0.046774,1.348
3282,40000.0,0.1959,greedy,ZYZZYVA,4.0,0.5,0.0906,1,1,1,FINALIZED_WITHIN_C2_LIMIT,0.368621,1.225
3283,0.0,0.1957,explore,PBFT,4.0,2.5,0.2103,0,1,1,FINALIZED_WITHIN_C2_LIMIT,0.757682,1.364
3284,40000.0,0.1954,greedy,ZYZZYVA,4.0,0.5,0.0906,1,1,1,FINALIZED_WITHIN_C2_LIMIT,0.500561,1.261
3285,10000.0,0.1952,explore,ZYZZYVA,4.0,2.0,0.0288,1,1,1,FINALIZED_WITHIN_C2_LIMIT,0.041933,1.513
3286,40000.0,0.1949,greedy,ZYZZYVA,4.0,0.5,0.081,1,1,1,FINALIZED_WITHIN_C2_LIMIT,0.878805,1.656
3287,2500.0,0.1947,explore,ZYZZYVA,4.0,8.0,0.0362,1,1,1,FINALIZED_WITHIN_C2_LIMIT,1.483243,1.388
3288,40000.0,0.1944,greedy,ZYZZYVA,4.0,0.5,0.0988,1,1,1,FINALIZED_WITHIN_C2_LIMIT,1.374493,1.283
3289,40000.0,0.1942,greedy,ZYZZYVA,4.0,0.5,0.1059,1,1,1,FINALIZED_WITHIN_C2_LIMIT,0.50486,1.303
3290,40000.0,0.1939,greedy,ZYZZYVA,4.0,0.5,0.0997,1,1,1,FINALIZED_WITHIN_C2_LIMIT,0.04465,1.335
3291,40000.0,0.1937,explore,ZYZZYVA,4.0,0.5,0.0679,1,1,1,FINALIZED_WITHIN_C2_LIMIT,0.269125,1.449
3292,40000.0,0.1935,greedy,ZYZZYVA,4.0,0.5,0.0895,1,1,1,FINALIZED_WITHIN_C2_LIMIT,0.136604,1.325
3293,2000.0,0.1932,explore,PBFT,4.0,10.0,0.1459,1,1,1,FINALIZED_WITHIN_C2_LIMIT,0.057329,1.577
3294,40000.0,0.193,greedy,ZYZZYVA,4.0,0.5,0.0899,1,1,1,FINALIZED_WITHIN_C2_LIMIT,0.0758,1.387
3295,3333.333,0.1927,explore,LIU_QUORUM,4.0,6.0,0.0288,1,1,1,FINALIZED_WITHIN_C2_LIMIT,0.070685,1.303
3296,3076.923,0.1925,explore,ZYZZYVA,4.0,6.5,0.0741,1,1,1,FINALIZED_WITHIN_C2_LIMIT,0.045207,1.282
3297,40000.0,0.1922,greedy,ZYZZYVA,4.0,0.5,0.0781,1,1,1,FINALIZED_WITHIN_C2_LIMIT,0.167872,1.326
3298,0.0,0.192,explore,PBFT,4.0,10.0,0.2251,0,1,1,FINALIZED_WITHIN_C2_LIMIT,0.205498,1.322
3299,40000.0,0.1917,greedy,ZYZZYVA,4.0,0.5,0.0781,1,1,1,FINALIZED_WITHIN_C2_LIMIT,0.144839,1.627
3300,40000.0,0.1915,greedy,ZYZZYVA,4.0,0.5,0.0895,1,1,1,FINALIZED_WITHIN_C2_LIMIT,0.218207,1.32
3301,40000.0,0.1913,greedy,ZYZZYVA,4.0,0.5,0.0895,1,1,1,FINALIZED_WITHIN_C2_LIMIT,0.42278,1.803
3302,40000.0,0.191,greedy,ZYZZYVA,4.0,0.5,0.0895,1,1,1,FINALIZED_WITHIN_C2_LIMIT,0.275627,1.367
3303,40000.0,0.1908,greedy,ZYZZYVA,4.0,0.5,0.0895,1,1,1,FINALIZED_WITHIN_C2_LIMIT,0.027732,1.42
3304,3076.923,0.1905,explore,PBFT,4.0,6.5,0.0702,1,1,1,FINALIZED_WITHIN_C2_LIMIT,0.062712,1.393
3305,40000.0,0.1903,greedy,ZYZZYVA,4.0,0.5,0.0895,1,1,1,FINALIZED_WITHIN_C2_LIMIT,0.028064,1.329
3306,40000.0,0.19,greedy,ZYZZYVA,4.0,0.5,0.0986,1,1,1,FINALIZED_WITHIN_C2_LIMIT,0.037357,1.351
3307,40000.0,0.1898,greedy,ZYZZYVA,4.0,0.5,0.1059,1,1,1,FINALIZED_WITHIN_C2_LIMIT,0.047609,1.489
3308,40000.0,0.1895,greedy,ZYZZYVA,4.0,0.5,0.1059,1,1,1,FINALIZED_WITHIN_C2_LIMIT,0.052811,1.346
3309,40000.0,0.1893,greedy,ZYZZYVA,4.0,0.5,0.1148,1,1,1,FINALIZED_WITHIN_C2_LIMIT,0.070393,1.567
3310,40000.0,0.1891,greedy,ZYZZYVA,4.0,0.5,0.1347,1,1,1,FINALIZED_WITHIN_C2_LIMIT,0.03042,1.08
3311,2666.667,0.1888,explore,ZYZZYVA,4.0,7.5,0.0963,1,1,1,FINALIZED_WITHIN_C2_LIMIT,0.268912,1.143
3312,40000.0,0.1886,greedy,ZYZZYVA,4.0,0.5,0.1475,1,1,1,FINALIZED_WITHIN_C2_LIMIT,0.313794,1.377
3313,40000.0,0.1883,greedy,ZYZZYVA,4.0,0.5,0.1487,1,1,1,FINALIZED_WITHIN_C2_LIMIT,0.088561,1.339
3314,40000.0,0.1881,greedy,ZYZZYVA,4.0,0.5,0.1421,1,1,1,FINALIZED_WITHIN_C2_LIMIT,0.295805,1.399
3315,40000.0,0.1878,greedy,ZYZZYVA,4.0,0.5,0.1421,1,1,1,FINALIZED_WITHIN_C2_LIMIT,0.73324,1.321
3316,40000.0,0.1876,greedy,ZYZZYVA,4.0,0.5,0.1421,1,1,1,FINALIZED_WITHIN_C2_LIMIT,0.480235,1.413
3317,40000.0,0.1873,greedy,ZYZZYVA,4.0,0.5,0.1421,1,1,1,FINALIZED_WITHIN_C2_LIMIT,0.040832,1.169
3318,5714.286,0.1871,explore,ZYZZYVA,4.0,3.5,0.0506,1,1,1,FINALIZED_WITHIN_C2_LIMIT,0.361645,1.611
3319,40000.0,0.1868,greedy,ZYZZYVA,4.0,0.5,0.1421,1,1,1,FINALIZED_WITHIN_C2_LIMIT,0.578456,1.428
3320,40000.0,0.1866,greedy,ZYZZYVA,4.0,0.5,0.1421,1,1,1,FINALIZED_WITHIN_C2_LIMIT,0.348766,1.395
3321,40000.0,0.1864,greedy,ZYZZYVA,4.0,0.5,0.1421,1,1,1,FINALIZED_WITHIN_C2_LIMIT,0.039804,1.372
3322,40000.0,0.1861,greedy,ZYZZYVA,4.0,0.5,0.1421,1,1,1,FINALIZED_WITHIN_C2_LIMIT,0.063139,1.336
3323,40000.0,0.1859,greedy,ZYZZYVA,4.0,0.5,0.1421,1,1,1,FINALIZED_WITHIN_C2_LIMIT,0.030974,1.325
3324,40000.0,0.1856,greedy,ZYZZYVA,4.0,0.5,0.1421,1,1,1,FINALIZED_WITHIN_C2_LIMIT,0.036082,1.359
3325,40000.0,0.1854,greedy,ZYZZYVA,4.0,0.5,0.1421,1,1,1,FINALIZED_WITHIN_C2_LIMIT,0.073528,1.437
3326,40000.0,0.1851,greedy,ZYZZYVA,4.0,0.5,0.1421,1,1,1,FINALIZED_WITHIN_C2_LIMIT,0.036171,1.448
3327,40000.0,0.1849,greedy,ZYZZYVA,4.0,0.5,0.1421,1,1,1,FINALIZED_WITHIN_C2_LIMIT,0.22408,1.365
3328,40000.0,0.1846,greedy,ZYZZYVA,4.0,0.5,0.1421,1,1,1,FINALIZED_WITHIN_C2_LIMIT,0.368459,1.382
3329,40000.0,0.1844,greedy,ZYZZYVA,4.0,0.5,0.1487,1,1,1,FINALIZED_WITHIN_C2_LIMIT,0.093857,1.454
3330,40000.0,0.1842,greedy,ZYZZYVA,4.0,0.5,0.1487,1,1,1,FINALIZED_WITHIN_C2_LIMIT,0.192347,1.404
3331,40000.0,0.1839,greedy,ZYZZYVA,4.0,0.5,0.1487,1,1,1,FINALIZED_WITHIN_C2_LIMIT,0.448655,1.28
3332,3333.333,0.1837,explore,ZYZZYVA,4.0,6.0,0.0288,1,1,1,FINALIZED_WITHIN_C2_LIMIT,0.195071,1.339
3333,40000.0,0.1834,greedy,ZYZZYVA,4.0,0.5,0.1487,1,1,1,FINALIZED_WITHIN_C2_LIMIT,0.058611,1.453
3334,40000.0,0.1832,greedy,ZYZZYVA,4.0,0.5,0.1421,1,1,1,FINALIZED_WITHIN_C2_LIMIT,0.123247,1.291
3335,40000.0,0.1829,greedy,ZYZZYVA,4.0,0.5,0.1421,1,1,1,FINALIZED_WITHIN_C2_LIMIT,0.058926,1.351
3336,40000.0,0.1827,greedy,ZYZZYVA,4.0,0.5,0.1487,1,1,1,FINALIZED_WITHIN_C2_LIMIT,0.306494,1.411
3337,40000.0,0.1824,greedy,ZYZZYVA,4.0,0.5,0.1475,1,1,1,FINALIZED_WITHIN_C2_LIMIT,0.573811,1.256
3338,40000.0,0.1822,greedy,ZYZZYVA,4.0,0.5,0.1475,1,1,1,FINALIZED_WITHIN_C2_LIMIT,0.315352,1.226
3339,0.0,0.1819,explore,ZYZZYVA,4.0,6.0,0.2251,0,1,1,FINALIZED_WITHIN_C2_LIMIT,0.039543,1.292
3340,40000.0,0.1817,greedy,ZYZZYVA,4.0,0.5,0.1421,1,1,1,FINALIZED_WITHIN_C2_LIMIT,0.103795,1.227
3341,40000.0,0.1815,greedy,ZYZZYVA,4.0,0.5,0.1347,1,1,1,FINALIZED_WITHIN_C2_LIMIT,0.03339,1.377
3342,40000.0,0.1812,greedy,ZYZZYVA,4.0,0.5,0.1347,1,1,1,FINALIZED_WITHIN_C2_LIMIT,0.030566,1.313
3343,40000.0,0.181,greedy,ZYZZYVA,4.0,0.5,0.1347,1,1,1,FINALIZED_WITHIN_C2_LIMIT,0.092244,1.261
3344,40000.0,0.1807,greedy,ZYZZYVA,4.0,0.5,0.1347,1,1,1,FINALIZED_WITHIN_C2_LIMIT,0.078153,1.236
3345,40000.0,0.1805,greedy,ZYZZYVA,4.0,0.5,0.1347,1,1,1,FINALIZED_WITHIN_C2_LIMIT,0.106129,1.368
3346,40000.0,0.1802,greedy,ZYZZYVA,4.0,0.5,0.1475,1,1,1,FINALIZED_WITHIN_C2_LIMIT,0.148613,1.196
3347,40000.0,0.18,greedy,ZYZZYVA,4.0,0.5,0.1421,1,1,1,FINALIZED_WITHIN_C2_LIMIT,0.040014,1.207
3348,13333.333,0.1797,explore,LIU_QUORUM,4.0,1.5,0.0787,1,1,1,FINALIZED_WITHIN_C2_LIMIT,0.045893,1.147
3349,40000.0,0.1795,greedy,ZYZZYVA,4.0,0.5,0.1347,1,1,1,FINALIZED_WITHIN_C2_LIMIT,0.040138,1.295
3350,40000.0,0.1793,greedy,ZYZZYVA,4.0,0.5,0.1347,1,1,1,FINALIZED_WITHIN_C2_LIMIT,0.068368,1.356
3351,2500.0,0.179,explore,PBFT,4.0,8.0,0.0298,1,1,1,FINALIZED_WITHIN_C2_LIMIT,0.034039,1.437
3352,40000.0,0.1788,greedy,ZYZZYVA,4.0,0.5,0.1332,1,1,1,FINALIZED_WITHIN_C2_LIMIT,0.206502,1.377
3353,40000.0,0.1785,greedy,ZYZZYVA,4.0,0.5,0.1332,1,1,1,FINALIZED_WITHIN_C2_LIMIT,0.247217,1.386
3354,40000.0,0.1783,greedy,ZYZZYVA,4.0,0.5,0.1332,1,1,1,FINALIZED_WITHIN_C2_LIMIT,0.031409,1.483
3355,40000.0,0.178,greedy,ZYZZYVA,4.0,0.5,0.1163,1,1,1,FINALIZED_WITHIN_C2_LIMIT,0.41174,1.267
3356,40000.0,0.1778,greedy,ZYZZYVA,4.0,0.5,0.1163,1,1,1,FINALIZED_WITHIN_C2_LIMIT,0.95086,1.377
3357,2105.263,0.1775,explore,LIU_QUORUM,4.0,9.5,0.1141,1,1,1,FINALIZED_WITHIN_C2_LIMIT,0.675155,1.644
3358,40000.0,0.1773,greedy,ZYZZYVA,4.0,0.5,0.1163,1,1,1,FINALIZED_WITHIN_C2_LIMIT,0.09788,1.454
3359,40000.0,0.177,greedy,ZYZZYVA,4.0,0.5,0.1059,1,1,1,FINALIZED_WITHIN_C2_LIMIT,0.336941,1.387
3360,40000.0,0.1768,greedy,ZYZZYVA,4.0,0.5,0.1059,1,1,1,FINALIZED_WITHIN_C2_LIMIT,0.915716,1.323
3361,40000.0,0.1766,greedy,ZYZZYVA,4.0,0.5,0.1059,1,1,1,FINALIZED_WITHIN_C2_LIMIT,0.678182,1.315
3362,40000.0,0.1763,greedy,ZYZZYVA,4.0,0.5,0.1059,1,1,1,FINALIZED_WITHIN_C2_LIMIT,0.211919,1.328
3363,40000.0,0.1761,greedy,ZYZZYVA,4.0,0.5,0.1162,1,1,1,FINALIZED_WITHIN_C2_LIMIT,0.205923,1.277
3364,40000.0,0.1758,greedy,ZYZZYVA,4.0,0.5,0.1253,1,1,1,FINALIZED_WITHIN_C2_LIMIT,0.597293,1.292
3365,40000.0,0.1756,greedy,ZYZZYVA,4.0,0.5,0.1253,1,1,1,FINALIZED_WITHIN_C2_LIMIT,0.429453,1.248
3366,40000.0,0.1753,greedy,ZYZZYVA,4.0,0.5,0.1253,1,1,1,FINALIZED_WITHIN_C2_LIMIT,0.04899,1.262
3367,40000.0,0.1751,greedy,ZYZZYVA,4.0,0.5,0.1162,1,1,1,FINALIZED_WITHIN_C2_LIMIT,0.40926,1.329
3368,4000.0,0.1748,explore,ZYZZYVA,4.0,5.0,0.0282,1,1,1,FINALIZED_WITHIN_C2_LIMIT,0.893761,1.384
3369,40000.0,0.1746,greedy,ZYZZYVA,4.0,0.5,0.1253,1,1,1,FINALIZED_WITHIN_C2_LIMIT,0.782041,1.27
3370,40000.0,0.1744,greedy,ZYZZYVA,4.0,0.5,0.1253,1,1,1,FINALIZED_WITHIN_C2_LIMIT,0.187301,1.726
3371,40000.0,0.1741,greedy,ZYZZYVA,4.0,0.5,0.1421,1,1,1,FINALIZED_WITHIN_C2_LIMIT,0.262362,1.392
3372,40000.0,0.1739,greedy,ZYZZYVA,4.0,0.5,0.1421,1,1,1,FINALIZED_WITHIN_C2_LIMIT,0.603058,1.56
3373,5714.286,0.1736,explore,PBFT,4.0,3.5,0.0739,1,1,1,FINALIZED_WITHIN_C2_LIMIT,0.577548,1.395
3374,40000.0,0.1734,greedy,ZYZZYVA,4.0,0.5,0.1421,1,1,1,FINALIZED_WITHIN_C2_LIMIT,0.100976,1.435
3375,40000.0,0.1731,explore,LIU_QUORUM,4.0,0.5,0.0298,1,1,1,FINALIZED_WITHIN_C2_LIMIT,0.287199,1.266
3376,40000.0,0.1729,greedy,ZYZZYVA,4.0,0.5,0.1347,1,1,1,FINALIZED_WITHIN_C2_LIMIT,0.716216,1.366
3377,40000.0,0.1726,greedy,ZYZZYVA,4.0,0.5,0.1421,1,1,1,FINALIZED_WITHIN_C2_LIMIT,0.591781,1.338
3378,40000.0,0.1724,greedy,ZYZZYVA,4.0,0.5,0.1421,1,1,1,FINALIZED_WITHIN_C2_LIMIT,0.08848,1.315
3379,40000.0,0.1721,greedy,ZYZZYVA,4.0,0.5,0.1421,1,1,1,FINALIZED_WITHIN_C2_LIMIT,0.302193,1.301
3380,40000.0,0.1719,greedy,ZYZZYVA,4.0,0.5,0.1421,1,1,1,FINALIZED_WITHIN_C2_LIMIT,0.755382,1.423
3381,40000.0,0.1717,greedy,ZYZZYVA,4.0,0.5,0.1459,1,1,1,FINALIZED_WITHIN_C2_LIMIT,0.64491,1.51
3382,40000.0,0.1714,greedy,ZYZZYVA,4.0,0.5,0.1459,1,1,1,FINALIZED_WITHIN_C2_LIMIT,0.152691,1.52
3383,40000.0,0.1712,greedy,ZYZZYVA,4.0,0.5,0.1459,1,1,1,FINALIZED_WITHIN_C2_LIMIT,0.230416,1.357
3384,40000.0,0.1709,greedy,ZYZZYVA,4.0,0.5,0.1459,1,1,1,FINALIZED_WITHIN_C2_LIMIT,0.583315,1.642
3385,40000.0,0.1707,greedy,ZYZZYVA,4.0,0.5,0.1459,1,1,1,FINALIZED_WITHIN_C2_LIMIT,0.454278,1.665
3386,40000.0,0.1704,greedy,ZYZZYVA,4.0,0.5,0.1459,1,1,1,FINALIZED_WITHIN_C2_LIMIT,0.068724,1.387
3387,40000.0,0.1702,greedy,ZYZZYVA,4.0,0.5,0.1459,1,1,1,FINALIZED_WITHIN_C2_LIMIT,0.431232,1.251
3388,40000.0,0.1699,greedy,ZYZZYVA,4.0,0.5,0.1459,1,1,1,FINALIZED_WITHIN_C2_LIMIT,0.997478,1.437
3389,40000.0,0.1697,greedy,ZYZZYVA,4.0,0.5,0.1459,1,1,1,FINALIZED_WITHIN_C2_LIMIT,0.767787,1.449
3390,40000.0,0.1694,greedy,ZYZZYVA,4.0,0.5,0.1459,1,1,1,FINALIZED_WITHIN_C2_LIMIT,0.1861,1.689
3391,40000.0,0.1692,greedy,ZYZZYVA,4.0,0.5,0.1459,1,1,1,FINALIZED_WITHIN_C2_LIMIT,0.142789,1.407
3392,40000.0,0.169,greedy,ZYZZYVA,4.0,0.5,0.1459,1,1,1,FINALIZED_WITHIN_C2_LIMIT,0.490293,1.594
3393,40000.0,0.1687,greedy,ZYZZYVA,4.0,0.5,0.1459,1,1,1,FINALIZED_WITHIN_C2_LIMIT,0.449599,1.5
3394,3076.923,0.1685,explore,ZYZZYVA,4.0,6.5,0.0768,1,1,1,FINALIZED_WITHIN_C2_LIMIT,0.042221,1.336
3395,40000.0,0.1682,greedy,ZYZZYVA,4.0,0.5,0.1459,1,1,1,FINALIZED_WITHIN_C2_LIMIT,0.459782,1.467
3396,40000.0,0.168,greedy,ZYZZYVA,4.0,0.5,0.1459,1,1,1,FINALIZED_WITHIN_C2_LIMIT,1.057076,1.28
3397,40000.0,0.1677,greedy,ZYZZYVA,4.0,0.5,0.1459,1,1,1,FINALIZED_WITHIN_C2_LIMIT,0.874678,1.333
3398,40000.0,0.1675,greedy,ZYZZYVA,4.0,0.5,0.1459,1,1,1,FINALIZED_WITHIN_C2_LIMIT,0.254353,1.229
3399,2352.941,0.1672,explore,LIU_QUORUM,4.0,8.5,0.0758,1,1,1,FINALIZED_WITHIN_C2_LIMIT,0.114089,1.336
3400,40000.0,0.167,greedy,ZYZZYVA,4.0,0.5,0.1459,1,1,1,FINALIZED_WITHIN_C2_LIMIT,0.372566,1.271
3401,40000.0,0.1668,greedy,ZYZZYVA,4.0,0.5,0.1459,1,1,1,FINALIZED_WITHIN_C2_LIMIT,0.256832,1.444
3402,40000.0,0.1665,greedy,ZYZZYVA,4.0,0.5,0.1459,1,1,1,FINALIZED_WITHIN_C2_LIMIT,0.051758,1.44
3403,40000.0,0.1663,greedy,ZYZZYVA,4.0,0.5,0.1459,1,1,1,FINALIZED_WITHIN_C2_LIMIT,0.718714,1.172
3404,40000.0,0.166,greedy,ZYZZYVA,4.0,0.5,0.1459,1,1,1,FINALIZED_WITHIN_C2_LIMIT,1.368038,1.34
3405,40000.0,0.1658,greedy,ZYZZYVA,4.0,0.5,0.1459,1,1,1,FINALIZED_WITHIN_C2_LIMIT,1.226158,1.418
3406,40000.0,0.1655,explore,LIU_QUORUM,4.0,0.5,0.0769,1,1,1,FINALIZED_WITHIN_C2_LIMIT,0.370331,1.312
3407,40000.0,0.1653,greedy,ZYZZYVA,4.0,0.5,0.1347,1,1,1,FINALIZED_WITHIN_C2_LIMIT,0.048146,1.25
3408,0.0,0.165,explore,LIU_QUORUM,4.0,10.0,0.2251,0,1,1,FINALIZED_WITHIN_C2_LIMIT,0.245101,1.277
3409,40000.0,0.1648,greedy,ZYZZYVA,4.0,0.5,0.1347,1,1,1,FINALIZED_WITHIN_C2_LIMIT,0.126777,1.441
3410,40000.0,0.1645,greedy,ZYZZYVA,4.0,0.5,0.1347,1,1,1,FINALIZED_WITHIN_C2_LIMIT,0.03121,1.333
3411,40000.0,0.1643,greedy,ZYZZYVA,4.0,0.5,0.1459,1,1,1,FINALIZED_WITHIN_C2_LIMIT,0.051602,1.363
3412,40000.0,0.1641,greedy,ZYZZYVA,4.0,0.5,0.1459,1,1,1,FINALIZED_WITHIN_C2_LIMIT,0.063261,1.272
3413,0.0,0.1638,explore,ZYZZYVA,4.0,1.0,0.2251,0,1,1,FINALIZED_WITHIN_C2_LIMIT,0.037212,1.253
3414,40000.0,0.1636,greedy,ZYZZYVA,4.0,0.5,0.1459,1,1,1,FINALIZED_WITHIN_C2_LIMIT,0.110473,1.243
3415,40000.0,0.1633,greedy,ZYZZYVA,4.0,0.5,0.1459,1,1,1,FINALIZED_WITHIN_C2_LIMIT,0.11707,1.215
3416,40000.0,0.1631,greedy,ZYZZYVA,4.0,0.5,0.1459,1,1,1,FINALIZED_WITHIN_C2_LIMIT,0.046339,1.301
3417,40000.0,0.1628,greedy,ZYZZYVA,4.0,0.5,0.1459,1,1,1,FINALIZED_WITHIN_C2_LIMIT,0.024197,1.24
3418,40000.0,0.1626,greedy,ZYZZYVA,4.0,0.5,0.1421,1,1,1,FINALIZED_WITHIN_C2_LIMIT,0.15104,1.324
3419,40000.0,0.1623,greedy,ZYZZYVA,4.0,0.5,0.1421,1,1,1,FINALIZED_WITHIN_C2_LIMIT,0.110848,1.216
3420,40000.0,0.1621,greedy,ZYZZYVA,4.0,0.5,0.1213,1,1,1,FINALIZED_WITHIN_C2_LIMIT,0.046314,1.388
3421,40000.0,0.1619,greedy,ZYZZYVA,4.0,0.5,0.1162,1,1,1,FINALIZED_WITHIN_C2_LIMIT,0.064587,1.373
3422,40000.0,0.1616,explore,LIU_QUORUM,4.0,0.5,0.0786,1,1,1,FINALIZED_WITHIN_C2_LIMIT,0.083182,1.391
3423,40000.0,0.1614,greedy,ZYZZYVA,4.0,0.5,0.1213,1,1,1,FINALIZED_WITHIN_C2_LIMIT,0.079361,1.473
3424,40000.0,0.1611,greedy,ZYZZYVA,4.0,0.5,0.1213,1,1,1,FINALIZED_WITHIN_C2_LIMIT,0.041445,1.305
3425,40000.0,0.1609,greedy,ZYZZYVA,4.0,0.5,0.1213,1,1,1,FINALIZED_WITHIN_C2_LIMIT,0.043862,1.465
3426,40000.0,0.1606,greedy,ZYZZYVA,4.0,0.5,0.1347,1,1,1,FINALIZED_WITHIN_C2_LIMIT,0.095997,1.213
3427,40000.0,0.1604,greedy,ZYZZYVA,4.0,0.5,0.1253,1,1,1,FINALIZED_WITHIN_C2_LIMIT,0.132173,1.239
3428,40000.0,0.1601,greedy,ZYZZYVA,4.0,0.5,0.1253,1,1,1,FINALIZED_WITHIN_C2_LIMIT,0.057725,1.373
3429,40000.0,0.1599,greedy,ZYZZYVA,4.0,0.5,0.1253,1,1,1,FINALIZED_WITHIN_C2_LIMIT,0.036473,1.545
3430,40000.0,0.1596,greedy,ZYZZYVA,4.0,0.5,0.1253,1,1,1,FINALIZED_WITHIN_C2_LIMIT,0.160124,1.446
3431,40000.0,0.1594,greedy,ZYZZYVA,4.0,0.5,0.1253,1,1,1,FINALIZED_WITHIN_C2_LIMIT,0.088698,1.242
3432,40000.0,0.1592,greedy,ZYZZYVA,4.0,0.5,0.1253,1,1,1,FINALIZED_WITHIN_C2_LIMIT,0.064073,1.305
3433,40000.0,0.1589,greedy,ZYZZYVA,4.0,0.5,0.1253,1,1,1,FINALIZED_WITHIN_C2_LIMIT,0.056978,1.329
3434,40000.0,0.1587,greedy,ZYZZYVA,4.0,0.5,0.1253,1,1,1,FINALIZED_WITHIN_C2_LIMIT,0.093324,1.297
3435,40000.0,0.1584,greedy,ZYZZYVA,4.0,0.5,0.1366,1,1,1,FINALIZED_WITHIN_C2_LIMIT,0.062995,1.495
3436,40000.0,0.1582,greedy,ZYZZYVA,4.0,0.5,0.1347,1,1,1,FINALIZED_WITHIN_C2_LIMIT,0.06685,1.369
3437,40000.0,0.1579,greedy,ZYZZYVA,4.0,0.5,0.1347,1,1,1,FINALIZED_WITHIN_C2_LIMIT,0.05885,1.426
3438,40000.0,0.1577,greedy,ZYZZYVA,4.0,0.5,0.1421,1,1,1,FINALIZED_WITHIN_C2_LIMIT,0.077601,1.385
3439,40000.0,0.1574,greedy,ZYZZYVA,4.0,0.5,0.1421,1,1,1,FINALIZED_WITHIN_C2_LIMIT,0.081479,1.433
3440,5000.0,0.1572,explore,PBFT,4.0,4.0,0.0668,1,1,1,FINALIZED_WITHIN_C2_LIMIT,0.119282,1.429
3441,40000.0,0.157,greedy,ZYZZYVA,4.0,0.5,0.1347,1,1,1,FINALIZED_WITHIN_C2_LIMIT,0.069458,1.321
3442,40000.0,0.1567,greedy,ZYZZYVA,4.0,0.5,0.1347,1,1,1,FINALIZED_WITHIN_C2_LIMIT,0.0496,1.285
3443,40000.0,0.1565,greedy,ZYZZYVA,4.0,0.5,0.1347,1,1,1,FINALIZED_WITHIN_C2_LIMIT,0.035098,1.358
3444,40000.0,0.1562,greedy,ZYZZYVA,4.0,0.5,0.1347,1,1,1,FINALIZED_WITHIN_C2_LIMIT,0.109374,1.278
3445,40000.0,0.156,greedy,ZYZZYVA,4.0,0.5,0.1347,1,1,1,FINALIZED_WITHIN_C2_LIMIT,0.117349,1.319
3446,40000.0,0.1557,greedy,ZYZZYVA,4.0,0.5,0.1347,1,1,1,FINALIZED_WITHIN_C2_LIMIT,0.061487,1.341
3447,3333.333,0.1555,explore,LIU_QUORUM,4.0,6.0,0.0779,1,1,1,FINALIZED_WITHIN_C2_LIMIT,0.039609,1.509
3448,40000.0,0.1552,greedy,ZYZZYVA,4.0,0.5,0.1347,1,1,1,FINALIZED_WITHIN_C2_LIMIT,0.085492,1.306
3449,40000.0,0.155,greedy,ZYZZYVA,4.0,0.5,0.1347,1,1,1,FINALIZED_WITHIN_C2_LIMIT,0.089109,1.259
3450,40000.0,0.1547,greedy,ZYZZYVA,4.0,0.5,0.1347,1,1,1,FINALIZED_WITHIN_C2_LIMIT,0.053388,1.3
3451,40000.0,0.1545,greedy,ZYZZYVA,4.0,0.5,0.1347,1,1,1,FINALIZED_WITHIN_C2_LIMIT,0.047283,1.483
3452,40000.0,0.1543,greedy,ZYZZYVA,4.0,0.5,0.1347,1,1,1,FINALIZED_WITHIN_C2_LIMIT,0.086784,1.313
3453,40000.0,0.154,greedy,ZYZZYVA,4.0,0.5,0.1347,1,1,1,FINALIZED_WITHIN_C2_LIMIT,0.07537,1.261
3454,13333.333,0.1538,explore,ZYZZYVA,4.0,1.5,0.0786,1,1,1,FINALIZED_WITHIN_C2_LIMIT,0.075548,1.324
3455,40000.0,0.1535,greedy,ZYZZYVA,4.0,0.5,0.1347,1,1,1,FINALIZED_WITHIN_C2_LIMIT,0.054215,1.493
3456,40000.0,0.1533,greedy,ZYZZYVA,4.0,0.5,0.1347,1,1,1,FINALIZED_WITHIN_C2_LIMIT,0.069476,1.368
3457,40000.0,0.153,greedy,ZYZZYVA,4.0,0.5,0.1347,1,1,1,FINALIZED_WITHIN_C2_LIMIT,0.059554,1.26
3458,40000.0,0.1528,greedy,ZYZZYVA,4.0,0.5,0.1347,1,1,1,FINALIZED_WITHIN_C2_LIMIT,0.065013,1.365
3459,40000.0,0.1525,greedy,ZYZZYVA,4.0,0.5,0.1347,1,1,1,FINALIZED_WITHIN_C2_LIMIT,0.07811,1.463
3460,40000.0,0.1523,greedy,ZYZZYVA,4.0,0.5,0.1347,1,1,1,FINALIZED_WITHIN_C2_LIMIT,0.088043,2.026
3461,40000.0,0.1521,greedy,ZYZZYVA,4.0,0.5,0.1347,1,1,1,FINALIZED_WITHIN_C2_LIMIT,0.0984,1.986
3462,40000.0,0.1518,greedy,ZYZZYVA,4.0,0.5,0.1347,1,1,1,FINALIZED_WITHIN_C2_LIMIT,0.066226,1.871
3463,40000.0,0.1516,greedy,ZYZZYVA,4.0,0.5,0.1347,1,1,1,FINALIZED_WITHIN_C2_LIMIT,0.056219,2.087
3464,40000.0,0.1513,greedy,ZYZZYVA,4.0,0.5,0.1347,1,1,1,FINALIZED_WITHIN_C2_LIMIT,0.072115,1.851
3465,13333.333,0.1511,explore,LIU_QUORUM,4.0,1.5,0.068,1,1,1,FINALIZED_WITHIN_C2_LIMIT,0.077646,1.579
3466,5714.286,0.1508,explore,ZYZZYVA,4.0,3.5,0.0308,1,1,1,FINALIZED_WITHIN_C2_LIMIT,0.055477,2.0
3467,40000.0,0.1506,greedy,ZYZZYVA,4.0,0.5,0.1421,1,1,1,FINALIZED_WITHIN_C2_LIMIT,0.036712,1.633
3468,40000.0,0.1503,greedy,ZYZZYVA,4.0,0.5,0.1475,1,1,1,FINALIZED_WITHIN_C2_LIMIT,0.099963,1.565
3469,40000.0,0.1501,greedy,ZYZZYVA,4.0,0.5,0.1487,1,1,1,FINALIZED_WITHIN_C2_LIMIT,0.060712,1.553
3470,40000.0,0.1498,greedy,ZYZZYVA,4.0,0.5,0.1421,1,1,1,FINALIZED_WITHIN_C2_LIMIT,0.056313,1.833
3471,20000.0,0.1496,explore,ZYZZYVA,4.0,1.0,0.1723,1,1,1,FINALIZED_WITHIN_C2_LIMIT,0.041487,1.445
3472,40000.0,0.1494,greedy,ZYZZYVA,4.0,0.5,0.1487,1,1,1,FINALIZED_WITHIN_C2_LIMIT,0.080976,1.419
3473,40000.0,0.1491,greedy,ZYZZYVA,4.0,0.5,0.1487,1,1,1,FINALIZED_WITHIN_C2_LIMIT,0.052429,1.472
3474,40000.0,0.1489,greedy,ZYZZYVA,4.0,0.5,0.1347,1,1,1,FINALIZED_WITHIN_C2_LIMIT,0.062009,1.583
3475,40000.0,0.1486,greedy,ZYZZYVA,4.0,0.5,0.1347,1,1,1,FINALIZED_WITHIN_C2_LIMIT,0.066478,1.451
3476,13333.333,0.1484,explore,LIU_QUORUM,4.0,1.5,0.0278,1,1,1,FINALIZED_WITHIN_C2_LIMIT,0.104901,1.658
3477,40000.0,0.1481,greedy,ZYZZYVA,4.0,0.5,0.1347,1,1,1,FINALIZED_WITHIN_C2_LIMIT,0.073048,1.707
3478,40000.0,0.1479,greedy,ZYZZYVA,4.0,0.5,0.1347,1,1,1,FINALIZED_WITHIN_C2_LIMIT,0.055088,1.518
3479,3636.364,0.1476,explore,LIU_QUORUM,4.0,5.5,0.1001,1,1,1,FINALIZED_WITHIN_C2_LIMIT,0.105676,1.67
3480,40000.0,0.1474,greedy,ZYZZYVA,4.0,0.5,0.1347,1,1,1,FINALIZED_WITHIN_C2_LIMIT,0.078648,1.71
3481,40000.0,0.1472,greedy,ZYZZYVA,4.0,0.5,0.1347,1,1,1,FINALIZED_WITHIN_C2_LIMIT,0.065184,1.442
3482,40000.0,0.1469,greedy,ZYZZYVA,4.0,0.5,0.1347,1,1,1,FINALIZED_WITHIN_C2_LIMIT,0.049678,1.331
3483,40000.0,0.1467,greedy,ZYZZYVA,4.0,0.5,0.1347,1,1,1,FINALIZED_WITHIN_C2_LIMIT,0.060757,1.669
3484,40000.0,0.1464,greedy,ZYZZYVA,4.0,0.5,0.1347,1,1,1,FINALIZED_WITHIN_C2_LIMIT,0.06323,1.809
3485,40000.0,0.1462,greedy,ZYZZYVA,4.0,0.5,0.1347,1,1,1,FINALIZED_WITHIN_C2_LIMIT,0.062852,1.781
3486,40000.0,0.1459,greedy,ZYZZYVA,4.0,0.5,0.1347,1,1,1,FINALIZED_WITHIN_C2_LIMIT,0.083906,1.434
3487,40000.0,0.1457,greedy,ZYZZYVA,4.0,0.5,0.1347,1,1,1,FINALIZED_WITHIN_C2_LIMIT,0.041273,1.347
3488,40000.0,0.1454,greedy,ZYZZYVA,4.0,0.5,0.1347,1,1,1,FINALIZED_WITHIN_C2_LIMIT,0.093444,1.439
3489,40000.0,0.1452,greedy,ZYZZYVA,4.0,0.5,0.1347,1,1,1,FINALIZED_WITHIN_C2_LIMIT,0.101558,1.657
3490,40000.0,0.1449,greedy,ZYZZYVA,4.0,0.5,0.1347,1,1,1,FINALIZED_WITHIN_C2_LIMIT,0.040206,1.705
3491,40000.0,0.1447,greedy,ZYZZYVA,4.0,0.5,0.1421,1,1,1,FINALIZED_WITHIN_C2_LIMIT,0.056695,1.485
3492,40000.0,0.1445,greedy,ZYZZYVA,4.0,0.5,0.1421,1,1,1,FINALIZED_WITHIN_C2_LIMIT,0.113517,1.606
3493,2352.941,0.1442,explore,ZYZZYVA,4.0,8.5,0.0668,1,1,1,FINALIZED_WITHIN_C2_LIMIT,0.095971,1.421
3494,40000.0,0.144,greedy,ZYZZYVA,4.0,0.5,0.1347,1,1,1,FINALIZED_WITHIN_C2_LIMIT,0.125835,1.415
3495,40000.0,0.1437,greedy,ZYZZYVA,4.0,0.5,0.1347,1,1,1,FINALIZED_WITHIN_C2_LIMIT,0.046751,1.581
3496,40000.0,0.1435,greedy,ZYZZYVA,4.0,0.5,0.1163,1,1,1,FINALIZED_WITHIN_C2_LIMIT,0.108041,1.662
3497,40000.0,0.1432,greedy,ZYZZYVA,4.0,0.5,0.1059,1,1,1,FINALIZED_WITHIN_C2_LIMIT,0.080323,1.566
3498,40000.0,0.143,greedy,ZYZZYVA,4.0,0.5,0.1163,1,1,1,FINALIZED_WITHIN_C2_LIMIT,0.070221,1.656
3499,40000.0,0.1427,greedy,ZYZZYVA,4.0,0.5,0.1163,1,1,1,FINALIZED_WITHIN_C2_LIMIT,0.093393,1.496
3500,40000.0,0.1425,greedy,ZYZZYVA,4.0,0.5,0.1163,1,1,1,FINALIZED_WITHIN_C2_LIMIT,0.038039,1.986
3501,40000.0,0.1423,greedy,ZYZZYVA,4.0,0.5,0.1163,1,1,1,FINALIZED_WITHIN_C2_LIMIT,0.044699,2.055
3502,40000.0,0.142,greedy,ZYZZYVA,4.0,0.5,0.1163,1,1,1,FINALIZED_WITHIN_C2_LIMIT,0.209543,1.694
3503,40000.0,0.1418,greedy,ZYZZYVA,4.0,0.5,0.1163,1,1,1,FINALIZED_WITHIN_C2_LIMIT,0.192614,1.544
3504,40000.0,0.1415,greedy,ZYZZYVA,4.0,0.5,0.1347,1,1,1,FINALIZED_WITHIN_C2_LIMIT,0.024894,1.693
3505,0.0,0.1413,explore,PBFT,4.0,10.0,0.2536,0,1,1,FINALIZED_WITHIN_C2_LIMIT,0.46218,1.86
3506,40000.0,0.141,greedy,ZYZZYVA,4.0,0.5,0.1421,1,1,1,FINALIZED_WITHIN_C2_LIMIT,0.765548,1.891
3507,40000.0,0.1408,greedy,ZYZZYVA,4.0,0.5,0.1421,1,1,1,FINALIZED_WITHIN_C2_LIMIT,0.557213,1.682
3508,40000.0,0.1405,greedy,ZYZZYVA,4.0,0.5,0.1421,1,1,1,FINALIZED_WITHIN_C2_LIMIT,0.081113,1.928
3509,40000.0,0.1403,greedy,ZYZZYVA,4.0,0.5,0.1475,1,1,1,FINALIZED_WITHIN_C2_LIMIT,0.428385,1.975
3510,2857.143,0.1401,explore,PBFT,4.0,7.0,0.1284,1,1,1,FINALIZED_WITHIN_C2_LIMIT,1.045931,1.885
3511,40000.0,0.1398,greedy,ZYZZYVA,4.0,0.5,0.1487,1,1,1,FINALIZED_WITHIN_C2_LIMIT,0.878792,1.996
3512,40000.0,0.1396,greedy,ZYZZYVA,4.0,0.5,0.1421,1,1,1,FINALIZED_WITHIN_C2_LIMIT,0.253516,2.087
3513,40000.0,0.1393,greedy,ZYZZYVA,4.0,0.5,0.1421,1,1,1,FINALIZED_WITHIN_C2_LIMIT,0.094595,1.722
3514,40000.0,0.1391,greedy,ZYZZYVA,4.0,0.5,0.1421,1,1,1,FINALIZED_WITHIN_C2_LIMIT,0.368208,1.77
3515,4444.444,0.1388,explore,LIU_QUORUM,4.0,4.5,0.1723,1,1,1,FINALIZED_WITHIN_C2_LIMIT,0.283348,1.705
3516,40000.0,0.1386,greedy,ZYZZYVA,4.0,0.5,0.1366,1,1,1,FINALIZED_WITHIN_C2_LIMIT,0.028508,1.959
3517,3076.923,0.1383,explore,ZYZZYVA,4.0,6.5,0.0668,1,1,1,FINALIZED_WITHIN_C2_LIMIT,0.451996,1.547
3518,40000.0,0.1381,greedy,ZYZZYVA,4.0,0.5,0.1366,1,1,1,FINALIZED_WITHIN_C2_LIMIT,0.867039,1.823
3519,40000.0,0.1378,greedy,ZYZZYVA,4.0,0.5,0.1366,1,1,1,FINALIZED_WITHIN_C2_LIMIT,0.513814,1.601
3520,2222.222,0.1376,explore,LIU_QUORUM,4.0,9.0,0.0288,1,1,1,FINALIZED_WITHIN_C2_LIMIT,0.056268,1.619
3521,40000.0,0.1374,greedy,ZYZZYVA,4.0,0.5,0.1421,1,1,1,FINALIZED_WITHIN_C2_LIMIT,0.50022,1.757
3522,40000.0,0.1371,greedy,ZYZZYVA,4.0,0.5,0.1421,1,1,1,FINALIZED_WITHIN_C2_LIMIT,1.136877,1.735
3523,40000.0,0.1369,greedy,ZYZZYVA,4.0,0.5,0.1421,1,1,1,FINALIZED_WITHIN_C2_LIMIT,1.018189,1.659
3524,40000.0,0.1366,greedy,ZYZZYVA,4.0,0.5,0.1421,1,1,1,FINALIZED_WITHIN_C2_LIMIT,0.468836,1.761
3525,40000.0,0.1364,greedy,ZYZZYVA,4.0,0.5,0.1459,1,1,1,FINALIZED_WITHIN_C2_LIMIT,0.07146,1.7
3526,40000.0,0.1361,greedy,ZYZZYVA,4.0,0.5,0.1347,1,1,1,FINALIZED_WITHIN_C2_LIMIT,0.254578,1.614
3527,40000.0,0.1359,greedy,ZYZZYVA,4.0,0.5,0.1459,1,1,1,FINALIZED_WITHIN_C2_LIMIT,0.188265,1.762
3528,2105.263,0.1356,explore,PBFT,4.0,9.5,0.19,1,1,1,FINALIZED_WITHIN_C2_LIMIT,0.059834,2.056
3529,40000.0,0.1354,greedy,ZYZZYVA,4.0,0.5,0.1459,1,1,1,FINALIZED_WITHIN_C2_LIMIT,0.033622,1.882
3530,40000.0,0.1352,greedy,ZYZZYVA,4.0,0.5,0.1459,1,1,1,FINALIZED_WITHIN_C2_LIMIT,0.110208,1.729
3531,40000.0,0.1349,greedy,ZYZZYVA,4.0,0.5,0.1459,1,1,1,FINALIZED_WITHIN_C2_LIMIT,0.069896,1.963
3532,40000.0,0.1347,greedy,ZYZZYVA,4.0,0.5,0.1459,1,1,1,FINALIZED_WITHIN_C2_LIMIT,0.06959,1.814
3533,40000.0,0.1344,greedy,ZYZZYVA,4.0,0.5,0.1459,1,1,1,FINALIZED_WITHIN_C2_LIMIT,0.075575,1.839
3534,40000.0,0.1342,greedy,ZYZZYVA,4.0,0.5,0.1459,1,1,1,FINALIZED_WITHIN_C2_LIMIT,0.104056,1.587
3535,40000.0,0.1339,greedy,ZYZZYVA,4.0,0.5,0.1459,1,1,1,FINALIZED_WITHIN_C2_LIMIT,0.079854,1.641
3536,40000.0,0.1337,greedy,ZYZZYVA,4.0,0.5,0.1459,1,1,1,FINALIZED_WITHIN_C2_LIMIT,0.12322,1.922
3537,40000.0,0.1334,greedy,ZYZZYVA,4.0,0.5,0.1459,1,1,1,FINALIZED_WITHIN_C2_LIMIT,0.104205,1.97
3538,40000.0,0.1332,greedy,ZYZZYVA,4.0,0.5,0.1459,1,1,1,FINALIZED_WITHIN_C2_LIMIT,0.052505,1.985
3539,40000.0,0.1329,greedy,ZYZZYVA,4.0,0.5,0.1421,1,1,1,FINALIZED_WITHIN_C2_LIMIT,0.04747,1.604
3540,0.0,0.1327,explore,PBFT,4.0,9.5,0.2536,0,1,1,FINALIZED_WITHIN_C2_LIMIT,0.094967,1.765
3541,3333.333,0.1325,explore,LIU_QUORUM,4.0,6.0,0.0669,1,1,1,FINALIZED_WITHIN_C2_LIMIT,0.112305,1.713
3542,40000.0,0.1322,greedy,ZYZZYVA,4.0,0.5,0.1347,1,1,1,FINALIZED_WITHIN_C2_LIMIT,0.129761,1.509
3543,40000.0,0.132,greedy,ZYZZYVA,4.0,0.5,0.1347,1,1,1,FINALIZED_WITHIN_C2_LIMIT,0.059073,1.495
3544,5714.286,0.1317,explore,ZYZZYVA,4.0,3.5,0.0669,1,1,1,FINALIZED_WITHIN_C2_LIMIT,0.11156,1.612
3545,40000.0,0.1315,greedy,ZYZZYVA,4.0,0.5,0.1347,1,1,1,FINALIZED_WITHIN_C2_LIMIT,0.081993,1.88
3546,40000.0,0.1312,greedy,ZYZZYVA,4.0,0.5,0.1347,1,1,1,FINALIZED_WITHIN_C2_LIMIT,0.051246,1.866
3547,40000.0,0.131,greedy,ZYZZYVA,4.0,0.5,0.1347,1,1,1,FINALIZED_WITHIN_C2_LIMIT,0.063532,2.195
3548,3333.333,0.1307,explore,ZYZZYVA,4.0,6.0,0.068,1,1,1,FINALIZED_WITHIN_C2_LIMIT,0.17007,1.575
3549,40000.0,0.1305,explore,PBFT,4.0,0.5,0.1459,1,1,1,FINALIZED_WITHIN_C2_LIMIT,0.134339,1.831
3550,40000.0,0.1303,greedy,ZYZZYVA,4.0,0.5,0.1347,1,1,1,FINALIZED_WITHIN_C2_LIMIT,0.052033,1.766
3551,40000.0,0.13,greedy,ZYZZYVA,4.0,0.5,0.1347,1,1,1,FINALIZED_WITHIN_C2_LIMIT,0.041946,1.532
3552,40000.0,0.1298,greedy,ZYZZYVA,4.0,0.5,0.1459,1,1,1,FINALIZED_WITHIN_C2_LIMIT,0.109812,1.663
3553,40000.0,0.1295,greedy,ZYZZYVA,4.0,0.5,0.1487,1,1,1,FINALIZED_WITHIN_C2_LIMIT,0.093687,1.563
3554,40000.0,0.1293,greedy,ZYZZYVA,4.0,0.5,0.1487,1,1,1,FINALIZED_WITHIN_C2_LIMIT,0.043452,1.457
3555,40000.0,0.129,greedy,ZYZZYVA,4.0,0.5,0.1591,1,1,1,FINALIZED_WITHIN_C2_LIMIT,0.126775,1.765
3556,0.0,0.1288,explore,LIU_QUORUM,4.0,7.0,0.2355,0,1,1,FINALIZED_WITHIN_C2_LIMIT,0.085378,1.648
3557,40000.0,0.1285,greedy,ZYZZYVA,4.0,0.5,0.1581,1,1,1,FINALIZED_WITHIN_C2_LIMIT,0.155967,1.676
3558,40000.0,0.1283,greedy,ZYZZYVA,4.0,0.5,0.1581,1,1,1,FINALIZED_WITHIN_C2_LIMIT,0.11361,1.839
3559,40000.0,0.128,greedy,ZYZZYVA,4.0,0.5,0.1581,1,1,1,FINALIZED_WITHIN_C2_LIMIT,0.067705,1.596
3560,40000.0,0.1278,greedy,ZYZZYVA,4.0,0.5,0.1581,1,1,1,FINALIZED_WITHIN_C2_LIMIT,0.066564,1.625
3561,40000.0,0.1276,greedy,ZYZZYVA,4.0,0.5,0.1581,1,1,1,FINALIZED_WITHIN_C2_LIMIT,0.051038,1.767
3562,40000.0,0.1273,greedy,ZYZZYVA,4.0,0.5,0.1581,1,1,1,FINALIZED_WITHIN_C2_LIMIT,0.12111,1.665
3563,40000.0,0.1271,greedy,ZYZZYVA,4.0,0.5,0.1581,1,1,1,FINALIZED_WITHIN_C2_LIMIT,0.070745,1.821
3564,2000.0,0.1268,explore,ZYZZYVA,4.0,10.0,0.0768,1,1,1,FINALIZED_WITHIN_C2_LIMIT,0.040747,2.093
3565,40000.0,0.1266,greedy,ZYZZYVA,4.0,0.5,0.1487,1,1,1,FINALIZED_WITHIN_C2_LIMIT,0.031739,1.972
3566,40000.0,0.1263,greedy,ZYZZYVA,4.0,0.5,0.1487,1,1,1,FINALIZED_WITHIN_C2_LIMIT,0.105426,1.849
3567,40000.0,0.1261,greedy,ZYZZYVA,4.0,0.5,0.1475,1,1,1,FINALIZED_WITHIN_C2_LIMIT,0.120961,1.529
3568,40000.0,0.1258,greedy,ZYZZYVA,4.0,0.5,0.1487,1,1,1,FINALIZED_WITHIN_C2_LIMIT,0.045924,1.734
3569,40000.0,0.1256,greedy,ZYZZYVA,4.0,0.5,0.1347,1,1,1,FINALIZED_WITHIN_C2_LIMIT,0.045079,2.017
3570,40000.0,0.1254,greedy,ZYZZYVA,4.0,0.5,0.1347,1,1,1,FINALIZED_WITHIN_C2_LIMIT,0.162647,1.812
3571,40000.0,0.1251,greedy,ZYZZYVA,4.0,0.5,0.1332,1,1,1,FINALIZED_WITHIN_C2_LIMIT,0.140195,1.641
3572,40000.0,0.1249,greedy,ZYZZYVA,4.0,0.5,0.1347,1,1,1,FINALIZED_WITHIN_C2_LIMIT,0.058298,1.864
3573,40000.0,0.1246,greedy,ZYZZYVA,4.0,0.5,0.1347,1,1,1,FINALIZED_WITHIN_C2_LIMIT,0.023203,1.966
3574,20000.0,0.1244,explore,PBFT,4.0,1.0,0.1416,1,1,1,FINALIZED_WITHIN_C2_LIMIT,0.064481,1.663
3575,40000.0,0.1241,greedy,ZYZZYVA,4.0,0.5,0.1347,1,1,1,FINALIZED_WITHIN_C2_LIMIT,0.031957,2.151
3576,40000.0,0.1239,greedy,ZYZZYVA,4.0,0.5,0.1347,1,1,1,FINALIZED_WITHIN_C2_LIMIT,0.243576,1.776
3577,40000.0,0.1236,greedy,ZYZZYVA,4.0,0.5,0.1347,1,1,1,FINALIZED_WITHIN_C2_LIMIT,0.320697,1.834
3578,2857.143,0.1234,explore,LIU_QUORUM,4.0,7.0,0.069,1,1,1,FINALIZED_WITHIN_C2_LIMIT,0.086182,2.026
3579,40000.0,0.1231,greedy,ZYZZYVA,4.0,0.5,0.1487,1,1,1,FINALIZED_WITHIN_C2_LIMIT,0.212261,2.053
3580,40000.0,0.1229,greedy,ZYZZYVA,4.0,0.5,0.1487,1,1,1,FINALIZED_WITHIN_C2_LIMIT,0.447385,1.952
3581,40000.0,0.1227,greedy,ZYZZYVA,4.0,0.5,0.1347,1,1,1,FINALIZED_WITHIN_C2_LIMIT,0.213085,1.685
3582,40000.0,0.1224,greedy,ZYZZYVA,4.0,0.5,0.1421,1,1,1,FINALIZED_WITHIN_C2_LIMIT,0.0764,1.598
3583,40000.0,0.1222,greedy,ZYZZYVA,4.0,0.5,0.1421,1,1,1,FINALIZED_WITHIN_C2_LIMIT,0.082772,1.569
3584,40000.0,0.1219,greedy,ZYZZYVA,4.0,0.5,0.1421,1,1,1,FINALIZED_WITHIN_C2_LIMIT,0.032344,1.936
3585,40000.0,0.1217,greedy,ZYZZYVA,4.0,0.5,0.1421,1,1,1,FINALIZED_WITHIN_C2_LIMIT,0.030657,1.858
3586,40000.0,0.1214,greedy,ZYZZYVA,4.0,0.5,0.1421,1,1,1,FINALIZED_WITHIN_C2_LIMIT,0.056292,1.959
3587,40000.0,0.1212,greedy,ZYZZYVA,4.0,0.5,0.1421,1,1,1,FINALIZED_WITHIN_C2_LIMIT,0.028219,1.736
3588,40000.0,0.1209,greedy,ZYZZYVA,4.0,0.5,0.1421,1,1,1,FINALIZED_WITHIN_C2_LIMIT,0.195707,1.825
3589,40000.0,0.1207,greedy,ZYZZYVA,4.0,0.5,0.1421,1,1,1,FINALIZED_WITHIN_C2_LIMIT,0.322201,1.837
3590,40000.0,0.1205,greedy,ZYZZYVA,4.0,0.5,0.1421,1,1,1,FINALIZED_WITHIN_C2_LIMIT,0.069141,1.689
3591,40000.0,0.1202,greedy,ZYZZYVA,4.0,0.5,0.1487,1,1,1,FINALIZED_WITHIN_C2_LIMIT,0.240422,1.932
3592,40000.0,0.12,greedy,ZYZZYVA,4.0,0.5,0.1487,1,1,1,FINALIZED_WITHIN_C2_LIMIT,0.423009,2.078
3593,0.0,0.1197,explore,LIU_QUORUM,4.0,7.5,0.2355,0,1,1,FINALIZED_WITHIN_C2_LIMIT,0.202523,1.817
3594,40000.0,0.1195,greedy,ZYZZYVA,4.0,0.5,0.1421,1,1,1,FINALIZED_WITHIN_C2_LIMIT,0.037785,1.736
3595,40000.0,0.1192,greedy,ZYZZYVA,4.0,0.5,0.1421,1,1,1,FINALIZED_WITHIN_C2_LIMIT,0.074228,1.654
3596,40000.0,0.119,greedy,ZYZZYVA,4.0,0.5,0.1421,1,1,1,FINALIZED_WITHIN_C2_LIMIT,0.07206,1.943
3597,40000.0,0.1187,greedy,ZYZZYVA,4.0,0.5,0.1347,1,1,1,FINALIZED_WITHIN_C2_LIMIT,0.046595,1.648
3598,2857.143,0.1185,explore,PBFT,4.0,7.0,0.0651,1,1,1,FINALIZED_WITHIN_C2_LIMIT,0.04029,1.694
3599,40000.0,0.1182,greedy,ZYZZYVA,4.0,0.5,0.1162,1,1,1,FINALIZED_WITHIN_C2_LIMIT,0.073752,1.916
3600,40000.0,0.118,greedy,ZYZZYVA,4.0,0.5,0.1162,1,1,1,FINALIZED_WITHIN_C2_LIMIT,0.11707,1.629
3601,40000.0,0.1178,greedy,ZYZZYVA,4.0,0.5,0.1059,1,1,1,FINALIZED_WITHIN_C2_LIMIT,0.261161,1.847
3602,40000.0,0.1175,greedy,ZYZZYVA,4.0,0.5,0.1059,1,1,1,FINALIZED_WITHIN_C2_LIMIT,0.018854,1.568
3603,40000.0,0.1173,greedy,ZYZZYVA,4.0,0.5,0.0986,1,1,1,FINALIZED_WITHIN_C2_LIMIT,0.313378,2.482
3604,40000.0,0.117,greedy,ZYZZYVA,4.0,0.5,0.0986,1,1,1,FINALIZED_WITHIN_C2_LIMIT,0.46063,1.865
3605,40000.0,0.1168,greedy,ZYZZYVA,4.0,0.5,0.0993,1,1,1,FINALIZED_WITHIN_C2_LIMIT,0.217005,1.784
3606,40000.0,0.1165,greedy,ZYZZYVA,4.0,0.5,0.1059,1,1,1,FINALIZED_WITHIN_C2_LIMIT,0.055522,1.742
3607,40000.0,0.1163,greedy,ZYZZYVA,4.0,0.5,0.1347,1,1,1,FINALIZED_WITHIN_C2_LIMIT,0.23383,1.806
3608,40000.0,0.116,greedy,ZYZZYVA,4.0,0.5,0.1347,1,1,1,FINALIZED_WITHIN_C2_LIMIT,0.096178,1.608
3609,40000.0,0.1158,greedy,ZYZZYVA,4.0,0.5,0.1347,1,1,1,FINALIZED_WITHIN_C2_LIMIT,0.268028,1.617
3610,40000.0,0.1156,greedy,ZYZZYVA,4.0,0.5,0.1347,1,1,1,FINALIZED_WITHIN_C2_LIMIT,0.389241,1.669
3611,40000.0,0.1153,greedy,ZYZZYVA,4.0,0.5,0.1347,1,1,1,FINALIZED_WITHIN_C2_LIMIT,0.124045,1.715
3612,4444.444,0.1151,explore,PBFT,4.0,4.5,0.0651,1,1,1,FINALIZED_WITHIN_C2_LIMIT,0.092989,1.659
3613,40000.0,0.1148,greedy,ZYZZYVA,4.0,0.5,0.1421,1,1,1,FINALIZED_WITHIN_C2_LIMIT,0.207197,2.112
3614,40000.0,0.1146,greedy,ZYZZYVA,4.0,0.5,0.1459,1,1,1,FINALIZED_WITHIN_C2_LIMIT,0.07557,1.265
3615,40000.0,0.1143,greedy,ZYZZYVA,4.0,0.5,0.1459,1,1,1,FINALIZED_WITHIN_C2_LIMIT,0.189966,1.376
3616,40000.0,0.1141,greedy,ZYZZYVA,4.0,0.5,0.1459,1,1,1,FINALIZED_WITHIN_C2_LIMIT,0.30486,1.405
3617,40000.0,0.1138,explore,ZYZZYVA,4.0,0.5,0.0609,1,1,1,FINALIZED_WITHIN_C2_LIMIT,0.102163,1.491
3618,10000.0,0.1136,explore,LIU_QUORUM,4.0,2.0,0.0278,1,1,1,FINALIZED_WITHIN_C2_LIMIT,0.131967,1.353
3619,40000.0,0.1133,greedy,ZYZZYVA,4.0,0.5,0.1421,1,1,1,FINALIZED_WITHIN_C2_LIMIT,0.24424,1.296
3620,40000.0,0.1131,greedy,ZYZZYVA,4.0,0.5,0.1459,1,1,1,FINALIZED_WITHIN_C2_LIMIT,0.094221,1.434
3621,40000.0,0.1129,greedy,ZYZZYVA,4.0,0.5,0.1487,1,1,1,FINALIZED_WITHIN_C2_LIMIT,0.131249,1.354
3622,40000.0,0.1126,greedy,ZYZZYVA,4.0,0.5,0.1487,1,1,1,FINALIZED_WITHIN_C2_LIMIT,0.224049,1.275
3623,40000.0,0.1124,greedy,ZYZZYVA,4.0,0.5,0.1487,1,1,1,FINALIZED_WITHIN_C2_LIMIT,0.080361,1.195
3624,2352.941,0.1121,explore,ZYZZYVA,4.0,8.5,0.0651,1,1,1,FINALIZED_WITHIN_C2_LIMIT,0.201385,1.241
3625,40000.0,0.1119,greedy,ZYZZYVA,4.0,0.5,0.1421,1,1,1,FINALIZED_WITHIN_C2_LIMIT,0.319615,1.377
3626,40000.0,0.1116,greedy,ZYZZYVA,4.0,0.5,0.1459,1,1,1,FINALIZED_WITHIN_C2_LIMIT,0.1167,1.327
3627,40000.0,0.1114,greedy,ZYZZYVA,4.0,0.5,0.1459,1,1,1,FINALIZED_WITHIN_C2_LIMIT,0.096239,1.346
3628,40000.0,0.1111,greedy,ZYZZYVA,4.0,0.5,0.1421,1,1,1,FINALIZED_WITHIN_C2_LIMIT,0.18844,1.513
3629,40000.0,0.1109,greedy,ZYZZYVA,4.0,0.5,0.1421,1,1,1,FINALIZED_WITHIN_C2_LIMIT,0.051195,1.338
3630,2352.941,0.1107,explore,PBFT,4.0,8.5,0.0315,1,1,1,FINALIZED_WITHIN_C2_LIMIT,0.177215,1.276
3631,40000.0,0.1104,greedy,ZYZZYVA,4.0,0.5,0.1421,1,1,1,FINALIZED_WITHIN_C2_LIMIT,0.400073,1.546
3632,40000.0,0.1102,greedy,ZYZZYVA,4.0,0.5,0.1421,1,1,1,FINALIZED_WITHIN_C2_LIMIT,0.173907,1.607
3633,40000.0,0.1099,greedy,ZYZZYVA,4.0,0.5,0.1421,1,1,1,FINALIZED_WITHIN_C2_LIMIT,0.082429,1.291
3634,40000.0,0.1097,greedy,ZYZZYVA,4.0,0.5,0.1421,1,1,1,FINALIZED_WITHIN_C2_LIMIT,0.159815,1.318
3635,2105.263,0.1094,explore,PBFT,4.0,9.5,0.1284,1,1,1,FINALIZED_WITHIN_C2_LIMIT,0.053401,1.417
3636,40000.0,0.1092,greedy,ZYZZYVA,4.0,0.5,0.1421,1,1,1,FINALIZED_WITHIN_C2_LIMIT,0.237293,1.691
3637,40000.0,0.1089,greedy,ZYZZYVA,4.0,0.5,0.1421,1,1,1,FINALIZED_WITHIN_C2_LIMIT,0.432451,1.201
3638,40000.0,0.1087,greedy,ZYZZYVA,4.0,0.5,0.1421,1,1,1,FINALIZED_WITHIN_C2_LIMIT,0.172986,1.359
3639,40000.0,0.1084,greedy,ZYZZYVA,4.0,0.5,0.1421,1,1,1,FINALIZED_WITHIN_C2_LIMIT,0.054345,1.296
3640,40000.0,0.1082,greedy,ZYZZYVA,4.0,0.5,0.1421,1,1,1,FINALIZED_WITHIN_C2_LIMIT,0.119956,1.326
3641,40000.0,0.108,greedy,ZYZZYVA,4.0,0.5,0.1421,1,1,1,FINALIZED_WITHIN_C2_LIMIT,0.065002,1.417
3642,40000.0,0.1077,greedy,ZYZZYVA,4.0,0.5,0.1421,1,1,1,FINALIZED_WITHIN_C2_LIMIT,0.270686,1.636
3643,40000.0,0.1075,greedy,ZYZZYVA,4.0,0.5,0.1421,1,1,1,FINALIZED_WITHIN_C2_LIMIT,0.450061,1.274
3644,20000.0,0.1072,explore,PBFT,4.0,1.0,0.0558,1,1,1,FINALIZED_WITHIN_C2_LIMIT,0.225796,1.263
3645,40000.0,0.107,greedy,ZYZZYVA,4.0,0.5,0.1421,1,1,1,FINALIZED_WITHIN_C2_LIMIT,0.072162,1.433
3646,40000.0,0.1067,greedy,ZYZZYVA,4.0,0.5,0.1421,1,1,1,FINALIZED_WITHIN_C2_LIMIT,0.119257,1.225
3647,40000.0,0.1065,greedy,ZYZZYVA,4.0,0.5,0.1421,1,1,1,FINALIZED_WITHIN_C2_LIMIT,0.059554,1.408
3648,20000.0,0.1062,explore,PBFT,4.0,1.0,0.0708,1,1,1,FINALIZED_WITHIN_C2_LIMIT,0.281006,1.401
3649,40000.0,0.106,greedy,ZYZZYVA,4.0,0.5,0.1347,1,1,1,FINALIZED_WITHIN_C2_LIMIT,0.477905,1.276
3650,40000.0,0.1058,greedy,ZYZZYVA,4.0,0.5,0.1347,1,1,1,FINALIZED_WITHIN_C2_LIMIT,0.229427,1.205
3651,5000.0,0.1055,explore,LIU_QUORUM,4.0,4.0,0.0694,1,1,1,FINALIZED_WITHIN_C2_LIMIT,0.059627,1.249
3652,40000.0,0.1053,greedy,ZYZZYVA,4.0,0.5,0.1347,1,1,1,FINALIZED_WITHIN_C2_LIMIT,0.123965,1.23
3653,40000.0,0.105,greedy,ZYZZYVA,4.0,0.5,0.1347,1,1,1,FINALIZED_WITHIN_C2_LIMIT,0.031898,1.274
3654,40000.0,0.1048,greedy,ZYZZYVA,4.0,0.5,0.1421,1,1,1,FINALIZED_WITHIN_C2_LIMIT,0.301685,1.24
3655,40000.0,0.1045,greedy,ZYZZYVA,4.0,0.5,0.1421,1,1,1,FINALIZED_WITHIN_C2_LIMIT,0.520599,1.287
3656,40000.0,0.1043,greedy,ZYZZYVA,4.0,0.5,0.1421,1,1,1,FINALIZED_WITHIN_C2_LIMIT,0.187772,1.278
3657,40000.0,0.104,greedy,ZYZZYVA,4.0,0.5,0.1487,1,1,1,FINALIZED_WITHIN_C2_LIMIT,0.075582,1.716
3658,40000.0,0.1038,greedy,ZYZZYVA,4.0,0.5,0.1487,1,1,1,FINALIZED_WITHIN_C2_LIMIT,0.12234,1.179
3659,40000.0,0.1035,greedy,ZYZZYVA,4.0,0.5,0.1421,1,1,1,FINALIZED_WITHIN_C2_LIMIT,0.028856,1.247
3660,3636.364,0.1033,explore,ZYZZYVA,4.0,5.5,0.1368,1,1,1,FINALIZED_WITHIN_C2_LIMIT,0.301872,1.233
3661,40000.0,0.1031,explore,PBFT,4.0,0.5,0.0683,1,1,1,FINALIZED_WITHIN_C2_LIMIT,0.465628,1.258
3662,40000.0,0.1028,greedy,ZYZZYVA,4.0,0.5,0.1421,1,1,1,FINALIZED_WITHIN_C2_LIMIT,0.253779,1.321
3663,40000.0,0.1026,greedy,ZYZZYVA,4.0,0.5,0.1366,1,1,1,FINALIZED_WITHIN_C2_LIMIT,0.040186,1.245
3664,40000.0,0.1023,greedy,ZYZZYVA,4.0,0.5,0.1366,1,1,1,FINALIZED_WITHIN_C2_LIMIT,0.096419,1.183
3665,40000.0,0.1021,greedy,ZYZZYVA,4.0,0.5,0.1366,1,1,1,FINALIZED_WITHIN_C2_LIMIT,0.036695,1.404
3666,40000.0,0.1018,greedy,ZYZZYVA,4.0,0.5,0.1366,1,1,1,FINALIZED_WITHIN_C2_LIMIT,0.091384,1.273
3667,2500.0,0.1016,explore,ZYZZYVA,4.0,8.0,0.0683,1,1,1,FINALIZED_WITHIN_C2_LIMIT,0.05586,1.197
3668,40000.0,0.1013,greedy,ZYZZYVA,4.0,0.5,0.1421,1,1,1,FINALIZED_WITHIN_C2_LIMIT,0.024364,1.249
3669,40000.0,0.1011,greedy,ZYZZYVA,4.0,0.5,0.1347,1,1,1,FINALIZED_WITHIN_C2_LIMIT,0.231445,1.15
3670,40000.0,0.1008,greedy,ZYZZYVA,4.0,0.5,0.1347,1,1,1,FINALIZED_WITHIN_C2_LIMIT,0.305029,1.261
3671,40000.0,0.1006,greedy,ZYZZYVA,4.0,0.5,0.1347,1,1,1,FINALIZED_WITHIN_C2_LIMIT,0.08363,1.318
3672,40000.0,0.1004,greedy,ZYZZYVA,4.0,0.5,0.1421,1,1,1,FINALIZED_WITHIN_C2_LIMIT,0.220951,1.484
3673,40000.0,0.1001,greedy,ZYZZYVA,4.0,0.5,0.1421,1,1,1,FINALIZED_WITHIN_C2_LIMIT,0.464537,1.395
3674,40000.0,0.0999,greedy,ZYZZYVA,4.0,0.5,0.1487,1,1,1,FINALIZED_WITHIN_C2_LIMIT,0.291455,1.288
3675,40000.0,0.0996,greedy,ZYZZYVA,4.0,0.5,0.1487,1,1,1,FINALIZED_WITHIN_C2_LIMIT,0.033296,1.283
3676,40000.0,0.0994,greedy,ZYZZYVA,4.0,0.5,0.1487,1,1,1,FINALIZED_WITHIN_C2_LIMIT,0.036323,1.261
3677,40000.0,0.0991,greedy,ZYZZYVA,4.0,0.5,0.1421,1,1,1,FINALIZED_WITHIN_C2_LIMIT,0.040015,1.196
3678,40000.0,0.0989,greedy,ZYZZYVA,4.0,0.5,0.1421,1,1,1,FINALIZED_WITHIN_C2_LIMIT,0.050508,1.149
3679,40000.0,0.0986,greedy,ZYZZYVA,4.0,0.5,0.1421,1,1,1,FINALIZED_WITHIN_C2_LIMIT,0.04646,1.191
3680,40000.0,0.0984,greedy,ZYZZYVA,4.0,0.5,0.1487,1,1,1,FINALIZED_WITHIN_C2_LIMIT,0.060504,1.246
3681,40000.0,0.0982,greedy,ZYZZYVA,4.0,0.5,0.1487,1,1,1,FINALIZED_WITHIN_C2_LIMIT,0.019366,1.26
3682,2105.263,0.0979,explore,PBFT,4.0,9.5,0.1582,1,1,1,FINALIZED_WITHIN_C2_LIMIT,0.283428,1.358
3683,40000.0,0.0977,greedy,ZYZZYVA,4.0,0.5,0.1421,1,1,1,FINALIZED_WITHIN_C2_LIMIT,0.344742,1.166
3684,40000.0,0.0974,greedy,ZYZZYVA,4.0,0.5,0.1421,1,1,1,FINALIZED_WITHIN_C2_LIMIT,0.091687,1.19
3685,40000.0,0.0972,greedy,ZYZZYVA,4.0,0.5,0.1421,1,1,1,FINALIZED_WITHIN_C2_LIMIT,0.163132,1.382
3686,40000.0,0.0969,greedy,ZYZZYVA,4.0,0.5,0.1421,1,1,1,FINALIZED_WITHIN_C2_LIMIT,0.372564,1.228
3687,40000.0,0.0967,greedy,ZYZZYVA,4.0,0.5,0.1421,1,1,1,FINALIZED_WITHIN_C2_LIMIT,0.204544,1.257
3688,40000.0,0.0964,greedy,ZYZZYVA,4.0,0.5,0.1421,1,1,1,FINALIZED_WITHIN_C2_LIMIT,0.042596,1.304
3689,40000.0,0.0962,greedy,ZYZZYVA,4.0,0.5,0.1366,1,1,1,FINALIZED_WITHIN_C2_LIMIT,0.115056,1.254
3690,40000.0,0.0959,greedy,ZYZZYVA,4.0,0.5,0.1366,1,1,1,FINALIZED_WITHIN_C2_LIMIT,0.042022,1.363
3691,40000.0,0.0957,greedy,ZYZZYVA,4.0,0.5,0.1347,1,1,1,FINALIZED_WITHIN_C2_LIMIT,0.025146,1.318
3692,40000.0,0.0955,greedy,ZYZZYVA,4.0,0.5,0.1059,1,1,1,FINALIZED_WITHIN_C2_LIMIT,0.068903,1.241
3693,40000.0,0.0952,greedy,ZYZZYVA,4.0,0.5,0.1059,1,1,1,FINALIZED_WITHIN_C2_LIMIT,0.029977,1.259
3694,40000.0,0.095,greedy,ZYZZYVA,4.0,0.5,0.1163,1,1,1,FINALIZED_WITHIN_C2_LIMIT,0.180953,1.262
3695,40000.0,0.0947,greedy,ZYZZYVA,4.0,0.5,0.1163,1,1,1,FINALIZED_WITHIN_C2_LIMIT,0.219362,1.25
3696,40000.0,0.0945,greedy,ZYZZYVA,4.0,0.5,0.1255,1,1,1,FINALIZED_WITHIN_C2_LIMIT,0.029523,1.352
3697,40000.0,0.0942,greedy,ZYZZYVA,4.0,0.5,0.1239,1,1,1,FINALIZED_WITHIN_C2_LIMIT,0.375907,1.459
3698,40000.0,0.094,greedy,ZYZZYVA,4.0,0.5,0.1332,1,1,1,FINALIZED_WITHIN_C2_LIMIT,0.763285,1.218
3699,40000.0,0.0937,greedy,ZYZZYVA,4.0,0.5,0.1332,1,1,1,FINALIZED_WITHIN_C2_LIMIT,0.085074,1.307
3700,40000.0,0.0935,greedy,ZYZZYVA,4.0,0.5,0.1347,1,1,1,FINALIZED_WITHIN_C2_LIMIT,0.096463,1.278
3701,40000.0,0.0933,greedy,ZYZZYVA,4.0,0.5,0.1347,1,1,1,FINALIZED_WITHIN_C2_LIMIT,0.198695,1.547
3702,40000.0,0.093,greedy,ZYZZYVA,4.0,0.5,0.1487,1,1,1,FINALIZED_WITHIN_C2_LIMIT,0.047278,1.45
3703,40000.0,0.0928,greedy,ZYZZYVA,4.0,0.5,0.1475,1,1,1,FINALIZED_WITHIN_C2_LIMIT,0.302982,1.277
3704,40000.0,0.0925,greedy,ZYZZYVA,4.0,0.5,0.1487,1,1,1,FINALIZED_WITHIN_C2_LIMIT,0.572287,1.699
3705,40000.0,0.0923,greedy,ZYZZYVA,4.0,0.5,0.1487,1,1,1,FINALIZED_WITHIN_C2_LIMIT,0.323338,1.562
3706,40000.0,0.092,greedy,ZYZZYVA,4.0,0.5,0.1487,1,1,1,FINALIZED_WITHIN_C2_LIMIT,0.047204,1.314
3707,40000.0,0.0918,greedy,ZYZZYVA,4.0,0.5,0.1459,1,1,1,FINALIZED_WITHIN_C2_LIMIT,0.452103,1.5
3708,40000.0,0.0915,greedy,ZYZZYVA,4.0,0.5,0.1421,1,1,1,FINALIZED_WITHIN_C2_LIMIT,0.697084,1.441
3709,40000.0,0.0913,greedy,ZYZZYVA,4.0,0.5,0.1459,1,1,1,FINALIZED_WITHIN_C2_LIMIT,0.423263,1.358
3710,40000.0,0.0911,greedy,ZYZZYVA,4.0,0.5,0.1683,1,1,1,FINALIZED_WITHIN_C2_LIMIT,0.030113,1.296
3711,40000.0,0.0908,greedy,ZYZZYVA,4.0,0.5,0.1459,1,1,1,FINALIZED_WITHIN_C2_LIMIT,0.670594,1.677
3712,40000.0,0.0906,greedy,ZYZZYVA,4.0,0.5,0.1581,1,1,1,FINALIZED_WITHIN_C2_LIMIT,1.494602,1.515
3713,40000.0,0.0903,greedy,ZYZZYVA,4.0,0.5,0.1581,1,1,1,FINALIZED_WITHIN_C2_LIMIT,1.402504,1.288
3714,3636.364,0.0901,explore,LIU_QUORUM,4.0,5.5,0.1982,1,1,1,FINALIZED_WITHIN_C2_LIMIT,0.666336,1.751
3715,40000.0,0.0898,greedy,ZYZZYVA,4.0,0.5,0.1459,1,1,1,FINALIZED_WITHIN_C2_LIMIT,0.029977,1.345
3716,40000.0,0.0896,greedy,ZYZZYVA,4.0,0.5,0.1459,1,1,1,FINALIZED_WITHIN_C2_LIMIT,0.95396,1.397
3717,40000.0,0.0893,greedy,ZYZZYVA,4.0,0.5,0.1421,1,1,1,FINALIZED_WITHIN_C2_LIMIT,2.377233,1.332
3718,40000.0,0.0891,greedy,ZYZZYVA,4.0,0.5,0.1421,1,1,1,FINALIZED_WITHIN_C2_LIMIT,2.739011,1.314
3719,40000.0,0.0888,greedy,ZYZZYVA,4.0,0.5,0.1421,1,1,1,FINALIZED_WITHIN_C2_LIMIT,2.170164,1.458
3720,40000.0,0.0886,greedy,ZYZZYVA,4.0,0.5,0.1591,1,1,1,FINALIZED_WITHIN_C2_LIMIT,0.748292,1.329
3721,40000.0,0.0884,greedy,ZYZZYVA,4.0,0.5,0.1842,1,1,1,FINALIZED_WITHIN_C2_LIMIT,0.073451,1.412
3722,40000.0,0.0881,greedy,ZYZZYVA,4.0,0.5,0.1591,1,1,1,FINALIZED_WITHIN_C2_LIMIT,0.29538,1.516
3723,40000.0,0.0879,greedy,ZYZZYVA,4.0,0.5,0.1475,1,1,1,FINALIZED_WITHIN_C2_LIMIT,0.310707,1.354
3724,40000.0,0.0876,greedy,ZYZZYVA,4.0,0.5,0.1347,1,1,1,FINALIZED_WITHIN_C2_LIMIT,0.077254,1.478
3725,40000.0,0.0874,greedy,ZYZZYVA,4.0,0.5,0.1347,1,1,1,FINALIZED_WITHIN_C2_LIMIT,0.229967,1.363
3726,40000.0,0.0871,greedy,ZYZZYVA,4.0,0.5,0.1347,1,1,1,FINALIZED_WITHIN_C2_LIMIT,0.477759,1.579
3727,40000.0,0.0869,greedy,ZYZZYVA,4.0,0.5,0.1347,1,1,1,FINALIZED_WITHIN_C2_LIMIT,0.388142,1.443
3728,40000.0,0.0866,greedy,ZYZZYVA,4.0,0.5,0.1347,1,1,1,FINALIZED_WITHIN_C2_LIMIT,0.026787,1.326
3729,40000.0,0.0864,greedy,ZYZZYVA,4.0,0.5,0.1347,1,1,1,FINALIZED_WITHIN_C2_LIMIT,0.633295,1.275
3730,2500.0,0.0862,explore,ZYZZYVA,4.0,8.0,0.069,1,1,1,FINALIZED_WITHIN_C2_LIMIT,1.491221,1.285
3731,40000.0,0.0859,greedy,ZYZZYVA,4.0,0.5,0.1255,1,1,1,FINALIZED_WITHIN_C2_LIMIT,1.241722,1.271
3732,40000.0,0.0857,greedy,ZYZZYVA,4.0,0.5,0.1421,1,1,1,FINALIZED_WITHIN_C2_LIMIT,0.650235,1.374
3733,40000.0,0.0854,greedy,ZYZZYVA,4.0,0.5,0.1459,1,1,1,FINALIZED_WITHIN_C2_LIMIT,0.036263,1.261
3734,40000.0,0.0852,greedy,ZYZZYVA,4.0,0.5,0.1459,1,1,1,FINALIZED_WITHIN_C2_LIMIT,0.892044,1.216
3735,40000.0,0.0849,greedy,ZYZZYVA,4.0,0.5,0.1459,1,1,1,FINALIZED_WITHIN_C2_LIMIT,2.531397,1.462
3736,40000.0,0.0847,greedy,ZYZZYVA,4.0,0.5,0.1459,1,1,1,FINALIZED_WITHIN_C2_LIMIT,2.925856,1.321
3737,2222.222,0.0844,explore,ZYZZYVA,4.0,9.0,0.0288,1,1,1,FINALIZED_WITHIN_C2_LIMIT,1.977044,1.207
3738,40000.0,0.0842,greedy,ZYZZYVA,4.0,0.5,0.1683,1,1,1,FINALIZED_WITHIN_C2_LIMIT,0.735327,1.342
3739,40000.0,0.0839,greedy,ZYZZYVA,4.0,0.5,0.1683,1,1,1,FINALIZED_WITHIN_C2_LIMIT,0.044813,1.436
3740,0.0,0.0837,explore,PBFT,4.0,2.5,0.2536,0,1,1,FINALIZED_WITHIN_C2_LIMIT,0.530002,1.341
3741,40000.0,0.0835,greedy,ZYZZYVA,4.0,0.5,0.1683,1,1,1,FINALIZED_WITHIN_C2_LIMIT,0.95063,1.334
3742,40000.0,0.0832,greedy,ZYZZYVA,4.0,0.5,0.1421,1,1,1,FINALIZED_WITHIN_C2_LIMIT,0.707513,1.131
3743,40000.0,0.083,greedy,ZYZZYVA,4.0,0.5,0.1421,1,1,1,FINALIZED_WITHIN_C2_LIMIT,0.157677,1.257
3744,40000.0,0.0827,greedy,ZYZZYVA,4.0,0.5,0.1421,1,1,1,FINALIZED_WITHIN_C2_LIMIT,0.195123,1.307
3745,40000.0,0.0825,greedy,ZYZZYVA,4.0,0.5,0.1459,1,1,1,FINALIZED_WITHIN_C2_LIMIT,0.624835,1.319
3746,40000.0,0.0822,greedy,ZYZZYVA,4.0,0.5,0.1459,1,1,1,FINALIZED_WITHIN_C2_LIMIT,0.533179,1.549
3747,40000.0,0.082,greedy,ZYZZYVA,4.0,0.5,0.1487,1,1,1,FINALIZED_WITHIN_C2_LIMIT,0.124625,1.604
3748,40000.0,0.0817,greedy,ZYZZYVA,4.0,0.5,0.1581,1,1,1,FINALIZED_WITHIN_C2_LIMIT,0.236901,1.342
3749,40000.0,0.0815,greedy,ZYZZYVA,4.0,0.5,0.1581,1,1,1,FINALIZED_WITHIN_C2_LIMIT,0.527252,1.351
3750,40000.0,0.0813,greedy,ZYZZYVA,4.0,0.5,0.1487,1,1,1,FINALIZED_WITHIN_C2_LIMIT,0.454235,1.282
3751,40000.0,0.081,greedy,ZYZZYVA,4.0,0.5,0.1487,1,1,1,FINALIZED_WITHIN_C2_LIMIT,0.073705,1.36
3752,40000.0,0.0808,greedy,ZYZZYVA,4.0,0.5,0.1459,1,1,1,FINALIZED_WITHIN_C2_LIMIT,0.404638,1.325
3753,40000.0,0.0805,greedy,ZYZZYVA,4.0,0.5,0.1683,1,1,1,FINALIZED_WITHIN_C2_LIMIT,0.95529,1.344
3754,40000.0,0.0803,greedy,ZYZZYVA,4.0,0.5,0.1683,1,1,1,FINALIZED_WITHIN_C2_LIMIT,0.694126,1.462
3755,40000.0,0.08,greedy,ZYZZYVA,4.0,0.5,0.1683,1,1,1,FINALIZED_WITHIN_C2_LIMIT,0.248173,1.254
3756,40000.0,0.0798,greedy,ZYZZYVA,4.0,0.5,0.1459,1,1,1,FINALIZED_WITHIN_C2_LIMIT,0.158675,1.304
3757,40000.0,0.0795,greedy,ZYZZYVA,4.0,0.5,0.1459,1,1,1,FINALIZED_WITHIN_C2_LIMIT,0.354493,1.293
3758,40000.0,0.0793,greedy,ZYZZYVA,4.0,0.5,0.1683,1,1,1,FINALIZED_WITHIN_C2_LIMIT,0.292672,1.53
3759,40000.0,0.079,greedy,ZYZZYVA,4.0,0.5,0.1683,1,1,1,FINALIZED_WITHIN_C2_LIMIT,0.047226,1.531
3760,2666.667,0.0788,explore,ZYZZYVA,4.0,7.5,0.0809,1,1,1,FINALIZED_WITHIN_C2_LIMIT,0.505591,1.404
3761,40000.0,0.0786,greedy,ZYZZYVA,4.0,0.5,0.1683,1,1,1,FINALIZED_WITHIN_C2_LIMIT,0.985017,1.576
3762,40000.0,0.0783,greedy,ZYZZYVA,4.0,0.5,0.1683,1,1,1,FINALIZED_WITHIN_C2_LIMIT,0.785313,1.533
3763,40000.0,0.0781,greedy,ZYZZYVA,4.0,0.5,0.1683,1,1,1,FINALIZED_WITHIN_C2_LIMIT,0.243518,1.413
3764,40000.0,0.0778,greedy,ZYZZYVA,4.0,0.5,0.1683,1,1,1,FINALIZED_WITHIN_C2_LIMIT,0.112958,1.474
3765,40000.0,0.0776,greedy,ZYZZYVA,4.0,0.5,0.1683,1,1,1,FINALIZED_WITHIN_C2_LIMIT,0.34587,1.558
3766,40000.0,0.0773,greedy,ZYZZYVA,4.0,0.5,0.1683,1,1,1,FINALIZED_WITHIN_C2_LIMIT,0.237653,1.389
3767,40000.0,0.0771,greedy,ZYZZYVA,4.0,0.5,0.1683,1,1,1,FINALIZED_WITHIN_C2_LIMIT,0.046859,1.586
3768,40000.0,0.0768,greedy,ZYZZYVA,4.0,0.5,0.1683,1,1,1,FINALIZED_WITHIN_C2_LIMIT,0.468107,1.457
3769,40000.0,0.0766,greedy,ZYZZYVA,4.0,0.5,0.1683,1,1,1,FINALIZED_WITHIN_C2_LIMIT,1.090377,1.369
3770,40000.0,0.0764,greedy,ZYZZYVA,4.0,0.5,0.1683,1,1,1,FINALIZED_WITHIN_C2_LIMIT,0.814917,1.264
3771,40000.0,0.0761,greedy,ZYZZYVA,4.0,0.5,0.1683,1,1,1,FINALIZED_WITHIN_C2_LIMIT,0.236187,1.32
3772,40000.0,0.0759,greedy,ZYZZYVA,4.0,0.5,0.1753,1,1,1,FINALIZED_WITHIN_C2_LIMIT,0.112668,1.291
3773,40000.0,0.0756,greedy,ZYZZYVA,4.0,0.5,0.1683,1,1,1,FINALIZED_WITHIN_C2_LIMIT,0.404693,1.268
3774,40000.0,0.0754,greedy,ZYZZYVA,4.0,0.5,0.1683,1,1,1,FINALIZED_WITHIN_C2_LIMIT,0.24368,1.267
3775,40000.0,0.0751,greedy,ZYZZYVA,4.0,0.5,0.1683,1,1,1,FINALIZED_WITHIN_C2_LIMIT,0.022001,1.239
3776,40000.0,0.0749,greedy,ZYZZYVA,4.0,0.5,0.1683,1,1,1,FINALIZED_WITHIN_C2_LIMIT,0.656951,1.349
3777,40000.0,0.0746,greedy,ZYZZYVA,4.0,0.5,0.1683,1,1,1,FINALIZED_WITHIN_C2_LIMIT,1.1936,1.465
3778,40000.0,0.0744,greedy,ZYZZYVA,4.0,0.5,0.1683,1,1,1,FINALIZED_WITHIN_C2_LIMIT,1.127901,1.218
3779,40000.0,0.0741,greedy,ZYZZYVA,4.0,0.5,0.1683,1,1,1,FINALIZED_WITHIN_C2_LIMIT,0.396958,1.339
3780,40000.0,0.0739,greedy,ZYZZYVA,4.0,0.5,0.1683,1,1,1,FINALIZED_WITHIN_C2_LIMIT,0.043848,1.36
3781,40000.0,0.0737,greedy,ZYZZYVA,4.0,0.5,0.1683,1,1,1,FINALIZED_WITHIN_C2_LIMIT,0.197832,1.233
3782,40000.0,0.0734,greedy,ZYZZYVA,4.0,0.5,0.1683,1,1,1,FINALIZED_WITHIN_C2_LIMIT,0.130402,1.203
3783,40000.0,0.0732,greedy,ZYZZYVA,4.0,0.5,0.1683,1,1,1,FINALIZED_WITHIN_C2_LIMIT,0.033034,1.17
3784,40000.0,0.0729,greedy,ZYZZYVA,4.0,0.5,0.1683,1,1,1,FINALIZED_WITHIN_C2_LIMIT,0.04132,1.206
3785,40000.0,0.0727,greedy,ZYZZYVA,4.0,0.5,0.1683,1,1,1,FINALIZED_WITHIN_C2_LIMIT,0.093259,1.252
3786,40000.0,0.0724,greedy,ZYZZYVA,4.0,0.5,0.1683,1,1,1,FINALIZED_WITHIN_C2_LIMIT,0.060356,1.236
3787,40000.0,0.0722,greedy,ZYZZYVA,4.0,0.5,0.1683,1,1,1,FINALIZED_WITHIN_C2_LIMIT,0.080771,1.176
3788,40000.0,0.0719,greedy,ZYZZYVA,4.0,0.5,0.1459,1,1,1,FINALIZED_WITHIN_C2_LIMIT,0.062087,1.342
3789,0.0,0.0717,explore,ZYZZYVA,4.0,0.5,0.2251,0,1,1,FINALIZED_WITHIN_C2_LIMIT,0.035826,1.367
3790,40000.0,0.0715,greedy,ZYZZYVA,4.0,0.5,0.1459,1,1,1,FINALIZED_WITHIN_C2_LIMIT,0.094912,1.352
3791,40000.0,0.0712,greedy,ZYZZYVA,4.0,0.5,0.1459,1,1,1,FINALIZED_WITHIN_C2_LIMIT,0.116121,1.273
3792,40000.0,0.071,greedy,ZYZZYVA,4.0,0.5,0.1459,1,1,1,FINALIZED_WITHIN_C2_LIMIT,0.093672,1.294
3793,40000.0,0.0707,greedy,ZYZZYVA,4.0,0.5,0.1347,1,1,1,FINALIZED_WITHIN_C2_LIMIT,0.039454,1.495
3794,40000.0,0.0705,greedy,ZYZZYVA,4.0,0.5,0.1347,1,1,1,FINALIZED_WITHIN_C2_LIMIT,0.029702,1.299
3795,40000.0,0.0702,greedy,ZYZZYVA,4.0,0.5,0.1347,1,1,1,FINALIZED_WITHIN_C2_LIMIT,0.127267,1.33
3796,40000.0,0.07,greedy,ZYZZYVA,4.0,0.5,0.1459,1,1,1,FINALIZED_WITHIN_C2_LIMIT,0.151106,1.255
3797,40000.0,0.0697,greedy,ZYZZYVA,4.0,0.5,0.1421,1,1,1,FINALIZED_WITHIN_C2_LIMIT,0.023774,1.253
3798,40000.0,0.0695,greedy,ZYZZYVA,4.0,0.5,0.1459,1,1,1,FINALIZED_WITHIN_C2_LIMIT,0.046413,1.268
3799,40000.0,0.0692,greedy,ZYZZYVA,4.0,0.5,0.1459,1,1,1,FINALIZED_WITHIN_C2_LIMIT,0.074388,1.467
3800,40000.0,0.069,greedy,ZYZZYVA,4.0,0.5,0.1683,1,1,1,FINALIZED_WITHIN_C2_LIMIT,0.271156,1.42
3801,40000.0,0.0688,greedy,ZYZZYVA,4.0,0.5,0.1683,1,1,1,FINALIZED_WITHIN_C2_LIMIT,0.693535,1.274
3802,40000.0,0.0685,greedy,ZYZZYVA,4.0,0.5,0.1683,1,1,1,FINALIZED_WITHIN_C2_LIMIT,0.509721,1.357
3803,40000.0,0.0683,greedy,ZYZZYVA,4.0,0.5,0.1683,1,1,1,FINALIZED_WITHIN_C2_LIMIT,0.126538,1.397
3804,40000.0,0.068,greedy,ZYZZYVA,4.0,0.5,0.1683,1,1,1,FINALIZED_WITHIN_C2_LIMIT,0.249145,1.656
3805,40000.0,0.0678,greedy,ZYZZYVA,4.0,0.5,0.1683,1,1,1,FINALIZED_WITHIN_C2_LIMIT,0.692175,1.261
3806,40000.0,0.0675,greedy,ZYZZYVA,4.0,0.5,0.1683,1,1,1,FINALIZED_WITHIN_C2_LIMIT,0.519123,1.291
3807,40000.0,0.0673,greedy,ZYZZYVA,4.0,0.5,0.1683,1,1,1,FINALIZED_WITHIN_C2_LIMIT,0.106497,1.342
3808,40000.0,0.067,greedy,ZYZZYVA,4.0,0.5,0.1683,1,1,1,FINALIZED_WITHIN_C2_LIMIT,0.217199,1.329
3809,40000.0,0.0668,greedy,ZYZZYVA,4.0,0.5,0.1683,1,1,1,FINALIZED_WITHIN_C2_LIMIT,0.585019,1.374
3810,40000.0,0.0665,greedy,ZYZZYVA,4.0,0.5,0.1683,1,1,1,FINALIZED_WITHIN_C2_LIMIT,0.444162,1.163
3811,40000.0,0.0663,greedy,ZYZZYVA,4.0,0.5,0.1683,1,1,1,FINALIZED_WITHIN_C2_LIMIT,0.068276,1.347
3812,40000.0,0.0661,greedy,ZYZZYVA,4.0,0.5,0.1683,1,1,1,FINALIZED_WITHIN_C2_LIMIT,0.3184,1.37
3813,4444.444,0.0658,explore,PBFT,4.0,4.5,0.0881,1,1,1,FINALIZED_WITHIN_C2_LIMIT,0.680615,1.792
3814,40000.0,0.0656,greedy,ZYZZYVA,4.0,0.5,0.1683,1,1,1,FINALIZED_WITHIN_C2_LIMIT,0.558843,1.506
3815,40000.0,0.0653,greedy,ZYZZYVA,4.0,0.5,0.1683,1,1,1,FINALIZED_WITHIN_C2_LIMIT,0.143022,1.198
3816,40000.0,0.0651,greedy,ZYZZYVA,4.0,0.5,0.1683,1,1,1,FINALIZED_WITHIN_C2_LIMIT,0.200987,1.271
3817,40000.0,0.0648,greedy,ZYZZYVA,4.0,0.5,0.1683,1,1,1,FINALIZED_WITHIN_C2_LIMIT,0.464178,1.336
3818,40000.0,0.0646,greedy,ZYZZYVA,4.0,0.5,0.1683,1,1,1,FINALIZED_WITHIN_C2_LIMIT,0.471824,1.379
3819,40000.0,0.0643,greedy,ZYZZYVA,4.0,0.5,0.1683,1,1,1,FINALIZED_WITHIN_C2_LIMIT,0.057421,1.375
3820,40000.0,0.0641,greedy,ZYZZYVA,4.0,0.5,0.1683,1,1,1,FINALIZED_WITHIN_C2_LIMIT,0.32951,1.442
3821,40000.0,0.0639,greedy,ZYZZYVA,4.0,0.5,0.1683,1,1,1,FINALIZED_WITHIN_C2_LIMIT,0.790884,1.576
3822,40000.0,0.0636,greedy,ZYZZYVA,4.0,0.5,0.1683,1,1,1,FINALIZED_WITHIN_C2_LIMIT,0.709907,1.413
3823,40000.0,0.0634,greedy,ZYZZYVA,4.0,0.5,0.1683,1,1,1,FINALIZED_WITHIN_C2_LIMIT,0.183091,1.426
3824,40000.0,0.0631,greedy,ZYZZYVA,4.0,0.5,0.1683,1,1,1,FINALIZED_WITHIN_C2_LIMIT,0.157418,1.325
3825,40000.0,0.0629,greedy,ZYZZYVA,4.0,0.5,0.1683,1,1,1,FINALIZED_WITHIN_C2_LIMIT,0.435971,1.437
3826,40000.0,0.0626,greedy,ZYZZYVA,4.0,0.5,0.1683,1,1,1,FINALIZED_WITHIN_C2_LIMIT,0.3613,1.271
3827,40000.0,0.0624,greedy,ZYZZYVA,4.0,0.5,0.1683,1,1,1,FINALIZED_WITHIN_C2_LIMIT,0.050264,1.509
3828,40000.0,0.0621,greedy,ZYZZYVA,4.0,0.5,0.1683,1,1,1,FINALIZED_WITHIN_C2_LIMIT,0.364294,1.716
3829,40000.0,0.0619,greedy,ZYZZYVA,4.0,0.5,0.1683,1,1,1,FINALIZED_WITHIN_C2_LIMIT,0.762204,1.37
3830,40000.0,0.0616,greedy,ZYZZYVA,4.0,0.5,0.1683,1,1,1,FINALIZED_WITHIN_C2_LIMIT,0.658828,1.364
3831,40000.0,0.0614,greedy,ZYZZYVA,4.0,0.5,0.1683,1,1,1,FINALIZED_WITHIN_C2_LIMIT,0.146192,1.428
3832,40000.0,0.0612,greedy,ZYZZYVA,4.0,0.5,0.1683,1,1,1,FINALIZED_WITHIN_C2_LIMIT,0.155132,1.374
3833,40000.0,0.0609,greedy,ZYZZYVA,4.0,0.5,0.1683,1,1,1,FINALIZED_WITHIN_C2_LIMIT,0.510907,1.368
3834,40000.0,0.0607,greedy,ZYZZYVA,4.0,0.5,0.1683,1,1,1,FINALIZED_WITHIN_C2_LIMIT,0.490886,1.823
3835,40000.0,0.0604,greedy,ZYZZYVA,4.0,0.5,0.1683,1,1,1,FINALIZED_WITHIN_C2_LIMIT,0.127658,1.516
3836,40000.0,0.0602,greedy,ZYZZYVA,4.0,0.5,0.1683,1,1,1,FINALIZED_WITHIN_C2_LIMIT,0.257275,1.406
3837,2000.0,0.0599,explore,LIU_QUORUM,4.0,10.0,0.0786,1,1,1,FINALIZED_WITHIN_C2_LIMIT,0.634273,1.551
3838,40000.0,0.0597,greedy,ZYZZYVA,4.0,0.5,0.1459,1,1,1,FINALIZED_WITHIN_C2_LIMIT,0.513861,1.349
3839,40000.0,0.0594,greedy,ZYZZYVA,4.0,0.5,0.1459,1,1,1,FINALIZED_WITHIN_C2_LIMIT,0.081533,1.451
3840,40000.0,0.0592,greedy,ZYZZYVA,4.0,0.5,0.1459,1,1,1,FINALIZED_WITHIN_C2_LIMIT,0.300974,1.362
3841,40000.0,0.059,greedy,ZYZZYVA,4.0,0.5,0.1459,1,1,1,FINALIZED_WITHIN_C2_LIMIT,0.698472,1.434
3842,20000.0,0.0587,explore,ZYZZYVA,4.0,1.0,0.0769,1,1,1,FINALIZED_WITHIN_C2_LIMIT,0.594584,1.436
3843,40000.0,0.0585,greedy,ZYZZYVA,4.0,0.5,0.1459,1,1,1,FINALIZED_WITHIN_C2_LIMIT,0.114105,1.424
3844,40000.0,0.0582,greedy,ZYZZYVA,4.0,0.5,0.1459,1,1,1,FINALIZED_WITHIN_C2_LIMIT,0.162141,1.447
3845,40000.0,0.058,greedy,ZYZZYVA,4.0,0.5,0.1459,1,1,1,FINALIZED_WITHIN_C2_LIMIT,0.449783,1.26
3846,40000.0,0.0577,greedy,ZYZZYVA,4.0,0.5,0.1459,1,1,1,FINALIZED_WITHIN_C2_LIMIT,0.34062,1.322
3847,40000.0,0.0575,greedy,ZYZZYVA,4.0,0.5,0.1459,1,1,1,FINALIZED_WITHIN_C2_LIMIT,0.051233,1.311
3848,40000.0,0.0572,greedy,ZYZZYVA,4.0,0.5,0.1459,1,1,1,FINALIZED_WITHIN_C2_LIMIT,0.356417,1.295
3849,40000.0,0.057,greedy,ZYZZYVA,4.0,0.5,0.1459,1,1,1,FINALIZED_WITHIN_C2_LIMIT,0.83056,1.318
3850,40000.0,0.0567,greedy,ZYZZYVA,4.0,0.5,0.1459,1,1,1,FINALIZED_WITHIN_C2_LIMIT,0.68887,1.198
3851,40000.0,0.0565,greedy,ZYZZYVA,4.0,0.5,0.1459,1,1,1,FINALIZED_WITHIN_C2_LIMIT,0.283217,1.275
3852,40000.0,0.0563,greedy,ZYZZYVA,4.0,0.5,0.1459,1,1,1,FINALIZED_WITHIN_C2_LIMIT,0.156053,1.262
3853,40000.0,0.056,greedy,ZYZZYVA,4.0,0.5,0.1421,1,1,1,FINALIZED_WITHIN_C2_LIMIT,0.359178,1.264
3854,40000.0,0.0558,greedy,ZYZZYVA,4.0,0.5,0.1459,1,1,1,FINALIZED_WITHIN_C2_LIMIT,0.233703,1.359
3855,40000.0,0.0555,greedy,ZYZZYVA,4.0,0.5,0.1459,1,1,1,FINALIZED_WITHIN_C2_LIMIT,0.029588,1.356
3856,40000.0,0.0553,greedy,ZYZZYVA,4.0,0.5,0.1459,1,1,1,FINALIZED_WITHIN_C2_LIMIT,0.574833,1.408
3857,40000.0,0.055,greedy,ZYZZYVA,4.0,0.5,0.1459,1,1,1,FINALIZED_WITHIN_C2_LIMIT,0.993392,1.179
3858,40000.0,0.0548,greedy,ZYZZYVA,4.0,0.5,0.1459,1,1,1,FINALIZED_WITHIN_C2_LIMIT,0.841674,1.299
3859,40000.0,0.0545,greedy,ZYZZYVA,4.0,0.5,0.1421,1,1,1,FINALIZED_WITHIN_C2_LIMIT,0.276964,1.23
3860,40000.0,0.0543,greedy,ZYZZYVA,4.0,0.5,0.1421,1,1,1,FINALIZED_WITHIN_C2_LIMIT,0.061484,1.265
3861,40000.0,0.0541,greedy,ZYZZYVA,4.0,0.5,0.1421,1,1,1,FINALIZED_WITHIN_C2_LIMIT,0.280649,1.562
3862,2857.143,0.0538,explore,ZYZZYVA,4.0,7.0,0.069,1,1,1,FINALIZED_WITHIN_C2_LIMIT,0.192445,1.324
3863,40000.0,0.0536,greedy,ZYZZYVA,4.0,0.5,0.1421,1,1,1,FINALIZED_WITHIN_C2_LIMIT,0.034171,1.368
3864,40000.0,0.0533,greedy,ZYZZYVA,4.0,0.5,0.1459,1,1,1,FINALIZED_WITHIN_C2_LIMIT,0.44835,1.461
3865,40000.0,0.0531,greedy,ZYZZYVA,4.0,0.5,0.1459,1,1,1,FINALIZED_WITHIN_C2_LIMIT,0.630446,1.328
3866,40000.0,0.0528,greedy,ZYZZYVA,4.0,0.5,0.1487,1,1,1,FINALIZED_WITHIN_C2_LIMIT,0.38244,1.363
3867,40000.0,0.0526,greedy,ZYZZYVA,4.0,0.5,0.1475,1,1,1,FINALIZED_WITHIN_C2_LIMIT,0.056305,1.206
3868,40000.0,0.0523,greedy,ZYZZYVA,4.0,0.5,0.1475,1,1,1,FINALIZED_WITHIN_C2_LIMIT,0.084589,1.431
3869,40000.0,0.0521,greedy,ZYZZYVA,4.0,0.5,0.1347,1,1,1,FINALIZED_WITHIN_C2_LIMIT,0.082018,1.213
3870,40000.0,0.0518,greedy,ZYZZYVA,4.0,0.5,0.1347,1,1,1,FINALIZED_WITHIN_C2_LIMIT,0.038616,1.261
3871,40000.0,0.0516,greedy,ZYZZYVA,4.0,0.5,0.1332,1,1,1,FINALIZED_WITHIN_C2_LIMIT,0.164481,1.229
3872,40000.0,0.0514,greedy,ZYZZYVA,4.0,0.5,0.1332,1,1,1,FINALIZED_WITHIN_C2_LIMIT,0.227932,1.299
3873,40000.0,0.0511,greedy,ZYZZYVA,4.0,0.5,0.1347,1,1,1,FINALIZED_WITHIN_C2_LIMIT,0.049412,1.299
3874,40000.0,0.0509,greedy,ZYZZYVA,4.0,0.5,0.1347,1,1,1,FINALIZED_WITHIN_C2_LIMIT,0.3128,1.18
3875,40000.0,0.0506,greedy,ZYZZYVA,4.0,0.5,0.1459,1,1,1,FINALIZED_WITHIN_C2_LIMIT,0.640413,1.29
3876,40000.0,0.0504,greedy,ZYZZYVA,4.0,0.5,0.1459,1,1,1,FINALIZED_WITHIN_C2_LIMIT,0.445787,1.322
3877,40000.0,0.0501,greedy,ZYZZYVA,4.0,0.5,0.1459,1,1,1,FINALIZED_WITHIN_C2_LIMIT,0.036017,1.356
3878,40000.0,0.0499,greedy,ZYZZYVA,4.0,0.5,0.1459,1,1,1,FINALIZED_WITHIN_C2_LIMIT,0.462551,1.458
3879,40000.0,0.0496,greedy,ZYZZYVA,4.0,0.5,0.1459,1,1,1,FINALIZED_WITHIN_C2_LIMIT,1.113232,1.45
3880,40000.0,0.0494,greedy,ZYZZYVA,4.0,0.5,0.1459,1,1,1,FINALIZED_WITHIN_C2_LIMIT,1.074468,1.404
3881,40000.0,0.0492,greedy,ZYZZYVA,4.0,0.5,0.1459,1,1,1,FINALIZED_WITHIN_C2_LIMIT,0.566259,1.325
3882,40000.0,0.0489,greedy,ZYZZYVA,4.0,0.5,0.1459,1,1,1,FINALIZED_WITHIN_C2_LIMIT,0.064851,1.252
3883,40000.0,0.0487,greedy,ZYZZYVA,4.0,0.5,0.1459,1,1,1,FINALIZED_WITHIN_C2_LIMIT,0.069361,1.31
3884,40000.0,0.0484,greedy,ZYZZYVA,4.0,0.5,0.1459,1,1,1,FINALIZED_WITHIN_C2_LIMIT,0.02525,1.306
3885,40000.0,0.0482,greedy,ZYZZYVA,4.0,0.5,0.1347,1,1,1,FINALIZED_WITHIN_C2_LIMIT,0.200332,1.184
3886,40000.0,0.0479,greedy,ZYZZYVA,4.0,0.5,0.1475,1,1,1,FINALIZED_WITHIN_C2_LIMIT,0.226038,1.296
3887,40000.0,0.0477,greedy,ZYZZYVA,4.0,0.5,0.1347,1,1,1,FINALIZED_WITHIN_C2_LIMIT,0.079735,1.424
3888,40000.0,0.0474,greedy,ZYZZYVA,4.0,0.5,0.1347,1,1,1,FINALIZED_WITHIN_C2_LIMIT,0.150581,1.376
3889,40000.0,0.0472,greedy,ZYZZYVA,4.0,0.5,0.1347,1,1,1,FINALIZED_WITHIN_C2_LIMIT,0.38216,1.306
3890,40000.0,0.0469,greedy,ZYZZYVA,4.0,0.5,0.1347,1,1,1,FINALIZED_WITHIN_C2_LIMIT,0.200039,1.292
3891,40000.0,0.0467,greedy,ZYZZYVA,4.0,0.5,0.1332,1,1,1,FINALIZED_WITHIN_C2_LIMIT,0.051828,1.326
3892,40000.0,0.0465,greedy,ZYZZYVA,4.0,0.5,0.1332,1,1,1,FINALIZED_WITHIN_C2_LIMIT,0.081046,1.266
3893,40000.0,0.0462,greedy,ZYZZYVA,4.0,0.5,0.1347,1,1,1,FINALIZED_WITHIN_C2_LIMIT,0.027933,1.293
3894,40000.0,0.046,greedy,ZYZZYVA,4.0,0.5,0.1347,1,1,1,FINALIZED_WITHIN_C2_LIMIT,0.022234,1.337
3895,40000.0,0.0457,greedy,ZYZZYVA,4.0,0.5,0.1347,1,1,1,FINALIZED_WITHIN_C2_LIMIT,0.068045,1.428
3896,40000.0,0.0455,greedy,ZYZZYVA,4.0,0.5,0.1487,1,1,1,FINALIZED_WITHIN_C2_LIMIT,0.028197,1.25
3897,40000.0,0.0452,greedy,ZYZZYVA,4.0,0.5,0.1581,1,1,1,FINALIZED_WITHIN_C2_LIMIT,0.213172,1.191
3898,40000.0,0.045,greedy,ZYZZYVA,4.0,0.5,0.1581,1,1,1,FINALIZED_WITHIN_C2_LIMIT,0.281264,1.245
3899,40000.0,0.0447,greedy,ZYZZYVA,4.0,0.5,0.1487,1,1,1,FINALIZED_WITHIN_C2_LIMIT,0.057872,1.335
3900,40000.0,0.0445,greedy,ZYZZYVA,4.0,0.5,0.1487,1,1,1,FINALIZED_WITHIN_C2_LIMIT,0.18196,1.4
3901,40000.0,0.0443,greedy,ZYZZYVA,4.0,0.5,0.1459,1,1,1,FINALIZED_WITHIN_C2_LIMIT,0.398312,1.365
3902,40000.0,0.044,greedy,ZYZZYVA,4.0,0.5,0.1487,1,1,1,FINALIZED_WITHIN_C2_LIMIT,0.198284,1.464
3903,40000.0,0.0438,greedy,ZYZZYVA,4.0,0.5,0.1487,1,1,1,FINALIZED_WITHIN_C2_LIMIT,0.033373,1.375
3904,40000.0,0.0435,greedy,ZYZZYVA,4.0,0.5,0.1487,1,1,1,FINALIZED_WITHIN_C2_LIMIT,0.078953,1.302
3905,40000.0,0.0433,greedy,ZYZZYVA,4.0,0.5,0.1487,1,1,1,FINALIZED_WITHIN_C2_LIMIT,0.025055,1.382
3906,40000.0,0.043,greedy,ZYZZYVA,4.0,0.5,0.1487,1,1,1,FINALIZED_WITHIN_C2_LIMIT,0.017351,1.34
3907,40000.0,0.0428,greedy,ZYZZYVA,4.0,0.5,0.1487,1,1,1,FINALIZED_WITHIN_C2_LIMIT,0.03183,1.247
3908,40000.0,0.0425,greedy,ZYZZYVA,4.0,0.5,0.1487,1,1,1,FINALIZED_WITHIN_C2_LIMIT,0.033747,1.238
3909,40000.0,0.0423,greedy,ZYZZYVA,4.0,0.5,0.1487,1,1,1,FINALIZED_WITHIN_C2_LIMIT,0.043095,1.531
3910,40000.0,0.0421,greedy,ZYZZYVA,4.0,0.5,0.1487,1,1,1,FINALIZED_WITHIN_C2_LIMIT,0.057816,1.467
3911,40000.0,0.0418,greedy,ZYZZYVA,4.0,0.5,0.1487,1,1,1,FINALIZED_WITHIN_C2_LIMIT,0.035627,1.211
3912,40000.0,0.0416,greedy,ZYZZYVA,4.0,0.5,0.1487,1,1,1,FINALIZED_WITHIN_C2_LIMIT,0.157839,1.333
3913,40000.0,0.0413,greedy,ZYZZYVA,4.0,0.5,0.1347,1,1,1,FINALIZED_WITHIN_C2_LIMIT,0.199653,1.369
3914,40000.0,0.0411,greedy,ZYZZYVA,4.0,0.5,0.1347,1,1,1,FINALIZED_WITHIN_C2_LIMIT,0.038258,1.253
3915,40000.0,0.0408,greedy,ZYZZYVA,4.0,0.5,0.1459,1,1,1,FINALIZED_WITHIN_C2_LIMIT,0.444818,1.212
3916,40000.0,0.0406,greedy,ZYZZYVA,4.0,0.5,0.1421,1,1,1,FINALIZED_WITHIN_C2_LIMIT,0.772486,1.185
3917,40000.0,0.0403,greedy,ZYZZYVA,4.0,0.5,0.1421,1,1,1,FINALIZED_WITHIN_C2_LIMIT,0.57993,1.189
3918,40000.0,0.0401,greedy,ZYZZYVA,4.0,0.5,0.1459,1,1,1,FINALIZED_WITHIN_C2_LIMIT,0.093144,1.289
3919,40000.0,0.0398,greedy,ZYZZYVA,4.0,0.5,0.1459,1,1,1,FINALIZED_WITHIN_C2_LIMIT,0.373697,1.377
3920,40000.0,0.0396,greedy,ZYZZYVA,4.0,0.5,0.1459,1,1,1,FINALIZED_WITHIN_C2_LIMIT,0.781376,1.261
3921,40000.0,0.0394,greedy,ZYZZYVA,4.0,0.5,0.1459,1,1,1,FINALIZED_WITHIN_C2_LIMIT,0.745296,1.603
3922,40000.0,0.0391,greedy,ZYZZYVA,4.0,0.5,0.1459,1,1,1,FINALIZED_WITHIN_C2_LIMIT,0.303374,1.371
3923,40000.0,0.0389,greedy,ZYZZYVA,4.0,0.5,0.1421,1,1,1,FINALIZED_WITHIN_C2_LIMIT,0.154887,1.215
3924,40000.0,0.0386,greedy,ZYZZYVA,4.0,0.5,0.1421,1,1,1,FINALIZED_WITHIN_C2_LIMIT,0.355258,1.387
3925,40000.0,0.0384,greedy,ZYZZYVA,4.0,0.5,0.1421,1,1,1,FINALIZED_WITHIN_C2_LIMIT,0.199995,1.349
3926,40000.0,0.0381,greedy,ZYZZYVA,4.0,0.5,0.1421,1,1,1,FINALIZED_WITHIN_C2_LIMIT,0.074704,1.383
3927,40000.0,0.0379,greedy,ZYZZYVA,4.0,0.5,0.1421,1,1,1,FINALIZED_WITHIN_C2_LIMIT,0.356913,1.278
3928,40000.0,0.0376,greedy,ZYZZYVA,4.0,0.5,0.1421,1,1,1,FINALIZED_WITHIN_C2_LIMIT,0.492199,1.242
3929,40000.0,0.0374,greedy,ZYZZYVA,4.0,0.5,0.1347,1,1,1,FINALIZED_WITHIN_C2_LIMIT,0.207817,1.454
3930,40000.0,0.0372,greedy,ZYZZYVA,4.0,0.5,0.1347,1,1,1,FINALIZED_WITHIN_C2_LIMIT,0.030762,1.243
3931,40000.0,0.0369,greedy,ZYZZYVA,4.0,0.5,0.1459,1,1,1,FINALIZED_WITHIN_C2_LIMIT,0.234964,1.47
3932,40000.0,0.0367,greedy,ZYZZYVA,4.0,0.5,0.1347,1,1,1,FINALIZED_WITHIN_C2_LIMIT,0.068804,1.438
3933,40000.0,0.0364,greedy,ZYZZYVA,4.0,0.5,0.1347,1,1,1,FINALIZED_WITHIN_C2_LIMIT,0.288153,1.493
3934,40000.0,0.0362,greedy,ZYZZYVA,4.0,0.5,0.1163,1,1,1,FINALIZED_WITHIN_C2_LIMIT,0.593506,1.541
3935,40000.0,0.0359,greedy,ZYZZYVA,4.0,0.5,0.1163,1,1,1,FINALIZED_WITHIN_C2_LIMIT,0.294699,1.498
3936,40000.0,0.0357,greedy,ZYZZYVA,4.0,0.5,0.1163,1,1,1,FINALIZED_WITHIN_C2_LIMIT,0.027519,1.441
3937,40000.0,0.0354,greedy,ZYZZYVA,4.0,0.5,0.1347,1,1,1,FINALIZED_WITHIN_C2_LIMIT,0.039743,1.52
3938,40000.0,0.0352,greedy,ZYZZYVA,4.0,0.5,0.1162,1,1,1,FINALIZED_WITHIN_C2_LIMIT,0.052267,1.917
3939,40000.0,0.0349,greedy,ZYZZYVA,4.0,0.5,0.1347,1,1,1,FINALIZED_WITHIN_C2_LIMIT,0.032672,1.321
3940,40000.0,0.0347,greedy,ZYZZYVA,4.0,0.5,0.1347,1,1,1,FINALIZED_WITHIN_C2_LIMIT,0.073921,1.274
3941,40000.0,0.0345,greedy,ZYZZYVA,4.0,0.5,0.1347,1,1,1,FINALIZED_WITHIN_C2_LIMIT,0.026782,1.356
3942,40000.0,0.0342,greedy,ZYZZYVA,4.0,0.5,0.1347,1,1,1,FINALIZED_WITHIN_C2_LIMIT,0.160138,1.507
3943,40000.0,0.034,greedy,ZYZZYVA,4.0,0.5,0.1459,1,1,1,FINALIZED_WITHIN_C2_LIMIT,0.193994,1.552
3944,40000.0,0.0337,greedy,ZYZZYVA,4.0,0.5,0.1347,1,1,1,FINALIZED_WITHIN_C2_LIMIT,0.034375,1.472
3945,40000.0,0.0335,greedy,ZYZZYVA,4.0,0.5,0.1332,1,1,1,FINALIZED_WITHIN_C2_LIMIT,0.469032,1.654
3946,40000.0,0.0332,greedy,ZYZZYVA,4.0,0.5,0.1332,1,1,1,FINALIZED_WITHIN_C2_LIMIT,0.827613,1.353
3947,40000.0,0.033,greedy,ZYZZYVA,4.0,0.5,0.1347,1,1,1,FINALIZED_WITHIN_C2_LIMIT,0.257991,1.433
3948,40000.0,0.0327,greedy,ZYZZYVA,4.0,0.5,0.1459,1,1,1,FINALIZED_WITHIN_C2_LIMIT,0.05782,1.512
3949,40000.0,0.0325,greedy,ZYZZYVA,4.0,0.5,0.1459,1,1,1,FINALIZED_WITHIN_C2_LIMIT,0.067596,1.485
3950,40000.0,0.0323,greedy,ZYZZYVA,4.0,0.5,0.1459,1,1,1,FINALIZED_WITHIN_C2_LIMIT,0.03013,1.333
3951,40000.0,0.032,greedy,ZYZZYVA,4.0,0.5,0.1459,1,1,1,FINALIZED_WITHIN_C2_LIMIT,0.040205,1.502
3952,40000.0,0.0318,greedy,ZYZZYVA,4.0,0.5,0.1459,1,1,1,FINALIZED_WITHIN_C2_LIMIT,0.059288,1.369
3953,40000.0,0.0315,greedy,ZYZZYVA,4.0,0.5,0.1459,1,1,1,FINALIZED_WITHIN_C2_LIMIT,0.060671,1.576
3954,40000.0,0.0313,greedy,ZYZZYVA,4.0,0.5,0.1459,1,1,1,FINALIZED_WITHIN_C2_LIMIT,0.099529,1.379
3955,40000.0,0.031,greedy,ZYZZYVA,4.0,0.5,0.1459,1,1,1,FINALIZED_WITHIN_C2_LIMIT,0.063927,1.367
3956,2666.667,0.0308,explore,PBFT,4.0,7.5,0.0688,1,1,1,FINALIZED_WITHIN_C2_LIMIT,0.100502,1.648
3957,40000.0,0.0305,greedy,ZYZZYVA,4.0,0.5,0.1459,1,1,1,FINALIZED_WITHIN_C2_LIMIT,0.152619,1.299
3958,40000.0,0.0303,greedy,ZYZZYVA,4.0,0.5,0.1459,1,1,1,FINALIZED_WITHIN_C2_LIMIT,0.031592,1.189
3959,2857.143,0.03,explore,ZYZZYVA,4.0,7.0,0.0708,1,1,1,FINALIZED_WITHIN_C2_LIMIT,0.042959,1.382
3960,3333.333,0.0298,explore,PBFT,4.0,6.0,0.0311,1,1,1,FINALIZED_WITHIN_C2_LIMIT,0.062937,1.478
3961,40000.0,0.0296,greedy,ZYZZYVA,4.0,0.5,0.1487,1,1,1,FINALIZED_WITHIN_C2_LIMIT,0.027541,1.549
3962,40000.0,0.0293,greedy,ZYZZYVA,4.0,0.5,0.1487,1,1,1,FINALIZED_WITHIN_C2_LIMIT,0.285217,1.317
3963,40000.0,0.0291,greedy,ZYZZYVA,4.0,0.5,0.1475,1,1,1,FINALIZED_WITHIN_C2_LIMIT,0.28974,1.364
3964,40000.0,0.0288,greedy,ZYZZYVA,4.0,0.5,0.1591,1,1,1,FINALIZED_WITHIN_C2_LIMIT,0.041436,1.447
3965,0.0,0.0286,greedy,ZYZZYVA,4.0,0.5,0.2068,0,1,1,FINALIZED_WITHIN_C2_LIMIT,0.45957,1.506
3966,40000.0,0.0283,greedy,ZYZZYVA,4.0,0.5,0.1753,1,1,1,FINALIZED_WITHIN_C2_LIMIT,0.877042,1.507
3967,40000.0,0.0281,greedy,ZYZZYVA,4.0,0.5,0.1753,1,1,1,FINALIZED_WITHIN_C2_LIMIT,0.68356,1.381
3968,40000.0,0.0278,greedy,ZYZZYVA,4.0,0.5,0.1753,1,1,1,FINALIZED_WITHIN_C2_LIMIT,0.067114,1.363
3969,40000.0,0.0276,greedy,ZYZZYVA,4.0,0.5,0.1285,1,1,1,FINALIZED_WITHIN_C2_LIMIT,0.398192,1.355
3970,40000.0,0.0273,greedy,ZYZZYVA,4.0,0.5,0.0771,1,1,1,FINALIZED_WITHIN_C2_LIMIT,0.356359,1.405
3971,40000.0,0.0271,greedy,ZYZZYVA,4.0,0.5,0.1366,1,1,1,FINALIZED_WITHIN_C2_LIMIT,0.045318,1.289
3972,40000.0,0.0269,greedy,ZYZZYVA,4.0,0.5,0.1421,1,1,1,FINALIZED_WITHIN_C2_LIMIT,0.194665,1.663
3973,40000.0,0.0266,greedy,ZYZZYVA,4.0,0.5,0.1421,1,1,1,FINALIZED_WITHIN_C2_LIMIT,0.204345,1.471
3974,40000.0,0.0264,greedy,ZYZZYVA,4.0,0.5,0.1459,1,1,1,FINALIZED_WITHIN_C2_LIMIT,0.041182,1.422
3975,40000.0,0.0261,greedy,ZYZZYVA,4.0,0.5,0.1421,1,1,1,FINALIZED_WITHIN_C2_LIMIT,0.627124,1.369
3976,40000.0,0.0259,greedy,ZYZZYVA,4.0,0.5,0.1421,1,1,1,FINALIZED_WITHIN_C2_LIMIT,1.243609,1.246
3977,40000.0,0.0256,greedy,ZYZZYVA,4.0,0.5,0.1459,1,1,1,FINALIZED_WITHIN_C2_LIMIT,1.020864,1.283
3978,40000.0,0.0254,greedy,ZYZZYVA,4.0,0.5,0.1459,1,1,1,FINALIZED_WITHIN_C2_LIMIT,0.321902,1.297
3979,40000.0,0.0251,greedy,ZYZZYVA,4.0,0.5,0.1459,1,1,1,FINALIZED_WITHIN_C2_LIMIT,0.07928,1.296
3980,40000.0,0.0249,greedy,ZYZZYVA,4.0,0.5,0.1459,1,1,1,FINALIZED_WITHIN_C2_LIMIT,0.302676,1.276
3981,40000.0,0.0247,greedy,ZYZZYVA,4.0,0.5,0.1683,1,1,1,FINALIZED_WITHIN_C2_LIMIT,0.262379,1.449
3982,40000.0,0.0244,greedy,ZYZZYVA,4.0,0.5,0.1683,1,1,1,FINALIZED_WITHIN_C2_LIMIT,0.049274,1.426
3983,40000.0,0.0242,greedy,ZYZZYVA,4.0,0.5,0.1683,1,1,1,FINALIZED_WITHIN_C2_LIMIT,0.268709,1.322
3984,40000.0,0.0239,greedy,ZYZZYVA,4.0,0.5,0.1683,1,1,1,FINALIZED_WITHIN_C2_LIMIT,0.312985,1.186
3985,40000.0,0.0237,greedy,ZYZZYVA,4.0,0.5,0.1683,1,1,1,FINALIZED_WITHIN_C2_LIMIT,0.094002,1.233
3986,40000.0,0.0234,greedy,ZYZZYVA,4.0,0.5,0.1683,1,1,1,FINALIZED_WITHIN_C2_LIMIT,0.15138,1.276
3987,40000.0,0.0232,greedy,ZYZZYVA,4.0,0.5,0.1683,1,1,1,FINALIZED_WITHIN_C2_LIMIT,0.408679,1.385
3988,40000.0,0.0229,greedy,ZYZZYVA,4.0,0.5,0.1683,1,1,1,FINALIZED_WITHIN_C2_LIMIT,0.230694,1.331
3989,40000.0,0.0227,greedy,ZYZZYVA,4.0,0.5,0.1683,1,1,1,FINALIZED_WITHIN_C2_LIMIT,0.085842,1.314
3990,40000.0,0.0224,greedy,ZYZZYVA,4.0,0.5,0.1683,1,1,1,FINALIZED_WITHIN_C2_LIMIT,0.081999,1.304
3991,40000.0,0.0222,greedy,ZYZZYVA,4.0,0.5,0.1683,1,1,1,FINALIZED_WITHIN_C2_LIMIT,0.13193,1.34
3992,40000.0,0.022,greedy,ZYZZYVA,4.0,0.5,0.1683,1,1,1,FINALIZED_WITHIN_C2_LIMIT,0.045948,1.437
3993,40000.0,0.0217,greedy,ZYZZYVA,4.0,0.5,0.1683,1,1,1,FINALIZED_WITHIN_C2_LIMIT,0.160326,1.535
3994,40000.0,0.0215,greedy,ZYZZYVA,4.0,0.5,0.1753,1,1,1,FINALIZED_WITHIN_C2_LIMIT,0.021706,1.42
3995,40000.0,0.0212,greedy,ZYZZYVA,4.0,0.5,0.1753,1,1,1,FINALIZED_WITHIN_C2_LIMIT,0.072227,1.363
3996,40000.0,0.021,greedy,ZYZZYVA,4.0,0.5,0.1975,1,1,1,FINALIZED_WITHIN_C2_LIMIT,0.055428,1.488
3997,40000.0,0.0207,greedy,ZYZZYVA,4.0,0.5,0.1753,1,1,1,FINALIZED_WITHIN_C2_LIMIT,0.050506,1.649
3998,40000.0,0.0205,greedy,ZYZZYVA,4.0,0.5,0.1932,1,1,1,FINALIZED_WITHIN_C2_LIMIT,0.068449,1.32
3999,40000.0,0.0202,greedy,ZYZZYVA,4.0,0.5,0.1683,1,1,1,FINALIZED_WITHIN_C2_LIMIT,0.080212,1.272
4000,40000.0,0.02,greedy,ZYZZYVA,4.0,0.5,0.1683,1,1,1,FINALIZED_WITHIN_C2_LIMIT,0.097676,1.422
4001,40000.0,0.02,greedy,ZYZZYVA,4.0,0.5,0.1683,1,1,1,FINALIZED_WITHIN_C2_LIMIT,0.175531,1.352
4002,40000.0,0.02,greedy,ZYZZYVA,4.0,0.5,0.1683,1,1,1,FINALIZED_WITHIN_C2_LIMIT,0.041179,1.321
4003,40000.0,0.02,greedy,ZYZZYVA,4.0,0.5,0.1683,1,1,1,FINALIZED_WITHIN_C2_LIMIT,0.093407,1.238
4004,40000.0,0.02,greedy,ZYZZYVA,4.0,0.5,0.1683,1,1,1,FINALIZED_WITHIN_C2_LIMIT,0.020456,1.348
4005,40000.0,0.02,greedy,ZYZZYVA,4.0,0.5,0.1683,1,1,1,FINALIZED_WITHIN_C2_LIMIT,0.232728,1.406
4006,40000.0,0.02,greedy,ZYZZYVA,4.0,0.5,0.1683,1,1,1,FINALIZED_WITHIN_C2_LIMIT,0.355357,1.497
4007,40000.0,0.02,greedy,ZYZZYVA,4.0,0.5,0.1683,1,1,1,FINALIZED_WITHIN_C2_LIMIT,0.134698,1.356
4008,40000.0,0.02,greedy,ZYZZYVA,4.0,0.5,0.1683,1,1,1,FINALIZED_WITHIN_C2_LIMIT,0.147865,1.567
4009,40000.0,0.02,greedy,ZYZZYVA,4.0,0.5,0.1683,1,1,1,FINALIZED_WITHIN_C2_LIMIT,0.304994,1.584
4010,2000.0,0.02,explore,ZYZZYVA,4.0,10.0,0.0708,1,1,1,FINALIZED_WITHIN_C2_LIMIT,0.134694,1.33
4011,40000.0,0.02,greedy,ZYZZYVA,4.0,0.5,0.1683,1,1,1,FINALIZED_WITHIN_C2_LIMIT,0.084096,1.192
4012,40000.0,0.02,greedy,ZYZZYVA,4.0,0.5,0.1683,1,1,1,FINALIZED_WITHIN_C2_LIMIT,0.283678,1.423
4013,40000.0,0.02,greedy,ZYZZYVA,4.0,0.5,0.1683,1,1,1,FINALIZED_WITHIN_C2_LIMIT,0.053212,1.333
4014,40000.0,0.02,greedy,ZYZZYVA,4.0,0.5,0.1683,1,1,1,FINALIZED_WITHIN_C2_LIMIT,0.269069,1.438
4015,40000.0,0.02,greedy,ZYZZYVA,4.0,0.5,0.1683,1,1,1,FINALIZED_WITHIN_C2_LIMIT,0.405698,1.626
4016,40000.0,0.02,greedy,ZYZZYVA,4.0,0.5,0.1683,1,1,1,FINALIZED_WITHIN_C2_LIMIT,0.147039,1.437
4017,40000.0,0.02,greedy,ZYZZYVA,4.0,0.5,0.1683,1,1,1,FINALIZED_WITHIN_C2_LIMIT,0.072789,1.295
4018,40000.0,0.02,greedy,ZYZZYVA,4.0,0.5,0.1683,1,1,1,FINALIZED_WITHIN_C2_LIMIT,0.201749,1.329
4019,40000.0,0.02,greedy,ZYZZYVA,4.0,0.5,0.1683,1,1,1,FINALIZED_WITHIN_C2_LIMIT,0.06574,1.738
4020,40000.0,0.02,greedy,ZYZZYVA,4.0,0.5,0.1683,1,1,1,FINALIZED_WITHIN_C2_LIMIT,0.161376,1.543
4021,40000.0,0.02,greedy,ZYZZYVA,4.0,0.5,0.1683,1,1,1,FINALIZED_WITHIN_C2_LIMIT,0.277644,1.624
4022,40000.0,0.02,greedy,ZYZZYVA,4.0,0.5,0.1683,1,1,1,FINALIZED_WITHIN_C2_LIMIT,0.106275,1.595
4023,40000.0,0.02,greedy,ZYZZYVA,4.0,0.5,0.1683,1,1,1,FINALIZED_WITHIN_C2_LIMIT,0.176282,1.187
4024,40000.0,0.02,greedy,ZYZZYVA,4.0,0.5,0.1683,1,1,1,FINALIZED_WITHIN_C2_LIMIT,0.306108,1.657
4025,40000.0,0.02,greedy,ZYZZYVA,4.0,0.5,0.1683,1,1,1,FINALIZED_WITHIN_C2_LIMIT,0.249338,1.437
4026,8000.0,0.02,explore,PBFT,4.0,2.5,0.0933,1,1,1,FINALIZED_WITHIN_C2_LIMIT,0.073479,1.685
4027,40000.0,0.02,greedy,ZYZZYVA,4.0,0.5,0.1683,1,1,1,FINALIZED_WITHIN_C2_LIMIT,0.161758,1.297
4028,40000.0,0.02,greedy,ZYZZYVA,4.0,0.5,0.1683,1,1,1,FINALIZED_WITHIN_C2_LIMIT,0.066145,1.527
4029,40000.0,0.02,greedy,ZYZZYVA,4.0,0.5,0.1683,1,1,1,FINALIZED_WITHIN_C2_LIMIT,0.236847,1.283
4030,40000.0,0.02,greedy,ZYZZYVA,4.0,0.5,0.1683,1,1,1,FINALIZED_WITHIN_C2_LIMIT,0.453508,1.199
4031,40000.0,0.02,greedy,ZYZZYVA,4.0,0.5,0.1683,1,1,1,FINALIZED_WITHIN_C2_LIMIT,0.183632,1.375
4032,40000.0,0.02,greedy,ZYZZYVA,4.0,0.5,0.1459,1,1,1,FINALIZED_WITHIN_C2_LIMIT,0.081605,1.311
4033,40000.0,0.02,greedy,ZYZZYVA,4.0,0.5,0.1459,1,1,1,FINALIZED_WITHIN_C2_LIMIT,0.177828,1.29
4034,40000.0,0.02,greedy,ZYZZYVA,4.0,0.5,0.1459,1,1,1,FINALIZED_WITHIN_C2_LIMIT,0.07992,1.262
4035,40000.0,0.02,greedy,ZYZZYVA,4.0,0.5,0.1459,1,1,1,FINALIZED_WITHIN_C2_LIMIT,0.205903,1.315
4036,40000.0,0.02,greedy,ZYZZYVA,4.0,0.5,0.1459,1,1,1,FINALIZED_WITHIN_C2_LIMIT,0.330562,1.358
4037,40000.0,0.02,greedy,ZYZZYVA,4.0,0.5,0.1459,1,1,1,FINALIZED_WITHIN_C2_LIMIT,0.161406,1.59
4038,40000.0,0.02,greedy,ZYZZYVA,4.0,0.5,0.1459,1,1,1,FINALIZED_WITHIN_C2_LIMIT,0.124717,1.224
4039,40000.0,0.02,greedy,ZYZZYVA,4.0,0.5,0.1459,1,1,1,FINALIZED_WITHIN_C2_LIMIT,0.228129,1.289
4040,40000.0,0.02,greedy,ZYZZYVA,4.0,0.5,0.1459,1,1,1,FINALIZED_WITHIN_C2_LIMIT,0.069546,1.38
4041,40000.0,0.02,greedy,ZYZZYVA,4.0,0.5,0.1459,1,1,1,FINALIZED_WITHIN_C2_LIMIT,0.146522,1.286
4042,40000.0,0.02,greedy,ZYZZYVA,4.0,0.5,0.1459,1,1,1,FINALIZED_WITHIN_C2_LIMIT,0.300486,1.318
4043,40000.0,0.02,greedy,ZYZZYVA,4.0,0.5,0.1459,1,1,1,FINALIZED_WITHIN_C2_LIMIT,0.084816,1.278
4044,40000.0,0.02,greedy,ZYZZYVA,4.0,0.5,0.1421,1,1,1,FINALIZED_WITHIN_C2_LIMIT,0.137374,1.324
4045,40000.0,0.02,greedy,ZYZZYVA,4.0,0.5,0.1421,1,1,1,FINALIZED_WITHIN_C2_LIMIT,0.249476,1.334
4046,40000.0,0.02,greedy,ZYZZYVA,4.0,0.5,0.1459,1,1,1,FINALIZED_WITHIN_C2_LIMIT,0.077965,1.236
4047,40000.0,0.02,greedy,ZYZZYVA,4.0,0.5,0.1459,1,1,1,FINALIZED_WITHIN_C2_LIMIT,0.134845,1.259
4048,40000.0,0.02,greedy,ZYZZYVA,4.0,0.5,0.1459,1,1,1,FINALIZED_WITHIN_C2_LIMIT,0.305105,1.205
4049,40000.0,0.02,greedy,ZYZZYVA,4.0,0.5,0.1459,1,1,1,FINALIZED_WITHIN_C2_LIMIT,0.105422,1.328
4050,40000.0,0.02,greedy,ZYZZYVA,4.0,0.5,0.1459,1,1,1,FINALIZED_WITHIN_C2_LIMIT,0.113291,1.25
4051,40000.0,0.02,greedy,ZYZZYVA,4.0,0.5,0.1459,1,1,1,FINALIZED_WITHIN_C2_LIMIT,0.227922,1.372
4052,40000.0,0.02,greedy,ZYZZYVA,4.0,0.5,0.1459,1,1,1,FINALIZED_WITHIN_C2_LIMIT,0.067667,1.296
4053,40000.0,0.02,greedy,ZYZZYVA,4.0,0.5,0.1459,1,1,1,FINALIZED_WITHIN_C2_LIMIT,0.203599,1.218
4054,40000.0,0.02,greedy,ZYZZYVA,4.0,0.5,0.1459,1,1,1,FINALIZED_WITHIN_C2_LIMIT,0.303472,1.311
4055,40000.0,0.02,greedy,ZYZZYVA,4.0,0.5,0.1459,1,1,1,FINALIZED_WITHIN_C2_LIMIT,0.113405,1.245
4056,40000.0,0.02,greedy,ZYZZYVA,4.0,0.5,0.1459,1,1,1,FINALIZED_WITHIN_C2_LIMIT,0.094154,1.261
4057,40000.0,0.02,greedy,ZYZZYVA,4.0,0.5,0.1459,1,1,1,FINALIZED_WITHIN_C2_LIMIT,0.198147,1.306
4058,40000.0,0.02,greedy,ZYZZYVA,4.0,0.5,0.1459,1,1,1,FINALIZED_WITHIN_C2_LIMIT,0.062121,1.2
4059,40000.0,0.02,greedy,ZYZZYVA,4.0,0.5,0.1683,1,1,1,FINALIZED_WITHIN_C2_LIMIT,0.217181,1.318
4060,40000.0,0.02,greedy,ZYZZYVA,4.0,0.5,0.1683,1,1,1,FINALIZED_WITHIN_C2_LIMIT,0.39154,1.274
4061,40000.0,0.02,greedy,ZYZZYVA,4.0,0.5,0.1683,1,1,1,FINALIZED_WITHIN_C2_LIMIT,0.146588,1.242
4062,40000.0,0.02,greedy,ZYZZYVA,4.0,0.5,0.1683,1,1,1,FINALIZED_WITHIN_C2_LIMIT,0.062884,1.172
4063,40000.0,0.02,greedy,ZYZZYVA,4.0,0.5,0.1683,1,1,1,FINALIZED_WITHIN_C2_LIMIT,0.145974,1.233
4064,40000.0,0.02,greedy,ZYZZYVA,4.0,0.5,0.1683,1,1,1,FINALIZED_WITHIN_C2_LIMIT,0.038053,1.131
4065,40000.0,0.02,greedy,ZYZZYVA,4.0,0.5,0.1683,1,1,1,FINALIZED_WITHIN_C2_LIMIT,0.240828,1.127
4066,40000.0,0.02,greedy,ZYZZYVA,4.0,0.5,0.1683,1,1,1,FINALIZED_WITHIN_C2_LIMIT,0.428188,1.133
4067,40000.0,0.02,greedy,ZYZZYVA,4.0,0.5,0.1683,1,1,1,FINALIZED_WITHIN_C2_LIMIT,0.250686,1.26
4068,40000.0,0.02,greedy,ZYZZYVA,4.0,0.5,0.1683,1,1,1,FINALIZED_WITHIN_C2_LIMIT,0.031837,1.336
4069,40000.0,0.02,greedy,ZYZZYVA,4.0,0.5,0.1683,1,1,1,FINALIZED_WITHIN_C2_LIMIT,0.124131,1.318
4070,40000.0,0.02,greedy,ZYZZYVA,4.0,0.5,0.1683,1,1,1,FINALIZED_WITHIN_C2_LIMIT,0.027692,1.132
4071,40000.0,0.02,greedy,ZYZZYVA,4.0,0.5,0.1683,1,1,1,FINALIZED_WITHIN_C2_LIMIT,0.245285,1.225
4072,40000.0,0.02,greedy,ZYZZYVA,4.0,0.5,0.1683,1,1,1,FINALIZED_WITHIN_C2_LIMIT,0.425397,1.194
4073,40000.0,0.02,greedy,ZYZZYVA,4.0,0.5,0.1683,1,1,1,FINALIZED_WITHIN_C2_LIMIT,0.150464,1.297
4074,40000.0,0.02,greedy,ZYZZYVA,4.0,0.5,0.1683,1,1,1,FINALIZED_WITHIN_C2_LIMIT,0.080424,1.15
4075,40000.0,0.02,greedy,ZYZZYVA,4.0,0.5,0.1459,1,1,1,FINALIZED_WITHIN_C2_LIMIT,0.128571,1.312
4076,40000.0,0.02,greedy,ZYZZYVA,4.0,0.5,0.1459,1,1,1,FINALIZED_WITHIN_C2_LIMIT,0.038125,1.283
4077,40000.0,0.02,greedy,ZYZZYVA,4.0,0.5,0.1683,1,1,1,FINALIZED_WITHIN_C2_LIMIT,0.171772,1.351
4078,40000.0,0.02,greedy,ZYZZYVA,4.0,0.5,0.1683,1,1,1,FINALIZED_WITHIN_C2_LIMIT,0.344536,1.264
4079,40000.0,0.02,greedy,ZYZZYVA,4.0,0.5,0.1459,1,1,1,FINALIZED_WITHIN_C2_LIMIT,0.164619,1.317
4080,40000.0,0.02,greedy,ZYZZYVA,4.0,0.5,0.1459,1,1,1,FINALIZED_WITHIN_C2_LIMIT,0.063854,1.316
4081,40000.0,0.02,greedy,ZYZZYVA,4.0,0.5,0.1459,1,1,1,FINALIZED_WITHIN_C2_LIMIT,0.142839,1.199
4082,40000.0,0.02,greedy,ZYZZYVA,4.0,0.5,0.1459,1,1,1,FINALIZED_WITHIN_C2_LIMIT,0.040048,1.16
4083,40000.0,0.02,greedy,ZYZZYVA,4.0,0.5,0.1459,1,1,1,FINALIZED_WITHIN_C2_LIMIT,0.2109,1.279
4084,40000.0,0.02,greedy,ZYZZYVA,4.0,0.5,0.1459,1,1,1,FINALIZED_WITHIN_C2_LIMIT,0.390193,1.341
4085,40000.0,0.02,greedy,ZYZZYVA,4.0,0.5,0.1459,1,1,1,FINALIZED_WITHIN_C2_LIMIT,0.158117,1.306
4086,40000.0,0.02,greedy,ZYZZYVA,4.0,0.5,0.1459,1,1,1,FINALIZED_WITHIN_C2_LIMIT,0.060213,1.179
4087,40000.0,0.02,greedy,ZYZZYVA,4.0,0.5,0.1459,1,1,1,FINALIZED_WITHIN_C2_LIMIT,0.1437,1.318
4088,40000.0,0.02,greedy,ZYZZYVA,4.0,0.5,0.1459,1,1,1,FINALIZED_WITHIN_C2_LIMIT,0.034863,1.268
4089,40000.0,0.02,greedy,ZYZZYVA,4.0,0.5,0.1459,1,1,1,FINALIZED_WITHIN_C2_LIMIT,0.223996,1.309
4090,40000.0,0.02,greedy,ZYZZYVA,4.0,0.5,0.1459,1,1,1,FINALIZED_WITHIN_C2_LIMIT,0.423919,1.196
4091,40000.0,0.02,greedy,ZYZZYVA,4.0,0.5,0.1459,1,1,1,FINALIZED_WITHIN_C2_LIMIT,0.179753,1.206
4092,40000.0,0.02,greedy,ZYZZYVA,4.0,0.5,0.1459,1,1,1,FINALIZED_WITHIN_C2_LIMIT,0.05883,1.155
4093,40000.0,0.02,greedy,ZYZZYVA,4.0,0.5,0.1459,1,1,1,FINALIZED_WITHIN_C2_LIMIT,0.098275,1.227
4094,40000.0,0.02,greedy,ZYZZYVA,4.0,0.5,0.1459,1,1,1,FINALIZED_WITHIN_C2_LIMIT,0.042019,1.23
4095,40000.0,0.02,greedy,ZYZZYVA,4.0,0.5,0.1459,1,1,1,FINALIZED_WITHIN_C2_LIMIT,0.269498,1.217
4096,40000.0,0.02,greedy,ZYZZYVA,4.0,0.5,0.1459,1,1,1,FINALIZED_WITHIN_C2_LIMIT,0.432583,1.21
4097,40000.0,0.02,greedy,ZYZZYVA,4.0,0.5,0.1459,1,1,1,FINALIZED_WITHIN_C2_LIMIT,0.234793,1.301
4098,40000.0,0.02,greedy,ZYZZYVA,4.0,0.5,0.1459,1,1,1,FINALIZED_WITHIN_C2_LIMIT,0.047577,1.226
4099,40000.0,0.02,greedy,ZYZZYVA,4.0,0.5,0.1459,1,1,1,FINALIZED_WITHIN_C2_LIMIT,0.060394,1.291
4100,40000.0,0.02,greedy,ZYZZYVA,4.0,0.5,0.1459,1,1,1,FINALIZED_WITHIN_C2_LIMIT,0.024564,1.293
4101,40000.0,0.02,greedy,ZYZZYVA,4.0,0.5,0.1459,1,1,1,FINALIZED_WITHIN_C2_LIMIT,0.046538,1.279
4102,40000.0,0.02,greedy,ZYZZYVA,4.0,0.5,0.1459,1,1,1,FINALIZED_WITHIN_C2_LIMIT,0.046349,1.259
4103,40000.0,0.02,greedy,ZYZZYVA,4.0,0.5,0.1459,1,1,1,FINALIZED_WITHIN_C2_LIMIT,0.021408,1.148
4104,40000.0,0.02,greedy,ZYZZYVA,4.0,0.5,0.1459,1,1,1,FINALIZED_WITHIN_C2_LIMIT,0.044653,1.203
4105,40000.0,0.02,greedy,ZYZZYVA,4.0,0.5,0.1459,1,1,1,FINALIZED_WITHIN_C2_LIMIT,0.120742,1.213
4106,40000.0,0.02,greedy,ZYZZYVA,4.0,0.5,0.1459,1,1,1,FINALIZED_WITHIN_C2_LIMIT,0.253602,1.202
4107,40000.0,0.02,greedy,ZYZZYVA,4.0,0.5,0.1459,1,1,1,FINALIZED_WITHIN_C2_LIMIT,0.215738,1.231
4108,40000.0,0.02,greedy,ZYZZYVA,4.0,0.5,0.1459,1,1,1,FINALIZED_WITHIN_C2_LIMIT,0.057634,1.331
4109,40000.0,0.02,greedy,ZYZZYVA,4.0,0.5,0.1459,1,1,1,FINALIZED_WITHIN_C2_LIMIT,0.43421,1.325
4110,40000.0,0.02,greedy,ZYZZYVA,4.0,0.5,0.1459,1,1,1,FINALIZED_WITHIN_C2_LIMIT,0.621594,1.396
4111,40000.0,0.02,greedy,ZYZZYVA,4.0,0.5,0.1459,1,1,1,FINALIZED_WITHIN_C2_LIMIT,0.552684,1.127
4112,40000.0,0.02,greedy,ZYZZYVA,4.0,0.5,0.1421,1,1,1,FINALIZED_WITHIN_C2_LIMIT,0.085215,1.271
4113,40000.0,0.02,greedy,ZYZZYVA,4.0,0.5,0.1421,1,1,1,FINALIZED_WITHIN_C2_LIMIT,0.352342,1.283
4114,40000.0,0.02,greedy,ZYZZYVA,4.0,0.5,0.1421,1,1,1,FINALIZED_WITHIN_C2_LIMIT,0.876801,1.311
4115,40000.0,0.02,greedy,ZYZZYVA,4.0,0.5,0.1421,1,1,1,FINALIZED_WITHIN_C2_LIMIT,0.791306,1.411
4116,40000.0,0.02,greedy,ZYZZYVA,4.0,0.5,0.1421,1,1,1,FINALIZED_WITHIN_C2_LIMIT,0.244031,1.281
4117,40000.0,0.02,greedy,ZYZZYVA,4.0,0.5,0.1459,1,1,1,FINALIZED_WITHIN_C2_LIMIT,0.125269,1.208
4118,40000.0,0.02,greedy,ZYZZYVA,4.0,0.5,0.1459,1,1,1,FINALIZED_WITHIN_C2_LIMIT,0.326939,1.217
4119,40000.0,0.02,greedy,ZYZZYVA,4.0,0.5,0.1459,1,1,1,FINALIZED_WITHIN_C2_LIMIT,0.218736,1.302
4120,40000.0,0.02,greedy,ZYZZYVA,4.0,0.5,0.1459,1,1,1,FINALIZED_WITHIN_C2_LIMIT,0.038418,1.235
4121,40000.0,0.02,greedy,ZYZZYVA,4.0,0.5,0.1347,1,1,1,FINALIZED_WITHIN_C2_LIMIT,0.522665,1.326
4122,40000.0,0.02,greedy,ZYZZYVA,4.0,0.5,0.1347,1,1,1,FINALIZED_WITHIN_C2_LIMIT,1.041138,1.308
4123,40000.0,0.02,greedy,ZYZZYVA,4.0,0.5,0.1347,1,1,1,FINALIZED_WITHIN_C2_LIMIT,0.922068,1.419
4124,40000.0,0.02,greedy,ZYZZYVA,4.0,0.5,0.1459,1,1,1,FINALIZED_WITHIN_C2_LIMIT,0.303882,1.273
4125,40000.0,0.02,greedy,ZYZZYVA,4.0,0.5,0.1459,1,1,1,FINALIZED_WITHIN_C2_LIMIT,0.073377,1.33
4126,40000.0,0.02,greedy,ZYZZYVA,4.0,0.5,0.1459,1,1,1,FINALIZED_WITHIN_C2_LIMIT,0.327755,1.303
4127,40000.0,0.02,greedy,ZYZZYVA,4.0,0.5,0.1459,1,1,1,FINALIZED_WITHIN_C2_LIMIT,0.271341,1.351
4128,40000.0,0.02,greedy,ZYZZYVA,4.0,0.5,0.1459,1,1,1,FINALIZED_WITHIN_C2_LIMIT,0.02657,1.414
4129,40000.0,0.02,greedy,ZYZZYVA,4.0,0.5,0.1459,1,1,1,FINALIZED_WITHIN_C2_LIMIT,0.486889,1.323
4130,40000.0,0.02,greedy,ZYZZYVA,4.0,0.5,0.1459,1,1,1,FINALIZED_WITHIN_C2_LIMIT,0.959687,1.343
4131,40000.0,0.02,greedy,ZYZZYVA,4.0,0.5,0.1459,1,1,1,FINALIZED_WITHIN_C2_LIMIT,0.760254,1.264
4132,40000.0,0.02,greedy,ZYZZYVA,4.0,0.5,0.1459,1,1,1,FINALIZED_WITHIN_C2_LIMIT,0.206006,1.274
4133,40000.0,0.02,greedy,ZYZZYVA,4.0,0.5,0.1459,1,1,1,FINALIZED_WITHIN_C2_LIMIT,0.120506,1.387
4134,40000.0,0.02,greedy,ZYZZYVA,4.0,0.5,0.1459,1,1,1,FINALIZED_WITHIN_C2_LIMIT,0.433469,1.321
4135,40000.0,0.02,greedy,ZYZZYVA,4.0,0.5,0.1459,1,1,1,FINALIZED_WITHIN_C2_LIMIT,0.367057,1.239
4136,40000.0,0.02,greedy,ZYZZYVA,4.0,0.5,0.1459,1,1,1,FINALIZED_WITHIN_C2_LIMIT,0.066075,1.476
4137,40000.0,0.02,greedy,ZYZZYVA,4.0,0.5,0.1459,1,1,1,FINALIZED_WITHIN_C2_LIMIT,0.342818,1.328
4138,40000.0,0.02,greedy,ZYZZYVA,4.0,0.5,0.1459,1,1,1,FINALIZED_WITHIN_C2_LIMIT,0.733492,1.197
4139,40000.0,0.02,greedy,ZYZZYVA,4.0,0.5,0.1459,1,1,1,FINALIZED_WITHIN_C2_LIMIT,0.619513,1.235
4140,40000.0,0.02,greedy,ZYZZYVA,4.0,0.5,0.1459,1,1,1,FINALIZED_WITHIN_C2_LIMIT,0.168718,1.323
4141,40000.0,0.02,greedy,ZYZZYVA,4.0,0.5,0.1459,1,1,1,FINALIZED_WITHIN_C2_LIMIT,0.152418,1.223
4142,40000.0,0.02,greedy,ZYZZYVA,4.0,0.5,0.1459,1,1,1,FINALIZED_WITHIN_C2_LIMIT,0.494878,1.21
4143,40000.0,0.02,greedy,ZYZZYVA,4.0,0.5,0.1459,1,1,1,FINALIZED_WITHIN_C2_LIMIT,0.491512,1.357
4144,40000.0,0.02,greedy,ZYZZYVA,4.0,0.5,0.1459,1,1,1,FINALIZED_WITHIN_C2_LIMIT,0.069395,1.32
4145,40000.0,0.02,greedy,ZYZZYVA,4.0,0.5,0.1459,1,1,1,FINALIZED_WITHIN_C2_LIMIT,0.274986,1.3
4146,40000.0,0.02,greedy,ZYZZYVA,4.0,0.5,0.1459,1,1,1,FINALIZED_WITHIN_C2_LIMIT,0.712715,1.447
4147,40000.0,0.02,greedy,ZYZZYVA,4.0,0.5,0.1459,1,1,1,FINALIZED_WITHIN_C2_LIMIT,0.569862,1.329
4148,40000.0,0.02,greedy,ZYZZYVA,4.0,0.5,0.1683,1,1,1,FINALIZED_WITHIN_C2_LIMIT,0.124503,1.239
4149,40000.0,0.02,greedy,ZYZZYVA,4.0,0.5,0.1683,1,1,1,FINALIZED_WITHIN_C2_LIMIT,0.16474,1.181
4150,40000.0,0.02,greedy,ZYZZYVA,4.0,0.5,0.1683,1,1,1,FINALIZED_WITHIN_C2_LIMIT,0.56998,1.333
4151,40000.0,0.02,greedy,ZYZZYVA,4.0,0.5,0.1683,1,1,1,FINALIZED_WITHIN_C2_LIMIT,0.46178,1.283
4152,40000.0,0.02,greedy,ZYZZYVA,4.0,0.5,0.1459,1,1,1,FINALIZED_WITHIN_C2_LIMIT,0.0832,1.244
4153,40000.0,0.02,greedy,ZYZZYVA,4.0,0.5,0.1683,1,1,1,FINALIZED_WITHIN_C2_LIMIT,0.295744,1.288
4154,40000.0,0.02,greedy,ZYZZYVA,4.0,0.5,0.1683,1,1,1,FINALIZED_WITHIN_C2_LIMIT,0.631473,1.454
4155,40000.0,0.02,greedy,ZYZZYVA,4.0,0.5,0.1683,1,1,1,FINALIZED_WITHIN_C2_LIMIT,0.477868,1.362
4156,40000.0,0.02,greedy,ZYZZYVA,4.0,0.5,0.1683,1,1,1,FINALIZED_WITHIN_C2_LIMIT,0.10834,1.265
4157,40000.0,0.02,greedy,ZYZZYVA,4.0,0.5,0.1459,1,1,1,FINALIZED_WITHIN_C2_LIMIT,0.245193,1.503
4158,40000.0,0.02,greedy,ZYZZYVA,4.0,0.5,0.1683,1,1,1,FINALIZED_WITHIN_C2_LIMIT,0.647771,1.458
4159,40000.0,0.02,greedy,ZYZZYVA,4.0,0.5,0.1683,1,1,1,FINALIZED_WITHIN_C2_LIMIT,0.732747,1.333
4160,20000.0,0.02,explore,PBFT,4.0,1.0,0.0697,1,1,1,FINALIZED_WITHIN_C2_LIMIT,0.157316,1.162
4161,40000.0,0.02,greedy,ZYZZYVA,4.0,0.5,0.1459,1,1,1,FINALIZED_WITHIN_C2_LIMIT,0.172537,1.211
4162,40000.0,0.02,greedy,ZYZZYVA,4.0,0.5,0.1459,1,1,1,FINALIZED_WITHIN_C2_LIMIT,0.427186,1.226
4163,40000.0,0.02,greedy,ZYZZYVA,4.0,0.5,0.1459,1,1,1,FINALIZED_WITHIN_C2_LIMIT,0.319844,1.21
4164,40000.0,0.02,greedy,ZYZZYVA,4.0,0.5,0.1459,1,1,1,FINALIZED_WITHIN_C2_LIMIT,0.041509,1.209
4165,40000.0,0.02,greedy,ZYZZYVA,4.0,0.5,0.1459,1,1,1,FINALIZED_WITHIN_C2_LIMIT,0.352849,1.225
4166,40000.0,0.02,greedy,ZYZZYVA,4.0,0.5,0.1683,1,1,1,FINALIZED_WITHIN_C2_LIMIT,0.89428,1.424
4167,40000.0,0.02,greedy,ZYZZYVA,4.0,0.5,0.1683,1,1,1,FINALIZED_WITHIN_C2_LIMIT,0.783611,1.482
4168,40000.0,0.02,greedy,ZYZZYVA,4.0,0.5,0.1683,1,1,1,FINALIZED_WITHIN_C2_LIMIT,0.244805,1.467
4169,40000.0,0.02,greedy,ZYZZYVA,4.0,0.5,0.1683,1,1,1,FINALIZED_WITHIN_C2_LIMIT,0.096107,1.302
4170,40000.0,0.02,greedy,ZYZZYVA,4.0,0.5,0.1459,1,1,1,FINALIZED_WITHIN_C2_LIMIT,0.33367,1.215
4171,40000.0,0.02,greedy,ZYZZYVA,4.0,0.5,0.1459,1,1,1,FINALIZED_WITHIN_C2_LIMIT,0.245953,1.344
4172,40000.0,0.02,greedy,ZYZZYVA,4.0,0.5,0.1459,1,1,1,FINALIZED_WITHIN_C2_LIMIT,0.032068,1.501
4173,40000.0,0.02,greedy,ZYZZYVA,4.0,0.5,0.1459,1,1,1,FINALIZED_WITHIN_C2_LIMIT,0.503156,1.626
4174,40000.0,0.02,greedy,ZYZZYVA,4.0,0.5,0.1683,1,1,1,FINALIZED_WITHIN_C2_LIMIT,1.040213,1.44
4175,40000.0,0.02,greedy,ZYZZYVA,4.0,0.5,0.1683,1,1,1,FINALIZED_WITHIN_C2_LIMIT,0.99298,1.512
4176,40000.0,0.02,greedy,ZYZZYVA,4.0,0.5,0.1683,1,1,1,FINALIZED_WITHIN_C2_LIMIT,0.379167,1.538
4177,40000.0,0.02,greedy,ZYZZYVA,4.0,0.5,0.1459,1,1,1,FINALIZED_WITHIN_C2_LIMIT,0.058961,1.28
4178,40000.0,0.02,greedy,ZYZZYVA,4.0,0.5,0.1459,1,1,1,FINALIZED_WITHIN_C2_LIMIT,0.225447,1.284
4179,40000.0,0.02,greedy,ZYZZYVA,4.0,0.5,0.1421,1,1,1,FINALIZED_WITHIN_C2_LIMIT,0.143877,1.265
4180,40000.0,0.02,greedy,ZYZZYVA,4.0,0.5,0.1421,1,1,1,FINALIZED_WITHIN_C2_LIMIT,0.0848,1.422
4181,40000.0,0.02,greedy,ZYZZYVA,4.0,0.5,0.1421,1,1,1,FINALIZED_WITHIN_C2_LIMIT,0.075288,1.497
4182,40000.0,0.02,greedy,ZYZZYVA,4.0,0.5,0.1421,1,1,1,FINALIZED_WITHIN_C2_LIMIT,0.055638,1.392
4183,40000.0,0.02,greedy,ZYZZYVA,4.0,0.5,0.1421,1,1,1,FINALIZED_WITHIN_C2_LIMIT,0.062536,1.456
4184,40000.0,0.02,greedy,ZYZZYVA,4.0,0.5,0.1421,1,1,1,FINALIZED_WITHIN_C2_LIMIT,0.087918,1.382
4185,40000.0,0.02,greedy,ZYZZYVA,4.0,0.5,0.1421,1,1,1,FINALIZED_WITHIN_C2_LIMIT,0.095639,1.395
4186,40000.0,0.02,greedy,ZYZZYVA,4.0,0.5,0.1421,1,1,1,FINALIZED_WITHIN_C2_LIMIT,0.05006,1.193
4187,40000.0,0.02,greedy,ZYZZYVA,4.0,0.5,0.1421,1,1,1,FINALIZED_WITHIN_C2_LIMIT,0.023815,1.252
4188,40000.0,0.02,greedy,ZYZZYVA,4.0,0.5,0.1421,1,1,1,FINALIZED_WITHIN_C2_LIMIT,0.143749,1.357
4189,40000.0,0.02,greedy,ZYZZYVA,4.0,0.5,0.1421,1,1,1,FINALIZED_WITHIN_C2_LIMIT,0.116819,1.267
4190,40000.0,0.02,greedy,ZYZZYVA,4.0,0.5,0.1347,1,1,1,FINALIZED_WITHIN_C2_LIMIT,0.019288,1.454
4191,40000.0,0.02,greedy,ZYZZYVA,4.0,0.5,0.1347,1,1,1,FINALIZED_WITHIN_C2_LIMIT,0.031598,1.388
4192,40000.0,0.02,greedy,ZYZZYVA,4.0,0.5,0.1347,1,1,1,FINALIZED_WITHIN_C2_LIMIT,0.152151,1.394
4193,40000.0,0.02,greedy,ZYZZYVA,4.0,0.5,0.1163,1,1,1,FINALIZED_WITHIN_C2_LIMIT,0.047942,1.466
4194,40000.0,0.02,greedy,ZYZZYVA,4.0,0.5,0.1163,1,1,1,FINALIZED_WITHIN_C2_LIMIT,0.143393,1.451
4195,40000.0,0.02,greedy,ZYZZYVA,4.0,0.5,0.1163,1,1,1,FINALIZED_WITHIN_C2_LIMIT,0.153876,1.303
4196,40000.0,0.02,greedy,ZYZZYVA,4.0,0.5,0.1163,1,1,1,FINALIZED_WITHIN_C2_LIMIT,0.034226,1.424
4197,40000.0,0.02,greedy,ZYZZYVA,4.0,0.5,0.1163,1,1,1,FINALIZED_WITHIN_C2_LIMIT,0.406942,1.346
4198,40000.0,0.02,greedy,ZYZZYVA,4.0,0.5,0.1347,1,1,1,FINALIZED_WITHIN_C2_LIMIT,0.761668,1.394
4199,40000.0,0.02,greedy,ZYZZYVA,4.0,0.5,0.1347,1,1,1,FINALIZED_WITHIN_C2_LIMIT,0.029978,1.232
4200,40000.0,0.02,greedy,ZYZZYVA,4.0,0.5,0.1347,1,1,1,FINALIZED_WITHIN_C2_LIMIT,0.026683,1.385
4201,40000.0,0.02,greedy,ZYZZYVA,4.0,0.5,0.1347,1,1,1,FINALIZED_WITHIN_C2_LIMIT,0.024639,1.298
4202,40000.0,0.02,greedy,ZYZZYVA,4.0,0.5,0.1347,1,1,1,FINALIZED_WITHIN_C2_LIMIT,0.034339,1.477
4203,40000.0,0.02,greedy,ZYZZYVA,4.0,0.5,0.1347,1,1,1,FINALIZED_WITHIN_C2_LIMIT,0.033773,1.381
4204,40000.0,0.02,greedy,ZYZZYVA,4.0,0.5,0.1347,1,1,1,FINALIZED_WITHIN_C2_LIMIT,0.284525,1.692
4205,40000.0,0.02,greedy,ZYZZYVA,4.0,0.5,0.1293,1,1,1,FINALIZED_WITHIN_C2_LIMIT,0.462275,1.438
4206,40000.0,0.02,greedy,ZYZZYVA,4.0,0.5,0.1459,1,1,1,FINALIZED_WITHIN_C2_LIMIT,0.184293,1.45
4207,40000.0,0.02,greedy,ZYZZYVA,4.0,0.5,0.1459,1,1,1,FINALIZED_WITHIN_C2_LIMIT,0.063328,1.285
4208,40000.0,0.02,greedy,ZYZZYVA,4.0,0.5,0.1459,1,1,1,FINALIZED_WITHIN_C2_LIMIT,0.188688,1.39
4209,40000.0,0.02,greedy,ZYZZYVA,4.0,0.5,0.1459,1,1,1,FINALIZED_WITHIN_C2_LIMIT,0.047504,1.253
4210,40000.0,0.02,greedy,ZYZZYVA,4.0,0.5,0.1459,1,1,1,FINALIZED_WITHIN_C2_LIMIT,0.148559,1.34
4211,40000.0,0.02,greedy,ZYZZYVA,4.0,0.5,0.1459,1,1,1,FINALIZED_WITHIN_C2_LIMIT,0.221211,1.402
4212,40000.0,0.02,greedy,ZYZZYVA,4.0,0.5,0.1459,1,1,1,FINALIZED_WITHIN_C2_LIMIT,0.084508,1.347
4213,40000.0,0.02,greedy,ZYZZYVA,4.0,0.5,0.1459,1,1,1,FINALIZED_WITHIN_C2_LIMIT,0.156872,1.296
4214,40000.0,0.02,greedy,ZYZZYVA,4.0,0.5,0.1459,1,1,1,FINALIZED_WITHIN_C2_LIMIT,0.287296,1.25
4215,40000.0,0.02,greedy,ZYZZYVA,4.0,0.5,0.1459,1,1,1,FINALIZED_WITHIN_C2_LIMIT,0.118647,1.341
4216,40000.0,0.02,greedy,ZYZZYVA,4.0,0.5,0.1459,1,1,1,FINALIZED_WITHIN_C2_LIMIT,0.060061,1.328
4217,40000.0,0.02,greedy,ZYZZYVA,4.0,0.5,0.1459,1,1,1,FINALIZED_WITHIN_C2_LIMIT,0.126405,1.341
4218,40000.0,0.02,greedy,ZYZZYVA,4.0,0.5,0.1459,1,1,1,FINALIZED_WITHIN_C2_LIMIT,0.034953,1.482
4219,40000.0,0.02,greedy,ZYZZYVA,4.0,0.5,0.1459,1,1,1,FINALIZED_WITHIN_C2_LIMIT,0.275761,1.488
4220,40000.0,0.02,greedy,ZYZZYVA,4.0,0.5,0.1683,1,1,1,FINALIZED_WITHIN_C2_LIMIT,0.411272,1.353
4221,5000.0,0.02,explore,LIU_QUORUM,4.0,4.0,0.0739,1,1,1,FINALIZED_WITHIN_C2_LIMIT,0.265195,1.351
4222,40000.0,0.02,greedy,ZYZZYVA,4.0,0.5,0.1459,1,1,1,FINALIZED_WITHIN_C2_LIMIT,0.046257,1.395
4223,40000.0,0.02,greedy,ZYZZYVA,4.0,0.5,0.1459,1,1,1,FINALIZED_WITHIN_C2_LIMIT,0.11302,1.52
4224,40000.0,0.02,greedy,ZYZZYVA,4.0,0.5,0.1459,1,1,1,FINALIZED_WITHIN_C2_LIMIT,0.039927,1.353
4225,40000.0,0.02,greedy,ZYZZYVA,4.0,0.5,0.1459,1,1,1,FINALIZED_WITHIN_C2_LIMIT,0.259995,1.304
4226,40000.0,0.02,greedy,ZYZZYVA,4.0,0.5,0.1459,1,1,1,FINALIZED_WITHIN_C2_LIMIT,0.336758,1.365
4227,40000.0,0.02,greedy,ZYZZYVA,4.0,0.5,0.1446,1,1,1,FINALIZED_WITHIN_C2_LIMIT,0.1002,1.261
4228,40000.0,0.02,greedy,ZYZZYVA,4.0,0.5,0.1475,1,1,1,FINALIZED_WITHIN_C2_LIMIT,0.192105,1.266
4229,40000.0,0.02,greedy,ZYZZYVA,4.0,0.5,0.1475,1,1,1,FINALIZED_WITHIN_C2_LIMIT,0.324876,1.165
4230,40000.0,0.02,greedy,ZYZZYVA,4.0,0.5,0.1475,1,1,1,FINALIZED_WITHIN_C2_LIMIT,0.174557,1.163
4231,40000.0,0.02,greedy,ZYZZYVA,4.0,0.5,0.1475,1,1,1,FINALIZED_WITHIN_C2_LIMIT,0.061367,1.249
4232,40000.0,0.02,greedy,ZYZZYVA,4.0,0.5,0.1475,1,1,1,FINALIZED_WITHIN_C2_LIMIT,0.126675,1.422
4233,40000.0,0.02,greedy,ZYZZYVA,4.0,0.5,0.1475,1,1,1,FINALIZED_WITHIN_C2_LIMIT,0.0255,1.212
4234,40000.0,0.02,greedy,ZYZZYVA,4.0,0.5,0.1475,1,1,1,FINALIZED_WITHIN_C2_LIMIT,0.310867,1.278
4235,40000.0,0.02,greedy,ZYZZYVA,4.0,0.5,0.1475,1,1,1,FINALIZED_WITHIN_C2_LIMIT,0.509576,1.383
4236,40000.0,0.02,greedy,ZYZZYVA,4.0,0.5,0.1475,1,1,1,FINALIZED_WITHIN_C2_LIMIT,0.267057,1.526
4237,40000.0,0.02,greedy,ZYZZYVA,4.0,0.5,0.1459,1,1,1,FINALIZED_WITHIN_C2_LIMIT,0.031274,1.37
4238,40000.0,0.02,greedy,ZYZZYVA,4.0,0.5,0.1459,1,1,1,FINALIZED_WITHIN_C2_LIMIT,0.087291,1.429
4239,40000.0,0.02,greedy,ZYZZYVA,4.0,0.5,0.1459,1,1,1,FINALIZED_WITHIN_C2_LIMIT,0.031501,1.293
4240,40000.0,0.02,greedy,ZYZZYVA,4.0,0.5,0.1459,1,1,1,FINALIZED_WITHIN_C2_LIMIT,0.063978,1.42
4241,40000.0,0.02,greedy,ZYZZYVA,4.0,0.5,0.1459,1,1,1,FINALIZED_WITHIN_C2_LIMIT,0.026479,1.484
4242,40000.0,0.02,greedy,ZYZZYVA,4.0,0.5,0.1459,1,1,1,FINALIZED_WITHIN_C2_LIMIT,0.040095,1.355
4243,40000.0,0.02,greedy,ZYZZYVA,4.0,0.5,0.1459,1,1,1,FINALIZED_WITHIN_C2_LIMIT,0.036594,1.35
4244,40000.0,0.02,greedy,ZYZZYVA,4.0,0.5,0.1459,1,1,1,FINALIZED_WITHIN_C2_LIMIT,0.020657,1.331
4245,40000.0,0.02,greedy,ZYZZYVA,4.0,0.5,0.1459,1,1,1,FINALIZED_WITHIN_C2_LIMIT,0.045714,1.339
4246,40000.0,0.02,greedy,ZYZZYVA,4.0,0.5,0.1683,1,1,1,FINALIZED_WITHIN_C2_LIMIT,0.026442,1.383
4247,40000.0,0.02,greedy,ZYZZYVA,4.0,0.5,0.1683,1,1,1,FINALIZED_WITHIN_C2_LIMIT,0.023289,1.448
4248,40000.0,0.02,greedy,ZYZZYVA,4.0,0.5,0.1683,1,1,1,FINALIZED_WITHIN_C2_LIMIT,0.062615,1.737
4249,40000.0,0.02,greedy,ZYZZYVA,4.0,0.5,0.1683,1,1,1,FINALIZED_WITHIN_C2_LIMIT,0.021491,1.388
4250,40000.0,0.02,greedy,ZYZZYVA,4.0,0.5,0.1753,1,1,1,FINALIZED_WITHIN_C2_LIMIT,0.176506,1.508
4251,40000.0,0.02,greedy,ZYZZYVA,4.0,0.5,0.1753,1,1,1,FINALIZED_WITHIN_C2_LIMIT,0.235084,1.354
4252,40000.0,0.02,greedy,ZYZZYVA,4.0,0.5,0.1753,1,1,1,FINALIZED_WITHIN_C2_LIMIT,0.041409,1.48
4253,40000.0,0.02,greedy,ZYZZYVA,4.0,0.5,0.1683,1,1,1,FINALIZED_WITHIN_C2_LIMIT,0.316174,1.439
4254,40000.0,0.02,greedy,ZYZZYVA,4.0,0.5,0.1683,1,1,1,FINALIZED_WITHIN_C2_LIMIT,0.644065,1.455
4255,40000.0,0.02,greedy,ZYZZYVA,4.0,0.5,0.1459,1,1,1,FINALIZED_WITHIN_C2_LIMIT,0.448626,1.46
4256,40000.0,0.02,greedy,ZYZZYVA,4.0,0.5,0.1459,1,1,1,FINALIZED_WITHIN_C2_LIMIT,0.047449,1.498
4257,40000.0,0.02,greedy,ZYZZYVA,4.0,0.5,0.1581,1,1,1,FINALIZED_WITHIN_C2_LIMIT,0.473496,1.432
4258,40000.0,0.02,greedy,ZYZZYVA,4.0,0.5,0.1487,1,1,1,FINALIZED_WITHIN_C2_LIMIT,1.190499,1.301
4259,40000.0,0.02,greedy,ZYZZYVA,4.0,0.5,0.1487,1,1,1,FINALIZED_WITHIN_C2_LIMIT,1.086344,1.318
4260,40000.0,0.02,greedy,ZYZZYVA,4.0,0.5,0.1487,1,1,1,FINALIZED_WITHIN_C2_LIMIT,0.47908,1.338
4261,40000.0,0.02,greedy,ZYZZYVA,4.0,0.5,0.1459,1,1,1,FINALIZED_WITHIN_C2_LIMIT,0.040076,1.196
4262,40000.0,0.02,greedy,ZYZZYVA,4.0,0.5,0.1459,1,1,1,FINALIZED_WITHIN_C2_LIMIT,0.168701,1.336
4263,40000.0,0.02,greedy,ZYZZYVA,4.0,0.5,0.1459,1,1,1,FINALIZED_WITHIN_C2_LIMIT,0.097784,1.287
4264,40000.0,0.02,greedy,ZYZZYVA,4.0,0.5,0.1459,1,1,1,FINALIZED_WITHIN_C2_LIMIT,0.05613,1.446
4265,40000.0,0.02,greedy,ZYZZYVA,4.0,0.5,0.1459,1,1,1,FINALIZED_WITHIN_C2_LIMIT,0.095246,1.294
4266,40000.0,0.02,greedy,ZYZZYVA,4.0,0.5,0.1459,1,1,1,FINALIZED_WITHIN_C2_LIMIT,0.035257,1.177
4267,40000.0,0.02,greedy,ZYZZYVA,4.0,0.5,0.1459,1,1,1,FINALIZED_WITHIN_C2_LIMIT,0.027629,1.154
4268,40000.0,0.02,greedy,ZYZZYVA,4.0,0.5,0.1459,1,1,1,FINALIZED_WITHIN_C2_LIMIT,0.106172,1.157
4269,40000.0,0.02,greedy,ZYZZYVA,4.0,0.5,0.1459,1,1,1,FINALIZED_WITHIN_C2_LIMIT,0.051854,1.288
4270,40000.0,0.02,greedy,ZYZZYVA,4.0,0.5,0.1459,1,1,1,FINALIZED_WITHIN_C2_LIMIT,0.113635,1.276
4271,40000.0,0.02,greedy,ZYZZYVA,4.0,0.5,0.1459,1,1,1,FINALIZED_WITHIN_C2_LIMIT,0.114936,1.315
4272,40000.0,0.02,greedy,ZYZZYVA,4.0,0.5,0.1459,1,1,1,FINALIZED_WITHIN_C2_LIMIT,0.029419,1.314
4273,40000.0,0.02,greedy,ZYZZYVA,4.0,0.5,0.1459,1,1,1,FINALIZED_WITHIN_C2_LIMIT,0.30578,1.282
4274,40000.0,0.02,greedy,ZYZZYVA,4.0,0.5,0.1459,1,1,1,FINALIZED_WITHIN_C2_LIMIT,0.509738,1.128
4275,40000.0,0.02,greedy,ZYZZYVA,4.0,0.5,0.1459,1,1,1,FINALIZED_WITHIN_C2_LIMIT,0.32923,1.166
4276,40000.0,0.02,greedy,ZYZZYVA,4.0,0.5,0.1459,1,1,1,FINALIZED_WITHIN_C2_LIMIT,0.032712,1.195
4277,40000.0,0.02,greedy,ZYZZYVA,4.0,0.5,0.1347,1,1,1,FINALIZED_WITHIN_C2_LIMIT,0.050392,1.127
4278,40000.0,0.02,greedy,ZYZZYVA,4.0,0.5,0.1347,1,1,1,FINALIZED_WITHIN_C2_LIMIT,0.024167,1.324
4279,40000.0,0.02,greedy,ZYZZYVA,4.0,0.5,0.1347,1,1,1,FINALIZED_WITHIN_C2_LIMIT,0.037477,1.422
4280,40000.0,0.02,greedy,ZYZZYVA,4.0,0.5,0.1347,1,1,1,FINALIZED_WITHIN_C2_LIMIT,0.042887,1.39
4281,40000.0,0.02,greedy,ZYZZYVA,4.0,0.5,0.1475,1,1,1,FINALIZED_WITHIN_C2_LIMIT,0.042091,1.454
4282,40000.0,0.02,greedy,ZYZZYVA,4.0,0.5,0.1475,1,1,1,FINALIZED_WITHIN_C2_LIMIT,0.05217,1.334
4283,40000.0,0.02,greedy,ZYZZYVA,4.0,0.5,0.1475,1,1,1,FINALIZED_WITHIN_C2_LIMIT,0.026981,1.502
4284,40000.0,0.02,greedy,ZYZZYVA,4.0,0.5,0.1475,1,1,1,FINALIZED_WITHIN_C2_LIMIT,0.266016,1.325
4285,40000.0,0.02,greedy,ZYZZYVA,4.0,0.5,0.1475,1,1,1,FINALIZED_WITHIN_C2_LIMIT,0.296617,1.245
4286,40000.0,0.02,greedy,ZYZZYVA,4.0,0.5,0.1487,1,1,1,FINALIZED_WITHIN_C2_LIMIT,0.061683,1.295
4287,40000.0,0.02,greedy,ZYZZYVA,4.0,0.5,0.1487,1,1,1,FINALIZED_WITHIN_C2_LIMIT,0.263101,1.318
4288,40000.0,0.02,greedy,ZYZZYVA,4.0,0.5,0.1487,1,1,1,FINALIZED_WITHIN_C2_LIMIT,0.527194,1.448
4289,40000.0,0.02,greedy,ZYZZYVA,4.0,0.5,0.1475,1,1,1,FINALIZED_WITHIN_C2_LIMIT,0.341847,1.516
4290,40000.0,0.02,greedy,ZYZZYVA,4.0,0.5,0.1475,1,1,1,FINALIZED_WITHIN_C2_LIMIT,0.041641,1.297
4291,40000.0,0.02,greedy,ZYZZYVA,4.0,0.5,0.1475,1,1,1,FINALIZED_WITHIN_C2_LIMIT,0.568076,1.255
4292,40000.0,0.02,greedy,ZYZZYVA,4.0,0.5,0.1475,1,1,1,FINALIZED_WITHIN_C2_LIMIT,1.170049,1.241
4293,40000.0,0.02,greedy,ZYZZYVA,4.0,0.5,0.1475,1,1,1,FINALIZED_WITHIN_C2_LIMIT,1.067836,1.198
4294,40000.0,0.02,greedy,ZYZZYVA,4.0,0.5,0.1581,1,1,1,FINALIZED_WITHIN_C2_LIMIT,0.448699,1.311
4295,40000.0,0.02,greedy,ZYZZYVA,4.0,0.5,0.1459,1,1,1,FINALIZED_WITHIN_C2_LIMIT,0.039488,1.402
4296,40000.0,0.02,greedy,ZYZZYVA,4.0,0.5,0.1459,1,1,1,FINALIZED_WITHIN_C2_LIMIT,0.190095,1.347
4297,40000.0,0.02,greedy,ZYZZYVA,4.0,0.5,0.1459,1,1,1,FINALIZED_WITHIN_C2_LIMIT,0.141265,1.278
4298,40000.0,0.02,greedy,ZYZZYVA,4.0,0.5,0.1459,1,1,1,FINALIZED_WITHIN_C2_LIMIT,0.031306,1.313
4299,40000.0,0.02,greedy,ZYZZYVA,4.0,0.5,0.1459,1,1,1,FINALIZED_WITHIN_C2_LIMIT,0.02558,1.198
4300,40000.0,0.02,greedy,ZYZZYVA,4.0,0.5,0.1459,1,1,1,FINALIZED_WITHIN_C2_LIMIT,0.080601,1.398
4301,40000.0,0.02,greedy,ZYZZYVA,4.0,0.5,0.1459,1,1,1,FINALIZED_WITHIN_C2_LIMIT,0.183585,1.262
4302,40000.0,0.02,greedy,ZYZZYVA,4.0,0.5,0.1347,1,1,1,FINALIZED_WITHIN_C2_LIMIT,0.055356,1.313
4303,40000.0,0.02,greedy,ZYZZYVA,4.0,0.5,0.1347,1,1,1,FINALIZED_WITHIN_C2_LIMIT,0.062275,1.352
4304,4444.444,0.02,explore,LIU_QUORUM,4.0,4.5,0.0739,1,1,1,FINALIZED_WITHIN_C2_LIMIT,0.032284,1.253
4305,40000.0,0.02,greedy,ZYZZYVA,4.0,0.5,0.1459,1,1,1,FINALIZED_WITHIN_C2_LIMIT,0.02956,1.209
4306,40000.0,0.02,greedy,ZYZZYVA,4.0,0.5,0.1459,1,1,1,FINALIZED_WITHIN_C2_LIMIT,0.14648,1.191
4307,40000.0,0.02,greedy,ZYZZYVA,4.0,0.5,0.1459,1,1,1,FINALIZED_WITHIN_C2_LIMIT,0.14941,1.254
4308,40000.0,0.02,greedy,ZYZZYVA,4.0,0.5,0.1459,1,1,1,FINALIZED_WITHIN_C2_LIMIT,0.037201,1.206
4309,40000.0,0.02,greedy,ZYZZYVA,4.0,0.5,0.1459,1,1,1,FINALIZED_WITHIN_C2_LIMIT,0.022804,1.182
4310,40000.0,0.02,greedy,ZYZZYVA,4.0,0.5,0.1459,1,1,1,FINALIZED_WITHIN_C2_LIMIT,0.063279,1.488
4311,40000.0,0.02,greedy,ZYZZYVA,4.0,0.5,0.1459,1,1,1,FINALIZED_WITHIN_C2_LIMIT,0.04519,1.268
4312,40000.0,0.02,greedy,ZYZZYVA,4.0,0.5,0.1459,1,1,1,FINALIZED_WITHIN_C2_LIMIT,0.05023,1.261
4313,40000.0,0.02,greedy,ZYZZYVA,4.0,0.5,0.1459,1,1,1,FINALIZED_WITHIN_C2_LIMIT,0.059172,1.274
4314,40000.0,0.02,greedy,ZYZZYVA,4.0,0.5,0.1459,1,1,1,FINALIZED_WITHIN_C2_LIMIT,0.040447,1.278
4315,40000.0,0.02,greedy,ZYZZYVA,4.0,0.5,0.1459,1,1,1,FINALIZED_WITHIN_C2_LIMIT,0.05594,1.164
4316,40000.0,0.02,greedy,ZYZZYVA,4.0,0.5,0.1459,1,1,1,FINALIZED_WITHIN_C2_LIMIT,0.056438,1.269
4317,40000.0,0.02,greedy,ZYZZYVA,4.0,0.5,0.1459,1,1,1,FINALIZED_WITHIN_C2_LIMIT,0.069594,1.203
4318,40000.0,0.02,greedy,ZYZZYVA,4.0,0.5,0.1459,1,1,1,FINALIZED_WITHIN_C2_LIMIT,0.036029,1.271
4319,40000.0,0.02,greedy,ZYZZYVA,4.0,0.5,0.1487,1,1,1,FINALIZED_WITHIN_C2_LIMIT,0.250799,1.237
4320,40000.0,0.02,greedy,ZYZZYVA,4.0,0.5,0.1487,1,1,1,FINALIZED_WITHIN_C2_LIMIT,0.284117,1.239
4321,40000.0,0.02,greedy,ZYZZYVA,4.0,0.5,0.1487,1,1,1,FINALIZED_WITHIN_C2_LIMIT,0.078675,1.279
4322,40000.0,0.02,greedy,ZYZZYVA,4.0,0.5,0.1487,1,1,1,FINALIZED_WITHIN_C2_LIMIT,0.226473,1.27
4323,40000.0,0.02,greedy,ZYZZYVA,4.0,0.5,0.1487,1,1,1,FINALIZED_WITHIN_C2_LIMIT,0.550422,1.274
4324,40000.0,0.02,greedy,ZYZZYVA,4.0,0.5,0.1487,1,1,1,FINALIZED_WITHIN_C2_LIMIT,0.280643,1.414
4325,40000.0,0.02,greedy,ZYZZYVA,4.0,0.5,0.1487,1,1,1,FINALIZED_WITHIN_C2_LIMIT,0.05103,1.294
4326,40000.0,0.02,greedy,ZYZZYVA,4.0,0.5,0.1487,1,1,1,FINALIZED_WITHIN_C2_LIMIT,0.078492,1.345
4327,40000.0,0.02,greedy,ZYZZYVA,4.0,0.5,0.1487,1,1,1,FINALIZED_WITHIN_C2_LIMIT,0.061264,1.359
4328,40000.0,0.02,greedy,ZYZZYVA,4.0,0.5,0.1487,1,1,1,FINALIZED_WITHIN_C2_LIMIT,0.046987,1.101
4329,40000.0,0.02,greedy,ZYZZYVA,4.0,0.5,0.1581,1,1,1,FINALIZED_WITHIN_C2_LIMIT,0.055282,1.265
4330,40000.0,0.02,greedy,ZYZZYVA,4.0,0.5,0.1581,1,1,1,FINALIZED_WITHIN_C2_LIMIT,0.029155,1.186
4331,40000.0,0.02,greedy,ZYZZYVA,4.0,0.5,0.1581,1,1,1,FINALIZED_WITHIN_C2_LIMIT,0.112054,1.395
4332,40000.0,0.02,greedy,ZYZZYVA,4.0,0.5,0.1581,1,1,1,FINALIZED_WITHIN_C2_LIMIT,0.062943,1.446
4333,40000.0,0.02,greedy,ZYZZYVA,4.0,0.5,0.1683,1,1,1,FINALIZED_WITHIN_C2_LIMIT,0.142164,1.385
4334,40000.0,0.02,greedy,ZYZZYVA,4.0,0.5,0.1683,1,1,1,FINALIZED_WITHIN_C2_LIMIT,0.079723,1.295
4335,40000.0,0.02,greedy,ZYZZYVA,4.0,0.5,0.1683,1,1,1,FINALIZED_WITHIN_C2_LIMIT,0.048779,1.321
4336,40000.0,0.02,greedy,ZYZZYVA,4.0,0.5,0.1683,1,1,1,FINALIZED_WITHIN_C2_LIMIT,0.05353,1.267
4337,40000.0,0.02,greedy,ZYZZYVA,4.0,0.5,0.1683,1,1,1,FINALIZED_WITHIN_C2_LIMIT,0.0999,1.373
4338,40000.0,0.02,greedy,ZYZZYVA,4.0,0.5,0.1683,1,1,1,FINALIZED_WITHIN_C2_LIMIT,0.096742,1.298
4339,40000.0,0.02,greedy,ZYZZYVA,4.0,0.5,0.1683,1,1,1,FINALIZED_WITHIN_C2_LIMIT,0.066337,1.24
4340,40000.0,0.02,greedy,ZYZZYVA,4.0,0.5,0.1683,1,1,1,FINALIZED_WITHIN_C2_LIMIT,0.210596,1.291
4341,40000.0,0.02,greedy,ZYZZYVA,4.0,0.5,0.1753,1,1,1,FINALIZED_WITHIN_C2_LIMIT,0.352728,1.267
4342,40000.0,0.02,greedy,ZYZZYVA,4.0,0.5,0.1753,1,1,1,FINALIZED_WITHIN_C2_LIMIT,0.084082,1.341
4343,40000.0,0.02,greedy,ZYZZYVA,4.0,0.5,0.1683,1,1,1,FINALIZED_WITHIN_C2_LIMIT,0.225593,1.337
4344,40000.0,0.02,greedy,ZYZZYVA,4.0,0.5,0.1683,1,1,1,FINALIZED_WITHIN_C2_LIMIT,0.414643,1.383
4345,40000.0,0.02,greedy,ZYZZYVA,4.0,0.5,0.1683,1,1,1,FINALIZED_WITHIN_C2_LIMIT,0.214768,1.32
4346,40000.0,0.02,greedy,ZYZZYVA,4.0,0.5,0.1683,1,1,1,FINALIZED_WITHIN_C2_LIMIT,0.066034,1.257
4347,40000.0,0.02,greedy,ZYZZYVA,4.0,0.5,0.1683,1,1,1,FINALIZED_WITHIN_C2_LIMIT,0.151775,1.415
4348,40000.0,0.02,greedy,ZYZZYVA,4.0,0.5,0.1683,1,1,1,FINALIZED_WITHIN_C2_LIMIT,0.083499,1.264
4349,40000.0,0.02,greedy,ZYZZYVA,4.0,0.5,0.1683,1,1,1,FINALIZED_WITHIN_C2_LIMIT,0.187813,1.305
4350,40000.0,0.02,greedy,ZYZZYVA,4.0,0.5,0.1753,1,1,1,FINALIZED_WITHIN_C2_LIMIT,0.319173,1.403
4351,40000.0,0.02,greedy,ZYZZYVA,4.0,0.5,0.1753,1,1,1,FINALIZED_WITHIN_C2_LIMIT,0.063625,1.387
4352,40000.0,0.02,greedy,ZYZZYVA,4.0,0.5,0.1858,1,1,1,FINALIZED_WITHIN_C2_LIMIT,0.23666,1.478
4353,40000.0,0.02,greedy,ZYZZYVA,4.0,0.5,0.1858,1,1,1,FINALIZED_WITHIN_C2_LIMIT,0.456614,1.37
4354,40000.0,0.02,greedy,ZYZZYVA,4.0,0.5,0.1858,1,1,1,FINALIZED_WITHIN_C2_LIMIT,0.330403,1.254
4355,40000.0,0.02,greedy,ZYZZYVA,4.0,0.5,0.1753,1,1,1,FINALIZED_WITHIN_C2_LIMIT,0.047245,1.398
4356,40000.0,0.02,greedy,ZYZZYVA,4.0,0.5,0.1683,1,1,1,FINALIZED_WITHIN_C2_LIMIT,0.548687,1.415
4357,40000.0,0.02,greedy,ZYZZYVA,4.0,0.5,0.1421,1,1,1,FINALIZED_WITHIN_C2_LIMIT,1.097605,1.362
4358,40000.0,0.02,greedy,ZYZZYVA,4.0,0.5,0.1421,1,1,1,FINALIZED_WITHIN_C2_LIMIT,0.864997,1.465
4359,40000.0,0.02,greedy,ZYZZYVA,4.0,0.5,0.1421,1,1,1,FINALIZED_WITHIN_C2_LIMIT,0.239874,1.4
4360,40000.0,0.02,greedy,ZYZZYVA,4.0,0.5,0.1421,1,1,1,FINALIZED_WITHIN_C2_LIMIT,0.162687,1.472
4361,40000.0,0.02,greedy,ZYZZYVA,4.0,0.5,0.1347,1,1,1,FINALIZED_WITHIN_C2_LIMIT,0.541151,1.31
4362,40000.0,0.02,greedy,ZYZZYVA,4.0,0.5,0.1421,1,1,1,FINALIZED_WITHIN_C2_LIMIT,0.389066,1.297
4363,40000.0,0.02,greedy,ZYZZYVA,4.0,0.5,0.1421,1,1,1,FINALIZED_WITHIN_C2_LIMIT,0.071154,1.287
4364,40000.0,0.02,greedy,ZYZZYVA,4.0,0.5,0.1421,1,1,1,FINALIZED_WITHIN_C2_LIMIT,0.393035,1.358
4365,40000.0,0.02,greedy,ZYZZYVA,4.0,0.5,0.1421,1,1,1,FINALIZED_WITHIN_C2_LIMIT,0.826783,1.303
4366,40000.0,0.02,greedy,ZYZZYVA,4.0,0.5,0.1683,1,1,1,FINALIZED_WITHIN_C2_LIMIT,0.699767,1.24
4367,40000.0,0.02,greedy,ZYZZYVA,4.0,0.5,0.1459,1,1,1,FINALIZED_WITHIN_C2_LIMIT,0.191786,1.24
4368,40000.0,0.02,greedy,ZYZZYVA,4.0,0.5,0.1459,1,1,1,FINALIZED_WITHIN_C2_LIMIT,0.148386,1.334
4369,40000.0,0.02,greedy,PBFT,4.0,0.5,0.1459,1,1,1,FINALIZED_WITHIN_C2_LIMIT,0.470278,1.408
4370,40000.0,0.02,greedy,PBFT,4.0,0.5,0.1459,1,1,1,FINALIZED_WITHIN_C2_LIMIT,0.326627,1.509
4371,40000.0,0.02,greedy,PBFT,4.0,0.5,0.1459,1,1,1,FINALIZED_WITHIN_C2_LIMIT,0.07943,1.405
4372,40000.0,0.02,greedy,PBFT,4.0,0.5,0.1459,1,1,1,FINALIZED_WITHIN_C2_LIMIT,0.493214,1.359
4373,40000.0,0.02,greedy,PBFT,4.0,0.5,0.1459,1,1,1,FINALIZED_WITHIN_C2_LIMIT,0.846801,1.368
4374,40000.0,0.02,greedy,PBFT,4.0,0.5,0.1459,1,1,1,FINALIZED_WITHIN_C2_LIMIT,0.74665,1.34
4375,40000.0,0.02,greedy,PBFT,4.0,0.5,0.1459,1,1,1,FINALIZED_WITHIN_C2_LIMIT,0.195526,1.436
4376,40000.0,0.02,greedy,PBFT,4.0,0.5,0.1459,1,1,1,FINALIZED_WITHIN_C2_LIMIT,0.099907,1.433
4377,40000.0,0.02,greedy,PBFT,4.0,0.5,0.1459,1,1,1,FINALIZED_WITHIN_C2_LIMIT,0.396066,1.375
4378,40000.0,0.02,greedy,ZYZZYVA,4.0,0.5,0.1459,1,1,1,FINALIZED_WITHIN_C2_LIMIT,0.315021,1.424
4379,40000.0,0.02,greedy,ZYZZYVA,4.0,0.5,0.1459,1,1,1,FINALIZED_WITHIN_C2_LIMIT,0.071696,1.356
4380,40000.0,0.02,greedy,ZYZZYVA,4.0,0.5,0.1459,1,1,1,FINALIZED_WITHIN_C2_LIMIT,0.457637,1.297
4381,40000.0,0.02,greedy,ZYZZYVA,4.0,0.5,0.1459,1,1,1,FINALIZED_WITHIN_C2_LIMIT,1.070082,1.168
4382,40000.0,0.02,greedy,ZYZZYVA,4.0,0.5,0.1459,1,1,1,FINALIZED_WITHIN_C2_LIMIT,0.831356,1.305
4383,40000.0,0.02,greedy,ZYZZYVA,4.0,0.5,0.1459,1,1,1,FINALIZED_WITHIN_C2_LIMIT,0.318868,1.336
4384,40000.0,0.02,greedy,ZYZZYVA,4.0,0.5,0.1459,1,1,1,FINALIZED_WITHIN_C2_LIMIT,0.086023,1.457
4385,40000.0,0.02,greedy,ZYZZYVA,4.0,0.5,0.1459,1,1,1,FINALIZED_WITHIN_C2_LIMIT,0.334138,1.309
4386,40000.0,0.02,greedy,ZYZZYVA,4.0,0.5,0.1459,1,1,1,FINALIZED_WITHIN_C2_LIMIT,0.25877,1.468
4387,40000.0,0.02,greedy,ZYZZYVA,4.0,0.5,0.1459,1,1,1,FINALIZED_WITHIN_C2_LIMIT,0.025508,1.368
4388,40000.0,0.02,greedy,ZYZZYVA,4.0,0.5,0.1459,1,1,1,FINALIZED_WITHIN_C2_LIMIT,0.383358,1.415
4389,40000.0,0.02,greedy,ZYZZYVA,4.0,0.5,0.1459,1,1,1,FINALIZED_WITHIN_C2_LIMIT,0.569736,1.485
4390,40000.0,0.02,greedy,ZYZZYVA,4.0,0.5,0.1487,1,1,1,FINALIZED_WITHIN_C2_LIMIT,0.309767,1.413
4391,40000.0,0.02,greedy,ZYZZYVA,4.0,0.5,0.1581,1,1,1,FINALIZED_WITHIN_C2_LIMIT,0.025607,1.353
4392,40000.0,0.02,greedy,ZYZZYVA,4.0,0.5,0.1581,1,1,1,FINALIZED_WITHIN_C2_LIMIT,0.704076,1.504
4393,40000.0,0.02,greedy,ZYZZYVA,4.0,0.5,0.1581,1,1,1,FINALIZED_WITHIN_C2_LIMIT,1.617954,1.386
4394,40000.0,0.02,greedy,ZYZZYVA,4.0,0.5,0.1581,1,1,1,FINALIZED_WITHIN_C2_LIMIT,1.623047,1.287
4395,40000.0,0.02,greedy,ZYZZYVA,4.0,0.5,0.1475,1,1,1,FINALIZED_WITHIN_C2_LIMIT,0.782634,1.245
4396,40000.0,0.02,greedy,ZYZZYVA,4.0,0.5,0.1347,1,1,1,FINALIZED_WITHIN_C2_LIMIT,0.044565,1.346
4397,40000.0,0.02,greedy,ZYZZYVA,4.0,0.5,0.1459,1,1,1,FINALIZED_WITHIN_C2_LIMIT,0.706793,1.277
4398,40000.0,0.02,greedy,ZYZZYVA,4.0,0.5,0.1459,1,1,1,FINALIZED_WITHIN_C2_LIMIT,1.849261,1.244
4399,40000.0,0.02,greedy,ZYZZYVA,4.0,0.5,0.1459,1,1,1,FINALIZED_WITHIN_C2_LIMIT,0.03313,1.456
4400,40000.0,0.02,greedy,ZYZZYVA,4.0,0.5,0.1459,1,1,1,FINALIZED_WITHIN_C2_LIMIT,0.05507,1.424
4401,40000.0,0.02,greedy,ZYZZYVA,4.0,0.5,0.1459,1,1,1,FINALIZED_WITHIN_C2_LIMIT,0.035222,1.558
4402,40000.0,0.02,greedy,ZYZZYVA,4.0,0.5,0.1459,1,1,1,FINALIZED_WITHIN_C2_LIMIT,0.191444,1.455
4403,40000.0,0.02,greedy,ZYZZYVA,4.0,0.5,0.1459,1,1,1,FINALIZED_WITHIN_C2_LIMIT,0.228006,1.444
4404,40000.0,0.02,greedy,ZYZZYVA,4.0,0.5,0.1459,1,1,1,FINALIZED_WITHIN_C2_LIMIT,0.039682,1.345
4405,40000.0,0.02,greedy,ZYZZYVA,4.0,0.5,0.1347,1,1,1,FINALIZED_WITHIN_C2_LIMIT,0.234405,1.354
4406,40000.0,0.02,greedy,ZYZZYVA,4.0,0.5,0.1347,1,1,1,FINALIZED_WITHIN_C2_LIMIT,0.438642,1.353
4407,40000.0,0.02,greedy,ZYZZYVA,4.0,0.5,0.1421,1,1,1,FINALIZED_WITHIN_C2_LIMIT,0.25552,1.289
4408,40000.0,0.02,greedy,ZYZZYVA,4.0,0.5,0.1459,1,1,1,FINALIZED_WITHIN_C2_LIMIT,0.032725,1.298
4409,40000.0,0.02,greedy,ZYZZYVA,4.0,0.5,0.1459,1,1,1,FINALIZED_WITHIN_C2_LIMIT,0.048766,1.224
4410,40000.0,0.02,greedy,ZYZZYVA,4.0,0.5,0.1459,1,1,1,FINALIZED_WITHIN_C2_LIMIT,0.023308,1.37
4411,40000.0,0.02,greedy,ZYZZYVA,4.0,0.5,0.1459,1,1,1,FINALIZED_WITHIN_C2_LIMIT,0.043995,1.391
4412,40000.0,0.02,greedy,ZYZZYVA,4.0,0.5,0.1459,1,1,1,FINALIZED_WITHIN_C2_LIMIT,0.06804,1.4
4413,40000.0,0.02,greedy,ZYZZYVA,4.0,0.5,0.1459,1,1,1,FINALIZED_WITHIN_C2_LIMIT,0.050018,1.478
4414,40000.0,0.02,greedy,ZYZZYVA,4.0,0.5,0.1459,1,1,1,FINALIZED_WITHIN_C2_LIMIT,0.208602,1.47
4415,40000.0,0.02,greedy,ZYZZYVA,4.0,0.5,0.1347,1,1,1,FINALIZED_WITHIN_C2_LIMIT,0.263855,1.542
4416,40000.0,0.02,greedy,ZYZZYVA,4.0,0.5,0.1347,1,1,1,FINALIZED_WITHIN_C2_LIMIT,0.059154,1.397
4417,40000.0,0.02,greedy,ZYZZYVA,4.0,0.5,0.1347,1,1,1,FINALIZED_WITHIN_C2_LIMIT,0.233231,1.365
4418,40000.0,0.02,greedy,ZYZZYVA,4.0,0.5,0.1347,1,1,1,FINALIZED_WITHIN_C2_LIMIT,0.383637,1.332
4419,40000.0,0.02,greedy,ZYZZYVA,4.0,0.5,0.1347,1,1,1,FINALIZED_WITHIN_C2_LIMIT,0.2752,1.35
4420,40000.0,0.02,greedy,ZYZZYVA,4.0,0.5,0.1347,1,1,1,FINALIZED_WITHIN_C2_LIMIT,0.023463,1.363
4421,40000.0,0.02,greedy,ZYZZYVA,4.0,0.5,0.1347,1,1,1,FINALIZED_WITHIN_C2_LIMIT,0.171501,1.509
4422,40000.0,0.02,greedy,ZYZZYVA,4.0,0.5,0.1347,1,1,1,FINALIZED_WITHIN_C2_LIMIT,0.168137,1.552
4423,40000.0,0.02,greedy,ZYZZYVA,4.0,0.5,0.1347,1,1,1,FINALIZED_WITHIN_C2_LIMIT,0.031277,1.446
4424,40000.0,0.02,greedy,ZYZZYVA,4.0,0.5,0.1306,1,1,1,FINALIZED_WITHIN_C2_LIMIT,0.028558,1.344
4425,40000.0,0.02,greedy,ZYZZYVA,4.0,0.5,0.1306,1,1,1,FINALIZED_WITHIN_C2_LIMIT,0.087407,1.341
4426,40000.0,0.02,greedy,ZYZZYVA,4.0,0.5,0.1347,1,1,1,FINALIZED_WITHIN_C2_LIMIT,0.063611,1.197
4427,40000.0,0.02,greedy,ZYZZYVA,4.0,0.5,0.1306,1,1,1,FINALIZED_WITHIN_C2_LIMIT,0.065832,1.322
4428,40000.0,0.02,greedy,ZYZZYVA,4.0,0.5,0.1306,1,1,1,FINALIZED_WITHIN_C2_LIMIT,0.045376,1.263
4429,40000.0,0.02,greedy,ZYZZYVA,4.0,0.5,0.1306,1,1,1,FINALIZED_WITHIN_C2_LIMIT,0.084129,1.233
4430,40000.0,0.02,greedy,ZYZZYVA,4.0,0.5,0.1306,1,1,1,FINALIZED_WITHIN_C2_LIMIT,0.098509,1.157
4431,40000.0,0.02,greedy,ZYZZYVA,4.0,0.5,0.1306,1,1,1,FINALIZED_WITHIN_C2_LIMIT,0.077735,1.275
4432,40000.0,0.02,greedy,ZYZZYVA,4.0,0.5,0.1306,1,1,1,FINALIZED_WITHIN_C2_LIMIT,0.069015,1.315
4433,40000.0,0.02,greedy,ZYZZYVA,4.0,0.5,0.1306,1,1,1,FINALIZED_WITHIN_C2_LIMIT,0.063627,1.208
4434,40000.0,0.02,greedy,ZYZZYVA,4.0,0.5,0.1306,1,1,1,FINALIZED_WITHIN_C2_LIMIT,0.048498,1.265
4435,40000.0,0.02,greedy,ZYZZYVA,4.0,0.5,0.1306,1,1,1,FINALIZED_WITHIN_C2_LIMIT,0.069638,2.114
4436,40000.0,0.02,greedy,ZYZZYVA,4.0,0.5,0.1306,1,1,1,FINALIZED_WITHIN_C2_LIMIT,0.070997,1.391
4437,40000.0,0.02,greedy,ZYZZYVA,4.0,0.5,0.1421,1,1,1,FINALIZED_WITHIN_C2_LIMIT,0.073597,1.473
4438,40000.0,0.02,greedy,ZYZZYVA,4.0,0.5,0.1421,1,1,1,FINALIZED_WITHIN_C2_LIMIT,0.051605,1.349
4439,40000.0,0.02,greedy,ZYZZYVA,4.0,0.5,0.1421,1,1,1,FINALIZED_WITHIN_C2_LIMIT,0.064376,1.423
4440,40000.0,0.02,greedy,ZYZZYVA,4.0,0.5,0.1421,1,1,1,FINALIZED_WITHIN_C2_LIMIT,0.065176,1.318
4441,40000.0,0.02,greedy,ZYZZYVA,4.0,0.5,0.1421,1,1,1,FINALIZED_WITHIN_C2_LIMIT,0.042878,1.299
4442,40000.0,0.02,greedy,ZYZZYVA,4.0,0.5,0.1347,1,1,1,FINALIZED_WITHIN_C2_LIMIT,0.034396,1.197
4443,40000.0,0.02,greedy,ZYZZYVA,4.0,0.5,0.1421,1,1,1,FINALIZED_WITHIN_C2_LIMIT,0.102849,1.298
4444,40000.0,0.02,greedy,ZYZZYVA,4.0,0.5,0.1421,1,1,1,FINALIZED_WITHIN_C2_LIMIT,0.076029,1.296
4445,40000.0,0.02,greedy,ZYZZYVA,4.0,0.5,0.1421,1,1,1,FINALIZED_WITHIN_C2_LIMIT,0.053286,1.397
4446,40000.0,0.02,greedy,ZYZZYVA,4.0,0.5,0.1421,1,1,1,FINALIZED_WITHIN_C2_LIMIT,0.076447,1.185
4447,40000.0,0.02,greedy,ZYZZYVA,4.0,0.5,0.1347,1,1,1,FINALIZED_WITHIN_C2_LIMIT,0.090192,1.206
4448,40000.0,0.02,greedy,ZYZZYVA,4.0,0.5,0.1421,1,1,1,FINALIZED_WITHIN_C2_LIMIT,0.06475,1.123
4449,40000.0,0.02,greedy,ZYZZYVA,4.0,0.5,0.1421,1,1,1,FINALIZED_WITHIN_C2_LIMIT,0.048472,1.156
4450,40000.0,0.02,greedy,ZYZZYVA,4.0,0.5,0.1421,1,1,1,FINALIZED_WITHIN_C2_LIMIT,0.04366,1.292
4451,40000.0,0.02,greedy,ZYZZYVA,4.0,0.5,0.1421,1,1,1,FINALIZED_WITHIN_C2_LIMIT,0.084698,1.38
4452,40000.0,0.02,greedy,ZYZZYVA,4.0,0.5,0.1421,1,1,1,FINALIZED_WITHIN_C2_LIMIT,0.103563,1.787
4453,40000.0,0.02,greedy,ZYZZYVA,4.0,0.5,0.1421,1,1,1,FINALIZED_WITHIN_C2_LIMIT,0.036968,1.249
4454,40000.0,0.02,greedy,ZYZZYVA,4.0,0.5,0.1421,1,1,1,FINALIZED_WITHIN_C2_LIMIT,0.031284,1.318
4455,40000.0,0.02,greedy,ZYZZYVA,4.0,0.5,0.1421,1,1,1,FINALIZED_WITHIN_C2_LIMIT,0.107829,1.319
4456,40000.0,0.02,greedy,ZYZZYVA,4.0,0.5,0.1421,1,1,1,FINALIZED_WITHIN_C2_LIMIT,0.123268,1.389
4457,40000.0,0.02,greedy,ZYZZYVA,4.0,0.5,0.1421,1,1,1,FINALIZED_WITHIN_C2_LIMIT,0.033557,1.464
4458,40000.0,0.02,greedy,ZYZZYVA,4.0,0.5,0.1421,1,1,1,FINALIZED_WITHIN_C2_LIMIT,0.034554,1.512
4459,40000.0,0.02,greedy,ZYZZYVA,4.0,0.5,0.1459,1,1,1,FINALIZED_WITHIN_C2_LIMIT,0.113666,1.316
4460,40000.0,0.02,greedy,ZYZZYVA,4.0,0.5,0.1459,1,1,1,FINALIZED_WITHIN_C2_LIMIT,0.090026,1.41
4461,40000.0,0.02,greedy,ZYZZYVA,4.0,0.5,0.1459,1,1,1,FINALIZED_WITHIN_C2_LIMIT,0.042608,1.301
4462,40000.0,0.02,greedy,ZYZZYVA,4.0,0.5,0.1459,1,1,1,FINALIZED_WITHIN_C2_LIMIT,0.040591,1.27
4463,40000.0,0.02,greedy,ZYZZYVA,4.0,0.5,0.1459,1,1,1,FINALIZED_WITHIN_C2_LIMIT,0.15404,1.265
4464,40000.0,0.02,greedy,ZYZZYVA,4.0,0.5,0.1459,1,1,1,FINALIZED_WITHIN_C2_LIMIT,0.084873,1.247
4465,40000.0,0.02,greedy,ZYZZYVA,4.0,0.5,0.1459,1,1,1,FINALIZED_WITHIN_C2_LIMIT,0.036461,1.235
4466,40000.0,0.02,greedy,ZYZZYVA,4.0,0.5,0.1459,1,1,1,FINALIZED_WITHIN_C2_LIMIT,0.026356,1.319
4467,40000.0,0.02,greedy,ZYZZYVA,4.0,0.5,0.1459,1,1,1,FINALIZED_WITHIN_C2_LIMIT,0.100334,1.357
4468,40000.0,0.02,greedy,ZYZZYVA,4.0,0.5,0.1459,1,1,1,FINALIZED_WITHIN_C2_LIMIT,0.101897,1.207
4469,40000.0,0.02,greedy,ZYZZYVA,4.0,0.5,0.1459,1,1,1,FINALIZED_WITHIN_C2_LIMIT,0.196375,1.188
4470,40000.0,0.02,greedy,ZYZZYVA,4.0,0.5,0.1459,1,1,1,FINALIZED_WITHIN_C2_LIMIT,0.033749,1.208
4471,40000.0,0.02,greedy,ZYZZYVA,4.0,0.5,0.1347,1,1,1,FINALIZED_WITHIN_C2_LIMIT,0.15396,1.205
4472,40000.0,0.02,greedy,ZYZZYVA,4.0,0.5,0.1347,1,1,1,FINALIZED_WITHIN_C2_LIMIT,0.153147,1.207
4473,40000.0,0.02,greedy,ZYZZYVA,4.0,0.5,0.1347,1,1,1,FINALIZED_WITHIN_C2_LIMIT,0.034934,1.208
4474,40000.0,0.02,greedy,ZYZZYVA,4.0,0.5,0.1459,1,1,1,FINALIZED_WITHIN_C2_LIMIT,0.410397,1.207
4475,40000.0,0.02,greedy,ZYZZYVA,4.0,0.5,0.1459,1,1,1,FINALIZED_WITHIN_C2_LIMIT,0.627251,1.288
4476,40000.0,0.02,greedy,ZYZZYVA,4.0,0.5,0.1459,1,1,1,FINALIZED_WITHIN_C2_LIMIT,0.352419,1.244
4477,40000.0,0.02,greedy,ZYZZYVA,4.0,0.5,0.1459,1,1,1,FINALIZED_WITHIN_C2_LIMIT,0.022156,1.23
4478,4444.444,0.02,explore,PBFT,4.0,4.5,0.0362,1,1,1,FINALIZED_WITHIN_C2_LIMIT,0.138234,1.26
4479,40000.0,0.02,greedy,ZYZZYVA,4.0,0.5,0.1459,1,1,1,FINALIZED_WITHIN_C2_LIMIT,0.069019,1.325
4480,40000.0,0.02,greedy,ZYZZYVA,4.0,0.5,0.1459,1,1,1,FINALIZED_WITHIN_C2_LIMIT,0.053931,1.319
4481,40000.0,0.02,greedy,ZYZZYVA,4.0,0.5,0.1459,1,1,1,FINALIZED_WITHIN_C2_LIMIT,0.089201,1.479
4482,40000.0,0.02,greedy,ZYZZYVA,4.0,0.5,0.1459,1,1,1,FINALIZED_WITHIN_C2_LIMIT,0.033059,1.533
4483,40000.0,0.02,greedy,ZYZZYVA,4.0,0.5,0.1459,1,1,1,FINALIZED_WITHIN_C2_LIMIT,0.027997,1.815
4484,40000.0,0.02,greedy,ZYZZYVA,4.0,0.5,0.1459,1,1,1,FINALIZED_WITHIN_C2_LIMIT,0.145242,1.36
4485,40000.0,0.02,greedy,ZYZZYVA,4.0,0.5,0.1459,1,1,1,FINALIZED_WITHIN_C2_LIMIT,0.158084,1.227
4486,40000.0,0.02,greedy,ZYZZYVA,4.0,0.5,0.1459,1,1,1,FINALIZED_WITHIN_C2_LIMIT,0.023165,1.177
4487,40000.0,0.02,greedy,ZYZZYVA,4.0,0.5,0.1347,1,1,1,FINALIZED_WITHIN_C2_LIMIT,0.421762,1.278
4488,40000.0,0.02,greedy,ZYZZYVA,4.0,0.5,0.1347,1,1,1,FINALIZED_WITHIN_C2_LIMIT,0.690683,1.26
4489,40000.0,0.02,greedy,ZYZZYVA,4.0,0.5,0.1459,1,1,1,FINALIZED_WITHIN_C2_LIMIT,0.501098,1.514
4490,40000.0,0.02,greedy,ZYZZYVA,4.0,0.5,0.1459,1,1,1,FINALIZED_WITHIN_C2_LIMIT,0.072466,1.377
4491,40000.0,0.02,greedy,ZYZZYVA,4.0,0.5,0.1421,1,1,1,FINALIZED_WITHIN_C2_LIMIT,0.408686,1.403
4492,40000.0,0.02,greedy,ZYZZYVA,4.0,0.5,0.1421,1,1,1,FINALIZED_WITHIN_C2_LIMIT,1.015512,1.414
4493,40000.0,0.02,greedy,ZYZZYVA,4.0,0.5,0.1421,1,1,1,FINALIZED_WITHIN_C2_LIMIT,0.922143,1.268
4494,40000.0,0.02,greedy,ZYZZYVA,4.0,0.5,0.1421,1,1,1,FINALIZED_WITHIN_C2_LIMIT,0.473772,1.344
4495,40000.0,0.02,greedy,ZYZZYVA,4.0,0.5,0.1421,1,1,1,FINALIZED_WITHIN_C2_LIMIT,0.045837,1.353
4496,40000.0,0.02,greedy,ZYZZYVA,4.0,0.5,0.1421,1,1,1,FINALIZED_WITHIN_C2_LIMIT,0.217023,1.429
4497,40000.0,0.02,greedy,ZYZZYVA,4.0,0.5,0.1421,1,1,1,FINALIZED_WITHIN_C2_LIMIT,0.10784,1.373
4498,40000.0,0.02,greedy,ZYZZYVA,4.0,0.5,0.1421,1,1,1,FINALIZED_WITHIN_C2_LIMIT,0.05085,1.424
4499,40000.0,0.02,greedy,ZYZZYVA,4.0,0.5,0.1421,1,1,1,FINALIZED_WITHIN_C2_LIMIT,0.043065,1.394
4500,40000.0,0.02,greedy,ZYZZYVA,4.0,0.5,0.1421,1,1,1,FINALIZED_WITHIN_C2_LIMIT,0.056881,1.454
4501,40000.0,0.02,greedy,ZYZZYVA,4.0,0.5,0.1421,1,1,1,FINALIZED_WITHIN_C2_LIMIT,0.052869,1.212
4502,40000.0,0.02,greedy,ZYZZYVA,4.0,0.5,0.1421,1,1,1,FINALIZED_WITHIN_C2_LIMIT,0.09311,1.044
4503,40000.0,0.02,greedy,ZYZZYVA,4.0,0.5,0.1421,1,1,1,FINALIZED_WITHIN_C2_LIMIT,0.114628,1.179
4504,40000.0,0.02,greedy,ZYZZYVA,4.0,0.5,0.1421,1,1,1,FINALIZED_WITHIN_C2_LIMIT,0.032081,1.09
4505,40000.0,0.02,greedy,ZYZZYVA,4.0,0.5,0.1421,1,1,1,FINALIZED_WITHIN_C2_LIMIT,0.028858,1.086
4506,40000.0,0.02,greedy,ZYZZYVA,4.0,0.5,0.1421,1,1,1,FINALIZED_WITHIN_C2_LIMIT,0.114449,1.313
4507,40000.0,0.02,greedy,ZYZZYVA,4.0,0.5,0.1459,1,1,1,FINALIZED_WITHIN_C2_LIMIT,0.059116,1.28
4508,40000.0,0.02,greedy,ZYZZYVA,4.0,0.5,0.1459,1,1,1,FINALIZED_WITHIN_C2_LIMIT,0.07701,1.252
4509,40000.0,0.02,greedy,ZYZZYVA,4.0,0.5,0.1459,1,1,1,FINALIZED_WITHIN_C2_LIMIT,0.09069,1.172
4510,40000.0,0.02,greedy,ZYZZYVA,4.0,0.5,0.1347,1,1,1,FINALIZED_WITHIN_C2_LIMIT,0.023367,1.155
4511,40000.0,0.02,greedy,ZYZZYVA,4.0,0.5,0.1347,1,1,1,FINALIZED_WITHIN_C2_LIMIT,0.018611,1.143
4512,40000.0,0.02,greedy,ZYZZYVA,4.0,0.5,0.1459,1,1,1,FINALIZED_WITHIN_C2_LIMIT,0.028936,1.078
4513,40000.0,0.02,greedy,ZYZZYVA,4.0,0.5,0.1459,1,1,1,FINALIZED_WITHIN_C2_LIMIT,0.091134,1.123
4514,40000.0,0.02,greedy,ZYZZYVA,4.0,0.5,0.1459,1,1,1,FINALIZED_WITHIN_C2_LIMIT,0.055099,1.142
4515,40000.0,0.02,greedy,ZYZZYVA,4.0,0.5,0.1459,1,1,1,FINALIZED_WITHIN_C2_LIMIT,0.102673,1.268
4516,40000.0,0.02,greedy,ZYZZYVA,4.0,0.5,0.1459,1,1,1,FINALIZED_WITHIN_C2_LIMIT,0.091896,1.081
4517,40000.0,0.02,greedy,ZYZZYVA,4.0,0.5,0.1459,1,1,1,FINALIZED_WITHIN_C2_LIMIT,0.022265,1.113
4518,40000.0,0.02,greedy,ZYZZYVA,4.0,0.5,0.1459,1,1,1,FINALIZED_WITHIN_C2_LIMIT,0.026701,1.125
4519,40000.0,0.02,greedy,ZYZZYVA,4.0,0.5,0.1459,1,1,1,FINALIZED_WITHIN_C2_LIMIT,0.021713,1.157
4520,40000.0,0.02,greedy,ZYZZYVA,4.0,0.5,0.1459,1,1,1,FINALIZED_WITHIN_C2_LIMIT,0.077905,1.082
4521,40000.0,0.02,greedy,ZYZZYVA,4.0,0.5,0.1459,1,1,1,FINALIZED_WITHIN_C2_LIMIT,0.057703,1.173
4522,40000.0,0.02,greedy,ZYZZYVA,4.0,0.5,0.1459,1,1,1,FINALIZED_WITHIN_C2_LIMIT,0.076081,1.158
4523,40000.0,0.02,greedy,ZYZZYVA,4.0,0.5,0.1459,1,1,1,FINALIZED_WITHIN_C2_LIMIT,0.125811,1.162
4524,40000.0,0.02,greedy,ZYZZYVA,4.0,0.5,0.1459,1,1,1,FINALIZED_WITHIN_C2_LIMIT,0.018828,1.187
4525,40000.0,0.02,greedy,ZYZZYVA,4.0,0.5,0.1459,1,1,1,FINALIZED_WITHIN_C2_LIMIT,0.023011,1.038
4526,40000.0,0.02,greedy,ZYZZYVA,4.0,0.5,0.1459,1,1,1,FINALIZED_WITHIN_C2_LIMIT,0.020636,1.062
4527,40000.0,0.02,greedy,ZYZZYVA,4.0,0.5,0.1459,1,1,1,FINALIZED_WITHIN_C2_LIMIT,0.171857,1.198
4528,40000.0,0.02,greedy,ZYZZYVA,4.0,0.5,0.1459,1,1,1,FINALIZED_WITHIN_C2_LIMIT,0.107054,1.245
4529,40000.0,0.02,greedy,ZYZZYVA,4.0,0.5,0.1459,1,1,1,FINALIZED_WITHIN_C2_LIMIT,0.090807,1.077
4530,40000.0,0.02,greedy,ZYZZYVA,4.0,0.5,0.1459,1,1,1,FINALIZED_WITHIN_C2_LIMIT,0.054653,1.091
4531,40000.0,0.02,greedy,ZYZZYVA,4.0,0.5,0.1347,1,1,1,FINALIZED_WITHIN_C2_LIMIT,0.098552,1.121
4532,40000.0,0.02,greedy,ZYZZYVA,4.0,0.5,0.1347,1,1,1,FINALIZED_WITHIN_C2_LIMIT,0.074776,1.438
4533,2666.667,0.02,explore,LIU_QUORUM,4.0,7.5,0.0787,1,1,1,FINALIZED_WITHIN_C2_LIMIT,0.073817,1.222
4534,40000.0,0.02,greedy,ZYZZYVA,4.0,0.5,0.1347,1,1,1,FINALIZED_WITHIN_C2_LIMIT,0.086155,1.032
4535,40000.0,0.02,greedy,ZYZZYVA,4.0,0.5,0.1306,1,1,1,FINALIZED_WITHIN_C2_LIMIT,0.0358,1.189
4536,40000.0,0.02,greedy,ZYZZYVA,4.0,0.5,0.1306,1,1,1,FINALIZED_WITHIN_C2_LIMIT,0.027241,1.067
4537,40000.0,0.02,greedy,ZYZZYVA,4.0,0.5,0.1306,1,1,1,FINALIZED_WITHIN_C2_LIMIT,0.135603,1.437
4538,40000.0,0.02,greedy,ZYZZYVA,4.0,0.5,0.1421,1,1,1,FINALIZED_WITHIN_C2_LIMIT,0.134378,1.226
4539,40000.0,0.02,greedy,ZYZZYVA,4.0,0.5,0.1306,1,1,1,FINALIZED_WITHIN_C2_LIMIT,0.035202,1.113
4540,40000.0,0.02,greedy,ZYZZYVA,4.0,0.5,0.1306,1,1,1,FINALIZED_WITHIN_C2_LIMIT,0.040629,1.081
4541,40000.0,0.02,greedy,ZYZZYVA,4.0,0.5,0.1421,1,1,1,FINALIZED_WITHIN_C2_LIMIT,0.140078,1.155
4542,40000.0,0.02,greedy,ZYZZYVA,4.0,0.5,0.1421,1,1,1,FINALIZED_WITHIN_C2_LIMIT,0.101289,1.358
4543,40000.0,0.02,greedy,ZYZZYVA,4.0,0.5,0.1253,1,1,1,FINALIZED_WITHIN_C2_LIMIT,0.036006,1.127
4544,40000.0,0.02,greedy,ZYZZYVA,4.0,0.5,0.1347,1,1,1,FINALIZED_WITHIN_C2_LIMIT,0.069148,1.181
4545,40000.0,0.02,greedy,ZYZZYVA,4.0,0.5,0.1347,1,1,1,FINALIZED_WITHIN_C2_LIMIT,0.099801,1.102
4546,40000.0,0.02,greedy,ZYZZYVA,4.0,0.5,0.1347,1,1,1,FINALIZED_WITHIN_C2_LIMIT,0.046476,1.079
4547,40000.0,0.02,greedy,ZYZZYVA,4.0,0.5,0.1347,1,1,1,FINALIZED_WITHIN_C2_LIMIT,0.055432,1.239
4548,40000.0,0.02,greedy,ZYZZYVA,4.0,0.5,0.1347,1,1,1,FINALIZED_WITHIN_C2_LIMIT,0.060126,1.126
4549,40000.0,0.02,greedy,ZYZZYVA,4.0,0.5,0.1347,1,1,1,FINALIZED_WITHIN_C2_LIMIT,0.068879,1.116
4550,40000.0,0.02,greedy,ZYZZYVA,4.0,0.5,0.1421,1,1,1,FINALIZED_WITHIN_C2_LIMIT,0.075072,1.149
4551,40000.0,0.02,greedy,ZYZZYVA,4.0,0.5,0.1347,1,1,1,FINALIZED_WITHIN_C2_LIMIT,0.07382,1.205
4552,0.0,0.02,explore,ZYZZYVA,4.0,9.5,0.2811,0,1,1,FINALIZED_WITHIN_C2_LIMIT,0.060951,1.08
4553,40000.0,0.02,greedy,ZYZZYVA,4.0,0.5,0.1459,1,1,1,FINALIZED_WITHIN_C2_LIMIT,0.141071,1.041
4554,40000.0,0.02,greedy,ZYZZYVA,4.0,0.5,0.1459,1,1,1,FINALIZED_WITHIN_C2_LIMIT,0.044214,0.982
4555,40000.0,0.02,greedy,ZYZZYVA,4.0,0.5,0.1347,1,1,1,FINALIZED_WITHIN_C2_LIMIT,0.069811,1.048
4556,40000.0,0.02,greedy,ZYZZYVA,4.0,0.5,0.1347,1,1,1,FINALIZED_WITHIN_C2_LIMIT,0.050258,1.094
4557,40000.0,0.02,greedy,ZYZZYVA,4.0,0.5,0.1459,1,1,1,FINALIZED_WITHIN_C2_LIMIT,0.070342,1.134
4558,40000.0,0.02,greedy,ZYZZYVA,4.0,0.5,0.1459,1,1,1,FINALIZED_WITHIN_C2_LIMIT,0.056934,1.048
4559,2000.0,0.02,explore,ZYZZYVA,4.0,10.0,0.0298,1,1,1,FINALIZED_WITHIN_C2_LIMIT,0.074178,1.167
4560,40000.0,0.02,greedy,ZYZZYVA,4.0,0.5,0.1459,1,1,1,FINALIZED_WITHIN_C2_LIMIT,0.046678,1.13
4561,40000.0,0.02,greedy,ZYZZYVA,4.0,0.5,0.1347,1,1,1,FINALIZED_WITHIN_C2_LIMIT,0.072466,1.051
4562,40000.0,0.02,greedy,ZYZZYVA,4.0,0.5,0.1459,1,1,1,FINALIZED_WITHIN_C2_LIMIT,0.069139,1.082
4563,40000.0,0.02,greedy,ZYZZYVA,4.0,0.5,0.1459,1,1,1,FINALIZED_WITHIN_C2_LIMIT,0.050373,1.064
4564,40000.0,0.02,greedy,ZYZZYVA,4.0,0.5,0.1459,1,1,1,FINALIZED_WITHIN_C2_LIMIT,0.06681,1.076
4565,40000.0,0.02,greedy,ZYZZYVA,4.0,0.5,0.1459,1,1,1,FINALIZED_WITHIN_C2_LIMIT,0.066999,1.096
4566,40000.0,0.02,greedy,ZYZZYVA,4.0,0.5,0.1459,1,1,1,FINALIZED_WITHIN_C2_LIMIT,0.062358,1.145
4567,40000.0,0.02,greedy,ZYZZYVA,4.0,0.5,0.1347,1,1,1,FINALIZED_WITHIN_C2_LIMIT,0.068996,1.153
4568,40000.0,0.02,greedy,ZYZZYVA,4.0,0.5,0.1347,1,1,1,FINALIZED_WITHIN_C2_LIMIT,0.057587,1.407
4569,40000.0,0.02,greedy,ZYZZYVA,4.0,0.5,0.1459,1,1,1,FINALIZED_WITHIN_C2_LIMIT,0.060732,1.086
4570,40000.0,0.02,greedy,ZYZZYVA,4.0,0.5,0.1459,1,1,1,FINALIZED_WITHIN_C2_LIMIT,0.079963,1.246
4571,40000.0,0.02,greedy,ZYZZYVA,4.0,0.5,0.1459,1,1,1,FINALIZED_WITHIN_C2_LIMIT,0.051211,1.348
4572,40000.0,0.02,greedy,ZYZZYVA,4.0,0.5,0.1459,1,1,1,FINALIZED_WITHIN_C2_LIMIT,0.038041,1.131
4573,40000.0,0.02,greedy,ZYZZYVA,4.0,0.5,0.1459,1,1,1,FINALIZED_WITHIN_C2_LIMIT,0.109108,1.179
4574,40000.0,0.02,greedy,ZYZZYVA,4.0,0.5,0.1459,1,1,1,FINALIZED_WITHIN_C2_LIMIT,0.092301,1.08
4575,40000.0,0.02,greedy,ZYZZYVA,4.0,0.5,0.1459,1,1,1,FINALIZED_WITHIN_C2_LIMIT,0.066181,1.142
4576,40000.0,0.02,greedy,ZYZZYVA,4.0,0.5,0.1459,1,1,1,FINALIZED_WITHIN_C2_LIMIT,0.025452,1.107
4577,40000.0,0.02,greedy,ZYZZYVA,4.0,0.5,0.1459,1,1,1,FINALIZED_WITHIN_C2_LIMIT,0.090734,1.182
4578,40000.0,0.02,greedy,ZYZZYVA,4.0,0.5,0.1459,1,1,1,FINALIZED_WITHIN_C2_LIMIT,0.069536,1.157
4579,40000.0,0.02,greedy,ZYZZYVA,4.0,0.5,0.1459,1,1,1,FINALIZED_WITHIN_C2_LIMIT,0.052975,1.512
4580,40000.0,0.02,greedy,ZYZZYVA,4.0,0.5,0.1459,1,1,1,FINALIZED_WITHIN_C2_LIMIT,0.046146,1.064
4581,40000.0,0.02,greedy,ZYZZYVA,4.0,0.5,0.1459,1,1,1,FINALIZED_WITHIN_C2_LIMIT,0.066672,1.113
4582,40000.0,0.02,greedy,ZYZZYVA,4.0,0.5,0.1459,1,1,1,FINALIZED_WITHIN_C2_LIMIT,0.068116,1.367
4583,40000.0,0.02,greedy,ZYZZYVA,4.0,0.5,0.1459,1,1,1,FINALIZED_WITHIN_C2_LIMIT,0.031185,1.372
4584,40000.0,0.02,greedy,ZYZZYVA,4.0,0.5,0.1459,1,1,1,FINALIZED_WITHIN_C2_LIMIT,0.065746,1.208
4585,40000.0,0.02,greedy,ZYZZYVA,4.0,0.5,0.1459,1,1,1,FINALIZED_WITHIN_C2_LIMIT,0.092164,1.272
4586,40000.0,0.02,greedy,ZYZZYVA,4.0,0.5,0.1459,1,1,1,FINALIZED_WITHIN_C2_LIMIT,0.063778,1.293
4587,40000.0,0.02,greedy,ZYZZYVA,4.0,0.5,0.1459,1,1,1,FINALIZED_WITHIN_C2_LIMIT,0.035767,1.177
4588,40000.0,0.02,greedy,ZYZZYVA,4.0,0.5,0.1459,1,1,1,FINALIZED_WITHIN_C2_LIMIT,0.037623,1.186
4589,40000.0,0.02,greedy,ZYZZYVA,4.0,0.5,0.1459,1,1,1,FINALIZED_WITHIN_C2_LIMIT,0.073061,1.268
4590,40000.0,0.02,greedy,ZYZZYVA,4.0,0.5,0.1459,1,1,1,FINALIZED_WITHIN_C2_LIMIT,0.067574,1.132
4591,40000.0,0.02,greedy,ZYZZYVA,4.0,0.5,0.1459,1,1,1,FINALIZED_WITHIN_C2_LIMIT,0.042865,1.203
4592,40000.0,0.02,greedy,ZYZZYVA,4.0,0.5,0.1459,1,1,1,FINALIZED_WITHIN_C2_LIMIT,0.074633,1.414
4593,40000.0,0.02,greedy,ZYZZYVA,4.0,0.5,0.1459,1,1,1,FINALIZED_WITHIN_C2_LIMIT,0.083409,1.219
4594,40000.0,0.02,greedy,ZYZZYVA,4.0,0.5,0.1459,1,1,1,FINALIZED_WITHIN_C2_LIMIT,0.109834,1.18
4595,40000.0,0.02,greedy,ZYZZYVA,4.0,0.5,0.1459,1,1,1,FINALIZED_WITHIN_C2_LIMIT,0.053497,1.053
4596,40000.0,0.02,greedy,ZYZZYVA,4.0,0.5,0.1459,1,1,1,FINALIZED_WITHIN_C2_LIMIT,0.043134,1.166
4597,40000.0,0.02,greedy,ZYZZYVA,4.0,0.5,0.1459,1,1,1,FINALIZED_WITHIN_C2_LIMIT,0.064001,1.079
4598,8000.0,0.02,explore,ZYZZYVA,4.0,2.5,0.068,1,1,1,FINALIZED_WITHIN_C2_LIMIT,0.058977,1.109
4599,40000.0,0.02,greedy,ZYZZYVA,4.0,0.5,0.1347,1,1,1,FINALIZED_WITHIN_C2_LIMIT,0.037169,1.161
4600,40000.0,0.02,greedy,ZYZZYVA,4.0,0.5,0.1253,1,1,1,FINALIZED_WITHIN_C2_LIMIT,0.400218,1.174
4601,40000.0,0.02,greedy,ZYZZYVA,4.0,0.5,0.1347,1,1,1,FINALIZED_WITHIN_C2_LIMIT,0.833791,1.224
4602,40000.0,0.02,greedy,ZYZZYVA,4.0,0.5,0.1347,1,1,1,FINALIZED_WITHIN_C2_LIMIT,0.497827,1.291
4603,40000.0,0.02,greedy,ZYZZYVA,4.0,0.5,0.1347,1,1,1,FINALIZED_WITHIN_C2_LIMIT,0.082792,1.376
4604,40000.0,0.02,greedy,ZYZZYVA,4.0,0.5,0.1421,1,1,1,FINALIZED_WITHIN_C2_LIMIT,0.373412,1.172
4605,40000.0,0.02,greedy,ZYZZYVA,4.0,0.5,0.1421,1,1,1,FINALIZED_WITHIN_C2_LIMIT,0.806819,1.352
4606,40000.0,0.02,greedy,ZYZZYVA,4.0,0.5,0.1421,1,1,1,FINALIZED_WITHIN_C2_LIMIT,0.764673,1.144
4607,40000.0,0.02,greedy,ZYZZYVA,4.0,0.5,0.1421,1,1,1,FINALIZED_WITHIN_C2_LIMIT,0.309158,1.202
4608,40000.0,0.02,greedy,ZYZZYVA,4.0,0.5,0.1421,1,1,1,FINALIZED_WITHIN_C2_LIMIT,0.069444,1.314
4609,40000.0,0.02,greedy,ZYZZYVA,4.0,0.5,0.1421,1,1,1,FINALIZED_WITHIN_C2_LIMIT,0.278621,1.351
4610,40000.0,0.02,greedy,ZYZZYVA,4.0,0.5,0.1459,1,1,1,FINALIZED_WITHIN_C2_LIMIT,0.052998,1.416
4611,20000.0,0.02,explore,ZYZZYVA,4.0,1.0,0.0684,1,1,1,FINALIZED_WITHIN_C2_LIMIT,0.571112,1.395
4612,40000.0,0.02,greedy,ZYZZYVA,4.0,0.5,0.1459,1,1,1,FINALIZED_WITHIN_C2_LIMIT,0.341409,1.235
4613,40000.0,0.02,greedy,ZYZZYVA,4.0,0.5,0.1459,1,1,1,FINALIZED_WITHIN_C2_LIMIT,0.027292,1.217
4614,40000.0,0.02,greedy,ZYZZYVA,4.0,0.5,0.1459,1,1,1,FINALIZED_WITHIN_C2_LIMIT,0.017344,1.372
4615,40000.0,0.02,greedy,ZYZZYVA,4.0,0.5,0.1459,1,1,1,FINALIZED_WITHIN_C2_LIMIT,0.325307,1.336
4616,40000.0,0.02,greedy,ZYZZYVA,4.0,0.5,0.1459,1,1,1,FINALIZED_WITHIN_C2_LIMIT,0.276546,1.343
4617,40000.0,0.02,greedy,ZYZZYVA,4.0,0.5,0.1459,1,1,1,FINALIZED_WITHIN_C2_LIMIT,0.031766,1.209
4618,40000.0,0.02,greedy,ZYZZYVA,4.0,0.5,0.1683,1,1,1,FINALIZED_WITHIN_C2_LIMIT,0.031067,1.285
4619,40000.0,0.02,greedy,ZYZZYVA,4.0,0.5,0.1683,1,1,1,FINALIZED_WITHIN_C2_LIMIT,0.154103,1.174
4620,40000.0,0.02,greedy,ZYZZYVA,4.0,0.5,0.1683,1,1,1,FINALIZED_WITHIN_C2_LIMIT,0.074186,1.315
4621,40000.0,0.02,greedy,ZYZZYVA,4.0,0.5,0.1683,1,1,1,FINALIZED_WITHIN_C2_LIMIT,0.099065,1.138
4622,40000.0,0.02,greedy,ZYZZYVA,4.0,0.5,0.1683,1,1,1,FINALIZED_WITHIN_C2_LIMIT,0.11091,1.19
4623,40000.0,0.02,greedy,ZYZZYVA,4.0,0.5,0.1683,1,1,1,FINALIZED_WITHIN_C2_LIMIT,0.035483,1.233
4624,40000.0,0.02,greedy,ZYZZYVA,4.0,0.5,0.1459,1,1,1,FINALIZED_WITHIN_C2_LIMIT,0.018485,1.226
4625,40000.0,0.02,greedy,ZYZZYVA,4.0,0.5,0.1459,1,1,1,FINALIZED_WITHIN_C2_LIMIT,0.199264,1.207
4626,40000.0,0.02,greedy,ZYZZYVA,4.0,0.5,0.1459,1,1,1,FINALIZED_WITHIN_C2_LIMIT,0.248991,1.444
4627,40000.0,0.02,greedy,ZYZZYVA,4.0,0.5,0.1459,1,1,1,FINALIZED_WITHIN_C2_LIMIT,0.116281,1.219
4628,40000.0,0.02,greedy,ZYZZYVA,4.0,0.5,0.1459,1,1,1,FINALIZED_WITHIN_C2_LIMIT,0.12941,1.122
4629,40000.0,0.02,greedy,ZYZZYVA,4.0,0.5,0.1368,1,1,1,FINALIZED_WITHIN_C2_LIMIT,0.081583,1.44
4630,40000.0,0.02,greedy,ZYZZYVA,4.0,0.5,0.1475,1,1,1,FINALIZED_WITHIN_C2_LIMIT,0.182238,1.28
4631,40000.0,0.02,greedy,ZYZZYVA,4.0,0.5,0.1487,1,1,1,FINALIZED_WITHIN_C2_LIMIT,0.075649,1.362
4632,40000.0,0.02,greedy,ZYZZYVA,4.0,0.5,0.1368,1,1,1,FINALIZED_WITHIN_C2_LIMIT,0.095265,1.209
4633,40000.0,0.02,greedy,ZYZZYVA,4.0,0.5,0.1459,1,1,1,FINALIZED_WITHIN_C2_LIMIT,0.088919,1.663
4634,40000.0,0.02,greedy,ZYZZYVA,4.0,0.5,0.1366,1,1,1,FINALIZED_WITHIN_C2_LIMIT,0.074723,1.182
4635,40000.0,0.02,greedy,ZYZZYVA,4.0,0.5,0.1366,1,1,1,FINALIZED_WITHIN_C2_LIMIT,0.050331,1.183
4636,40000.0,0.02,greedy,ZYZZYVA,4.0,0.5,0.1459,1,1,1,FINALIZED_WITHIN_C2_LIMIT,0.070854,1.208
4637,40000.0,0.02,greedy,ZYZZYVA,4.0,0.5,0.1459,1,1,1,FINALIZED_WITHIN_C2_LIMIT,0.061569,1.297
4638,40000.0,0.02,greedy,ZYZZYVA,4.0,0.5,0.1459,1,1,1,FINALIZED_WITHIN_C2_LIMIT,0.075248,1.148
4639,40000.0,0.02,greedy,ZYZZYVA,4.0,0.5,0.1459,1,1,1,FINALIZED_WITHIN_C2_LIMIT,0.069428,1.136
4640,40000.0,0.02,greedy,ZYZZYVA,4.0,0.5,0.1459,1,1,1,FINALIZED_WITHIN_C2_LIMIT,0.079973,1.245
4641,40000.0,0.02,greedy,ZYZZYVA,4.0,0.5,0.1459,1,1,1,FINALIZED_WITHIN_C2_LIMIT,0.049134,1.181
4642,40000.0,0.02,greedy,ZYZZYVA,4.0,0.5,0.1459,1,1,1,FINALIZED_WITHIN_C2_LIMIT,0.137939,1.186
4643,40000.0,0.02,greedy,ZYZZYVA,4.0,0.5,0.1459,1,1,1,FINALIZED_WITHIN_C2_LIMIT,0.11494,1.22
4644,3636.364,0.02,explore,ZYZZYVA,4.0,5.5,0.0881,1,1,1,FINALIZED_WITHIN_C2_LIMIT,0.056608,1.075
4645,40000.0,0.02,greedy,ZYZZYVA,4.0,0.5,0.1459,1,1,1,FINALIZED_WITHIN_C2_LIMIT,0.048448,1.084
4646,40000.0,0.02,greedy,ZYZZYVA,4.0,0.5,0.1347,1,1,1,FINALIZED_WITHIN_C2_LIMIT,0.116575,1.106
4647,40000.0,0.02,greedy,ZYZZYVA,4.0,0.5,0.1347,1,1,1,FINALIZED_WITHIN_C2_LIMIT,0.1167,1.237
4648,40000.0,0.02,greedy,ZYZZYVA,4.0,0.5,0.1459,1,1,1,FINALIZED_WITHIN_C2_LIMIT,0.023409,1.098
4649,40000.0,0.02,greedy,ZYZZYVA,4.0,0.5,0.1459,1,1,1,FINALIZED_WITHIN_C2_LIMIT,0.027223,1.172
4650,40000.0,0.02,greedy,ZYZZYVA,4.0,0.5,0.1459,1,1,1,FINALIZED_WITHIN_C2_LIMIT,0.176676,1.266
4651,40000.0,0.02,greedy,ZYZZYVA,4.0,0.5,0.1459,1,1,1,FINALIZED_WITHIN_C2_LIMIT,0.138175,1.147
4652,40000.0,0.02,greedy,ZYZZYVA,4.0,0.5,0.1459,1,1,1,FINALIZED_WITHIN_C2_LIMIT,0.027929,1.069
4653,40000.0,0.02,greedy,ZYZZYVA,4.0,0.5,0.1581,1,1,1,FINALIZED_WITHIN_C2_LIMIT,0.025891,1.093
4654,40000.0,0.02,greedy,ZYZZYVA,4.0,0.5,0.1581,1,1,1,FINALIZED_WITHIN_C2_LIMIT,0.095268,1.141
4655,40000.0,0.02,greedy,ZYZZYVA,4.0,0.5,0.1581,1,1,1,FINALIZED_WITHIN_C2_LIMIT,0.074476,1.125
4656,40000.0,0.02,greedy,ZYZZYVA,4.0,0.5,0.1581,1,1,1,FINALIZED_WITHIN_C2_LIMIT,0.06933,1.133
4657,40000.0,0.02,greedy,ZYZZYVA,4.0,0.5,0.1581,1,1,1,FINALIZED_WITHIN_C2_LIMIT,0.058389,1.272
4658,40000.0,0.02,greedy,ZYZZYVA,4.0,0.5,0.1753,1,1,1,FINALIZED_WITHIN_C2_LIMIT,0.03868,1.205
4659,40000.0,0.02,greedy,ZYZZYVA,4.0,0.5,0.1753,1,1,1,FINALIZED_WITHIN_C2_LIMIT,0.078425,1.153
4660,40000.0,0.02,greedy,ZYZZYVA,4.0,0.5,0.1753,1,1,1,FINALIZED_WITHIN_C2_LIMIT,0.107843,1.167
4661,40000.0,0.02,greedy,ZYZZYVA,4.0,0.5,0.1753,1,1,1,FINALIZED_WITHIN_C2_LIMIT,0.131239,1.204
4662,40000.0,0.02,greedy,ZYZZYVA,4.0,0.5,0.1753,1,1,1,FINALIZED_WITHIN_C2_LIMIT,0.032911,1.301
4663,40000.0,0.02,greedy,ZYZZYVA,4.0,0.5,0.1753,1,1,1,FINALIZED_WITHIN_C2_LIMIT,0.022787,1.209
4664,40000.0,0.02,greedy,ZYZZYVA,4.0,0.5,0.1753,1,1,1,FINALIZED_WITHIN_C2_LIMIT,0.136847,1.131
4665,40000.0,0.02,greedy,ZYZZYVA,4.0,0.5,0.1753,1,1,1,FINALIZED_WITHIN_C2_LIMIT,0.144542,1.146
4666,40000.0,0.02,greedy,ZYZZYVA,4.0,0.5,0.1753,1,1,1,FINALIZED_WITHIN_C2_LIMIT,0.018809,1.278
4667,40000.0,0.02,greedy,ZYZZYVA,4.0,0.5,0.1753,1,1,1,FINALIZED_WITHIN_C2_LIMIT,0.025696,1.35
4668,40000.0,0.02,greedy,ZYZZYVA,4.0,0.5,0.1753,1,1,1,FINALIZED_WITHIN_C2_LIMIT,0.121075,1.113
4669,40000.0,0.02,greedy,ZYZZYVA,4.0,0.5,0.1683,1,1,1,FINALIZED_WITHIN_C2_LIMIT,0.059676,1.428
4670,40000.0,0.02,greedy,ZYZZYVA,4.0,0.5,0.1683,1,1,1,FINALIZED_WITHIN_C2_LIMIT,0.107992,1.185
4671,40000.0,0.02,greedy,ZYZZYVA,4.0,0.5,0.1683,1,1,1,FINALIZED_WITHIN_C2_LIMIT,0.104134,1.339
4672,40000.0,0.02,greedy,ZYZZYVA,4.0,0.5,0.1683,1,1,1,FINALIZED_WITHIN_C2_LIMIT,0.024984,1.264
4673,40000.0,0.02,greedy,ZYZZYVA,4.0,0.5,0.1683,1,1,1,FINALIZED_WITHIN_C2_LIMIT,0.484511,1.443
4674,40000.0,0.02,greedy,ZYZZYVA,4.0,0.5,0.1683,1,1,1,FINALIZED_WITHIN_C2_LIMIT,0.885448,1.126
4675,40000.0,0.02,greedy,ZYZZYVA,4.0,0.5,0.1683,1,1,1,FINALIZED_WITHIN_C2_LIMIT,0.606249,1.389
4676,40000.0,0.02,greedy,ZYZZYVA,4.0,0.5,0.1683,1,1,1,FINALIZED_WITHIN_C2_LIMIT,0.10873,1.16
4677,40000.0,0.02,greedy,ZYZZYVA,4.0,0.5,0.1683,1,1,1,FINALIZED_WITHIN_C2_LIMIT,0.253085,1.193
4678,40000.0,0.02,greedy,ZYZZYVA,4.0,0.5,0.1683,1,1,1,FINALIZED_WITHIN_C2_LIMIT,0.650947,1.375
4679,40000.0,0.02,greedy,ZYZZYVA,4.0,0.5,0.1683,1,1,1,FINALIZED_WITHIN_C2_LIMIT,0.674376,1.12
4680,40000.0,0.02,greedy,ZYZZYVA,4.0,0.5,0.1683,1,1,1,FINALIZED_WITHIN_C2_LIMIT,0.20366,1.244
4681,40000.0,0.02,greedy,ZYZZYVA,4.0,0.5,0.1683,1,1,1,FINALIZED_WITHIN_C2_LIMIT,0.120947,1.206
4682,40000.0,0.02,greedy,ZYZZYVA,4.0,0.5,0.1683,1,1,1,FINALIZED_WITHIN_C2_LIMIT,0.365518,1.277
4683,40000.0,0.02,greedy,ZYZZYVA,4.0,0.5,0.1683,1,1,1,FINALIZED_WITHIN_C2_LIMIT,0.276816,1.602
4684,40000.0,0.02,greedy,ZYZZYVA,4.0,0.5,0.1683,1,1,1,FINALIZED_WITHIN_C2_LIMIT,0.025667,1.275
4685,40000.0,0.02,greedy,ZYZZYVA,4.0,0.5,0.1683,1,1,1,FINALIZED_WITHIN_C2_LIMIT,0.516759,1.408
4686,40000.0,0.02,greedy,ZYZZYVA,4.0,0.5,0.1683,1,1,1,FINALIZED_WITHIN_C2_LIMIT,1.10935,1.764
4687,40000.0,0.02,greedy,ZYZZYVA,4.0,0.5,0.1683,1,1,1,FINALIZED_WITHIN_C2_LIMIT,0.931639,1.341
4688,40000.0,0.02,greedy,ZYZZYVA,4.0,0.5,0.1683,1,1,1,FINALIZED_WITHIN_C2_LIMIT,0.289161,1.245
4689,40000.0,0.02,greedy,ZYZZYVA,4.0,0.5,0.1683,1,1,1,FINALIZED_WITHIN_C2_LIMIT,0.051754,1.362
4690,40000.0,0.02,greedy,ZYZZYVA,4.0,0.5,0.1683,1,1,1,FINALIZED_WITHIN_C2_LIMIT,0.276145,1.498
4691,40000.0,0.02,greedy,ZYZZYVA,4.0,0.5,0.1683,1,1,1,FINALIZED_WITHIN_C2_LIMIT,0.175956,1.326
4692,40000.0,0.02,greedy,ZYZZYVA,4.0,0.5,0.1683,1,1,1,FINALIZED_WITHIN_C2_LIMIT,0.017561,1.296
4693,40000.0,0.02,greedy,ZYZZYVA,4.0,0.5,0.1683,1,1,1,FINALIZED_WITHIN_C2_LIMIT,0.045602,1.433
4694,40000.0,0.02,greedy,ZYZZYVA,4.0,0.5,0.1683,1,1,1,FINALIZED_WITHIN_C2_LIMIT,0.073241,1.489
4695,40000.0,0.02,greedy,ZYZZYVA,4.0,0.5,0.1683,1,1,1,FINALIZED_WITHIN_C2_LIMIT,0.047743,1.351
4696,40000.0,0.02,greedy,ZYZZYVA,4.0,0.5,0.1683,1,1,1,FINALIZED_WITHIN_C2_LIMIT,0.131637,1.134
4697,40000.0,0.02,greedy,ZYZZYVA,4.0,0.5,0.1683,1,1,1,FINALIZED_WITHIN_C2_LIMIT,0.157499,1.335
4698,40000.0,0.02,greedy,ZYZZYVA,4.0,0.5,0.1459,1,1,1,FINALIZED_WITHIN_C2_LIMIT,0.023489,1.167
4699,40000.0,0.02,greedy,ZYZZYVA,4.0,0.5,0.1459,1,1,1,FINALIZED_WITHIN_C2_LIMIT,0.031945,1.191
4700,40000.0,0.02,greedy,ZYZZYVA,4.0,0.5,0.1459,1,1,1,FINALIZED_WITHIN_C2_LIMIT,0.129734,1.138
4701,40000.0,0.02,greedy,ZYZZYVA,4.0,0.5,0.1459,1,1,1,FINALIZED_WITHIN_C2_LIMIT,0.0998,1.124
4702,40000.0,0.02,greedy,ZYZZYVA,4.0,0.5,0.1459,1,1,1,FINALIZED_WITHIN_C2_LIMIT,0.021982,1.2
4703,40000.0,0.02,greedy,ZYZZYVA,4.0,0.5,0.1459,1,1,1,FINALIZED_WITHIN_C2_LIMIT,0.056052,1.324
4704,40000.0,0.02,greedy,ZYZZYVA,4.0,0.5,0.1347,1,1,1,FINALIZED_WITHIN_C2_LIMIT,0.151447,1.546
4705,40000.0,0.02,greedy,ZYZZYVA,4.0,0.5,0.1347,1,1,1,FINALIZED_WITHIN_C2_LIMIT,0.146766,1.243
4706,40000.0,0.02,greedy,ZYZZYVA,4.0,0.5,0.1459,1,1,1,FINALIZED_WITHIN_C2_LIMIT,0.035217,1.309
4707,40000.0,0.02,greedy,ZYZZYVA,4.0,0.5,0.1459,1,1,1,FINALIZED_WITHIN_C2_LIMIT,0.020606,1.212
4708,40000.0,0.02,greedy,ZYZZYVA,4.0,0.5,0.1459,1,1,1,FINALIZED_WITHIN_C2_LIMIT,0.11857,1.215
4709,40000.0,0.02,greedy,ZYZZYVA,4.0,0.5,0.1459,1,1,1,FINALIZED_WITHIN_C2_LIMIT,0.124705,1.169
4710,4000.0,0.02,explore,ZYZZYVA,4.0,5.0,0.1368,1,1,1,FINALIZED_WITHIN_C2_LIMIT,0.023435,1.209
4711,40000.0,0.02,greedy,ZYZZYVA,4.0,0.5,0.1421,1,1,1,FINALIZED_WITHIN_C2_LIMIT,0.023933,1.086
4712,40000.0,0.02,greedy,ZYZZYVA,4.0,0.5,0.1459,1,1,1,FINALIZED_WITHIN_C2_LIMIT,0.187962,1.198
4713,40000.0,0.02,greedy,ZYZZYVA,4.0,0.5,0.1421,1,1,1,FINALIZED_WITHIN_C2_LIMIT,0.195924,1.151
4714,40000.0,0.02,greedy,ZYZZYVA,4.0,0.5,0.1421,1,1,1,FINALIZED_WITHIN_C2_LIMIT,0.026327,1.153
4715,40000.0,0.02,greedy,ZYZZYVA,4.0,0.5,0.1421,1,1,1,FINALIZED_WITHIN_C2_LIMIT,0.465155,1.24
4716,40000.0,0.02,greedy,ZYZZYVA,4.0,0.5,0.1421,1,1,1,FINALIZED_WITHIN_C2_LIMIT,0.983426,1.053
4717,40000.0,0.02,greedy,ZYZZYVA,4.0,0.5,0.1421,1,1,1,FINALIZED_WITHIN_C2_LIMIT,0.756288,1.096
4718,40000.0,0.02,greedy,ZYZZYVA,4.0,0.5,0.1421,1,1,1,FINALIZED_WITHIN_C2_LIMIT,0.223969,1.188
4719,40000.0,0.02,greedy,ZYZZYVA,4.0,0.5,0.1421,1,1,1,FINALIZED_WITHIN_C2_LIMIT,0.188264,1.223
4720,40000.0,0.02,greedy,ZYZZYVA,4.0,0.5,0.1366,1,1,1,FINALIZED_WITHIN_C2_LIMIT,0.525386,1.379
4721,40000.0,0.02,greedy,ZYZZYVA,4.0,0.5,0.1366,1,1,1,FINALIZED_WITHIN_C2_LIMIT,0.47335,1.179
4722,40000.0,0.02,greedy,ZYZZYVA,4.0,0.5,0.1421,1,1,1,FINALIZED_WITHIN_C2_LIMIT,0.169595,1.292
4723,40000.0,0.02,greedy,ZYZZYVA,4.0,0.5,0.1421,1,1,1,FINALIZED_WITHIN_C2_LIMIT,0.232449,1.448
4724,40000.0,0.02,greedy,ZYZZYVA,4.0,0.5,0.1459,1,1,1,FINALIZED_WITHIN_C2_LIMIT,0.658579,1.307
4725,40000.0,0.02,greedy,ZYZZYVA,4.0,0.5,0.1459,1,1,1,FINALIZED_WITHIN_C2_LIMIT,0.491803,1.301
4726,40000.0,0.02,greedy,ZYZZYVA,4.0,0.5,0.1459,1,1,1,FINALIZED_WITHIN_C2_LIMIT,0.085713,1.147
4727,40000.0,0.02,greedy,ZYZZYVA,4.0,0.5,0.1459,1,1,1,FINALIZED_WITHIN_C2_LIMIT,0.288356,1.337
4728,40000.0,0.02,greedy,ZYZZYVA,4.0,0.5,0.1459,1,1,1,FINALIZED_WITHIN_C2_LIMIT,0.746076,1.581
4729,40000.0,0.02,greedy,ZYZZYVA,4.0,0.5,0.1459,1,1,1,FINALIZED_WITHIN_C2_LIMIT,0.653018,1.457
4730,40000.0,0.02,greedy,ZYZZYVA,4.0,0.5,0.1459,1,1,1,FINALIZED_WITHIN_C2_LIMIT,0.15274,1.41
4731,40000.0,0.02,greedy,ZYZZYVA,4.0,0.5,0.1459,1,1,1,FINALIZED_WITHIN_C2_LIMIT,0.173625,1.048
4732,40000.0,0.02,greedy,ZYZZYVA,4.0,0.5,0.1683,1,1,1,FINALIZED_WITHIN_C2_LIMIT,0.450846,1.13
4733,40000.0,0.02,greedy,ZYZZYVA,4.0,0.5,0.1459,1,1,1,FINALIZED_WITHIN_C2_LIMIT,0.40907,1.167
4734,40000.0,0.02,greedy,ZYZZYVA,4.0,0.5,0.1683,1,1,1,FINALIZED_WITHIN_C2_LIMIT,0.051724,1.213
4735,40000.0,0.02,greedy,ZYZZYVA,4.0,0.5,0.1459,1,1,1,FINALIZED_WITHIN_C2_LIMIT,0.335368,1.21
4736,40000.0,0.02,greedy,ZYZZYVA,4.0,0.5,0.1459,1,1,1,FINALIZED_WITHIN_C2_LIMIT,0.754724,1.396
4737,40000.0,0.02,greedy,ZYZZYVA,4.0,0.5,0.1459,1,1,1,FINALIZED_WITHIN_C2_LIMIT,0.620676,1.219
4738,40000.0,0.02,greedy,ZYZZYVA,4.0,0.5,0.1683,1,1,1,FINALIZED_WITHIN_C2_LIMIT,0.15556,1.163
4739,40000.0,0.02,greedy,ZYZZYVA,4.0,0.5,0.1683,1,1,1,FINALIZED_WITHIN_C2_LIMIT,0.147336,1.113
4740,40000.0,0.02,greedy,ZYZZYVA,4.0,0.5,0.1683,1,1,1,FINALIZED_WITHIN_C2_LIMIT,0.498893,1.131
4741,40000.0,0.02,greedy,ZYZZYVA,4.0,0.5,0.1459,1,1,1,FINALIZED_WITHIN_C2_LIMIT,0.377686,1.186
4742,40000.0,0.02,greedy,ZYZZYVA,4.0,0.5,0.1459,1,1,1,FINALIZED_WITHIN_C2_LIMIT,0.04884,1.232
4743,40000.0,0.02,greedy,ZYZZYVA,4.0,0.5,0.1487,1,1,1,FINALIZED_WITHIN_C2_LIMIT,0.332281,1.173
4744,40000.0,0.02,greedy,ZYZZYVA,4.0,0.5,0.1768,1,1,1,FINALIZED_WITHIN_C2_LIMIT,0.765904,1.174
4745,2105.263,0.02,explore,LIU_QUORUM,4.0,9.5,0.0739,1,1,1,FINALIZED_WITHIN_C2_LIMIT,0.636445,1.299
4746,40000.0,0.02,greedy,ZYZZYVA,4.0,0.5,0.1753,1,1,1,FINALIZED_WITHIN_C2_LIMIT,0.145206,1.406
4747,40000.0,0.02,greedy,ZYZZYVA,4.0,0.5,0.1683,1,1,1,FINALIZED_WITHIN_C2_LIMIT,0.217425,1.386
4748,40000.0,0.02,greedy,ZYZZYVA,4.0,0.5,0.1683,1,1,1,FINALIZED_WITHIN_C2_LIMIT,0.62799,1.238
4749,2500.0,0.02,explore,LIU_QUORUM,4.0,8.0,0.104,1,1,1,FINALIZED_WITHIN_C2_LIMIT,0.510893,1.231
4750,40000.0,0.02,greedy,ZYZZYVA,4.0,0.5,0.1683,1,1,1,FINALIZED_WITHIN_C2_LIMIT,0.129414,1.211
4751,40000.0,0.02,greedy,ZYZZYVA,4.0,0.5,0.1683,1,1,1,FINALIZED_WITHIN_C2_LIMIT,0.183211,1.152
4752,40000.0,0.02,greedy,ZYZZYVA,4.0,0.5,0.1683,1,1,1,FINALIZED_WITHIN_C2_LIMIT,0.507747,1.29
4753,40000.0,0.02,greedy,ZYZZYVA,4.0,0.5,0.1683,1,1,1,FINALIZED_WITHIN_C2_LIMIT,0.414476,1.29
4754,40000.0,0.02,greedy,ZYZZYVA,4.0,0.5,0.1683,1,1,1,FINALIZED_WITHIN_C2_LIMIT,0.060716,1.312
4755,40000.0,0.02,greedy,ZYZZYVA,4.0,0.5,0.1683,1,1,1,FINALIZED_WITHIN_C2_LIMIT,0.292464,1.197
4756,40000.0,0.02,greedy,ZYZZYVA,4.0,0.5,0.1683,1,1,1,FINALIZED_WITHIN_C2_LIMIT,0.77799,1.344
4757,40000.0,0.02,greedy,ZYZZYVA,4.0,0.5,0.1683,1,1,1,FINALIZED_WITHIN_C2_LIMIT,0.642992,1.309
4758,40000.0,0.02,greedy,ZYZZYVA,4.0,0.5,0.1683,1,1,1,FINALIZED_WITHIN_C2_LIMIT,0.182065,1.127
4759,40000.0,0.02,greedy,ZYZZYVA,4.0,0.5,0.1683,1,1,1,FINALIZED_WITHIN_C2_LIMIT,0.135726,1.073
4760,40000.0,0.02,greedy,ZYZZYVA,4.0,0.5,0.1683,1,1,1,FINALIZED_WITHIN_C2_LIMIT,0.430238,1.184
4761,40000.0,0.02,greedy,ZYZZYVA,4.0,0.5,0.1683,1,1,1,FINALIZED_WITHIN_C2_LIMIT,0.327883,1.275
4762,40000.0,0.02,greedy,ZYZZYVA,4.0,0.5,0.1683,1,1,1,FINALIZED_WITHIN_C2_LIMIT,0.050711,1.319
4763,40000.0,0.02,greedy,ZYZZYVA,4.0,0.5,0.1683,1,1,1,FINALIZED_WITHIN_C2_LIMIT,0.349889,1.273
4764,40000.0,0.02,greedy,ZYZZYVA,4.0,0.5,0.1683,1,1,1,FINALIZED_WITHIN_C2_LIMIT,0.762714,1.15
4765,40000.0,0.02,greedy,ZYZZYVA,4.0,0.5,0.1683,1,1,1,FINALIZED_WITHIN_C2_LIMIT,0.612092,1.294
4766,40000.0,0.02,greedy,ZYZZYVA,4.0,0.5,0.1683,1,1,1,FINALIZED_WITHIN_C2_LIMIT,0.163637,1.339
4767,40000.0,0.02,greedy,ZYZZYVA,4.0,0.5,0.1683,1,1,1,FINALIZED_WITHIN_C2_LIMIT,0.11174,1.322
4768,40000.0,0.02,greedy,ZYZZYVA,4.0,0.5,0.1683,1,1,1,FINALIZED_WITHIN_C2_LIMIT,0.399851,1.286
4769,40000.0,0.02,greedy,ZYZZYVA,4.0,0.5,0.1683,1,1,1,FINALIZED_WITHIN_C2_LIMIT,0.290467,1.33
4770,40000.0,0.02,greedy,ZYZZYVA,4.0,0.5,0.1683,1,1,1,FINALIZED_WITHIN_C2_LIMIT,0.041652,1.42
4771,40000.0,0.02,greedy,ZYZZYVA,4.0,0.5,0.1683,1,1,1,FINALIZED_WITHIN_C2_LIMIT,0.354938,1.489
4772,40000.0,0.02,greedy,ZYZZYVA,4.0,0.5,0.1683,1,1,1,FINALIZED_WITHIN_C2_LIMIT,0.785383,1.39
4773,40000.0,0.02,greedy,ZYZZYVA,4.0,0.5,0.1683,1,1,1,FINALIZED_WITHIN_C2_LIMIT,0.682337,1.309
4774,40000.0,0.02,greedy,ZYZZYVA,4.0,0.5,0.1683,1,1,1,FINALIZED_WITHIN_C2_LIMIT,0.18783,1.345
4775,40000.0,0.02,greedy,ZYZZYVA,4.0,0.5,0.1683,1,1,1,FINALIZED_WITHIN_C2_LIMIT,0.125048,1.339
4776,40000.0,0.02,greedy,ZYZZYVA,4.0,0.5,0.1683,1,1,1,FINALIZED_WITHIN_C2_LIMIT,0.399263,1.413
4777,40000.0,0.02,greedy,ZYZZYVA,4.0,0.5,0.1683,1,1,1,FINALIZED_WITHIN_C2_LIMIT,0.235054,1.289
4778,40000.0,0.02,greedy,ZYZZYVA,4.0,0.5,0.1683,1,1,1,FINALIZED_WITHIN_C2_LIMIT,0.020605,1.376
4779,40000.0,0.02,greedy,ZYZZYVA,4.0,0.5,0.1683,1,1,1,FINALIZED_WITHIN_C2_LIMIT,0.40831,1.174
4780,40000.0,0.02,greedy,ZYZZYVA,4.0,0.5,0.1683,1,1,1,FINALIZED_WITHIN_C2_LIMIT,0.977726,1.386
4781,40000.0,0.02,greedy,ZYZZYVA,4.0,0.5,0.1683,1,1,1,FINALIZED_WITHIN_C2_LIMIT,0.82686,1.21
4782,40000.0,0.02,greedy,ZYZZYVA,4.0,0.5,0.1683,1,1,1,FINALIZED_WITHIN_C2_LIMIT,0.275064,1.26
4783,40000.0,0.02,greedy,ZYZZYVA,4.0,0.5,0.1683,1,1,1,FINALIZED_WITHIN_C2_LIMIT,0.059794,1.594
4784,40000.0,0.02,greedy,ZYZZYVA,4.0,0.5,0.1683,1,1,1,FINALIZED_WITHIN_C2_LIMIT,0.254269,1.212
4785,40000.0,0.02,greedy,ZYZZYVA,4.0,0.5,0.1683,1,1,1,FINALIZED_WITHIN_C2_LIMIT,0.178429,1.218
4786,40000.0,0.02,greedy,ZYZZYVA,4.0,0.5,0.1683,1,1,1,FINALIZED_WITHIN_C2_LIMIT,0.027512,1.232
4787,40000.0,0.02,greedy,ZYZZYVA,4.0,0.5,0.1683,1,1,1,FINALIZED_WITHIN_C2_LIMIT,0.025453,1.348
4788,40000.0,0.02,greedy,ZYZZYVA,4.0,0.5,0.1683,1,1,1,FINALIZED_WITHIN_C2_LIMIT,0.078656,1.205
4789,40000.0,0.02,greedy,ZYZZYVA,4.0,0.5,0.1683,1,1,1,FINALIZED_WITHIN_C2_LIMIT,0.057331,1.301
4790,40000.0,0.02,greedy,ZYZZYVA,4.0,0.5,0.1683,1,1,1,FINALIZED_WITHIN_C2_LIMIT,0.072987,1.22
4791,40000.0,0.02,greedy,ZYZZYVA,4.0,0.5,0.1487,1,1,1,FINALIZED_WITHIN_C2_LIMIT,0.058622,1.407
4792,40000.0,0.02,greedy,ZYZZYVA,4.0,0.5,0.1487,1,1,1,FINALIZED_WITHIN_C2_LIMIT,0.041836,1.268
4793,40000.0,0.02,greedy,ZYZZYVA,4.0,0.5,0.1683,1,1,1,FINALIZED_WITHIN_C2_LIMIT,0.027593,1.354
4794,40000.0,0.02,greedy,ZYZZYVA,4.0,0.5,0.1683,1,1,1,FINALIZED_WITHIN_C2_LIMIT,0.11076,1.404
4795,40000.0,0.02,greedy,ZYZZYVA,4.0,0.5,0.1683,1,1,1,FINALIZED_WITHIN_C2_LIMIT,0.119218,1.383
4796,40000.0,0.02,greedy,ZYZZYVA,4.0,0.5,0.1683,1,1,1,FINALIZED_WITHIN_C2_LIMIT,0.04241,1.369
4797,40000.0,0.02,greedy,ZYZZYVA,4.0,0.5,0.1421,1,1,1,FINALIZED_WITHIN_C2_LIMIT,0.112313,1.426
4798,40000.0,0.02,greedy,ZYZZYVA,4.0,0.5,0.1421,1,1,1,FINALIZED_WITHIN_C2_LIMIT,0.063464,1.41
4799,5714.286,0.02,explore,LIU_QUORUM,4.0,3.5,0.0647,1,1,1,FINALIZED_WITHIN_C2_LIMIT,0.027205,1.419
4800,40000.0,0.02,greedy,ZYZZYVA,4.0,0.5,0.1487,1,1,1,FINALIZED_WITHIN_C2_LIMIT,0.021446,1.229
4801,40000.0,0.02,greedy,ZYZZYVA,4.0,0.5,0.1487,1,1,1,FINALIZED_WITHIN_C2_LIMIT,0.118206,1.495
4802,40000.0,0.02,greedy,ZYZZYVA,4.0,0.5,0.1475,1,1,1,FINALIZED_WITHIN_C2_LIMIT,0.109648,1.302
4803,40000.0,0.02,greedy,ZYZZYVA,4.0,0.5,0.1487,1,1,1,FINALIZED_WITHIN_C2_LIMIT,0.063176,1.63
4804,40000.0,0.02,greedy,ZYZZYVA,4.0,0.5,0.1459,1,1,1,FINALIZED_WITHIN_C2_LIMIT,0.067253,1.31
4805,40000.0,0.02,greedy,ZYZZYVA,4.0,0.5,0.1459,1,1,1,FINALIZED_WITHIN_C2_LIMIT,0.040036,1.388
4806,4000.0,0.02,explore,PBFT,4.0,5.0,0.1982,1,1,1,FINALIZED_WITHIN_C2_LIMIT,0.040755,1.349
4807,40000.0,0.02,greedy,ZYZZYVA,4.0,0.5,0.1459,1,1,1,FINALIZED_WITHIN_C2_LIMIT,0.17133,1.074
4808,40000.0,0.02,greedy,ZYZZYVA,4.0,0.5,0.1459,1,1,1,FINALIZED_WITHIN_C2_LIMIT,0.123441,1.106
4809,40000.0,0.02,greedy,ZYZZYVA,4.0,0.5,0.1459,1,1,1,FINALIZED_WITHIN_C2_LIMIT,0.039947,1.14
4810,40000.0,0.02,greedy,ZYZZYVA,4.0,0.5,0.1459,1,1,1,FINALIZED_WITHIN_C2_LIMIT,0.017345,1.1
4811,40000.0,0.02,greedy,ZYZZYVA,4.0,0.5,0.1683,1,1,1,FINALIZED_WITHIN_C2_LIMIT,0.030654,1.184
4812,40000.0,0.02,greedy,ZYZZYVA,4.0,0.5,0.1683,1,1,1,FINALIZED_WITHIN_C2_LIMIT,0.035715,1.221
4813,40000.0,0.02,greedy,ZYZZYVA,4.0,0.5,0.1683,1,1,1,FINALIZED_WITHIN_C2_LIMIT,0.03292,1.325
4814,40000.0,0.02,greedy,ZYZZYVA,4.0,0.5,0.1683,1,1,1,FINALIZED_WITHIN_C2_LIMIT,0.031928,1.289
4815,6666.667,0.02,explore,ZYZZYVA,4.0,3.0,0.0809,1,1,1,FINALIZED_WITHIN_C2_LIMIT,0.038705,1.237
4816,40000.0,0.02,greedy,ZYZZYVA,4.0,0.5,0.1683,1,1,1,FINALIZED_WITHIN_C2_LIMIT,0.043672,1.098
4817,0.0,0.02,greedy,ZYZZYVA,4.0,0.5,0.2021,0,1,1,FINALIZED_WITHIN_C2_LIMIT,0.043196,1.019
4818,0.0,0.02,greedy,LIU_QUORUM,4.0,0.5,0.2021,0,1,1,FINALIZED_WITHIN_C2_LIMIT,0.041357,1.251
4819,0.0,0.02,greedy,LIU_QUORUM,4.0,0.5,0.2021,0,1,1,FINALIZED_WITHIN_C2_LIMIT,0.023142,1.167
4820,0.0,0.02,greedy,LIU_QUORUM,4.0,0.5,0.2021,0,1,1,FINALIZED_WITHIN_C2_LIMIT,0.040173,1.227
4821,0.0,0.02,greedy,LIU_QUORUM,4.0,0.5,0.2021,0,1,1,FINALIZED_WITHIN_C2_LIMIT,0.040812,1.095
4822,0.0,0.02,greedy,LIU_QUORUM,4.0,0.5,0.2021,0,1,1,FINALIZED_WITHIN_C2_LIMIT,0.024295,1.343
4823,0.0,0.02,greedy,LIU_QUORUM,4.0,0.5,0.2021,0,1,1,FINALIZED_WITHIN_C2_LIMIT,0.050663,1.192
4824,0.0,0.02,greedy,LIU_QUORUM,4.0,0.5,0.2021,0,1,1,FINALIZED_WITHIN_C2_LIMIT,0.086474,1.221
4825,40000.0,0.02,greedy,LIU_QUORUM,4.0,0.5,0.1932,1,1,1,FINALIZED_WITHIN_C2_LIMIT,0.114677,1.065
4826,0.0,0.02,greedy,ZYZZYVA,4.0,0.5,0.2154,0,1,1,FINALIZED_WITHIN_C2_LIMIT,0.130039,1.07
4827,0.0,0.02,greedy,ZYZZYVA,4.0,0.5,0.2154,0,1,1,FINALIZED_WITHIN_C2_LIMIT,0.11785,1.168
4828,0.0,0.02,greedy,ZYZZYVA,4.0,0.5,0.2077,0,1,1,FINALIZED_WITHIN_C2_LIMIT,0.046516,1.216
4829,40000.0,0.02,greedy,ZYZZYVA,4.0,0.5,0.1683,1,1,1,FINALIZED_WITHIN_C2_LIMIT,0.081859,1.1
4830,40000.0,0.02,greedy,ZYZZYVA,4.0,0.5,0.1753,1,1,1,FINALIZED_WITHIN_C2_LIMIT,0.028278,1.304
4831,40000.0,0.02,greedy,ZYZZYVA,4.0,0.5,0.1683,1,1,1,FINALIZED_WITHIN_C2_LIMIT,0.081211,1.429
4832,40000.0,0.02,greedy,ZYZZYVA,4.0,0.5,0.1683,1,1,1,FINALIZED_WITHIN_C2_LIMIT,0.089469,1.204
4833,40000.0,0.02,greedy,ZYZZYVA,4.0,0.5,0.1683,1,1,1,FINALIZED_WITHIN_C2_LIMIT,0.040672,1.32
4834,40000.0,0.02,greedy,ZYZZYVA,4.0,0.5,0.1683,1,1,1,FINALIZED_WITHIN_C2_LIMIT,0.208677,1.489
4835,40000.0,0.02,greedy,ZYZZYVA,4.0,0.5,0.1683,1,1,1,FINALIZED_WITHIN_C2_LIMIT,0.154575,1.444
4836,40000.0,0.02,greedy,ZYZZYVA,4.0,0.5,0.1683,1,1,1,FINALIZED_WITHIN_C2_LIMIT,0.053685,1.248
4837,40000.0,0.02,greedy,ZYZZYVA,4.0,0.5,0.1683,1,1,1,FINALIZED_WITHIN_C2_LIMIT,0.402114,1.191
4838,40000.0,0.02,greedy,ZYZZYVA,4.0,0.5,0.1683,1,1,1,FINALIZED_WITHIN_C2_LIMIT,0.678908,1.116
4839,40000.0,0.02,greedy,ZYZZYVA,4.0,0.5,0.1683,1,1,1,FINALIZED_WITHIN_C2_LIMIT,0.431889,1.176
4840,40000.0,0.02,greedy,ZYZZYVA,4.0,0.5,0.1683,1,1,1,FINALIZED_WITHIN_C2_LIMIT,0.131833,1.148
4841,40000.0,0.02,greedy,ZYZZYVA,4.0,0.5,0.1683,1,1,1,FINALIZED_WITHIN_C2_LIMIT,0.361825,1.258
4842,40000.0,0.02,greedy,ZYZZYVA,4.0,0.5,0.1459,1,1,1,FINALIZED_WITHIN_C2_LIMIT,0.920352,1.173
4843,40000.0,0.02,greedy,ZYZZYVA,4.0,0.5,0.1459,1,1,1,FINALIZED_WITHIN_C2_LIMIT,0.928358,1.211
4844,40000.0,0.02,greedy,ZYZZYVA,4.0,0.5,0.1487,1,1,1,FINALIZED_WITHIN_C2_LIMIT,0.373127,1.18
4845,40000.0,0.02,greedy,ZYZZYVA,4.0,0.5,0.1475,1,1,1,FINALIZED_WITHIN_C2_LIMIT,0.055748,1.23
4846,40000.0,0.02,greedy,ZYZZYVA,4.0,0.5,0.1487,1,1,1,FINALIZED_WITHIN_C2_LIMIT,0.160715,1.286
4847,40000.0,0.02,greedy,ZYZZYVA,4.0,0.5,0.1459,1,1,1,FINALIZED_WITHIN_C2_LIMIT,0.078512,1.233
4848,40000.0,0.02,greedy,ZYZZYVA,4.0,0.5,0.1459,1,1,1,FINALIZED_WITHIN_C2_LIMIT,0.087136,1.251
4849,40000.0,0.02,greedy,ZYZZYVA,4.0,0.5,0.1459,1,1,1,FINALIZED_WITHIN_C2_LIMIT,0.121848,1.209
4850,40000.0,0.02,greedy,ZYZZYVA,4.0,0.5,0.1459,1,1,1,FINALIZED_WITHIN_C2_LIMIT,0.039453,1.13
4851,2857.143,0.02,explore,ZYZZYVA,4.0,7.0,0.104,1,1,1,FINALIZED_WITHIN_C2_LIMIT,0.367801,1.268
4852,40000.0,0.02,greedy,ZYZZYVA,4.0,0.5,0.1459,1,1,1,FINALIZED_WITHIN_C2_LIMIT,0.617909,1.22
4853,40000.0,0.02,greedy,ZYZZYVA,4.0,0.5,0.1459,1,1,1,FINALIZED_WITHIN_C2_LIMIT,0.424667,1.334
4854,40000.0,0.02,greedy,ZYZZYVA,4.0,0.5,0.1459,1,1,1,FINALIZED_WITHIN_C2_LIMIT,0.032328,1.274
4855,40000.0,0.02,greedy,ZYZZYVA,4.0,0.5,0.1459,1,1,1,FINALIZED_WITHIN_C2_LIMIT,0.457383,1.494
4856,40000.0,0.02,greedy,ZYZZYVA,4.0,0.5,0.1459,1,1,1,FINALIZED_WITHIN_C2_LIMIT,1.07865,1.439
4857,40000.0,0.02,greedy,ZYZZYVA,4.0,0.5,0.1683,1,1,1,FINALIZED_WITHIN_C2_LIMIT,1.018221,1.154
4858,40000.0,0.02,greedy,ZYZZYVA,4.0,0.5,0.1683,1,1,1,FINALIZED_WITHIN_C2_LIMIT,0.44139,1.231
4859,40000.0,0.02,greedy,ZYZZYVA,4.0,0.5,0.1683,1,1,1,FINALIZED_WITHIN_C2_LIMIT,0.030596,1.638
4860,40000.0,0.02,greedy,ZYZZYVA,4.0,0.5,0.1421,1,1,1,FINALIZED_WITHIN_C2_LIMIT,0.331896,1.269
4861,40000.0,0.02,greedy,ZYZZYVA,4.0,0.5,0.1421,1,1,1,FINALIZED_WITHIN_C2_LIMIT,0.523191,1.269
4862,40000.0,0.02,greedy,ZYZZYVA,4.0,0.5,0.1421,1,1,1,FINALIZED_WITHIN_C2_LIMIT,0.255495,1.32
4863,40000.0,0.02,greedy,ZYZZYVA,4.0,0.5,0.1421,1,1,1,FINALIZED_WITHIN_C2_LIMIT,0.02475,1.145
4864,40000.0,0.02,greedy,ZYZZYVA,4.0,0.5,0.1459,1,1,1,FINALIZED_WITHIN_C2_LIMIT,0.06691,1.325
4865,40000.0,0.02,greedy,ZYZZYVA,4.0,0.5,0.1459,1,1,1,FINALIZED_WITHIN_C2_LIMIT,0.028481,1.736
4866,40000.0,0.02,greedy,ZYZZYVA,4.0,0.5,0.1347,1,1,1,FINALIZED_WITHIN_C2_LIMIT,0.030198,1.573
4867,40000.0,0.02,greedy,ZYZZYVA,4.0,0.5,0.1475,1,1,1,FINALIZED_WITHIN_C2_LIMIT,0.075696,1.493
4868,40000.0,0.02,greedy,ZYZZYVA,4.0,0.5,0.1332,1,1,1,FINALIZED_WITHIN_C2_LIMIT,0.028511,1.36
4869,40000.0,0.02,greedy,ZYZZYVA,4.0,0.5,0.1347,1,1,1,FINALIZED_WITHIN_C2_LIMIT,0.187797,1.768
4870,40000.0,0.02,greedy,ZYZZYVA,4.0,0.5,0.1347,1,1,1,FINALIZED_WITHIN_C2_LIMIT,0.292247,1.416
4871,40000.0,0.02,greedy,ZYZZYVA,4.0,0.5,0.1459,1,1,1,FINALIZED_WITHIN_C2_LIMIT,0.069872,1.457
4872,40000.0,0.02,greedy,ZYZZYVA,4.0,0.5,0.1459,1,1,1,FINALIZED_WITHIN_C2_LIMIT,0.140843,1.498
4873,40000.0,0.02,greedy,ZYZZYVA,4.0,0.5,0.1459,1,1,1,FINALIZED_WITHIN_C2_LIMIT,0.251722,1.277
4874,40000.0,0.02,greedy,ZYZZYVA,4.0,0.5,0.1459,1,1,1,FINALIZED_WITHIN_C2_LIMIT,0.123447,1.176
4875,40000.0,0.02,greedy,ZYZZYVA,4.0,0.5,0.1683,1,1,1,FINALIZED_WITHIN_C2_LIMIT,0.120148,1.396
4876,40000.0,0.02,greedy,ZYZZYVA,4.0,0.5,0.1683,1,1,1,FINALIZED_WITHIN_C2_LIMIT,0.115603,1.63
4877,40000.0,0.02,greedy,ZYZZYVA,4.0,0.5,0.1683,1,1,1,FINALIZED_WITHIN_C2_LIMIT,0.031126,1.304
4878,40000.0,0.02,greedy,ZYZZYVA,4.0,0.5,0.1459,1,1,1,FINALIZED_WITHIN_C2_LIMIT,0.216075,1.289
4879,40000.0,0.02,greedy,ZYZZYVA,4.0,0.5,0.1683,1,1,1,FINALIZED_WITHIN_C2_LIMIT,0.449083,1.193
4880,40000.0,0.02,greedy,ZYZZYVA,4.0,0.5,0.1459,1,1,1,FINALIZED_WITHIN_C2_LIMIT,0.17624,1.301
4881,40000.0,0.02,greedy,ZYZZYVA,4.0,0.5,0.1459,1,1,1,FINALIZED_WITHIN_C2_LIMIT,0.026811,1.271
4882,40000.0,0.02,greedy,ZYZZYVA,4.0,0.5,0.1683,1,1,1,FINALIZED_WITHIN_C2_LIMIT,0.114204,1.455
4883,40000.0,0.02,greedy,ZYZZYVA,4.0,0.5,0.1683,1,1,1,FINALIZED_WITHIN_C2_LIMIT,0.029356,1.267
4884,40000.0,0.02,greedy,ZYZZYVA,4.0,0.5,0.1683,1,1,1,FINALIZED_WITHIN_C2_LIMIT,0.291596,1.255
4885,40000.0,0.02,greedy,ZYZZYVA,4.0,0.5,0.1683,1,1,1,FINALIZED_WITHIN_C2_LIMIT,0.406378,1.188
4886,40000.0,0.02,greedy,ZYZZYVA,4.0,0.5,0.1683,1,1,1,FINALIZED_WITHIN_C2_LIMIT,0.197695,1.173
4887,40000.0,0.02,greedy,ZYZZYVA,4.0,0.5,0.1683,1,1,1,FINALIZED_WITHIN_C2_LIMIT,0.036221,1.179
4888,40000.0,0.02,greedy,ZYZZYVA,4.0,0.5,0.1683,1,1,1,FINALIZED_WITHIN_C2_LIMIT,0.106316,1.268
4889,40000.0,0.02,greedy,ZYZZYVA,4.0,0.5,0.1683,1,1,1,FINALIZED_WITHIN_C2_LIMIT,0.02565,1.291
4890,40000.0,0.02,greedy,ZYZZYVA,4.0,0.5,0.1683,1,1,1,FINALIZED_WITHIN_C2_LIMIT,0.09805,1.323
4891,40000.0,0.02,greedy,ZYZZYVA,4.0,0.5,0.1683,1,1,1,FINALIZED_WITHIN_C2_LIMIT,0.074181,1.455
4892,40000.0,0.02,greedy,ZYZZYVA,4.0,0.5,0.1459,1,1,1,FINALIZED_WITHIN_C2_LIMIT,0.093366,1.403
4893,40000.0,0.02,greedy,ZYZZYVA,4.0,0.5,0.1459,1,1,1,FINALIZED_WITHIN_C2_LIMIT,0.053675,1.329
4894,40000.0,0.02,greedy,ZYZZYVA,4.0,0.5,0.1459,1,1,1,FINALIZED_WITHIN_C2_LIMIT,0.038336,1.4
4895,40000.0,0.02,greedy,ZYZZYVA,4.0,0.5,0.1459,1,1,1,FINALIZED_WITHIN_C2_LIMIT,0.029197,1.27
4896,40000.0,0.02,greedy,ZYZZYVA,4.0,0.5,0.1459,1,1,1,FINALIZED_WITHIN_C2_LIMIT,0.082827,1.412
4897,40000.0,0.02,greedy,ZYZZYVA,4.0,0.5,0.1459,1,1,1,FINALIZED_WITHIN_C2_LIMIT,0.101655,1.329
4898,40000.0,0.02,greedy,ZYZZYVA,4.0,0.5,0.1459,1,1,1,FINALIZED_WITHIN_C2_LIMIT,0.034935,1.357
4899,40000.0,0.02,greedy,ZYZZYVA,4.0,0.5,0.1459,1,1,1,FINALIZED_WITHIN_C2_LIMIT,0.01655,1.424
4900,40000.0,0.02,greedy,ZYZZYVA,4.0,0.5,0.1459,1,1,1,FINALIZED_WITHIN_C2_LIMIT,0.071222,1.5
4901,40000.0,0.02,greedy,ZYZZYVA,4.0,0.5,0.1459,1,1,1,FINALIZED_WITHIN_C2_LIMIT,0.059858,1.337
4902,40000.0,0.02,greedy,ZYZZYVA,4.0,0.5,0.1459,1,1,1,FINALIZED_WITHIN_C2_LIMIT,0.053636,1.294
4903,40000.0,0.02,greedy,ZYZZYVA,4.0,0.5,0.1459,1,1,1,FINALIZED_WITHIN_C2_LIMIT,0.075122,1.38
4904,40000.0,0.02,greedy,ZYZZYVA,4.0,0.5,0.1421,1,1,1,FINALIZED_WITHIN_C2_LIMIT,0.031584,1.414
4905,40000.0,0.02,greedy,ZYZZYVA,4.0,0.5,0.1421,1,1,1,FINALIZED_WITHIN_C2_LIMIT,0.024779,1.384
4906,40000.0,0.02,greedy,ZYZZYVA,4.0,0.5,0.1421,1,1,1,FINALIZED_WITHIN_C2_LIMIT,0.116977,1.303
4907,40000.0,0.02,greedy,ZYZZYVA,4.0,0.5,0.1421,1,1,1,FINALIZED_WITHIN_C2_LIMIT,0.124479,1.455
4908,40000.0,0.02,greedy,ZYZZYVA,4.0,0.5,0.1421,1,1,1,FINALIZED_WITHIN_C2_LIMIT,0.011444,1.254
4909,40000.0,0.02,greedy,ZYZZYVA,4.0,0.5,0.1421,1,1,1,FINALIZED_WITHIN_C2_LIMIT,0.216408,1.287
4910,40000.0,0.02,greedy,ZYZZYVA,4.0,0.5,0.1421,1,1,1,FINALIZED_WITHIN_C2_LIMIT,0.306156,1.269
4911,40000.0,0.02,greedy,ZYZZYVA,4.0,0.5,0.1421,1,1,1,FINALIZED_WITHIN_C2_LIMIT,0.170342,1.317
4912,40000.0,0.02,greedy,ZYZZYVA,4.0,0.5,0.1459,1,1,1,FINALIZED_WITHIN_C2_LIMIT,0.10394,1.533
4913,40000.0,0.02,greedy,ZYZZYVA,4.0,0.5,0.1421,1,1,1,FINALIZED_WITHIN_C2_LIMIT,0.212418,1.344
4914,40000.0,0.02,greedy,ZYZZYVA,4.0,0.5,0.1421,1,1,1,FINALIZED_WITHIN_C2_LIMIT,0.076789,1.613
4915,40000.0,0.02,greedy,ZYZZYVA,4.0,0.5,0.1421,1,1,1,FINALIZED_WITHIN_C2_LIMIT,0.130848,1.367
4916,40000.0,0.02,greedy,ZYZZYVA,4.0,0.5,0.1421,1,1,1,FINALIZED_WITHIN_C2_LIMIT,0.142198,1.272
4917,40000.0,0.02,greedy,ZYZZYVA,4.0,0.5,0.1421,1,1,1,FINALIZED_WITHIN_C2_LIMIT,0.046795,1.295
4918,40000.0,0.02,greedy,ZYZZYVA,4.0,0.5,0.1421,1,1,1,FINALIZED_WITHIN_C2_LIMIT,0.180404,1.36
4919,40000.0,0.02,greedy,ZYZZYVA,4.0,0.5,0.1421,1,1,1,FINALIZED_WITHIN_C2_LIMIT,0.277108,1.382
4920,40000.0,0.02,greedy,ZYZZYVA,4.0,0.5,0.1421,1,1,1,FINALIZED_WITHIN_C2_LIMIT,0.142304,1.24
4921,40000.0,0.02,greedy,ZYZZYVA,4.0,0.5,0.1421,1,1,1,FINALIZED_WITHIN_C2_LIMIT,0.070819,1.4
4922,40000.0,0.02,greedy,ZYZZYVA,4.0,0.5,0.1421,1,1,1,FINALIZED_WITHIN_C2_LIMIT,0.197811,1.309
4923,40000.0,0.02,greedy,ZYZZYVA,4.0,0.5,0.1421,1,1,1,FINALIZED_WITHIN_C2_LIMIT,0.045348,1.416
4924,40000.0,0.02,greedy,ZYZZYVA,4.0,0.5,0.1421,1,1,1,FINALIZED_WITHIN_C2_LIMIT,0.213878,1.306
4925,40000.0,0.02,greedy,ZYZZYVA,4.0,0.5,0.1421,1,1,1,FINALIZED_WITHIN_C2_LIMIT,0.370558,1.356
4926,40000.0,0.02,greedy,ZYZZYVA,4.0,0.5,0.1421,1,1,1,FINALIZED_WITHIN_C2_LIMIT,0.152438,1.267
4927,40000.0,0.02,greedy,ZYZZYVA,4.0,0.5,0.1421,1,1,1,FINALIZED_WITHIN_C2_LIMIT,0.049195,1.17
4928,40000.0,0.02,greedy,ZYZZYVA,4.0,0.5,0.1421,1,1,1,FINALIZED_WITHIN_C2_LIMIT,0.089497,1.12
4929,40000.0,0.02,greedy,ZYZZYVA,4.0,0.5,0.1421,1,1,1,FINALIZED_WITHIN_C2_LIMIT,0.02294,1.276
4930,40000.0,0.02,greedy,ZYZZYVA,4.0,0.5,0.1421,1,1,1,FINALIZED_WITHIN_C2_LIMIT,0.378905,1.375
4931,40000.0,0.02,greedy,ZYZZYVA,4.0,0.5,0.1459,1,1,1,FINALIZED_WITHIN_C2_LIMIT,0.446789,1.381
4932,40000.0,0.02,greedy,ZYZZYVA,4.0,0.5,0.1459,1,1,1,FINALIZED_WITHIN_C2_LIMIT,0.208953,1.373
4933,40000.0,0.02,greedy,ZYZZYVA,4.0,0.5,0.1347,1,1,1,FINALIZED_WITHIN_C2_LIMIT,0.058205,1.413
4934,40000.0,0.02,greedy,ZYZZYVA,4.0,0.5,0.1459,1,1,1,FINALIZED_WITHIN_C2_LIMIT,0.06446,1.294
4935,40000.0,0.02,greedy,ZYZZYVA,4.0,0.5,0.1459,1,1,1,FINALIZED_WITHIN_C2_LIMIT,0.033921,1.338
4936,40000.0,0.02,greedy,ZYZZYVA,4.0,0.5,0.1459,1,1,1,FINALIZED_WITHIN_C2_LIMIT,0.3295,1.351
4937,40000.0,0.02,greedy,ZYZZYVA,4.0,0.5,0.1459,1,1,1,FINALIZED_WITHIN_C2_LIMIT,0.602229,1.281
4938,40000.0,0.02,greedy,ZYZZYVA,4.0,0.5,0.1459,1,1,1,FINALIZED_WITHIN_C2_LIMIT,0.234072,1.367
4939,40000.0,0.02,greedy,ZYZZYVA,4.0,0.5,0.1421,1,1,1,FINALIZED_WITHIN_C2_LIMIT,0.042288,1.255
4940,40000.0,0.02,greedy,ZYZZYVA,4.0,0.5,0.1421,1,1,1,FINALIZED_WITHIN_C2_LIMIT,0.085526,1.249
4941,40000.0,0.02,greedy,ZYZZYVA,4.0,0.5,0.1421,1,1,1,FINALIZED_WITHIN_C2_LIMIT,0.022715,1.203
4942,40000.0,0.02,greedy,ZYZZYVA,4.0,0.5,0.1459,1,1,1,FINALIZED_WITHIN_C2_LIMIT,0.239688,1.222
4943,40000.0,0.02,greedy,ZYZZYVA,4.0,0.5,0.1487,1,1,1,FINALIZED_WITHIN_C2_LIMIT,0.317975,1.261
4944,40000.0,0.02,greedy,ZYZZYVA,4.0,0.5,0.1487,1,1,1,FINALIZED_WITHIN_C2_LIMIT,0.102064,1.312
4945,40000.0,0.02,greedy,ZYZZYVA,4.0,0.5,0.1581,1,1,1,FINALIZED_WITHIN_C2_LIMIT,0.154162,1.445
4946,40000.0,0.02,greedy,ZYZZYVA,4.0,0.5,0.1581,1,1,1,FINALIZED_WITHIN_C2_LIMIT,0.282969,1.316
4947,20000.0,0.02,explore,PBFT,4.0,1.0,0.0702,1,1,1,FINALIZED_WITHIN_C2_LIMIT,0.071847,1.426
4948,40000.0,0.02,greedy,ZYZZYVA,4.0,0.5,0.1683,1,1,1,FINALIZED_WITHIN_C2_LIMIT,0.146124,1.192
4949,40000.0,0.02,greedy,ZYZZYVA,4.0,0.5,0.1683,1,1,1,FINALIZED_WITHIN_C2_LIMIT,0.218623,1.133
4950,40000.0,0.02,greedy,ZYZZYVA,4.0,0.5,0.1683,1,1,1,FINALIZED_WITHIN_C2_LIMIT,0.11665,1.263
4951,40000.0,0.02,greedy,ZYZZYVA,4.0,0.5,0.1683,1,1,1,FINALIZED_WITHIN_C2_LIMIT,0.085257,1.167
4952,40000.0,0.02,greedy,ZYZZYVA,4.0,0.5,0.1683,1,1,1,FINALIZED_WITHIN_C2_LIMIT,0.180602,1.288
4953,40000.0,0.02,greedy,ZYZZYVA,4.0,0.5,0.1683,1,1,1,FINALIZED_WITHIN_C2_LIMIT,0.058095,1.278
4954,40000.0,0.02,greedy,ZYZZYVA,4.0,0.5,0.1683,1,1,1,FINALIZED_WITHIN_C2_LIMIT,0.098863,1.251
4955,40000.0,0.02,greedy,ZYZZYVA,4.0,0.5,0.1683,1,1,1,FINALIZED_WITHIN_C2_LIMIT,0.302586,1.21
4956,40000.0,0.02,greedy,ZYZZYVA,4.0,0.5,0.1683,1,1,1,FINALIZED_WITHIN_C2_LIMIT,0.092255,1.282
4957,40000.0,0.02,greedy,ZYZZYVA,4.0,0.5,0.1683,1,1,1,FINALIZED_WITHIN_C2_LIMIT,0.110647,1.339
4958,40000.0,0.02,greedy,ZYZZYVA,4.0,0.5,0.1683,1,1,1,FINALIZED_WITHIN_C2_LIMIT,0.178739,1.313
4959,40000.0,0.02,greedy,ZYZZYVA,4.0,0.5,0.1683,1,1,1,FINALIZED_WITHIN_C2_LIMIT,0.084833,1.6
4960,40000.0,0.02,greedy,ZYZZYVA,4.0,0.5,0.1683,1,1,1,FINALIZED_WITHIN_C2_LIMIT,0.115911,1.481
4961,40000.0,0.02,greedy,ZYZZYVA,4.0,0.5,0.1683,1,1,1,FINALIZED_WITHIN_C2_LIMIT,0.280783,1.224
4962,40000.0,0.02,greedy,ZYZZYVA,4.0,0.5,0.1683,1,1,1,FINALIZED_WITHIN_C2_LIMIT,0.08319,1.268
4963,40000.0,0.02,greedy,ZYZZYVA,4.0,0.5,0.1683,1,1,1,FINALIZED_WITHIN_C2_LIMIT,0.122555,1.255
4964,40000.0,0.02,greedy,ZYZZYVA,4.0,0.5,0.1683,1,1,1,FINALIZED_WITHIN_C2_LIMIT,0.207628,1.174
4965,40000.0,0.02,greedy,ZYZZYVA,4.0,0.5,0.1683,1,1,1,FINALIZED_WITHIN_C2_LIMIT,0.043191,1.379
4966,40000.0,0.02,greedy,ZYZZYVA,4.0,0.5,0.1683,1,1,1,FINALIZED_WITHIN_C2_LIMIT,0.1406,1.229
4967,40000.0,0.02,greedy,ZYZZYVA,4.0,0.5,0.1683,1,1,1,FINALIZED_WITHIN_C2_LIMIT,0.357803,1.336
4968,40000.0,0.02,greedy,ZYZZYVA,4.0,0.5,0.1683,1,1,1,FINALIZED_WITHIN_C2_LIMIT,0.197691,1.361
4969,40000.0,0.02,greedy,ZYZZYVA,4.0,0.5,0.1683,1,1,1,FINALIZED_WITHIN_C2_LIMIT,0.068525,1.285
4970,40000.0,0.02,greedy,ZYZZYVA,4.0,0.5,0.1683,1,1,1,FINALIZED_WITHIN_C2_LIMIT,0.138229,1.28
4971,40000.0,0.02,greedy,ZYZZYVA,4.0,0.5,0.1683,1,1,1,FINALIZED_WITHIN_C2_LIMIT,0.040244,1.576
4972,40000.0,0.02,greedy,ZYZZYVA,4.0,0.5,0.1683,1,1,1,FINALIZED_WITHIN_C2_LIMIT,0.292543,1.377
4973,40000.0,0.02,greedy,ZYZZYVA,4.0,0.5,0.1683,1,1,1,FINALIZED_WITHIN_C2_LIMIT,0.281742,1.266
4974,40000.0,0.02,greedy,ZYZZYVA,4.0,0.5,0.1683,1,1,1,FINALIZED_WITHIN_C2_LIMIT,0.111765,1.417
4975,40000.0,0.02,greedy,ZYZZYVA,4.0,0.5,0.1683,1,1,1,FINALIZED_WITHIN_C2_LIMIT,0.075944,1.243
4976,40000.0,0.02,greedy,ZYZZYVA,4.0,0.5,0.1683,1,1,1,FINALIZED_WITHIN_C2_LIMIT,0.196404,1.229
4977,40000.0,0.02,greedy,ZYZZYVA,4.0,0.5,0.1683,1,1,1,FINALIZED_WITHIN_C2_LIMIT,0.045615,1.173
4978,40000.0,0.02,greedy,ZYZZYVA,4.0,0.5,0.1683,1,1,1,FINALIZED_WITHIN_C2_LIMIT,0.135357,1.258
4979,40000.0,0.02,greedy,ZYZZYVA,4.0,0.5,0.1683,1,1,1,FINALIZED_WITHIN_C2_LIMIT,0.208305,1.179
4980,40000.0,0.02,greedy,ZYZZYVA,4.0,0.5,0.1683,1,1,1,FINALIZED_WITHIN_C2_LIMIT,0.166447,1.207
4981,40000.0,0.02,greedy,ZYZZYVA,4.0,0.5,0.1459,1,1,1,FINALIZED_WITHIN_C2_LIMIT,0.095347,1.498
4982,40000.0,0.02,greedy,ZYZZYVA,4.0,0.5,0.1459,1,1,1,FINALIZED_WITHIN_C2_LIMIT,0.229652,1.646
4983,40000.0,0.02,greedy,ZYZZYVA,4.0,0.5,0.1459,1,1,1,FINALIZED_WITHIN_C2_LIMIT,0.083246,1.454
4984,40000.0,0.02,greedy,ZYZZYVA,4.0,0.5,0.1459,1,1,1,FINALIZED_WITHIN_C2_LIMIT,0.096073,1.277
4985,40000.0,0.02,greedy,ZYZZYVA,4.0,0.5,0.1459,1,1,1,FINALIZED_WITHIN_C2_LIMIT,0.165843,1.315
4986,40000.0,0.02,greedy,ZYZZYVA,4.0,0.5,0.1459,1,1,1,FINALIZED_WITHIN_C2_LIMIT,0.040984,1.355
4987,40000.0,0.02,greedy,ZYZZYVA,4.0,0.5,0.1459,1,1,1,FINALIZED_WITHIN_C2_LIMIT,0.270584,1.21
4988,40000.0,0.02,greedy,ZYZZYVA,4.0,0.5,0.1459,1,1,1,FINALIZED_WITHIN_C2_LIMIT,0.319668,1.28
4989,40000.0,0.02,greedy,ZYZZYVA,4.0,0.5,0.1683,1,1,1,FINALIZED_WITHIN_C2_LIMIT,0.12084,1.326
4990,40000.0,0.02,greedy,ZYZZYVA,4.0,0.5,0.1683,1,1,1,FINALIZED_WITHIN_C2_LIMIT,0.130831,1.421
4991,40000.0,0.02,greedy,ZYZZYVA,4.0,0.5,0.1683,1,1,1,FINALIZED_WITHIN_C2_LIMIT,0.249488,1.553
4992,40000.0,0.02,greedy,ZYZZYVA,4.0,0.5,0.1683,1,1,1,FINALIZED_WITHIN_C2_LIMIT,0.095736,1.452
4993,40000.0,0.02,greedy,ZYZZYVA,4.0,0.5,0.1683,1,1,1,FINALIZED_WITHIN_C2_LIMIT,0.17086,1.399
4994,40000.0,0.02,greedy,ZYZZYVA,4.0,0.5,0.1683,1,1,1,FINALIZED_WITHIN_C2_LIMIT,0.289746,1.281
4995,40000.0,0.02,greedy,ZYZZYVA,4.0,0.5,0.1683,1,1,1,FINALIZED_WITHIN_C2_LIMIT,0.109325,1.333
4996,40000.0,0.02,greedy,ZYZZYVA,4.0,0.5,0.1683,1,1,1,FINALIZED_WITHIN_C2_LIMIT,0.118129,1.261
4997,40000.0,0.02,greedy,ZYZZYVA,4.0,0.5,0.1683,1,1,1,FINALIZED_WITHIN_C2_LIMIT,0.190608,1.234
4998,40000.0,0.02,greedy,ZYZZYVA,4.0,0.5,0.1683,1,1,1,FINALIZED_WITHIN_C2_LIMIT,0.10699,1.367
4999,40000.0,0.02,greedy,ZYZZYVA,4.0,0.5,0.1683,1,1,1,FINALIZED_WITHIN_C2_LIMIT,0.018072,1.309
5000,40000.0,0.02,greedy,ZYZZYVA,4.0,0.5,0.1459,1,1,1,FINALIZED_WITHIN_C2_LIMIT,0.617162,1.584
5001,40000.0,0.02,greedy,ZYZZYVA,4.0,0.5,0.1459,1,1,1,FINALIZED_WITHIN_C2_LIMIT,1.202802,1.238
5002,40000.0,0.02,greedy,ZYZZYVA,4.0,0.5,0.1459,1,1,1,FINALIZED_WITHIN_C2_LIMIT,1.206072,1.558
5003,40000.0,0.02,greedy,ZYZZYVA,4.0,0.5,0.1683,1,1,1,FINALIZED_WITHIN_C2_LIMIT,0.634731,1.394
5004,40000.0,0.02,greedy,ZYZZYVA,4.0,0.5,0.1683,1,1,1,FINALIZED_WITHIN_C2_LIMIT,0.041504,1.308
5005,40000.0,0.02,greedy,ZYZZYVA,4.0,0.5,0.1683,1,1,1,FINALIZED_WITHIN_C2_LIMIT,0.591782,1.441
5006,40000.0,0.02,greedy,ZYZZYVA,4.0,0.5,0.1459,1,1,1,FINALIZED_WITHIN_C2_LIMIT,1.588521,1.296
5007,40000.0,0.02,greedy,ZYZZYVA,4.0,0.5,0.1459,1,1,1,FINALIZED_WITHIN_C2_LIMIT,1.80741,1.336
5008,40000.0,0.02,greedy,ZYZZYVA,4.0,0.5,0.1421,1,1,1,FINALIZED_WITHIN_C2_LIMIT,1.152938,1.225
5009,40000.0,0.02,greedy,ZYZZYVA,4.0,0.5,0.1421,1,1,1,FINALIZED_WITHIN_C2_LIMIT,0.321915,1.189
5010,40000.0,0.02,greedy,ZYZZYVA,4.0,0.5,0.1459,1,1,1,FINALIZED_WITHIN_C2_LIMIT,0.148348,1.602
5011,40000.0,0.02,greedy,ZYZZYVA,4.0,0.5,0.1475,1,1,1,FINALIZED_WITHIN_C2_LIMIT,0.609423,1.382
5012,40000.0,0.02,greedy,ZYZZYVA,4.0,0.5,0.1421,1,1,1,FINALIZED_WITHIN_C2_LIMIT,0.517506,1.3
5013,40000.0,0.02,greedy,ZYZZYVA,4.0,0.5,0.1683,1,1,1,FINALIZED_WITHIN_C2_LIMIT,0.192474,1.282
5014,40000.0,0.02,greedy,ZYZZYVA,4.0,0.5,0.1753,1,1,1,FINALIZED_WITHIN_C2_LIMIT,0.068522,1.298
5015,40000.0,0.02,greedy,ZYZZYVA,4.0,0.5,0.1753,1,1,1,FINALIZED_WITHIN_C2_LIMIT,0.308323,1.576
5016,40000.0,0.02,greedy,ZYZZYVA,4.0,0.5,0.1753,1,1,1,FINALIZED_WITHIN_C2_LIMIT,0.090242,1.531
5017,40000.0,0.02,greedy,ZYZZYVA,4.0,0.5,0.1753,1,1,1,FINALIZED_WITHIN_C2_LIMIT,0.046806,1.363
5018,40000.0,0.02,greedy,ZYZZYVA,4.0,0.5,0.1753,1,1,1,FINALIZED_WITHIN_C2_LIMIT,0.070379,1.309
5019,40000.0,0.02,greedy,ZYZZYVA,4.0,0.5,0.1683,1,1,1,FINALIZED_WITHIN_C2_LIMIT,0.012216,1.327
5020,40000.0,0.02,greedy,ZYZZYVA,4.0,0.5,0.1753,1,1,1,FINALIZED_WITHIN_C2_LIMIT,0.026735,1.195
5021,40000.0,0.02,greedy,ZYZZYVA,4.0,0.5,0.1683,1,1,1,FINALIZED_WITHIN_C2_LIMIT,0.058229,1.196
5022,40000.0,0.02,greedy,ZYZZYVA,4.0,0.5,0.1683,1,1,1,FINALIZED_WITHIN_C2_LIMIT,0.025661,1.192
5023,40000.0,0.02,greedy,ZYZZYVA,4.0,0.5,0.1683,1,1,1,FINALIZED_WITHIN_C2_LIMIT,0.142716,1.276
5024,40000.0,0.02,greedy,ZYZZYVA,4.0,0.5,0.1932,1,1,1,FINALIZED_WITHIN_C2_LIMIT,0.169053,1.45
5025,40000.0,0.02,greedy,ZYZZYVA,4.0,0.5,0.1932,1,1,1,FINALIZED_WITHIN_C2_LIMIT,0.044381,1.291
5026,40000.0,0.02,greedy,ZYZZYVA,4.0,0.5,0.1683,1,1,1,FINALIZED_WITHIN_C2_LIMIT,0.22159,1.251
5027,40000.0,0.02,greedy,ZYZZYVA,4.0,0.5,0.1683,1,1,1,FINALIZED_WITHIN_C2_LIMIT,0.602846,1.452
5028,40000.0,0.02,greedy,ZYZZYVA,4.0,0.5,0.1683,1,1,1,FINALIZED_WITHIN_C2_LIMIT,0.241927,1.26
5029,40000.0,0.02,greedy,ZYZZYVA,4.0,0.5,0.1932,1,1,1,FINALIZED_WITHIN_C2_LIMIT,0.120754,1.342
5030,40000.0,0.02,greedy,ZYZZYVA,4.0,0.5,0.1932,1,1,1,FINALIZED_WITHIN_C2_LIMIT,0.542022,1.208
5031,40000.0,0.02,greedy,ZYZZYVA,4.0,0.5,0.1932,1,1,1,FINALIZED_WITHIN_C2_LIMIT,1.229917,1.245
5032,40000.0,0.02,greedy,ZYZZYVA,4.0,0.5,0.1932,1,1,1,FINALIZED_WITHIN_C2_LIMIT,1.173532,1.31
5033,40000.0,0.02,greedy,ZYZZYVA,4.0,0.5,0.1753,1,1,1,FINALIZED_WITHIN_C2_LIMIT,0.582916,1.34
5034,40000.0,0.02,greedy,ZYZZYVA,4.0,0.5,0.1753,1,1,1,FINALIZED_WITHIN_C2_LIMIT,0.046887,1.433
5035,40000.0,0.02,greedy,ZYZZYVA,4.0,0.5,0.1753,1,1,1,FINALIZED_WITHIN_C2_LIMIT,0.642745,1.329
5036,40000.0,0.02,greedy,ZYZZYVA,4.0,0.5,0.1683,1,1,1,FINALIZED_WITHIN_C2_LIMIT,1.569007,1.311
5037,40000.0,0.02,greedy,ZYZZYVA,4.0,0.5,0.1683,1,1,1,FINALIZED_WITHIN_C2_LIMIT,1.970844,1.326
5038,40000.0,0.02,greedy,ZYZZYVA,4.0,0.5,0.1753,1,1,1,FINALIZED_WITHIN_C2_LIMIT,1.237301,1.27
5039,40000.0,0.02,greedy,ZYZZYVA,4.0,0.5,0.1753,1,1,1,FINALIZED_WITHIN_C2_LIMIT,0.327856,1.284
5040,40000.0,0.02,greedy,ZYZZYVA,4.0,0.5,0.1753,1,1,1,FINALIZED_WITHIN_C2_LIMIT,0.104514,1.47
5041,40000.0,0.02,greedy,ZYZZYVA,4.0,0.5,0.1753,1,1,1,FINALIZED_WITHIN_C2_LIMIT,0.476051,1.562
5042,40000.0,0.02,greedy,ZYZZYVA,4.0,0.5,0.1753,1,1,1,FINALIZED_WITHIN_C2_LIMIT,0.488122,1.36
5043,40000.0,0.02,greedy,ZYZZYVA,4.0,0.5,0.1753,1,1,1,FINALIZED_WITHIN_C2_LIMIT,0.230924,1.148
5044,40000.0,0.02,greedy,ZYZZYVA,4.0,0.5,0.1753,1,1,1,FINALIZED_WITHIN_C2_LIMIT,0.047919,1.141
5045,40000.0,0.02,greedy,ZYZZYVA,4.0,0.5,0.1753,1,1,1,FINALIZED_WITHIN_C2_LIMIT,0.175285,1.219
5046,40000.0,0.02,greedy,ZYZZYVA,4.0,0.5,0.1753,1,1,1,FINALIZED_WITHIN_C2_LIMIT,0.070524,1.264
5047,40000.0,0.02,greedy,ZYZZYVA,4.0,0.5,0.1753,1,1,1,FINALIZED_WITHIN_C2_LIMIT,0.074817,1.28
5048,40000.0,0.02,greedy,ZYZZYVA,4.0,0.5,0.1753,1,1,1,FINALIZED_WITHIN_C2_LIMIT,0.13727,1.421
5049,40000.0,0.02,greedy,ZYZZYVA,4.0,0.5,0.1753,1,1,1,FINALIZED_WITHIN_C2_LIMIT,0.027917,1.169
5050,40000.0,0.02,greedy,ZYZZYVA,4.0,0.5,0.1753,1,1,1,FINALIZED_WITHIN_C2_LIMIT,0.286298,1.272
5051,40000.0,0.02,greedy,ZYZZYVA,4.0,0.5,0.1753,1,1,1,FINALIZED_WITHIN_C2_LIMIT,0.491407,1.199
5052,40000.0,0.02,greedy,ZYZZYVA,4.0,0.5,0.1753,1,1,1,FINALIZED_WITHIN_C2_LIMIT,0.258863,1.365
5053,40000.0,0.02,greedy,ZYZZYVA,4.0,0.5,0.1753,1,1,1,FINALIZED_WITHIN_C2_LIMIT,0.013541,1.198
5054,40000.0,0.02,greedy,ZYZZYVA,4.0,0.5,0.1487,1,1,1,FINALIZED_WITHIN_C2_LIMIT,0.245582,1.152
5055,40000.0,0.02,greedy,ZYZZYVA,4.0,0.5,0.1459,1,1,1,FINALIZED_WITHIN_C2_LIMIT,0.321796,1.388
5056,40000.0,0.02,greedy,ZYZZYVA,4.0,0.5,0.1487,1,1,1,FINALIZED_WITHIN_C2_LIMIT,0.096238,1.418
5057,40000.0,0.02,greedy,ZYZZYVA,4.0,0.5,0.1459,1,1,1,FINALIZED_WITHIN_C2_LIMIT,0.095482,1.315
5058,40000.0,0.02,greedy,ZYZZYVA,4.0,0.5,0.1421,1,1,1,FINALIZED_WITHIN_C2_LIMIT,0.203572,1.325
5059,40000.0,0.02,greedy,ZYZZYVA,4.0,0.5,0.1421,1,1,1,FINALIZED_WITHIN_C2_LIMIT,0.116898,1.339
5060,40000.0,0.02,greedy,ZYZZYVA,4.0,0.5,0.1421,1,1,1,FINALIZED_WITHIN_C2_LIMIT,0.059679,1.212
5061,40000.0,0.02,greedy,ZYZZYVA,4.0,0.5,0.1459,1,1,1,FINALIZED_WITHIN_C2_LIMIT,0.127482,1.417
5062,40000.0,0.02,greedy,ZYZZYVA,4.0,0.5,0.1421,1,1,1,FINALIZED_WITHIN_C2_LIMIT,0.027309,1.298
5063,40000.0,0.02,greedy,ZYZZYVA,4.0,0.5,0.1421,1,1,1,FINALIZED_WITHIN_C2_LIMIT,0.220186,1.591
5064,40000.0,0.02,greedy,ZYZZYVA,4.0,0.5,0.1421,1,1,1,FINALIZED_WITHIN_C2_LIMIT,0.378388,1.756
5065,40000.0,0.02,greedy,ZYZZYVA,4.0,0.5,0.1421,1,1,1,FINALIZED_WITHIN_C2_LIMIT,0.221122,1.42
5066,40000.0,0.02,greedy,ZYZZYVA,4.0,0.5,0.1421,1,1,1,FINALIZED_WITHIN_C2_LIMIT,0.017844,1.394
5067,40000.0,0.02,greedy,ZYZZYVA,4.0,0.5,0.1421,1,1,1,FINALIZED_WITHIN_C2_LIMIT,0.065041,1.243
5068,40000.0,0.02,greedy,ZYZZYVA,4.0,0.5,0.1421,1,1,1,FINALIZED_WITHIN_C2_LIMIT,0.023973,1.408
5069,40000.0,0.02,greedy,ZYZZYVA,4.0,0.5,0.1421,1,1,1,FINALIZED_WITHIN_C2_LIMIT,0.203676,1.474
5070,40000.0,0.02,greedy,ZYZZYVA,4.0,0.5,0.1421,1,1,1,FINALIZED_WITHIN_C2_LIMIT,0.265601,1.555
5071,40000.0,0.02,greedy,ZYZZYVA,4.0,0.5,0.1421,1,1,1,FINALIZED_WITHIN_C2_LIMIT,0.116122,1.32
5072,40000.0,0.02,greedy,ZYZZYVA,4.0,0.5,0.1459,1,1,1,FINALIZED_WITHIN_C2_LIMIT,0.097634,1.304
5073,40000.0,0.02,greedy,ZYZZYVA,4.0,0.5,0.1683,1,1,1,FINALIZED_WITHIN_C2_LIMIT,0.217191,1.302
5074,40000.0,0.02,greedy,ZYZZYVA,4.0,0.5,0.1683,1,1,1,FINALIZED_WITHIN_C2_LIMIT,0.09714,1.377
5075,40000.0,0.02,greedy,ZYZZYVA,4.0,0.5,0.1683,1,1,1,FINALIZED_WITHIN_C2_LIMIT,0.089508,1.706
5076,40000.0,0.02,greedy,ZYZZYVA,4.0,0.5,0.1683,1,1,1,FINALIZED_WITHIN_C2_LIMIT,0.185036,1.665
5077,3333.333,0.02,explore,PBFT,4.0,6.0,0.0401,1,1,1,FINALIZED_WITHIN_C2_LIMIT,0.02363,1.803
5078,40000.0,0.02,greedy,ZYZZYVA,4.0,0.5,0.1683,1,1,1,FINALIZED_WITHIN_C2_LIMIT,0.206411,1.314
5079,40000.0,0.02,greedy,ZYZZYVA,4.0,0.5,0.1683,1,1,1,FINALIZED_WITHIN_C2_LIMIT,0.414957,1.446
5080,40000.0,0.02,greedy,ZYZZYVA,4.0,0.5,0.1421,1,1,1,FINALIZED_WITHIN_C2_LIMIT,0.202823,1.241
5081,40000.0,0.02,greedy,ZYZZYVA,4.0,0.5,0.1683,1,1,1,FINALIZED_WITHIN_C2_LIMIT,0.026897,1.167
5082,40000.0,0.02,greedy,ZYZZYVA,4.0,0.5,0.1683,1,1,1,FINALIZED_WITHIN_C2_LIMIT,0.051101,1.295
5083,40000.0,0.02,greedy,ZYZZYVA,4.0,0.5,0.1683,1,1,1,FINALIZED_WITHIN_C2_LIMIT,0.040249,1.317
5084,40000.0,0.02,greedy,ZYZZYVA,4.0,0.5,0.1683,1,1,1,FINALIZED_WITHIN_C2_LIMIT,0.267915,1.255
5085,40000.0,0.02,greedy,ZYZZYVA,4.0,0.5,0.1421,1,1,1,FINALIZED_WITHIN_C2_LIMIT,0.422247,1.346
5086,40000.0,0.02,greedy,ZYZZYVA,4.0,0.5,0.1421,1,1,1,FINALIZED_WITHIN_C2_LIMIT,0.330979,1.181
5087,40000.0,0.02,greedy,ZYZZYVA,4.0,0.5,0.1421,1,1,1,FINALIZED_WITHIN_C2_LIMIT,0.027844,1.287
5088,40000.0,0.02,greedy,ZYZZYVA,4.0,0.5,0.1421,1,1,1,FINALIZED_WITHIN_C2_LIMIT,0.041061,1.233
5089,2857.143,0.02,explore,LIU_QUORUM,4.0,7.0,0.0686,1,1,1,FINALIZED_WITHIN_C2_LIMIT,0.01986,1.204
5090,40000.0,0.02,greedy,ZYZZYVA,4.0,0.5,0.1683,1,1,1,FINALIZED_WITHIN_C2_LIMIT,0.040027,1.208
5091,40000.0,0.02,greedy,ZYZZYVA,4.0,0.5,0.1683,1,1,1,FINALIZED_WITHIN_C2_LIMIT,0.027144,1.164
5092,40000.0,0.02,greedy,ZYZZYVA,4.0,0.5,0.1683,1,1,1,FINALIZED_WITHIN_C2_LIMIT,0.03229,1.132
5093,40000.0,0.02,greedy,ZYZZYVA,4.0,0.5,0.1683,1,1,1,FINALIZED_WITHIN_C2_LIMIT,0.034704,1.132
5094,40000.0,0.02,greedy,ZYZZYVA,4.0,0.5,0.1683,1,1,1,FINALIZED_WITHIN_C2_LIMIT,0.019349,1.255
5095,40000.0,0.02,greedy,ZYZZYVA,4.0,0.5,0.1683,1,1,1,FINALIZED_WITHIN_C2_LIMIT,0.019319,1.207
5096,40000.0,0.02,greedy,ZYZZYVA,4.0,0.5,0.1683,1,1,1,FINALIZED_WITHIN_C2_LIMIT,0.05395,1.21
5097,40000.0,0.02,greedy,ZYZZYVA,4.0,0.5,0.1683,1,1,1,FINALIZED_WITHIN_C2_LIMIT,0.016167,1.262
5098,40000.0,0.02,greedy,ZYZZYVA,4.0,0.5,0.1683,1,1,1,FINALIZED_WITHIN_C2_LIMIT,0.026517,1.157
5099,40000.0,0.02,greedy,ZYZZYVA,4.0,0.5,0.1683,1,1,1,FINALIZED_WITHIN_C2_LIMIT,0.019566,1.115
5100,40000.0,0.02,greedy,ZYZZYVA,4.0,0.5,0.1683,1,1,1,FINALIZED_WITHIN_C2_LIMIT,0.074181,1.162
5101,40000.0,0.02,greedy,ZYZZYVA,4.0,0.5,0.1683,1,1,1,FINALIZED_WITHIN_C2_LIMIT,0.038954,1.222
5102,40000.0,0.02,greedy,ZYZZYVA,4.0,0.5,0.1683,1,1,1,FINALIZED_WITHIN_C2_LIMIT,0.089363,1.103
5103,40000.0,0.02,greedy,ZYZZYVA,4.0,0.5,0.1683,1,1,1,FINALIZED_WITHIN_C2_LIMIT,0.11426,1.071
5104,40000.0,0.02,greedy,ZYZZYVA,4.0,0.5,0.1683,1,1,1,FINALIZED_WITHIN_C2_LIMIT,0.021326,1.055
5105,40000.0,0.02,greedy,ZYZZYVA,4.0,0.5,0.1683,1,1,1,FINALIZED_WITHIN_C2_LIMIT,0.132731,1.054
5106,40000.0,0.02,greedy,ZYZZYVA,4.0,0.5,0.1683,1,1,1,FINALIZED_WITHIN_C2_LIMIT,0.10887,1.028
5107,40000.0,0.02,greedy,ZYZZYVA,4.0,0.5,0.1683,1,1,1,FINALIZED_WITHIN_C2_LIMIT,0.01696,1.198
5108,40000.0,0.02,greedy,ZYZZYVA,4.0,0.5,0.1683,1,1,1,FINALIZED_WITHIN_C2_LIMIT,0.445784,1.141
5109,40000.0,0.02,greedy,ZYZZYVA,4.0,0.5,0.1683,1,1,1,FINALIZED_WITHIN_C2_LIMIT,0.682523,1.114
5110,40000.0,0.02,greedy,ZYZZYVA,4.0,0.5,0.1683,1,1,1,FINALIZED_WITHIN_C2_LIMIT,0.518298,1.091
5111,40000.0,0.02,greedy,ZYZZYVA,4.0,0.5,0.1683,1,1,1,FINALIZED_WITHIN_C2_LIMIT,0.148264,1.133
5112,40000.0,0.02,greedy,ZYZZYVA,4.0,0.5,0.1683,1,1,1,FINALIZED_WITHIN_C2_LIMIT,0.252224,1.196
5113,40000.0,0.02,greedy,ZYZZYVA,4.0,0.5,0.1683,1,1,1,FINALIZED_WITHIN_C2_LIMIT,0.665321,1.116
5114,40000.0,0.02,greedy,ZYZZYVA,4.0,0.5,0.1683,1,1,1,FINALIZED_WITHIN_C2_LIMIT,0.654014,1.259
5115,40000.0,0.02,greedy,ZYZZYVA,4.0,0.5,0.1683,1,1,1,FINALIZED_WITHIN_C2_LIMIT,0.280649,1.156
5116,40000.0,0.02,greedy,ZYZZYVA,4.0,0.5,0.1683,1,1,1,FINALIZED_WITHIN_C2_LIMIT,0.076271,1.323
5117,40000.0,0.02,greedy,ZYZZYVA,4.0,0.5,0.1683,1,1,1,FINALIZED_WITHIN_C2_LIMIT,0.234495,1.106
5118,40000.0,0.02,greedy,ZYZZYVA,4.0,0.5,0.1683,1,1,1,FINALIZED_WITHIN_C2_LIMIT,0.134276,1.181
5119,40000.0,0.02,greedy,ZYZZYVA,4.0,0.5,0.1683,1,1,1,FINALIZED_WITHIN_C2_LIMIT,0.119175,1.156
5120,40000.0,0.02,greedy,ZYZZYVA,4.0,0.5,0.1683,1,1,1,FINALIZED_WITHIN_C2_LIMIT,0.036624,1.194
5121,40000.0,0.02,greedy,ZYZZYVA,4.0,0.5,0.1683,1,1,1,FINALIZED_WITHIN_C2_LIMIT,0.04046,1.202
5122,40000.0,0.02,greedy,ZYZZYVA,4.0,0.5,0.1683,1,1,1,FINALIZED_WITHIN_C2_LIMIT,0.024169,1.268
5123,40000.0,0.02,greedy,ZYZZYVA,4.0,0.5,0.1683,1,1,1,FINALIZED_WITHIN_C2_LIMIT,0.113202,1.257
5124,40000.0,0.02,greedy,ZYZZYVA,4.0,0.5,0.1683,1,1,1,FINALIZED_WITHIN_C2_LIMIT,0.099417,1.12
5125,40000.0,0.02,greedy,ZYZZYVA,4.0,0.5,0.1683,1,1,1,FINALIZED_WITHIN_C2_LIMIT,0.023882,1.152
5126,40000.0,0.02,greedy,ZYZZYVA,4.0,0.5,0.1683,1,1,1,FINALIZED_WITHIN_C2_LIMIT,0.380047,1.167
5127,40000.0,0.02,greedy,ZYZZYVA,4.0,0.5,0.1683,1,1,1,FINALIZED_WITHIN_C2_LIMIT,0.651785,1.34
5128,40000.0,0.02,greedy,ZYZZYVA,4.0,0.5,0.1683,1,1,1,FINALIZED_WITHIN_C2_LIMIT,0.409325,1.139
5129,40000.0,0.02,greedy,ZYZZYVA,4.0,0.5,0.1683,1,1,1,FINALIZED_WITHIN_C2_LIMIT,0.042915,1.052
5130,40000.0,0.02,greedy,ZYZZYVA,4.0,0.5,0.1683,1,1,1,FINALIZED_WITHIN_C2_LIMIT,0.350522,1.291
5131,40000.0,0.02,greedy,ZYZZYVA,4.0,0.5,0.1683,1,1,1,FINALIZED_WITHIN_C2_LIMIT,0.917869,1.168
5132,40000.0,0.02,greedy,ZYZZYVA,4.0,0.5,0.1683,1,1,1,FINALIZED_WITHIN_C2_LIMIT,0.852733,1.134
5133,40000.0,0.02,greedy,ZYZZYVA,4.0,0.5,0.1683,1,1,1,FINALIZED_WITHIN_C2_LIMIT,0.384813,1.169
5134,40000.0,0.02,greedy,ZYZZYVA,4.0,0.5,0.1683,1,1,1,FINALIZED_WITHIN_C2_LIMIT,0.028227,1.099
5135,40000.0,0.02,greedy,ZYZZYVA,4.0,0.5,0.1683,1,1,1,FINALIZED_WITHIN_C2_LIMIT,0.126152,1.159
5136,40000.0,0.02,greedy,ZYZZYVA,4.0,0.5,0.1683,1,1,1,FINALIZED_WITHIN_C2_LIMIT,0.063676,1.094
5137,40000.0,0.02,greedy,ZYZZYVA,4.0,0.5,0.1683,1,1,1,FINALIZED_WITHIN_C2_LIMIT,0.156972,1.213
5138,40000.0,0.02,greedy,ZYZZYVA,4.0,0.5,0.1683,1,1,1,FINALIZED_WITHIN_C2_LIMIT,0.084061,1.09
5139,40000.0,0.02,greedy,ZYZZYVA,4.0,0.5,0.1683,1,1,1,FINALIZED_WITHIN_C2_LIMIT,0.095104,1.082
5140,40000.0,0.02,greedy,ZYZZYVA,4.0,0.5,0.1347,1,1,1,FINALIZED_WITHIN_C2_LIMIT,0.254278,1.162
5141,0.0,0.02,greedy,ZYZZYVA,4.0,0.5,0.2164,0,1,1,FINALIZED_WITHIN_C2_LIMIT,1.241089,1.313
5142,0.0,0.02,greedy,ZYZZYVA,4.0,0.5,0.2189,0,1,1,FINALIZED_WITHIN_C2_LIMIT,1.212593,1.245
5143,40000.0,0.02,greedy,ZYZZYVA,4.0,0.5,0.1487,1,1,1,FINALIZED_WITHIN_C2_LIMIT,0.079981,1.236
5144,40000.0,0.02,greedy,ZYZZYVA,4.0,0.5,0.1459,1,1,1,FINALIZED_WITHIN_C2_LIMIT,0.994343,1.296
5145,40000.0,0.02,greedy,ZYZZYVA,4.0,0.5,0.1459,1,1,1,FINALIZED_WITHIN_C2_LIMIT,1.923436,1.264
5146,40000.0,0.02,greedy,ZYZZYVA,4.0,0.5,0.1753,1,1,1,FINALIZED_WITHIN_C2_LIMIT,2.335988,1.134
5147,40000.0,0.02,greedy,ZYZZYVA,4.0,0.5,0.1753,1,1,1,FINALIZED_WITHIN_C2_LIMIT,1.29122,1.214
5148,40000.0,0.02,greedy,PBFT,4.0,0.5,0.1753,1,1,1,FINALIZED_WITHIN_C2_LIMIT,0.444217,1.267
5149,0.0,0.02,greedy,PBFT,4.0,0.5,0.1718,1,0,1,C2_DEADLINE_EXCEEDED,0.210643,1.235
5150,40000.0,0.02,greedy,PBFT,4.0,0.5,0.1932,1,1,1,FINALIZED_WITHIN_C2_LIMIT,0.728237,1.2
5151,40000.0,0.02,greedy,PBFT,4.0,0.5,0.1718,1,1,1,FINALIZED_WITHIN_C2_LIMIT,0.845694,1.266
5152,40000.0,0.02,greedy,PBFT,4.0,0.5,0.1718,1,1,1,FINALIZED_WITHIN_C2_LIMIT,0.611755,1.327
5153,0.0,0.02,greedy,PBFT,4.0,0.5,0.2021,0,1,1,FINALIZED_WITHIN_C2_LIMIT,0.05687,1.258
5154,0.0,0.02,greedy,PBFT,4.0,0.5,0.2021,0,1,1,FINALIZED_WITHIN_C2_LIMIT,0.48084,1.168
5155,0.0,0.02,greedy,PBFT,4.0,0.5,0.2021,0,1,1,FINALIZED_WITHIN_C2_LIMIT,1.349017,1.194
5156,0.0,0.02,greedy,PBFT,4.0,0.5,0.2245,0,1,1,FINALIZED_WITHIN_C2_LIMIT,1.422128,1.156
5157,10000.0,0.02,explore,LIU_QUORUM,4.0,2.0,0.1982,1,1,1,FINALIZED_WITHIN_C2_LIMIT,0.951935,1.183
5158,0.0,0.02,greedy,PBFT,4.0,0.5,0.2021,0,1,1,FINALIZED_WITHIN_C2_LIMIT,0.067068,1.163
5159,0.0,0.02,greedy,PBFT,4.0,0.5,0.2021,0,1,1,FINALIZED_WITHIN_C2_LIMIT,0.463475,1.147
5160,0.0,0.02,greedy,PBFT,4.0,0.5,0.2021,0,1,1,FINALIZED_WITHIN_C2_LIMIT,1.15998,1.19
5161,0.0,0.02,greedy,PBFT,4.0,0.5,0.2021,0,1,1,FINALIZED_WITHIN_C2_LIMIT,1.315073,1.3
5162,0.0,0.02,greedy,PBFT,4.0,0.5,0.2021,0,1,1,FINALIZED_WITHIN_C2_LIMIT,0.773211,1.307
5163,0.0,0.02,greedy,PBFT,4.0,0.5,0.2021,0,1,1,FINALIZED_WITHIN_C2_LIMIT,0.259212,1.239
5164,0.0,0.02,greedy,PBFT,4.0,0.5,0.2021,0,1,1,FINALIZED_WITHIN_C2_LIMIT,0.326641,1.293
5165,0.0,0.02,greedy,PBFT,4.0,0.5,0.2021,0,1,1,FINALIZED_WITHIN_C2_LIMIT,1.060691,1.206
5166,0.0,0.02,greedy,ZYZZYVA,4.0,0.5,0.2021,0,1,1,FINALIZED_WITHIN_C2_LIMIT,1.089447,1.156
5167,0.0,0.02,greedy,ZYZZYVA,4.0,0.5,0.2021,0,1,1,FINALIZED_WITHIN_C2_LIMIT,0.726156,1.193
5168,0.0,0.02,greedy,ZYZZYVA,4.0,0.5,0.2021,0,1,1,FINALIZED_WITHIN_C2_LIMIT,0.061473,1.283
5169,40000.0,0.02,greedy,ZYZZYVA,4.0,0.5,0.1932,1,1,1,FINALIZED_WITHIN_C2_LIMIT,0.463769,1.183
5170,40000.0,0.02,greedy,ZYZZYVA,4.0,0.5,0.1932,1,1,1,FINALIZED_WITHIN_C2_LIMIT,1.108592,1.261
5171,0.0,0.02,greedy,ZYZZYVA,4.0,0.5,0.2021,0,1,1,FINALIZED_WITHIN_C2_LIMIT,1.315577,1.253
5172,0.0,0.02,greedy,ZYZZYVA,4.0,0.5,0.2021,0,1,1,FINALIZED_WITHIN_C2_LIMIT,0.767943,1.172
5173,0.0,0.02,greedy,ZYZZYVA,4.0,0.5,0.2021,0,1,1,FINALIZED_WITHIN_C2_LIMIT,0.123031,1.373
5174,0.0,0.02,greedy,ZYZZYVA,4.0,0.5,0.2021,0,1,1,FINALIZED_WITHIN_C2_LIMIT,0.324931,1.687
5175,0.0,0.02,greedy,ZYZZYVA,4.0,0.5,0.2021,0,1,1,FINALIZED_WITHIN_C2_LIMIT,1.041201,1.446
5176,0.0,0.02,greedy,ZYZZYVA,4.0,0.5,0.2021,0,1,1,FINALIZED_WITHIN_C2_LIMIT,1.212221,1.603
5177,0.0,0.02,greedy,ZYZZYVA,4.0,0.5,0.2021,0,1,1,FINALIZED_WITHIN_C2_LIMIT,0.868856,1.37
5178,40000.0,0.02,greedy,ZYZZYVA,4.0,0.5,0.1683,1,1,1,FINALIZED_WITHIN_C2_LIMIT,0.147776,1.215
5179,40000.0,0.02,greedy,ZYZZYVA,4.0,0.5,0.1683,1,1,1,FINALIZED_WITHIN_C2_LIMIT,0.412589,1.242
5180,40000.0,0.02,greedy,ZYZZYVA,4.0,0.5,0.1683,1,1,1,FINALIZED_WITHIN_C2_LIMIT,1.000403,1.226
5181,0.0,0.02,greedy,ZYZZYVA,4.0,0.5,0.2021,0,1,1,FINALIZED_WITHIN_C2_LIMIT,1.192075,1.319
5182,0.0,0.02,greedy,ZYZZYVA,4.0,0.5,0.2021,0,1,1,FINALIZED_WITHIN_C2_LIMIT,0.679469,1.372
5183,0.0,0.02,greedy,ZYZZYVA,4.0,0.5,0.2021,0,1,1,FINALIZED_WITHIN_C2_LIMIT,0.141989,1.664
5184,40000.0,0.02,greedy,ZYZZYVA,4.0,0.5,0.1683,1,1,1,FINALIZED_WITHIN_C2_LIMIT,0.354259,1.446
5185,40000.0,0.02,greedy,ZYZZYVA,4.0,0.5,0.1683,1,1,1,FINALIZED_WITHIN_C2_LIMIT,1.063876,1.324
5186,40000.0,0.02,greedy,ZYZZYVA,4.0,0.5,0.1683,1,1,1,FINALIZED_WITHIN_C2_LIMIT,1.330926,1.215
5187,40000.0,0.02,greedy,ZYZZYVA,4.0,0.5,0.1683,1,1,1,FINALIZED_WITHIN_C2_LIMIT,0.671098,1.292
5188,40000.0,0.02,greedy,ZYZZYVA,4.0,0.5,0.1683,1,1,1,FINALIZED_WITHIN_C2_LIMIT,0.19372,1.17
5189,40000.0,0.02,greedy,ZYZZYVA,4.0,0.5,0.1683,1,1,1,FINALIZED_WITHIN_C2_LIMIT,0.351751,1.25
5190,40000.0,0.02,greedy,ZYZZYVA,4.0,0.5,0.1683,1,1,1,FINALIZED_WITHIN_C2_LIMIT,0.997245,1.306
5191,40000.0,0.02,greedy,ZYZZYVA,4.0,0.5,0.1683,1,1,1,FINALIZED_WITHIN_C2_LIMIT,1.026911,1.514
5192,0.0,0.02,greedy,ZYZZYVA,4.0,0.5,0.2021,0,1,1,FINALIZED_WITHIN_C2_LIMIT,0.574854,1.436
5193,40000.0,0.02,greedy,ZYZZYVA,4.0,0.5,0.1683,1,1,1,FINALIZED_WITHIN_C2_LIMIT,0.072607,1.331
5194,40000.0,0.02,greedy,ZYZZYVA,4.0,0.5,0.1683,1,1,1,FINALIZED_WITHIN_C2_LIMIT,0.441604,1.185
5195,40000.0,0.02,greedy,ZYZZYVA,4.0,0.5,0.1683,1,1,1,FINALIZED_WITHIN_C2_LIMIT,1.286535,1.157
5196,40000.0,0.02,greedy,ZYZZYVA,4.0,0.5,0.1683,1,1,1,FINALIZED_WITHIN_C2_LIMIT,1.370233,1.238
5197,40000.0,0.02,greedy,ZYZZYVA,4.0,0.5,0.1683,1,1,1,FINALIZED_WITHIN_C2_LIMIT,0.990825,1.17
5198,40000.0,0.02,greedy,ZYZZYVA,4.0,0.5,0.1683,1,1,1,FINALIZED_WITHIN_C2_LIMIT,0.146053,1.136
5199,40000.0,0.02,greedy,ZYZZYVA,4.0,0.5,0.1683,1,1,1,FINALIZED_WITHIN_C2_LIMIT,0.042212,1.329
5200,0.0,0.02,greedy,ZYZZYVA,4.0,0.5,0.2021,0,1,1,FINALIZED_WITHIN_C2_LIMIT,0.252511,1.402
5201,40000.0,0.02,greedy,ZYZZYVA,4.0,0.5,0.1683,1,1,1,FINALIZED_WITHIN_C2_LIMIT,0.319213,1.295
5202,0.0,0.02,greedy,ZYZZYVA,4.0,0.5,0.2021,0,1,1,FINALIZED_WITHIN_C2_LIMIT,0.228608,1.196
5203,40000.0,0.02,greedy,ZYZZYVA,4.0,0.5,0.1683,1,1,1,FINALIZED_WITHIN_C2_LIMIT,0.172146,1.217
5204,40000.0,0.02,greedy,ZYZZYVA,4.0,0.5,0.1683,1,1,1,FINALIZED_WITHIN_C2_LIMIT,0.234886,1.245
5205,40000.0,0.02,greedy,ZYZZYVA,4.0,0.5,0.1683,1,1,1,FINALIZED_WITHIN_C2_LIMIT,0.20112,1.288
5206,3333.333,0.02,explore,LIU_QUORUM,4.0,6.0,0.1001,1,1,1,FINALIZED_WITHIN_C2_LIMIT,0.030744,1.373
5207,40000.0,0.02,greedy,ZYZZYVA,4.0,0.5,0.1683,1,1,1,FINALIZED_WITHIN_C2_LIMIT,0.057159,1.15
5208,40000.0,0.02,greedy,ZYZZYVA,4.0,0.5,0.1683,1,1,1,FINALIZED_WITHIN_C2_LIMIT,0.015427,1.124
5209,40000.0,0.02,greedy,ZYZZYVA,4.0,0.5,0.1683,1,1,1,FINALIZED_WITHIN_C2_LIMIT,0.025163,1.134
5210,40000.0,0.02,greedy,ZYZZYVA,4.0,0.5,0.1683,1,1,1,FINALIZED_WITHIN_C2_LIMIT,0.049579,1.181
5211,40000.0,0.02,greedy,ZYZZYVA,4.0,0.5,0.1683,1,1,1,FINALIZED_WITHIN_C2_LIMIT,0.02236,1.109
5212,40000.0,0.02,greedy,ZYZZYVA,4.0,0.5,0.1683,1,1,1,FINALIZED_WITHIN_C2_LIMIT,0.122273,1.237
5213,40000.0,0.02,greedy,ZYZZYVA,4.0,0.5,0.1683,1,1,1,FINALIZED_WITHIN_C2_LIMIT,0.250141,1.348
5214,40000.0,0.02,greedy,ZYZZYVA,4.0,0.5,0.1683,1,1,1,FINALIZED_WITHIN_C2_LIMIT,0.022545,1.372
5215,40000.0,0.02,greedy,ZYZZYVA,4.0,0.5,0.1683,1,1,1,FINALIZED_WITHIN_C2_LIMIT,0.374554,1.303
5216,40000.0,0.02,greedy,ZYZZYVA,4.0,0.5,0.1683,1,1,1,FINALIZED_WITHIN_C2_LIMIT,0.553647,1.319
5217,40000.0,0.02,greedy,ZYZZYVA,4.0,0.5,0.1683,1,1,1,FINALIZED_WITHIN_C2_LIMIT,0.466421,1.243
5218,40000.0,0.02,greedy,ZYZZYVA,4.0,0.5,0.1683,1,1,1,FINALIZED_WITHIN_C2_LIMIT,0.150879,1.205
5219,40000.0,0.02,greedy,ZYZZYVA,4.0,0.5,0.1683,1,1,1,FINALIZED_WITHIN_C2_LIMIT,0.387915,1.643
5220,40000.0,0.02,greedy,ZYZZYVA,4.0,0.5,0.1683,1,1,1,FINALIZED_WITHIN_C2_LIMIT,0.827043,1.272
5221,40000.0,0.02,greedy,ZYZZYVA,4.0,0.5,0.1683,1,1,1,FINALIZED_WITHIN_C2_LIMIT,0.860581,1.275
5222,40000.0,0.02,greedy,ZYZZYVA,4.0,0.5,0.1683,1,1,1,FINALIZED_WITHIN_C2_LIMIT,0.325045,1.217
5223,40000.0,0.02,greedy,ZYZZYVA,4.0,0.5,0.1683,1,1,1,FINALIZED_WITHIN_C2_LIMIT,0.020687,1.166
5224,40000.0,0.02,greedy,ZYZZYVA,4.0,0.5,0.1683,1,1,1,FINALIZED_WITHIN_C2_LIMIT,0.092732,1.466
5225,40000.0,0.02,greedy,ZYZZYVA,4.0,0.5,0.1683,1,1,1,FINALIZED_WITHIN_C2_LIMIT,0.067701,1.251
5226,40000.0,0.02,greedy,ZYZZYVA,4.0,0.5,0.1683,1,1,1,FINALIZED_WITHIN_C2_LIMIT,0.050126,1.19
5227,40000.0,0.02,greedy,ZYZZYVA,4.0,0.5,0.1459,1,1,1,FINALIZED_WITHIN_C2_LIMIT,0.085966,1.304
5228,40000.0,0.02,greedy,ZYZZYVA,4.0,0.5,0.1459,1,1,1,FINALIZED_WITHIN_C2_LIMIT,0.016779,1.256
5229,40000.0,0.02,greedy,ZYZZYVA,4.0,0.5,0.1683,1,1,1,FINALIZED_WITHIN_C2_LIMIT,0.020175,1.224
5230,40000.0,0.02,greedy,ZYZZYVA,4.0,0.5,0.1459,1,1,1,FINALIZED_WITHIN_C2_LIMIT,0.02713,1.163
5231,40000.0,0.02,greedy,ZYZZYVA,4.0,0.5,0.1459,1,1,1,FINALIZED_WITHIN_C2_LIMIT,0.136368,1.231
5232,40000.0,0.02,greedy,ZYZZYVA,4.0,0.5,0.1459,1,1,1,FINALIZED_WITHIN_C2_LIMIT,0.111449,1.157
5233,40000.0,0.02,greedy,ZYZZYVA,4.0,0.5,0.1459,1,1,1,FINALIZED_WITHIN_C2_LIMIT,0.046357,1.173
5234,40000.0,0.02,greedy,ZYZZYVA,4.0,0.5,0.1253,1,1,1,FINALIZED_WITHIN_C2_LIMIT,0.124551,1.282
5235,40000.0,0.02,greedy,ZYZZYVA,4.0,0.5,0.1191,1,1,1,FINALIZED_WITHIN_C2_LIMIT,0.216138,1.235
5236,40000.0,0.02,greedy,ZYZZYVA,4.0,0.5,0.0986,1,1,1,FINALIZED_WITHIN_C2_LIMIT,0.224554,1.328
5237,40000.0,0.02,greedy,ZYZZYVA,4.0,0.5,0.1191,1,1,1,FINALIZED_WITHIN_C2_LIMIT,0.03609,1.28
5238,40000.0,0.02,greedy,ZYZZYVA,4.0,0.5,0.1191,1,1,1,FINALIZED_WITHIN_C2_LIMIT,0.356981,1.34
5239,40000.0,0.02,greedy,ZYZZYVA,4.0,0.5,0.1253,1,1,1,FINALIZED_WITHIN_C2_LIMIT,0.650755,1.312
5240,40000.0,0.02,greedy,ZYZZYVA,4.0,0.5,0.0997,1,1,1,FINALIZED_WITHIN_C2_LIMIT,0.375236,1.353
5241,40000.0,0.02,greedy,ZYZZYVA,4.0,0.5,0.12,1,1,1,FINALIZED_WITHIN_C2_LIMIT,0.038852,1.235
5242,40000.0,0.02,greedy,ZYZZYVA,4.0,0.5,0.1107,1,1,1,FINALIZED_WITHIN_C2_LIMIT,0.419144,1.134
5243,40000.0,0.02,greedy,ZYZZYVA,4.0,0.5,0.1107,1,1,1,FINALIZED_WITHIN_C2_LIMIT,1.00731,1.212
5244,40000.0,0.02,greedy,ZYZZYVA,4.0,0.5,0.1107,1,1,1,FINALIZED_WITHIN_C2_LIMIT,0.928433,1.142
5245,40000.0,0.02,greedy,ZYZZYVA,4.0,0.5,0.1374,1,1,1,FINALIZED_WITHIN_C2_LIMIT,0.331969,1.136
5246,40000.0,0.02,greedy,ZYZZYVA,4.0,0.5,0.1683,1,1,1,FINALIZED_WITHIN_C2_LIMIT,0.130508,1.341
5247,40000.0,0.02,greedy,ZYZZYVA,4.0,0.5,0.1683,1,1,1,FINALIZED_WITHIN_C2_LIMIT,0.214575,1.355
5248,40000.0,0.02,greedy,ZYZZYVA,4.0,0.5,0.1683,1,1,1,FINALIZED_WITHIN_C2_LIMIT,0.087889,1.247
5249,0.0,0.02,greedy,ZYZZYVA,4.0,0.5,0.2021,0,1,1,FINALIZED_WITHIN_C2_LIMIT,0.082796,1.165
5250,0.0,0.02,greedy,ZYZZYVA,4.0,0.5,0.2021,0,1,1,FINALIZED_WITHIN_C2_LIMIT,0.115771,1.208
5251,0.0,0.02,greedy,ZYZZYVA,4.0,0.5,0.2021,0,1,1,FINALIZED_WITHIN_C2_LIMIT,0.036502,1.203
5252,0.0,0.02,greedy,ZYZZYVA,4.0,0.5,0.2021,0,1,1,FINALIZED_WITHIN_C2_LIMIT,0.079948,1.208
5253,0.0,0.02,greedy,ZYZZYVA,4.0,0.5,0.2021,0,1,1,FINALIZED_WITHIN_C2_LIMIT,0.243246,1.217
5254,40000.0,0.02,greedy,ZYZZYVA,4.0,0.5,0.1683,1,1,1,FINALIZED_WITHIN_C2_LIMIT,0.116794,1.241
5255,40000.0,0.02,greedy,ZYZZYVA,4.0,0.5,0.1683,1,1,1,FINALIZED_WITHIN_C2_LIMIT,0.150295,1.189
5256,40000.0,0.02,greedy,ZYZZYVA,4.0,0.5,0.1683,1,1,1,FINALIZED_WITHIN_C2_LIMIT,0.160661,1.142
5257,40000.0,0.02,greedy,ZYZZYVA,4.0,0.5,0.1683,1,1,1,FINALIZED_WITHIN_C2_LIMIT,0.167568,1.252
5258,40000.0,0.02,greedy,ZYZZYVA,4.0,0.5,0.1683,1,1,1,FINALIZED_WITHIN_C2_LIMIT,0.12132,1.214
5259,40000.0,0.02,greedy,ZYZZYVA,4.0,0.5,0.1683,1,1,1,FINALIZED_WITHIN_C2_LIMIT,0.015766,1.138
5260,40000.0,0.02,greedy,ZYZZYVA,4.0,0.5,0.1683,1,1,1,FINALIZED_WITHIN_C2_LIMIT,0.110077,1.222
5261,40000.0,0.02,greedy,ZYZZYVA,4.0,0.5,0.1683,1,1,1,FINALIZED_WITHIN_C2_LIMIT,0.022859,1.181
5262,40000.0,0.02,greedy,ZYZZYVA,4.0,0.5,0.1683,1,1,1,FINALIZED_WITHIN_C2_LIMIT,0.218661,1.349
5263,40000.0,0.02,greedy,ZYZZYVA,4.0,0.5,0.1683,1,1,1,FINALIZED_WITHIN_C2_LIMIT,0.083604,1.343
5264,40000.0,0.02,greedy,ZYZZYVA,4.0,0.5,0.1683,1,1,1,FINALIZED_WITHIN_C2_LIMIT,0.115929,1.178
5265,40000.0,0.02,greedy,ZYZZYVA,4.0,0.5,0.1683,1,1,1,FINALIZED_WITHIN_C2_LIMIT,0.108389,1.238
5266,40000.0,0.02,greedy,ZYZZYVA,4.0,0.5,0.1683,1,1,1,FINALIZED_WITHIN_C2_LIMIT,0.104776,1.285
5267,40000.0,0.02,greedy,ZYZZYVA,4.0,0.5,0.1683,1,1,1,FINALIZED_WITHIN_C2_LIMIT,0.016876,1.181
5268,40000.0,0.02,greedy,ZYZZYVA,4.0,0.5,0.1683,1,1,1,FINALIZED_WITHIN_C2_LIMIT,0.109033,1.161
5269,40000.0,0.02,greedy,ZYZZYVA,4.0,0.5,0.1683,1,1,1,FINALIZED_WITHIN_C2_LIMIT,0.036859,1.144
5270,40000.0,0.02,greedy,ZYZZYVA,4.0,0.5,0.1683,1,1,1,FINALIZED_WITHIN_C2_LIMIT,0.127209,1.132
5271,40000.0,0.02,greedy,ZYZZYVA,4.0,0.5,0.1683,1,1,1,FINALIZED_WITHIN_C2_LIMIT,0.194391,1.202
5272,40000.0,0.02,greedy,ZYZZYVA,4.0,0.5,0.1683,1,1,1,FINALIZED_WITHIN_C2_LIMIT,0.191879,1.226
5273,40000.0,0.02,greedy,ZYZZYVA,4.0,0.5,0.1683,1,1,1,FINALIZED_WITHIN_C2_LIMIT,0.225625,1.17
5274,40000.0,0.02,greedy,ZYZZYVA,4.0,0.5,0.1683,1,1,1,FINALIZED_WITHIN_C2_LIMIT,0.363135,1.128
5275,40000.0,0.02,greedy,ZYZZYVA,4.0,0.5,0.1683,1,1,1,FINALIZED_WITHIN_C2_LIMIT,0.269423,1.219
5276,40000.0,0.02,greedy,ZYZZYVA,4.0,0.5,0.1683,1,1,1,FINALIZED_WITHIN_C2_LIMIT,0.033962,1.327
5277,40000.0,0.02,greedy,ZYZZYVA,4.0,0.5,0.1683,1,1,1,FINALIZED_WITHIN_C2_LIMIT,0.624218,1.204
5278,40000.0,0.02,greedy,ZYZZYVA,4.0,0.5,0.1683,1,1,1,FINALIZED_WITHIN_C2_LIMIT,1.175744,1.217
5279,40000.0,0.02,greedy,ZYZZYVA,4.0,0.5,0.1683,1,1,1,FINALIZED_WITHIN_C2_LIMIT,1.29209,1.266
5280,40000.0,0.02,greedy,ZYZZYVA,4.0,0.5,0.1683,1,1,1,FINALIZED_WITHIN_C2_LIMIT,0.470355,1.266
5281,40000.0,0.02,greedy,ZYZZYVA,4.0,0.5,0.1683,1,1,1,FINALIZED_WITHIN_C2_LIMIT,0.107919,1.161
5282,40000.0,0.02,greedy,ZYZZYVA,4.0,0.5,0.1683,1,1,1,FINALIZED_WITHIN_C2_LIMIT,0.626837,1.237
5283,40000.0,0.02,greedy,ZYZZYVA,4.0,0.5,0.1683,1,1,1,FINALIZED_WITHIN_C2_LIMIT,1.617303,1.308
5284,40000.0,0.02,greedy,ZYZZYVA,4.0,0.5,0.1683,1,1,1,FINALIZED_WITHIN_C2_LIMIT,1.971518,1.234
5285,40000.0,0.02,greedy,ZYZZYVA,4.0,0.5,0.1683,1,1,1,FINALIZED_WITHIN_C2_LIMIT,1.401621,1.189
5286,40000.0,0.02,greedy,ZYZZYVA,4.0,0.5,0.1683,1,1,1,FINALIZED_WITHIN_C2_LIMIT,0.542707,1.154
5287,40000.0,0.02,greedy,ZYZZYVA,4.0,0.5,0.1683,1,1,1,FINALIZED_WITHIN_C2_LIMIT,0.074177,1.424
5288,40000.0,0.02,greedy,ZYZZYVA,4.0,0.5,0.1683,1,1,1,FINALIZED_WITHIN_C2_LIMIT,0.320865,1.242
5289,40000.0,0.02,greedy,ZYZZYVA,4.0,0.5,0.1683,1,1,1,FINALIZED_WITHIN_C2_LIMIT,0.293906,1.339
5290,40000.0,0.02,greedy,ZYZZYVA,4.0,0.5,0.1683,1,1,1,FINALIZED_WITHIN_C2_LIMIT,0.142598,1.279
5291,40000.0,0.02,greedy,ZYZZYVA,4.0,0.5,0.1683,1,1,1,FINALIZED_WITHIN_C2_LIMIT,0.128073,1.358
5292,40000.0,0.02,greedy,ZYZZYVA,4.0,0.5,0.1683,1,1,1,FINALIZED_WITHIN_C2_LIMIT,0.248503,1.372
5293,40000.0,0.02,greedy,ZYZZYVA,4.0,0.5,0.1683,1,1,1,FINALIZED_WITHIN_C2_LIMIT,0.209036,1.238
5294,40000.0,0.02,greedy,ZYZZYVA,4.0,0.5,0.1683,1,1,1,FINALIZED_WITHIN_C2_LIMIT,0.091297,1.142
5295,40000.0,0.02,greedy,ZYZZYVA,4.0,0.5,0.1683,1,1,1,FINALIZED_WITHIN_C2_LIMIT,0.218118,1.259
5296,40000.0,0.02,greedy,ZYZZYVA,4.0,0.5,0.1683,1,1,1,FINALIZED_WITHIN_C2_LIMIT,0.110799,1.434
5297,40000.0,0.02,greedy,ZYZZYVA,4.0,0.5,0.1683,1,1,1,FINALIZED_WITHIN_C2_LIMIT,0.019201,1.294
5298,40000.0,0.02,greedy,ZYZZYVA,4.0,0.5,0.1683,1,1,1,FINALIZED_WITHIN_C2_LIMIT,0.091721,1.283
5299,40000.0,0.02,greedy,ZYZZYVA,4.0,0.5,0.1683,1,1,1,FINALIZED_WITHIN_C2_LIMIT,0.034896,1.281
5300,40000.0,0.02,greedy,ZYZZYVA,4.0,0.5,0.1683,1,1,1,FINALIZED_WITHIN_C2_LIMIT,0.069217,1.216
5301,40000.0,0.02,greedy,ZYZZYVA,4.0,0.5,0.1683,1,1,1,FINALIZED_WITHIN_C2_LIMIT,0.194981,1.204
5302,40000.0,0.02,greedy,ZYZZYVA,4.0,0.5,0.1683,1,1,1,FINALIZED_WITHIN_C2_LIMIT,0.131351,1.209
5303,40000.0,0.02,greedy,ZYZZYVA,4.0,0.5,0.1683,1,1,1,FINALIZED_WITHIN_C2_LIMIT,0.081065,1.295
5304,40000.0,0.02,greedy,ZYZZYVA,4.0,0.5,0.1683,1,1,1,FINALIZED_WITHIN_C2_LIMIT,0.036013,1.17
5305,40000.0,0.02,greedy,ZYZZYVA,4.0,0.5,0.1683,1,1,1,FINALIZED_WITHIN_C2_LIMIT,0.076412,1.195
5306,40000.0,0.02,greedy,ZYZZYVA,4.0,0.5,0.1683,1,1,1,FINALIZED_WITHIN_C2_LIMIT,0.015722,1.204
5307,40000.0,0.02,greedy,ZYZZYVA,4.0,0.5,0.1683,1,1,1,FINALIZED_WITHIN_C2_LIMIT,0.142917,1.186
5308,40000.0,0.02,greedy,ZYZZYVA,4.0,0.5,0.1683,1,1,1,FINALIZED_WITHIN_C2_LIMIT,0.024438,1.157
5309,40000.0,0.02,greedy,ZYZZYVA,4.0,0.5,0.1683,1,1,1,FINALIZED_WITHIN_C2_LIMIT,0.033098,1.165
5310,40000.0,0.02,greedy,ZYZZYVA,4.0,0.5,0.1683,1,1,1,FINALIZED_WITHIN_C2_LIMIT,0.033925,1.173
5311,40000.0,0.02,greedy,ZYZZYVA,4.0,0.5,0.1683,1,1,1,FINALIZED_WITHIN_C2_LIMIT,0.020205,1.198
5312,40000.0,0.02,greedy,ZYZZYVA,4.0,0.5,0.1683,1,1,1,FINALIZED_WITHIN_C2_LIMIT,0.10906,1.209
5313,40000.0,0.02,greedy,ZYZZYVA,4.0,0.5,0.1683,1,1,1,FINALIZED_WITHIN_C2_LIMIT,0.101111,1.25
5314,40000.0,0.02,greedy,ZYZZYVA,4.0,0.5,0.1459,1,1,1,FINALIZED_WITHIN_C2_LIMIT,0.027146,1.152
5315,40000.0,0.02,greedy,ZYZZYVA,4.0,0.5,0.1683,1,1,1,FINALIZED_WITHIN_C2_LIMIT,0.137648,1.233
5316,40000.0,0.02,greedy,ZYZZYVA,4.0,0.5,0.1683,1,1,1,FINALIZED_WITHIN_C2_LIMIT,0.01867,1.29
5317,40000.0,0.02,greedy,ZYZZYVA,4.0,0.5,0.1683,1,1,1,FINALIZED_WITHIN_C2_LIMIT,0.185516,1.188
5318,40000.0,0.02,greedy,ZYZZYVA,4.0,0.5,0.1683,1,1,1,FINALIZED_WITHIN_C2_LIMIT,0.102522,1.139
5319,40000.0,0.02,greedy,ZYZZYVA,4.0,0.5,0.1683,1,1,1,FINALIZED_WITHIN_C2_LIMIT,0.211329,1.197
5320,40000.0,0.02,greedy,ZYZZYVA,4.0,0.5,0.1683,1,1,1,FINALIZED_WITHIN_C2_LIMIT,0.258433,1.285
5321,40000.0,0.02,greedy,ZYZZYVA,4.0,0.5,0.1683,1,1,1,FINALIZED_WITHIN_C2_LIMIT,0.084876,1.293
5322,40000.0,0.02,greedy,ZYZZYVA,4.0,0.5,0.1683,1,1,1,FINALIZED_WITHIN_C2_LIMIT,0.194064,1.263
5323,40000.0,0.02,greedy,ZYZZYVA,4.0,0.5,0.1683,1,1,1,FINALIZED_WITHIN_C2_LIMIT,0.309886,1.334
5324,40000.0,0.02,greedy,ZYZZYVA,4.0,0.5,0.1683,1,1,1,FINALIZED_WITHIN_C2_LIMIT,0.101858,1.212
5325,40000.0,0.02,greedy,ZYZZYVA,4.0,0.5,0.1683,1,1,1,FINALIZED_WITHIN_C2_LIMIT,0.057923,1.159
5326,40000.0,0.02,greedy,ZYZZYVA,4.0,0.5,0.1683,1,1,1,FINALIZED_WITHIN_C2_LIMIT,0.192882,1.227
5327,40000.0,0.02,greedy,ZYZZYVA,4.0,0.5,0.1683,1,1,1,FINALIZED_WITHIN_C2_LIMIT,0.091457,1.185
5328,40000.0,0.02,greedy,ZYZZYVA,4.0,0.5,0.1683,1,1,1,FINALIZED_WITHIN_C2_LIMIT,0.236846,1.281
5329,40000.0,0.02,greedy,ZYZZYVA,4.0,0.5,0.1683,1,1,1,FINALIZED_WITHIN_C2_LIMIT,0.474429,1.27
5330,40000.0,0.02,greedy,ZYZZYVA,4.0,0.5,0.1683,1,1,1,FINALIZED_WITHIN_C2_LIMIT,0.184637,1.132
5331,40000.0,0.02,greedy,ZYZZYVA,4.0,0.5,0.1683,1,1,1,FINALIZED_WITHIN_C2_LIMIT,0.03549,1.135
5332,40000.0,0.02,greedy,ZYZZYVA,4.0,0.5,0.1683,1,1,1,FINALIZED_WITHIN_C2_LIMIT,0.075686,1.11
5333,40000.0,0.02,greedy,ZYZZYVA,4.0,0.5,0.1683,1,1,1,FINALIZED_WITHIN_C2_LIMIT,0.024248,1.185
5334,40000.0,0.02,greedy,ZYZZYVA,4.0,0.5,0.1683,1,1,1,FINALIZED_WITHIN_C2_LIMIT,0.236884,1.333
5335,40000.0,0.02,greedy,ZYZZYVA,4.0,0.5,0.1683,1,1,1,FINALIZED_WITHIN_C2_LIMIT,0.541244,1.492
5336,40000.0,0.02,greedy,ZYZZYVA,4.0,0.5,0.1683,1,1,1,FINALIZED_WITHIN_C2_LIMIT,0.207504,1.373
5337,40000.0,0.02,greedy,ZYZZYVA,4.0,0.5,0.1683,1,1,1,FINALIZED_WITHIN_C2_LIMIT,0.036634,1.46
5338,40000.0,0.02,greedy,ZYZZYVA,4.0,0.5,0.1683,1,1,1,FINALIZED_WITHIN_C2_LIMIT,0.069955,1.159
5339,40000.0,0.02,greedy,ZYZZYVA,4.0,0.5,0.1683,1,1,1,FINALIZED_WITHIN_C2_LIMIT,0.022104,1.219
5340,40000.0,0.02,greedy,ZYZZYVA,4.0,0.5,0.1683,1,1,1,FINALIZED_WITHIN_C2_LIMIT,0.114782,1.187
5341,40000.0,0.02,greedy,ZYZZYVA,4.0,0.5,0.1683,1,1,1,FINALIZED_WITHIN_C2_LIMIT,0.122873,1.134
5342,40000.0,0.02,greedy,ZYZZYVA,4.0,0.5,0.1683,1,1,1,FINALIZED_WITHIN_C2_LIMIT,0.084432,1.157
5343,40000.0,0.02,greedy,ZYZZYVA,4.0,0.5,0.1683,1,1,1,FINALIZED_WITHIN_C2_LIMIT,0.45969,1.154
5344,40000.0,0.02,greedy,ZYZZYVA,4.0,0.5,0.1421,1,1,1,FINALIZED_WITHIN_C2_LIMIT,0.680813,1.241
5345,40000.0,0.02,greedy,ZYZZYVA,4.0,0.5,0.1459,1,1,1,FINALIZED_WITHIN_C2_LIMIT,0.544453,1.226
5346,40000.0,0.02,greedy,ZYZZYVA,4.0,0.5,0.1459,1,1,1,FINALIZED_WITHIN_C2_LIMIT,0.153929,1.233
5347,40000.0,0.02,greedy,ZYZZYVA,4.0,0.5,0.1683,1,1,1,FINALIZED_WITHIN_C2_LIMIT,0.133145,1.279
5348,40000.0,0.02,greedy,ZYZZYVA,4.0,0.5,0.1683,1,1,1,FINALIZED_WITHIN_C2_LIMIT,0.694775,1.178
5349,40000.0,0.02,greedy,ZYZZYVA,4.0,0.5,0.1683,1,1,1,FINALIZED_WITHIN_C2_LIMIT,0.414038,1.175
5350,40000.0,0.02,greedy,ZYZZYVA,4.0,0.5,0.1683,1,1,1,FINALIZED_WITHIN_C2_LIMIT,0.196988,1.189
5351,40000.0,0.02,greedy,ZYZZYVA,4.0,0.5,0.1421,1,1,1,FINALIZED_WITHIN_C2_LIMIT,0.133788,1.217
5352,40000.0,0.02,greedy,ZYZZYVA,4.0,0.5,0.1683,1,1,1,FINALIZED_WITHIN_C2_LIMIT,0.368981,1.354
5353,40000.0,0.02,greedy,ZYZZYVA,4.0,0.5,0.1683,1,1,1,FINALIZED_WITHIN_C2_LIMIT,0.280519,1.294
5354,40000.0,0.02,greedy,ZYZZYVA,4.0,0.5,0.1683,1,1,1,FINALIZED_WITHIN_C2_LIMIT,0.024556,1.169
5355,40000.0,0.02,greedy,ZYZZYVA,4.0,0.5,0.1683,1,1,1,FINALIZED_WITHIN_C2_LIMIT,0.326232,1.202
5356,40000.0,0.02,greedy,ZYZZYVA,4.0,0.5,0.1683,1,1,1,FINALIZED_WITHIN_C2_LIMIT,0.745304,1.239
5357,40000.0,0.02,greedy,ZYZZYVA,4.0,0.5,0.1683,1,1,1,FINALIZED_WITHIN_C2_LIMIT,0.681669,1.275
5358,40000.0,0.02,greedy,ZYZZYVA,4.0,0.5,0.1683,1,1,1,FINALIZED_WITHIN_C2_LIMIT,0.596883,1.235
5359,40000.0,0.02,greedy,ZYZZYVA,4.0,0.5,0.1683,1,1,1,FINALIZED_WITHIN_C2_LIMIT,0.07029,1.288
5360,40000.0,0.02,greedy,ZYZZYVA,4.0,0.5,0.1683,1,1,1,FINALIZED_WITHIN_C2_LIMIT,0.269623,1.375
5361,40000.0,0.02,greedy,ZYZZYVA,4.0,0.5,0.1683,1,1,1,FINALIZED_WITHIN_C2_LIMIT,0.159414,1.202
5362,40000.0,0.02,greedy,ZYZZYVA,4.0,0.5,0.1683,1,1,1,FINALIZED_WITHIN_C2_LIMIT,0.021989,1.193
5363,40000.0,0.02,greedy,ZYZZYVA,4.0,0.5,0.1683,1,1,1,FINALIZED_WITHIN_C2_LIMIT,0.068472,1.45
5364,40000.0,0.02,greedy,ZYZZYVA,4.0,0.5,0.1683,1,1,1,FINALIZED_WITHIN_C2_LIMIT,0.025141,1.263
5365,40000.0,0.02,greedy,ZYZZYVA,4.0,0.5,0.1683,1,1,1,FINALIZED_WITHIN_C2_LIMIT,0.017545,1.463
5366,40000.0,0.02,greedy,ZYZZYVA,4.0,0.5,0.1683,1,1,1,FINALIZED_WITHIN_C2_LIMIT,0.055986,1.331
5367,40000.0,0.02,greedy,ZYZZYVA,4.0,0.5,0.1683,1,1,1,FINALIZED_WITHIN_C2_LIMIT,0.031987,1.554
5368,40000.0,0.02,greedy,ZYZZYVA,4.0,0.5,0.1683,1,1,1,FINALIZED_WITHIN_C2_LIMIT,0.151909,1.416
5369,40000.0,0.02,greedy,ZYZZYVA,4.0,0.5,0.1683,1,1,1,FINALIZED_WITHIN_C2_LIMIT,0.185885,1.219
5370,40000.0,0.02,greedy,ZYZZYVA,4.0,0.5,0.1683,1,1,1,FINALIZED_WITHIN_C2_LIMIT,0.066309,1.217
5371,40000.0,0.02,greedy,ZYZZYVA,4.0,0.5,0.1459,1,1,1,FINALIZED_WITHIN_C2_LIMIT,0.154313,1.338
5372,40000.0,0.02,greedy,ZYZZYVA,4.0,0.5,0.1459,1,1,1,FINALIZED_WITHIN_C2_LIMIT,0.295094,1.403
5373,40000.0,0.02,greedy,ZYZZYVA,4.0,0.5,0.1459,1,1,1,FINALIZED_WITHIN_C2_LIMIT,0.140886,1.289
5374,40000.0,0.02,greedy,ZYZZYVA,4.0,0.5,0.1683,1,1,1,FINALIZED_WITHIN_C2_LIMIT,0.118789,1.286
5375,40000.0,0.02,greedy,ZYZZYVA,4.0,0.5,0.1459,1,1,1,FINALIZED_WITHIN_C2_LIMIT,0.033021,1.233
5376,40000.0,0.02,greedy,ZYZZYVA,4.0,0.5,0.1459,1,1,1,FINALIZED_WITHIN_C2_LIMIT,0.026732,1.257
5377,40000.0,0.02,greedy,ZYZZYVA,4.0,0.5,0.1459,1,1,1,FINALIZED_WITHIN_C2_LIMIT,0.114751,1.19
5378,40000.0,0.02,greedy,ZYZZYVA,4.0,0.5,0.1459,1,1,1,FINALIZED_WITHIN_C2_LIMIT,0.056481,1.223
5379,40000.0,0.02,greedy,ZYZZYVA,4.0,0.5,0.1459,1,1,1,FINALIZED_WITHIN_C2_LIMIT,0.081402,1.356
5380,40000.0,0.02,greedy,ZYZZYVA,4.0,0.5,0.1347,1,1,1,FINALIZED_WITHIN_C2_LIMIT,0.139353,1.261
5381,40000.0,0.02,greedy,ZYZZYVA,4.0,0.5,0.1459,1,1,1,FINALIZED_WITHIN_C2_LIMIT,0.166548,1.229
5382,40000.0,0.02,greedy,ZYZZYVA,4.0,0.5,0.1347,1,1,1,FINALIZED_WITHIN_C2_LIMIT,0.039288,1.333
5383,40000.0,0.02,greedy,ZYZZYVA,4.0,0.5,0.1001,1,1,1,FINALIZED_WITHIN_C2_LIMIT,0.234805,1.376
5384,40000.0,0.02,greedy,ZYZZYVA,4.0,0.5,0.1001,1,1,1,FINALIZED_WITHIN_C2_LIMIT,0.452029,1.296
5385,40000.0,0.02,greedy,ZYZZYVA,4.0,0.5,0.1293,1,1,1,FINALIZED_WITHIN_C2_LIMIT,0.218201,1.23
5386,40000.0,0.02,greedy,ZYZZYVA,4.0,0.5,0.1459,1,1,1,FINALIZED_WITHIN_C2_LIMIT,0.097288,1.287
5387,40000.0,0.02,greedy,ZYZZYVA,4.0,0.5,0.1459,1,1,1,FINALIZED_WITHIN_C2_LIMIT,0.122238,1.265
5388,40000.0,0.02,greedy,ZYZZYVA,4.0,0.5,0.1459,1,1,1,FINALIZED_WITHIN_C2_LIMIT,0.032356,1.356
5389,40000.0,0.02,greedy,ZYZZYVA,4.0,0.5,0.1459,1,1,1,FINALIZED_WITHIN_C2_LIMIT,0.073181,1.323
5390,40000.0,0.02,greedy,ZYZZYVA,4.0,0.5,0.1459,1,1,1,FINALIZED_WITHIN_C2_LIMIT,0.159974,1.238
5391,40000.0,0.02,greedy,ZYZZYVA,4.0,0.5,0.1459,1,1,1,FINALIZED_WITHIN_C2_LIMIT,0.017045,1.365
5392,40000.0,0.02,greedy,ZYZZYVA,4.0,0.5,0.1459,1,1,1,FINALIZED_WITHIN_C2_LIMIT,0.221751,1.172
5393,40000.0,0.02,greedy,ZYZZYVA,4.0,0.5,0.1459,1,1,1,FINALIZED_WITHIN_C2_LIMIT,0.25788,1.106
5394,40000.0,0.02,greedy,ZYZZYVA,4.0,0.5,0.1459,1,1,1,FINALIZED_WITHIN_C2_LIMIT,0.208098,1.118
5395,5000.0,0.02,explore,LIU_QUORUM,4.0,4.0,0.0689,1,1,1,FINALIZED_WITHIN_C2_LIMIT,0.168246,1.216
5396,40000.0,0.02,greedy,ZYZZYVA,4.0,0.5,0.1421,1,1,1,FINALIZED_WITHIN_C2_LIMIT,0.36743,1.156
5397,40000.0,0.02,greedy,ZYZZYVA,4.0,0.5,0.1421,1,1,1,FINALIZED_WITHIN_C2_LIMIT,0.185479,1.272
5398,40000.0,0.02,greedy,ZYZZYVA,4.0,0.5,0.1459,1,1,1,FINALIZED_WITHIN_C2_LIMIT,0.08992,1.32
5399,40000.0,0.02,greedy,ZYZZYVA,4.0,0.5,0.1459,1,1,1,FINALIZED_WITHIN_C2_LIMIT,0.029324,1.274
5400,40000.0,0.02,greedy,ZYZZYVA,4.0,0.5,0.1459,1,1,1,FINALIZED_WITHIN_C2_LIMIT,0.201935,1.392
5401,40000.0,0.02,greedy,ZYZZYVA,4.0,0.5,0.1347,1,1,1,FINALIZED_WITHIN_C2_LIMIT,0.233988,1.388
5402,40000.0,0.02,greedy,ZYZZYVA,4.0,0.5,0.1459,1,1,1,FINALIZED_WITHIN_C2_LIMIT,0.072936,1.532
5403,40000.0,0.02,greedy,ZYZZYVA,4.0,0.5,0.1347,1,1,1,FINALIZED_WITHIN_C2_LIMIT,0.285314,1.51
5404,40000.0,0.02,greedy,ZYZZYVA,4.0,0.5,0.1162,1,1,1,FINALIZED_WITHIN_C2_LIMIT,0.634167,1.323
5405,40000.0,0.02,greedy,ZYZZYVA,4.0,0.5,0.1347,1,1,1,FINALIZED_WITHIN_C2_LIMIT,0.439124,1.223
5406,40000.0,0.02,greedy,ZYZZYVA,4.0,0.5,0.1347,1,1,1,FINALIZED_WITHIN_C2_LIMIT,0.120847,1.3
5407,40000.0,0.02,greedy,ZYZZYVA,4.0,0.5,0.1459,1,1,1,FINALIZED_WITHIN_C2_LIMIT,0.32974,1.393
5408,40000.0,0.02,greedy,ZYZZYVA,4.0,0.5,0.1459,1,1,1,FINALIZED_WITHIN_C2_LIMIT,0.740685,1.359
5409,40000.0,0.02,greedy,ZYZZYVA,4.0,0.5,0.1459,1,1,1,FINALIZED_WITHIN_C2_LIMIT,0.714822,1.209
5410,40000.0,0.02,greedy,ZYZZYVA,4.0,0.5,0.1459,1,1,1,FINALIZED_WITHIN_C2_LIMIT,0.306008,1.271
5411,40000.0,0.02,greedy,ZYZZYVA,4.0,0.5,0.1459,1,1,1,FINALIZED_WITHIN_C2_LIMIT,0.031578,1.158
5412,40000.0,0.02,greedy,ZYZZYVA,4.0,0.5,0.1421,1,1,1,FINALIZED_WITHIN_C2_LIMIT,0.163405,1.255
5413,40000.0,0.02,greedy,ZYZZYVA,4.0,0.5,0.1421,1,1,1,FINALIZED_WITHIN_C2_LIMIT,0.197418,1.318
5414,40000.0,0.02,greedy,ZYZZYVA,4.0,0.5,0.1459,1,1,1,FINALIZED_WITHIN_C2_LIMIT,0.053233,1.278
5415,40000.0,0.02,greedy,ZYZZYVA,4.0,0.5,0.1459,1,1,1,FINALIZED_WITHIN_C2_LIMIT,0.171617,1.283
5416,40000.0,0.02,greedy,ZYZZYVA,4.0,0.5,0.1421,1,1,1,FINALIZED_WITHIN_C2_LIMIT,0.019712,1.234
5417,40000.0,0.02,greedy,ZYZZYVA,4.0,0.5,0.1421,1,1,1,FINALIZED_WITHIN_C2_LIMIT,0.036552,1.172
5418,40000.0,0.02,greedy,ZYZZYVA,4.0,0.5,0.1421,1,1,1,FINALIZED_WITHIN_C2_LIMIT,0.017552,1.191
5419,40000.0,0.02,greedy,ZYZZYVA,4.0,0.5,0.1421,1,1,1,FINALIZED_WITHIN_C2_LIMIT,0.175056,1.213
5420,40000.0,0.02,greedy,ZYZZYVA,4.0,0.5,0.1421,1,1,1,FINALIZED_WITHIN_C2_LIMIT,0.052101,1.363
5421,40000.0,0.02,greedy,ZYZZYVA,4.0,0.5,0.1459,1,1,1,FINALIZED_WITHIN_C2_LIMIT,0.038403,1.144
5422,40000.0,0.02,greedy,ZYZZYVA,4.0,0.5,0.1459,1,1,1,FINALIZED_WITHIN_C2_LIMIT,0.055131,1.243
5423,40000.0,0.02,greedy,ZYZZYVA,4.0,0.5,0.13,1,1,1,FINALIZED_WITHIN_C2_LIMIT,0.124984,1.259
5424,40000.0,0.02,greedy,ZYZZYVA,4.0,0.5,0.1001,1,1,1,FINALIZED_WITHIN_C2_LIMIT,0.208625,1.284
5425,40000.0,0.02,greedy,ZYZZYVA,4.0,0.5,0.0902,1,1,1,FINALIZED_WITHIN_C2_LIMIT,0.273881,1.279
5426,40000.0,0.02,greedy,ZYZZYVA,4.0,0.5,0.1001,1,1,1,FINALIZED_WITHIN_C2_LIMIT,0.080429,1.147
5427,40000.0,0.02,greedy,ZYZZYVA,4.0,0.5,0.1347,1,1,1,FINALIZED_WITHIN_C2_LIMIT,0.121792,1.169
5428,40000.0,0.02,greedy,ZYZZYVA,4.0,0.5,0.1459,1,1,1,FINALIZED_WITHIN_C2_LIMIT,0.239599,1.119
5429,40000.0,0.02,greedy,ZYZZYVA,4.0,0.5,0.1459,1,1,1,FINALIZED_WITHIN_C2_LIMIT,0.119425,1.339
5430,40000.0,0.02,greedy,ZYZZYVA,4.0,0.5,0.1459,1,1,1,FINALIZED_WITHIN_C2_LIMIT,0.037467,1.635
5431,40000.0,0.02,greedy,ZYZZYVA,4.0,0.5,0.1459,1,1,1,FINALIZED_WITHIN_C2_LIMIT,0.08146,1.352
5432,40000.0,0.02,greedy,ZYZZYVA,4.0,0.5,0.1459,1,1,1,FINALIZED_WITHIN_C2_LIMIT,0.02432,1.402
5433,40000.0,0.02,greedy,ZYZZYVA,4.0,0.5,0.1459,1,1,1,FINALIZED_WITHIN_C2_LIMIT,0.053375,1.283
5434,40000.0,0.02,greedy,ZYZZYVA,4.0,0.5,0.1487,1,1,1,FINALIZED_WITHIN_C2_LIMIT,0.112917,1.505
5435,40000.0,0.02,greedy,ZYZZYVA,4.0,0.5,0.1487,1,1,1,FINALIZED_WITHIN_C2_LIMIT,0.233127,1.227
5436,40000.0,0.02,greedy,ZYZZYVA,4.0,0.5,0.1753,1,1,1,FINALIZED_WITHIN_C2_LIMIT,0.184645,1.281
5437,40000.0,0.02,greedy,ZYZZYVA,4.0,0.5,0.1753,1,1,1,FINALIZED_WITHIN_C2_LIMIT,0.07877,1.36
5438,40000.0,0.02,greedy,ZYZZYVA,4.0,0.5,0.1753,1,1,1,FINALIZED_WITHIN_C2_LIMIT,0.380264,1.357
5439,40000.0,0.02,greedy,ZYZZYVA,4.0,0.5,0.1683,1,1,1,FINALIZED_WITHIN_C2_LIMIT,0.52194,1.208
5440,40000.0,0.02,greedy,ZYZZYVA,4.0,0.5,0.1753,1,1,1,FINALIZED_WITHIN_C2_LIMIT,0.484836,1.384
5441,40000.0,0.02,greedy,ZYZZYVA,4.0,0.5,0.1683,1,1,1,FINALIZED_WITHIN_C2_LIMIT,0.146399,1.365
5442,40000.0,0.02,greedy,ZYZZYVA,4.0,0.5,0.1683,1,1,1,FINALIZED_WITHIN_C2_LIMIT,0.381079,1.212
5443,40000.0,0.02,greedy,ZYZZYVA,4.0,0.5,0.1683,1,1,1,FINALIZED_WITHIN_C2_LIMIT,0.829535,1.15
5444,40000.0,0.02,greedy,ZYZZYVA,4.0,0.5,0.1683,1,1,1,FINALIZED_WITHIN_C2_LIMIT,0.745195,1.392
5445,40000.0,0.02,greedy,ZYZZYVA,4.0,0.5,0.1753,1,1,1,FINALIZED_WITHIN_C2_LIMIT,0.36222,1.661
5446,40000.0,0.02,greedy,ZYZZYVA,4.0,0.5,0.1753,1,1,1,FINALIZED_WITHIN_C2_LIMIT,0.025057,1.489
5447,40000.0,0.02,greedy,ZYZZYVA,4.0,0.5,0.1753,1,1,1,FINALIZED_WITHIN_C2_LIMIT,0.255731,1.36
5448,40000.0,0.02,greedy,ZYZZYVA,4.0,0.5,0.1753,1,1,1,FINALIZED_WITHIN_C2_LIMIT,0.232071,1.416
5449,40000.0,0.02,greedy,ZYZZYVA,4.0,0.5,0.1753,1,1,1,FINALIZED_WITHIN_C2_LIMIT,0.05773,1.481
5450,40000.0,0.02,greedy,ZYZZYVA,4.0,0.5,0.1753,1,1,1,FINALIZED_WITHIN_C2_LIMIT,0.086615,1.376
5451,40000.0,0.02,greedy,ZYZZYVA,4.0,0.5,0.1459,1,1,1,FINALIZED_WITHIN_C2_LIMIT,0.018878,1.698
5452,40000.0,0.02,greedy,ZYZZYVA,4.0,0.5,0.1487,1,1,1,FINALIZED_WITHIN_C2_LIMIT,0.055787,1.361
5453,40000.0,0.02,greedy,ZYZZYVA,4.0,0.5,0.1459,1,1,1,FINALIZED_WITHIN_C2_LIMIT,0.11097,1.305
5454,40000.0,0.02,greedy,ZYZZYVA,4.0,0.5,0.1347,1,1,1,FINALIZED_WITHIN_C2_LIMIT,0.183815,1.227
5455,40000.0,0.02,greedy,ZYZZYVA,4.0,0.5,0.1347,1,1,1,FINALIZED_WITHIN_C2_LIMIT,0.2155,1.236
5456,40000.0,0.02,greedy,ZYZZYVA,4.0,0.5,0.1163,1,1,1,FINALIZED_WITHIN_C2_LIMIT,0.070824,1.188
5457,40000.0,0.02,greedy,ZYZZYVA,4.0,0.5,0.0976,1,1,1,FINALIZED_WITHIN_C2_LIMIT,0.083038,1.239
5458,40000.0,0.02,greedy,ZYZZYVA,4.0,0.5,0.0976,1,1,1,FINALIZED_WITHIN_C2_LIMIT,0.022054,1.149
5459,40000.0,0.02,greedy,ZYZZYVA,4.0,0.5,0.1163,1,1,1,FINALIZED_WITHIN_C2_LIMIT,0.131128,1.266
5460,40000.0,0.02,greedy,ZYZZYVA,4.0,0.5,0.1163,1,1,1,FINALIZED_WITHIN_C2_LIMIT,0.248244,1.247
5461,40000.0,0.02,greedy,ZYZZYVA,4.0,0.5,0.1163,1,1,1,FINALIZED_WITHIN_C2_LIMIT,0.025355,1.241
5462,40000.0,0.02,greedy,ZYZZYVA,4.0,0.5,0.1163,1,1,1,FINALIZED_WITHIN_C2_LIMIT,0.091098,1.19
5463,40000.0,0.02,greedy,ZYZZYVA,4.0,0.5,0.1163,1,1,1,FINALIZED_WITHIN_C2_LIMIT,0.092055,1.206
5464,10000.0,0.02,explore,ZYZZYVA,4.0,2.0,0.1416,1,1,1,FINALIZED_WITHIN_C2_LIMIT,0.067702,1.197
5465,40000.0,0.02,greedy,ZYZZYVA,4.0,0.5,0.1163,1,1,1,FINALIZED_WITHIN_C2_LIMIT,0.156493,1.14
5466,40000.0,0.02,greedy,ZYZZYVA,4.0,0.5,0.1255,1,1,1,FINALIZED_WITHIN_C2_LIMIT,0.051217,1.224
5467,40000.0,0.02,greedy,ZYZZYVA,4.0,0.5,0.1255,1,1,1,FINALIZED_WITHIN_C2_LIMIT,0.071688,1.161
5468,5000.0,0.02,explore,LIU_QUORUM,4.0,4.0,0.0739,1,1,1,FINALIZED_WITHIN_C2_LIMIT,0.113873,1.244
5469,40000.0,0.02,greedy,ZYZZYVA,4.0,0.5,0.1332,1,1,1,FINALIZED_WITHIN_C2_LIMIT,0.151685,1.16
5470,40000.0,0.02,greedy,ZYZZYVA,4.0,0.5,0.1332,1,1,1,FINALIZED_WITHIN_C2_LIMIT,0.108043,1.256
5471,40000.0,0.02,greedy,ZYZZYVA,4.0,0.5,0.1255,1,1,1,FINALIZED_WITHIN_C2_LIMIT,0.024117,1.207
5472,40000.0,0.02,greedy,ZYZZYVA,4.0,0.5,0.1255,1,1,1,FINALIZED_WITHIN_C2_LIMIT,0.09417,1.163
5473,2857.143,0.02,explore,ZYZZYVA,4.0,7.0,0.0362,1,1,1,FINALIZED_WITHIN_C2_LIMIT,0.059509,1.23
5474,40000.0,0.02,greedy,ZYZZYVA,4.0,0.5,0.1163,1,1,1,FINALIZED_WITHIN_C2_LIMIT,0.036878,1.414
5475,40000.0,0.02,greedy,ZYZZYVA,4.0,0.5,0.1163,1,1,1,FINALIZED_WITHIN_C2_LIMIT,0.089806,1.247
5476,40000.0,0.02,greedy,ZYZZYVA,4.0,0.5,0.1163,1,1,1,FINALIZED_WITHIN_C2_LIMIT,0.157032,1.314
5477,40000.0,0.02,greedy,ZYZZYVA,4.0,0.5,0.1163,1,1,1,FINALIZED_WITHIN_C2_LIMIT,0.125022,1.222
5478,40000.0,0.02,greedy,ZYZZYVA,4.0,0.5,0.1092,1,1,1,FINALIZED_WITHIN_C2_LIMIT,0.050692,1.313
5479,40000.0,0.02,greedy,ZYZZYVA,4.0,0.5,0.0976,1,1,1,FINALIZED_WITHIN_C2_LIMIT,0.048376,1.218
5480,40000.0,0.02,greedy,ZYZZYVA,4.0,0.5,0.0823,1,1,1,FINALIZED_WITHIN_C2_LIMIT,0.107682,1.212
5481,40000.0,0.02,greedy,ZYZZYVA,4.0,0.5,0.0823,1,1,1,FINALIZED_WITHIN_C2_LIMIT,0.050677,1.334
5482,40000.0,0.02,greedy,ZYZZYVA,4.0,0.5,0.0823,1,1,1,FINALIZED_WITHIN_C2_LIMIT,0.086749,1.376
5483,40000.0,0.02,greedy,ZYZZYVA,4.0,0.5,0.0817,1,1,1,FINALIZED_WITHIN_C2_LIMIT,0.215068,1.383
5484,40000.0,0.02,greedy,ZYZZYVA,4.0,0.5,0.0817,1,1,1,FINALIZED_WITHIN_C2_LIMIT,0.341096,1.422
5485,40000.0,0.02,greedy,ZYZZYVA,4.0,0.5,0.0823,1,1,1,FINALIZED_WITHIN_C2_LIMIT,0.081662,1.32
5486,40000.0,0.02,greedy,ZYZZYVA,4.0,0.5,0.0895,1,1,1,FINALIZED_WITHIN_C2_LIMIT,0.2353,1.455
5487,40000.0,0.02,greedy,ZYZZYVA,4.0,0.5,0.1059,1,1,1,FINALIZED_WITHIN_C2_LIMIT,0.461124,1.373
5488,40000.0,0.02,greedy,ZYZZYVA,4.0,0.5,0.0997,1,1,1,FINALIZED_WITHIN_C2_LIMIT,0.205488,1.338
5489,40000.0,0.02,greedy,ZYZZYVA,4.0,0.5,0.0997,1,1,1,FINALIZED_WITHIN_C2_LIMIT,0.061892,1.346
5490,40000.0,0.02,greedy,ZYZZYVA,4.0,0.5,0.0906,1,1,1,FINALIZED_WITHIN_C2_LIMIT,0.288357,1.339
5491,40000.0,0.02,greedy,ZYZZYVA,4.0,0.5,0.0906,1,1,1,FINALIZED_WITHIN_C2_LIMIT,0.415719,1.44
5492,40000.0,0.02,greedy,ZYZZYVA,4.0,0.5,0.0997,1,1,1,FINALIZED_WITHIN_C2_LIMIT,0.183741,1.398
5493,40000.0,0.02,greedy,ZYZZYVA,4.0,0.5,0.1347,1,1,1,FINALIZED_WITHIN_C2_LIMIT,0.216108,1.24
5494,40000.0,0.02,greedy,ZYZZYVA,4.0,0.5,0.1347,1,1,1,FINALIZED_WITHIN_C2_LIMIT,0.140825,1.327
5495,40000.0,0.02,greedy,ZYZZYVA,4.0,0.5,0.1459,1,1,1,FINALIZED_WITHIN_C2_LIMIT,0.11605,1.343
5496,3333.333,0.02,explore,PBFT,4.0,6.0,0.1723,1,1,1,FINALIZED_WITHIN_C2_LIMIT,0.098611,1.258
5497,40000.0,0.02,greedy,ZYZZYVA,4.0,0.5,0.1459,1,1,1,FINALIZED_WITHIN_C2_LIMIT,0.175846,1.212
5498,40000.0,0.02,greedy,ZYZZYVA,4.0,0.5,0.1459,1,1,1,FINALIZED_WITHIN_C2_LIMIT,0.038054,1.179
5499,40000.0,0.02,greedy,ZYZZYVA,4.0,0.5,0.1683,1,1,1,FINALIZED_WITHIN_C2_LIMIT,0.083986,1.283
5500,40000.0,0.02,greedy,ZYZZYVA,4.0,0.5,0.1683,1,1,1,FINALIZED_WITHIN_C2_LIMIT,0.621148,1.119
5501,40000.0,0.02,greedy,ZYZZYVA,4.0,0.5,0.1683,1,1,1,FINALIZED_WITHIN_C2_LIMIT,1.321703,1.192
5502,40000.0,0.02,greedy,ZYZZYVA,4.0,0.5,0.1683,1,1,1,FINALIZED_WITHIN_C2_LIMIT,1.532479,1.182
5503,40000.0,0.02,greedy,ZYZZYVA,4.0,0.5,0.1683,1,1,1,FINALIZED_WITHIN_C2_LIMIT,0.944889,1.27
5504,40000.0,0.02,greedy,ZYZZYVA,4.0,0.5,0.1683,1,1,1,FINALIZED_WITHIN_C2_LIMIT,0.092556,1.139
5505,40000.0,0.02,greedy,ZYZZYVA,4.0,0.5,0.1683,1,1,1,FINALIZED_WITHIN_C2_LIMIT,0.323256,1.265
5506,40000.0,0.02,greedy,ZYZZYVA,4.0,0.5,0.1683,1,1,1,FINALIZED_WITHIN_C2_LIMIT,0.994508,1.159
5507,40000.0,0.02,greedy,ZYZZYVA,4.0,0.5,0.1683,1,1,1,FINALIZED_WITHIN_C2_LIMIT,1.156257,1.179
5508,40000.0,0.02,greedy,ZYZZYVA,4.0,0.5,0.1683,1,1,1,FINALIZED_WITHIN_C2_LIMIT,0.667919,1.116
5509,40000.0,0.02,greedy,ZYZZYVA,4.0,0.5,0.1683,1,1,1,FINALIZED_WITHIN_C2_LIMIT,0.221921,1.107
5510,40000.0,0.02,greedy,ZYZZYVA,4.0,0.5,0.1683,1,1,1,FINALIZED_WITHIN_C2_LIMIT,0.488726,1.259
5511,2352.941,0.02,explore,LIU_QUORUM,4.0,8.5,0.0282,1,1,1,FINALIZED_WITHIN_C2_LIMIT,0.93117,1.269
5512,40000.0,0.02,greedy,ZYZZYVA,4.0,0.5,0.1683,1,1,1,FINALIZED_WITHIN_C2_LIMIT,1.037326,1.112
5513,40000.0,0.02,greedy,ZYZZYVA,4.0,0.5,0.1683,1,1,1,FINALIZED_WITHIN_C2_LIMIT,0.558459,1.072
5514,40000.0,0.02,greedy,ZYZZYVA,4.0,0.5,0.1683,1,1,1,FINALIZED_WITHIN_C2_LIMIT,0.050421,1.16
5515,40000.0,0.02,greedy,ZYZZYVA,4.0,0.5,0.1683,1,1,1,FINALIZED_WITHIN_C2_LIMIT,0.414576,1.184
5516,40000.0,0.02,greedy,ZYZZYVA,4.0,0.5,0.1683,1,1,1,FINALIZED_WITHIN_C2_LIMIT,1.030964,1.123
5517,40000.0,0.02,greedy,ZYZZYVA,4.0,0.5,0.1683,1,1,1,FINALIZED_WITHIN_C2_LIMIT,1.107877,1.202
5518,40000.0,0.02,greedy,ZYZZYVA,4.0,0.5,0.1683,1,1,1,FINALIZED_WITHIN_C2_LIMIT,0.588263,1.157
5519,40000.0,0.02,greedy,ZYZZYVA,4.0,0.5,0.1683,1,1,1,FINALIZED_WITHIN_C2_LIMIT,0.029828,1.19
5520,40000.0,0.02,greedy,ZYZZYVA,4.0,0.5,0.1753,1,1,1,FINALIZED_WITHIN_C2_LIMIT,0.718557,1.129
5521,40000.0,0.02,greedy,ZYZZYVA,4.0,0.5,0.1759,1,1,1,FINALIZED_WITHIN_C2_LIMIT,1.818298,1.108
5522,40000.0,0.02,greedy,ZYZZYVA,4.0,0.5,0.1842,1,1,1,FINALIZED_WITHIN_C2_LIMIT,1.642399,1.187
5523,0.0,0.02,greedy,ZYZZYVA,4.0,0.5,0.2369,0,1,1,FINALIZED_WITHIN_C2_LIMIT,1.178353,1.244
5524,0.0,0.02,greedy,ZYZZYVA,4.0,0.5,0.2369,0,1,1,FINALIZED_WITHIN_C2_LIMIT,0.160164,1.314
5525,0.0,0.02,greedy,ZYZZYVA,4.0,0.5,0.2369,0,1,1,FINALIZED_WITHIN_C2_LIMIT,0.527679,1.274
5526,0.0,0.02,greedy,ZYZZYVA,4.0,0.5,0.2369,0,1,1,FINALIZED_WITHIN_C2_LIMIT,1.418876,1.365
5527,0.0,0.02,greedy,ZYZZYVA,4.0,0.5,0.2369,0,1,1,FINALIZED_WITHIN_C2_LIMIT,1.672185,1.311
5528,0.0,0.02,greedy,ZYZZYVA,4.0,0.5,0.2369,0,1,1,FINALIZED_WITHIN_C2_LIMIT,0.958867,1.259
5529,0.0,0.02,greedy,ZYZZYVA,4.0,0.5,0.2369,0,1,1,FINALIZED_WITHIN_C2_LIMIT,0.247863,1.327
5530,0.0,0.02,greedy,ZYZZYVA,4.0,0.5,0.2163,0,1,1,FINALIZED_WITHIN_C2_LIMIT,0.257579,1.244
5531,0.0,0.02,greedy,ZYZZYVA,4.0,0.5,0.2163,0,1,1,FINALIZED_WITHIN_C2_LIMIT,0.995412,1.371
5532,0.0,0.02,greedy,ZYZZYVA,4.0,0.5,0.2163,0,1,1,FINALIZED_WITHIN_C2_LIMIT,1.388292,1.188
5533,0.0,0.02,greedy,ZYZZYVA,4.0,0.5,0.2163,0,1,1,FINALIZED_WITHIN_C2_LIMIT,0.59077,1.277
5534,0.0,0.02,greedy,ZYZZYVA,4.0,0.5,0.2154,0,1,1,FINALIZED_WITHIN_C2_LIMIT,0.144589,1.334
5535,0.0,0.02,greedy,ZYZZYVA,4.0,0.5,0.2163,0,1,1,FINALIZED_WITHIN_C2_LIMIT,0.540597,1.253
5536,0.0,0.02,greedy,ZYZZYVA,4.0,0.5,0.2163,0,1,1,FINALIZED_WITHIN_C2_LIMIT,1.392628,1.317
5537,0.0,0.02,greedy,ZYZZYVA,4.0,0.5,0.2163,0,1,1,FINALIZED_WITHIN_C2_LIMIT,1.391602,1.27
5538,0.0,0.02,greedy,ZYZZYVA,4.0,0.5,0.2154,0,1,1,FINALIZED_WITHIN_C2_LIMIT,0.84003,1.144
5539,0.0,0.02,greedy,ZYZZYVA,4.0,0.5,0.2369,0,1,1,FINALIZED_WITHIN_C2_LIMIT,0.111512,1.173
5540,40000.0,0.02,greedy,ZYZZYVA,4.0,0.5,0.1842,1,1,1,FINALIZED_WITHIN_C2_LIMIT,0.664336,1.144
5541,40000.0,0.02,greedy,ZYZZYVA,4.0,0.5,0.1753,1,1,1,FINALIZED_WITHIN_C2_LIMIT,0.996314,1.112
5542,40000.0,0.02,greedy,ZYZZYVA,4.0,0.5,0.1683,1,1,1,FINALIZED_WITHIN_C2_LIMIT,1.576072,1.075
5543,40000.0,0.02,greedy,ZYZZYVA,4.0,0.5,0.1683,1,1,1,FINALIZED_WITHIN_C2_LIMIT,0.632331,1.198
5544,40000.0,0.02,greedy,ZYZZYVA,4.0,0.5,0.1683,1,1,1,FINALIZED_WITHIN_C2_LIMIT,0.117588,1.242
5545,40000.0,0.02,greedy,ZYZZYVA,4.0,0.5,0.1683,1,1,1,FINALIZED_WITHIN_C2_LIMIT,0.511453,1.186
5546,40000.0,0.02,greedy,ZYZZYVA,4.0,0.5,0.1683,1,1,1,FINALIZED_WITHIN_C2_LIMIT,1.242683,1.326
5547,40000.0,0.02,greedy,ZYZZYVA,4.0,0.5,0.1459,1,1,1,FINALIZED_WITHIN_C2_LIMIT,1.226981,1.423
5548,40000.0,0.02,greedy,ZYZZYVA,4.0,0.5,0.1459,1,1,1,FINALIZED_WITHIN_C2_LIMIT,0.780918,1.301
5549,40000.0,0.02,greedy,ZYZZYVA,4.0,0.5,0.1374,1,1,1,FINALIZED_WITHIN_C2_LIMIT,0.151105,1.225
5550,40000.0,0.02,greedy,ZYZZYVA,4.0,0.5,0.1675,1,1,1,FINALIZED_WITHIN_C2_LIMIT,0.334401,1.253
5551,40000.0,0.02,greedy,ZYZZYVA,4.0,0.5,0.1374,1,1,1,FINALIZED_WITHIN_C2_LIMIT,1.30083,1.275
5552,40000.0,0.02,greedy,ZYZZYVA,4.0,0.5,0.1459,1,1,1,FINALIZED_WITHIN_C2_LIMIT,1.254725,1.416
5553,40000.0,0.02,greedy,ZYZZYVA,4.0,0.5,0.1459,1,1,1,FINALIZED_WITHIN_C2_LIMIT,0.464748,1.349
5554,40000.0,0.02,greedy,ZYZZYVA,4.0,0.5,0.1459,1,1,1,FINALIZED_WITHIN_C2_LIMIT,0.157747,1.358
5555,40000.0,0.02,greedy,ZYZZYVA,4.0,0.5,0.1459,1,1,1,FINALIZED_WITHIN_C2_LIMIT,0.484046,1.326
5556,40000.0,0.02,greedy,ZYZZYVA,4.0,0.5,0.1459,1,1,1,FINALIZED_WITHIN_C2_LIMIT,1.395855,1.286
5557,40000.0,0.02,greedy,ZYZZYVA,4.0,0.5,0.1459,1,1,1,FINALIZED_WITHIN_C2_LIMIT,1.341193,1.195
5558,40000.0,0.02,greedy,ZYZZYVA,4.0,0.5,0.1459,1,1,1,FINALIZED_WITHIN_C2_LIMIT,0.808228,1.436
5559,40000.0,0.02,greedy,ZYZZYVA,4.0,0.5,0.1459,1,1,1,FINALIZED_WITHIN_C2_LIMIT,0.138172,1.277
5560,40000.0,0.02,greedy,ZYZZYVA,4.0,0.5,0.1459,1,1,1,FINALIZED_WITHIN_C2_LIMIT,0.352246,1.277
5561,40000.0,0.02,greedy,ZYZZYVA,4.0,0.5,0.1683,1,1,1,FINALIZED_WITHIN_C2_LIMIT,1.042349,1.277
5562,40000.0,0.02,greedy,ZYZZYVA,4.0,0.5,0.1683,1,1,1,FINALIZED_WITHIN_C2_LIMIT,1.016558,1.392
5563,40000.0,0.02,greedy,ZYZZYVA,4.0,0.5,0.1683,1,1,1,FINALIZED_WITHIN_C2_LIMIT,0.745093,1.498
5564,40000.0,0.02,greedy,ZYZZYVA,4.0,0.5,0.1683,1,1,1,FINALIZED_WITHIN_C2_LIMIT,0.155262,1.397
5565,40000.0,0.02,greedy,ZYZZYVA,4.0,0.5,0.1683,1,1,1,FINALIZED_WITHIN_C2_LIMIT,0.520473,1.485
5566,40000.0,0.02,greedy,ZYZZYVA,4.0,0.5,0.1683,1,1,1,FINALIZED_WITHIN_C2_LIMIT,1.000613,1.332
5567,40000.0,0.02,greedy,ZYZZYVA,4.0,0.5,0.1683,1,1,1,FINALIZED_WITHIN_C2_LIMIT,1.055959,1.227
5568,40000.0,0.02,greedy,ZYZZYVA,4.0,0.5,0.1683,1,1,1,FINALIZED_WITHIN_C2_LIMIT,0.624359,1.482
5569,40000.0,0.02,greedy,ZYZZYVA,4.0,0.5,0.1683,1,1,1,FINALIZED_WITHIN_C2_LIMIT,0.066918,1.367
5570,40000.0,0.02,greedy,ZYZZYVA,4.0,0.5,0.1683,1,1,1,FINALIZED_WITHIN_C2_LIMIT,0.344958,1.336
5571,40000.0,0.02,greedy,ZYZZYVA,4.0,0.5,0.1683,1,1,1,FINALIZED_WITHIN_C2_LIMIT,1.072319,1.221
5572,40000.0,0.02,greedy,ZYZZYVA,4.0,0.5,0.1683,1,1,1,FINALIZED_WITHIN_C2_LIMIT,1.295058,1.288
5573,40000.0,0.02,greedy,ZYZZYVA,4.0,0.5,0.1683,1,1,1,FINALIZED_WITHIN_C2_LIMIT,0.745142,1.173
5574,40000.0,0.02,greedy,ZYZZYVA,4.0,0.5,0.1683,1,1,1,FINALIZED_WITHIN_C2_LIMIT,0.090441,1.277
5575,5714.286,0.02,explore,PBFT,4.0,3.5,0.0288,1,1,1,FINALIZED_WITHIN_C2_LIMIT,0.260706,1.247
5576,40000.0,0.02,greedy,ZYZZYVA,4.0,0.5,0.1683,1,1,1,FINALIZED_WITHIN_C2_LIMIT,0.824329,1.189
5577,40000.0,0.02,greedy,ZYZZYVA,4.0,0.5,0.1683,1,1,1,FINALIZED_WITHIN_C2_LIMIT,0.868045,1.292
5578,40000.0,0.02,greedy,ZYZZYVA,4.0,0.5,0.1683,1,1,1,FINALIZED_WITHIN_C2_LIMIT,0.499551,1.204
5579,40000.0,0.02,greedy,ZYZZYVA,4.0,0.5,0.1683,1,1,1,FINALIZED_WITHIN_C2_LIMIT,0.16452,1.155
5580,40000.0,0.02,greedy,ZYZZYVA,4.0,0.5,0.1683,1,1,1,FINALIZED_WITHIN_C2_LIMIT,0.707174,1.134
5581,40000.0,0.02,greedy,ZYZZYVA,4.0,0.5,0.1683,1,1,1,FINALIZED_WITHIN_C2_LIMIT,1.368985,1.275
5582,40000.0,0.02,greedy,ZYZZYVA,4.0,0.5,0.1683,1,1,1,FINALIZED_WITHIN_C2_LIMIT,1.368554,1.328
5583,40000.0,0.02,greedy,ZYZZYVA,4.0,0.5,0.1683,1,1,1,FINALIZED_WITHIN_C2_LIMIT,0.870877,1.166
5584,40000.0,0.02,greedy,ZYZZYVA,4.0,0.5,0.1683,1,1,1,FINALIZED_WITHIN_C2_LIMIT,0.193211,1.348
5585,40000.0,0.02,greedy,ZYZZYVA,4.0,0.5,0.1683,1,1,1,FINALIZED_WITHIN_C2_LIMIT,0.194148,1.239
5586,40000.0,0.02,greedy,ZYZZYVA,4.0,0.5,0.1683,1,1,1,FINALIZED_WITHIN_C2_LIMIT,0.549118,1.376
5587,40000.0,0.02,greedy,ZYZZYVA,4.0,0.5,0.1683,1,1,1,FINALIZED_WITHIN_C2_LIMIT,0.709722,1.238
5588,40000.0,0.02,greedy,ZYZZYVA,4.0,0.5,0.1683,1,1,1,FINALIZED_WITHIN_C2_LIMIT,0.325737,1.141
5589,40000.0,0.02,greedy,ZYZZYVA,4.0,0.5,0.1683,1,1,1,FINALIZED_WITHIN_C2_LIMIT,0.012881,1.333
5590,3636.364,0.02,explore,PBFT,4.0,5.5,0.0308,1,1,1,FINALIZED_WITHIN_C2_LIMIT,0.409005,1.438
5591,40000.0,0.02,greedy,ZYZZYVA,4.0,0.5,0.1683,1,1,1,FINALIZED_WITHIN_C2_LIMIT,0.309056,1.282
5592,40000.0,0.02,greedy,ZYZZYVA,4.0,0.5,0.1683,1,1,1,FINALIZED_WITHIN_C2_LIMIT,0.312937,1.688
5593,40000.0,0.02,greedy,ZYZZYVA,4.0,0.5,0.1683,1,1,1,FINALIZED_WITHIN_C2_LIMIT,0.222232,1.28
5594,40000.0,0.02,greedy,ZYZZYVA,4.0,0.5,0.1683,1,1,1,FINALIZED_WITHIN_C2_LIMIT,0.136728,1.429
5595,40000.0,0.02,greedy,ZYZZYVA,4.0,0.5,0.1683,1,1,1,FINALIZED_WITHIN_C2_LIMIT,0.064084,1.17
5596,40000.0,0.02,greedy,ZYZZYVA,4.0,0.5,0.1683,1,1,1,FINALIZED_WITHIN_C2_LIMIT,0.150316,1.206
5597,40000.0,0.02,greedy,ZYZZYVA,4.0,0.5,0.1683,1,1,1,FINALIZED_WITHIN_C2_LIMIT,0.130743,1.176
5598,40000.0,0.02,greedy,ZYZZYVA,4.0,0.5,0.1683,1,1,1,FINALIZED_WITHIN_C2_LIMIT,0.048611,1.255
5599,40000.0,0.02,greedy,ZYZZYVA,4.0,0.5,0.1459,1,1,1,FINALIZED_WITHIN_C2_LIMIT,0.091918,1.34
5600,40000.0,0.02,greedy,ZYZZYVA,4.0,0.5,0.1459,1,1,1,FINALIZED_WITHIN_C2_LIMIT,0.056458,1.335
5601,40000.0,0.02,greedy,ZYZZYVA,4.0,0.5,0.1459,1,1,1,FINALIZED_WITHIN_C2_LIMIT,0.026754,1.354
5602,40000.0,0.02,greedy,ZYZZYVA,4.0,0.5,0.1459,1,1,1,FINALIZED_WITHIN_C2_LIMIT,0.211239,1.246
5603,40000.0,0.02,greedy,ZYZZYVA,4.0,0.5,0.1459,1,1,1,FINALIZED_WITHIN_C2_LIMIT,0.384648,1.161
5604,40000.0,0.02,greedy,ZYZZYVA,4.0,0.5,0.1446,1,1,1,FINALIZED_WITHIN_C2_LIMIT,0.091952,1.155
5605,40000.0,0.02,greedy,ZYZZYVA,4.0,0.5,0.1446,1,1,1,FINALIZED_WITHIN_C2_LIMIT,0.272111,1.177
5606,40000.0,0.02,greedy,ZYZZYVA,4.0,0.5,0.1347,1,1,1,FINALIZED_WITHIN_C2_LIMIT,0.175428,1.178
5607,40000.0,0.02,greedy,ZYZZYVA,4.0,0.5,0.1347,1,1,1,FINALIZED_WITHIN_C2_LIMIT,0.069325,1.071
5608,40000.0,0.02,greedy,ZYZZYVA,4.0,0.5,0.1347,1,1,1,FINALIZED_WITHIN_C2_LIMIT,0.066246,1.186
5609,40000.0,0.02,greedy,ZYZZYVA,4.0,0.5,0.1446,1,1,1,FINALIZED_WITHIN_C2_LIMIT,0.122376,1.292
5610,40000.0,0.02,greedy,ZYZZYVA,4.0,0.5,0.1347,1,1,1,FINALIZED_WITHIN_C2_LIMIT,0.031509,1.202
5611,40000.0,0.02,greedy,ZYZZYVA,4.0,0.5,0.1347,1,1,1,FINALIZED_WITHIN_C2_LIMIT,0.162502,1.277
5612,40000.0,0.02,explore,ZYZZYVA,4.0,0.5,0.0741,1,1,1,FINALIZED_WITHIN_C2_LIMIT,0.314517,1.328
5613,40000.0,0.02,greedy,ZYZZYVA,4.0,0.5,0.1347,1,1,1,FINALIZED_WITHIN_C2_LIMIT,0.212567,1.174
5614,40000.0,0.02,greedy,ZYZZYVA,4.0,0.5,0.1347,1,1,1,FINALIZED_WITHIN_C2_LIMIT,0.024596,1.344
5615,40000.0,0.02,greedy,ZYZZYVA,4.0,0.5,0.1446,1,1,1,FINALIZED_WITHIN_C2_LIMIT,0.228505,1.413
5616,4000.0,0.02,explore,ZYZZYVA,4.0,5.0,0.0809,1,1,1,FINALIZED_WITHIN_C2_LIMIT,0.036293,1.562
5617,40000.0,0.02,greedy,ZYZZYVA,4.0,0.5,0.1347,1,1,1,FINALIZED_WITHIN_C2_LIMIT,0.286027,1.193
5618,40000.0,0.02,greedy,ZYZZYVA,4.0,0.5,0.1347,1,1,1,FINALIZED_WITHIN_C2_LIMIT,0.40147,1.277
5619,40000.0,0.02,greedy,ZYZZYVA,4.0,0.5,0.1347,1,1,1,FINALIZED_WITHIN_C2_LIMIT,0.302886,1.152
5620,40000.0,0.02,greedy,ZYZZYVA,4.0,0.5,0.1459,1,1,1,FINALIZED_WITHIN_C2_LIMIT,0.032082,1.303
5621,40000.0,0.02,greedy,ZYZZYVA,4.0,0.5,0.1459,1,1,1,FINALIZED_WITHIN_C2_LIMIT,0.049621,1.315
5622,40000.0,0.02,greedy,ZYZZYVA,4.0,0.5,0.1459,1,1,1,FINALIZED_WITHIN_C2_LIMIT,0.013221,1.23
5623,3333.333,0.02,explore,ZYZZYVA,4.0,6.0,0.0787,1,1,1,FINALIZED_WITHIN_C2_LIMIT,0.126164,1.364
5624,40000.0,0.02,greedy,ZYZZYVA,4.0,0.5,0.1459,1,1,1,FINALIZED_WITHIN_C2_LIMIT,0.047915,1.271
5625,40000.0,0.02,greedy,ZYZZYVA,4.0,0.5,0.1459,1,1,1,FINALIZED_WITHIN_C2_LIMIT,0.181304,1.294
5626,40000.0,0.02,greedy,ZYZZYVA,4.0,0.5,0.1459,1,1,1,FINALIZED_WITHIN_C2_LIMIT,0.202444,1.476
5627,40000.0,0.02,greedy,ZYZZYVA,4.0,0.5,0.1459,1,1,1,FINALIZED_WITHIN_C2_LIMIT,0.014411,1.142
5628,40000.0,0.02,greedy,ZYZZYVA,4.0,0.5,0.1459,1,1,1,FINALIZED_WITHIN_C2_LIMIT,0.173974,1.338
5629,40000.0,0.02,greedy,ZYZZYVA,4.0,0.5,0.1459,1,1,1,FINALIZED_WITHIN_C2_LIMIT,0.228526,1.238
5630,40000.0,0.02,greedy,ZYZZYVA,4.0,0.5,0.1459,1,1,1,FINALIZED_WITHIN_C2_LIMIT,0.125058,1.305
5631,40000.0,0.02,greedy,ZYZZYVA,4.0,0.5,0.1459,1,1,1,FINALIZED_WITHIN_C2_LIMIT,0.111926,1.415
5632,40000.0,0.02,greedy,ZYZZYVA,4.0,0.5,0.1459,1,1,1,FINALIZED_WITHIN_C2_LIMIT,0.247506,1.374
5633,40000.0,0.02,greedy,ZYZZYVA,4.0,0.5,0.1459,1,1,1,FINALIZED_WITHIN_C2_LIMIT,0.087439,1.267
5634,3333.333,0.02,explore,ZYZZYVA,4.0,6.0,0.0688,1,1,1,FINALIZED_WITHIN_C2_LIMIT,0.249058,1.354
5635,40000.0,0.02,greedy,ZYZZYVA,4.0,0.5,0.1459,1,1,1,FINALIZED_WITHIN_C2_LIMIT,0.112074,1.113
5636,40000.0,0.02,greedy,ZYZZYVA,4.0,0.5,0.1459,1,1,1,FINALIZED_WITHIN_C2_LIMIT,0.036534,1.188
5637,40000.0,0.02,greedy,ZYZZYVA,4.0,0.5,0.1459,1,1,1,FINALIZED_WITHIN_C2_LIMIT,0.188429,1.102
5638,40000.0,0.02,greedy,ZYZZYVA,4.0,0.5,0.1459,1,1,1,FINALIZED_WITHIN_C2_LIMIT,0.273195,1.192
5639,40000.0,0.02,greedy,ZYZZYVA,4.0,0.5,0.1459,1,1,1,FINALIZED_WITHIN_C2_LIMIT,0.126682,1.354
5640,40000.0,0.02,greedy,ZYZZYVA,4.0,0.5,0.1459,1,1,1,FINALIZED_WITHIN_C2_LIMIT,0.034401,1.107
5641,40000.0,0.02,greedy,ZYZZYVA,4.0,0.5,0.1683,1,1,1,FINALIZED_WITHIN_C2_LIMIT,0.12315,1.245
5642,40000.0,0.02,greedy,ZYZZYVA,4.0,0.5,0.1683,1,1,1,FINALIZED_WITHIN_C2_LIMIT,0.022847,1.087
5643,40000.0,0.02,greedy,ZYZZYVA,4.0,0.5,0.1459,1,1,1,FINALIZED_WITHIN_C2_LIMIT,0.232219,1.08
5644,40000.0,0.02,greedy,ZYZZYVA,4.0,0.5,0.1459,1,1,1,FINALIZED_WITHIN_C2_LIMIT,0.420667,1.273
5645,40000.0,0.02,greedy,ZYZZYVA,4.0,0.5,0.1459,1,1,1,FINALIZED_WITHIN_C2_LIMIT,0.149294,1.299
5646,40000.0,0.02,greedy,ZYZZYVA,4.0,0.5,0.1683,1,1,1,FINALIZED_WITHIN_C2_LIMIT,0.150153,1.369
5647,40000.0,0.02,greedy,ZYZZYVA,4.0,0.5,0.1459,1,1,1,FINALIZED_WITHIN_C2_LIMIT,0.288481,1.332
5648,40000.0,0.02,greedy,ZYZZYVA,4.0,0.5,0.1459,1,1,1,FINALIZED_WITHIN_C2_LIMIT,0.0945,1.211
5649,40000.0,0.02,greedy,ZYZZYVA,4.0,0.5,0.1459,1,1,1,FINALIZED_WITHIN_C2_LIMIT,0.196261,1.326
5650,40000.0,0.02,greedy,ZYZZYVA,4.0,0.5,0.1459,1,1,1,FINALIZED_WITHIN_C2_LIMIT,0.314031,1.249
5651,40000.0,0.02,greedy,ZYZZYVA,4.0,0.5,0.1459,1,1,1,FINALIZED_WITHIN_C2_LIMIT,0.230082,1.238
5652,40000.0,0.02,greedy,ZYZZYVA,4.0,0.5,0.1459,1,1,1,FINALIZED_WITHIN_C2_LIMIT,0.020497,1.203
5653,40000.0,0.02,greedy,ZYZZYVA,4.0,0.5,0.1459,1,1,1,FINALIZED_WITHIN_C2_LIMIT,0.060272,1.199
5654,40000.0,0.02,greedy,ZYZZYVA,4.0,0.5,0.1459,1,1,1,FINALIZED_WITHIN_C2_LIMIT,0.017876,1.198
5655,40000.0,0.02,greedy,ZYZZYVA,4.0,0.5,0.1459,1,1,1,FINALIZED_WITHIN_C2_LIMIT,0.251018,1.059
5656,40000.0,0.02,greedy,ZYZZYVA,4.0,0.5,0.1347,1,1,1,FINALIZED_WITHIN_C2_LIMIT,0.400522,1.282
5657,40000.0,0.02,greedy,ZYZZYVA,4.0,0.5,0.1347,1,1,1,FINALIZED_WITHIN_C2_LIMIT,0.293299,1.184
5658,40000.0,0.02,greedy,ZYZZYVA,4.0,0.5,0.1459,1,1,1,FINALIZED_WITHIN_C2_LIMIT,0.014817,1.161
5659,40000.0,0.02,greedy,ZYZZYVA,4.0,0.5,0.1347,1,1,1,FINALIZED_WITHIN_C2_LIMIT,0.269908,1.12
5660,40000.0,0.02,greedy,ZYZZYVA,4.0,0.5,0.1347,1,1,1,FINALIZED_WITHIN_C2_LIMIT,0.445099,1.114
5661,40000.0,0.02,greedy,ZYZZYVA,4.0,0.5,0.1446,1,1,1,FINALIZED_WITHIN_C2_LIMIT,0.227591,1.13
5662,40000.0,0.02,greedy,ZYZZYVA,4.0,0.5,0.1347,1,1,1,FINALIZED_WITHIN_C2_LIMIT,0.111468,1.282
5663,40000.0,0.02,greedy,ZYZZYVA,4.0,0.5,0.1347,1,1,1,FINALIZED_WITHIN_C2_LIMIT,0.30893,1.243
5664,40000.0,0.02,greedy,ZYZZYVA,4.0,0.5,0.1446,1,1,1,FINALIZED_WITHIN_C2_LIMIT,0.029042,1.247
5665,40000.0,0.02,greedy,ZYZZYVA,4.0,0.5,0.1446,1,1,1,FINALIZED_WITHIN_C2_LIMIT,0.154488,1.226
5666,40000.0,0.02,greedy,ZYZZYVA,4.0,0.5,0.1459,1,1,1,FINALIZED_WITHIN_C2_LIMIT,0.340325,1.27
5667,40000.0,0.02,greedy,ZYZZYVA,4.0,0.5,0.1459,1,1,1,FINALIZED_WITHIN_C2_LIMIT,0.247856,1.152
5668,40000.0,0.02,greedy,ZYZZYVA,4.0,0.5,0.1459,1,1,1,FINALIZED_WITHIN_C2_LIMIT,0.168492,1.319
5669,40000.0,0.02,greedy,ZYZZYVA,4.0,0.5,0.1459,1,1,1,FINALIZED_WITHIN_C2_LIMIT,0.161795,1.307
5670,40000.0,0.02,greedy,ZYZZYVA,4.0,0.5,0.1683,1,1,1,FINALIZED_WITHIN_C2_LIMIT,0.103662,1.383
5671,40000.0,0.02,greedy,ZYZZYVA,4.0,0.5,0.1683,1,1,1,FINALIZED_WITHIN_C2_LIMIT,0.139428,1.274
5672,40000.0,0.02,greedy,ZYZZYVA,4.0,0.5,0.1683,1,1,1,FINALIZED_WITHIN_C2_LIMIT,0.361048,1.483
5673,40000.0,0.02,greedy,ZYZZYVA,4.0,0.5,0.1683,1,1,1,FINALIZED_WITHIN_C2_LIMIT,0.073973,1.224
5674,40000.0,0.02,greedy,ZYZZYVA,4.0,0.5,0.1683,1,1,1,FINALIZED_WITHIN_C2_LIMIT,0.085673,1.212
5675,40000.0,0.02,greedy,ZYZZYVA,4.0,0.5,0.1683,1,1,1,FINALIZED_WITHIN_C2_LIMIT,0.170039,1.208
5676,40000.0,0.02,greedy,ZYZZYVA,4.0,0.5,0.1683,1,1,1,FINALIZED_WITHIN_C2_LIMIT,0.119375,1.287
5677,40000.0,0.02,greedy,ZYZZYVA,4.0,0.5,0.1683,1,1,1,FINALIZED_WITHIN_C2_LIMIT,0.173022,1.263
5678,40000.0,0.02,greedy,ZYZZYVA,4.0,0.5,0.1683,1,1,1,FINALIZED_WITHIN_C2_LIMIT,0.229235,1.252
5679,40000.0,0.02,greedy,ZYZZYVA,4.0,0.5,0.1683,1,1,1,FINALIZED_WITHIN_C2_LIMIT,0.293639,1.426
5680,40000.0,0.02,greedy,ZYZZYVA,4.0,0.5,0.1683,1,1,1,FINALIZED_WITHIN_C2_LIMIT,0.093088,1.533
5681,40000.0,0.02,greedy,ZYZZYVA,4.0,0.5,0.1683,1,1,1,FINALIZED_WITHIN_C2_LIMIT,0.248076,1.243
5682,40000.0,0.02,greedy,ZYZZYVA,4.0,0.5,0.1683,1,1,1,FINALIZED_WITHIN_C2_LIMIT,0.121933,1.201
5683,40000.0,0.02,greedy,ZYZZYVA,4.0,0.5,0.1683,1,1,1,FINALIZED_WITHIN_C2_LIMIT,0.188497,1.297
5684,40000.0,0.02,greedy,ZYZZYVA,4.0,0.5,0.1459,1,1,1,FINALIZED_WITHIN_C2_LIMIT,0.137556,1.19
5685,40000.0,0.02,greedy,ZYZZYVA,4.0,0.5,0.1683,1,1,1,FINALIZED_WITHIN_C2_LIMIT,0.125299,1.297
5686,40000.0,0.02,greedy,ZYZZYVA,4.0,0.5,0.1459,1,1,1,FINALIZED_WITHIN_C2_LIMIT,0.168729,1.369
5687,40000.0,0.02,greedy,ZYZZYVA,4.0,0.5,0.1459,1,1,1,FINALIZED_WITHIN_C2_LIMIT,0.24969,1.591
5688,40000.0,0.02,greedy,ZYZZYVA,4.0,0.5,0.1459,1,1,1,FINALIZED_WITHIN_C2_LIMIT,0.152432,1.461
5689,40000.0,0.02,greedy,ZYZZYVA,4.0,0.5,0.1459,1,1,1,FINALIZED_WITHIN_C2_LIMIT,0.286209,1.345
5690,40000.0,0.02,greedy,ZYZZYVA,4.0,0.5,0.1459,1,1,1,FINALIZED_WITHIN_C2_LIMIT,0.139506,1.223
5691,40000.0,0.02,greedy,ZYZZYVA,4.0,0.5,0.1459,1,1,1,FINALIZED_WITHIN_C2_LIMIT,0.037542,1.114
5692,40000.0,0.02,greedy,ZYZZYVA,4.0,0.5,0.1459,1,1,1,FINALIZED_WITHIN_C2_LIMIT,0.104389,1.225
5693,40000.0,0.02,greedy,ZYZZYVA,4.0,0.5,0.1459,1,1,1,FINALIZED_WITHIN_C2_LIMIT,0.296389,1.195
5694,40000.0,0.02,greedy,ZYZZYVA,4.0,0.5,0.1459,1,1,1,FINALIZED_WITHIN_C2_LIMIT,0.205859,1.316
5695,40000.0,0.02,greedy,ZYZZYVA,4.0,0.5,0.1459,1,1,1,FINALIZED_WITHIN_C2_LIMIT,0.141288,1.29
5696,40000.0,0.02,greedy,ZYZZYVA,4.0,0.5,0.1459,1,1,1,FINALIZED_WITHIN_C2_LIMIT,0.262017,1.426
5697,40000.0,0.02,greedy,ZYZZYVA,4.0,0.5,0.1459,1,1,1,FINALIZED_WITHIN_C2_LIMIT,0.084125,1.64
5698,40000.0,0.02,greedy,ZYZZYVA,4.0,0.5,0.1347,1,1,1,FINALIZED_WITHIN_C2_LIMIT,0.139964,1.564
5699,40000.0,0.02,greedy,ZYZZYVA,4.0,0.5,0.1347,1,1,1,FINALIZED_WITHIN_C2_LIMIT,0.029336,1.353
5700,40000.0,0.02,greedy,ZYZZYVA,4.0,0.5,0.1347,1,1,1,FINALIZED_WITHIN_C2_LIMIT,0.117465,1.36
5701,40000.0,0.02,greedy,ZYZZYVA,4.0,0.5,0.1347,1,1,1,FINALIZED_WITHIN_C2_LIMIT,0.022705,1.459
5702,40000.0,0.02,greedy,ZYZZYVA,4.0,0.5,0.1347,1,1,1,FINALIZED_WITHIN_C2_LIMIT,0.051252,1.359
5703,40000.0,0.02,greedy,ZYZZYVA,4.0,0.5,0.1169,1,1,1,FINALIZED_WITHIN_C2_LIMIT,0.089958,1.623
5704,40000.0,0.02,greedy,ZYZZYVA,4.0,0.5,0.1169,1,1,1,FINALIZED_WITHIN_C2_LIMIT,0.132781,1.248
5705,40000.0,0.02,greedy,ZYZZYVA,4.0,0.5,0.1347,1,1,1,FINALIZED_WITHIN_C2_LIMIT,0.058442,1.454
5706,40000.0,0.02,greedy,ZYZZYVA,4.0,0.5,0.111,1,1,1,FINALIZED_WITHIN_C2_LIMIT,0.085327,1.319
5707,40000.0,0.02,greedy,ZYZZYVA,4.0,0.5,0.111,1,1,1,FINALIZED_WITHIN_C2_LIMIT,0.044494,1.203
5708,40000.0,0.02,greedy,ZYZZYVA,4.0,0.5,0.111,1,1,1,FINALIZED_WITHIN_C2_LIMIT,0.032522,1.301
5709,40000.0,0.02,greedy,ZYZZYVA,4.0,0.5,0.1347,1,1,1,FINALIZED_WITHIN_C2_LIMIT,0.121823,1.24
5710,40000.0,0.02,greedy,ZYZZYVA,4.0,0.5,0.1347,1,1,1,FINALIZED_WITHIN_C2_LIMIT,0.083677,1.308
5711,40000.0,0.02,greedy,ZYZZYVA,4.0,0.5,0.1347,1,1,1,FINALIZED_WITHIN_C2_LIMIT,0.02552,1.323
5712,40000.0,0.02,greedy,ZYZZYVA,4.0,0.5,0.1347,1,1,1,FINALIZED_WITHIN_C2_LIMIT,0.070839,1.461
5713,40000.0,0.02,greedy,ZYZZYVA,4.0,0.5,0.1347,1,1,1,FINALIZED_WITHIN_C2_LIMIT,0.083956,1.291
5714,40000.0,0.02,greedy,ZYZZYVA,4.0,0.5,0.1347,1,1,1,FINALIZED_WITHIN_C2_LIMIT,0.07279,1.226
5715,40000.0,0.02,greedy,ZYZZYVA,4.0,0.5,0.1347,1,1,1,FINALIZED_WITHIN_C2_LIMIT,0.092754,1.211
5716,40000.0,0.02,greedy,ZYZZYVA,4.0,0.5,0.1347,1,1,1,FINALIZED_WITHIN_C2_LIMIT,0.137292,1.312
5717,40000.0,0.02,greedy,ZYZZYVA,4.0,0.5,0.13,1,1,1,FINALIZED_WITHIN_C2_LIMIT,0.092119,1.476
5718,40000.0,0.02,greedy,ZYZZYVA,4.0,0.5,0.111,1,1,1,FINALIZED_WITHIN_C2_LIMIT,0.015775,1.304
5719,40000.0,0.02,greedy,ZYZZYVA,4.0,0.5,0.1169,1,1,1,FINALIZED_WITHIN_C2_LIMIT,0.129026,1.339
5720,40000.0,0.02,greedy,ZYZZYVA,4.0,0.5,0.0997,1,1,1,FINALIZED_WITHIN_C2_LIMIT,0.027678,1.296
5721,40000.0,0.02,greedy,ZYZZYVA,4.0,0.5,0.1169,1,1,1,FINALIZED_WITHIN_C2_LIMIT,0.016455,1.281
5722,40000.0,0.02,greedy,ZYZZYVA,4.0,0.5,0.0997,1,1,1,FINALIZED_WITHIN_C2_LIMIT,0.039059,1.252
5723,40000.0,0.02,greedy,ZYZZYVA,4.0,0.5,0.1108,1,1,1,FINALIZED_WITHIN_C2_LIMIT,0.032533,1.342
5724,40000.0,0.02,greedy,ZYZZYVA,4.0,0.5,0.1347,1,1,1,FINALIZED_WITHIN_C2_LIMIT,0.223071,1.391
5725,40000.0,0.02,greedy,ZYZZYVA,4.0,0.5,0.1347,1,1,1,FINALIZED_WITHIN_C2_LIMIT,0.358652,1.539
5726,40000.0,0.02,greedy,ZYZZYVA,4.0,0.5,0.1169,1,1,1,FINALIZED_WITHIN_C2_LIMIT,0.282314,1.314
5727,40000.0,0.02,greedy,ZYZZYVA,4.0,0.5,0.0997,1,1,1,FINALIZED_WITHIN_C2_LIMIT,0.123433,1.297
5728,40000.0,0.02,greedy,ZYZZYVA,4.0,0.5,0.0997,1,1,1,FINALIZED_WITHIN_C2_LIMIT,0.291649,1.229
5729,40000.0,0.02,greedy,ZYZZYVA,4.0,0.5,0.1169,1,1,1,FINALIZED_WITHIN_C2_LIMIT,0.195383,1.245
5730,40000.0,0.02,greedy,ZYZZYVA,4.0,0.5,0.1347,1,1,1,FINALIZED_WITHIN_C2_LIMIT,0.058636,1.374
5731,40000.0,0.02,greedy,ZYZZYVA,4.0,0.5,0.1347,1,1,1,FINALIZED_WITHIN_C2_LIMIT,0.105146,1.472
5732,40000.0,0.02,greedy,ZYZZYVA,4.0,0.5,0.1347,1,1,1,FINALIZED_WITHIN_C2_LIMIT,0.112724,1.623
5733,40000.0,0.02,greedy,ZYZZYVA,4.0,0.5,0.1347,1,1,1,FINALIZED_WITHIN_C2_LIMIT,0.300685,1.34
5734,40000.0,0.02,greedy,ZYZZYVA,4.0,0.5,0.1347,1,1,1,FINALIZED_WITHIN_C2_LIMIT,0.346135,1.262
5735,40000.0,0.02,greedy,ZYZZYVA,4.0,0.5,0.1347,1,1,1,FINALIZED_WITHIN_C2_LIMIT,0.156191,1.324
5736,40000.0,0.02,greedy,ZYZZYVA,4.0,0.5,0.1459,1,1,1,FINALIZED_WITHIN_C2_LIMIT,0.066595,1.331
5737,40000.0,0.02,greedy,ZYZZYVA,4.0,0.5,0.1459,1,1,1,FINALIZED_WITHIN_C2_LIMIT,0.077268,1.34
5738,40000.0,0.02,greedy,ZYZZYVA,4.0,0.5,0.1459,1,1,1,FINALIZED_WITHIN_C2_LIMIT,0.114064,1.227
5739,40000.0,0.02,greedy,ZYZZYVA,4.0,0.5,0.1347,1,1,1,FINALIZED_WITHIN_C2_LIMIT,0.194868,1.293
5740,40000.0,0.02,greedy,ZYZZYVA,4.0,0.5,0.1347,1,1,1,FINALIZED_WITHIN_C2_LIMIT,0.068121,1.256
5741,40000.0,0.02,greedy,ZYZZYVA,4.0,0.5,0.1169,1,1,1,FINALIZED_WITHIN_C2_LIMIT,0.042767,1.366
5742,40000.0,0.02,greedy,ZYZZYVA,4.0,0.5,0.1169,1,1,1,FINALIZED_WITHIN_C2_LIMIT,0.071014,1.256
5743,40000.0,0.02,greedy,ZYZZYVA,4.0,0.5,0.1108,1,1,1,FINALIZED_WITHIN_C2_LIMIT,0.16556,1.364
5744,40000.0,0.02,greedy,ZYZZYVA,4.0,0.5,0.0997,1,1,1,FINALIZED_WITHIN_C2_LIMIT,0.015609,1.281
5745,40000.0,0.02,greedy,ZYZZYVA,4.0,0.5,0.0801,1,1,1,FINALIZED_WITHIN_C2_LIMIT,0.147531,1.242
5746,40000.0,0.02,greedy,ZYZZYVA,4.0,0.5,0.0935,1,1,1,FINALIZED_WITHIN_C2_LIMIT,0.145094,1.189
5747,40000.0,0.02,greedy,ZYZZYVA,4.0,0.5,0.1169,1,1,1,FINALIZED_WITHIN_C2_LIMIT,0.043714,1.3
5748,40000.0,0.02,greedy,ZYZZYVA,4.0,0.5,0.1169,1,1,1,FINALIZED_WITHIN_C2_LIMIT,0.01782,1.2
5749,40000.0,0.02,greedy,ZYZZYVA,4.0,0.5,0.1347,1,1,1,FINALIZED_WITHIN_C2_LIMIT,0.062064,1.323
5750,40000.0,0.02,greedy,ZYZZYVA,4.0,0.5,0.1446,1,1,1,FINALIZED_WITHIN_C2_LIMIT,0.025194,1.242
5751,40000.0,0.02,greedy,ZYZZYVA,4.0,0.5,0.1459,1,1,1,FINALIZED_WITHIN_C2_LIMIT,0.22152,1.389
5752,40000.0,0.02,greedy,ZYZZYVA,4.0,0.5,0.1459,1,1,1,FINALIZED_WITHIN_C2_LIMIT,0.350429,1.32
5753,40000.0,0.02,greedy,ZYZZYVA,4.0,0.5,0.1459,1,1,1,FINALIZED_WITHIN_C2_LIMIT,0.037233,1.315
5754,40000.0,0.02,greedy,ZYZZYVA,4.0,0.5,0.1459,1,1,1,FINALIZED_WITHIN_C2_LIMIT,0.202404,1.362
5755,40000.0,0.02,greedy,ZYZZYVA,4.0,0.5,0.1459,1,1,1,FINALIZED_WITHIN_C2_LIMIT,0.378822,1.423
5756,40000.0,0.02,greedy,ZYZZYVA,4.0,0.5,0.1459,1,1,1,FINALIZED_WITHIN_C2_LIMIT,0.212124,1.344
5757,40000.0,0.02,greedy,ZYZZYVA,4.0,0.5,0.1683,1,1,1,FINALIZED_WITHIN_C2_LIMIT,0.207156,1.312
5758,40000.0,0.02,greedy,ZYZZYVA,4.0,0.5,0.1683,1,1,1,FINALIZED_WITHIN_C2_LIMIT,0.075825,1.222
5759,40000.0,0.02,greedy,ZYZZYVA,4.0,0.5,0.1683,1,1,1,FINALIZED_WITHIN_C2_LIMIT,0.106613,1.267
5760,40000.0,0.02,greedy,ZYZZYVA,4.0,0.5,0.1683,1,1,1,FINALIZED_WITHIN_C2_LIMIT,0.023916,1.31
5761,40000.0,0.02,greedy,ZYZZYVA,4.0,0.5,0.1683,1,1,1,FINALIZED_WITHIN_C2_LIMIT,0.101499,1.439
5762,40000.0,0.02,greedy,ZYZZYVA,4.0,0.5,0.1683,1,1,1,FINALIZED_WITHIN_C2_LIMIT,0.139787,1.321
5763,40000.0,0.02,greedy,ZYZZYVA,4.0,0.5,0.1683,1,1,1,FINALIZED_WITHIN_C2_LIMIT,0.285293,1.414
5764,40000.0,0.02,greedy,ZYZZYVA,4.0,0.5,0.1459,1,1,1,FINALIZED_WITHIN_C2_LIMIT,0.24744,1.285
5765,40000.0,0.02,greedy,ZYZZYVA,4.0,0.5,0.1459,1,1,1,FINALIZED_WITHIN_C2_LIMIT,0.469875,1.154
5766,40000.0,0.02,greedy,ZYZZYVA,4.0,0.5,0.1459,1,1,1,FINALIZED_WITHIN_C2_LIMIT,0.333067,1.305
5767,40000.0,0.02,greedy,ZYZZYVA,4.0,0.5,0.1459,1,1,1,FINALIZED_WITHIN_C2_LIMIT,0.205686,1.332
5768,40000.0,0.02,greedy,ZYZZYVA,4.0,0.5,0.1459,1,1,1,FINALIZED_WITHIN_C2_LIMIT,0.360823,1.264
5769,40000.0,0.02,greedy,ZYZZYVA,4.0,0.5,0.1459,1,1,1,FINALIZED_WITHIN_C2_LIMIT,0.950207,1.39
5770,40000.0,0.02,greedy,ZYZZYVA,4.0,0.5,0.1459,1,1,1,FINALIZED_WITHIN_C2_LIMIT,0.909541,1.353
5771,40000.0,0.02,greedy,ZYZZYVA,4.0,0.5,0.1459,1,1,1,FINALIZED_WITHIN_C2_LIMIT,0.262253,1.257
5772,40000.0,0.02,greedy,ZYZZYVA,4.0,0.5,0.1446,1,1,1,FINALIZED_WITHIN_C2_LIMIT,0.264416,1.442
5773,40000.0,0.02,greedy,ZYZZYVA,4.0,0.5,0.1169,1,1,1,FINALIZED_WITHIN_C2_LIMIT,0.931373,1.272
5774,40000.0,0.02,greedy,ZYZZYVA,4.0,0.5,0.0928,1,1,1,FINALIZED_WITHIN_C2_LIMIT,1.82893,1.218
5775,40000.0,0.02,greedy,ZYZZYVA,4.0,0.5,0.0813,1,1,1,FINALIZED_WITHIN_C2_LIMIT,2.299338,1.329
5776,40000.0,0.02,greedy,ZYZZYVA,4.0,0.5,0.0997,1,1,1,FINALIZED_WITHIN_C2_LIMIT,1.796441,1.318
5777,40000.0,0.02,greedy,ZYZZYVA,4.0,0.5,0.1347,1,1,1,FINALIZED_WITHIN_C2_LIMIT,0.658403,1.495
5778,40000.0,0.02,greedy,ZYZZYVA,4.0,0.5,0.1459,1,1,1,FINALIZED_WITHIN_C2_LIMIT,0.165923,1.408
5779,40000.0,0.02,greedy,ZYZZYVA,4.0,0.5,0.1459,1,1,1,FINALIZED_WITHIN_C2_LIMIT,0.730921,1.324
5780,40000.0,0.02,greedy,ZYZZYVA,4.0,0.5,0.1459,1,1,1,FINALIZED_WITHIN_C2_LIMIT,1.061515,1.456
5781,40000.0,0.02,greedy,ZYZZYVA,4.0,0.5,0.1459,1,1,1,FINALIZED_WITHIN_C2_LIMIT,1.22747,1.239
5782,40000.0,0.02,greedy,ZYZZYVA,4.0,0.5,0.1683,1,1,1,FINALIZED_WITHIN_C2_LIMIT,0.560648,1.25
5783,2666.667,0.02,explore,PBFT,4.0,7.5,0.0715,1,1,1,FINALIZED_WITHIN_C2_LIMIT,0.046248,1.312
5784,40000.0,0.02,greedy,ZYZZYVA,4.0,0.5,0.1459,1,1,1,FINALIZED_WITHIN_C2_LIMIT,0.483504,1.233
5785,40000.0,0.02,greedy,ZYZZYVA,4.0,0.5,0.1683,1,1,1,FINALIZED_WITHIN_C2_LIMIT,1.261294,1.178
5786,40000.0,0.02,greedy,ZYZZYVA,4.0,0.5,0.1683,1,1,1,FINALIZED_WITHIN_C2_LIMIT,1.347081,1.134
5787,40000.0,0.02,greedy,ZYZZYVA,4.0,0.5,0.1459,1,1,1,FINALIZED_WITHIN_C2_LIMIT,0.809749,1.128
5788,40000.0,0.02,greedy,ZYZZYVA,4.0,0.5,0.1683,1,1,1,FINALIZED_WITHIN_C2_LIMIT,0.225397,1.251
5789,40000.0,0.02,greedy,ZYZZYVA,4.0,0.5,0.1683,1,1,1,FINALIZED_WITHIN_C2_LIMIT,0.273068,1.346
5790,40000.0,0.02,greedy,ZYZZYVA,4.0,0.5,0.1683,1,1,1,FINALIZED_WITHIN_C2_LIMIT,0.586864,1.254
5791,40000.0,0.02,greedy,ZYZZYVA,4.0,0.5,0.1683,1,1,1,FINALIZED_WITHIN_C2_LIMIT,0.645298,1.321
5792,40000.0,0.02,greedy,ZYZZYVA,4.0,0.5,0.1683,1,1,1,FINALIZED_WITHIN_C2_LIMIT,0.449967,1.28
5793,40000.0,0.02,greedy,ZYZZYVA,4.0,0.5,0.1683,1,1,1,FINALIZED_WITHIN_C2_LIMIT,0.033657,1.255
5794,40000.0,0.02,greedy,ZYZZYVA,4.0,0.5,0.1683,1,1,1,FINALIZED_WITHIN_C2_LIMIT,0.141172,1.34
5795,40000.0,0.02,greedy,ZYZZYVA,4.0,0.5,0.1683,1,1,1,FINALIZED_WITHIN_C2_LIMIT,0.027494,1.275
5796,40000.0,0.02,greedy,ZYZZYVA,4.0,0.5,0.1683,1,1,1,FINALIZED_WITHIN_C2_LIMIT,0.272857,1.253
5797,40000.0,0.02,greedy,ZYZZYVA,4.0,0.5,0.1683,1,1,1,FINALIZED_WITHIN_C2_LIMIT,0.138083,1.158
5798,40000.0,0.02,greedy,ZYZZYVA,4.0,0.5,0.1459,1,1,1,FINALIZED_WITHIN_C2_LIMIT,0.022255,1.235
5799,40000.0,0.02,greedy,ZYZZYVA,4.0,0.5,0.1459,1,1,1,FINALIZED_WITHIN_C2_LIMIT,0.029746,1.208
5800,40000.0,0.02,greedy,ZYZZYVA,4.0,0.5,0.1459,1,1,1,FINALIZED_WITHIN_C2_LIMIT,0.08073,1.224
5801,40000.0,0.02,greedy,ZYZZYVA,4.0,0.5,0.1459,1,1,1,FINALIZED_WITHIN_C2_LIMIT,0.132974,1.497
5802,40000.0,0.02,greedy,ZYZZYVA,4.0,0.5,0.1459,1,1,1,FINALIZED_WITHIN_C2_LIMIT,0.111878,1.383
5803,40000.0,0.02,greedy,ZYZZYVA,4.0,0.5,0.1459,1,1,1,FINALIZED_WITHIN_C2_LIMIT,0.172281,1.316
5804,40000.0,0.02,greedy,ZYZZYVA,4.0,0.5,0.1459,1,1,1,FINALIZED_WITHIN_C2_LIMIT,0.069153,1.243
5805,40000.0,0.02,greedy,ZYZZYVA,4.0,0.5,0.1459,1,1,1,FINALIZED_WITHIN_C2_LIMIT,0.114046,1.374
5806,40000.0,0.02,greedy,ZYZZYVA,4.0,0.5,0.1347,1,1,1,FINALIZED_WITHIN_C2_LIMIT,0.247623,1.425
5807,40000.0,0.02,greedy,ZYZZYVA,4.0,0.5,0.1347,1,1,1,FINALIZED_WITHIN_C2_LIMIT,0.170126,1.295
5808,40000.0,0.02,greedy,ZYZZYVA,4.0,0.5,0.1459,1,1,1,FINALIZED_WITHIN_C2_LIMIT,0.145471,1.315
5809,40000.0,0.02,greedy,ZYZZYVA,4.0,0.5,0.1347,1,1,1,FINALIZED_WITHIN_C2_LIMIT,0.342213,1.399
5810,40000.0,0.02,greedy,ZYZZYVA,4.0,0.5,0.132,1,1,1,FINALIZED_WITHIN_C2_LIMIT,0.063509,1.351
5811,40000.0,0.02,greedy,ZYZZYVA,4.0,0.5,0.1163,1,1,1,FINALIZED_WITHIN_C2_LIMIT,0.249687,1.265
5812,40000.0,0.02,greedy,ZYZZYVA,4.0,0.5,0.1163,1,1,1,FINALIZED_WITHIN_C2_LIMIT,0.305086,1.455
5813,40000.0,0.02,greedy,ZYZZYVA,4.0,0.5,0.1163,1,1,1,FINALIZED_WITHIN_C2_LIMIT,0.277332,1.196
5814,40000.0,0.02,greedy,ZYZZYVA,4.0,0.5,0.1347,1,1,1,FINALIZED_WITHIN_C2_LIMIT,0.031518,1.494
5815,40000.0,0.02,greedy,ZYZZYVA,4.0,0.5,0.1459,1,1,1,FINALIZED_WITHIN_C2_LIMIT,0.177092,1.317
5816,40000.0,0.02,greedy,ZYZZYVA,4.0,0.5,0.1446,1,1,1,FINALIZED_WITHIN_C2_LIMIT,0.023215,1.497
5817,40000.0,0.02,greedy,ZYZZYVA,4.0,0.5,0.1446,1,1,1,FINALIZED_WITHIN_C2_LIMIT,0.405797,1.351
5818,40000.0,0.02,greedy,ZYZZYVA,4.0,0.5,0.1446,1,1,1,FINALIZED_WITHIN_C2_LIMIT,0.396572,1.303
5819,40000.0,0.02,greedy,ZYZZYVA,4.0,0.5,0.1446,1,1,1,FINALIZED_WITHIN_C2_LIMIT,0.303598,1.282
5820,40000.0,0.02,greedy,ZYZZYVA,4.0,0.5,0.1446,1,1,1,FINALIZED_WITHIN_C2_LIMIT,0.026225,1.279
5821,40000.0,0.02,greedy,ZYZZYVA,4.0,0.5,0.1446,1,1,1,FINALIZED_WITHIN_C2_LIMIT,0.096257,1.377
5822,40000.0,0.02,greedy,ZYZZYVA,4.0,0.5,0.1446,1,1,1,FINALIZED_WITHIN_C2_LIMIT,0.036536,1.231
5823,40000.0,0.02,greedy,ZYZZYVA,4.0,0.5,0.1446,1,1,1,FINALIZED_WITHIN_C2_LIMIT,0.265131,1.259
5824,40000.0,0.02,greedy,ZYZZYVA,4.0,0.5,0.1347,1,1,1,FINALIZED_WITHIN_C2_LIMIT,0.422988,1.294
5825,40000.0,0.02,greedy,ZYZZYVA,4.0,0.5,0.1347,1,1,1,FINALIZED_WITHIN_C2_LIMIT,0.238791,1.225
5826,40000.0,0.02,greedy,ZYZZYVA,4.0,0.5,0.1446,1,1,1,FINALIZED_WITHIN_C2_LIMIT,0.015815,1.325
5827,40000.0,0.02,greedy,ZYZZYVA,4.0,0.5,0.1446,1,1,1,FINALIZED_WITHIN_C2_LIMIT,0.055944,1.373
5828,40000.0,0.02,greedy,ZYZZYVA,4.0,0.5,0.1347,1,1,1,FINALIZED_WITHIN_C2_LIMIT,0.034036,1.457
5829,40000.0,0.02,greedy,ZYZZYVA,4.0,0.5,0.1347,1,1,1,FINALIZED_WITHIN_C2_LIMIT,0.029791,1.244
5830,40000.0,0.02,greedy,ZYZZYVA,4.0,0.5,0.1347,1,1,1,FINALIZED_WITHIN_C2_LIMIT,0.026758,1.237
5831,40000.0,0.02,greedy,ZYZZYVA,4.0,0.5,0.1347,1,1,1,FINALIZED_WITHIN_C2_LIMIT,0.132711,1.319
5832,40000.0,0.02,greedy,ZYZZYVA,4.0,0.5,0.1162,1,1,1,FINALIZED_WITHIN_C2_LIMIT,0.196595,1.258
5833,40000.0,0.02,greedy,ZYZZYVA,4.0,0.5,0.1148,1,1,1,FINALIZED_WITHIN_C2_LIMIT,0.110065,1.328
5834,40000.0,0.02,greedy,ZYZZYVA,4.0,0.5,0.0983,1,1,1,FINALIZED_WITHIN_C2_LIMIT,0.024177,1.272
5835,40000.0,0.02,greedy,ZYZZYVA,4.0,0.5,0.1006,1,1,1,FINALIZED_WITHIN_C2_LIMIT,0.049275,1.236
5836,40000.0,0.02,greedy,ZYZZYVA,4.0,0.5,0.1045,1,1,1,FINALIZED_WITHIN_C2_LIMIT,0.021677,1.281
5837,40000.0,0.02,greedy,ZYZZYVA,4.0,0.5,0.1192,1,1,1,FINALIZED_WITHIN_C2_LIMIT,0.199387,1.27
5838,40000.0,0.02,greedy,ZYZZYVA,4.0,0.5,0.1192,1,1,1,FINALIZED_WITHIN_C2_LIMIT,0.107824,1.25
5839,40000.0,0.02,greedy,ZYZZYVA,4.0,0.5,0.1301,1,1,1,FINALIZED_WITHIN_C2_LIMIT,0.076871,1.248
5840,40000.0,0.02,greedy,ZYZZYVA,4.0,0.5,0.1301,1,1,1,FINALIZED_WITHIN_C2_LIMIT,0.02403,1.392
5841,40000.0,0.02,greedy,ZYZZYVA,4.0,0.5,0.1854,1,1,1,FINALIZED_WITHIN_C2_LIMIT,0.106603,1.2
5842,40000.0,0.02,greedy,ZYZZYVA,4.0,0.5,0.1854,1,1,1,FINALIZED_WITHIN_C2_LIMIT,0.034693,1.174
5843,40000.0,0.02,greedy,ZYZZYVA,4.0,0.5,0.1854,1,1,1,FINALIZED_WITHIN_C2_LIMIT,0.02534,1.088
5844,40000.0,0.02,greedy,ZYZZYVA,4.0,0.5,0.1854,1,1,1,FINALIZED_WITHIN_C2_LIMIT,0.07166,1.194
5845,40000.0,0.02,greedy,ZYZZYVA,4.0,0.5,0.1822,1,1,1,FINALIZED_WITHIN_C2_LIMIT,0.25482,1.138
5846,40000.0,0.02,greedy,ZYZZYVA,4.0,0.5,0.1822,1,1,1,FINALIZED_WITHIN_C2_LIMIT,0.446488,1.201
5847,40000.0,0.02,greedy,ZYZZYVA,4.0,0.5,0.1766,1,1,1,FINALIZED_WITHIN_C2_LIMIT,0.539195,1.21
5848,40000.0,0.02,greedy,ZYZZYVA,4.0,0.5,0.1583,1,1,1,FINALIZED_WITHIN_C2_LIMIT,0.282116,1.328
5849,40000.0,0.02,greedy,ZYZZYVA,4.0,0.5,0.1352,1,1,1,FINALIZED_WITHIN_C2_LIMIT,0.038861,1.18
5850,40000.0,0.02,greedy,ZYZZYVA,4.0,0.5,0.1039,1,1,1,FINALIZED_WITHIN_C2_LIMIT,0.307585,1.123
5851,40000.0,0.02,greedy,ZYZZYVA,4.0,0.5,0.1166,1,1,1,FINALIZED_WITHIN_C2_LIMIT,0.06449,1.123
5852,40000.0,0.02,greedy,ZYZZYVA,4.0,0.5,0.1669,1,1,1,FINALIZED_WITHIN_C2_LIMIT,0.276702,1.095
5853,40000.0,0.02,greedy,ZYZZYVA,4.0,0.5,0.1669,1,1,1,FINALIZED_WITHIN_C2_LIMIT,0.355627,1.158
5854,40000.0,0.02,greedy,ZYZZYVA,4.0,0.5,0.1359,1,1,1,FINALIZED_WITHIN_C2_LIMIT,0.197647,1.137
5855,40000.0,0.02,greedy,ZYZZYVA,4.0,0.5,0.1039,1,1,1,FINALIZED_WITHIN_C2_LIMIT,0.067854,1.172
5856,40000.0,0.02,greedy,ZYZZYVA,4.0,0.5,0.1039,1,1,1,FINALIZED_WITHIN_C2_LIMIT,0.410018,1.19
5857,40000.0,0.02,greedy,ZYZZYVA,4.0,0.5,0.0956,1,1,1,FINALIZED_WITHIN_C2_LIMIT,0.128703,1.209
5858,40000.0,0.02,greedy,ZYZZYVA,4.0,0.5,0.1192,1,1,1,FINALIZED_WITHIN_C2_LIMIT,0.203665,1.105
5859,40000.0,0.02,greedy,ZYZZYVA,4.0,0.5,0.1192,1,1,1,FINALIZED_WITHIN_C2_LIMIT,0.296566,1.183
5860,40000.0,0.02,greedy,ZYZZYVA,4.0,0.5,0.0922,1,1,1,FINALIZED_WITHIN_C2_LIMIT,0.140783,1.066
5861,40000.0,0.02,greedy,ZYZZYVA,4.0,0.5,0.075,1,1,1,FINALIZED_WITHIN_C2_LIMIT,0.202237,1.137
5862,40000.0,0.02,greedy,ZYZZYVA,4.0,0.5,0.0615,1,1,1,FINALIZED_WITHIN_C2_LIMIT,0.35389,1.145
5863,40000.0,0.02,greedy,ZYZZYVA,4.0,0.5,0.0595,1,1,1,FINALIZED_WITHIN_C2_LIMIT,0.090939,1.134
5864,40000.0,0.02,greedy,ZYZZYVA,4.0,0.5,0.0543,1,1,1,FINALIZED_WITHIN_C2_LIMIT,0.172034,1.152
5865,40000.0,0.02,greedy,ZYZZYVA,4.0,0.5,0.0667,1,1,1,FINALIZED_WITHIN_C2_LIMIT,0.142948,1.131
5866,40000.0,0.02,greedy,ZYZZYVA,4.0,0.5,0.0667,1,1,1,FINALIZED_WITHIN_C2_LIMIT,0.041865,1.196
5867,40000.0,0.02,greedy,ZYZZYVA,4.0,0.5,0.059,1,1,1,FINALIZED_WITHIN_C2_LIMIT,0.205025,1.333
5868,40000.0,0.02,greedy,ZYZZYVA,4.0,0.5,0.059,1,1,1,FINALIZED_WITHIN_C2_LIMIT,0.377565,1.227
5869,40000.0,0.02,greedy,ZYZZYVA,4.0,0.5,0.0667,1,1,1,FINALIZED_WITHIN_C2_LIMIT,0.147673,1.194
5870,40000.0,0.02,greedy,ZYZZYVA,4.0,0.5,0.0667,1,1,1,FINALIZED_WITHIN_C2_LIMIT,0.044315,1.148
5871,40000.0,0.02,greedy,ZYZZYVA,4.0,0.5,0.0667,1,1,1,FINALIZED_WITHIN_C2_LIMIT,0.080928,1.312
5872,40000.0,0.02,greedy,ZYZZYVA,4.0,0.5,0.0667,1,1,1,FINALIZED_WITHIN_C2_LIMIT,0.087153,1.306
5873,40000.0,0.02,greedy,ZYZZYVA,4.0,0.5,0.0667,1,1,1,FINALIZED_WITHIN_C2_LIMIT,0.349637,1.234
5874,40000.0,0.02,greedy,ZYZZYVA,4.0,0.5,0.0667,1,1,1,FINALIZED_WITHIN_C2_LIMIT,0.128856,1.225
5875,40000.0,0.02,greedy,ZYZZYVA,4.0,0.5,0.0667,1,1,1,FINALIZED_WITHIN_C2_LIMIT,0.119164,1.199
5876,40000.0,0.02,greedy,ZYZZYVA,4.0,0.5,0.053,1,1,1,FINALIZED_WITHIN_C2_LIMIT,0.109367,1.26
5877,40000.0,0.02,greedy,ZYZZYVA,4.0,0.5,0.053,1,1,1,FINALIZED_WITHIN_C2_LIMIT,0.021383,1.192
5878,40000.0,0.02,greedy,ZYZZYVA,4.0,0.5,0.053,1,1,1,FINALIZED_WITHIN_C2_LIMIT,0.105439,1.221
5879,40000.0,0.02,greedy,ZYZZYVA,4.0,0.5,0.053,1,1,1,FINALIZED_WITHIN_C2_LIMIT,0.062552,1.223
5880,40000.0,0.02,greedy,ZYZZYVA,4.0,0.5,0.053,1,1,1,FINALIZED_WITHIN_C2_LIMIT,0.091793,1.16
5881,40000.0,0.02,greedy,ZYZZYVA,4.0,0.5,0.053,1,1,1,FINALIZED_WITHIN_C2_LIMIT,0.123528,1.346
5882,40000.0,0.02,greedy,ZYZZYVA,4.0,0.5,0.053,1,1,1,FINALIZED_WITHIN_C2_LIMIT,0.05865,1.155
5883,40000.0,0.02,greedy,ZYZZYVA,4.0,0.5,0.053,1,1,1,FINALIZED_WITHIN_C2_LIMIT,0.275502,1.15
5884,40000.0,0.02,greedy,ZYZZYVA,4.0,0.5,0.059,1,1,1,FINALIZED_WITHIN_C2_LIMIT,0.259354,1.155
5885,40000.0,0.02,greedy,ZYZZYVA,4.0,0.5,0.053,1,1,1,FINALIZED_WITHIN_C2_LIMIT,0.031772,1.175
5886,40000.0,0.02,greedy,ZYZZYVA,4.0,0.5,0.053,1,1,1,FINALIZED_WITHIN_C2_LIMIT,0.251971,1.197
5887,40000.0,0.02,greedy,ZYZZYVA,4.0,0.5,0.053,1,1,1,FINALIZED_WITHIN_C2_LIMIT,0.423481,1.269
5888,40000.0,0.02,greedy,ZYZZYVA,4.0,0.5,0.053,1,1,1,FINALIZED_WITHIN_C2_LIMIT,0.302787,1.352
5889,40000.0,0.02,greedy,ZYZZYVA,4.0,0.5,0.053,1,1,1,FINALIZED_WITHIN_C2_LIMIT,0.026678,1.26
5890,40000.0,0.02,greedy,ZYZZYVA,4.0,0.5,0.059,1,1,1,FINALIZED_WITHIN_C2_LIMIT,0.676307,1.244
5891,40000.0,0.02,greedy,ZYZZYVA,4.0,0.5,0.059,1,1,1,FINALIZED_WITHIN_C2_LIMIT,1.089016,1.2
5892,40000.0,0.02,greedy,ZYZZYVA,4.0,0.5,0.059,1,1,1,FINALIZED_WITHIN_C2_LIMIT,1.089274,1.208
5893,40000.0,0.02,greedy,ZYZZYVA,4.0,0.5,0.059,1,1,1,FINALIZED_WITHIN_C2_LIMIT,0.515691,1.332
5894,40000.0,0.02,greedy,ZYZZYVA,4.0,0.5,0.059,1,1,1,FINALIZED_WITHIN_C2_LIMIT,0.030692,1.167
5895,2000.0,0.02,explore,PBFT,4.0,10.0,0.0708,1,1,1,FINALIZED_WITHIN_C2_LIMIT,0.817356,1.442
5896,40000.0,0.02,greedy,ZYZZYVA,4.0,0.5,0.077,1,1,1,FINALIZED_WITHIN_C2_LIMIT,1.77841,1.374
5897,40000.0,0.02,greedy,ZYZZYVA,4.0,0.5,0.0821,1,1,1,FINALIZED_WITHIN_C2_LIMIT,2.129456,1.452
5898,40000.0,0.02,greedy,ZYZZYVA,4.0,0.5,0.1138,1,1,1,FINALIZED_WITHIN_C2_LIMIT,1.433531,1.335
5899,40000.0,0.02,greedy,ZYZZYVA,4.0,0.5,0.121,1,1,1,FINALIZED_WITHIN_C2_LIMIT,0.064617,1.192
5900,40000.0,0.02,greedy,ZYZZYVA,4.0,0.5,0.1255,1,1,1,FINALIZED_WITHIN_C2_LIMIT,0.484717,1.206
5901,40000.0,0.02,greedy,ZYZZYVA,4.0,0.5,0.1255,1,1,1,FINALIZED_WITHIN_C2_LIMIT,1.150156,1.198
5902,40000.0,0.02,greedy,ZYZZYVA,4.0,0.5,0.1255,1,1,1,FINALIZED_WITHIN_C2_LIMIT,1.218443,1.177
5903,40000.0,0.02,greedy,ZYZZYVA,4.0,0.5,0.1255,1,1,1,FINALIZED_WITHIN_C2_LIMIT,0.949506,1.184
5904,40000.0,0.02,greedy,ZYZZYVA,4.0,0.5,0.1255,1,1,1,FINALIZED_WITHIN_C2_LIMIT,0.15814,1.151
5905,40000.0,0.02,greedy,ZYZZYVA,4.0,0.5,0.1255,1,1,1,FINALIZED_WITHIN_C2_LIMIT,0.531819,1.435
5906,40000.0,0.02,greedy,ZYZZYVA,4.0,0.5,0.1136,1,1,1,FINALIZED_WITHIN_C2_LIMIT,1.21072,1.344
5907,40000.0,0.02,greedy,ZYZZYVA,4.0,0.5,0.0843,1,1,1,FINALIZED_WITHIN_C2_LIMIT,1.252487,1.197
5908,40000.0,0.02,greedy,ZYZZYVA,4.0,0.5,0.0755,1,1,1,FINALIZED_WITHIN_C2_LIMIT,0.769987,1.2
5909,40000.0,0.02,greedy,ZYZZYVA,4.0,0.5,0.0742,1,1,1,FINALIZED_WITHIN_C2_LIMIT,0.139377,1.122
5910,40000.0,0.02,greedy,ZYZZYVA,4.0,0.5,0.0729,1,1,1,FINALIZED_WITHIN_C2_LIMIT,0.319955,1.081
5911,40000.0,0.02,greedy,ZYZZYVA,4.0,0.5,0.0729,1,1,1,FINALIZED_WITHIN_C2_LIMIT,0.854286,1.369
5912,40000.0,0.02,greedy,ZYZZYVA,4.0,0.5,0.0729,1,1,1,FINALIZED_WITHIN_C2_LIMIT,1.019608,1.209
5913,40000.0,0.02,greedy,ZYZZYVA,4.0,0.5,0.0729,1,1,1,FINALIZED_WITHIN_C2_LIMIT,0.963324,1.217
5914,40000.0,0.02,greedy,ZYZZYVA,4.0,0.5,0.0735,1,1,1,FINALIZED_WITHIN_C2_LIMIT,0.06817,1.271
5915,40000.0,0.02,greedy,ZYZZYVA,4.0,0.5,0.0735,1,1,1,FINALIZED_WITHIN_C2_LIMIT,0.32854,1.219
5916,40000.0,0.02,greedy,ZYZZYVA,4.0,0.5,0.0735,1,1,1,FINALIZED_WITHIN_C2_LIMIT,1.040012,1.12
5917,40000.0,0.02,greedy,ZYZZYVA,4.0,0.5,0.0729,1,1,1,FINALIZED_WITHIN_C2_LIMIT,1.023156,1.137
5918,40000.0,0.02,greedy,ZYZZYVA,4.0,0.5,0.0729,1,1,1,FINALIZED_WITHIN_C2_LIMIT,0.530801,1.158
5919,40000.0,0.02,greedy,ZYZZYVA,4.0,0.5,0.0729,1,1,1,FINALIZED_WITHIN_C2_LIMIT,0.060343,1.26
5920,40000.0,0.02,greedy,ZYZZYVA,4.0,0.5,0.0729,1,1,1,FINALIZED_WITHIN_C2_LIMIT,0.60714,1.26
5921,40000.0,0.02,greedy,ZYZZYVA,4.0,0.5,0.0749,1,1,1,FINALIZED_WITHIN_C2_LIMIT,1.391473,1.233
5922,8000.0,0.02,explore,PBFT,4.0,2.5,0.0933,1,1,1,FINALIZED_WITHIN_C2_LIMIT,1.44354,1.297
5923,40000.0,0.02,greedy,ZYZZYVA,4.0,0.5,0.0749,1,1,1,FINALIZED_WITHIN_C2_LIMIT,1.017913,1.178
5924,40000.0,0.02,greedy,ZYZZYVA,4.0,0.5,0.0729,1,1,1,FINALIZED_WITHIN_C2_LIMIT,0.172601,1.302
5925,40000.0,0.02,greedy,ZYZZYVA,4.0,0.5,0.0729,1,1,1,FINALIZED_WITHIN_C2_LIMIT,0.28916,1.257
5926,40000.0,0.02,greedy,ZYZZYVA,4.0,0.5,0.0729,1,1,1,FINALIZED_WITHIN_C2_LIMIT,0.659562,1.143
5927,40000.0,0.02,greedy,ZYZZYVA,4.0,0.5,0.0729,1,1,1,FINALIZED_WITHIN_C2_LIMIT,0.683464,1.205
5928,40000.0,0.02,greedy,ZYZZYVA,4.0,0.5,0.0729,1,1,1,FINALIZED_WITHIN_C2_LIMIT,0.360808,1.369
5929,40000.0,0.02,greedy,ZYZZYVA,4.0,0.5,0.0729,1,1,1,FINALIZED_WITHIN_C2_LIMIT,0.3631,1.27
5930,40000.0,0.02,greedy,ZYZZYVA,4.0,0.5,0.0729,1,1,1,FINALIZED_WITHIN_C2_LIMIT,0.024837,1.229
5931,40000.0,0.02,greedy,ZYZZYVA,4.0,0.5,0.0729,1,1,1,FINALIZED_WITHIN_C2_LIMIT,0.09837,1.29
5932,40000.0,0.02,greedy,ZYZZYVA,4.0,0.5,0.0729,1,1,1,FINALIZED_WITHIN_C2_LIMIT,0.126539,1.216
5933,40000.0,0.02,greedy,ZYZZYVA,4.0,0.5,0.0729,1,1,1,FINALIZED_WITHIN_C2_LIMIT,0.08543,1.235
5934,40000.0,0.02,greedy,ZYZZYVA,4.0,0.5,0.0749,1,1,1,FINALIZED_WITHIN_C2_LIMIT,0.234629,1.188
5935,40000.0,0.02,greedy,ZYZZYVA,4.0,0.5,0.0749,1,1,1,FINALIZED_WITHIN_C2_LIMIT,0.095074,1.192
5936,40000.0,0.02,greedy,ZYZZYVA,4.0,0.5,0.0729,1,1,1,FINALIZED_WITHIN_C2_LIMIT,0.124135,1.2
5937,40000.0,0.02,greedy,ZYZZYVA,4.0,0.5,0.0729,1,1,1,FINALIZED_WITHIN_C2_LIMIT,0.025367,1.271
5938,40000.0,0.02,greedy,ZYZZYVA,4.0,0.5,0.0749,1,1,1,FINALIZED_WITHIN_C2_LIMIT,0.068667,1.251
5939,40000.0,0.02,greedy,ZYZZYVA,4.0,0.5,0.0749,1,1,1,FINALIZED_WITHIN_C2_LIMIT,0.073496,1.318
5940,40000.0,0.02,greedy,ZYZZYVA,4.0,0.5,0.0729,1,1,1,FINALIZED_WITHIN_C2_LIMIT,0.020811,1.252
5941,40000.0,0.02,greedy,ZYZZYVA,4.0,0.5,0.0729,1,1,1,FINALIZED_WITHIN_C2_LIMIT,0.092454,1.235
5942,40000.0,0.02,greedy,ZYZZYVA,4.0,0.5,0.0825,1,1,1,FINALIZED_WITHIN_C2_LIMIT,0.205013,1.226
5943,40000.0,0.02,greedy,ZYZZYVA,4.0,0.5,0.0749,1,1,1,FINALIZED_WITHIN_C2_LIMIT,0.162954,1.28
5944,40000.0,0.02,greedy,ZYZZYVA,4.0,0.5,0.0749,1,1,1,FINALIZED_WITHIN_C2_LIMIT,0.074579,1.254
5945,40000.0,0.02,greedy,ZYZZYVA,4.0,0.5,0.0729,1,1,1,FINALIZED_WITHIN_C2_LIMIT,0.178896,1.209
5946,40000.0,0.02,greedy,ZYZZYVA,4.0,0.5,0.0749,1,1,1,FINALIZED_WITHIN_C2_LIMIT,0.029896,1.396
5947,40000.0,0.02,greedy,ZYZZYVA,4.0,0.5,0.0807,1,1,1,FINALIZED_WITHIN_C2_LIMIT,0.117682,1.374
5948,40000.0,0.02,greedy,ZYZZYVA,4.0,0.5,0.0813,1,1,1,FINALIZED_WITHIN_C2_LIMIT,0.327396,1.298
5949,40000.0,0.02,greedy,ZYZZYVA,4.0,0.5,0.0825,1,1,1,FINALIZED_WITHIN_C2_LIMIT,0.243914,1.277
5950,40000.0,0.02,greedy,ZYZZYVA,4.0,0.5,0.0749,1,1,1,FINALIZED_WITHIN_C2_LIMIT,0.173999,1.362
5951,40000.0,0.02,greedy,ZYZZYVA,4.0,0.5,0.0729,1,1,1,FINALIZED_WITHIN_C2_LIMIT,0.378447,1.355
5952,40000.0,0.02,greedy,ZYZZYVA,4.0,0.5,0.0749,1,1,1,FINALIZED_WITHIN_C2_LIMIT,0.183529,1.582
5953,40000.0,0.02,greedy,ZYZZYVA,4.0,0.5,0.0825,1,1,1,FINALIZED_WITHIN_C2_LIMIT,0.046168,1.517
5954,20000.0,0.02,explore,LIU_QUORUM,4.0,1.0,0.0933,1,1,1,FINALIZED_WITHIN_C2_LIMIT,0.029962,1.528
5955,40000.0,0.02,greedy,ZYZZYVA,4.0,0.5,0.0807,1,1,1,FINALIZED_WITHIN_C2_LIMIT,0.033726,1.341
5956,40000.0,0.02,greedy,ZYZZYVA,4.0,0.5,0.0813,1,1,1,FINALIZED_WITHIN_C2_LIMIT,0.014116,1.305
5957,40000.0,0.02,greedy,ZYZZYVA,4.0,0.5,0.0813,1,1,1,FINALIZED_WITHIN_C2_LIMIT,0.037844,1.145
5958,40000.0,0.02,greedy,ZYZZYVA,4.0,0.5,0.0813,1,1,1,FINALIZED_WITHIN_C2_LIMIT,0.190312,1.235
5959,40000.0,0.02,greedy,ZYZZYVA,4.0,0.5,0.0894,1,1,1,FINALIZED_WITHIN_C2_LIMIT,0.285559,1.278
5960,40000.0,0.02,greedy,ZYZZYVA,4.0,0.5,0.0894,1,1,1,FINALIZED_WITHIN_C2_LIMIT,0.355709,1.379
5961,40000.0,0.02,greedy,ZYZZYVA,4.0,0.5,0.0894,1,1,1,FINALIZED_WITHIN_C2_LIMIT,0.149226,1.212
5962,40000.0,0.02,greedy,ZYZZYVA,4.0,0.5,0.0985,1,1,1,FINALIZED_WITHIN_C2_LIMIT,0.112515,1.245
5963,13333.333,0.02,explore,PBFT,4.0,1.5,0.0651,1,1,1,FINALIZED_WITHIN_C2_LIMIT,0.112393,1.242
5964,40000.0,0.02,greedy,ZYZZYVA,4.0,0.5,0.1042,1,1,1,FINALIZED_WITHIN_C2_LIMIT,0.070765,1.217
5965,40000.0,0.02,greedy,ZYZZYVA,4.0,0.5,0.1148,1,1,1,FINALIZED_WITHIN_C2_LIMIT,0.13963,1.338
5966,40000.0,0.02,greedy,ZYZZYVA,4.0,0.5,0.1148,1,1,1,FINALIZED_WITHIN_C2_LIMIT,0.264648,1.352
5967,40000.0,0.02,greedy,ZYZZYVA,4.0,0.5,0.1148,1,1,1,FINALIZED_WITHIN_C2_LIMIT,0.158097,1.209
5968,40000.0,0.02,greedy,ZYZZYVA,4.0,0.5,0.1347,1,1,1,FINALIZED_WITHIN_C2_LIMIT,0.052953,1.35
5969,40000.0,0.02,greedy,ZYZZYVA,4.0,0.5,0.1347,1,1,1,FINALIZED_WITHIN_C2_LIMIT,0.144695,1.217
5970,40000.0,0.02,greedy,ZYZZYVA,4.0,0.5,0.1347,1,1,1,FINALIZED_WITHIN_C2_LIMIT,0.095778,1.263
5971,40000.0,0.02,greedy,ZYZZYVA,4.0,0.5,0.1347,1,1,1,FINALIZED_WITHIN_C2_LIMIT,0.145708,1.293
5972,40000.0,0.02,greedy,ZYZZYVA,4.0,0.5,0.1347,1,1,1,FINALIZED_WITHIN_C2_LIMIT,0.281154,1.287
5973,40000.0,0.02,greedy,ZYZZYVA,4.0,0.5,0.1347,1,1,1,FINALIZED_WITHIN_C2_LIMIT,0.139182,1.239
5974,40000.0,0.02,greedy,ZYZZYVA,4.0,0.5,0.1347,1,1,1,FINALIZED_WITHIN_C2_LIMIT,0.218404,1.335
5975,40000.0,0.02,greedy,ZYZZYVA,4.0,0.5,0.1459,1,1,1,FINALIZED_WITHIN_C2_LIMIT,0.345141,1.265
5976,40000.0,0.02,greedy,ZYZZYVA,4.0,0.5,0.1459,1,1,1,FINALIZED_WITHIN_C2_LIMIT,0.308023,1.318
5977,40000.0,0.02,greedy,ZYZZYVA,4.0,0.5,0.1459,1,1,1,FINALIZED_WITHIN_C2_LIMIT,0.139146,1.274
5978,40000.0,0.02,greedy,ZYZZYVA,4.0,0.5,0.1459,1,1,1,FINALIZED_WITHIN_C2_LIMIT,0.243975,1.391
5979,40000.0,0.02,greedy,ZYZZYVA,4.0,0.5,0.1459,1,1,1,FINALIZED_WITHIN_C2_LIMIT,0.135476,1.317
5980,40000.0,0.02,greedy,ZYZZYVA,4.0,0.5,0.1459,1,1,1,FINALIZED_WITHIN_C2_LIMIT,0.22207,1.357
5981,40000.0,0.02,greedy,ZYZZYVA,4.0,0.5,0.1459,1,1,1,FINALIZED_WITHIN_C2_LIMIT,0.28177,1.359
5982,40000.0,0.02,greedy,ZYZZYVA,4.0,0.5,0.1347,1,1,1,FINALIZED_WITHIN_C2_LIMIT,0.053134,1.24
5983,40000.0,0.02,greedy,ZYZZYVA,4.0,0.5,0.1347,1,1,1,FINALIZED_WITHIN_C2_LIMIT,0.118341,1.355
5984,40000.0,0.02,greedy,ZYZZYVA,4.0,0.5,0.1347,1,1,1,FINALIZED_WITHIN_C2_LIMIT,0.163182,1.321
5985,40000.0,0.02,greedy,ZYZZYVA,4.0,0.5,0.1347,1,1,1,FINALIZED_WITHIN_C2_LIMIT,0.153718,1.255
5986,40000.0,0.02,greedy,ZYZZYVA,4.0,0.5,0.1347,1,1,1,FINALIZED_WITHIN_C2_LIMIT,0.265265,1.136
5987,40000.0,0.02,greedy,ZYZZYVA,4.0,0.5,0.1347,1,1,1,FINALIZED_WITHIN_C2_LIMIT,0.514983,1.259
5988,40000.0,0.02,greedy,ZYZZYVA,4.0,0.5,0.1347,1,1,1,FINALIZED_WITHIN_C2_LIMIT,0.201276,1.259
5989,40000.0,0.02,greedy,ZYZZYVA,4.0,0.5,0.1163,1,1,1,FINALIZED_WITHIN_C2_LIMIT,0.069173,1.101
5990,40000.0,0.02,greedy,ZYZZYVA,4.0,0.5,0.1163,1,1,1,FINALIZED_WITHIN_C2_LIMIT,0.209586,1.244
5991,40000.0,0.02,greedy,ZYZZYVA,4.0,0.5,0.1163,1,1,1,FINALIZED_WITHIN_C2_LIMIT,0.091515,1.401
5992,40000.0,0.02,greedy,ZYZZYVA,4.0,0.5,0.1163,1,1,1,FINALIZED_WITHIN_C2_LIMIT,0.114794,1.253
5993,40000.0,0.02,greedy,ZYZZYVA,4.0,0.5,0.1163,1,1,1,FINALIZED_WITHIN_C2_LIMIT,0.361583,1.412
5994,40000.0,0.02,greedy,ZYZZYVA,4.0,0.5,0.1163,1,1,1,FINALIZED_WITHIN_C2_LIMIT,0.170912,1.34
5995,40000.0,0.02,greedy,ZYZZYVA,4.0,0.5,0.1148,1,1,1,FINALIZED_WITHIN_C2_LIMIT,0.094904,1.204
5996,40000.0,0.02,greedy,ZYZZYVA,4.0,0.5,0.1148,1,1,1,FINALIZED_WITHIN_C2_LIMIT,0.203635,1.218
5997,40000.0,0.02,greedy,ZYZZYVA,4.0,0.5,0.1163,1,1,1,FINALIZED_WITHIN_C2_LIMIT,0.041759,1.225
5998,40000.0,0.02,greedy,ZYZZYVA,4.0,0.5,0.1163,1,1,1,FINALIZED_WITHIN_C2_LIMIT,0.112706,1.221
5999,40000.0,0.02,greedy,ZYZZYVA,4.0,0.5,0.1347,1,1,1,FINALIZED_WITHIN_C2_LIMIT,0.035945,1.258
6000,0.0,0.02,explore,ZYZZYVA,4.0,2.0,0.2811,0,1,1,FINALIZED_WITHIN_C2_LIMIT,0.274482,1.247
6001,40000.0,0.02,greedy,ZYZZYVA,4.0,0.5,0.1347,1,1,1,FINALIZED_WITHIN_C2_LIMIT,0.170847,1.311
6002,40000.0,0.02,greedy,ZYZZYVA,4.0,0.5,0.1347,1,1,1,FINALIZED_WITHIN_C2_LIMIT,0.097187,1.367
6003,40000.0,0.02,greedy,ZYZZYVA,4.0,0.5,0.1347,1,1,1,FINALIZED_WITHIN_C2_LIMIT,0.291439,1.227
6004,40000.0,0.02,greedy,ZYZZYVA,4.0,0.5,0.1347,1,1,1,FINALIZED_WITHIN_C2_LIMIT,0.387619,1.209
6005,40000.0,0.02,greedy,ZYZZYVA,4.0,0.5,0.1347,1,1,1,FINALIZED_WITHIN_C2_LIMIT,0.236034,1.485
6006,40000.0,0.02,greedy,ZYZZYVA,4.0,0.5,0.1347,1,1,1,FINALIZED_WITHIN_C2_LIMIT,0.033761,1.358
6007,40000.0,0.02,greedy,ZYZZYVA,4.0,0.5,0.1347,1,1,1,FINALIZED_WITHIN_C2_LIMIT,0.493903,1.339
6008,40000.0,0.02,greedy,ZYZZYVA,4.0,0.5,0.1347,1,1,1,FINALIZED_WITHIN_C2_LIMIT,1.091841,1.405
6009,40000.0,0.02,greedy,ZYZZYVA,4.0,0.5,0.1347,1,1,1,FINALIZED_WITHIN_C2_LIMIT,0.934072,1.361
6010,40000.0,0.02,greedy,ZYZZYVA,4.0,0.5,0.1347,1,1,1,FINALIZED_WITHIN_C2_LIMIT,0.43713,1.446
6011,40000.0,0.02,greedy,ZYZZYVA,4.0,0.5,0.1347,1,1,1,FINALIZED_WITHIN_C2_LIMIT,0.106208,1.378
6012,20000.0,0.02,explore,ZYZZYVA,4.0,1.0,0.0362,1,1,1,FINALIZED_WITHIN_C2_LIMIT,0.678622,1.303
6013,40000.0,0.02,greedy,ZYZZYVA,4.0,0.5,0.1347,1,1,1,FINALIZED_WITHIN_C2_LIMIT,1.518286,1.305
6014,40000.0,0.02,greedy,ZYZZYVA,4.0,0.5,0.1347,1,1,1,FINALIZED_WITHIN_C2_LIMIT,1.651523,1.483
6015,40000.0,0.02,greedy,ZYZZYVA,4.0,0.5,0.1347,1,1,1,FINALIZED_WITHIN_C2_LIMIT,1.189727,1.28
6016,40000.0,0.02,greedy,ZYZZYVA,4.0,0.5,0.1347,1,1,1,FINALIZED_WITHIN_C2_LIMIT,0.402636,1.306
6017,40000.0,0.02,greedy,ZYZZYVA,4.0,0.5,0.1459,1,1,1,FINALIZED_WITHIN_C2_LIMIT,0.058773,1.197
6018,40000.0,0.02,greedy,ZYZZYVA,4.0,0.5,0.1459,1,1,1,FINALIZED_WITHIN_C2_LIMIT,0.323954,1.234
6019,40000.0,0.02,greedy,ZYZZYVA,4.0,0.5,0.1459,1,1,1,FINALIZED_WITHIN_C2_LIMIT,0.599035,1.193
6020,10000.0,0.02,explore,LIU_QUORUM,4.0,2.0,0.0685,1,1,1,FINALIZED_WITHIN_C2_LIMIT,0.13474,1.448
6021,40000.0,0.02,greedy,ZYZZYVA,4.0,0.5,0.1459,1,1,1,FINALIZED_WITHIN_C2_LIMIT,0.054633,1.307
6022,40000.0,0.02,greedy,ZYZZYVA,4.0,0.5,0.1459,1,1,1,FINALIZED_WITHIN_C2_LIMIT,0.286214,1.253
6023,40000.0,0.02,greedy,ZYZZYVA,4.0,0.5,0.1459,1,1,1,FINALIZED_WITHIN_C2_LIMIT,0.093924,1.361
6024,40000.0,0.02,greedy,ZYZZYVA,4.0,0.5,0.1683,1,1,1,FINALIZED_WITHIN_C2_LIMIT,0.100844,1.196
6025,40000.0,0.02,greedy,ZYZZYVA,4.0,0.5,0.1683,1,1,1,FINALIZED_WITHIN_C2_LIMIT,0.19551,1.409
6026,40000.0,0.02,greedy,ZYZZYVA,4.0,0.5,0.1683,1,1,1,FINALIZED_WITHIN_C2_LIMIT,0.188742,1.436
6027,40000.0,0.02,greedy,ZYZZYVA,4.0,0.5,0.1459,1,1,1,FINALIZED_WITHIN_C2_LIMIT,0.218655,1.244
6028,40000.0,0.02,greedy,ZYZZYVA,4.0,0.5,0.1459,1,1,1,FINALIZED_WITHIN_C2_LIMIT,0.374496,1.365
6029,40000.0,0.02,greedy,ZYZZYVA,4.0,0.5,0.1459,1,1,1,FINALIZED_WITHIN_C2_LIMIT,0.25861,1.327
6030,40000.0,0.02,greedy,ZYZZYVA,4.0,0.5,0.1459,1,1,1,FINALIZED_WITHIN_C2_LIMIT,0.103209,1.235
6031,40000.0,0.02,greedy,ZYZZYVA,4.0,0.5,0.1459,1,1,1,FINALIZED_WITHIN_C2_LIMIT,0.031352,1.3
6032,40000.0,0.02,greedy,ZYZZYVA,4.0,0.5,0.1459,1,1,1,FINALIZED_WITHIN_C2_LIMIT,0.030072,1.175
6033,40000.0,0.02,greedy,ZYZZYVA,4.0,0.5,0.1459,1,1,1,FINALIZED_WITHIN_C2_LIMIT,0.040593,1.236
6034,40000.0,0.02,greedy,ZYZZYVA,4.0,0.5,0.1459,1,1,1,FINALIZED_WITHIN_C2_LIMIT,0.061393,1.307
6035,40000.0,0.02,greedy,ZYZZYVA,4.0,0.5,0.1446,1,1,1,FINALIZED_WITHIN_C2_LIMIT,0.082112,1.289
6036,40000.0,0.02,greedy,ZYZZYVA,4.0,0.5,0.1446,1,1,1,FINALIZED_WITHIN_C2_LIMIT,0.102696,1.476
6037,40000.0,0.02,greedy,ZYZZYVA,4.0,0.5,0.1347,1,1,1,FINALIZED_WITHIN_C2_LIMIT,0.185814,1.307
6038,40000.0,0.02,greedy,ZYZZYVA,4.0,0.5,0.1148,1,1,1,FINALIZED_WITHIN_C2_LIMIT,0.140686,1.302
6039,40000.0,0.02,greedy,ZYZZYVA,4.0,0.5,0.1148,1,1,1,FINALIZED_WITHIN_C2_LIMIT,0.158496,1.272
6040,6666.667,0.02,explore,LIU_QUORUM,4.0,3.0,0.0282,1,1,1,FINALIZED_WITHIN_C2_LIMIT,0.123553,1.321
6041,40000.0,0.02,greedy,ZYZZYVA,4.0,0.5,0.1108,1,1,1,FINALIZED_WITHIN_C2_LIMIT,0.123212,1.412
6042,40000.0,0.02,greedy,ZYZZYVA,4.0,0.5,0.0993,1,1,1,FINALIZED_WITHIN_C2_LIMIT,0.205796,1.349
6043,40000.0,0.02,greedy,ZYZZYVA,4.0,0.5,0.0993,1,1,1,FINALIZED_WITHIN_C2_LIMIT,0.160873,1.513
6044,40000.0,0.02,greedy,ZYZZYVA,4.0,0.5,0.1108,1,1,1,FINALIZED_WITHIN_C2_LIMIT,0.10583,1.34
6045,40000.0,0.02,greedy,ZYZZYVA,4.0,0.5,0.0895,1,1,1,FINALIZED_WITHIN_C2_LIMIT,0.072338,1.399
6046,40000.0,0.02,greedy,ZYZZYVA,4.0,0.5,0.0895,1,1,1,FINALIZED_WITHIN_C2_LIMIT,0.193072,1.281
6047,40000.0,0.02,greedy,ZYZZYVA,4.0,0.5,0.0821,1,1,1,FINALIZED_WITHIN_C2_LIMIT,0.162045,1.24
6048,40000.0,0.02,greedy,ZYZZYVA,4.0,0.5,0.13,1,1,1,FINALIZED_WITHIN_C2_LIMIT,0.037808,1.269
6049,40000.0,0.02,greedy,ZYZZYVA,4.0,0.5,0.1446,1,1,1,FINALIZED_WITHIN_C2_LIMIT,0.127242,1.252
6050,40000.0,0.02,greedy,ZYZZYVA,4.0,0.5,0.1446,1,1,1,FINALIZED_WITHIN_C2_LIMIT,0.10573,1.208
6051,40000.0,0.02,greedy,ZYZZYVA,4.0,0.5,0.1446,1,1,1,FINALIZED_WITHIN_C2_LIMIT,0.243079,1.317
6052,40000.0,0.02,greedy,ZYZZYVA,4.0,0.5,0.1459,1,1,1,FINALIZED_WITHIN_C2_LIMIT,0.117199,1.291
6053,40000.0,0.02,greedy,ZYZZYVA,4.0,0.5,0.1459,1,1,1,FINALIZED_WITHIN_C2_LIMIT,0.036015,1.288
6054,40000.0,0.02,greedy,ZYZZYVA,4.0,0.5,0.1459,1,1,1,FINALIZED_WITHIN_C2_LIMIT,0.156519,1.526
6055,40000.0,0.02,greedy,ZYZZYVA,4.0,0.5,0.1459,1,1,1,FINALIZED_WITHIN_C2_LIMIT,0.170454,1.301
6056,40000.0,0.02,greedy,ZYZZYVA,4.0,0.5,0.1459,1,1,1,FINALIZED_WITHIN_C2_LIMIT,0.031877,1.321
6057,3076.923,0.02,explore,ZYZZYVA,4.0,6.5,0.0708,1,1,1,FINALIZED_WITHIN_C2_LIMIT,0.03386,1.36
6058,40000.0,0.02,greedy,ZYZZYVA,4.0,0.5,0.1459,1,1,1,FINALIZED_WITHIN_C2_LIMIT,0.101628,1.177
6059,4000.0,0.02,explore,PBFT,4.0,5.0,0.0316,1,1,1,FINALIZED_WITHIN_C2_LIMIT,0.16306,1.236
6060,40000.0,0.02,greedy,ZYZZYVA,4.0,0.5,0.1683,1,1,1,FINALIZED_WITHIN_C2_LIMIT,0.068899,1.159
6061,40000.0,0.02,greedy,ZYZZYVA,4.0,0.5,0.1683,1,1,1,FINALIZED_WITHIN_C2_LIMIT,0.05539,1.25
6062,40000.0,0.02,greedy,ZYZZYVA,4.0,0.5,0.1459,1,1,1,FINALIZED_WITHIN_C2_LIMIT,0.087775,1.196
6063,3636.364,0.02,explore,PBFT,4.0,5.5,0.0316,1,1,1,FINALIZED_WITHIN_C2_LIMIT,0.114969,1.311
6064,40000.0,0.02,greedy,ZYZZYVA,4.0,0.5,0.1459,1,1,1,FINALIZED_WITHIN_C2_LIMIT,0.076835,1.209
6065,40000.0,0.02,greedy,ZYZZYVA,4.0,0.5,0.1459,1,1,1,FINALIZED_WITHIN_C2_LIMIT,0.150789,1.175
6066,40000.0,0.02,greedy,ZYZZYVA,4.0,0.5,0.1459,1,1,1,FINALIZED_WITHIN_C2_LIMIT,0.036446,1.194
6067,40000.0,0.02,greedy,ZYZZYVA,4.0,0.5,0.1459,1,1,1,FINALIZED_WITHIN_C2_LIMIT,0.045685,1.339
6068,40000.0,0.02,greedy,ZYZZYVA,4.0,0.5,0.1459,1,1,1,FINALIZED_WITHIN_C2_LIMIT,0.104076,1.243
6069,40000.0,0.02,greedy,ZYZZYVA,4.0,0.5,0.1459,1,1,1,FINALIZED_WITHIN_C2_LIMIT,0.080627,1.132
6070,40000.0,0.02,greedy,ZYZZYVA,4.0,0.5,0.1459,1,1,1,FINALIZED_WITHIN_C2_LIMIT,0.034514,1.427
6071,0.0,0.02,explore,LIU_QUORUM,4.0,6.5,0.2103,0,1,1,FINALIZED_WITHIN_C2_LIMIT,0.04819,1.339
6072,40000.0,0.02,greedy,ZYZZYVA,4.0,0.5,0.1459,1,1,1,FINALIZED_WITHIN_C2_LIMIT,0.12289,1.25
6073,40000.0,0.02,greedy,ZYZZYVA,4.0,0.5,0.1459,1,1,1,FINALIZED_WITHIN_C2_LIMIT,0.190582,1.169
6074,40000.0,0.02,greedy,ZYZZYVA,4.0,0.5,0.1459,1,1,1,FINALIZED_WITHIN_C2_LIMIT,0.138672,1.327
6075,40000.0,0.02,greedy,ZYZZYVA,4.0,0.5,0.1347,1,1,1,FINALIZED_WITHIN_C2_LIMIT,0.331315,1.273
6076,40000.0,0.02,greedy,ZYZZYVA,4.0,0.5,0.1108,1,1,1,FINALIZED_WITHIN_C2_LIMIT,0.38482,1.38
6077,40000.0,0.02,greedy,ZYZZYVA,4.0,0.5,0.1162,1,1,1,FINALIZED_WITHIN_C2_LIMIT,0.165375,1.35
6078,40000.0,0.02,greedy,ZYZZYVA,4.0,0.5,0.1347,1,1,1,FINALIZED_WITHIN_C2_LIMIT,0.200012,1.209
6079,40000.0,0.02,greedy,ZYZZYVA,4.0,0.5,0.1347,1,1,1,FINALIZED_WITHIN_C2_LIMIT,0.555366,1.273
6080,40000.0,0.02,greedy,ZYZZYVA,4.0,0.5,0.1347,1,1,1,FINALIZED_WITHIN_C2_LIMIT,0.309097,1.39
6081,40000.0,0.02,greedy,ZYZZYVA,4.0,0.5,0.0902,1,1,1,FINALIZED_WITHIN_C2_LIMIT,0.121165,1.366
6082,40000.0,0.02,greedy,ZYZZYVA,4.0,0.5,0.0698,1,1,1,FINALIZED_WITHIN_C2_LIMIT,0.671942,1.485
6083,40000.0,0.02,greedy,ZYZZYVA,4.0,0.5,0.0631,1,1,1,FINALIZED_WITHIN_C2_LIMIT,1.267053,1.35
6084,40000.0,0.02,greedy,ZYZZYVA,4.0,0.5,0.0821,1,1,1,FINALIZED_WITHIN_C2_LIMIT,1.022388,1.279
6085,40000.0,0.02,greedy,ZYZZYVA,4.0,0.5,0.1108,1,1,1,FINALIZED_WITHIN_C2_LIMIT,0.441868,1.159
6086,40000.0,0.02,greedy,ZYZZYVA,4.0,0.5,0.1459,1,1,1,FINALIZED_WITHIN_C2_LIMIT,0.079651,1.162
6087,40000.0,0.02,greedy,ZYZZYVA,4.0,0.5,0.1683,1,1,1,FINALIZED_WITHIN_C2_LIMIT,0.186413,1.077
6088,40000.0,0.02,greedy,ZYZZYVA,4.0,0.5,0.1683,1,1,1,FINALIZED_WITHIN_C2_LIMIT,0.120178,1.279
6089,40000.0,0.02,greedy,ZYZZYVA,4.0,0.5,0.1683,1,1,1,FINALIZED_WITHIN_C2_LIMIT,0.149426,1.148
6090,40000.0,0.02,greedy,ZYZZYVA,4.0,0.5,0.1683,1,1,1,FINALIZED_WITHIN_C2_LIMIT,0.185675,1.324
6091,40000.0,0.02,greedy,ZYZZYVA,4.0,0.5,0.1683,1,1,1,FINALIZED_WITHIN_C2_LIMIT,0.053388,1.244
6092,40000.0,0.02,greedy,ZYZZYVA,4.0,0.5,0.1683,1,1,1,FINALIZED_WITHIN_C2_LIMIT,0.032014,1.148
6093,40000.0,0.02,greedy,ZYZZYVA,4.0,0.5,0.1683,1,1,1,FINALIZED_WITHIN_C2_LIMIT,0.113405,1.099
6094,40000.0,0.02,greedy,ZYZZYVA,4.0,0.5,0.1683,1,1,1,FINALIZED_WITHIN_C2_LIMIT,0.176318,1.14
6095,40000.0,0.02,greedy,ZYZZYVA,4.0,0.5,0.1683,1,1,1,FINALIZED_WITHIN_C2_LIMIT,0.031135,1.154
6096,40000.0,0.02,greedy,ZYZZYVA,4.0,0.5,0.1683,1,1,1,FINALIZED_WITHIN_C2_LIMIT,0.109688,1.21
6097,40000.0,0.02,greedy,ZYZZYVA,4.0,0.5,0.1683,1,1,1,FINALIZED_WITHIN_C2_LIMIT,0.119411,1.183
6098,40000.0,0.02,greedy,ZYZZYVA,4.0,0.5,0.1683,1,1,1,FINALIZED_WITHIN_C2_LIMIT,0.122208,1.263
6099,40000.0,0.02,greedy,ZYZZYVA,4.0,0.5,0.1683,1,1,1,FINALIZED_WITHIN_C2_LIMIT,0.052845,1.225
6100,40000.0,0.02,greedy,ZYZZYVA,4.0,0.5,0.1683,1,1,1,FINALIZED_WITHIN_C2_LIMIT,0.143696,1.254
6101,40000.0,0.02,greedy,ZYZZYVA,4.0,0.5,0.1683,1,1,1,FINALIZED_WITHIN_C2_LIMIT,0.030262,1.231
6102,40000.0,0.02,greedy,ZYZZYVA,4.0,0.5,0.1683,1,1,1,FINALIZED_WITHIN_C2_LIMIT,0.18312,1.323
6103,40000.0,0.02,greedy,ZYZZYVA,4.0,0.5,0.1683,1,1,1,FINALIZED_WITHIN_C2_LIMIT,0.233171,1.2
6104,40000.0,0.02,greedy,ZYZZYVA,4.0,0.5,0.1683,1,1,1,FINALIZED_WITHIN_C2_LIMIT,0.101954,1.191
6105,40000.0,0.02,greedy,ZYZZYVA,4.0,0.5,0.1683,1,1,1,FINALIZED_WITHIN_C2_LIMIT,0.075664,1.202
6106,40000.0,0.02,greedy,ZYZZYVA,4.0,0.5,0.1683,1,1,1,FINALIZED_WITHIN_C2_LIMIT,0.078725,1.407
6107,40000.0,0.02,greedy,ZYZZYVA,4.0,0.5,0.1683,1,1,1,FINALIZED_WITHIN_C2_LIMIT,0.149109,1.164
6108,40000.0,0.02,greedy,ZYZZYVA,4.0,0.5,0.1683,1,1,1,FINALIZED_WITHIN_C2_LIMIT,0.172882,1.314
6109,40000.0,0.02,greedy,ZYZZYVA,4.0,0.5,0.1683,1,1,1,FINALIZED_WITHIN_C2_LIMIT,0.161236,1.229
6110,40000.0,0.02,greedy,ZYZZYVA,4.0,0.5,0.1683,1,1,1,FINALIZED_WITHIN_C2_LIMIT,0.03069,1.292
6111,40000.0,0.02,greedy,ZYZZYVA,4.0,0.5,0.1683,1,1,1,FINALIZED_WITHIN_C2_LIMIT,0.374463,1.316
6112,40000.0,0.02,greedy,ZYZZYVA,4.0,0.5,0.1683,1,1,1,FINALIZED_WITHIN_C2_LIMIT,0.699092,1.207
6113,40000.0,0.02,greedy,ZYZZYVA,4.0,0.5,0.1683,1,1,1,FINALIZED_WITHIN_C2_LIMIT,0.43396,1.23
6114,40000.0,0.02,greedy,ZYZZYVA,4.0,0.5,0.1683,1,1,1,FINALIZED_WITHIN_C2_LIMIT,0.169795,1.323
6115,0.0,0.02,explore,ZYZZYVA,4.0,6.5,0.2536,0,1,1,FINALIZED_WITHIN_C2_LIMIT,0.405091,1.212
6116,40000.0,0.02,greedy,ZYZZYVA,4.0,0.5,0.1683,1,1,1,FINALIZED_WITHIN_C2_LIMIT,0.973698,1.213
6117,40000.0,0.02,greedy,ZYZZYVA,4.0,0.5,0.1683,1,1,1,FINALIZED_WITHIN_C2_LIMIT,0.849208,1.214
6118,40000.0,0.02,greedy,ZYZZYVA,4.0,0.5,0.1683,1,1,1,FINALIZED_WITHIN_C2_LIMIT,0.346235,1.245
6119,40000.0,0.02,greedy,ZYZZYVA,4.0,0.5,0.1683,1,1,1,FINALIZED_WITHIN_C2_LIMIT,0.16038,1.175
6120,40000.0,0.02,greedy,ZYZZYVA,4.0,0.5,0.1683,1,1,1,FINALIZED_WITHIN_C2_LIMIT,0.436905,1.257
6121,40000.0,0.02,greedy,ZYZZYVA,4.0,0.5,0.1683,1,1,1,FINALIZED_WITHIN_C2_LIMIT,0.096248,1.181
6122,40000.0,0.02,greedy,ZYZZYVA,4.0,0.5,0.1683,1,1,1,FINALIZED_WITHIN_C2_LIMIT,0.041374,1.258
6123,40000.0,0.02,greedy,ZYZZYVA,4.0,0.5,0.1683,1,1,1,FINALIZED_WITHIN_C2_LIMIT,0.064498,1.144
6124,40000.0,0.02,greedy,ZYZZYVA,4.0,0.5,0.1683,1,1,1,FINALIZED_WITHIN_C2_LIMIT,0.056515,1.137
6125,40000.0,0.02,greedy,ZYZZYVA,4.0,0.5,0.1683,1,1,1,FINALIZED_WITHIN_C2_LIMIT,0.02304,1.079
6126,40000.0,0.02,greedy,ZYZZYVA,4.0,0.5,0.1683,1,1,1,FINALIZED_WITHIN_C2_LIMIT,0.268238,1.118
6127,40000.0,0.02,greedy,ZYZZYVA,4.0,0.5,0.1683,1,1,1,FINALIZED_WITHIN_C2_LIMIT,0.316469,1.171
6128,40000.0,0.02,greedy,ZYZZYVA,4.0,0.5,0.1683,1,1,1,FINALIZED_WITHIN_C2_LIMIT,0.024378,1.25
6129,40000.0,0.02,greedy,ZYZZYVA,4.0,0.5,0.1683,1,1,1,FINALIZED_WITHIN_C2_LIMIT,0.332505,1.254
6130,40000.0,0.02,greedy,ZYZZYVA,4.0,0.5,0.1683,1,1,1,FINALIZED_WITHIN_C2_LIMIT,0.551868,1.293
6131,40000.0,0.02,greedy,ZYZZYVA,4.0,0.5,0.1683,1,1,1,FINALIZED_WITHIN_C2_LIMIT,0.397228,1.3
6132,40000.0,0.02,greedy,ZYZZYVA,4.0,0.5,0.1683,1,1,1,FINALIZED_WITHIN_C2_LIMIT,0.065965,1.423
6133,40000.0,0.02,greedy,ZYZZYVA,4.0,0.5,0.1683,1,1,1,FINALIZED_WITHIN_C2_LIMIT,0.377977,1.331
6134,40000.0,0.02,greedy,ZYZZYVA,4.0,0.5,0.1683,1,1,1,FINALIZED_WITHIN_C2_LIMIT,0.88606,1.287
6135,40000.0,0.02,greedy,ZYZZYVA,4.0,0.5,0.1683,1,1,1,FINALIZED_WITHIN_C2_LIMIT,0.891632,1.171
6136,40000.0,0.02,greedy,ZYZZYVA,4.0,0.5,0.1683,1,1,1,FINALIZED_WITHIN_C2_LIMIT,0.293113,1.259
6137,40000.0,0.02,greedy,ZYZZYVA,4.0,0.5,0.1683,1,1,1,FINALIZED_WITHIN_C2_LIMIT,0.048871,1.422
6138,40000.0,0.02,greedy,ZYZZYVA,4.0,0.5,0.1683,1,1,1,FINALIZED_WITHIN_C2_LIMIT,0.228067,1.188
6139,4444.444,0.02,explore,ZYZZYVA,4.0,4.5,0.104,1,1,1,FINALIZED_WITHIN_C2_LIMIT,0.106142,1.517
6140,40000.0,0.02,greedy,ZYZZYVA,4.0,0.5,0.1683,1,1,1,FINALIZED_WITHIN_C2_LIMIT,0.099507,1.315
6141,40000.0,0.02,greedy,ZYZZYVA,4.0,0.5,0.1683,1,1,1,FINALIZED_WITHIN_C2_LIMIT,0.057011,1.318
6142,40000.0,0.02,greedy,ZYZZYVA,4.0,0.5,0.1683,1,1,1,FINALIZED_WITHIN_C2_LIMIT,0.114156,1.336
6143,40000.0,0.02,greedy,ZYZZYVA,4.0,0.5,0.1683,1,1,1,FINALIZED_WITHIN_C2_LIMIT,0.250214,1.289
6144,40000.0,0.02,greedy,ZYZZYVA,4.0,0.5,0.1683,1,1,1,FINALIZED_WITHIN_C2_LIMIT,0.148902,1.248
6145,40000.0,0.02,greedy,ZYZZYVA,4.0,0.5,0.1683,1,1,1,FINALIZED_WITHIN_C2_LIMIT,0.229133,1.205
6146,40000.0,0.02,greedy,ZYZZYVA,4.0,0.5,0.1683,1,1,1,FINALIZED_WITHIN_C2_LIMIT,0.163621,1.276
6147,40000.0,0.02,greedy,ZYZZYVA,4.0,0.5,0.1683,1,1,1,FINALIZED_WITHIN_C2_LIMIT,0.094357,1.318
6148,40000.0,0.02,greedy,ZYZZYVA,4.0,0.5,0.1459,1,1,1,FINALIZED_WITHIN_C2_LIMIT,0.100159,1.184
6149,40000.0,0.02,greedy,ZYZZYVA,4.0,0.5,0.1445,1,1,1,FINALIZED_WITHIN_C2_LIMIT,0.06941,1.18
6150,40000.0,0.02,greedy,ZYZZYVA,4.0,0.5,0.1859,1,1,1,FINALIZED_WITHIN_C2_LIMIT,0.12968,1.226
6151,0.0,0.02,greedy,ZYZZYVA,4.0,0.5,0.2164,0,1,1,FINALIZED_WITHIN_C2_LIMIT,0.186484,1.199
6152,40000.0,0.02,greedy,ZYZZYVA,4.0,0.5,0.1766,1,1,1,FINALIZED_WITHIN_C2_LIMIT,0.049448,1.172
6153,0.0,0.02,greedy,ZYZZYVA,4.0,0.5,0.2164,0,1,1,FINALIZED_WITHIN_C2_LIMIT,0.108153,1.233
6154,40000.0,0.02,greedy,ZYZZYVA,4.0,0.5,0.1753,1,1,1,FINALIZED_WITHIN_C2_LIMIT,0.15357,1.384
6155,0.0,0.02,greedy,ZYZZYVA,4.0,0.5,0.2164,0,1,1,FINALIZED_WITHIN_C2_LIMIT,0.137051,1.231
6156,5714.286,0.02,explore,LIU_QUORUM,4.0,3.5,0.0702,1,1,1,FINALIZED_WITHIN_C2_LIMIT,0.119459,1.202
6157,0.0,0.02,greedy,ZYZZYVA,4.0,0.5,0.2164,0,1,1,FINALIZED_WITHIN_C2_LIMIT,0.140354,1.28
6158,0.0,0.02,greedy,ZYZZYVA,4.0,0.5,0.2164,0,1,1,FINALIZED_WITHIN_C2_LIMIT,0.187053,1.304
6159,0.0,0.02,greedy,ZYZZYVA,4.0,0.5,0.2164,0,1,1,FINALIZED_WITHIN_C2_LIMIT,0.122841,1.17
6160,0.0,0.02,greedy,ZYZZYVA,4.0,0.5,0.2164,0,1,1,FINALIZED_WITHIN_C2_LIMIT,0.141298,1.444
6161,0.0,0.02,greedy,ZYZZYVA,4.0,0.5,0.2164,0,1,1,FINALIZED_WITHIN_C2_LIMIT,0.051308,1.185
6162,0.0,0.02,greedy,ZYZZYVA,4.0,0.5,0.2339,0,1,1,FINALIZED_WITHIN_C2_LIMIT,0.21053,1.548
6163,0.0,0.02,greedy,ZYZZYVA,4.0,0.5,0.2339,0,1,1,FINALIZED_WITHIN_C2_LIMIT,0.229558,1.364
6164,0.0,0.02,greedy,ZYZZYVA,4.0,0.5,0.2369,0,1,1,FINALIZED_WITHIN_C2_LIMIT,0.05327,1.241
6165,0.0,0.02,greedy,ZYZZYVA,4.0,0.5,0.2369,0,1,1,FINALIZED_WITHIN_C2_LIMIT,0.062974,1.271
6166,0.0,0.02,greedy,ZYZZYVA,4.0,0.5,0.2369,0,1,1,FINALIZED_WITHIN_C2_LIMIT,0.065943,1.305
6167,0.0,0.02,greedy,ZYZZYVA,4.0,0.5,0.2369,0,1,1,FINALIZED_WITHIN_C2_LIMIT,0.178241,1.277
6168,0.0,0.02,greedy,ZYZZYVA,4.0,0.5,0.2369,0,1,1,FINALIZED_WITHIN_C2_LIMIT,0.248612,1.229
6169,0.0,0.02,greedy,ZYZZYVA,4.0,0.5,0.2369,0,1,1,FINALIZED_WITHIN_C2_LIMIT,0.177339,1.28
6170,0.0,0.02,greedy,ZYZZYVA,4.0,0.5,0.2339,0,1,1,FINALIZED_WITHIN_C2_LIMIT,0.073761,1.344
6171,0.0,0.02,greedy,ZYZZYVA,4.0,0.5,0.2164,0,1,1,FINALIZED_WITHIN_C2_LIMIT,0.115994,1.254
6172,0.0,0.02,greedy,ZYZZYVA,4.0,0.5,0.2164,0,1,1,FINALIZED_WITHIN_C2_LIMIT,0.122645,1.227
6173,0.0,0.02,greedy,ZYZZYVA,4.0,0.5,0.2164,0,1,1,FINALIZED_WITHIN_C2_LIMIT,0.181536,1.255
6174,0.0,0.02,greedy,ZYZZYVA,4.0,0.5,0.2164,0,1,1,FINALIZED_WITHIN_C2_LIMIT,0.099328,1.185
6175,0.0,0.02,greedy,ZYZZYVA,4.0,0.5,0.2164,0,1,1,FINALIZED_WITHIN_C2_LIMIT,0.052249,1.244
6176,0.0,0.02,greedy,ZYZZYVA,4.0,0.5,0.2164,0,1,1,FINALIZED_WITHIN_C2_LIMIT,0.097433,1.166
6177,0.0,0.02,greedy,ZYZZYVA,4.0,0.5,0.2164,0,1,1,FINALIZED_WITHIN_C2_LIMIT,0.097702,1.47
6178,0.0,0.02,greedy,ZYZZYVA,4.0,0.5,0.2164,0,1,1,FINALIZED_WITHIN_C2_LIMIT,0.096604,1.391
6179,0.0,0.02,greedy,ZYZZYVA,4.0,0.5,0.2164,0,1,1,FINALIZED_WITHIN_C2_LIMIT,0.054326,1.323
6180,0.0,0.02,greedy,ZYZZYVA,4.0,0.5,0.2164,0,1,1,FINALIZED_WITHIN_C2_LIMIT,0.307942,1.285
6181,0.0,0.02,greedy,ZYZZYVA,4.0,0.5,0.2164,0,1,1,FINALIZED_WITHIN_C2_LIMIT,0.165954,1.325
6182,0.0,0.02,greedy,ZYZZYVA,4.0,0.5,0.2164,0,1,1,FINALIZED_WITHIN_C2_LIMIT,0.088212,1.361
6183,0.0,0.02,greedy,ZYZZYVA,4.0,0.5,0.2164,0,1,1,FINALIZED_WITHIN_C2_LIMIT,0.116546,1.352
6184,0.0,0.02,greedy,ZYZZYVA,4.0,0.5,0.2164,0,1,1,FINALIZED_WITHIN_C2_LIMIT,0.057376,1.253
6185,40000.0,0.02,greedy,ZYZZYVA,4.0,0.5,0.1854,1,1,1,FINALIZED_WITHIN_C2_LIMIT,0.060068,1.36
6186,0.0,0.02,greedy,ZYZZYVA,4.0,0.5,0.2164,0,1,1,FINALIZED_WITHIN_C2_LIMIT,0.082633,1.446
6187,2000.0,0.02,explore,ZYZZYVA,4.0,10.0,0.104,1,1,1,FINALIZED_WITHIN_C2_LIMIT,0.215751,1.385
6188,40000.0,0.02,greedy,ZYZZYVA,4.0,0.5,0.1753,1,1,1,FINALIZED_WITHIN_C2_LIMIT,0.191242,1.411
6189,40000.0,0.02,greedy,ZYZZYVA,4.0,0.5,0.1753,1,1,1,FINALIZED_WITHIN_C2_LIMIT,0.334038,1.423
6190,40000.0,0.02,greedy,ZYZZYVA,4.0,0.5,0.1753,1,1,1,FINALIZED_WITHIN_C2_LIMIT,0.157904,1.294
6191,40000.0,0.02,greedy,ZYZZYVA,4.0,0.5,0.1753,1,1,1,FINALIZED_WITHIN_C2_LIMIT,0.080213,1.314
6192,40000.0,0.02,greedy,ZYZZYVA,4.0,0.5,0.1753,1,1,1,FINALIZED_WITHIN_C2_LIMIT,0.0621,1.368
6193,40000.0,0.02,greedy,ZYZZYVA,4.0,0.5,0.1753,1,1,1,FINALIZED_WITHIN_C2_LIMIT,0.1424,1.397
6194,40000.0,0.02,greedy,ZYZZYVA,4.0,0.5,0.1753,1,1,1,FINALIZED_WITHIN_C2_LIMIT,0.253532,1.24
6195,40000.0,0.02,greedy,ZYZZYVA,4.0,0.5,0.1753,1,1,1,FINALIZED_WITHIN_C2_LIMIT,0.087506,1.232
6196,40000.0,0.02,greedy,ZYZZYVA,4.0,0.5,0.1753,1,1,1,FINALIZED_WITHIN_C2_LIMIT,0.305696,1.283
6197,40000.0,0.02,greedy,ZYZZYVA,4.0,0.5,0.1753,1,1,1,FINALIZED_WITHIN_C2_LIMIT,0.063102,1.349
6198,40000.0,0.02,greedy,ZYZZYVA,4.0,0.5,0.1753,1,1,1,FINALIZED_WITHIN_C2_LIMIT,0.114505,1.332
6199,40000.0,0.02,greedy,ZYZZYVA,4.0,0.5,0.1753,1,1,1,FINALIZED_WITHIN_C2_LIMIT,0.040586,1.35
6200,40000.0,0.02,greedy,ZYZZYVA,4.0,0.5,0.1753,1,1,1,FINALIZED_WITHIN_C2_LIMIT,0.317458,1.505
6201,4444.444,0.02,explore,ZYZZYVA,4.0,4.5,0.0308,1,1,1,FINALIZED_WITHIN_C2_LIMIT,0.207309,1.182
6202,40000.0,0.02,greedy,ZYZZYVA,4.0,0.5,0.1753,1,1,1,FINALIZED_WITHIN_C2_LIMIT,0.107017,1.297
6203,40000.0,0.02,greedy,ZYZZYVA,4.0,0.5,0.1753,1,1,1,FINALIZED_WITHIN_C2_LIMIT,0.041186,1.26
6204,40000.0,0.02,greedy,ZYZZYVA,4.0,0.5,0.1854,1,1,1,FINALIZED_WITHIN_C2_LIMIT,0.295552,1.245
6205,40000.0,0.02,greedy,ZYZZYVA,4.0,0.5,0.1854,1,1,1,FINALIZED_WITHIN_C2_LIMIT,0.13593,1.339
6206,40000.0,0.02,greedy,ZYZZYVA,4.0,0.5,0.1592,1,1,1,FINALIZED_WITHIN_C2_LIMIT,0.073453,1.199
6207,40000.0,0.02,greedy,ZYZZYVA,4.0,0.5,0.1592,1,1,1,FINALIZED_WITHIN_C2_LIMIT,0.052399,1.134
6208,40000.0,0.02,greedy,ZYZZYVA,4.0,0.5,0.1854,1,1,1,FINALIZED_WITHIN_C2_LIMIT,0.172022,1.196
6209,40000.0,0.02,greedy,ZYZZYVA,4.0,0.5,0.1854,1,1,1,FINALIZED_WITHIN_C2_LIMIT,0.321612,1.369
6210,40000.0,0.02,greedy,ZYZZYVA,4.0,0.5,0.1854,1,1,1,FINALIZED_WITHIN_C2_LIMIT,0.050421,1.244
6211,40000.0,0.02,greedy,ZYZZYVA,4.0,0.5,0.1854,1,1,1,FINALIZED_WITHIN_C2_LIMIT,0.034884,1.25
6212,40000.0,0.02,greedy,ZYZZYVA,4.0,0.5,0.1592,1,1,1,FINALIZED_WITHIN_C2_LIMIT,0.281798,1.162
6213,40000.0,0.02,greedy,ZYZZYVA,4.0,0.5,0.1854,1,1,1,FINALIZED_WITHIN_C2_LIMIT,0.159412,1.209
6214,40000.0,0.02,greedy,ZYZZYVA,4.0,0.5,0.1854,1,1,1,FINALIZED_WITHIN_C2_LIMIT,0.202389,1.193
6215,40000.0,0.02,greedy,ZYZZYVA,4.0,0.5,0.1592,1,1,1,FINALIZED_WITHIN_C2_LIMIT,0.086758,1.224
6216,40000.0,0.02,greedy,ZYZZYVA,4.0,0.5,0.1592,1,1,1,FINALIZED_WITHIN_C2_LIMIT,0.187543,1.299
6217,40000.0,0.02,greedy,ZYZZYVA,4.0,0.5,0.1592,1,1,1,FINALIZED_WITHIN_C2_LIMIT,0.10506,1.366
6218,40000.0,0.02,greedy,ZYZZYVA,4.0,0.5,0.1475,1,1,1,FINALIZED_WITHIN_C2_LIMIT,0.104465,1.197
6219,40000.0,0.02,greedy,ZYZZYVA,4.0,0.5,0.1475,1,1,1,FINALIZED_WITHIN_C2_LIMIT,0.031726,1.172
6220,40000.0,0.02,greedy,ZYZZYVA,4.0,0.5,0.1592,1,1,1,FINALIZED_WITHIN_C2_LIMIT,0.116546,1.116
6221,40000.0,0.02,greedy,ZYZZYVA,4.0,0.5,0.1475,1,1,1,FINALIZED_WITHIN_C2_LIMIT,0.207613,1.187
6222,40000.0,0.02,greedy,ZYZZYVA,4.0,0.5,0.1475,1,1,1,FINALIZED_WITHIN_C2_LIMIT,0.019414,1.184
6223,40000.0,0.02,greedy,ZYZZYVA,4.0,0.5,0.1587,1,1,1,FINALIZED_WITHIN_C2_LIMIT,0.03145,1.277
6224,40000.0,0.02,greedy,ZYZZYVA,4.0,0.5,0.1475,1,1,1,FINALIZED_WITHIN_C2_LIMIT,0.134288,1.316
6225,40000.0,0.02,greedy,ZYZZYVA,4.0,0.5,0.1475,1,1,1,FINALIZED_WITHIN_C2_LIMIT,0.330276,1.213
6226,40000.0,0.02,greedy,ZYZZYVA,4.0,0.5,0.1475,1,1,1,FINALIZED_WITHIN_C2_LIMIT,0.056391,1.153
6227,40000.0,0.02,greedy,ZYZZYVA,4.0,0.5,0.1475,1,1,1,FINALIZED_WITHIN_C2_LIMIT,0.060385,1.285
6228,40000.0,0.02,greedy,ZYZZYVA,4.0,0.5,0.1332,1,1,1,FINALIZED_WITHIN_C2_LIMIT,0.312539,1.151
6229,40000.0,0.02,greedy,ZYZZYVA,4.0,0.5,0.1332,1,1,1,FINALIZED_WITHIN_C2_LIMIT,0.178385,1.29
6230,40000.0,0.02,greedy,ZYZZYVA,4.0,0.5,0.1305,1,1,1,FINALIZED_WITHIN_C2_LIMIT,0.125099,1.275
6231,40000.0,0.02,greedy,ZYZZYVA,4.0,0.5,0.1084,1,1,1,FINALIZED_WITHIN_C2_LIMIT,0.193209,1.208
6232,40000.0,0.02,greedy,ZYZZYVA,4.0,0.5,0.1065,1,1,1,FINALIZED_WITHIN_C2_LIMIT,0.243127,1.183
6233,40000.0,0.02,greedy,ZYZZYVA,4.0,0.5,0.0986,1,1,1,FINALIZED_WITHIN_C2_LIMIT,0.172273,1.228
6234,40000.0,0.02,greedy,ZYZZYVA,4.0,0.5,0.1006,1,1,1,FINALIZED_WITHIN_C2_LIMIT,0.079744,1.218
6235,40000.0,0.02,greedy,ZYZZYVA,4.0,0.5,0.1045,1,1,1,FINALIZED_WITHIN_C2_LIMIT,0.23212,1.179
6236,40000.0,0.02,greedy,ZYZZYVA,4.0,0.5,0.0801,1,1,1,FINALIZED_WITHIN_C2_LIMIT,0.052436,1.169
6237,40000.0,0.02,greedy,ZYZZYVA,4.0,0.5,0.0902,1,1,1,FINALIZED_WITHIN_C2_LIMIT,0.036669,1.226
6238,40000.0,0.02,greedy,ZYZZYVA,4.0,0.5,0.0806,1,1,1,FINALIZED_WITHIN_C2_LIMIT,0.141137,1.186
6239,40000.0,0.02,greedy,ZYZZYVA,4.0,0.5,0.0801,1,1,1,FINALIZED_WITHIN_C2_LIMIT,0.155657,1.254
6240,40000.0,0.02,greedy,ZYZZYVA,4.0,0.5,0.0902,1,1,1,FINALIZED_WITHIN_C2_LIMIT,0.089643,1.215
6241,40000.0,0.02,greedy,ZYZZYVA,4.0,0.5,0.0997,1,1,1,FINALIZED_WITHIN_C2_LIMIT,0.030648,1.207
6242,40000.0,0.02,greedy,ZYZZYVA,4.0,0.5,0.1001,1,1,1,FINALIZED_WITHIN_C2_LIMIT,0.105381,1.233
6243,40000.0,0.02,greedy,ZYZZYVA,4.0,0.5,0.0997,1,1,1,FINALIZED_WITHIN_C2_LIMIT,0.20235,1.237
6244,40000.0,0.02,greedy,ZYZZYVA,4.0,0.5,0.1001,1,1,1,FINALIZED_WITHIN_C2_LIMIT,0.056373,1.233
6245,40000.0,0.02,greedy,ZYZZYVA,4.0,0.5,0.1001,1,1,1,FINALIZED_WITHIN_C2_LIMIT,0.186641,1.234
6246,40000.0,0.02,greedy,ZYZZYVA,4.0,0.5,0.0801,1,1,1,FINALIZED_WITHIN_C2_LIMIT,0.303339,1.237
6247,40000.0,0.02,greedy,ZYZZYVA,4.0,0.5,0.0806,1,1,1,FINALIZED_WITHIN_C2_LIMIT,0.221202,1.462
6248,40000.0,0.02,greedy,ZYZZYVA,4.0,0.5,0.0997,1,1,1,FINALIZED_WITHIN_C2_LIMIT,0.035732,1.317
6249,40000.0,0.02,greedy,ZYZZYVA,4.0,0.5,0.1001,1,1,1,FINALIZED_WITHIN_C2_LIMIT,0.789741,1.434
6250,40000.0,0.02,greedy,ZYZZYVA,4.0,0.5,0.1198,1,1,1,FINALIZED_WITHIN_C2_LIMIT,0.681199,1.421
6251,40000.0,0.02,greedy,ZYZZYVA,4.0,0.5,0.1001,1,1,1,FINALIZED_WITHIN_C2_LIMIT,0.649908,1.312
6252,40000.0,0.02,greedy,ZYZZYVA,4.0,0.5,0.1198,1,1,1,FINALIZED_WITHIN_C2_LIMIT,0.069941,1.237
6253,40000.0,0.02,greedy,ZYZZYVA,4.0,0.5,0.0986,1,1,1,FINALIZED_WITHIN_C2_LIMIT,0.391513,1.422
6254,40000.0,0.02,greedy,ZYZZYVA,4.0,0.5,0.1101,1,1,1,FINALIZED_WITHIN_C2_LIMIT,0.734499,1.392
6255,40000.0,0.02,greedy,ZYZZYVA,4.0,0.5,0.1198,1,1,1,FINALIZED_WITHIN_C2_LIMIT,0.653474,1.246
6256,40000.0,0.02,greedy,ZYZZYVA,4.0,0.5,0.1374,1,1,1,FINALIZED_WITHIN_C2_LIMIT,0.248741,1.35
6257,40000.0,0.02,greedy,ZYZZYVA,4.0,0.5,0.1459,1,1,1,FINALIZED_WITHIN_C2_LIMIT,0.148913,1.243
6258,40000.0,0.02,greedy,ZYZZYVA,4.0,0.5,0.1683,1,1,1,FINALIZED_WITHIN_C2_LIMIT,0.44695,1.188
6259,40000.0,0.02,greedy,ZYZZYVA,4.0,0.5,0.1683,1,1,1,FINALIZED_WITHIN_C2_LIMIT,0.265629,1.177
6260,40000.0,0.02,greedy,ZYZZYVA,4.0,0.5,0.1683,1,1,1,FINALIZED_WITHIN_C2_LIMIT,0.04413,1.202
6261,40000.0,0.02,greedy,ZYZZYVA,4.0,0.5,0.1683,1,1,1,FINALIZED_WITHIN_C2_LIMIT,0.400455,1.261
6262,40000.0,0.02,greedy,ZYZZYVA,4.0,0.5,0.1683,1,1,1,FINALIZED_WITHIN_C2_LIMIT,0.824419,1.217
6263,40000.0,0.02,greedy,ZYZZYVA,4.0,0.5,0.1683,1,1,1,FINALIZED_WITHIN_C2_LIMIT,0.69966,1.293
6264,40000.0,0.02,greedy,ZYZZYVA,4.0,0.5,0.1683,1,1,1,FINALIZED_WITHIN_C2_LIMIT,0.203271,1.305
6265,40000.0,0.02,greedy,ZYZZYVA,4.0,0.5,0.1683,1,1,1,FINALIZED_WITHIN_C2_LIMIT,0.396653,1.279
6266,40000.0,0.02,greedy,ZYZZYVA,4.0,0.5,0.1683,1,1,1,FINALIZED_WITHIN_C2_LIMIT,0.460956,1.232
6267,40000.0,0.02,greedy,ZYZZYVA,4.0,0.5,0.1683,1,1,1,FINALIZED_WITHIN_C2_LIMIT,0.268405,1.271
6268,40000.0,0.02,greedy,ZYZZYVA,4.0,0.5,0.1683,1,1,1,FINALIZED_WITHIN_C2_LIMIT,0.120556,1.371
6269,40000.0,0.02,greedy,ZYZZYVA,4.0,0.5,0.1683,1,1,1,FINALIZED_WITHIN_C2_LIMIT,0.311366,1.204
6270,40000.0,0.02,greedy,ZYZZYVA,4.0,0.5,0.1683,1,1,1,FINALIZED_WITHIN_C2_LIMIT,0.801984,1.372
6271,40000.0,0.02,greedy,ZYZZYVA,4.0,0.5,0.1683,1,1,1,FINALIZED_WITHIN_C2_LIMIT,0.608178,1.303
6272,40000.0,0.02,greedy,ZYZZYVA,4.0,0.5,0.1683,1,1,1,FINALIZED_WITHIN_C2_LIMIT,0.152624,1.628
6273,40000.0,0.02,greedy,ZYZZYVA,4.0,0.5,0.1683,1,1,1,FINALIZED_WITHIN_C2_LIMIT,0.146011,1.311
6274,40000.0,0.02,greedy,ZYZZYVA,4.0,0.5,0.1683,1,1,1,FINALIZED_WITHIN_C2_LIMIT,0.506858,1.318
6275,40000.0,0.02,greedy,ZYZZYVA,4.0,0.5,0.1683,1,1,1,FINALIZED_WITHIN_C2_LIMIT,0.353975,1.358
6276,40000.0,0.02,greedy,ZYZZYVA,4.0,0.5,0.1683,1,1,1,FINALIZED_WITHIN_C2_LIMIT,0.157408,1.281
6277,40000.0,0.02,greedy,ZYZZYVA,4.0,0.5,0.1683,1,1,1,FINALIZED_WITHIN_C2_LIMIT,0.219205,1.327
6278,40000.0,0.02,greedy,ZYZZYVA,4.0,0.5,0.1683,1,1,1,FINALIZED_WITHIN_C2_LIMIT,0.544949,1.31
6279,40000.0,0.02,greedy,ZYZZYVA,4.0,0.5,0.1683,1,1,1,FINALIZED_WITHIN_C2_LIMIT,0.487638,1.355
6280,40000.0,0.02,greedy,ZYZZYVA,4.0,0.5,0.1683,1,1,1,FINALIZED_WITHIN_C2_LIMIT,0.11681,1.394
6281,40000.0,0.02,greedy,ZYZZYVA,4.0,0.5,0.1683,1,1,1,FINALIZED_WITHIN_C2_LIMIT,0.389743,1.282
6282,40000.0,0.02,greedy,ZYZZYVA,4.0,0.5,0.1683,1,1,1,FINALIZED_WITHIN_C2_LIMIT,0.800384,1.36
6283,40000.0,0.02,greedy,ZYZZYVA,4.0,0.5,0.1683,1,1,1,FINALIZED_WITHIN_C2_LIMIT,0.475357,1.299
6284,40000.0,0.02,greedy,ZYZZYVA,4.0,0.5,0.1683,1,1,1,FINALIZED_WITHIN_C2_LIMIT,0.15643,1.46
6285,40000.0,0.02,greedy,ZYZZYVA,4.0,0.5,0.1683,1,1,1,FINALIZED_WITHIN_C2_LIMIT,0.315974,1.277
6286,40000.0,0.02,greedy,ZYZZYVA,4.0,0.5,0.1683,1,1,1,FINALIZED_WITHIN_C2_LIMIT,0.487302,1.215
6287,40000.0,0.02,greedy,ZYZZYVA,4.0,0.5,0.1683,1,1,1,FINALIZED_WITHIN_C2_LIMIT,0.353747,1.167
6288,40000.0,0.02,greedy,ZYZZYVA,4.0,0.5,0.1683,1,1,1,FINALIZED_WITHIN_C2_LIMIT,0.24795,1.313
6289,40000.0,0.02,greedy,ZYZZYVA,4.0,0.5,0.1683,1,1,1,FINALIZED_WITHIN_C2_LIMIT,0.214844,1.367
6290,40000.0,0.02,greedy,ZYZZYVA,4.0,0.5,0.1683,1,1,1,FINALIZED_WITHIN_C2_LIMIT,0.40111,1.302
6291,40000.0,0.02,greedy,ZYZZYVA,4.0,0.5,0.1459,1,1,1,FINALIZED_WITHIN_C2_LIMIT,0.581361,1.321
6292,40000.0,0.02,greedy,ZYZZYVA,4.0,0.5,0.1374,1,1,1,FINALIZED_WITHIN_C2_LIMIT,0.121508,1.429
6293,40000.0,0.02,greedy,ZYZZYVA,4.0,0.5,0.1374,1,1,1,FINALIZED_WITHIN_C2_LIMIT,0.27164,1.386
6294,40000.0,0.02,greedy,ZYZZYVA,4.0,0.5,0.1374,1,1,1,FINALIZED_WITHIN_C2_LIMIT,0.564744,1.496
6295,40000.0,0.02,greedy,ZYZZYVA,4.0,0.5,0.1374,1,1,1,FINALIZED_WITHIN_C2_LIMIT,0.567574,1.707
6296,40000.0,0.02,greedy,ZYZZYVA,4.0,0.5,0.1374,1,1,1,FINALIZED_WITHIN_C2_LIMIT,0.264681,1.435
6297,40000.0,0.02,greedy,ZYZZYVA,4.0,0.5,0.13,1,1,1,FINALIZED_WITHIN_C2_LIMIT,0.118781,1.375
6298,40000.0,0.02,greedy,ZYZZYVA,4.0,0.5,0.1374,1,1,1,FINALIZED_WITHIN_C2_LIMIT,0.470616,1.258
6299,40000.0,0.02,greedy,ZYZZYVA,4.0,0.5,0.1374,1,1,1,FINALIZED_WITHIN_C2_LIMIT,0.177858,1.295
6300,40000.0,0.02,greedy,ZYZZYVA,4.0,0.5,0.1198,1,1,1,FINALIZED_WITHIN_C2_LIMIT,0.087527,1.287
6301,40000.0,0.02,greedy,ZYZZYVA,4.0,0.5,0.1198,1,1,1,FINALIZED_WITHIN_C2_LIMIT,0.117084,1.41
6302,40000.0,0.02,greedy,ZYZZYVA,4.0,0.5,0.0894,1,1,1,FINALIZED_WITHIN_C2_LIMIT,0.170194,1.228
6303,40000.0,0.02,greedy,ZYZZYVA,4.0,0.5,0.1006,1,1,1,FINALIZED_WITHIN_C2_LIMIT,0.060519,1.245
6304,40000.0,0.02,greedy,ZYZZYVA,4.0,0.5,0.1166,1,1,1,FINALIZED_WITHIN_C2_LIMIT,0.113284,1.337
6305,40000.0,0.02,greedy,ZYZZYVA,4.0,0.5,0.1166,1,1,1,FINALIZED_WITHIN_C2_LIMIT,0.162702,1.31
6306,40000.0,0.02,greedy,ZYZZYVA,4.0,0.5,0.1166,1,1,1,FINALIZED_WITHIN_C2_LIMIT,0.236894,1.248
6307,40000.0,0.02,greedy,ZYZZYVA,4.0,0.5,0.1166,1,1,1,FINALIZED_WITHIN_C2_LIMIT,0.509402,1.331
6308,40000.0,0.02,greedy,ZYZZYVA,4.0,0.5,0.1166,1,1,1,FINALIZED_WITHIN_C2_LIMIT,0.070313,1.239
6309,40000.0,0.02,greedy,ZYZZYVA,4.0,0.5,0.1613,1,1,1,FINALIZED_WITHIN_C2_LIMIT,0.577039,1.378
6310,40000.0,0.02,greedy,ZYZZYVA,4.0,0.5,0.1753,1,1,1,FINALIZED_WITHIN_C2_LIMIT,1.03831,1.112
6311,40000.0,0.02,greedy,ZYZZYVA,4.0,0.5,0.1753,1,1,1,FINALIZED_WITHIN_C2_LIMIT,0.589931,1.326
6312,40000.0,0.02,greedy,ZYZZYVA,4.0,0.5,0.1753,1,1,1,FINALIZED_WITHIN_C2_LIMIT,0.036854,1.307
6313,40000.0,0.02,greedy,ZYZZYVA,4.0,0.5,0.1753,1,1,1,FINALIZED_WITHIN_C2_LIMIT,0.918745,1.272
6314,40000.0,0.02,greedy,ZYZZYVA,4.0,0.5,0.1753,1,1,1,FINALIZED_WITHIN_C2_LIMIT,2.460174,1.203
6315,40000.0,0.02,greedy,ZYZZYVA,4.0,0.5,0.1766,1,1,1,FINALIZED_WITHIN_C2_LIMIT,2.098311,1.211
6316,40000.0,0.02,greedy,ZYZZYVA,4.0,0.5,0.1753,1,1,1,FINALIZED_WITHIN_C2_LIMIT,1.258108,1.124
6317,40000.0,0.02,greedy,ZYZZYVA,4.0,0.5,0.1753,1,1,1,FINALIZED_WITHIN_C2_LIMIT,0.229611,1.278
6318,40000.0,0.02,greedy,ZYZZYVA,4.0,0.5,0.1753,1,1,1,FINALIZED_WITHIN_C2_LIMIT,0.735477,1.331
6319,40000.0,0.02,greedy,ZYZZYVA,4.0,0.5,0.1869,1,1,1,FINALIZED_WITHIN_C2_LIMIT,1.857528,1.262
6320,40000.0,0.02,explore,PBFT,4.0,0.5,0.1284,1,1,1,FINALIZED_WITHIN_C2_LIMIT,1.828304,1.199
6321,3636.364,0.02,explore,PBFT,4.0,5.5,0.072,1,1,1,FINALIZED_WITHIN_C2_LIMIT,0.918593,1.195
6322,40000.0,0.02,greedy,ZYZZYVA,4.0,0.5,0.1822,1,1,1,FINALIZED_WITHIN_C2_LIMIT,0.109822,1.177
6323,40000.0,0.02,greedy,ZYZZYVA,4.0,0.5,0.1408,1,1,1,FINALIZED_WITHIN_C2_LIMIT,1.362214,1.148
6324,40000.0,0.02,greedy,ZYZZYVA,4.0,0.5,0.1421,1,1,1,FINALIZED_WITHIN_C2_LIMIT,2.562266,1.251
6325,40000.0,0.02,greedy,ZYZZYVA,4.0,0.5,0.1421,1,1,1,FINALIZED_WITHIN_C2_LIMIT,3.038758,1.307
6326,40000.0,0.02,greedy,ZYZZYVA,4.0,0.5,0.1374,1,1,1,FINALIZED_WITHIN_C2_LIMIT,1.890458,1.244
6327,3076.923,0.02,explore,ZYZZYVA,4.0,6.5,0.19,1,1,1,FINALIZED_WITHIN_C2_LIMIT,0.391002,1.178
6328,40000.0,0.02,greedy,ZYZZYVA,4.0,0.5,0.1639,1,1,1,FINALIZED_WITHIN_C2_LIMIT,0.481945,1.111
6329,40000.0,0.02,greedy,ZYZZYVA,4.0,0.5,0.1494,1,1,1,FINALIZED_WITHIN_C2_LIMIT,1.400853,1.12
6330,40000.0,0.02,greedy,ZYZZYVA,4.0,0.5,0.1137,1,1,1,FINALIZED_WITHIN_C2_LIMIT,1.208232,1.079
6331,40000.0,0.02,greedy,ZYZZYVA,4.0,0.5,0.0746,1,1,1,FINALIZED_WITHIN_C2_LIMIT,0.443029,1.237
6332,40000.0,0.02,greedy,ZYZZYVA,4.0,0.5,0.059,1,1,1,FINALIZED_WITHIN_C2_LIMIT,0.128012,1.258
6333,40000.0,0.02,greedy,ZYZZYVA,4.0,0.5,0.059,1,1,1,FINALIZED_WITHIN_C2_LIMIT,0.226953,1.205
6334,40000.0,0.02,greedy,ZYZZYVA,4.0,0.5,0.059,1,1,1,FINALIZED_WITHIN_C2_LIMIT,0.213899,1.241
6335,40000.0,0.02,greedy,ZYZZYVA,4.0,0.5,0.0568,1,1,1,FINALIZED_WITHIN_C2_LIMIT,0.224737,1.202
6336,40000.0,0.02,greedy,ZYZZYVA,4.0,0.5,0.0568,1,1,1,FINALIZED_WITHIN_C2_LIMIT,0.347389,1.188
6337,40000.0,0.02,greedy,ZYZZYVA,4.0,0.5,0.0482,1,1,1,FINALIZED_WITHIN_C2_LIMIT,0.210268,1.221
6338,40000.0,0.02,greedy,ZYZZYVA,4.0,0.5,0.0568,1,1,1,FINALIZED_WITHIN_C2_LIMIT,0.128966,1.439
6339,40000.0,0.02,greedy,ZYZZYVA,4.0,0.5,0.0568,1,1,1,FINALIZED_WITHIN_C2_LIMIT,0.371831,1.266
6340,40000.0,0.02,greedy,ZYZZYVA,4.0,0.5,0.0568,1,1,1,FINALIZED_WITHIN_C2_LIMIT,0.133927,1.305
6341,40000.0,0.02,greedy,ZYZZYVA,4.0,0.5,0.0568,1,1,1,FINALIZED_WITHIN_C2_LIMIT,0.132843,1.162
6342,40000.0,0.02,greedy,ZYZZYVA,4.0,0.5,0.0568,1,1,1,FINALIZED_WITHIN_C2_LIMIT,0.123526,1.361
6343,40000.0,0.02,greedy,ZYZZYVA,4.0,0.5,0.0568,1,1,1,FINALIZED_WITHIN_C2_LIMIT,0.081607,1.189
6344,40000.0,0.02,greedy,ZYZZYVA,4.0,0.5,0.0568,1,1,1,FINALIZED_WITHIN_C2_LIMIT,0.298059,1.18
6345,40000.0,0.02,greedy,ZYZZYVA,4.0,0.5,0.0568,1,1,1,FINALIZED_WITHIN_C2_LIMIT,0.447126,1.327
6346,40000.0,0.02,greedy,ZYZZYVA,4.0,0.5,0.059,1,1,1,FINALIZED_WITHIN_C2_LIMIT,0.088287,1.208
6347,40000.0,0.02,greedy,ZYZZYVA,4.0,0.5,0.0568,1,1,1,FINALIZED_WITHIN_C2_LIMIT,0.141734,1.128
6348,40000.0,0.02,greedy,ZYZZYVA,4.0,0.5,0.059,1,1,1,FINALIZED_WITHIN_C2_LIMIT,0.260414,1.296
6349,40000.0,0.02,greedy,ZYZZYVA,4.0,0.5,0.059,1,1,1,FINALIZED_WITHIN_C2_LIMIT,0.257999,1.282
6350,40000.0,0.02,greedy,ZYZZYVA,4.0,0.5,0.059,1,1,1,FINALIZED_WITHIN_C2_LIMIT,0.176349,1.252
6351,40000.0,0.02,greedy,ZYZZYVA,4.0,0.5,0.059,1,1,1,FINALIZED_WITHIN_C2_LIMIT,0.282484,1.355
6352,40000.0,0.02,greedy,ZYZZYVA,4.0,0.5,0.0722,1,1,1,FINALIZED_WITHIN_C2_LIMIT,0.347846,1.31
6353,40000.0,0.02,greedy,ZYZZYVA,4.0,0.5,0.0722,1,1,1,FINALIZED_WITHIN_C2_LIMIT,0.165681,1.405
6354,40000.0,0.02,greedy,ZYZZYVA,4.0,0.5,0.0722,1,1,1,FINALIZED_WITHIN_C2_LIMIT,0.314436,1.375
6355,40000.0,0.02,greedy,ZYZZYVA,4.0,0.5,0.0722,1,1,1,FINALIZED_WITHIN_C2_LIMIT,0.054667,1.188
6356,40000.0,0.02,greedy,ZYZZYVA,4.0,0.5,0.0722,1,1,1,FINALIZED_WITHIN_C2_LIMIT,0.275442,1.297
6357,40000.0,0.02,greedy,ZYZZYVA,4.0,0.5,0.0722,1,1,1,FINALIZED_WITHIN_C2_LIMIT,0.37047,1.195
6358,40000.0,0.02,greedy,ZYZZYVA,4.0,0.5,0.0722,1,1,1,FINALIZED_WITHIN_C2_LIMIT,0.311351,1.407
6359,40000.0,0.02,greedy,ZYZZYVA,4.0,0.5,0.0722,1,1,1,FINALIZED_WITHIN_C2_LIMIT,0.299131,1.301
6360,40000.0,0.02,greedy,ZYZZYVA,4.0,0.5,0.0722,1,1,1,FINALIZED_WITHIN_C2_LIMIT,0.237053,1.291
6361,40000.0,0.02,greedy,ZYZZYVA,4.0,0.5,0.0722,1,1,1,FINALIZED_WITHIN_C2_LIMIT,0.135214,1.272
6362,40000.0,0.02,greedy,ZYZZYVA,4.0,0.5,0.0722,1,1,1,FINALIZED_WITHIN_C2_LIMIT,0.11535,1.293
6363,40000.0,0.02,greedy,ZYZZYVA,4.0,0.5,0.0722,1,1,1,FINALIZED_WITHIN_C2_LIMIT,0.448883,1.288
6364,40000.0,0.02,greedy,ZYZZYVA,4.0,0.5,0.0722,1,1,1,FINALIZED_WITHIN_C2_LIMIT,0.07643,1.218
6365,40000.0,0.02,greedy,ZYZZYVA,4.0,0.5,0.0722,1,1,1,FINALIZED_WITHIN_C2_LIMIT,0.274998,1.335
6366,40000.0,0.02,greedy,ZYZZYVA,4.0,0.5,0.0722,1,1,1,FINALIZED_WITHIN_C2_LIMIT,0.469388,1.329
6367,40000.0,0.02,greedy,ZYZZYVA,4.0,0.5,0.0722,1,1,1,FINALIZED_WITHIN_C2_LIMIT,0.265939,1.226
6368,40000.0,0.02,greedy,ZYZZYVA,4.0,0.5,0.0722,1,1,1,FINALIZED_WITHIN_C2_LIMIT,0.078197,1.217
6369,40000.0,0.02,greedy,ZYZZYVA,4.0,0.5,0.0722,1,1,1,FINALIZED_WITHIN_C2_LIMIT,0.200206,1.272
6370,40000.0,0.02,greedy,ZYZZYVA,4.0,0.5,0.0722,1,1,1,FINALIZED_WITHIN_C2_LIMIT,0.096188,1.246
6371,40000.0,0.02,greedy,ZYZZYVA,4.0,0.5,0.0722,1,1,1,FINALIZED_WITHIN_C2_LIMIT,0.122025,1.208
6372,40000.0,0.02,greedy,ZYZZYVA,4.0,0.5,0.0722,1,1,1,FINALIZED_WITHIN_C2_LIMIT,0.106829,1.251
6373,40000.0,0.02,greedy,ZYZZYVA,4.0,0.5,0.0722,1,1,1,FINALIZED_WITHIN_C2_LIMIT,0.103025,1.425
6374,40000.0,0.02,greedy,ZYZZYVA,4.0,0.5,0.0722,1,1,1,FINALIZED_WITHIN_C2_LIMIT,0.387468,1.249
6375,40000.0,0.02,greedy,ZYZZYVA,4.0,0.5,0.0722,1,1,1,FINALIZED_WITHIN_C2_LIMIT,0.470094,1.362
6376,40000.0,0.02,greedy,ZYZZYVA,4.0,0.5,0.0722,1,1,1,FINALIZED_WITHIN_C2_LIMIT,0.197207,1.212
6377,40000.0,0.02,greedy,ZYZZYVA,4.0,0.5,0.0722,1,1,1,FINALIZED_WITHIN_C2_LIMIT,0.261199,1.179
6378,40000.0,0.02,greedy,ZYZZYVA,4.0,0.5,0.059,1,1,1,FINALIZED_WITHIN_C2_LIMIT,0.39603,1.181
6379,40000.0,0.02,greedy,ZYZZYVA,4.0,0.5,0.0722,1,1,1,FINALIZED_WITHIN_C2_LIMIT,0.306171,1.217
6380,40000.0,0.02,greedy,ZYZZYVA,4.0,0.5,0.0722,1,1,1,FINALIZED_WITHIN_C2_LIMIT,0.084921,1.305
6381,40000.0,0.02,greedy,ZYZZYVA,4.0,0.5,0.0722,1,1,1,FINALIZED_WITHIN_C2_LIMIT,0.056358,1.235
6382,40000.0,0.02,greedy,ZYZZYVA,4.0,0.5,0.0722,1,1,1,FINALIZED_WITHIN_C2_LIMIT,0.07744,1.275
6383,40000.0,0.02,greedy,ZYZZYVA,4.0,0.5,0.0722,1,1,1,FINALIZED_WITHIN_C2_LIMIT,0.209067,1.224
6384,40000.0,0.02,greedy,ZYZZYVA,4.0,0.5,0.0722,1,1,1,FINALIZED_WITHIN_C2_LIMIT,0.121965,1.454
6385,40000.0,0.02,greedy,ZYZZYVA,4.0,0.5,0.0722,1,1,1,FINALIZED_WITHIN_C2_LIMIT,0.056557,1.29
6386,40000.0,0.02,greedy,ZYZZYVA,4.0,0.5,0.0722,1,1,1,FINALIZED_WITHIN_C2_LIMIT,0.203339,1.257
6387,40000.0,0.02,greedy,ZYZZYVA,4.0,0.5,0.0722,1,1,1,FINALIZED_WITHIN_C2_LIMIT,0.479927,1.202
6388,40000.0,0.02,greedy,ZYZZYVA,4.0,0.5,0.0722,1,1,1,FINALIZED_WITHIN_C2_LIMIT,0.110759,1.22
6389,40000.0,0.02,greedy,ZYZZYVA,4.0,0.5,0.0722,1,1,1,FINALIZED_WITHIN_C2_LIMIT,0.341312,1.312
6390,40000.0,0.02,greedy,ZYZZYVA,4.0,0.5,0.0722,1,1,1,FINALIZED_WITHIN_C2_LIMIT,0.497419,1.257
6391,40000.0,0.02,greedy,ZYZZYVA,4.0,0.5,0.0722,1,1,1,FINALIZED_WITHIN_C2_LIMIT,0.263885,1.306
6392,40000.0,0.02,greedy,ZYZZYVA,4.0,0.5,0.0722,1,1,1,FINALIZED_WITHIN_C2_LIMIT,0.104614,1.255
6393,40000.0,0.02,greedy,ZYZZYVA,4.0,0.5,0.0722,1,1,1,FINALIZED_WITHIN_C2_LIMIT,0.050607,1.269
6394,40000.0,0.02,greedy,ZYZZYVA,4.0,0.5,0.0722,1,1,1,FINALIZED_WITHIN_C2_LIMIT,0.194925,1.227
6395,40000.0,0.02,greedy,ZYZZYVA,4.0,0.5,0.0722,1,1,1,FINALIZED_WITHIN_C2_LIMIT,0.076791,1.216
6396,40000.0,0.02,greedy,ZYZZYVA,4.0,0.5,0.0722,1,1,1,FINALIZED_WITHIN_C2_LIMIT,0.055767,1.144
6397,40000.0,0.02,greedy,ZYZZYVA,4.0,0.5,0.0722,1,1,1,FINALIZED_WITHIN_C2_LIMIT,0.028912,1.401
6398,40000.0,0.02,greedy,ZYZZYVA,4.0,0.5,0.0722,1,1,1,FINALIZED_WITHIN_C2_LIMIT,0.202737,1.392
6399,40000.0,0.02,greedy,ZYZZYVA,4.0,0.5,0.059,1,1,1,FINALIZED_WITHIN_C2_LIMIT,0.036202,1.279
6400,40000.0,0.02,greedy,ZYZZYVA,4.0,0.5,0.059,1,1,1,FINALIZED_WITHIN_C2_LIMIT,0.060595,1.182
6401,40000.0,0.02,greedy,ZYZZYVA,4.0,0.5,0.053,1,1,1,FINALIZED_WITHIN_C2_LIMIT,0.081212,1.431
6402,40000.0,0.02,greedy,ZYZZYVA,4.0,0.5,0.053,1,1,1,FINALIZED_WITHIN_C2_LIMIT,0.084617,1.363
6403,40000.0,0.02,greedy,ZYZZYVA,4.0,0.5,0.053,1,1,1,FINALIZED_WITHIN_C2_LIMIT,0.036376,1.374
6404,40000.0,0.02,greedy,ZYZZYVA,4.0,0.5,0.059,1,1,1,FINALIZED_WITHIN_C2_LIMIT,0.305224,1.329
6405,40000.0,0.02,greedy,ZYZZYVA,4.0,0.5,0.059,1,1,1,FINALIZED_WITHIN_C2_LIMIT,0.352141,1.345
6406,40000.0,0.02,greedy,ZYZZYVA,4.0,0.5,0.053,1,1,1,FINALIZED_WITHIN_C2_LIMIT,0.2503,1.529
6407,40000.0,0.02,greedy,ZYZZYVA,4.0,0.5,0.053,1,1,1,FINALIZED_WITHIN_C2_LIMIT,0.342321,1.201
6408,40000.0,0.02,greedy,ZYZZYVA,4.0,0.5,0.053,1,1,1,FINALIZED_WITHIN_C2_LIMIT,0.530854,1.335
6409,40000.0,0.02,greedy,ZYZZYVA,4.0,0.5,0.053,1,1,1,FINALIZED_WITHIN_C2_LIMIT,0.333576,1.399
6410,40000.0,0.02,greedy,ZYZZYVA,4.0,0.5,0.053,1,1,1,FINALIZED_WITHIN_C2_LIMIT,0.129123,1.404
6411,40000.0,0.02,greedy,ZYZZYVA,4.0,0.5,0.053,1,1,1,FINALIZED_WITHIN_C2_LIMIT,1.069042,1.272
6412,40000.0,0.02,greedy,ZYZZYVA,4.0,0.5,0.053,1,1,1,FINALIZED_WITHIN_C2_LIMIT,1.937065,1.423
6413,40000.0,0.02,greedy,ZYZZYVA,4.0,0.5,0.0595,1,1,1,FINALIZED_WITHIN_C2_LIMIT,1.982405,1.429
6414,40000.0,0.02,greedy,ZYZZYVA,4.0,0.5,0.0595,1,1,1,FINALIZED_WITHIN_C2_LIMIT,0.938612,1.399
6415,40000.0,0.02,greedy,ZYZZYVA,4.0,0.5,0.053,1,1,1,FINALIZED_WITHIN_C2_LIMIT,0.28852,1.33
6416,40000.0,0.02,greedy,ZYZZYVA,4.0,0.5,0.059,1,1,1,FINALIZED_WITHIN_C2_LIMIT,1.030252,1.192
6417,40000.0,0.02,greedy,ZYZZYVA,4.0,0.5,0.059,1,1,1,FINALIZED_WITHIN_C2_LIMIT,2.160623,1.216
6418,40000.0,0.02,greedy,ZYZZYVA,4.0,0.5,0.053,1,1,1,FINALIZED_WITHIN_C2_LIMIT,2.37887,1.209
6419,40000.0,0.02,greedy,ZYZZYVA,4.0,0.5,0.059,1,1,1,FINALIZED_WITHIN_C2_LIMIT,1.983723,1.335
6420,40000.0,0.02,greedy,ZYZZYVA,4.0,0.5,0.053,1,1,1,FINALIZED_WITHIN_C2_LIMIT,0.821376,1.326
6421,40000.0,0.02,greedy,ZYZZYVA,4.0,0.5,0.053,1,1,1,FINALIZED_WITHIN_C2_LIMIT,0.144441,1.252
6422,40000.0,0.02,greedy,ZYZZYVA,4.0,0.5,0.053,1,1,1,FINALIZED_WITHIN_C2_LIMIT,0.344146,1.237
6423,40000.0,0.02,greedy,ZYZZYVA,4.0,0.5,0.053,1,1,1,FINALIZED_WITHIN_C2_LIMIT,0.434464,1.271
6424,40000.0,0.02,greedy,ZYZZYVA,4.0,0.5,0.053,1,1,1,FINALIZED_WITHIN_C2_LIMIT,0.208784,1.286
6425,40000.0,0.02,greedy,ZYZZYVA,4.0,0.5,0.059,1,1,1,FINALIZED_WITHIN_C2_LIMIT,0.195731,1.313
6426,40000.0,0.02,greedy,ZYZZYVA,4.0,0.5,0.059,1,1,1,FINALIZED_WITHIN_C2_LIMIT,0.39858,1.291
6427,40000.0,0.02,greedy,ZYZZYVA,4.0,0.5,0.059,1,1,1,FINALIZED_WITHIN_C2_LIMIT,0.145905,1.319
6428,40000.0,0.02,greedy,ZYZZYVA,4.0,0.5,0.053,1,1,1,FINALIZED_WITHIN_C2_LIMIT,0.13714,1.376
6429,40000.0,0.02,greedy,ZYZZYVA,4.0,0.5,0.053,1,1,1,FINALIZED_WITHIN_C2_LIMIT,0.169685,1.216
6430,40000.0,0.02,greedy,ZYZZYVA,4.0,0.5,0.059,1,1,1,FINALIZED_WITHIN_C2_LIMIT,0.088083,1.216
6431,40000.0,0.02,greedy,ZYZZYVA,4.0,0.5,0.059,1,1,1,FINALIZED_WITHIN_C2_LIMIT,0.365718,1.233
6432,40000.0,0.02,greedy,ZYZZYVA,4.0,0.5,0.0616,1,1,1,FINALIZED_WITHIN_C2_LIMIT,0.518961,1.254
6433,40000.0,0.02,greedy,ZYZZYVA,4.0,0.5,0.0616,1,1,1,FINALIZED_WITHIN_C2_LIMIT,0.382523,1.256
6434,40000.0,0.02,greedy,ZYZZYVA,4.0,0.5,0.059,1,1,1,FINALIZED_WITHIN_C2_LIMIT,0.109747,1.459
6435,40000.0,0.02,greedy,ZYZZYVA,4.0,0.5,0.059,1,1,1,FINALIZED_WITHIN_C2_LIMIT,0.094495,1.559
6436,40000.0,0.02,greedy,ZYZZYVA,4.0,0.5,0.059,1,1,1,FINALIZED_WITHIN_C2_LIMIT,0.231421,1.435
6437,40000.0,0.02,greedy,ZYZZYVA,4.0,0.5,0.059,1,1,1,FINALIZED_WITHIN_C2_LIMIT,0.140006,1.252
6438,2222.222,0.02,explore,LIU_QUORUM,4.0,9.0,0.0558,1,1,1,FINALIZED_WITHIN_C2_LIMIT,0.139211,1.374
6439,40000.0,0.02,greedy,ZYZZYVA,4.0,0.5,0.0616,1,1,1,FINALIZED_WITHIN_C2_LIMIT,0.19784,1.252
6440,40000.0,0.02,greedy,ZYZZYVA,4.0,0.5,0.0616,1,1,1,FINALIZED_WITHIN_C2_LIMIT,0.050022,1.349
6441,40000.0,0.02,greedy,ZYZZYVA,4.0,0.5,0.0616,1,1,1,FINALIZED_WITHIN_C2_LIMIT,0.151129,1.158
6442,40000.0,0.02,greedy,ZYZZYVA,4.0,0.5,0.053,1,1,1,FINALIZED_WITHIN_C2_LIMIT,0.026097,1.369
6443,40000.0,0.02,greedy,ZYZZYVA,4.0,0.5,0.053,1,1,1,FINALIZED_WITHIN_C2_LIMIT,0.191827,1.28
6444,40000.0,0.02,greedy,ZYZZYVA,4.0,0.5,0.053,1,1,1,FINALIZED_WITHIN_C2_LIMIT,0.054611,1.167
6445,40000.0,0.02,greedy,ZYZZYVA,4.0,0.5,0.0595,1,1,1,FINALIZED_WITHIN_C2_LIMIT,0.128776,1.19
6446,40000.0,0.02,greedy,ZYZZYVA,4.0,0.5,0.0595,1,1,1,FINALIZED_WITHIN_C2_LIMIT,0.276591,1.191
6447,40000.0,0.02,greedy,ZYZZYVA,4.0,0.5,0.0595,1,1,1,FINALIZED_WITHIN_C2_LIMIT,0.111726,1.297
6448,40000.0,0.02,greedy,ZYZZYVA,4.0,0.5,0.0595,1,1,1,FINALIZED_WITHIN_C2_LIMIT,0.362844,1.147
6449,40000.0,0.02,greedy,ZYZZYVA,4.0,0.5,0.0595,1,1,1,FINALIZED_WITHIN_C2_LIMIT,0.52562,1.132
6450,40000.0,0.02,greedy,ZYZZYVA,4.0,0.5,0.0743,1,1,1,FINALIZED_WITHIN_C2_LIMIT,0.513686,1.077
6451,40000.0,0.02,greedy,ZYZZYVA,4.0,0.5,0.0746,1,1,1,FINALIZED_WITHIN_C2_LIMIT,0.022123,1.079
6452,40000.0,0.02,greedy,ZYZZYVA,4.0,0.5,0.0808,1,1,1,FINALIZED_WITHIN_C2_LIMIT,0.070675,1.145
6453,40000.0,0.02,greedy,ZYZZYVA,4.0,0.5,0.0808,1,1,1,FINALIZED_WITHIN_C2_LIMIT,0.052617,1.315
6454,40000.0,0.02,greedy,ZYZZYVA,4.0,0.5,0.0746,1,1,1,FINALIZED_WITHIN_C2_LIMIT,0.377145,1.168
6455,40000.0,0.02,greedy,ZYZZYVA,4.0,0.5,0.0746,1,1,1,FINALIZED_WITHIN_C2_LIMIT,0.217906,1.307
6456,40000.0,0.02,greedy,ZYZZYVA,4.0,0.5,0.0746,1,1,1,FINALIZED_WITHIN_C2_LIMIT,0.054712,1.278
6457,40000.0,0.02,greedy,ZYZZYVA,4.0,0.5,0.0808,1,1,1,FINALIZED_WITHIN_C2_LIMIT,0.216294,1.308
6458,40000.0,0.02,greedy,ZYZZYVA,4.0,0.5,0.0808,1,1,1,FINALIZED_WITHIN_C2_LIMIT,0.459106,1.266
6459,40000.0,0.02,greedy,ZYZZYVA,4.0,0.5,0.0746,1,1,1,FINALIZED_WITHIN_C2_LIMIT,0.185941,1.47
6460,40000.0,0.02,greedy,ZYZZYVA,4.0,0.5,0.0743,1,1,1,FINALIZED_WITHIN_C2_LIMIT,0.177537,1.349
6461,40000.0,0.02,greedy,ZYZZYVA,4.0,0.5,0.0743,1,1,1,FINALIZED_WITHIN_C2_LIMIT,0.13641,1.189
6462,40000.0,0.02,greedy,ZYZZYVA,4.0,0.5,0.0746,1,1,1,FINALIZED_WITHIN_C2_LIMIT,0.237861,1.238
6463,40000.0,0.02,greedy,ZYZZYVA,4.0,0.5,0.0808,1,1,1,FINALIZED_WITHIN_C2_LIMIT,0.451964,1.247
6464,40000.0,0.02,greedy,ZYZZYVA,4.0,0.5,0.0808,1,1,1,FINALIZED_WITHIN_C2_LIMIT,0.681758,1.249
6465,40000.0,0.02,greedy,ZYZZYVA,4.0,0.5,0.0808,1,1,1,FINALIZED_WITHIN_C2_LIMIT,0.445914,1.232
6466,40000.0,0.02,greedy,ZYZZYVA,4.0,0.5,0.0743,1,1,1,FINALIZED_WITHIN_C2_LIMIT,0.135961,1.177
6467,40000.0,0.02,greedy,ZYZZYVA,4.0,0.5,0.0743,1,1,1,FINALIZED_WITHIN_C2_LIMIT,0.122564,1.235
6468,40000.0,0.02,greedy,ZYZZYVA,4.0,0.5,0.0808,1,1,1,FINALIZED_WITHIN_C2_LIMIT,0.146034,1.222
6469,40000.0,0.02,greedy,ZYZZYVA,4.0,0.5,0.0808,1,1,1,FINALIZED_WITHIN_C2_LIMIT,0.072654,1.234
6470,40000.0,0.02,greedy,ZYZZYVA,4.0,0.5,0.0808,1,1,1,FINALIZED_WITHIN_C2_LIMIT,0.107996,1.363
6471,40000.0,0.02,greedy,ZYZZYVA,4.0,0.5,0.0808,1,1,1,FINALIZED_WITHIN_C2_LIMIT,0.040152,1.242
6472,40000.0,0.02,greedy,ZYZZYVA,4.0,0.5,0.0808,1,1,1,FINALIZED_WITHIN_C2_LIMIT,0.037051,1.212
6473,40000.0,0.02,greedy,ZYZZYVA,4.0,0.5,0.0808,1,1,1,FINALIZED_WITHIN_C2_LIMIT,0.178392,1.269
6474,40000.0,0.02,greedy,ZYZZYVA,4.0,0.5,0.0808,1,1,1,FINALIZED_WITHIN_C2_LIMIT,0.15423,1.172
6475,40000.0,0.02,greedy,ZYZZYVA,4.0,0.5,0.0808,1,1,1,FINALIZED_WITHIN_C2_LIMIT,0.025575,1.2
6476,40000.0,0.02,greedy,ZYZZYVA,4.0,0.5,0.075,1,1,1,FINALIZED_WITHIN_C2_LIMIT,0.039501,1.276
6477,40000.0,0.02,greedy,ZYZZYVA,4.0,0.5,0.075,1,1,1,FINALIZED_WITHIN_C2_LIMIT,0.190416,1.129
6478,40000.0,0.02,greedy,ZYZZYVA,4.0,0.5,0.0733,1,1,1,FINALIZED_WITHIN_C2_LIMIT,0.216482,1.192
6479,40000.0,0.02,greedy,ZYZZYVA,4.0,0.5,0.0743,1,1,1,FINALIZED_WITHIN_C2_LIMIT,0.028453,1.231
6480,40000.0,0.02,greedy,ZYZZYVA,4.0,0.5,0.0743,1,1,1,FINALIZED_WITHIN_C2_LIMIT,0.108951,1.269
6481,40000.0,0.02,greedy,ZYZZYVA,4.0,0.5,0.0733,1,1,1,FINALIZED_WITHIN_C2_LIMIT,0.177944,1.387
6482,40000.0,0.02,greedy,ZYZZYVA,4.0,0.5,0.075,1,1,1,FINALIZED_WITHIN_C2_LIMIT,0.163265,1.325
6483,40000.0,0.02,greedy,ZYZZYVA,4.0,0.5,0.0743,1,1,1,FINALIZED_WITHIN_C2_LIMIT,0.034607,1.413
6484,40000.0,0.02,greedy,ZYZZYVA,4.0,0.5,0.0743,1,1,1,FINALIZED_WITHIN_C2_LIMIT,0.059197,1.479
6485,40000.0,0.02,greedy,ZYZZYVA,4.0,0.5,0.0733,1,1,1,FINALIZED_WITHIN_C2_LIMIT,0.322482,1.402
6486,40000.0,0.02,greedy,ZYZZYVA,4.0,0.5,0.0808,1,1,1,FINALIZED_WITHIN_C2_LIMIT,0.259855,1.325
6487,40000.0,0.02,greedy,ZYZZYVA,4.0,0.5,0.0808,1,1,1,FINALIZED_WITHIN_C2_LIMIT,0.117434,1.339
6488,40000.0,0.02,greedy,ZYZZYVA,4.0,0.5,0.0891,1,1,1,FINALIZED_WITHIN_C2_LIMIT,0.208603,1.288
6489,40000.0,0.02,greedy,ZYZZYVA,4.0,0.5,0.1039,1,1,1,FINALIZED_WITHIN_C2_LIMIT,0.177623,1.47
6490,40000.0,0.02,greedy,ZYZZYVA,4.0,0.5,0.1213,1,1,1,FINALIZED_WITHIN_C2_LIMIT,0.073886,1.433
6491,40000.0,0.02,greedy,ZYZZYVA,4.0,0.5,0.1213,1,1,1,FINALIZED_WITHIN_C2_LIMIT,0.112833,1.279
6492,40000.0,0.02,greedy,ZYZZYVA,4.0,0.5,0.1213,1,1,1,FINALIZED_WITHIN_C2_LIMIT,0.283191,1.191
6493,40000.0,0.02,greedy,ZYZZYVA,4.0,0.5,0.1213,1,1,1,FINALIZED_WITHIN_C2_LIMIT,0.39058,1.261
6494,40000.0,0.02,greedy,ZYZZYVA,4.0,0.5,0.1206,1,1,1,FINALIZED_WITHIN_C2_LIMIT,0.04537,1.26
6495,40000.0,0.02,greedy,ZYZZYVA,4.0,0.5,0.1213,1,1,1,FINALIZED_WITHIN_C2_LIMIT,0.11615,1.439
6496,40000.0,0.02,greedy,ZYZZYVA,4.0,0.5,0.1206,1,1,1,FINALIZED_WITHIN_C2_LIMIT,0.227062,1.277
6497,40000.0,0.02,greedy,ZYZZYVA,4.0,0.5,0.1204,1,1,1,FINALIZED_WITHIN_C2_LIMIT,0.102562,1.385
6498,40000.0,0.02,greedy,ZYZZYVA,4.0,0.5,0.1039,1,1,1,FINALIZED_WITHIN_C2_LIMIT,0.179252,1.264
6499,40000.0,0.02,greedy,ZYZZYVA,4.0,0.5,0.1039,1,1,1,FINALIZED_WITHIN_C2_LIMIT,0.048879,1.286
6500,40000.0,0.02,greedy,ZYZZYVA,4.0,0.5,0.1039,1,1,1,FINALIZED_WITHIN_C2_LIMIT,0.510184,1.264
6501,40000.0,0.02,greedy,ZYZZYVA,4.0,0.5,0.1039,1,1,1,FINALIZED_WITHIN_C2_LIMIT,0.387165,1.326
6502,40000.0,0.02,greedy,ZYZZYVA,4.0,0.5,0.1039,1,1,1,FINALIZED_WITHIN_C2_LIMIT,0.086506,1.356
6503,40000.0,0.02,greedy,ZYZZYVA,4.0,0.5,0.1039,1,1,1,FINALIZED_WITHIN_C2_LIMIT,0.134364,1.535
6504,40000.0,0.02,greedy,ZYZZYVA,4.0,0.5,0.1039,1,1,1,FINALIZED_WITHIN_C2_LIMIT,0.310427,1.335
6505,40000.0,0.02,greedy,ZYZZYVA,4.0,0.5,0.1039,1,1,1,FINALIZED_WITHIN_C2_LIMIT,0.220745,1.32
6506,40000.0,0.02,greedy,ZYZZYVA,4.0,0.5,0.1039,1,1,1,FINALIZED_WITHIN_C2_LIMIT,0.085505,1.281
6507,40000.0,0.02,greedy,ZYZZYVA,4.0,0.5,0.1039,1,1,1,FINALIZED_WITHIN_C2_LIMIT,0.178108,1.236
6508,40000.0,0.02,greedy,ZYZZYVA,4.0,0.5,0.1039,1,1,1,FINALIZED_WITHIN_C2_LIMIT,0.256318,1.236
6509,40000.0,0.02,greedy,ZYZZYVA,4.0,0.5,0.1039,1,1,1,FINALIZED_WITHIN_C2_LIMIT,0.166484,1.435
6510,40000.0,0.02,greedy,ZYZZYVA,4.0,0.5,0.1039,1,1,1,FINALIZED_WITHIN_C2_LIMIT,0.117571,1.269
6511,40000.0,0.02,greedy,ZYZZYVA,4.0,0.5,0.1039,1,1,1,FINALIZED_WITHIN_C2_LIMIT,0.259635,1.372
6512,40000.0,0.02,greedy,ZYZZYVA,4.0,0.5,0.1039,1,1,1,FINALIZED_WITHIN_C2_LIMIT,0.501016,1.272
6513,40000.0,0.02,greedy,ZYZZYVA,4.0,0.5,0.1204,1,1,1,FINALIZED_WITHIN_C2_LIMIT,0.353013,1.223
6514,40000.0,0.02,greedy,ZYZZYVA,4.0,0.5,0.1039,1,1,1,FINALIZED_WITHIN_C2_LIMIT,0.141192,1.237
6515,40000.0,0.02,greedy,ZYZZYVA,4.0,0.5,0.1039,1,1,1,FINALIZED_WITHIN_C2_LIMIT,0.196851,1.235
6516,40000.0,0.02,greedy,ZYZZYVA,4.0,0.5,0.1039,1,1,1,FINALIZED_WITHIN_C2_LIMIT,0.319512,1.259
6517,40000.0,0.02,greedy,ZYZZYVA,4.0,0.5,0.1039,1,1,1,FINALIZED_WITHIN_C2_LIMIT,0.286281,1.196
6518,40000.0,0.02,greedy,ZYZZYVA,4.0,0.5,0.1206,1,1,1,FINALIZED_WITHIN_C2_LIMIT,0.130965,1.332
6519,40000.0,0.02,greedy,ZYZZYVA,4.0,0.5,0.1206,1,1,1,FINALIZED_WITHIN_C2_LIMIT,0.093117,1.236
6520,40000.0,0.02,greedy,ZYZZYVA,4.0,0.5,0.1204,1,1,1,FINALIZED_WITHIN_C2_LIMIT,0.176084,1.334
6521,40000.0,0.02,greedy,ZYZZYVA,4.0,0.5,0.1204,1,1,1,FINALIZED_WITHIN_C2_LIMIT,0.30855,1.321
6522,40000.0,0.02,greedy,ZYZZYVA,4.0,0.5,0.1391,1,1,1,FINALIZED_WITHIN_C2_LIMIT,0.180655,1.276
6523,40000.0,0.02,greedy,ZYZZYVA,4.0,0.5,0.1391,1,1,1,FINALIZED_WITHIN_C2_LIMIT,0.188069,1.307
6524,40000.0,0.02,greedy,ZYZZYVA,4.0,0.5,0.1213,1,1,1,FINALIZED_WITHIN_C2_LIMIT,0.164221,1.366
6525,40000.0,0.02,greedy,ZYZZYVA,4.0,0.5,0.1213,1,1,1,FINALIZED_WITHIN_C2_LIMIT,0.122919,1.588
6526,40000.0,0.02,greedy,ZYZZYVA,4.0,0.5,0.1213,1,1,1,FINALIZED_WITHIN_C2_LIMIT,0.135533,1.342
6527,40000.0,0.02,greedy,ZYZZYVA,4.0,0.5,0.1391,1,1,1,FINALIZED_WITHIN_C2_LIMIT,0.270236,1.327
6528,40000.0,0.02,greedy,ZYZZYVA,4.0,0.5,0.1391,1,1,1,FINALIZED_WITHIN_C2_LIMIT,0.086512,1.248
6529,40000.0,0.02,greedy,ZYZZYVA,4.0,0.5,0.1391,1,1,1,FINALIZED_WITHIN_C2_LIMIT,0.114191,1.251
6530,40000.0,0.02,greedy,ZYZZYVA,4.0,0.5,0.1391,1,1,1,FINALIZED_WITHIN_C2_LIMIT,0.340468,1.374
6531,40000.0,0.02,greedy,ZYZZYVA,4.0,0.5,0.1391,1,1,1,FINALIZED_WITHIN_C2_LIMIT,0.257854,1.359
6532,40000.0,0.02,greedy,ZYZZYVA,4.0,0.5,0.1391,1,1,1,FINALIZED_WITHIN_C2_LIMIT,0.063064,1.309
6533,40000.0,0.02,greedy,ZYZZYVA,4.0,0.5,0.1391,1,1,1,FINALIZED_WITHIN_C2_LIMIT,0.188779,1.32
6534,40000.0,0.02,greedy,ZYZZYVA,4.0,0.5,0.1391,1,1,1,FINALIZED_WITHIN_C2_LIMIT,0.238873,1.333
6535,40000.0,0.02,greedy,ZYZZYVA,4.0,0.5,0.1391,1,1,1,FINALIZED_WITHIN_C2_LIMIT,0.347819,1.371
6536,40000.0,0.02,greedy,ZYZZYVA,4.0,0.5,0.1391,1,1,1,FINALIZED_WITHIN_C2_LIMIT,0.112691,1.314
6537,40000.0,0.02,greedy,ZYZZYVA,4.0,0.5,0.1391,1,1,1,FINALIZED_WITHIN_C2_LIMIT,0.074152,1.322
6538,40000.0,0.02,greedy,ZYZZYVA,4.0,0.5,0.1391,1,1,1,FINALIZED_WITHIN_C2_LIMIT,0.311403,1.168
6539,40000.0,0.02,greedy,ZYZZYVA,4.0,0.5,0.1391,1,1,1,FINALIZED_WITHIN_C2_LIMIT,0.230569,1.336
6540,40000.0,0.02,greedy,ZYZZYVA,4.0,0.5,0.1391,1,1,1,FINALIZED_WITHIN_C2_LIMIT,0.030252,1.253
6541,40000.0,0.02,greedy,ZYZZYVA,4.0,0.5,0.1391,1,1,1,FINALIZED_WITHIN_C2_LIMIT,0.036719,1.211
6542,40000.0,0.02,greedy,ZYZZYVA,4.0,0.5,0.1213,1,1,1,FINALIZED_WITHIN_C2_LIMIT,0.320725,1.325
6543,40000.0,0.02,greedy,ZYZZYVA,4.0,0.5,0.1213,1,1,1,FINALIZED_WITHIN_C2_LIMIT,0.289917,1.309
6544,40000.0,0.02,greedy,ZYZZYVA,4.0,0.5,0.1391,1,1,1,FINALIZED_WITHIN_C2_LIMIT,0.032185,1.3
6545,40000.0,0.02,greedy,ZYZZYVA,4.0,0.5,0.1391,1,1,1,FINALIZED_WITHIN_C2_LIMIT,0.048399,1.276
6546,40000.0,0.02,greedy,ZYZZYVA,4.0,0.5,0.1391,1,1,1,FINALIZED_WITHIN_C2_LIMIT,0.24465,1.3
6547,40000.0,0.02,greedy,ZYZZYVA,4.0,0.5,0.1391,1,1,1,FINALIZED_WITHIN_C2_LIMIT,0.182833,1.31
6548,40000.0,0.02,greedy,ZYZZYVA,4.0,0.5,0.1391,1,1,1,FINALIZED_WITHIN_C2_LIMIT,0.109798,1.344
6549,40000.0,0.02,greedy,ZYZZYVA,4.0,0.5,0.1391,1,1,1,FINALIZED_WITHIN_C2_LIMIT,0.149643,1.587
6550,40000.0,0.02,greedy,ZYZZYVA,4.0,0.5,0.1391,1,1,1,FINALIZED_WITHIN_C2_LIMIT,0.154267,1.519
6551,40000.0,0.02,greedy,ZYZZYVA,4.0,0.5,0.1391,1,1,1,FINALIZED_WITHIN_C2_LIMIT,0.203561,1.376
6552,40000.0,0.02,greedy,ZYZZYVA,4.0,0.5,0.1446,1,1,1,FINALIZED_WITHIN_C2_LIMIT,0.081891,1.254
6553,40000.0,0.02,greedy,ZYZZYVA,4.0,0.5,0.1446,1,1,1,FINALIZED_WITHIN_C2_LIMIT,0.233896,1.308
6554,40000.0,0.02,greedy,ZYZZYVA,4.0,0.5,0.1385,1,1,1,FINALIZED_WITHIN_C2_LIMIT,0.200727,1.572
6555,40000.0,0.02,greedy,ZYZZYVA,4.0,0.5,0.1446,1,1,1,FINALIZED_WITHIN_C2_LIMIT,0.080715,1.411
6556,40000.0,0.02,greedy,ZYZZYVA,4.0,0.5,0.1475,1,1,1,FINALIZED_WITHIN_C2_LIMIT,0.183257,1.462
6557,40000.0,0.02,greedy,ZYZZYVA,4.0,0.5,0.1475,1,1,1,FINALIZED_WITHIN_C2_LIMIT,0.080619,1.428
6558,40000.0,0.02,greedy,ZYZZYVA,4.0,0.5,0.1475,1,1,1,FINALIZED_WITHIN_C2_LIMIT,0.097846,1.529
6559,40000.0,0.02,greedy,ZYZZYVA,4.0,0.5,0.1475,1,1,1,FINALIZED_WITHIN_C2_LIMIT,0.086674,1.253
6560,40000.0,0.02,greedy,ZYZZYVA,4.0,0.5,0.1475,1,1,1,FINALIZED_WITHIN_C2_LIMIT,0.267129,1.355
6561,40000.0,0.02,greedy,ZYZZYVA,4.0,0.5,0.1475,1,1,1,FINALIZED_WITHIN_C2_LIMIT,0.288361,1.278
6562,40000.0,0.02,greedy,ZYZZYVA,4.0,0.5,0.1475,1,1,1,FINALIZED_WITHIN_C2_LIMIT,0.090889,1.249
6563,40000.0,0.02,greedy,ZYZZYVA,4.0,0.5,0.1592,1,1,1,FINALIZED_WITHIN_C2_LIMIT,0.067247,1.415
6564,40000.0,0.02,greedy,ZYZZYVA,4.0,0.5,0.1592,1,1,1,FINALIZED_WITHIN_C2_LIMIT,0.123905,1.381
6565,40000.0,0.02,greedy,ZYZZYVA,4.0,0.5,0.1592,1,1,1,FINALIZED_WITHIN_C2_LIMIT,0.121962,1.559
6566,40000.0,0.02,greedy,ZYZZYVA,4.0,0.5,0.1592,1,1,1,FINALIZED_WITHIN_C2_LIMIT,0.082836,1.267
6567,40000.0,0.02,greedy,ZYZZYVA,4.0,0.5,0.1475,1,1,1,FINALIZED_WITHIN_C2_LIMIT,0.050525,1.175
6568,40000.0,0.02,greedy,ZYZZYVA,4.0,0.5,0.1859,1,1,1,FINALIZED_WITHIN_C2_LIMIT,0.147345,1.356
6569,40000.0,0.02,greedy,ZYZZYVA,4.0,0.5,0.1592,1,1,1,FINALIZED_WITHIN_C2_LIMIT,0.260514,1.418
6570,40000.0,0.02,greedy,ZYZZYVA,4.0,0.5,0.1475,1,1,1,FINALIZED_WITHIN_C2_LIMIT,0.061381,1.527
6571,40000.0,0.02,greedy,ZYZZYVA,4.0,0.5,0.1475,1,1,1,FINALIZED_WITHIN_C2_LIMIT,0.069308,1.301
6572,40000.0,0.02,greedy,ZYZZYVA,4.0,0.5,0.1592,1,1,1,FINALIZED_WITHIN_C2_LIMIT,0.201651,1.283
6573,40000.0,0.02,greedy,ZYZZYVA,4.0,0.5,0.1592,1,1,1,FINALIZED_WITHIN_C2_LIMIT,0.208197,1.38
6574,40000.0,0.02,greedy,ZYZZYVA,4.0,0.5,0.1475,1,1,1,FINALIZED_WITHIN_C2_LIMIT,0.089538,1.468
6575,40000.0,0.02,greedy,ZYZZYVA,4.0,0.5,0.1475,1,1,1,FINALIZED_WITHIN_C2_LIMIT,0.122418,1.368
6576,40000.0,0.02,greedy,ZYZZYVA,4.0,0.5,0.1475,1,1,1,FINALIZED_WITHIN_C2_LIMIT,0.236122,1.326
6577,8000.0,0.02,explore,LIU_QUORUM,4.0,2.5,0.1982,1,1,1,FINALIZED_WITHIN_C2_LIMIT,0.101025,1.22
6578,40000.0,0.02,greedy,ZYZZYVA,4.0,0.5,0.1385,1,1,1,FINALIZED_WITHIN_C2_LIMIT,0.196478,1.42
6579,40000.0,0.02,greedy,ZYZZYVA,4.0,0.5,0.1424,1,1,1,FINALIZED_WITHIN_C2_LIMIT,0.081337,1.299
6580,40000.0,0.02,greedy,ZYZZYVA,4.0,0.5,0.1475,1,1,1,FINALIZED_WITHIN_C2_LIMIT,0.222737,1.146
6581,40000.0,0.02,greedy,ZYZZYVA,4.0,0.5,0.1475,1,1,1,FINALIZED_WITHIN_C2_LIMIT,0.183969,1.195
6582,40000.0,0.02,greedy,ZYZZYVA,4.0,0.5,0.1424,1,1,1,FINALIZED_WITHIN_C2_LIMIT,0.082105,1.168
6583,40000.0,0.02,greedy,ZYZZYVA,4.0,0.5,0.1475,1,1,1,FINALIZED_WITHIN_C2_LIMIT,0.126699,1.24
6584,40000.0,0.02,greedy,ZYZZYVA,4.0,0.5,0.1475,1,1,1,FINALIZED_WITHIN_C2_LIMIT,0.174599,1.284
6585,40000.0,0.02,greedy,ZYZZYVA,4.0,0.5,0.1475,1,1,1,FINALIZED_WITHIN_C2_LIMIT,0.204803,1.133
6586,40000.0,0.02,greedy,ZYZZYVA,4.0,0.5,0.1475,1,1,1,FINALIZED_WITHIN_C2_LIMIT,0.132965,1.23
6587,40000.0,0.02,greedy,ZYZZYVA,4.0,0.5,0.1475,1,1,1,FINALIZED_WITHIN_C2_LIMIT,0.069609,1.329
6588,40000.0,0.02,greedy,ZYZZYVA,4.0,0.5,0.1475,1,1,1,FINALIZED_WITHIN_C2_LIMIT,0.131466,1.179
6589,40000.0,0.02,greedy,ZYZZYVA,4.0,0.5,0.1475,1,1,1,FINALIZED_WITHIN_C2_LIMIT,0.313026,1.185
6590,40000.0,0.02,greedy,ZYZZYVA,4.0,0.5,0.1424,1,1,1,FINALIZED_WITHIN_C2_LIMIT,0.092352,1.14
6591,40000.0,0.02,greedy,ZYZZYVA,4.0,0.5,0.1424,1,1,1,FINALIZED_WITHIN_C2_LIMIT,0.137076,1.154
6592,40000.0,0.02,greedy,ZYZZYVA,4.0,0.5,0.1424,1,1,1,FINALIZED_WITHIN_C2_LIMIT,0.147117,1.315
6593,40000.0,0.02,greedy,ZYZZYVA,4.0,0.5,0.1475,1,1,1,FINALIZED_WITHIN_C2_LIMIT,0.300034,1.262
6594,40000.0,0.02,greedy,ZYZZYVA,4.0,0.5,0.1475,1,1,1,FINALIZED_WITHIN_C2_LIMIT,0.190648,1.365
6595,40000.0,0.02,greedy,ZYZZYVA,4.0,0.5,0.1475,1,1,1,FINALIZED_WITHIN_C2_LIMIT,0.10705,1.204
6596,40000.0,0.02,greedy,ZYZZYVA,4.0,0.5,0.1475,1,1,1,FINALIZED_WITHIN_C2_LIMIT,0.127427,1.351
6597,40000.0,0.02,greedy,ZYZZYVA,4.0,0.5,0.1475,1,1,1,FINALIZED_WITHIN_C2_LIMIT,0.120017,1.345
6598,40000.0,0.02,greedy,ZYZZYVA,4.0,0.5,0.1475,1,1,1,FINALIZED_WITHIN_C2_LIMIT,0.214165,1.236
6599,40000.0,0.02,greedy,ZYZZYVA,4.0,0.5,0.1475,1,1,1,FINALIZED_WITHIN_C2_LIMIT,0.101278,1.205
6600,40000.0,0.02,greedy,ZYZZYVA,4.0,0.5,0.1475,1,1,1,FINALIZED_WITHIN_C2_LIMIT,0.143769,1.241
6601,40000.0,0.02,greedy,ZYZZYVA,4.0,0.5,0.1424,1,1,1,FINALIZED_WITHIN_C2_LIMIT,0.294036,1.297
6602,40000.0,0.02,greedy,ZYZZYVA,4.0,0.5,0.1173,1,1,1,FINALIZED_WITHIN_C2_LIMIT,0.149407,1.295
6603,40000.0,0.02,greedy,ZYZZYVA,4.0,0.5,0.1173,1,1,1,FINALIZED_WITHIN_C2_LIMIT,0.192398,1.297
6604,40000.0,0.02,greedy,ZYZZYVA,4.0,0.5,0.1173,1,1,1,FINALIZED_WITHIN_C2_LIMIT,0.039738,1.31
6605,40000.0,0.02,greedy,ZYZZYVA,4.0,0.5,0.1206,1,1,1,FINALIZED_WITHIN_C2_LIMIT,0.046171,1.263
6606,40000.0,0.02,greedy,ZYZZYVA,4.0,0.5,0.1173,1,1,1,FINALIZED_WITHIN_C2_LIMIT,0.227541,1.289
6607,40000.0,0.02,greedy,ZYZZYVA,4.0,0.5,0.1173,1,1,1,FINALIZED_WITHIN_C2_LIMIT,0.320488,1.361
6608,40000.0,0.02,greedy,ZYZZYVA,4.0,0.5,0.1424,1,1,1,FINALIZED_WITHIN_C2_LIMIT,0.310753,1.242
6609,40000.0,0.02,greedy,ZYZZYVA,4.0,0.5,0.1424,1,1,1,FINALIZED_WITHIN_C2_LIMIT,0.106,1.309
6610,40000.0,0.02,greedy,ZYZZYVA,4.0,0.5,0.1206,1,1,1,FINALIZED_WITHIN_C2_LIMIT,0.347836,1.272
6611,40000.0,0.02,greedy,ZYZZYVA,4.0,0.5,0.1206,1,1,1,FINALIZED_WITHIN_C2_LIMIT,0.396059,1.365
6612,40000.0,0.02,greedy,ZYZZYVA,4.0,0.5,0.1424,1,1,1,FINALIZED_WITHIN_C2_LIMIT,0.088194,1.258
6613,40000.0,0.02,greedy,ZYZZYVA,4.0,0.5,0.1424,1,1,1,FINALIZED_WITHIN_C2_LIMIT,0.558763,1.296
6614,40000.0,0.02,greedy,ZYZZYVA,4.0,0.5,0.1475,1,1,1,FINALIZED_WITHIN_C2_LIMIT,1.079284,1.379
6615,20000.0,0.02,explore,LIU_QUORUM,4.0,1.0,0.1723,1,1,1,FINALIZED_WITHIN_C2_LIMIT,0.815245,1.218
6616,40000.0,0.02,greedy,ZYZZYVA,4.0,0.5,0.1475,1,1,1,FINALIZED_WITHIN_C2_LIMIT,0.216244,1.258
6617,40000.0,0.02,greedy,ZYZZYVA,4.0,0.5,0.1475,1,1,1,FINALIZED_WITHIN_C2_LIMIT,0.726062,1.336
6618,40000.0,0.02,greedy,ZYZZYVA,4.0,0.5,0.1424,1,1,1,FINALIZED_WITHIN_C2_LIMIT,1.512732,1.298
6619,40000.0,0.02,greedy,ZYZZYVA,4.0,0.5,0.1475,1,1,1,FINALIZED_WITHIN_C2_LIMIT,1.294031,1.261
6620,40000.0,0.02,greedy,ZYZZYVA,4.0,0.5,0.1475,1,1,1,FINALIZED_WITHIN_C2_LIMIT,0.571334,1.155
6621,40000.0,0.02,greedy,ZYZZYVA,4.0,0.5,0.1592,1,1,1,FINALIZED_WITHIN_C2_LIMIT,0.092603,1.164
6622,40000.0,0.02,greedy,ZYZZYVA,4.0,0.5,0.1592,1,1,1,FINALIZED_WITHIN_C2_LIMIT,0.626706,1.357
6623,4444.444,0.02,explore,PBFT,4.0,4.5,0.0708,1,1,1,FINALIZED_WITHIN_C2_LIMIT,0.32791,1.267
6624,40000.0,0.02,greedy,ZYZZYVA,4.0,0.5,0.1592,1,1,1,FINALIZED_WITHIN_C2_LIMIT,0.067874,1.139
6625,40000.0,0.02,greedy,ZYZZYVA,4.0,0.5,0.1592,1,1,1,FINALIZED_WITHIN_C2_LIMIT,0.122873,1.254
6626,40000.0,0.02,greedy,ZYZZYVA,4.0,0.5,0.1592,1,1,1,FINALIZED_WITHIN_C2_LIMIT,0.274542,1.239
6627,40000.0,0.02,greedy,ZYZZYVA,4.0,0.5,0.1592,1,1,1,FINALIZED_WITHIN_C2_LIMIT,0.183309,1.245
6628,40000.0,0.02,greedy,ZYZZYVA,4.0,0.5,0.1475,1,1,1,FINALIZED_WITHIN_C2_LIMIT,0.110882,1.221
6629,40000.0,0.02,greedy,ZYZZYVA,4.0,0.5,0.1475,1,1,1,FINALIZED_WITHIN_C2_LIMIT,0.163605,1.222
6630,40000.0,0.02,greedy,ZYZZYVA,4.0,0.5,0.1475,1,1,1,FINALIZED_WITHIN_C2_LIMIT,0.133893,1.287
6631,40000.0,0.02,greedy,ZYZZYVA,4.0,0.5,0.1424,1,1,1,FINALIZED_WITHIN_C2_LIMIT,0.032931,1.172
6632,40000.0,0.02,greedy,ZYZZYVA,4.0,0.5,0.1424,1,1,1,FINALIZED_WITHIN_C2_LIMIT,0.125638,1.109
6633,40000.0,0.02,greedy,ZYZZYVA,4.0,0.5,0.1244,1,1,1,FINALIZED_WITHIN_C2_LIMIT,0.216305,1.127
6634,40000.0,0.02,greedy,ZYZZYVA,4.0,0.5,0.1244,1,1,1,FINALIZED_WITHIN_C2_LIMIT,0.082109,1.144
6635,40000.0,0.02,greedy,ZYZZYVA,4.0,0.5,0.1424,1,1,1,FINALIZED_WITHIN_C2_LIMIT,0.233668,1.3
6636,40000.0,0.02,greedy,ZYZZYVA,4.0,0.5,0.1244,1,1,1,FINALIZED_WITHIN_C2_LIMIT,0.231608,1.269
6637,40000.0,0.02,greedy,ZYZZYVA,4.0,0.5,0.1173,1,1,1,FINALIZED_WITHIN_C2_LIMIT,0.040517,1.165
6638,40000.0,0.02,greedy,ZYZZYVA,4.0,0.5,0.1173,1,1,1,FINALIZED_WITHIN_C2_LIMIT,0.08189,1.199
6639,40000.0,0.02,greedy,ZYZZYVA,4.0,0.5,0.1173,1,1,1,FINALIZED_WITHIN_C2_LIMIT,0.275567,1.099
6640,40000.0,0.02,greedy,ZYZZYVA,4.0,0.5,0.1173,1,1,1,FINALIZED_WITHIN_C2_LIMIT,0.178909,1.267
6641,40000.0,0.02,greedy,ZYZZYVA,4.0,0.5,0.1424,1,1,1,FINALIZED_WITHIN_C2_LIMIT,0.160467,1.148
6642,40000.0,0.02,greedy,ZYZZYVA,4.0,0.5,0.1475,1,1,1,FINALIZED_WITHIN_C2_LIMIT,0.14563,1.431
6643,40000.0,0.02,greedy,ZYZZYVA,4.0,0.5,0.1424,1,1,1,FINALIZED_WITHIN_C2_LIMIT,0.086915,1.389
6644,40000.0,0.02,greedy,ZYZZYVA,4.0,0.5,0.1424,1,1,1,FINALIZED_WITHIN_C2_LIMIT,0.074355,1.259
6645,40000.0,0.02,greedy,ZYZZYVA,4.0,0.5,0.1475,1,1,1,FINALIZED_WITHIN_C2_LIMIT,0.232376,1.267
6646,40000.0,0.02,greedy,ZYZZYVA,4.0,0.5,0.1475,1,1,1,FINALIZED_WITHIN_C2_LIMIT,0.1667,1.272
6647,40000.0,0.02,greedy,ZYZZYVA,4.0,0.5,0.1475,1,1,1,FINALIZED_WITHIN_C2_LIMIT,0.028213,1.169
6648,40000.0,0.02,greedy,ZYZZYVA,4.0,0.5,0.1592,1,1,1,FINALIZED_WITHIN_C2_LIMIT,0.227418,1.309
6649,2105.263,0.02,explore,ZYZZYVA,4.0,9.5,0.0288,1,1,1,FINALIZED_WITHIN_C2_LIMIT,0.23134,1.278
6650,40000.0,0.02,greedy,ZYZZYVA,4.0,0.5,0.1475,1,1,1,FINALIZED_WITHIN_C2_LIMIT,0.18,1.401
6651,40000.0,0.02,greedy,ZYZZYVA,4.0,0.5,0.1592,1,1,1,FINALIZED_WITHIN_C2_LIMIT,0.167876,1.304
6652,40000.0,0.02,greedy,ZYZZYVA,4.0,0.5,0.1592,1,1,1,FINALIZED_WITHIN_C2_LIMIT,0.062842,1.381
6653,40000.0,0.02,greedy,ZYZZYVA,4.0,0.5,0.1475,1,1,1,FINALIZED_WITHIN_C2_LIMIT,0.112982,1.237
6654,40000.0,0.02,greedy,ZYZZYVA,4.0,0.5,0.1475,1,1,1,FINALIZED_WITHIN_C2_LIMIT,0.068415,1.192
6655,40000.0,0.02,greedy,ZYZZYVA,4.0,0.5,0.1592,1,1,1,FINALIZED_WITHIN_C2_LIMIT,0.193829,1.283
6656,40000.0,0.02,greedy,ZYZZYVA,4.0,0.5,0.1592,1,1,1,FINALIZED_WITHIN_C2_LIMIT,0.351537,1.331
6657,40000.0,0.02,greedy,ZYZZYVA,4.0,0.5,0.1592,1,1,1,FINALIZED_WITHIN_C2_LIMIT,0.071155,1.276
6658,40000.0,0.02,greedy,ZYZZYVA,4.0,0.5,0.1592,1,1,1,FINALIZED_WITHIN_C2_LIMIT,0.097009,1.38
6659,40000.0,0.02,greedy,ZYZZYVA,4.0,0.5,0.1475,1,1,1,FINALIZED_WITHIN_C2_LIMIT,0.172728,1.381
6660,40000.0,0.02,greedy,ZYZZYVA,4.0,0.5,0.1475,1,1,1,FINALIZED_WITHIN_C2_LIMIT,0.261774,1.24
6661,40000.0,0.02,greedy,ZYZZYVA,4.0,0.5,0.1424,1,1,1,FINALIZED_WITHIN_C2_LIMIT,0.064783,1.246
6662,40000.0,0.02,greedy,ZYZZYVA,4.0,0.5,0.1424,1,1,1,FINALIZED_WITHIN_C2_LIMIT,0.094379,1.269
6663,40000.0,0.02,greedy,ZYZZYVA,4.0,0.5,0.1475,1,1,1,FINALIZED_WITHIN_C2_LIMIT,0.281246,1.263
6664,40000.0,0.02,greedy,ZYZZYVA,4.0,0.5,0.1475,1,1,1,FINALIZED_WITHIN_C2_LIMIT,0.258737,1.297
6665,40000.0,0.02,greedy,ZYZZYVA,4.0,0.5,0.1424,1,1,1,FINALIZED_WITHIN_C2_LIMIT,0.113964,1.551
6666,40000.0,0.02,greedy,ZYZZYVA,4.0,0.5,0.1424,1,1,1,FINALIZED_WITHIN_C2_LIMIT,0.119581,1.408
6667,40000.0,0.02,greedy,ZYZZYVA,4.0,0.5,0.1305,1,1,1,FINALIZED_WITHIN_C2_LIMIT,0.130645,1.336
6668,40000.0,0.02,greedy,ZYZZYVA,4.0,0.5,0.1305,1,1,1,FINALIZED_WITHIN_C2_LIMIT,0.120899,1.25
6669,40000.0,0.02,greedy,ZYZZYVA,4.0,0.5,0.1206,1,1,1,FINALIZED_WITHIN_C2_LIMIT,0.083408,1.184
6670,40000.0,0.02,greedy,ZYZZYVA,4.0,0.5,0.1206,1,1,1,FINALIZED_WITHIN_C2_LIMIT,0.088252,1.272
6671,40000.0,0.02,greedy,ZYZZYVA,4.0,0.5,0.1163,1,1,1,FINALIZED_WITHIN_C2_LIMIT,0.233133,1.383
6672,40000.0,0.02,greedy,ZYZZYVA,4.0,0.5,0.1148,1,1,1,FINALIZED_WITHIN_C2_LIMIT,0.300888,1.29
6673,40000.0,0.02,greedy,ZYZZYVA,4.0,0.5,0.1173,1,1,1,FINALIZED_WITHIN_C2_LIMIT,0.034471,1.475
6674,40000.0,0.02,greedy,ZYZZYVA,4.0,0.5,0.1084,1,1,1,FINALIZED_WITHIN_C2_LIMIT,0.145029,1.36
6675,40000.0,0.02,greedy,ZYZZYVA,4.0,0.5,0.0986,1,1,1,FINALIZED_WITHIN_C2_LIMIT,0.119561,1.285
6676,40000.0,0.02,greedy,ZYZZYVA,4.0,0.5,0.0986,1,1,1,FINALIZED_WITHIN_C2_LIMIT,0.104267,1.261
6677,40000.0,0.02,greedy,ZYZZYVA,4.0,0.5,0.1084,1,1,1,FINALIZED_WITHIN_C2_LIMIT,0.090454,1.31
6678,40000.0,0.02,greedy,ZYZZYVA,4.0,0.5,0.1059,1,1,1,FINALIZED_WITHIN_C2_LIMIT,0.117868,1.31
6679,40000.0,0.02,greedy,ZYZZYVA,4.0,0.5,0.0986,1,1,1,FINALIZED_WITHIN_C2_LIMIT,0.156259,1.316
6680,40000.0,0.02,greedy,ZYZZYVA,4.0,0.5,0.0986,1,1,1,FINALIZED_WITHIN_C2_LIMIT,0.181815,1.245
6681,40000.0,0.02,greedy,ZYZZYVA,4.0,0.5,0.0986,1,1,1,FINALIZED_WITHIN_C2_LIMIT,0.128401,1.33
6682,40000.0,0.02,greedy,ZYZZYVA,4.0,0.5,0.1191,1,1,1,FINALIZED_WITHIN_C2_LIMIT,0.111264,1.344
6683,40000.0,0.02,greedy,ZYZZYVA,4.0,0.5,0.1191,1,1,1,FINALIZED_WITHIN_C2_LIMIT,0.047902,1.336
6684,40000.0,0.02,greedy,ZYZZYVA,4.0,0.5,0.1191,1,1,1,FINALIZED_WITHIN_C2_LIMIT,0.103707,1.29
6685,40000.0,0.02,greedy,ZYZZYVA,4.0,0.5,0.1191,1,1,1,FINALIZED_WITHIN_C2_LIMIT,0.11003,1.288
6686,40000.0,0.02,greedy,ZYZZYVA,4.0,0.5,0.1191,1,1,1,FINALIZED_WITHIN_C2_LIMIT,0.144198,1.273
6687,40000.0,0.02,greedy,ZYZZYVA,4.0,0.5,0.1191,1,1,1,FINALIZED_WITHIN_C2_LIMIT,0.128662,1.406
6688,40000.0,0.02,greedy,ZYZZYVA,4.0,0.5,0.1191,1,1,1,FINALIZED_WITHIN_C2_LIMIT,0.11933,1.304
6689,40000.0,0.02,greedy,ZYZZYVA,4.0,0.5,0.1191,1,1,1,FINALIZED_WITHIN_C2_LIMIT,0.229024,1.337
6690,40000.0,0.02,greedy,ZYZZYVA,4.0,0.5,0.1191,1,1,1,FINALIZED_WITHIN_C2_LIMIT,0.134485,1.258
6691,40000.0,0.02,greedy,ZYZZYVA,4.0,0.5,0.1191,1,1,1,FINALIZED_WITHIN_C2_LIMIT,0.03338,1.152
6692,40000.0,0.02,greedy,ZYZZYVA,4.0,0.5,0.1191,1,1,1,FINALIZED_WITHIN_C2_LIMIT,0.052762,1.132
6693,40000.0,0.02,greedy,ZYZZYVA,4.0,0.5,0.0906,1,1,1,FINALIZED_WITHIN_C2_LIMIT,0.201374,1.234
6694,40000.0,0.02,greedy,ZYZZYVA,4.0,0.5,0.0884,1,1,1,FINALIZED_WITHIN_C2_LIMIT,0.23447,1.431
6695,40000.0,0.02,greedy,ZYZZYVA,4.0,0.5,0.0884,1,1,1,FINALIZED_WITHIN_C2_LIMIT,0.033729,1.353
6696,40000.0,0.02,greedy,ZYZZYVA,4.0,0.5,0.0884,1,1,1,FINALIZED_WITHIN_C2_LIMIT,0.125951,1.351
6697,40000.0,0.02,greedy,ZYZZYVA,4.0,0.5,0.0998,1,1,1,FINALIZED_WITHIN_C2_LIMIT,0.035819,1.347
6698,40000.0,0.02,greedy,ZYZZYVA,4.0,0.5,0.0956,1,1,1,FINALIZED_WITHIN_C2_LIMIT,0.218046,1.214
6699,40000.0,0.02,greedy,ZYZZYVA,4.0,0.5,0.1003,1,1,1,FINALIZED_WITHIN_C2_LIMIT,0.171481,1.179
6700,40000.0,0.02,greedy,ZYZZYVA,4.0,0.5,0.1084,1,1,1,FINALIZED_WITHIN_C2_LIMIT,0.30474,1.179
6701,40000.0,0.02,explore,ZYZZYVA,4.0,0.5,0.0299,1,1,1,FINALIZED_WITHIN_C2_LIMIT,0.386606,1.178
6702,40000.0,0.02,greedy,ZYZZYVA,4.0,0.5,0.1206,1,1,1,FINALIZED_WITHIN_C2_LIMIT,0.033837,1.276
6703,40000.0,0.02,greedy,ZYZZYVA,4.0,0.5,0.1206,1,1,1,FINALIZED_WITHIN_C2_LIMIT,0.249029,1.225
6704,40000.0,0.02,greedy,ZYZZYVA,4.0,0.5,0.1206,1,1,1,FINALIZED_WITHIN_C2_LIMIT,0.126288,1.203
6705,40000.0,0.02,greedy,ZYZZYVA,4.0,0.5,0.1244,1,1,1,FINALIZED_WITHIN_C2_LIMIT,0.204961,1.367
6706,40000.0,0.02,greedy,ZYZZYVA,4.0,0.5,0.1332,1,1,1,FINALIZED_WITHIN_C2_LIMIT,0.393166,1.212
6707,40000.0,0.02,greedy,ZYZZYVA,4.0,0.5,0.1332,1,1,1,FINALIZED_WITHIN_C2_LIMIT,0.090906,1.36
6708,40000.0,0.02,greedy,ZYZZYVA,4.0,0.5,0.1424,1,1,1,FINALIZED_WITHIN_C2_LIMIT,0.674647,1.297
6709,40000.0,0.02,greedy,ZYZZYVA,4.0,0.5,0.1244,1,1,1,FINALIZED_WITHIN_C2_LIMIT,1.118215,1.168
6710,40000.0,0.02,greedy,ZYZZYVA,4.0,0.5,0.1332,1,1,1,FINALIZED_WITHIN_C2_LIMIT,0.680172,1.19
6711,40000.0,0.02,greedy,ZYZZYVA,4.0,0.5,0.1191,1,1,1,FINALIZED_WITHIN_C2_LIMIT,0.109962,1.385
6712,40000.0,0.02,greedy,ZYZZYVA,4.0,0.5,0.1191,1,1,1,FINALIZED_WITHIN_C2_LIMIT,0.769747,1.345
6713,40000.0,0.02,greedy,ZYZZYVA,4.0,0.5,0.1374,1,1,1,FINALIZED_WITHIN_C2_LIMIT,1.796892,1.286
6714,40000.0,0.02,greedy,ZYZZYVA,4.0,0.5,0.1374,1,1,1,FINALIZED_WITHIN_C2_LIMIT,1.814894,1.196
6715,40000.0,0.02,greedy,ZYZZYVA,4.0,0.5,0.1366,1,1,1,FINALIZED_WITHIN_C2_LIMIT,0.797257,1.315
6716,40000.0,0.02,greedy,ZYZZYVA,4.0,0.5,0.1366,1,1,1,FINALIZED_WITHIN_C2_LIMIT,0.223899,1.363
6717,40000.0,0.02,greedy,ZYZZYVA,4.0,0.5,0.1191,1,1,1,FINALIZED_WITHIN_C2_LIMIT,1.152338,1.387
6718,13333.333,0.02,explore,PBFT,4.0,1.5,0.0702,1,1,1,FINALIZED_WITHIN_C2_LIMIT,2.605432,1.208
6719,40000.0,0.02,greedy,ZYZZYVA,4.0,0.5,0.0997,1,1,1,FINALIZED_WITHIN_C2_LIMIT,3.093465,1.382
6720,40000.0,0.02,greedy,ZYZZYVA,4.0,0.5,0.1191,1,1,1,FINALIZED_WITHIN_C2_LIMIT,2.124592,1.167
6721,40000.0,0.02,greedy,ZYZZYVA,4.0,0.5,0.1366,1,1,1,FINALIZED_WITHIN_C2_LIMIT,0.730751,1.352
6722,40000.0,0.02,greedy,ZYZZYVA,4.0,0.5,0.1366,1,1,1,FINALIZED_WITHIN_C2_LIMIT,0.126258,1.344
6723,40000.0,0.02,greedy,ZYZZYVA,4.0,0.5,0.1366,1,1,1,FINALIZED_WITHIN_C2_LIMIT,0.563562,1.409
6724,40000.0,0.02,greedy,ZYZZYVA,4.0,0.5,0.1366,1,1,1,FINALIZED_WITHIN_C2_LIMIT,0.593133,1.392
6725,40000.0,0.02,greedy,ZYZZYVA,4.0,0.5,0.1366,1,1,1,FINALIZED_WITHIN_C2_LIMIT,0.152187,1.295
6726,40000.0,0.02,greedy,ZYZZYVA,4.0,0.5,0.1191,1,1,1,FINALIZED_WITHIN_C2_LIMIT,0.134396,1.314
6727,40000.0,0.02,greedy,ZYZZYVA,4.0,0.5,0.1366,1,1,1,FINALIZED_WITHIN_C2_LIMIT,0.374416,1.231
6728,40000.0,0.02,greedy,ZYZZYVA,4.0,0.5,0.1191,1,1,1,FINALIZED_WITHIN_C2_LIMIT,0.191219,1.306
6729,40000.0,0.02,greedy,ZYZZYVA,4.0,0.5,0.1366,1,1,1,FINALIZED_WITHIN_C2_LIMIT,0.223787,1.264
6730,40000.0,0.02,greedy,ZYZZYVA,4.0,0.5,0.1366,1,1,1,FINALIZED_WITHIN_C2_LIMIT,0.103495,1.423
6731,40000.0,0.02,greedy,ZYZZYVA,4.0,0.5,0.1366,1,1,1,FINALIZED_WITHIN_C2_LIMIT,0.03364,1.258
6732,40000.0,0.02,greedy,ZYZZYVA,4.0,0.5,0.1366,1,1,1,FINALIZED_WITHIN_C2_LIMIT,0.497202,1.207
6733,40000.0,0.02,greedy,ZYZZYVA,4.0,0.5,0.1191,1,1,1,FINALIZED_WITHIN_C2_LIMIT,0.696378,1.315
6734,40000.0,0.02,greedy,ZYZZYVA,4.0,0.5,0.1191,1,1,1,FINALIZED_WITHIN_C2_LIMIT,0.399607,1.391
6735,40000.0,0.02,greedy,ZYZZYVA,4.0,0.5,0.1366,1,1,1,FINALIZED_WITHIN_C2_LIMIT,0.128018,1.326
6736,40000.0,0.02,greedy,ZYZZYVA,4.0,0.5,0.1191,1,1,1,FINALIZED_WITHIN_C2_LIMIT,0.145334,1.213
6737,40000.0,0.02,greedy,ZYZZYVA,4.0,0.5,0.1191,1,1,1,FINALIZED_WITHIN_C2_LIMIT,0.184316,1.182
6738,40000.0,0.02,greedy,ZYZZYVA,4.0,0.5,0.1191,1,1,1,FINALIZED_WITHIN_C2_LIMIT,0.097511,1.107
6739,40000.0,0.02,greedy,ZYZZYVA,4.0,0.5,0.1191,1,1,1,FINALIZED_WITHIN_C2_LIMIT,0.155624,1.215
6740,40000.0,0.02,greedy,ZYZZYVA,4.0,0.5,0.0997,1,1,1,FINALIZED_WITHIN_C2_LIMIT,0.330853,1.172
6741,40000.0,0.02,greedy,ZYZZYVA,4.0,0.5,0.0801,1,1,1,FINALIZED_WITHIN_C2_LIMIT,0.301687,1.261
6742,40000.0,0.02,greedy,ZYZZYVA,4.0,0.5,0.0754,1,1,1,FINALIZED_WITHIN_C2_LIMIT,0.223948,1.26
6743,40000.0,0.02,greedy,ZYZZYVA,4.0,0.5,0.0778,1,1,1,FINALIZED_WITHIN_C2_LIMIT,0.162189,1.339
6744,40000.0,0.02,greedy,ZYZZYVA,4.0,0.5,0.0821,1,1,1,FINALIZED_WITHIN_C2_LIMIT,0.031724,1.104
6745,40000.0,0.02,greedy,ZYZZYVA,4.0,0.5,0.0801,1,1,1,FINALIZED_WITHIN_C2_LIMIT,0.080294,1.194
6746,40000.0,0.02,greedy,ZYZZYVA,4.0,0.5,0.0643,1,1,1,FINALIZED_WITHIN_C2_LIMIT,0.046172,1.213
6747,40000.0,0.02,greedy,ZYZZYVA,4.0,0.5,0.0821,1,1,1,FINALIZED_WITHIN_C2_LIMIT,0.240061,1.179
6748,40000.0,0.02,greedy,ZYZZYVA,4.0,0.5,0.0801,1,1,1,FINALIZED_WITHIN_C2_LIMIT,0.105259,1.296
6749,40000.0,0.02,greedy,ZYZZYVA,4.0,0.5,0.0821,1,1,1,FINALIZED_WITHIN_C2_LIMIT,0.131327,1.189
6750,40000.0,0.02,greedy,ZYZZYVA,4.0,0.5,0.0628,1,1,1,FINALIZED_WITHIN_C2_LIMIT,0.155355,1.318
6751,40000.0,0.02,greedy,ZYZZYVA,4.0,0.5,0.0643,1,1,1,FINALIZED_WITHIN_C2_LIMIT,0.286001,1.162
6752,40000.0,0.02,greedy,ZYZZYVA,4.0,0.5,0.0643,1,1,1,FINALIZED_WITHIN_C2_LIMIT,0.034818,1.181
6753,40000.0,0.02,greedy,ZYZZYVA,4.0,0.5,0.0643,1,1,1,FINALIZED_WITHIN_C2_LIMIT,0.308893,1.249
6754,40000.0,0.02,greedy,ZYZZYVA,4.0,0.5,0.0564,1,1,1,FINALIZED_WITHIN_C2_LIMIT,0.219338,1.085
6755,40000.0,0.02,greedy,ZYZZYVA,4.0,0.5,0.053,1,1,1,FINALIZED_WITHIN_C2_LIMIT,0.052348,1.141
6756,40000.0,0.02,greedy,ZYZZYVA,4.0,0.5,0.053,1,1,1,FINALIZED_WITHIN_C2_LIMIT,0.041304,1.12
6757,40000.0,0.02,greedy,ZYZZYVA,4.0,0.5,0.053,1,1,1,FINALIZED_WITHIN_C2_LIMIT,0.246558,1.175
6758,40000.0,0.02,greedy,ZYZZYVA,4.0,0.5,0.053,1,1,1,FINALIZED_WITHIN_C2_LIMIT,0.238417,1.211
6759,40000.0,0.02,greedy,ZYZZYVA,4.0,0.5,0.053,1,1,1,FINALIZED_WITHIN_C2_LIMIT,0.038279,1.256
6760,40000.0,0.02,greedy,ZYZZYVA,4.0,0.5,0.053,1,1,1,FINALIZED_WITHIN_C2_LIMIT,0.124444,1.263
6761,40000.0,0.02,greedy,ZYZZYVA,4.0,0.5,0.053,1,1,1,FINALIZED_WITHIN_C2_LIMIT,0.261384,1.243
6762,40000.0,0.02,greedy,ZYZZYVA,4.0,0.5,0.053,1,1,1,FINALIZED_WITHIN_C2_LIMIT,0.22735,1.131
6763,40000.0,0.02,greedy,ZYZZYVA,4.0,0.5,0.053,1,1,1,FINALIZED_WITHIN_C2_LIMIT,0.294312,1.154
6764,40000.0,0.02,greedy,ZYZZYVA,4.0,0.5,0.053,1,1,1,FINALIZED_WITHIN_C2_LIMIT,0.089269,1.249
6765,40000.0,0.02,greedy,ZYZZYVA,4.0,0.5,0.053,1,1,1,FINALIZED_WITHIN_C2_LIMIT,0.083809,1.332
6766,40000.0,0.02,greedy,ZYZZYVA,4.0,0.5,0.053,1,1,1,FINALIZED_WITHIN_C2_LIMIT,0.106993,1.221
6767,40000.0,0.02,greedy,ZYZZYVA,4.0,0.5,0.053,1,1,1,FINALIZED_WITHIN_C2_LIMIT,0.37548,1.164
6768,40000.0,0.02,greedy,ZYZZYVA,4.0,0.5,0.053,1,1,1,FINALIZED_WITHIN_C2_LIMIT,0.386332,1.365
6769,40000.0,0.02,greedy,ZYZZYVA,4.0,0.5,0.053,1,1,1,FINALIZED_WITHIN_C2_LIMIT,0.134079,1.254
6770,40000.0,0.02,greedy,ZYZZYVA,4.0,0.5,0.053,1,1,1,FINALIZED_WITHIN_C2_LIMIT,0.742757,1.126
6771,40000.0,0.02,greedy,ZYZZYVA,4.0,0.5,0.053,1,1,1,FINALIZED_WITHIN_C2_LIMIT,1.247145,1.307
6772,40000.0,0.02,greedy,ZYZZYVA,4.0,0.5,0.053,1,1,1,FINALIZED_WITHIN_C2_LIMIT,0.889642,1.188
6773,40000.0,0.02,greedy,ZYZZYVA,4.0,0.5,0.053,1,1,1,FINALIZED_WITHIN_C2_LIMIT,0.286921,1.212
6774,40000.0,0.02,greedy,ZYZZYVA,4.0,0.5,0.053,1,1,1,FINALIZED_WITHIN_C2_LIMIT,0.545175,1.229
6775,40000.0,0.02,greedy,ZYZZYVA,4.0,0.5,0.0616,1,1,1,FINALIZED_WITHIN_C2_LIMIT,1.194285,1.179
6776,40000.0,0.02,greedy,ZYZZYVA,4.0,0.5,0.053,1,1,1,FINALIZED_WITHIN_C2_LIMIT,1.02772,1.212
6777,40000.0,0.02,greedy,ZYZZYVA,4.0,0.5,0.053,1,1,1,FINALIZED_WITHIN_C2_LIMIT,0.279946,1.263
6778,40000.0,0.02,greedy,ZYZZYVA,4.0,0.5,0.053,1,1,1,FINALIZED_WITHIN_C2_LIMIT,0.119854,1.179
6779,40000.0,0.02,greedy,ZYZZYVA,4.0,0.5,0.053,1,1,1,FINALIZED_WITHIN_C2_LIMIT,0.468431,1.166
6780,40000.0,0.02,greedy,ZYZZYVA,4.0,0.5,0.053,1,1,1,FINALIZED_WITHIN_C2_LIMIT,0.292419,1.181
6781,40000.0,0.02,greedy,ZYZZYVA,4.0,0.5,0.053,1,1,1,FINALIZED_WITHIN_C2_LIMIT,0.106088,1.228
6782,40000.0,0.02,greedy,ZYZZYVA,4.0,0.5,0.053,1,1,1,FINALIZED_WITHIN_C2_LIMIT,0.104842,1.335
6783,40000.0,0.02,greedy,ZYZZYVA,4.0,0.5,0.053,1,1,1,FINALIZED_WITHIN_C2_LIMIT,0.076263,1.305
6784,40000.0,0.02,greedy,ZYZZYVA,4.0,0.5,0.053,1,1,1,FINALIZED_WITHIN_C2_LIMIT,0.057571,1.499
6785,40000.0,0.02,greedy,ZYZZYVA,4.0,0.5,0.053,1,1,1,FINALIZED_WITHIN_C2_LIMIT,0.125687,1.437
6786,5714.286,0.02,explore,PBFT,4.0,3.5,0.0715,1,1,1,FINALIZED_WITHIN_C2_LIMIT,0.269487,1.293
6787,40000.0,0.02,greedy,ZYZZYVA,4.0,0.5,0.053,1,1,1,FINALIZED_WITHIN_C2_LIMIT,0.081948,1.301
6788,40000.0,0.02,greedy,ZYZZYVA,4.0,0.5,0.053,1,1,1,FINALIZED_WITHIN_C2_LIMIT,0.287719,1.337
6789,40000.0,0.02,greedy,ZYZZYVA,4.0,0.5,0.053,1,1,1,FINALIZED_WITHIN_C2_LIMIT,0.258636,1.166
6790,40000.0,0.02,greedy,ZYZZYVA,4.0,0.5,0.053,1,1,1,FINALIZED_WITHIN_C2_LIMIT,0.103716,1.243
6791,40000.0,0.02,greedy,ZYZZYVA,4.0,0.5,0.053,1,1,1,FINALIZED_WITHIN_C2_LIMIT,0.376828,1.151
6792,40000.0,0.02,greedy,ZYZZYVA,4.0,0.5,0.053,1,1,1,FINALIZED_WITHIN_C2_LIMIT,0.51042,1.163
6793,40000.0,0.02,greedy,ZYZZYVA,4.0,0.5,0.053,1,1,1,FINALIZED_WITHIN_C2_LIMIT,0.45506,1.242
6794,40000.0,0.02,greedy,ZYZZYVA,4.0,0.5,0.053,1,1,1,FINALIZED_WITHIN_C2_LIMIT,0.173564,1.172
6795,40000.0,0.02,greedy,ZYZZYVA,4.0,0.5,0.053,1,1,1,FINALIZED_WITHIN_C2_LIMIT,0.226711,1.225
6796,40000.0,0.02,greedy,ZYZZYVA,4.0,0.5,0.053,1,1,1,FINALIZED_WITHIN_C2_LIMIT,0.05493,1.219
6797,40000.0,0.02,greedy,ZYZZYVA,4.0,0.5,0.053,1,1,1,FINALIZED_WITHIN_C2_LIMIT,0.248966,1.179
6798,40000.0,0.02,greedy,ZYZZYVA,4.0,0.5,0.053,1,1,1,FINALIZED_WITHIN_C2_LIMIT,0.492386,1.188
6799,40000.0,0.02,greedy,ZYZZYVA,4.0,0.5,0.053,1,1,1,FINALIZED_WITHIN_C2_LIMIT,0.033336,1.235
6800,40000.0,0.02,greedy,ZYZZYVA,4.0,0.5,0.053,1,1,1,FINALIZED_WITHIN_C2_LIMIT,0.205381,1.226
6801,40000.0,0.02,greedy,ZYZZYVA,4.0,0.5,0.053,1,1,1,FINALIZED_WITHIN_C2_LIMIT,0.094827,1.292
6802,40000.0,0.02,greedy,ZYZZYVA,4.0,0.5,0.053,1,1,1,FINALIZED_WITHIN_C2_LIMIT,0.058397,1.258
6803,40000.0,0.02,greedy,ZYZZYVA,4.0,0.5,0.053,1,1,1,FINALIZED_WITHIN_C2_LIMIT,0.036917,1.263
6804,40000.0,0.02,greedy,ZYZZYVA,4.0,0.5,0.053,1,1,1,FINALIZED_WITHIN_C2_LIMIT,0.097365,1.255
6805,40000.0,0.02,greedy,ZYZZYVA,4.0,0.5,0.053,1,1,1,FINALIZED_WITHIN_C2_LIMIT,0.09529,1.26
6806,40000.0,0.02,greedy,ZYZZYVA,4.0,0.5,0.053,1,1,1,FINALIZED_WITHIN_C2_LIMIT,0.290129,1.215
6807,40000.0,0.02,greedy,ZYZZYVA,4.0,0.5,0.053,1,1,1,FINALIZED_WITHIN_C2_LIMIT,0.303838,1.344
6808,40000.0,0.02,greedy,ZYZZYVA,4.0,0.5,0.053,1,1,1,FINALIZED_WITHIN_C2_LIMIT,0.269121,1.32
6809,40000.0,0.02,greedy,ZYZZYVA,4.0,0.5,0.053,1,1,1,FINALIZED_WITHIN_C2_LIMIT,0.417463,1.245
6810,40000.0,0.02,greedy,ZYZZYVA,4.0,0.5,0.053,1,1,1,FINALIZED_WITHIN_C2_LIMIT,0.848703,1.315
6811,40000.0,0.02,greedy,ZYZZYVA,4.0,0.5,0.053,1,1,1,FINALIZED_WITHIN_C2_LIMIT,0.486587,1.416
6812,40000.0,0.02,greedy,ZYZZYVA,4.0,0.5,0.053,1,1,1,FINALIZED_WITHIN_C2_LIMIT,0.081365,1.242
6813,40000.0,0.02,greedy,ZYZZYVA,4.0,0.5,0.053,1,1,1,FINALIZED_WITHIN_C2_LIMIT,0.649691,1.244
6814,40000.0,0.02,greedy,ZYZZYVA,4.0,0.5,0.0754,1,1,1,FINALIZED_WITHIN_C2_LIMIT,1.565167,1.202
6815,40000.0,0.02,greedy,ZYZZYVA,4.0,0.5,0.0821,1,1,1,FINALIZED_WITHIN_C2_LIMIT,1.626798,1.284
6816,40000.0,0.02,greedy,ZYZZYVA,4.0,0.5,0.0616,1,1,1,FINALIZED_WITHIN_C2_LIMIT,0.66983,1.436
6817,40000.0,0.02,greedy,ZYZZYVA,4.0,0.5,0.053,1,1,1,FINALIZED_WITHIN_C2_LIMIT,0.045757,1.403
6818,40000.0,0.02,greedy,ZYZZYVA,4.0,0.5,0.053,1,1,1,FINALIZED_WITHIN_C2_LIMIT,0.234863,1.321
6819,40000.0,0.02,greedy,ZYZZYVA,4.0,0.5,0.053,1,1,1,FINALIZED_WITHIN_C2_LIMIT,0.29977,1.299
6820,40000.0,0.02,greedy,ZYZZYVA,4.0,0.5,0.053,1,1,1,FINALIZED_WITHIN_C2_LIMIT,0.024874,1.261
6821,40000.0,0.02,greedy,ZYZZYVA,4.0,0.5,0.053,1,1,1,FINALIZED_WITHIN_C2_LIMIT,0.727412,1.558
6822,40000.0,0.02,greedy,ZYZZYVA,4.0,0.5,0.0616,1,1,1,FINALIZED_WITHIN_C2_LIMIT,0.499828,1.391
6823,40000.0,0.02,greedy,ZYZZYVA,4.0,0.5,0.053,1,1,1,FINALIZED_WITHIN_C2_LIMIT,0.244769,1.572
6824,40000.0,0.02,greedy,ZYZZYVA,4.0,0.5,0.053,1,1,1,FINALIZED_WITHIN_C2_LIMIT,0.205295,1.305
6825,40000.0,0.02,greedy,ZYZZYVA,4.0,0.5,0.053,1,1,1,FINALIZED_WITHIN_C2_LIMIT,0.33588,1.315
6826,40000.0,0.02,greedy,ZYZZYVA,4.0,0.5,0.053,1,1,1,FINALIZED_WITHIN_C2_LIMIT,0.171959,1.252
6827,40000.0,0.02,greedy,ZYZZYVA,4.0,0.5,0.0643,1,1,1,FINALIZED_WITHIN_C2_LIMIT,0.226763,1.254
6828,40000.0,0.02,greedy,ZYZZYVA,4.0,0.5,0.0616,1,1,1,FINALIZED_WITHIN_C2_LIMIT,0.388236,1.5
6829,40000.0,0.02,greedy,ZYZZYVA,4.0,0.5,0.0616,1,1,1,FINALIZED_WITHIN_C2_LIMIT,0.313643,1.59
6830,40000.0,0.02,greedy,ZYZZYVA,4.0,0.5,0.053,1,1,1,FINALIZED_WITHIN_C2_LIMIT,0.172808,1.688
6831,40000.0,0.02,greedy,ZYZZYVA,4.0,0.5,0.053,1,1,1,FINALIZED_WITHIN_C2_LIMIT,0.327655,1.492
6832,40000.0,0.02,greedy,ZYZZYVA,4.0,0.5,0.053,1,1,1,FINALIZED_WITHIN_C2_LIMIT,0.118853,1.494
6833,40000.0,0.02,greedy,ZYZZYVA,4.0,0.5,0.0643,1,1,1,FINALIZED_WITHIN_C2_LIMIT,0.32954,1.262
6834,40000.0,0.02,greedy,ZYZZYVA,4.0,0.5,0.0616,1,1,1,FINALIZED_WITHIN_C2_LIMIT,0.26058,1.275
6835,40000.0,0.02,greedy,ZYZZYVA,4.0,0.5,0.0643,1,1,1,FINALIZED_WITHIN_C2_LIMIT,0.41512,1.314
6836,40000.0,0.02,greedy,ZYZZYVA,4.0,0.5,0.053,1,1,1,FINALIZED_WITHIN_C2_LIMIT,0.218479,1.221
6837,40000.0,0.02,greedy,ZYZZYVA,4.0,0.5,0.053,1,1,1,FINALIZED_WITHIN_C2_LIMIT,0.388411,1.21
6838,40000.0,0.02,greedy,ZYZZYVA,4.0,0.5,0.053,1,1,1,FINALIZED_WITHIN_C2_LIMIT,0.167711,1.266
6839,40000.0,0.02,greedy,ZYZZYVA,4.0,0.5,0.0754,1,1,1,FINALIZED_WITHIN_C2_LIMIT,0.234678,1.402
6840,40000.0,0.02,greedy,ZYZZYVA,4.0,0.5,0.0821,1,1,1,FINALIZED_WITHIN_C2_LIMIT,0.292808,1.204
6841,40000.0,0.02,greedy,ZYZZYVA,4.0,0.5,0.0902,1,1,1,FINALIZED_WITHIN_C2_LIMIT,0.231752,1.204
6842,40000.0,0.02,greedy,ZYZZYVA,4.0,0.5,0.0643,1,1,1,FINALIZED_WITHIN_C2_LIMIT,0.329798,1.266
6843,40000.0,0.02,greedy,ZYZZYVA,4.0,0.5,0.0628,1,1,1,FINALIZED_WITHIN_C2_LIMIT,0.520441,1.246
6844,40000.0,0.02,greedy,ZYZZYVA,4.0,0.5,0.0902,1,1,1,FINALIZED_WITHIN_C2_LIMIT,0.199849,1.132
6845,40000.0,0.02,greedy,ZYZZYVA,4.0,0.5,0.0997,1,1,1,FINALIZED_WITHIN_C2_LIMIT,0.177478,1.131
6846,40000.0,0.02,greedy,ZYZZYVA,4.0,0.5,0.0997,1,1,1,FINALIZED_WITHIN_C2_LIMIT,0.207462,1.264
6847,40000.0,0.02,greedy,ZYZZYVA,4.0,0.5,0.1198,1,1,1,FINALIZED_WITHIN_C2_LIMIT,0.041861,1.308
6848,40000.0,0.02,greedy,ZYZZYVA,4.0,0.5,0.0997,1,1,1,FINALIZED_WITHIN_C2_LIMIT,0.335192,1.309
6849,40000.0,0.02,greedy,ZYZZYVA,4.0,0.5,0.1198,1,1,1,FINALIZED_WITHIN_C2_LIMIT,0.489104,1.263
6850,40000.0,0.02,greedy,ZYZZYVA,4.0,0.5,0.1374,1,1,1,FINALIZED_WITHIN_C2_LIMIT,0.263341,1.243
6851,40000.0,0.02,greedy,ZYZZYVA,4.0,0.5,0.1374,1,1,1,FINALIZED_WITHIN_C2_LIMIT,0.11266,1.392
6852,40000.0,0.02,greedy,ZYZZYVA,4.0,0.5,0.1374,1,1,1,FINALIZED_WITHIN_C2_LIMIT,0.143507,1.388
6853,40000.0,0.02,greedy,ZYZZYVA,4.0,0.5,0.1374,1,1,1,FINALIZED_WITHIN_C2_LIMIT,0.09386,1.27
6854,40000.0,0.02,greedy,ZYZZYVA,4.0,0.5,0.1198,1,1,1,FINALIZED_WITHIN_C2_LIMIT,0.458296,1.389
6855,40000.0,0.02,greedy,ZYZZYVA,4.0,0.5,0.0997,1,1,1,FINALIZED_WITHIN_C2_LIMIT,0.663935,1.375
6856,40000.0,0.02,greedy,ZYZZYVA,4.0,0.5,0.1198,1,1,1,FINALIZED_WITHIN_C2_LIMIT,0.368628,1.367
6857,40000.0,0.02,greedy,ZYZZYVA,4.0,0.5,0.1366,1,1,1,FINALIZED_WITHIN_C2_LIMIT,0.031688,1.295
6858,40000.0,0.02,greedy,ZYZZYVA,4.0,0.5,0.1198,1,1,1,FINALIZED_WITHIN_C2_LIMIT,0.092957,1.246
6859,40000.0,0.02,greedy,ZYZZYVA,4.0,0.5,0.1198,1,1,1,FINALIZED_WITHIN_C2_LIMIT,0.105319,1.486
6860,3333.333,0.02,explore,PBFT,4.0,6.0,0.0316,1,1,1,FINALIZED_WITHIN_C2_LIMIT,0.346927,1.342
6861,40000.0,0.02,greedy,ZYZZYVA,4.0,0.5,0.0997,1,1,1,FINALIZED_WITHIN_C2_LIMIT,0.424866,1.271
6862,40000.0,0.02,greedy,ZYZZYVA,4.0,0.5,0.0997,1,1,1,FINALIZED_WITHIN_C2_LIMIT,0.214609,1.405
6863,40000.0,0.02,greedy,ZYZZYVA,4.0,0.5,0.0997,1,1,1,FINALIZED_WITHIN_C2_LIMIT,0.088187,1.434
6864,40000.0,0.02,greedy,ZYZZYVA,4.0,0.5,0.0997,1,1,1,FINALIZED_WITHIN_C2_LIMIT,0.520819,1.388
6865,40000.0,0.02,greedy,ZYZZYVA,4.0,0.5,0.0997,1,1,1,FINALIZED_WITHIN_C2_LIMIT,0.101771,1.331
6866,40000.0,0.02,greedy,ZYZZYVA,4.0,0.5,0.1006,1,1,1,FINALIZED_WITHIN_C2_LIMIT,0.173725,1.36
6867,40000.0,0.02,greedy,ZYZZYVA,4.0,0.5,0.1006,1,1,1,FINALIZED_WITHIN_C2_LIMIT,0.250948,1.302
6868,40000.0,0.02,greedy,ZYZZYVA,4.0,0.5,0.0998,1,1,1,FINALIZED_WITHIN_C2_LIMIT,0.058328,1.276
6869,40000.0,0.02,greedy,ZYZZYVA,4.0,0.5,0.0998,1,1,1,FINALIZED_WITHIN_C2_LIMIT,0.291331,1.362
6870,40000.0,0.02,greedy,ZYZZYVA,4.0,0.5,0.0997,1,1,1,FINALIZED_WITHIN_C2_LIMIT,0.572698,1.329
6871,40000.0,0.02,greedy,ZYZZYVA,4.0,0.5,0.1198,1,1,1,FINALIZED_WITHIN_C2_LIMIT,0.164873,1.386
6872,40000.0,0.02,greedy,ZYZZYVA,4.0,0.5,0.1198,1,1,1,FINALIZED_WITHIN_C2_LIMIT,0.090417,1.237
6873,40000.0,0.02,greedy,ZYZZYVA,4.0,0.5,0.1198,1,1,1,FINALIZED_WITHIN_C2_LIMIT,0.141195,1.344
6874,40000.0,0.02,greedy,ZYZZYVA,4.0,0.5,0.1198,1,1,1,FINALIZED_WITHIN_C2_LIMIT,0.126118,1.317
6875,40000.0,0.02,greedy,ZYZZYVA,4.0,0.5,0.1198,1,1,1,FINALIZED_WITHIN_C2_LIMIT,0.255108,1.467
6876,40000.0,0.02,greedy,ZYZZYVA,4.0,0.5,0.0997,1,1,1,FINALIZED_WITHIN_C2_LIMIT,0.386955,1.283
6877,40000.0,0.02,greedy,ZYZZYVA,4.0,0.5,0.1059,1,1,1,FINALIZED_WITHIN_C2_LIMIT,0.132908,1.413
6878,40000.0,0.02,greedy,ZYZZYVA,4.0,0.5,0.0806,1,1,1,FINALIZED_WITHIN_C2_LIMIT,0.134655,1.205
6879,40000.0,0.02,greedy,ZYZZYVA,4.0,0.5,0.0813,1,1,1,FINALIZED_WITHIN_C2_LIMIT,0.238175,1.295
6880,40000.0,0.02,greedy,ZYZZYVA,4.0,0.5,0.0965,1,1,1,FINALIZED_WITHIN_C2_LIMIT,0.12944,1.286
6881,40000.0,0.02,greedy,ZYZZYVA,4.0,0.5,0.1198,1,1,1,FINALIZED_WITHIN_C2_LIMIT,0.187117,1.307
6882,40000.0,0.02,greedy,ZYZZYVA,4.0,0.5,0.1366,1,1,1,FINALIZED_WITHIN_C2_LIMIT,0.375309,1.36
6883,40000.0,0.02,greedy,ZYZZYVA,4.0,0.5,0.1366,1,1,1,FINALIZED_WITHIN_C2_LIMIT,0.265778,1.307
6884,40000.0,0.02,greedy,ZYZZYVA,4.0,0.5,0.1198,1,1,1,FINALIZED_WITHIN_C2_LIMIT,0.086623,1.379
6885,40000.0,0.02,greedy,ZYZZYVA,4.0,0.5,0.0997,1,1,1,FINALIZED_WITHIN_C2_LIMIT,0.372414,1.349
6886,40000.0,0.02,greedy,ZYZZYVA,4.0,0.5,0.0997,1,1,1,FINALIZED_WITHIN_C2_LIMIT,0.075382,1.244
6887,40000.0,0.02,greedy,ZYZZYVA,4.0,0.5,0.1198,1,1,1,FINALIZED_WITHIN_C2_LIMIT,0.272561,1.179
6888,40000.0,0.02,greedy,ZYZZYVA,4.0,0.5,0.0997,1,1,1,FINALIZED_WITHIN_C2_LIMIT,0.296319,1.254
6889,40000.0,0.02,greedy,ZYZZYVA,4.0,0.5,0.1374,1,1,1,FINALIZED_WITHIN_C2_LIMIT,0.30649,1.559
6890,40000.0,0.02,greedy,ZYZZYVA,4.0,0.5,0.1198,1,1,1,FINALIZED_WITHIN_C2_LIMIT,0.164113,1.521
6891,40000.0,0.02,greedy,ZYZZYVA,4.0,0.5,0.1001,1,1,1,FINALIZED_WITHIN_C2_LIMIT,0.307674,1.257
6892,40000.0,0.02,greedy,ZYZZYVA,4.0,0.5,0.1198,1,1,1,FINALIZED_WITHIN_C2_LIMIT,0.124375,1.307
6893,40000.0,0.02,greedy,ZYZZYVA,4.0,0.5,0.0997,1,1,1,FINALIZED_WITHIN_C2_LIMIT,0.131374,1.322
6894,40000.0,0.02,greedy,ZYZZYVA,4.0,0.5,0.0997,1,1,1,FINALIZED_WITHIN_C2_LIMIT,0.324945,1.48
6895,40000.0,0.02,greedy,ZYZZYVA,4.0,0.5,0.0891,1,1,1,FINALIZED_WITHIN_C2_LIMIT,0.252264,1.359
6896,40000.0,0.02,greedy,ZYZZYVA,4.0,0.5,0.0615,1,1,1,FINALIZED_WITHIN_C2_LIMIT,0.247727,1.366
6897,40000.0,0.02,greedy,ZYZZYVA,4.0,0.5,0.0681,1,1,1,FINALIZED_WITHIN_C2_LIMIT,0.434662,1.522
6898,40000.0,0.02,greedy,ZYZZYVA,4.0,0.5,0.0813,1,1,1,FINALIZED_WITHIN_C2_LIMIT,0.149728,1.476
6899,40000.0,0.02,greedy,ZYZZYVA,4.0,0.5,0.0997,1,1,1,FINALIZED_WITHIN_C2_LIMIT,0.127006,1.463
6900,40000.0,0.02,greedy,ZYZZYVA,4.0,0.5,0.0997,1,1,1,FINALIZED_WITHIN_C2_LIMIT,0.220508,1.234
6901,40000.0,0.02,greedy,ZYZZYVA,4.0,0.5,0.0976,1,1,1,FINALIZED_WITHIN_C2_LIMIT,0.088936,1.415
6902,40000.0,0.02,greedy,ZYZZYVA,4.0,0.5,0.089,1,1,1,FINALIZED_WITHIN_C2_LIMIT,0.063168,1.381
6903,40000.0,0.02,greedy,ZYZZYVA,4.0,0.5,0.0806,1,1,1,FINALIZED_WITHIN_C2_LIMIT,0.066417,1.223
6904,40000.0,0.02,greedy,ZYZZYVA,4.0,0.5,0.0997,1,1,1,FINALIZED_WITHIN_C2_LIMIT,0.198952,1.343
6905,40000.0,0.02,greedy,ZYZZYVA,4.0,0.5,0.0997,1,1,1,FINALIZED_WITHIN_C2_LIMIT,0.090891,1.384
6906,40000.0,0.02,greedy,ZYZZYVA,4.0,0.5,0.1059,1,1,1,FINALIZED_WITHIN_C2_LIMIT,0.252749,1.448
6907,40000.0,0.02,greedy,ZYZZYVA,4.0,0.5,0.0997,1,1,1,FINALIZED_WITHIN_C2_LIMIT,0.217104,1.378
6908,40000.0,0.02,greedy,ZYZZYVA,4.0,0.5,0.1198,1,1,1,FINALIZED_WITHIN_C2_LIMIT,0.030287,1.399
6909,40000.0,0.02,greedy,ZYZZYVA,4.0,0.5,0.1059,1,1,1,FINALIZED_WITHIN_C2_LIMIT,0.040337,1.347
6910,40000.0,0.02,greedy,ZYZZYVA,4.0,0.5,0.1059,1,1,1,FINALIZED_WITHIN_C2_LIMIT,0.048089,1.384
6911,40000.0,0.02,greedy,ZYZZYVA,4.0,0.5,0.1076,1,1,1,FINALIZED_WITHIN_C2_LIMIT,0.194657,1.34
6912,40000.0,0.02,greedy,ZYZZYVA,4.0,0.5,0.1006,1,1,1,FINALIZED_WITHIN_C2_LIMIT,0.334817,1.321
6913,40000.0,0.02,greedy,ZYZZYVA,4.0,0.5,0.1006,1,1,1,FINALIZED_WITHIN_C2_LIMIT,0.28626,1.372
6914,40000.0,0.02,greedy,ZYZZYVA,4.0,0.5,0.1045,1,1,1,FINALIZED_WITHIN_C2_LIMIT,0.095807,1.348
6915,40000.0,0.02,greedy,ZYZZYVA,4.0,0.5,0.1045,1,1,1,FINALIZED_WITHIN_C2_LIMIT,0.132655,1.278
6916,40000.0,0.02,greedy,ZYZZYVA,4.0,0.5,0.0902,1,1,1,FINALIZED_WITHIN_C2_LIMIT,0.251622,1.304
6917,40000.0,0.02,greedy,ZYZZYVA,4.0,0.5,0.0956,1,1,1,FINALIZED_WITHIN_C2_LIMIT,0.200439,1.193
6918,40000.0,0.02,greedy,ZYZZYVA,4.0,0.5,0.1244,1,1,1,FINALIZED_WITHIN_C2_LIMIT,0.135943,1.262
6919,40000.0,0.02,greedy,ZYZZYVA,4.0,0.5,0.1244,1,1,1,FINALIZED_WITHIN_C2_LIMIT,0.134821,1.342
6920,40000.0,0.02,greedy,ZYZZYVA,4.0,0.5,0.1424,1,1,1,FINALIZED_WITHIN_C2_LIMIT,0.138041,1.489
6921,40000.0,0.02,greedy,ZYZZYVA,4.0,0.5,0.1424,1,1,1,FINALIZED_WITHIN_C2_LIMIT,0.060163,1.27
6922,40000.0,0.02,greedy,ZYZZYVA,4.0,0.5,0.1347,1,1,1,FINALIZED_WITHIN_C2_LIMIT,0.045548,1.339
6923,40000.0,0.02,greedy,ZYZZYVA,4.0,0.5,0.1347,1,1,1,FINALIZED_WITHIN_C2_LIMIT,0.081127,1.335
6924,40000.0,0.02,greedy,ZYZZYVA,4.0,0.5,0.1475,1,1,1,FINALIZED_WITHIN_C2_LIMIT,0.267663,1.541
6925,40000.0,0.02,greedy,ZYZZYVA,4.0,0.5,0.1368,1,1,1,FINALIZED_WITHIN_C2_LIMIT,0.371172,1.456
6926,40000.0,0.02,greedy,ZYZZYVA,4.0,0.5,0.1366,1,1,1,FINALIZED_WITHIN_C2_LIMIT,0.10698,1.478
6927,40000.0,0.02,greedy,ZYZZYVA,4.0,0.5,0.1374,1,1,1,FINALIZED_WITHIN_C2_LIMIT,0.425471,1.489
6928,0.0,0.02,explore,PBFT,4.0,6.5,0.2536,0,1,1,FINALIZED_WITHIN_C2_LIMIT,0.685483,1.329
6929,40000.0,0.02,greedy,ZYZZYVA,4.0,0.5,0.1374,1,1,1,FINALIZED_WITHIN_C2_LIMIT,0.573806,1.27
6930,40000.0,0.02,greedy,ZYZZYVA,4.0,0.5,0.1374,1,1,1,FINALIZED_WITHIN_C2_LIMIT,0.029028,1.302
6931,40000.0,0.02,greedy,ZYZZYVA,4.0,0.5,0.1198,1,1,1,FINALIZED_WITHIN_C2_LIMIT,0.682426,1.222
6932,40000.0,0.02,greedy,ZYZZYVA,4.0,0.5,0.1374,1,1,1,FINALIZED_WITHIN_C2_LIMIT,1.384187,1.436
6933,40000.0,0.02,greedy,ZYZZYVA,4.0,0.5,0.1374,1,1,1,FINALIZED_WITHIN_C2_LIMIT,1.272158,1.293
6934,40000.0,0.02,greedy,ZYZZYVA,4.0,0.5,0.1374,1,1,1,FINALIZED_WITHIN_C2_LIMIT,0.660513,1.311
6935,40000.0,0.02,greedy,ZYZZYVA,4.0,0.5,0.1374,1,1,1,FINALIZED_WITHIN_C2_LIMIT,0.167331,1.286
6936,40000.0,0.02,greedy,ZYZZYVA,4.0,0.5,0.1374,1,1,1,FINALIZED_WITHIN_C2_LIMIT,0.092342,1.353
6937,40000.0,0.02,greedy,ZYZZYVA,4.0,0.5,0.1198,1,1,1,FINALIZED_WITHIN_C2_LIMIT,0.184628,1.288
6938,40000.0,0.02,greedy,ZYZZYVA,4.0,0.5,0.083,1,1,1,FINALIZED_WITHIN_C2_LIMIT,0.238036,1.342
6939,40000.0,0.02,greedy,ZYZZYVA,4.0,0.5,0.0625,1,1,1,FINALIZED_WITHIN_C2_LIMIT,0.27892,1.226
6940,40000.0,0.02,greedy,ZYZZYVA,4.0,0.5,0.0643,1,1,1,FINALIZED_WITHIN_C2_LIMIT,0.052688,1.311
6941,40000.0,0.02,greedy,ZYZZYVA,4.0,0.5,0.0685,1,1,1,FINALIZED_WITHIN_C2_LIMIT,0.37,1.285
6942,40000.0,0.02,greedy,ZYZZYVA,4.0,0.5,0.0927,1,1,1,FINALIZED_WITHIN_C2_LIMIT,0.519276,1.577
6943,40000.0,0.02,greedy,ZYZZYVA,4.0,0.5,0.0903,1,1,1,FINALIZED_WITHIN_C2_LIMIT,0.319395,1.41
6944,40000.0,0.02,greedy,ZYZZYVA,4.0,0.5,0.0685,1,1,1,FINALIZED_WITHIN_C2_LIMIT,0.100644,1.348
6945,40000.0,0.02,greedy,ZYZZYVA,4.0,0.5,0.0479,1,1,1,FINALIZED_WITHIN_C2_LIMIT,0.323673,1.304
6946,40000.0,0.02,greedy,ZYZZYVA,4.0,0.5,0.0509,1,1,1,FINALIZED_WITHIN_C2_LIMIT,0.333006,1.47
6947,40000.0,0.02,greedy,ZYZZYVA,4.0,0.5,0.0517,1,1,1,FINALIZED_WITHIN_C2_LIMIT,0.071697,1.378
6948,40000.0,0.02,greedy,ZYZZYVA,4.0,0.5,0.0685,1,1,1,FINALIZED_WITHIN_C2_LIMIT,0.407265,1.265
6949,40000.0,0.02,greedy,ZYZZYVA,4.0,0.5,0.0685,1,1,1,FINALIZED_WITHIN_C2_LIMIT,0.806898,1.22
6950,40000.0,0.02,greedy,ZYZZYVA,4.0,0.5,0.0685,1,1,1,FINALIZED_WITHIN_C2_LIMIT,0.507664,1.331
6951,40000.0,0.02,greedy,ZYZZYVA,4.0,0.5,0.0795,1,1,1,FINALIZED_WITHIN_C2_LIMIT,0.0961,1.28
6952,40000.0,0.02,greedy,ZYZZYVA,4.0,0.5,0.0927,1,1,1,FINALIZED_WITHIN_C2_LIMIT,0.550294,1.419
6953,40000.0,0.02,greedy,ZYZZYVA,4.0,0.5,0.0903,1,1,1,FINALIZED_WITHIN_C2_LIMIT,1.207686,1.546
6954,40000.0,0.02,greedy,ZYZZYVA,4.0,0.5,0.0903,1,1,1,FINALIZED_WITHIN_C2_LIMIT,1.049501,1.205
6955,40000.0,0.02,greedy,ZYZZYVA,4.0,0.5,0.0903,1,1,1,FINALIZED_WITHIN_C2_LIMIT,0.440019,1.247
6956,40000.0,0.02,greedy,ZYZZYVA,4.0,0.5,0.1207,1,1,1,FINALIZED_WITHIN_C2_LIMIT,0.276839,1.307
6957,40000.0,0.02,greedy,ZYZZYVA,4.0,0.5,0.1207,1,1,1,FINALIZED_WITHIN_C2_LIMIT,0.181449,1.247
6958,40000.0,0.02,greedy,ZYZZYVA,4.0,0.5,0.1274,1,1,1,FINALIZED_WITHIN_C2_LIMIT,0.128614,1.434
6959,40000.0,0.02,greedy,ZYZZYVA,4.0,0.5,0.1274,1,1,1,FINALIZED_WITHIN_C2_LIMIT,0.091017,1.246
6960,40000.0,0.02,greedy,ZYZZYVA,4.0,0.5,0.1198,1,1,1,FINALIZED_WITHIN_C2_LIMIT,0.182676,1.459
6961,40000.0,0.02,greedy,ZYZZYVA,4.0,0.5,0.1274,1,1,1,FINALIZED_WITHIN_C2_LIMIT,0.121554,1.369
6962,40000.0,0.02,greedy,ZYZZYVA,4.0,0.5,0.1374,1,1,1,FINALIZED_WITHIN_C2_LIMIT,0.091079,1.349
6963,40000.0,0.02,greedy,ZYZZYVA,4.0,0.5,0.1198,1,1,1,FINALIZED_WITHIN_C2_LIMIT,0.172959,1.33
6964,40000.0,0.02,greedy,ZYZZYVA,4.0,0.5,0.0813,1,1,1,FINALIZED_WITHIN_C2_LIMIT,0.04311,1.413
6965,40000.0,0.02,greedy,ZYZZYVA,4.0,0.5,0.0928,1,1,1,FINALIZED_WITHIN_C2_LIMIT,0.081354,1.37
6966,40000.0,0.02,greedy,ZYZZYVA,4.0,0.5,0.0883,1,1,1,FINALIZED_WITHIN_C2_LIMIT,0.045008,1.407
6967,40000.0,0.02,greedy,ZYZZYVA,4.0,0.5,0.1006,1,1,1,FINALIZED_WITHIN_C2_LIMIT,0.081355,1.412
6968,40000.0,0.02,greedy,ZYZZYVA,4.0,0.5,0.1101,1,1,1,FINALIZED_WITHIN_C2_LIMIT,0.069177,1.406
6969,40000.0,0.02,greedy,ZYZZYVA,4.0,0.5,0.1006,1,1,1,FINALIZED_WITHIN_C2_LIMIT,0.350062,1.461
6970,40000.0,0.02,greedy,ZYZZYVA,4.0,0.5,0.1148,1,1,1,FINALIZED_WITHIN_C2_LIMIT,0.408195,1.453
6971,40000.0,0.02,greedy,ZYZZYVA,4.0,0.5,0.1293,1,1,1,FINALIZED_WITHIN_C2_LIMIT,0.134659,1.529
6972,40000.0,0.02,greedy,ZYZZYVA,4.0,0.5,0.1269,1,1,1,FINALIZED_WITHIN_C2_LIMIT,0.34437,1.596
6973,40000.0,0.02,greedy,ZYZZYVA,4.0,0.5,0.1295,1,1,1,FINALIZED_WITHIN_C2_LIMIT,0.444346,1.336
6974,40000.0,0.02,greedy,ZYZZYVA,4.0,0.5,0.1374,1,1,1,FINALIZED_WITHIN_C2_LIMIT,0.258073,1.429
6975,40000.0,0.02,greedy,ZYZZYVA,4.0,0.5,0.1374,1,1,1,FINALIZED_WITHIN_C2_LIMIT,0.170291,1.517
6976,40000.0,0.02,greedy,ZYZZYVA,4.0,0.5,0.1366,1,1,1,FINALIZED_WITHIN_C2_LIMIT,0.248524,1.407
6977,2222.222,0.02,explore,LIU_QUORUM,4.0,9.0,0.0686,1,1,1,FINALIZED_WITHIN_C2_LIMIT,0.216298,1.482
6978,40000.0,0.02,greedy,ZYZZYVA,4.0,0.5,0.1366,1,1,1,FINALIZED_WITHIN_C2_LIMIT,0.06055,1.857
6979,40000.0,0.02,greedy,ZYZZYVA,4.0,0.5,0.1295,1,1,1,FINALIZED_WITHIN_C2_LIMIT,0.856728,1.452
6980,40000.0,0.02,greedy,ZYZZYVA,4.0,0.5,0.1305,1,1,1,FINALIZED_WITHIN_C2_LIMIT,0.736397,1.362
6981,40000.0,0.02,greedy,ZYZZYVA,4.0,0.5,0.1173,1,1,1,FINALIZED_WITHIN_C2_LIMIT,0.148342,1.569
6982,40000.0,0.02,greedy,ZYZZYVA,4.0,0.5,0.0897,1,1,1,FINALIZED_WITHIN_C2_LIMIT,0.552338,1.845
6983,40000.0,0.02,greedy,ZYZZYVA,4.0,0.5,0.0902,1,1,1,FINALIZED_WITHIN_C2_LIMIT,1.210133,2.114
6984,40000.0,0.02,greedy,ZYZZYVA,4.0,0.5,0.0902,1,1,1,FINALIZED_WITHIN_C2_LIMIT,0.792654,1.575
6985,40000.0,0.02,greedy,ZYZZYVA,4.0,0.5,0.0902,1,1,1,FINALIZED_WITHIN_C2_LIMIT,0.066757,1.584
6986,40000.0,0.02,greedy,ZYZZYVA,4.0,0.5,0.0902,1,1,1,FINALIZED_WITHIN_C2_LIMIT,0.225838,1.372
6987,40000.0,0.02,greedy,ZYZZYVA,4.0,0.5,0.0902,1,1,1,FINALIZED_WITHIN_C2_LIMIT,0.085098,1.353
6988,40000.0,0.02,greedy,ZYZZYVA,4.0,0.5,0.0902,1,1,1,FINALIZED_WITHIN_C2_LIMIT,0.036254,1.267
6989,40000.0,0.02,greedy,ZYZZYVA,4.0,0.5,0.0902,1,1,1,FINALIZED_WITHIN_C2_LIMIT,0.140958,1.195
6990,40000.0,0.02,greedy,ZYZZYVA,4.0,0.5,0.0902,1,1,1,FINALIZED_WITHIN_C2_LIMIT,0.133277,1.382
6991,40000.0,0.02,greedy,ZYZZYVA,4.0,0.5,0.0902,1,1,1,FINALIZED_WITHIN_C2_LIMIT,0.497956,1.393
6992,40000.0,0.02,greedy,ZYZZYVA,4.0,0.5,0.0902,1,1,1,FINALIZED_WITHIN_C2_LIMIT,0.765288,1.413
6993,3333.333,0.02,explore,ZYZZYVA,4.0,6.0,0.072,1,1,1,FINALIZED_WITHIN_C2_LIMIT,0.342563,1.404
6994,40000.0,0.02,greedy,ZYZZYVA,4.0,0.5,0.0902,1,1,1,FINALIZED_WITHIN_C2_LIMIT,0.304001,1.392
6995,40000.0,0.02,greedy,ZYZZYVA,4.0,0.5,0.1076,1,1,1,FINALIZED_WITHIN_C2_LIMIT,0.556584,1.318
6996,40000.0,0.02,greedy,ZYZZYVA,4.0,0.5,0.0902,1,1,1,FINALIZED_WITHIN_C2_LIMIT,0.236669,1.462
6997,40000.0,0.02,greedy,ZYZZYVA,4.0,0.5,0.0902,1,1,1,FINALIZED_WITHIN_C2_LIMIT,0.169857,1.383
6998,40000.0,0.02,greedy,ZYZZYVA,4.0,0.5,0.0902,1,1,1,FINALIZED_WITHIN_C2_LIMIT,0.364922,1.277
6999,40000.0,0.02,greedy,ZYZZYVA,4.0,0.5,0.0902,1,1,1,FINALIZED_WITHIN_C2_LIMIT,0.052159,1.253
7000,40000.0,0.02,greedy,ZYZZYVA,4.0,0.5,0.0902,1,1,1,FINALIZED_WITHIN_C2_LIMIT,0.322396,1.34
7001,40000.0,0.02,greedy,ZYZZYVA,4.0,0.5,0.0902,1,1,1,FINALIZED_WITHIN_C2_LIMIT,0.097827,1.578
7002,40000.0,0.02,greedy,ZYZZYVA,4.0,0.5,0.0902,1,1,1,FINALIZED_WITHIN_C2_LIMIT,0.397267,1.306
7003,40000.0,0.02,greedy,ZYZZYVA,4.0,0.5,0.0897,1,1,1,FINALIZED_WITHIN_C2_LIMIT,0.416777,1.357
7004,40000.0,0.02,greedy,ZYZZYVA,4.0,0.5,0.0897,1,1,1,FINALIZED_WITHIN_C2_LIMIT,0.096855,1.384
7005,40000.0,0.02,greedy,ZYZZYVA,4.0,0.5,0.1162,1,1,1,FINALIZED_WITHIN_C2_LIMIT,0.576431,1.357
7006,40000.0,0.02,greedy,ZYZZYVA,4.0,0.5,0.1525,1,1,1,FINALIZED_WITHIN_C2_LIMIT,1.003328,1.208
7007,40000.0,0.02,greedy,ZYZZYVA,4.0,0.5,0.1199,1,1,1,FINALIZED_WITHIN_C2_LIMIT,0.580801,1.444
7008,40000.0,0.02,greedy,ZYZZYVA,4.0,0.5,0.1076,1,1,1,FINALIZED_WITHIN_C2_LIMIT,0.042217,1.28
7009,40000.0,0.02,greedy,ZYZZYVA,4.0,0.5,0.0897,1,1,1,FINALIZED_WITHIN_C2_LIMIT,1.451315,1.293
7010,40000.0,0.02,greedy,ZYZZYVA,4.0,0.5,0.0897,1,1,1,FINALIZED_WITHIN_C2_LIMIT,3.283944,1.169
7011,40000.0,0.02,greedy,ZYZZYVA,4.0,0.5,0.0897,1,1,1,FINALIZED_WITHIN_C2_LIMIT,3.193776,1.148
7012,40000.0,0.02,greedy,ZYZZYVA,4.0,0.5,0.1525,1,1,1,FINALIZED_WITHIN_C2_LIMIT,1.636644,1.423
7013,40000.0,0.02,greedy,ZYZZYVA,4.0,0.5,0.1753,1,1,1,FINALIZED_WITHIN_C2_LIMIT,0.147847,1.383
7014,40000.0,0.02,greedy,ZYZZYVA,4.0,0.5,0.1753,1,1,1,FINALIZED_WITHIN_C2_LIMIT,0.768019,1.54
7015,40000.0,0.02,greedy,ZYZZYVA,4.0,0.5,0.1766,1,1,1,FINALIZED_WITHIN_C2_LIMIT,2.155163,1.38
7016,40000.0,0.02,greedy,ZYZZYVA,4.0,0.5,0.1592,1,1,1,FINALIZED_WITHIN_C2_LIMIT,2.252574,1.348
7017,40000.0,0.02,greedy,ZYZZYVA,4.0,0.5,0.1592,1,1,1,FINALIZED_WITHIN_C2_LIMIT,1.436132,1.359
7018,40000.0,0.02,greedy,ZYZZYVA,4.0,0.5,0.1766,1,1,1,FINALIZED_WITHIN_C2_LIMIT,0.34398,1.643
7019,40000.0,0.02,greedy,ZYZZYVA,4.0,0.5,0.1613,1,1,1,FINALIZED_WITHIN_C2_LIMIT,0.67934,1.378
7020,40000.0,0.02,greedy,ZYZZYVA,4.0,0.5,0.1446,1,1,1,FINALIZED_WITHIN_C2_LIMIT,2.055052,1.279
7021,40000.0,0.02,greedy,ZYZZYVA,4.0,0.5,0.1685,1,1,1,FINALIZED_WITHIN_C2_LIMIT,2.40795,1.306
7022,40000.0,0.02,greedy,ZYZZYVA,4.0,0.5,0.1766,1,1,1,FINALIZED_WITHIN_C2_LIMIT,1.353203,1.331
7023,40000.0,0.02,greedy,ZYZZYVA,4.0,0.5,0.1766,1,1,1,FINALIZED_WITHIN_C2_LIMIT,0.144523,1.287
7024,40000.0,0.02,greedy,ZYZZYVA,4.0,0.5,0.1753,1,1,1,FINALIZED_WITHIN_C2_LIMIT,0.639103,1.223
7025,40000.0,0.02,greedy,ZYZZYVA,4.0,0.5,0.1753,1,1,1,FINALIZED_WITHIN_C2_LIMIT,1.748477,1.227
7026,40000.0,0.02,greedy,ZYZZYVA,4.0,0.5,0.1446,1,1,1,FINALIZED_WITHIN_C2_LIMIT,1.855515,1.403
7027,40000.0,0.02,greedy,ZYZZYVA,4.0,0.5,0.1753,1,1,1,FINALIZED_WITHIN_C2_LIMIT,0.824689,1.42
7028,40000.0,0.02,greedy,ZYZZYVA,4.0,0.5,0.1766,1,1,1,FINALIZED_WITHIN_C2_LIMIT,0.260162,1.493
7029,40000.0,0.02,greedy,ZYZZYVA,4.0,0.5,0.1766,1,1,1,FINALIZED_WITHIN_C2_LIMIT,0.786147,1.278
7030,40000.0,0.02,greedy,ZYZZYVA,4.0,0.5,0.1766,1,1,1,FINALIZED_WITHIN_C2_LIMIT,2.526346,1.484
7031,40000.0,0.02,greedy,ZYZZYVA,4.0,0.5,0.1766,1,1,1,FINALIZED_WITHIN_C2_LIMIT,2.749973,1.409
7032,40000.0,0.02,greedy,ZYZZYVA,4.0,0.5,0.1766,1,1,1,FINALIZED_WITHIN_C2_LIMIT,1.786664,1.476
7033,40000.0,0.02,greedy,ZYZZYVA,4.0,0.5,0.1766,1,1,1,FINALIZED_WITHIN_C2_LIMIT,0.404708,1.486
7034,40000.0,0.02,greedy,ZYZZYVA,4.0,0.5,0.1766,1,1,1,FINALIZED_WITHIN_C2_LIMIT,0.423315,1.412
7035,40000.0,0.02,greedy,ZYZZYVA,4.0,0.5,0.1766,1,1,1,FINALIZED_WITHIN_C2_LIMIT,0.971219,1.406
7036,40000.0,0.02,greedy,ZYZZYVA,4.0,0.5,0.1766,1,1,1,FINALIZED_WITHIN_C2_LIMIT,1.024288,1.34
7037,40000.0,0.02,greedy,ZYZZYVA,4.0,0.5,0.1766,1,1,1,FINALIZED_WITHIN_C2_LIMIT,0.47519,1.347
7038,40000.0,0.02,greedy,ZYZZYVA,4.0,0.5,0.1766,1,1,1,FINALIZED_WITHIN_C2_LIMIT,0.142088,1.418
7039,40000.0,0.02,greedy,ZYZZYVA,4.0,0.5,0.1766,1,1,1,FINALIZED_WITHIN_C2_LIMIT,0.200336,1.312
7040,2500.0,0.02,explore,PBFT,4.0,8.0,0.0401,1,1,1,FINALIZED_WITHIN_C2_LIMIT,0.185462,1.389
7041,40000.0,0.02,greedy,ZYZZYVA,4.0,0.5,0.1766,1,1,1,FINALIZED_WITHIN_C2_LIMIT,0.227714,1.376
7042,40000.0,0.02,greedy,ZYZZYVA,4.0,0.5,0.1766,1,1,1,FINALIZED_WITHIN_C2_LIMIT,0.333241,1.386
7043,40000.0,0.02,greedy,ZYZZYVA,4.0,0.5,0.1766,1,1,1,FINALIZED_WITHIN_C2_LIMIT,0.078835,1.219
7044,40000.0,0.02,greedy,ZYZZYVA,4.0,0.5,0.1766,1,1,1,FINALIZED_WITHIN_C2_LIMIT,0.327639,1.187
7045,40000.0,0.02,greedy,ZYZZYVA,4.0,0.5,0.1766,1,1,1,FINALIZED_WITHIN_C2_LIMIT,0.557129,1.328
7046,40000.0,0.02,greedy,ZYZZYVA,4.0,0.5,0.1766,1,1,1,FINALIZED_WITHIN_C2_LIMIT,0.508,1.395
7047,40000.0,0.02,greedy,ZYZZYVA,4.0,0.5,0.1766,1,1,1,FINALIZED_WITHIN_C2_LIMIT,0.133595,1.374
7048,40000.0,0.02,greedy,ZYZZYVA,4.0,0.5,0.1766,1,1,1,FINALIZED_WITHIN_C2_LIMIT,0.112154,1.262
7049,40000.0,0.02,greedy,ZYZZYVA,4.0,0.5,0.1766,1,1,1,FINALIZED_WITHIN_C2_LIMIT,0.326104,1.369
7050,40000.0,0.02,greedy,ZYZZYVA,4.0,0.5,0.1766,1,1,1,FINALIZED_WITHIN_C2_LIMIT,0.19965,1.333
7051,40000.0,0.02,greedy,ZYZZYVA,4.0,0.5,0.1766,1,1,1,FINALIZED_WITHIN_C2_LIMIT,0.191379,1.264
7052,40000.0,0.02,greedy,ZYZZYVA,4.0,0.5,0.1766,1,1,1,FINALIZED_WITHIN_C2_LIMIT,0.103693,1.362
7053,40000.0,0.02,greedy,ZYZZYVA,4.0,0.5,0.1766,1,1,1,FINALIZED_WITHIN_C2_LIMIT,0.331835,1.22
7054,40000.0,0.02,greedy,ZYZZYVA,4.0,0.5,0.1766,1,1,1,FINALIZED_WITHIN_C2_LIMIT,0.229833,1.332
7055,40000.0,0.02,greedy,ZYZZYVA,4.0,0.5,0.1766,1,1,1,FINALIZED_WITHIN_C2_LIMIT,0.081016,1.363
7056,40000.0,0.02,greedy,ZYZZYVA,4.0,0.5,0.1766,1,1,1,FINALIZED_WITHIN_C2_LIMIT,0.193058,1.536
7057,40000.0,0.02,greedy,ZYZZYVA,4.0,0.5,0.1766,1,1,1,FINALIZED_WITHIN_C2_LIMIT,0.500503,1.219
7058,40000.0,0.02,greedy,ZYZZYVA,4.0,0.5,0.1766,1,1,1,FINALIZED_WITHIN_C2_LIMIT,0.050649,1.222
7059,40000.0,0.02,greedy,ZYZZYVA,4.0,0.5,0.1766,1,1,1,FINALIZED_WITHIN_C2_LIMIT,0.437028,1.354
7060,40000.0,0.02,greedy,ZYZZYVA,4.0,0.5,0.1766,1,1,1,FINALIZED_WITHIN_C2_LIMIT,0.887853,1.29
7061,40000.0,0.02,greedy,ZYZZYVA,4.0,0.5,0.1766,1,1,1,FINALIZED_WITHIN_C2_LIMIT,0.513098,1.432
7062,40000.0,0.02,greedy,ZYZZYVA,4.0,0.5,0.1766,1,1,1,FINALIZED_WITHIN_C2_LIMIT,0.153323,1.213
7063,40000.0,0.02,greedy,ZYZZYVA,4.0,0.5,0.1766,1,1,1,FINALIZED_WITHIN_C2_LIMIT,0.204985,1.431
7064,40000.0,0.02,greedy,ZYZZYVA,4.0,0.5,0.1766,1,1,1,FINALIZED_WITHIN_C2_LIMIT,0.055403,1.236
7065,40000.0,0.02,greedy,ZYZZYVA,4.0,0.5,0.1766,1,1,1,FINALIZED_WITHIN_C2_LIMIT,0.190761,1.348
7066,40000.0,0.02,greedy,ZYZZYVA,4.0,0.5,0.1766,1,1,1,FINALIZED_WITHIN_C2_LIMIT,0.093372,1.28
7067,40000.0,0.02,greedy,ZYZZYVA,4.0,0.5,0.1766,1,1,1,FINALIZED_WITHIN_C2_LIMIT,0.038647,1.246
7068,40000.0,0.02,greedy,ZYZZYVA,4.0,0.5,0.1766,1,1,1,FINALIZED_WITHIN_C2_LIMIT,0.044082,1.52
7069,40000.0,0.02,greedy,ZYZZYVA,4.0,0.5,0.1766,1,1,1,FINALIZED_WITHIN_C2_LIMIT,0.104595,1.356
7070,40000.0,0.02,greedy,ZYZZYVA,4.0,0.5,0.1766,1,1,1,FINALIZED_WITHIN_C2_LIMIT,0.059104,1.441
7071,40000.0,0.02,greedy,ZYZZYVA,4.0,0.5,0.1766,1,1,1,FINALIZED_WITHIN_C2_LIMIT,0.180558,1.564
7072,40000.0,0.02,greedy,ZYZZYVA,4.0,0.5,0.1766,1,1,1,FINALIZED_WITHIN_C2_LIMIT,0.047654,1.293
7073,40000.0,0.02,greedy,ZYZZYVA,4.0,0.5,0.1753,1,1,1,FINALIZED_WITHIN_C2_LIMIT,0.102967,1.239
7074,40000.0,0.02,greedy,ZYZZYVA,4.0,0.5,0.1753,1,1,1,FINALIZED_WITHIN_C2_LIMIT,0.067574,1.267
7075,40000.0,0.02,greedy,ZYZZYVA,4.0,0.5,0.1753,1,1,1,FINALIZED_WITHIN_C2_LIMIT,0.454702,1.362
7076,40000.0,0.02,greedy,ZYZZYVA,4.0,0.5,0.1753,1,1,1,FINALIZED_WITHIN_C2_LIMIT,0.636133,1.585
7077,40000.0,0.02,greedy,ZYZZYVA,4.0,0.5,0.1753,1,1,1,FINALIZED_WITHIN_C2_LIMIT,0.486048,1.247
7078,40000.0,0.02,greedy,ZYZZYVA,4.0,0.5,0.1753,1,1,1,FINALIZED_WITHIN_C2_LIMIT,0.194937,1.803
7079,40000.0,0.02,greedy,ZYZZYVA,4.0,0.5,0.1753,1,1,1,FINALIZED_WITHIN_C2_LIMIT,0.483189,1.497
7080,40000.0,0.02,greedy,ZYZZYVA,4.0,0.5,0.1753,1,1,1,FINALIZED_WITHIN_C2_LIMIT,0.252781,1.564
7081,40000.0,0.02,greedy,ZYZZYVA,4.0,0.5,0.1753,1,1,1,FINALIZED_WITHIN_C2_LIMIT,0.15712,1.34
7082,40000.0,0.02,greedy,ZYZZYVA,4.0,0.5,0.1753,1,1,1,FINALIZED_WITHIN_C2_LIMIT,0.408084,1.422
7083,40000.0,0.02,greedy,ZYZZYVA,4.0,0.5,0.1766,1,1,1,FINALIZED_WITHIN_C2_LIMIT,0.063328,1.429
7084,40000.0,0.02,greedy,ZYZZYVA,4.0,0.5,0.1766,1,1,1,FINALIZED_WITHIN_C2_LIMIT,0.392126,1.444
7085,40000.0,0.02,greedy,ZYZZYVA,4.0,0.5,0.1766,1,1,1,FINALIZED_WITHIN_C2_LIMIT,0.66258,1.398
7086,40000.0,0.02,greedy,ZYZZYVA,4.0,0.5,0.1766,1,1,1,FINALIZED_WITHIN_C2_LIMIT,0.306857,1.501
7087,40000.0,0.02,greedy,ZYZZYVA,4.0,0.5,0.1766,1,1,1,FINALIZED_WITHIN_C2_LIMIT,0.210946,1.454
7088,40000.0,0.02,greedy,ZYZZYVA,4.0,0.5,0.1766,1,1,1,FINALIZED_WITHIN_C2_LIMIT,0.507042,1.326
7089,40000.0,0.02,greedy,ZYZZYVA,4.0,0.5,0.1766,1,1,1,FINALIZED_WITHIN_C2_LIMIT,0.086731,1.695
7090,40000.0,0.02,greedy,ZYZZYVA,4.0,0.5,0.1766,1,1,1,FINALIZED_WITHIN_C2_LIMIT,0.387348,1.317
7091,40000.0,0.02,greedy,ZYZZYVA,4.0,0.5,0.1766,1,1,1,FINALIZED_WITHIN_C2_LIMIT,0.578361,1.763
7092,40000.0,0.02,greedy,ZYZZYVA,4.0,0.5,0.1766,1,1,1,FINALIZED_WITHIN_C2_LIMIT,0.285526,1.408
7093,40000.0,0.02,greedy,ZYZZYVA,4.0,0.5,0.1766,1,1,1,FINALIZED_WITHIN_C2_LIMIT,0.183116,1.283
7094,40000.0,0.02,greedy,ZYZZYVA,4.0,0.5,0.1753,1,1,1,FINALIZED_WITHIN_C2_LIMIT,0.58032,1.32
7095,40000.0,0.02,greedy,ZYZZYVA,4.0,0.5,0.1753,1,1,1,FINALIZED_WITHIN_C2_LIMIT,0.090926,1.507
7096,40000.0,0.02,greedy,ZYZZYVA,4.0,0.5,0.1766,1,1,1,FINALIZED_WITHIN_C2_LIMIT,0.293894,1.355
7097,40000.0,0.02,greedy,ZYZZYVA,4.0,0.5,0.1766,1,1,1,FINALIZED_WITHIN_C2_LIMIT,0.524415,1.491
7098,40000.0,0.02,greedy,ZYZZYVA,4.0,0.5,0.1766,1,1,1,FINALIZED_WITHIN_C2_LIMIT,0.206634,1.269
7099,40000.0,0.02,greedy,ZYZZYVA,4.0,0.5,0.1753,1,1,1,FINALIZED_WITHIN_C2_LIMIT,0.134605,1.424
7100,40000.0,0.02,greedy,ZYZZYVA,4.0,0.5,0.1753,1,1,1,FINALIZED_WITHIN_C2_LIMIT,0.084356,1.313
7101,40000.0,0.02,greedy,ZYZZYVA,4.0,0.5,0.1753,1,1,1,FINALIZED_WITHIN_C2_LIMIT,0.137584,1.275
7102,40000.0,0.02,greedy,ZYZZYVA,4.0,0.5,0.1753,1,1,1,FINALIZED_WITHIN_C2_LIMIT,0.166033,1.332
7103,40000.0,0.02,greedy,ZYZZYVA,4.0,0.5,0.1753,1,1,1,FINALIZED_WITHIN_C2_LIMIT,0.068596,1.518
7104,40000.0,0.02,greedy,ZYZZYVA,4.0,0.5,0.1766,1,1,1,FINALIZED_WITHIN_C2_LIMIT,0.041248,1.297
7105,40000.0,0.02,greedy,ZYZZYVA,4.0,0.5,0.1766,1,1,1,FINALIZED_WITHIN_C2_LIMIT,0.452858,1.457
7106,40000.0,0.02,greedy,ZYZZYVA,4.0,0.5,0.1766,1,1,1,FINALIZED_WITHIN_C2_LIMIT,0.614428,1.361
7107,40000.0,0.02,greedy,ZYZZYVA,4.0,0.5,0.1753,1,1,1,FINALIZED_WITHIN_C2_LIMIT,0.191679,1.462
7108,40000.0,0.02,greedy,ZYZZYVA,4.0,0.5,0.1766,1,1,1,FINALIZED_WITHIN_C2_LIMIT,0.244782,1.401
7109,40000.0,0.02,greedy,ZYZZYVA,4.0,0.5,0.1766,1,1,1,FINALIZED_WITHIN_C2_LIMIT,0.543058,1.345
7110,40000.0,0.02,greedy,ZYZZYVA,4.0,0.5,0.1766,1,1,1,FINALIZED_WITHIN_C2_LIMIT,0.296174,1.453
7111,40000.0,0.02,greedy,ZYZZYVA,4.0,0.5,0.1753,1,1,1,FINALIZED_WITHIN_C2_LIMIT,0.195047,1.28
7112,40000.0,0.02,greedy,ZYZZYVA,4.0,0.5,0.1822,1,1,1,FINALIZED_WITHIN_C2_LIMIT,0.229211,1.828
7113,40000.0,0.02,greedy,ZYZZYVA,4.0,0.5,0.1822,1,1,1,FINALIZED_WITHIN_C2_LIMIT,0.086347,1.499
7114,40000.0,0.02,greedy,ZYZZYVA,4.0,0.5,0.1822,1,1,1,FINALIZED_WITHIN_C2_LIMIT,0.511216,1.475
7115,40000.0,0.02,greedy,ZYZZYVA,4.0,0.5,0.1822,1,1,1,FINALIZED_WITHIN_C2_LIMIT,0.71464,1.416
7116,40000.0,0.02,greedy,ZYZZYVA,4.0,0.5,0.1822,1,1,1,FINALIZED_WITHIN_C2_LIMIT,0.372041,1.444
7117,40000.0,0.02,greedy,ZYZZYVA,4.0,0.5,0.1822,1,1,1,FINALIZED_WITHIN_C2_LIMIT,0.043217,1.467
7118,0.0,0.02,greedy,ZYZZYVA,4.0,0.5,0.2035,0,1,1,FINALIZED_WITHIN_C2_LIMIT,0.083929,1.51
7119,40000.0,0.02,greedy,ZYZZYVA,4.0,0.5,0.1766,1,1,1,FINALIZED_WITHIN_C2_LIMIT,0.09785,1.445
7120,40000.0,0.02,greedy,ZYZZYVA,4.0,0.5,0.1766,1,1,1,FINALIZED_WITHIN_C2_LIMIT,0.072591,1.489
7121,40000.0,0.02,greedy,ZYZZYVA,4.0,0.5,0.1766,1,1,1,FINALIZED_WITHIN_C2_LIMIT,0.09033,1.466
7122,40000.0,0.02,greedy,ZYZZYVA,4.0,0.5,0.1766,1,1,1,FINALIZED_WITHIN_C2_LIMIT,0.113257,1.31
7123,40000.0,0.02,greedy,ZYZZYVA,4.0,0.5,0.1766,1,1,1,FINALIZED_WITHIN_C2_LIMIT,0.275537,1.327
7124,40000.0,0.02,greedy,ZYZZYVA,4.0,0.5,0.1766,1,1,1,FINALIZED_WITHIN_C2_LIMIT,0.374934,1.345
7125,40000.0,0.02,greedy,ZYZZYVA,4.0,0.5,0.1766,1,1,1,FINALIZED_WITHIN_C2_LIMIT,0.190824,1.267
7126,40000.0,0.02,greedy,ZYZZYVA,4.0,0.5,0.1766,1,1,1,FINALIZED_WITHIN_C2_LIMIT,0.529828,1.507
7127,40000.0,0.02,greedy,ZYZZYVA,4.0,0.5,0.1766,1,1,1,FINALIZED_WITHIN_C2_LIMIT,1.03132,1.621
7128,40000.0,0.02,greedy,ZYZZYVA,4.0,0.5,0.1766,1,1,1,FINALIZED_WITHIN_C2_LIMIT,0.637603,1.367
7129,40000.0,0.02,greedy,ZYZZYVA,4.0,0.5,0.1766,1,1,1,FINALIZED_WITHIN_C2_LIMIT,0.107981,1.255
7130,40000.0,0.02,greedy,ZYZZYVA,4.0,0.5,0.1766,1,1,1,FINALIZED_WITHIN_C2_LIMIT,0.937842,1.283
7131,0.0,0.02,greedy,ZYZZYVA,4.0,0.5,0.2035,0,1,1,FINALIZED_WITHIN_C2_LIMIT,1.681332,1.54
7132,0.0,0.02,greedy,ZYZZYVA,4.0,0.5,0.2035,0,1,1,FINALIZED_WITHIN_C2_LIMIT,2.00411,1.492
7133,0.0,0.02,greedy,ZYZZYVA,4.0,0.5,0.2035,0,1,1,FINALIZED_WITHIN_C2_LIMIT,1.441893,1.429
7134,0.0,0.02,greedy,ZYZZYVA,4.0,0.5,0.2035,0,1,1,FINALIZED_WITHIN_C2_LIMIT,0.149757,2.021
7135,0.0,0.02,greedy,ZYZZYVA,4.0,0.5,0.2035,0,1,1,FINALIZED_WITHIN_C2_LIMIT,0.902221,1.488
7136,0.0,0.02,greedy,ZYZZYVA,4.0,0.5,0.2035,0,1,1,FINALIZED_WITHIN_C2_LIMIT,2.285683,1.334
7137,0.0,0.02,greedy,ZYZZYVA,4.0,0.5,0.2035,0,1,1,FINALIZED_WITHIN_C2_LIMIT,2.506195,1.43
7138,0.0,0.02,greedy,ZYZZYVA,4.0,0.5,0.2035,0,1,1,FINALIZED_WITHIN_C2_LIMIT,1.720652,1.339
7139,0.0,0.02,greedy,ZYZZYVA,4.0,0.5,0.2035,0,1,1,FINALIZED_WITHIN_C2_LIMIT,0.525354,1.514
7140,0.0,0.02,greedy,ZYZZYVA,4.0,0.5,0.2035,0,1,1,FINALIZED_WITHIN_C2_LIMIT,0.261129,1.517
7141,0.0,0.02,greedy,ZYZZYVA,4.0,0.5,0.2035,0,1,1,FINALIZED_WITHIN_C2_LIMIT,0.69095,1.324
7142,0.0,0.02,greedy,ZYZZYVA,4.0,0.5,0.2035,0,1,1,FINALIZED_WITHIN_C2_LIMIT,0.834963,1.238
7143,0.0,0.02,greedy,ZYZZYVA,4.0,0.5,0.2035,0,1,1,FINALIZED_WITHIN_C2_LIMIT,0.456293,1.273
7144,0.0,0.02,greedy,ZYZZYVA,4.0,0.5,0.2035,0,1,1,FINALIZED_WITHIN_C2_LIMIT,0.157763,1.245
7145,0.0,0.02,greedy,ZYZZYVA,4.0,0.5,0.2035,0,1,1,FINALIZED_WITHIN_C2_LIMIT,0.198785,1.354
7146,0.0,0.02,greedy,ZYZZYVA,4.0,0.5,0.2035,0,1,1,FINALIZED_WITHIN_C2_LIMIT,0.202131,1.361
7147,0.0,0.02,greedy,ZYZZYVA,4.0,0.5,0.2035,0,1,1,FINALIZED_WITHIN_C2_LIMIT,0.329299,1.388
7148,0.0,0.02,greedy,ZYZZYVA,4.0,0.5,0.2035,0,1,1,FINALIZED_WITHIN_C2_LIMIT,0.358804,1.299
7149,0.0,0.02,greedy,ZYZZYVA,4.0,0.5,0.2035,0,1,1,FINALIZED_WITHIN_C2_LIMIT,0.246249,1.451
7150,0.0,0.02,greedy,ZYZZYVA,4.0,0.5,0.2035,0,1,1,FINALIZED_WITHIN_C2_LIMIT,0.311095,1.294
7151,0.0,0.02,greedy,ZYZZYVA,4.0,0.5,0.2035,0,1,1,FINALIZED_WITHIN_C2_LIMIT,0.526999,1.363
7152,0.0,0.02,greedy,ZYZZYVA,4.0,0.5,0.2035,0,1,1,FINALIZED_WITHIN_C2_LIMIT,0.286989,1.403
7153,0.0,0.02,greedy,ZYZZYVA,4.0,0.5,0.2035,0,1,1,FINALIZED_WITHIN_C2_LIMIT,0.051087,1.332
7154,0.0,0.02,greedy,ZYZZYVA,4.0,0.5,0.2035,0,1,1,FINALIZED_WITHIN_C2_LIMIT,0.109131,1.241
7155,0.0,0.02,greedy,ZYZZYVA,4.0,0.5,0.2035,0,1,1,FINALIZED_WITHIN_C2_LIMIT,0.164253,1.435
7156,0.0,0.02,greedy,ZYZZYVA,4.0,0.5,0.2035,0,1,1,FINALIZED_WITHIN_C2_LIMIT,0.060808,1.439
7157,0.0,0.02,greedy,ZYZZYVA,4.0,0.5,0.2035,0,1,1,FINALIZED_WITHIN_C2_LIMIT,0.136158,1.542
7158,0.0,0.02,greedy,ZYZZYVA,4.0,0.5,0.2035,0,1,1,FINALIZED_WITHIN_C2_LIMIT,0.029733,1.494
7159,0.0,0.02,greedy,ZYZZYVA,4.0,0.5,0.2035,0,1,1,FINALIZED_WITHIN_C2_LIMIT,0.225322,2.229
7160,0.0,0.02,greedy,ZYZZYVA,4.0,0.5,0.2035,0,1,1,FINALIZED_WITHIN_C2_LIMIT,0.73864,1.635
7161,0.0,0.02,greedy,ZYZZYVA,4.0,0.5,0.2035,0,1,1,FINALIZED_WITHIN_C2_LIMIT,0.217556,2.054
7162,0.0,0.02,greedy,ZYZZYVA,4.0,0.5,0.2035,0,1,1,FINALIZED_WITHIN_C2_LIMIT,0.339178,1.569
7163,0.0,0.02,greedy,ZYZZYVA,4.0,0.5,0.2035,0,1,1,FINALIZED_WITHIN_C2_LIMIT,0.581539,1.367
7164,0.0,0.02,greedy,ZYZZYVA,4.0,0.5,0.2035,0,1,1,FINALIZED_WITHIN_C2_LIMIT,0.403423,1.486
7165,0.0,0.02,greedy,ZYZZYVA,4.0,0.5,0.2035,0,1,1,FINALIZED_WITHIN_C2_LIMIT,0.162483,1.454
7166,0.0,0.02,greedy,ZYZZYVA,4.0,0.5,0.2035,0,1,1,FINALIZED_WITHIN_C2_LIMIT,0.077844,1.376
7167,0.0,0.02,greedy,ZYZZYVA,4.0,0.5,0.2035,0,1,1,FINALIZED_WITHIN_C2_LIMIT,0.11527,1.41
7168,0.0,0.02,greedy,ZYZZYVA,4.0,0.5,0.2035,0,1,1,FINALIZED_WITHIN_C2_LIMIT,0.021706,1.562
7169,40000.0,0.02,greedy,ZYZZYVA,4.0,0.5,0.1766,1,1,1,FINALIZED_WITHIN_C2_LIMIT,0.445894,1.366
7170,40000.0,0.02,greedy,ZYZZYVA,4.0,0.5,0.1766,1,1,1,FINALIZED_WITHIN_C2_LIMIT,0.225898,1.336
7171,40000.0,0.02,greedy,ZYZZYVA,4.0,0.5,0.1766,1,1,1,FINALIZED_WITHIN_C2_LIMIT,0.28826,1.399
7172,40000.0,0.02,greedy,ZYZZYVA,4.0,0.5,0.1766,1,1,1,FINALIZED_WITHIN_C2_LIMIT,0.774482,1.495
7173,40000.0,0.02,greedy,ZYZZYVA,4.0,0.5,0.1766,1,1,1,FINALIZED_WITHIN_C2_LIMIT,1.290803,1.582
7174,40000.0,0.02,greedy,ZYZZYVA,4.0,0.5,0.1766,1,1,1,FINALIZED_WITHIN_C2_LIMIT,1.02363,1.485
7175,40000.0,0.02,greedy,ZYZZYVA,4.0,0.5,0.1766,1,1,1,FINALIZED_WITHIN_C2_LIMIT,0.378868,1.555
7176,40000.0,0.02,greedy,ZYZZYVA,4.0,0.5,0.1766,1,1,1,FINALIZED_WITHIN_C2_LIMIT,0.500682,1.592
7177,40000.0,0.02,greedy,ZYZZYVA,4.0,0.5,0.1766,1,1,1,FINALIZED_WITHIN_C2_LIMIT,1.118488,1.374
7178,40000.0,0.02,greedy,ZYZZYVA,4.0,0.5,0.1766,1,1,1,FINALIZED_WITHIN_C2_LIMIT,0.693909,1.535
7179,40000.0,0.02,greedy,ZYZZYVA,4.0,0.5,0.1766,1,1,1,FINALIZED_WITHIN_C2_LIMIT,0.22371,1.451
7180,40000.0,0.02,greedy,ZYZZYVA,4.0,0.5,0.1766,1,1,1,FINALIZED_WITHIN_C2_LIMIT,0.325967,1.298
7181,40000.0,0.02,greedy,ZYZZYVA,4.0,0.5,0.1766,1,1,1,FINALIZED_WITHIN_C2_LIMIT,0.784924,1.254
7182,40000.0,0.02,greedy,ZYZZYVA,4.0,0.5,0.1766,1,1,1,FINALIZED_WITHIN_C2_LIMIT,0.584591,1.452
7183,40000.0,0.02,greedy,ZYZZYVA,4.0,0.5,0.1766,1,1,1,FINALIZED_WITHIN_C2_LIMIT,0.210756,1.616
7184,40000.0,0.02,greedy,ZYZZYVA,4.0,0.5,0.1766,1,1,1,FINALIZED_WITHIN_C2_LIMIT,0.661507,1.321
7185,40000.0,0.02,greedy,ZYZZYVA,4.0,0.5,0.1766,1,1,1,FINALIZED_WITHIN_C2_LIMIT,1.101191,1.376
7186,40000.0,0.02,greedy,ZYZZYVA,4.0,0.5,0.1766,1,1,1,FINALIZED_WITHIN_C2_LIMIT,1.454577,1.394
7187,40000.0,0.02,greedy,ZYZZYVA,4.0,0.5,0.1766,1,1,1,FINALIZED_WITHIN_C2_LIMIT,0.541501,1.409
7188,40000.0,0.02,greedy,ZYZZYVA,4.0,0.5,0.1766,1,1,1,FINALIZED_WITHIN_C2_LIMIT,0.18911,1.479
7189,40000.0,0.02,greedy,ZYZZYVA,4.0,0.5,0.1766,1,1,1,FINALIZED_WITHIN_C2_LIMIT,0.483291,1.44
7190,40000.0,0.02,greedy,ZYZZYVA,4.0,0.5,0.1766,1,1,1,FINALIZED_WITHIN_C2_LIMIT,0.478312,1.466
7191,40000.0,0.02,greedy,ZYZZYVA,4.0,0.5,0.1766,1,1,1,FINALIZED_WITHIN_C2_LIMIT,0.063751,1.459
7192,40000.0,0.02,greedy,ZYZZYVA,4.0,0.5,0.1766,1,1,1,FINALIZED_WITHIN_C2_LIMIT,0.225774,1.46
7193,40000.0,0.02,greedy,ZYZZYVA,4.0,0.5,0.1766,1,1,1,FINALIZED_WITHIN_C2_LIMIT,0.28501,1.578
7194,40000.0,0.02,greedy,ZYZZYVA,4.0,0.5,0.1766,1,1,1,FINALIZED_WITHIN_C2_LIMIT,0.167622,1.458
7195,40000.0,0.02,greedy,ZYZZYVA,4.0,0.5,0.1766,1,1,1,FINALIZED_WITHIN_C2_LIMIT,0.219031,1.344
7196,40000.0,0.02,greedy,ZYZZYVA,4.0,0.5,0.1592,1,1,1,FINALIZED_WITHIN_C2_LIMIT,0.049667,1.698
7197,40000.0,0.02,greedy,ZYZZYVA,4.0,0.5,0.1592,1,1,1,FINALIZED_WITHIN_C2_LIMIT,0.109108,1.579
7198,40000.0,0.02,greedy,ZYZZYVA,4.0,0.5,0.1766,1,1,1,FINALIZED_WITHIN_C2_LIMIT,0.28414,1.546
7199,40000.0,0.02,greedy,ZYZZYVA,4.0,0.5,0.1766,1,1,1,FINALIZED_WITHIN_C2_LIMIT,0.024578,1.688
7200,40000.0,0.02,greedy,ZYZZYVA,4.0,0.5,0.1766,1,1,1,FINALIZED_WITHIN_C2_LIMIT,0.3328,1.502
7201,40000.0,0.02,greedy,ZYZZYVA,4.0,0.5,0.1766,1,1,1,FINALIZED_WITHIN_C2_LIMIT,0.291791,1.486
7202,40000.0,0.02,greedy,ZYZZYVA,4.0,0.5,0.1592,1,1,1,FINALIZED_WITHIN_C2_LIMIT,0.276414,1.478
7203,40000.0,0.02,greedy,ZYZZYVA,4.0,0.5,0.1592,1,1,1,FINALIZED_WITHIN_C2_LIMIT,0.330871,1.425
7204,40000.0,0.02,greedy,ZYZZYVA,4.0,0.5,0.1766,1,1,1,FINALIZED_WITHIN_C2_LIMIT,0.237071,1.588
7205,40000.0,0.02,greedy,ZYZZYVA,4.0,0.5,0.1766,1,1,1,FINALIZED_WITHIN_C2_LIMIT,0.238276,1.532
7206,40000.0,0.02,greedy,ZYZZYVA,4.0,0.5,0.1592,1,1,1,FINALIZED_WITHIN_C2_LIMIT,0.189331,1.608
7207,40000.0,0.02,greedy,ZYZZYVA,4.0,0.5,0.1592,1,1,1,FINALIZED_WITHIN_C2_LIMIT,0.119122,1.525
7208,40000.0,0.02,greedy,ZYZZYVA,4.0,0.5,0.1766,1,1,1,FINALIZED_WITHIN_C2_LIMIT,0.437559,1.461
7209,40000.0,0.02,greedy,ZYZZYVA,4.0,0.5,0.1766,1,1,1,FINALIZED_WITHIN_C2_LIMIT,0.311659,1.681
7210,40000.0,0.02,greedy,ZYZZYVA,4.0,0.5,0.1592,1,1,1,FINALIZED_WITHIN_C2_LIMIT,0.038527,1.551
7211,40000.0,0.02,greedy,ZYZZYVA,4.0,0.5,0.1592,1,1,1,FINALIZED_WITHIN_C2_LIMIT,0.351211,1.627
7212,40000.0,0.02,greedy,ZYZZYVA,4.0,0.5,0.1766,1,1,1,FINALIZED_WITHIN_C2_LIMIT,0.289289,1.451
7213,40000.0,0.02,greedy,ZYZZYVA,4.0,0.5,0.1592,1,1,1,FINALIZED_WITHIN_C2_LIMIT,0.217246,1.619
7214,40000.0,0.02,greedy,ZYZZYVA,4.0,0.5,0.1766,1,1,1,FINALIZED_WITHIN_C2_LIMIT,0.119848,1.786
7215,40000.0,0.02,greedy,ZYZZYVA,4.0,0.5,0.1766,1,1,1,FINALIZED_WITHIN_C2_LIMIT,0.206462,1.966
7216,40000.0,0.02,greedy,ZYZZYVA,4.0,0.5,0.1766,1,1,1,FINALIZED_WITHIN_C2_LIMIT,0.479577,1.778
7217,40000.0,0.02,greedy,ZYZZYVA,4.0,0.5,0.1766,1,1,1,FINALIZED_WITHIN_C2_LIMIT,0.234005,1.605
7218,40000.0,0.02,greedy,ZYZZYVA,4.0,0.5,0.1766,1,1,1,FINALIZED_WITHIN_C2_LIMIT,0.091885,1.572
7219,40000.0,0.02,greedy,ZYZZYVA,4.0,0.5,0.1766,1,1,1,FINALIZED_WITHIN_C2_LIMIT,0.21042,1.441
7220,40000.0,0.02,greedy,ZYZZYVA,4.0,0.5,0.1592,1,1,1,FINALIZED_WITHIN_C2_LIMIT,0.418237,1.51
7221,40000.0,0.02,greedy,ZYZZYVA,4.0,0.5,0.1592,1,1,1,FINALIZED_WITHIN_C2_LIMIT,0.48377,1.494
7222,40000.0,0.02,greedy,ZYZZYVA,4.0,0.5,0.1592,1,1,1,FINALIZED_WITHIN_C2_LIMIT,0.198631,1.46
7223,40000.0,0.02,greedy,ZYZZYVA,4.0,0.5,0.1766,1,1,1,FINALIZED_WITHIN_C2_LIMIT,0.478107,1.357
7224,40000.0,0.02,greedy,ZYZZYVA,4.0,0.5,0.1766,1,1,1,FINALIZED_WITHIN_C2_LIMIT,1.169313,1.359
7225,40000.0,0.02,greedy,ZYZZYVA,4.0,0.5,0.1766,1,1,1,FINALIZED_WITHIN_C2_LIMIT,0.752151,1.401
7226,40000.0,0.02,greedy,ZYZZYVA,4.0,0.5,0.1753,1,1,1,FINALIZED_WITHIN_C2_LIMIT,0.162453,1.398
7227,40000.0,0.02,greedy,ZYZZYVA,4.0,0.5,0.1683,1,1,1,FINALIZED_WITHIN_C2_LIMIT,0.82223,1.347
7228,40000.0,0.02,greedy,ZYZZYVA,4.0,0.5,0.1683,1,1,1,FINALIZED_WITHIN_C2_LIMIT,1.480216,1.545
7229,40000.0,0.02,greedy,ZYZZYVA,4.0,0.5,0.1753,1,1,1,FINALIZED_WITHIN_C2_LIMIT,1.355021,1.371
7230,40000.0,0.02,greedy,ZYZZYVA,4.0,0.5,0.1683,1,1,1,FINALIZED_WITHIN_C2_LIMIT,0.385595,1.382
7231,40000.0,0.02,greedy,ZYZZYVA,4.0,0.5,0.1766,1,1,1,FINALIZED_WITHIN_C2_LIMIT,0.398671,1.385
7232,40000.0,0.02,greedy,ZYZZYVA,4.0,0.5,0.1766,1,1,1,FINALIZED_WITHIN_C2_LIMIT,0.464987,1.371
7233,40000.0,0.02,greedy,ZYZZYVA,4.0,0.5,0.1766,1,1,1,FINALIZED_WITHIN_C2_LIMIT,0.579848,1.348
7234,40000.0,0.02,greedy,ZYZZYVA,4.0,0.5,0.1766,1,1,1,FINALIZED_WITHIN_C2_LIMIT,0.151429,1.652
7235,40000.0,0.02,greedy,ZYZZYVA,4.0,0.5,0.1766,1,1,1,FINALIZED_WITHIN_C2_LIMIT,0.645806,1.929
7236,40000.0,0.02,greedy,ZYZZYVA,4.0,0.5,0.1766,1,1,1,FINALIZED_WITHIN_C2_LIMIT,1.228309,1.797
7237,40000.0,0.02,greedy,ZYZZYVA,4.0,0.5,0.1766,1,1,1,FINALIZED_WITHIN_C2_LIMIT,1.063417,1.513
7238,2666.667,0.02,explore,LIU_QUORUM,4.0,7.5,0.0362,1,1,1,FINALIZED_WITHIN_C2_LIMIT,0.33932,1.625
7239,40000.0,0.02,greedy,ZYZZYVA,4.0,0.5,0.1854,1,1,1,FINALIZED_WITHIN_C2_LIMIT,0.332686,1.389
7240,40000.0,0.02,greedy,ZYZZYVA,4.0,0.5,0.1854,1,1,1,FINALIZED_WITHIN_C2_LIMIT,0.869539,1.313
7241,40000.0,0.02,greedy,ZYZZYVA,4.0,0.5,0.1854,1,1,1,FINALIZED_WITHIN_C2_LIMIT,0.428836,1.33
7242,40000.0,0.02,greedy,ZYZZYVA,4.0,0.5,0.1854,1,1,1,FINALIZED_WITHIN_C2_LIMIT,0.084778,1.413
7243,8000.0,0.02,explore,PBFT,4.0,2.5,0.0769,1,1,1,FINALIZED_WITHIN_C2_LIMIT,0.520433,1.49
7244,40000.0,0.02,greedy,ZYZZYVA,4.0,0.5,0.1766,1,1,1,FINALIZED_WITHIN_C2_LIMIT,1.018716,1.322
7245,40000.0,0.02,greedy,ZYZZYVA,4.0,0.5,0.1766,1,1,1,FINALIZED_WITHIN_C2_LIMIT,0.804081,1.28
7246,40000.0,0.02,greedy,ZYZZYVA,4.0,0.5,0.1766,1,1,1,FINALIZED_WITHIN_C2_LIMIT,0.164914,1.282
7247,40000.0,0.02,greedy,ZYZZYVA,4.0,0.5,0.1822,1,1,1,FINALIZED_WITHIN_C2_LIMIT,0.309376,1.31
7248,40000.0,0.02,greedy,ZYZZYVA,4.0,0.5,0.1854,1,1,1,FINALIZED_WITHIN_C2_LIMIT,1.071331,1.425
7249,40000.0,0.02,greedy,ZYZZYVA,4.0,0.5,0.1822,1,1,1,FINALIZED_WITHIN_C2_LIMIT,0.931587,1.454
7250,40000.0,0.02,greedy,ZYZZYVA,4.0,0.5,0.1766,1,1,1,FINALIZED_WITHIN_C2_LIMIT,0.142623,1.82
7251,40000.0,0.02,greedy,ZYZZYVA,4.0,0.5,0.1766,1,1,1,FINALIZED_WITHIN_C2_LIMIT,0.38265,1.4
7252,2857.143,0.02,explore,LIU_QUORUM,4.0,7.0,0.0311,1,1,1,FINALIZED_WITHIN_C2_LIMIT,0.707175,1.49
7253,40000.0,0.02,greedy,ZYZZYVA,4.0,0.5,0.1766,1,1,1,FINALIZED_WITHIN_C2_LIMIT,0.541531,1.312
7254,40000.0,0.02,greedy,ZYZZYVA,4.0,0.5,0.1766,1,1,1,FINALIZED_WITHIN_C2_LIMIT,0.063368,1.507
7255,40000.0,0.02,greedy,ZYZZYVA,4.0,0.5,0.1697,1,1,1,FINALIZED_WITHIN_C2_LIMIT,0.810656,1.619
7256,40000.0,0.02,greedy,ZYZZYVA,4.0,0.5,0.1697,1,1,1,FINALIZED_WITHIN_C2_LIMIT,1.28555,1.604
7257,40000.0,0.02,greedy,ZYZZYVA,4.0,0.5,0.1697,1,1,1,FINALIZED_WITHIN_C2_LIMIT,0.995912,1.399
7258,40000.0,0.02,greedy,ZYZZYVA,4.0,0.5,0.1697,1,1,1,FINALIZED_WITHIN_C2_LIMIT,0.271761,1.272
7259,40000.0,0.02,greedy,ZYZZYVA,4.0,0.5,0.1697,1,1,1,FINALIZED_WITHIN_C2_LIMIT,0.285385,1.403
7260,40000.0,0.02,greedy,ZYZZYVA,4.0,0.5,0.1766,1,1,1,FINALIZED_WITHIN_C2_LIMIT,0.442018,1.324
7261,40000.0,0.02,greedy,ZYZZYVA,4.0,0.5,0.1697,1,1,1,FINALIZED_WITHIN_C2_LIMIT,0.373053,1.339
7262,40000.0,0.02,greedy,ZYZZYVA,4.0,0.5,0.1697,1,1,1,FINALIZED_WITHIN_C2_LIMIT,0.305879,1.308
7263,40000.0,0.02,greedy,ZYZZYVA,4.0,0.5,0.1697,1,1,1,FINALIZED_WITHIN_C2_LIMIT,0.146722,1.391
7264,40000.0,0.02,greedy,ZYZZYVA,4.0,0.5,0.1697,1,1,1,FINALIZED_WITHIN_C2_LIMIT,0.282895,1.428
7265,40000.0,0.02,greedy,ZYZZYVA,4.0,0.5,0.1697,1,1,1,FINALIZED_WITHIN_C2_LIMIT,0.163025,1.289
7266,2105.263,0.02,explore,PBFT,4.0,9.5,0.0683,1,1,1,FINALIZED_WITHIN_C2_LIMIT,0.036639,1.257
7267,40000.0,0.02,greedy,ZYZZYVA,4.0,0.5,0.1697,1,1,1,FINALIZED_WITHIN_C2_LIMIT,0.245726,1.261
7268,40000.0,0.02,greedy,ZYZZYVA,4.0,0.5,0.1697,1,1,1,FINALIZED_WITHIN_C2_LIMIT,0.250717,1.379
7269,40000.0,0.02,greedy,ZYZZYVA,4.0,0.5,0.1697,1,1,1,FINALIZED_WITHIN_C2_LIMIT,0.234811,1.39
7270,40000.0,0.02,greedy,ZYZZYVA,4.0,0.5,0.1697,1,1,1,FINALIZED_WITHIN_C2_LIMIT,0.295211,1.383
7271,40000.0,0.02,greedy,ZYZZYVA,4.0,0.5,0.1697,1,1,1,FINALIZED_WITHIN_C2_LIMIT,0.048284,1.257
7272,40000.0,0.02,greedy,ZYZZYVA,4.0,0.5,0.1766,1,1,1,FINALIZED_WITHIN_C2_LIMIT,0.194162,1.264
7273,40000.0,0.02,greedy,ZYZZYVA,4.0,0.5,0.1766,1,1,1,FINALIZED_WITHIN_C2_LIMIT,0.17557,1.292
7274,40000.0,0.02,greedy,ZYZZYVA,4.0,0.5,0.1697,1,1,1,FINALIZED_WITHIN_C2_LIMIT,0.100294,1.313
7275,40000.0,0.02,greedy,ZYZZYVA,4.0,0.5,0.1697,1,1,1,FINALIZED_WITHIN_C2_LIMIT,0.310036,1.351
7276,40000.0,0.02,greedy,ZYZZYVA,4.0,0.5,0.1766,1,1,1,FINALIZED_WITHIN_C2_LIMIT,0.242322,1.408
7277,6666.667,0.02,explore,ZYZZYVA,4.0,3.0,0.067,1,1,1,FINALIZED_WITHIN_C2_LIMIT,0.164391,1.207
7278,40000.0,0.02,greedy,ZYZZYVA,4.0,0.5,0.1697,1,1,1,FINALIZED_WITHIN_C2_LIMIT,0.114587,1.526
7279,40000.0,0.02,greedy,ZYZZYVA,4.0,0.5,0.1697,1,1,1,FINALIZED_WITHIN_C2_LIMIT,0.133271,1.325
7280,40000.0,0.02,greedy,ZYZZYVA,4.0,0.5,0.1766,1,1,1,FINALIZED_WITHIN_C2_LIMIT,0.186252,1.296
7281,40000.0,0.02,greedy,ZYZZYVA,4.0,0.5,0.1766,1,1,1,FINALIZED_WITHIN_C2_LIMIT,0.355079,1.327
7282,40000.0,0.02,greedy,ZYZZYVA,4.0,0.5,0.1697,1,1,1,FINALIZED_WITHIN_C2_LIMIT,0.127557,1.426
7283,40000.0,0.02,greedy,ZYZZYVA,4.0,0.5,0.1697,1,1,1,FINALIZED_WITHIN_C2_LIMIT,0.407784,1.376
7284,40000.0,0.02,greedy,ZYZZYVA,4.0,0.5,0.1766,1,1,1,FINALIZED_WITHIN_C2_LIMIT,0.187209,1.411
7285,40000.0,0.02,greedy,ZYZZYVA,4.0,0.5,0.1766,1,1,1,FINALIZED_WITHIN_C2_LIMIT,0.21787,1.478
7286,40000.0,0.02,greedy,ZYZZYVA,4.0,0.5,0.1766,1,1,1,FINALIZED_WITHIN_C2_LIMIT,0.111448,1.426
7287,40000.0,0.02,greedy,ZYZZYVA,4.0,0.5,0.1697,1,1,1,FINALIZED_WITHIN_C2_LIMIT,0.155526,1.465
7288,40000.0,0.02,greedy,ZYZZYVA,4.0,0.5,0.1766,1,1,1,FINALIZED_WITHIN_C2_LIMIT,0.286537,1.395
7289,40000.0,0.02,greedy,ZYZZYVA,4.0,0.5,0.1766,1,1,1,FINALIZED_WITHIN_C2_LIMIT,0.189161,1.446
7290,40000.0,0.02,greedy,ZYZZYVA,4.0,0.5,0.1697,1,1,1,FINALIZED_WITHIN_C2_LIMIT,0.161334,1.359
7291,40000.0,0.02,greedy,ZYZZYVA,4.0,0.5,0.1766,1,1,1,FINALIZED_WITHIN_C2_LIMIT,0.062694,1.36
7292,40000.0,0.02,greedy,ZYZZYVA,4.0,0.5,0.1697,1,1,1,FINALIZED_WITHIN_C2_LIMIT,0.090668,1.345
7293,40000.0,0.02,greedy,ZYZZYVA,4.0,0.5,0.1697,1,1,1,FINALIZED_WITHIN_C2_LIMIT,0.223428,1.413
7294,40000.0,0.02,greedy,ZYZZYVA,4.0,0.5,0.1697,1,1,1,FINALIZED_WITHIN_C2_LIMIT,0.084179,1.326
7295,40000.0,0.02,greedy,ZYZZYVA,4.0,0.5,0.1697,1,1,1,FINALIZED_WITHIN_C2_LIMIT,0.046081,1.375
7296,40000.0,0.02,greedy,ZYZZYVA,4.0,0.5,0.1766,1,1,1,FINALIZED_WITHIN_C2_LIMIT,0.110101,1.552
7297,40000.0,0.02,greedy,ZYZZYVA,4.0,0.5,0.1766,1,1,1,FINALIZED_WITHIN_C2_LIMIT,0.12705,1.488
7298,40000.0,0.02,greedy,ZYZZYVA,4.0,0.5,0.1766,1,1,1,FINALIZED_WITHIN_C2_LIMIT,0.163952,1.327
7299,40000.0,0.02,greedy,ZYZZYVA,4.0,0.5,0.1766,1,1,1,FINALIZED_WITHIN_C2_LIMIT,0.185627,1.859
7300,40000.0,0.02,greedy,ZYZZYVA,4.0,0.5,0.1766,1,1,1,FINALIZED_WITHIN_C2_LIMIT,0.118746,1.379
7301,40000.0,0.02,greedy,ZYZZYVA,4.0,0.5,0.1766,1,1,1,FINALIZED_WITHIN_C2_LIMIT,0.15058,1.43
7302,40000.0,0.02,greedy,ZYZZYVA,4.0,0.5,0.1766,1,1,1,FINALIZED_WITHIN_C2_LIMIT,0.339931,1.308
7303,40000.0,0.02,greedy,ZYZZYVA,4.0,0.5,0.1766,1,1,1,FINALIZED_WITHIN_C2_LIMIT,0.39756,1.278
7304,40000.0,0.02,greedy,ZYZZYVA,4.0,0.5,0.1766,1,1,1,FINALIZED_WITHIN_C2_LIMIT,0.106219,1.385
7305,40000.0,0.02,greedy,ZYZZYVA,4.0,0.5,0.1766,1,1,1,FINALIZED_WITHIN_C2_LIMIT,0.565761,1.238
7306,40000.0,0.02,greedy,ZYZZYVA,4.0,0.5,0.1766,1,1,1,FINALIZED_WITHIN_C2_LIMIT,0.833692,1.386
7307,40000.0,0.02,greedy,ZYZZYVA,4.0,0.5,0.1766,1,1,1,FINALIZED_WITHIN_C2_LIMIT,0.441231,1.369
7308,40000.0,0.02,greedy,ZYZZYVA,4.0,0.5,0.1766,1,1,1,FINALIZED_WITHIN_C2_LIMIT,0.05725,1.272
7309,40000.0,0.02,greedy,ZYZZYVA,4.0,0.5,0.1753,1,1,1,FINALIZED_WITHIN_C2_LIMIT,0.371562,1.252
7310,40000.0,0.02,greedy,ZYZZYVA,4.0,0.5,0.1766,1,1,1,FINALIZED_WITHIN_C2_LIMIT,0.07131,1.206
7311,40000.0,0.02,greedy,ZYZZYVA,4.0,0.5,0.1766,1,1,1,FINALIZED_WITHIN_C2_LIMIT,0.651505,1.288
7312,40000.0,0.02,greedy,ZYZZYVA,4.0,0.5,0.1766,1,1,1,FINALIZED_WITHIN_C2_LIMIT,0.919162,1.464
7313,40000.0,0.02,greedy,ZYZZYVA,4.0,0.5,0.1766,1,1,1,FINALIZED_WITHIN_C2_LIMIT,0.563278,1.351
7314,40000.0,0.02,greedy,ZYZZYVA,4.0,0.5,0.1753,1,1,1,FINALIZED_WITHIN_C2_LIMIT,0.03965,1.254
7315,40000.0,0.02,greedy,ZYZZYVA,4.0,0.5,0.1753,1,1,1,FINALIZED_WITHIN_C2_LIMIT,0.957677,1.249
7316,40000.0,0.02,greedy,ZYZZYVA,4.0,0.5,0.1753,1,1,1,FINALIZED_WITHIN_C2_LIMIT,1.602934,1.397
7317,40000.0,0.02,greedy,ZYZZYVA,4.0,0.5,0.1753,1,1,1,FINALIZED_WITHIN_C2_LIMIT,1.458535,1.299
7318,40000.0,0.02,greedy,ZYZZYVA,4.0,0.5,0.1753,1,1,1,FINALIZED_WITHIN_C2_LIMIT,0.413186,1.355
7319,40000.0,0.02,greedy,ZYZZYVA,4.0,0.5,0.1753,1,1,1,FINALIZED_WITHIN_C2_LIMIT,0.241107,1.306
7320,40000.0,0.02,greedy,ZYZZYVA,4.0,0.5,0.1753,1,1,1,FINALIZED_WITHIN_C2_LIMIT,0.890735,1.341
7321,40000.0,0.02,greedy,ZYZZYVA,4.0,0.5,0.1753,1,1,1,FINALIZED_WITHIN_C2_LIMIT,0.641441,1.27
7322,40000.0,0.02,greedy,ZYZZYVA,4.0,0.5,0.1753,1,1,1,FINALIZED_WITHIN_C2_LIMIT,0.187291,1.368
7323,2857.143,0.02,explore,ZYZZYVA,4.0,7.0,0.0401,1,1,1,FINALIZED_WITHIN_C2_LIMIT,0.593531,1.36
7324,40000.0,0.02,greedy,ZYZZYVA,4.0,0.5,0.1753,1,1,1,FINALIZED_WITHIN_C2_LIMIT,1.152122,1.454
7325,40000.0,0.02,greedy,ZYZZYVA,4.0,0.5,0.1753,1,1,1,FINALIZED_WITHIN_C2_LIMIT,1.139117,1.346
7326,40000.0,0.02,greedy,ZYZZYVA,4.0,0.5,0.1753,1,1,1,FINALIZED_WITHIN_C2_LIMIT,0.270784,1.312
7327,40000.0,0.02,greedy,ZYZZYVA,4.0,0.5,0.1753,1,1,1,FINALIZED_WITHIN_C2_LIMIT,0.451243,1.415
7328,40000.0,0.02,greedy,ZYZZYVA,4.0,0.5,0.1753,1,1,1,FINALIZED_WITHIN_C2_LIMIT,0.914423,1.388
7329,40000.0,0.02,greedy,ZYZZYVA,4.0,0.5,0.1753,1,1,1,FINALIZED_WITHIN_C2_LIMIT,0.909778,1.308
7330,40000.0,0.02,greedy,ZYZZYVA,4.0,0.5,0.1753,1,1,1,FINALIZED_WITHIN_C2_LIMIT,0.22582,1.324
7331,40000.0,0.02,greedy,ZYZZYVA,4.0,0.5,0.1753,1,1,1,FINALIZED_WITHIN_C2_LIMIT,0.57035,1.258
7332,40000.0,0.02,greedy,ZYZZYVA,4.0,0.5,0.1753,1,1,1,FINALIZED_WITHIN_C2_LIMIT,1.423985,1.336
7333,40000.0,0.02,greedy,ZYZZYVA,4.0,0.5,0.1753,1,1,1,FINALIZED_WITHIN_C2_LIMIT,0.807806,1.272
7334,40000.0,0.02,greedy,ZYZZYVA,4.0,0.5,0.1753,1,1,1,FINALIZED_WITHIN_C2_LIMIT,0.385798,1.278
7335,40000.0,0.02,greedy,ZYZZYVA,4.0,0.5,0.1753,1,1,1,FINALIZED_WITHIN_C2_LIMIT,0.356844,1.329
7336,40000.0,0.02,greedy,ZYZZYVA,4.0,0.5,0.1753,1,1,1,FINALIZED_WITHIN_C2_LIMIT,0.855056,1.357
7337,40000.0,0.02,greedy,ZYZZYVA,4.0,0.5,0.1753,1,1,1,FINALIZED_WITHIN_C2_LIMIT,0.690558,1.274
7338,40000.0,0.02,greedy,ZYZZYVA,4.0,0.5,0.1753,1,1,1,FINALIZED_WITHIN_C2_LIMIT,0.207457,1.243
7339,40000.0,0.02,greedy,ZYZZYVA,4.0,0.5,0.1753,1,1,1,FINALIZED_WITHIN_C2_LIMIT,0.485577,1.107
7340,40000.0,0.02,greedy,ZYZZYVA,4.0,0.5,0.1683,1,1,1,FINALIZED_WITHIN_C2_LIMIT,1.095075,1.137
7341,40000.0,0.02,greedy,ZYZZYVA,4.0,0.5,0.1683,1,1,1,FINALIZED_WITHIN_C2_LIMIT,0.907263,1.185
7342,40000.0,0.02,greedy,ZYZZYVA,4.0,0.5,0.1683,1,1,1,FINALIZED_WITHIN_C2_LIMIT,0.214235,1.263
7343,40000.0,0.02,greedy,ZYZZYVA,4.0,0.5,0.1753,1,1,1,FINALIZED_WITHIN_C2_LIMIT,0.279028,1.31
7344,40000.0,0.02,greedy,ZYZZYVA,4.0,0.5,0.1753,1,1,1,FINALIZED_WITHIN_C2_LIMIT,0.754538,1.355
7345,40000.0,0.02,greedy,ZYZZYVA,4.0,0.5,0.1753,1,1,1,FINALIZED_WITHIN_C2_LIMIT,0.68189,1.368
7346,10000.0,0.02,explore,LIU_QUORUM,4.0,2.0,0.1284,1,1,1,FINALIZED_WITHIN_C2_LIMIT,0.151028,1.367
7347,8000.0,0.02,explore,LIU_QUORUM,4.0,2.5,0.0651,1,1,1,FINALIZED_WITHIN_C2_LIMIT,0.578343,1.212
7348,40000.0,0.02,greedy,ZYZZYVA,4.0,0.5,0.1683,1,1,1,FINALIZED_WITHIN_C2_LIMIT,0.957436,1.374
7349,40000.0,0.02,greedy,ZYZZYVA,4.0,0.5,0.1683,1,1,1,FINALIZED_WITHIN_C2_LIMIT,0.976409,1.174
7350,40000.0,0.02,greedy,ZYZZYVA,4.0,0.5,0.1683,1,1,1,FINALIZED_WITHIN_C2_LIMIT,0.294739,1.148
7351,40000.0,0.02,greedy,ZYZZYVA,4.0,0.5,0.1683,1,1,1,FINALIZED_WITHIN_C2_LIMIT,0.244842,1.205
7352,40000.0,0.02,greedy,ZYZZYVA,4.0,0.5,0.1683,1,1,1,FINALIZED_WITHIN_C2_LIMIT,0.694994,1.198
7353,40000.0,0.02,greedy,ZYZZYVA,4.0,0.5,0.1683,1,1,1,FINALIZED_WITHIN_C2_LIMIT,0.506617,1.326
7354,40000.0,0.02,greedy,ZYZZYVA,4.0,0.5,0.1683,1,1,1,FINALIZED_WITHIN_C2_LIMIT,0.238744,1.37
7355,40000.0,0.02,greedy,ZYZZYVA,4.0,0.5,0.1683,1,1,1,FINALIZED_WITHIN_C2_LIMIT,0.782516,1.143
7356,40000.0,0.02,greedy,ZYZZYVA,4.0,0.5,0.1683,1,1,1,FINALIZED_WITHIN_C2_LIMIT,1.038186,1.254
7357,40000.0,0.02,greedy,ZYZZYVA,4.0,0.5,0.1683,1,1,1,FINALIZED_WITHIN_C2_LIMIT,0.72743,1.194
7358,40000.0,0.02,greedy,ZYZZYVA,4.0,0.5,0.1683,1,1,1,FINALIZED_WITHIN_C2_LIMIT,0.39919,1.208
7359,40000.0,0.02,greedy,ZYZZYVA,4.0,0.5,0.1472,1,1,1,FINALIZED_WITHIN_C2_LIMIT,0.33115,1.189
7360,40000.0,0.02,greedy,ZYZZYVA,4.0,0.5,0.1472,1,1,1,FINALIZED_WITHIN_C2_LIMIT,0.830732,1.226
7361,40000.0,0.02,greedy,ZYZZYVA,4.0,0.5,0.1472,1,1,1,FINALIZED_WITHIN_C2_LIMIT,0.655283,1.249
7362,40000.0,0.02,greedy,ZYZZYVA,4.0,0.5,0.1472,1,1,1,FINALIZED_WITHIN_C2_LIMIT,0.227166,1.295
7363,40000.0,0.02,greedy,ZYZZYVA,4.0,0.5,0.1683,1,1,1,FINALIZED_WITHIN_C2_LIMIT,0.339841,1.215
7364,40000.0,0.02,greedy,ZYZZYVA,4.0,0.5,0.1683,1,1,1,FINALIZED_WITHIN_C2_LIMIT,1.159202,1.2
7365,40000.0,0.02,greedy,ZYZZYVA,4.0,0.5,0.1683,1,1,1,FINALIZED_WITHIN_C2_LIMIT,0.803759,1.222
7366,40000.0,0.02,greedy,ZYZZYVA,4.0,0.5,0.1683,1,1,1,FINALIZED_WITHIN_C2_LIMIT,0.192029,1.212
7367,40000.0,0.02,greedy,ZYZZYVA,4.0,0.5,0.1683,1,1,1,FINALIZED_WITHIN_C2_LIMIT,0.249283,1.262
7368,40000.0,0.02,greedy,ZYZZYVA,4.0,0.5,0.1683,1,1,1,FINALIZED_WITHIN_C2_LIMIT,0.647055,1.401
7369,40000.0,0.02,greedy,ZYZZYVA,4.0,0.5,0.1683,1,1,1,FINALIZED_WITHIN_C2_LIMIT,0.543096,1.525
7370,40000.0,0.02,greedy,ZYZZYVA,4.0,0.5,0.1683,1,1,1,FINALIZED_WITHIN_C2_LIMIT,0.072881,1.384
7371,40000.0,0.02,greedy,ZYZZYVA,4.0,0.5,0.1683,1,1,1,FINALIZED_WITHIN_C2_LIMIT,0.639108,1.378
7372,40000.0,0.02,greedy,ZYZZYVA,4.0,0.5,0.1683,1,1,1,FINALIZED_WITHIN_C2_LIMIT,1.528422,1.346
7373,40000.0,0.02,greedy,ZYZZYVA,4.0,0.5,0.1683,1,1,1,FINALIZED_WITHIN_C2_LIMIT,1.593023,1.655
7374,40000.0,0.02,greedy,ZYZZYVA,4.0,0.5,0.1683,1,1,1,FINALIZED_WITHIN_C2_LIMIT,0.270175,1.312
7375,40000.0,0.02,greedy,ZYZZYVA,4.0,0.5,0.1683,1,1,1,FINALIZED_WITHIN_C2_LIMIT,0.247713,1.329
7376,40000.0,0.02,greedy,ZYZZYVA,4.0,0.5,0.1683,1,1,1,FINALIZED_WITHIN_C2_LIMIT,0.508001,1.198
7377,40000.0,0.02,greedy,ZYZZYVA,4.0,0.5,0.1683,1,1,1,FINALIZED_WITHIN_C2_LIMIT,0.372479,1.235
7378,40000.0,0.02,greedy,ZYZZYVA,4.0,0.5,0.1683,1,1,1,FINALIZED_WITHIN_C2_LIMIT,0.194793,1.318
7379,40000.0,0.02,greedy,ZYZZYVA,4.0,0.5,0.1732,1,1,1,FINALIZED_WITHIN_C2_LIMIT,0.296977,1.402
7380,40000.0,0.02,greedy,ZYZZYVA,4.0,0.5,0.1472,1,1,1,FINALIZED_WITHIN_C2_LIMIT,0.29004,1.397
7381,40000.0,0.02,greedy,ZYZZYVA,4.0,0.5,0.1472,1,1,1,FINALIZED_WITHIN_C2_LIMIT,0.049784,1.195
7382,40000.0,0.02,greedy,ZYZZYVA,4.0,0.5,0.1472,1,1,1,FINALIZED_WITHIN_C2_LIMIT,0.07993,1.373
7383,40000.0,0.02,greedy,ZYZZYVA,4.0,0.5,0.1472,1,1,1,FINALIZED_WITHIN_C2_LIMIT,0.138717,1.34
7384,40000.0,0.02,greedy,ZYZZYVA,4.0,0.5,0.1472,1,1,1,FINALIZED_WITHIN_C2_LIMIT,0.149734,1.609
7385,40000.0,0.02,greedy,ZYZZYVA,4.0,0.5,0.1472,1,1,1,FINALIZED_WITHIN_C2_LIMIT,0.162628,1.441
7386,40000.0,0.02,greedy,ZYZZYVA,4.0,0.5,0.1472,1,1,1,FINALIZED_WITHIN_C2_LIMIT,0.095483,1.3
7387,40000.0,0.02,greedy,ZYZZYVA,4.0,0.5,0.1472,1,1,1,FINALIZED_WITHIN_C2_LIMIT,0.299757,1.375
7388,40000.0,0.02,greedy,ZYZZYVA,4.0,0.5,0.1472,1,1,1,FINALIZED_WITHIN_C2_LIMIT,0.077039,1.477
7389,40000.0,0.02,greedy,ZYZZYVA,4.0,0.5,0.1475,1,1,1,FINALIZED_WITHIN_C2_LIMIT,0.17363,1.452
7390,40000.0,0.02,greedy,ZYZZYVA,4.0,0.5,0.1347,1,1,1,FINALIZED_WITHIN_C2_LIMIT,0.225348,1.566
7391,40000.0,0.02,greedy,ZYZZYVA,4.0,0.5,0.1347,1,1,1,FINALIZED_WITHIN_C2_LIMIT,0.074597,1.401
7392,40000.0,0.02,greedy,ZYZZYVA,4.0,0.5,0.1472,1,1,1,FINALIZED_WITHIN_C2_LIMIT,0.085872,1.448
7393,40000.0,0.02,greedy,ZYZZYVA,4.0,0.5,0.1475,1,1,1,FINALIZED_WITHIN_C2_LIMIT,0.200263,1.632
7394,40000.0,0.02,greedy,ZYZZYVA,4.0,0.5,0.1347,1,1,1,FINALIZED_WITHIN_C2_LIMIT,0.103884,1.505
7395,40000.0,0.02,greedy,ZYZZYVA,4.0,0.5,0.1472,1,1,1,FINALIZED_WITHIN_C2_LIMIT,0.337315,1.296
7396,40000.0,0.02,greedy,ZYZZYVA,4.0,0.5,0.1472,1,1,1,FINALIZED_WITHIN_C2_LIMIT,0.169084,1.462
7397,40000.0,0.02,greedy,ZYZZYVA,4.0,0.5,0.1347,1,1,1,FINALIZED_WITHIN_C2_LIMIT,0.159662,1.54
7398,40000.0,0.02,greedy,ZYZZYVA,4.0,0.5,0.1472,1,1,1,FINALIZED_WITHIN_C2_LIMIT,0.085913,1.411
7399,40000.0,0.02,greedy,ZYZZYVA,4.0,0.5,0.1472,1,1,1,FINALIZED_WITHIN_C2_LIMIT,0.113513,1.49
7400,40000.0,0.02,greedy,ZYZZYVA,4.0,0.5,0.1472,1,1,1,FINALIZED_WITHIN_C2_LIMIT,0.041552,1.462
7401,40000.0,0.02,greedy,ZYZZYVA,4.0,0.5,0.1472,1,1,1,FINALIZED_WITHIN_C2_LIMIT,0.050058,1.601
7402,40000.0,0.02,greedy,ZYZZYVA,4.0,0.5,0.1472,1,1,1,FINALIZED_WITHIN_C2_LIMIT,0.198604,1.298
7403,40000.0,0.02,greedy,ZYZZYVA,4.0,0.5,0.1472,1,1,1,FINALIZED_WITHIN_C2_LIMIT,0.07785,1.367
7404,40000.0,0.02,greedy,ZYZZYVA,4.0,0.5,0.1472,1,1,1,FINALIZED_WITHIN_C2_LIMIT,0.377822,1.496
7405,40000.0,0.02,greedy,ZYZZYVA,4.0,0.5,0.1472,1,1,1,FINALIZED_WITHIN_C2_LIMIT,0.265774,1.434
7406,40000.0,0.02,greedy,ZYZZYVA,4.0,0.5,0.1472,1,1,1,FINALIZED_WITHIN_C2_LIMIT,0.06104,1.377
7407,40000.0,0.02,greedy,ZYZZYVA,4.0,0.5,0.1472,1,1,1,FINALIZED_WITHIN_C2_LIMIT,0.500751,1.272
7408,40000.0,0.02,greedy,ZYZZYVA,4.0,0.5,0.1472,1,1,1,FINALIZED_WITHIN_C2_LIMIT,0.887653,1.203
7409,40000.0,0.02,greedy,ZYZZYVA,4.0,0.5,0.1472,1,1,1,FINALIZED_WITHIN_C2_LIMIT,0.286008,1.296
7410,40000.0,0.02,greedy,ZYZZYVA,4.0,0.5,0.1472,1,1,1,FINALIZED_WITHIN_C2_LIMIT,0.340285,1.765
7411,40000.0,0.02,greedy,ZYZZYVA,4.0,0.5,0.1472,1,1,1,FINALIZED_WITHIN_C2_LIMIT,0.689917,1.604
7412,40000.0,0.02,greedy,ZYZZYVA,4.0,0.5,0.1472,1,1,1,FINALIZED_WITHIN_C2_LIMIT,0.363862,1.438
7413,40000.0,0.02,greedy,ZYZZYVA,4.0,0.5,0.1472,1,1,1,FINALIZED_WITHIN_C2_LIMIT,0.159468,1.411
7414,40000.0,0.02,greedy,ZYZZYVA,4.0,0.5,0.1472,1,1,1,FINALIZED_WITHIN_C2_LIMIT,0.369584,1.428
7415,40000.0,0.02,greedy,ZYZZYVA,4.0,0.5,0.1472,1,1,1,FINALIZED_WITHIN_C2_LIMIT,0.209913,1.403
7416,4444.444,0.02,explore,ZYZZYVA,4.0,4.5,0.068,1,1,1,FINALIZED_WITHIN_C2_LIMIT,0.935525,1.261
7417,40000.0,0.02,greedy,ZYZZYVA,4.0,0.5,0.1683,1,1,1,FINALIZED_WITHIN_C2_LIMIT,1.567834,1.27
7418,40000.0,0.02,greedy,ZYZZYVA,4.0,0.5,0.1683,1,1,1,FINALIZED_WITHIN_C2_LIMIT,1.083445,1.874
7419,40000.0,0.02,greedy,ZYZZYVA,4.0,0.5,0.1347,1,1,1,FINALIZED_WITHIN_C2_LIMIT,0.105767,1.592
7420,40000.0,0.02,greedy,ZYZZYVA,4.0,0.5,0.1472,1,1,1,FINALIZED_WITHIN_C2_LIMIT,1.243711,1.43
7421,40000.0,0.02,greedy,ZYZZYVA,4.0,0.5,0.1472,1,1,1,FINALIZED_WITHIN_C2_LIMIT,2.43114,1.415
7422,40000.0,0.02,greedy,ZYZZYVA,4.0,0.5,0.1472,1,1,1,FINALIZED_WITHIN_C2_LIMIT,2.798058,1.412
7423,40000.0,0.02,greedy,ZYZZYVA,4.0,0.5,0.1472,1,1,1,FINALIZED_WITHIN_C2_LIMIT,1.102816,1.38
7424,40000.0,0.02,greedy,ZYZZYVA,4.0,0.5,0.1472,1,1,1,FINALIZED_WITHIN_C2_LIMIT,0.386165,1.461
7425,40000.0,0.02,greedy,ZYZZYVA,4.0,0.5,0.1472,1,1,1,FINALIZED_WITHIN_C2_LIMIT,1.263119,1.882
7426,2857.143,0.02,explore,LIU_QUORUM,4.0,7.0,0.0789,1,1,1,FINALIZED_WITHIN_C2_LIMIT,3.269095,1.533
7427,40000.0,0.02,greedy,ZYZZYVA,4.0,0.5,0.1683,1,1,1,FINALIZED_WITHIN_C2_LIMIT,3.343756,1.376
7428,40000.0,0.02,greedy,ZYZZYVA,4.0,0.5,0.1347,1,1,1,FINALIZED_WITHIN_C2_LIMIT,1.936665,1.682
7429,40000.0,0.02,greedy,ZYZZYVA,4.0,0.5,0.1472,1,1,1,FINALIZED_WITHIN_C2_LIMIT,0.475341,1.465
7430,40000.0,0.02,greedy,ZYZZYVA,4.0,0.5,0.1472,1,1,1,FINALIZED_WITHIN_C2_LIMIT,0.60235,1.562
7431,40000.0,0.02,greedy,ZYZZYVA,4.0,0.5,0.1472,1,1,1,FINALIZED_WITHIN_C2_LIMIT,1.531062,1.909
7432,40000.0,0.02,greedy,ZYZZYVA,4.0,0.5,0.1472,1,1,1,FINALIZED_WITHIN_C2_LIMIT,1.545304,1.738
7433,40000.0,0.02,greedy,ZYZZYVA,4.0,0.5,0.1472,1,1,1,FINALIZED_WITHIN_C2_LIMIT,0.929612,1.663
7434,40000.0,0.02,greedy,ZYZZYVA,4.0,0.5,0.1472,1,1,1,FINALIZED_WITHIN_C2_LIMIT,0.101734,1.548
7435,40000.0,0.02,greedy,ZYZZYVA,4.0,0.5,0.1472,1,1,1,FINALIZED_WITHIN_C2_LIMIT,1.048173,1.562
7436,40000.0,0.02,greedy,ZYZZYVA,4.0,0.5,0.1472,1,1,1,FINALIZED_WITHIN_C2_LIMIT,2.187214,1.59
7437,40000.0,0.02,greedy,ZYZZYVA,4.0,0.5,0.1472,1,1,1,FINALIZED_WITHIN_C2_LIMIT,2.630207,1.603
7438,40000.0,0.02,greedy,ZYZZYVA,4.0,0.5,0.1472,1,1,1,FINALIZED_WITHIN_C2_LIMIT,1.686371,1.406
7439,40000.0,0.02,greedy,ZYZZYVA,4.0,0.5,0.1472,1,1,1,FINALIZED_WITHIN_C2_LIMIT,0.278379,1.675
7440,40000.0,0.02,greedy,ZYZZYVA,4.0,0.5,0.1472,1,1,1,FINALIZED_WITHIN_C2_LIMIT,0.635431,1.522
7441,40000.0,0.02,greedy,ZYZZYVA,4.0,0.5,0.1472,1,1,1,FINALIZED_WITHIN_C2_LIMIT,1.739737,1.392
7442,40000.0,0.02,greedy,ZYZZYVA,4.0,0.5,0.1472,1,1,1,FINALIZED_WITHIN_C2_LIMIT,2.153948,1.718
7443,40000.0,0.02,greedy,ZYZZYVA,4.0,0.5,0.1472,1,1,1,FINALIZED_WITHIN_C2_LIMIT,1.32684,1.825
7444,40000.0,0.02,greedy,ZYZZYVA,4.0,0.5,0.1472,1,1,1,FINALIZED_WITHIN_C2_LIMIT,0.276092,1.568
7445,40000.0,0.02,greedy,ZYZZYVA,4.0,0.5,0.1472,1,1,1,FINALIZED_WITHIN_C2_LIMIT,0.562878,1.378
7446,40000.0,0.02,greedy,ZYZZYVA,4.0,0.5,0.1472,1,1,1,FINALIZED_WITHIN_C2_LIMIT,1.435665,1.687
7447,40000.0,0.02,greedy,ZYZZYVA,4.0,0.5,0.1472,1,1,1,FINALIZED_WITHIN_C2_LIMIT,1.672743,1.621
7448,40000.0,0.02,greedy,ZYZZYVA,4.0,0.5,0.1472,1,1,1,FINALIZED_WITHIN_C2_LIMIT,0.804411,1.381
7449,40000.0,0.02,greedy,ZYZZYVA,4.0,0.5,0.1472,1,1,1,FINALIZED_WITHIN_C2_LIMIT,0.300782,1.356
7450,40000.0,0.02,greedy,ZYZZYVA,4.0,0.5,0.1472,1,1,1,FINALIZED_WITHIN_C2_LIMIT,1.072631,1.496
7451,40000.0,0.02,greedy,ZYZZYVA,4.0,0.5,0.1472,1,1,1,FINALIZED_WITHIN_C2_LIMIT,2.13279,1.587
7452,40000.0,0.02,greedy,ZYZZYVA,4.0,0.5,0.1472,1,1,1,FINALIZED_WITHIN_C2_LIMIT,2.767756,1.411
7453,40000.0,0.02,greedy,ZYZZYVA,4.0,0.5,0.1472,1,1,1,FINALIZED_WITHIN_C2_LIMIT,2.403592,1.407
7454,40000.0,0.02,greedy,ZYZZYVA,4.0,0.5,0.1472,1,1,1,FINALIZED_WITHIN_C2_LIMIT,0.497518,1.489
7455,40000.0,0.02,greedy,ZYZZYVA,4.0,0.5,0.1472,1,1,1,FINALIZED_WITHIN_C2_LIMIT,0.382352,1.4
7456,40000.0,0.02,greedy,ZYZZYVA,4.0,0.5,0.1472,1,1,1,FINALIZED_WITHIN_C2_LIMIT,1.121659,1.357
7457,40000.0,0.02,greedy,ZYZZYVA,4.0,0.5,0.1472,1,1,1,FINALIZED_WITHIN_C2_LIMIT,1.122595,1.541
7458,40000.0,0.02,greedy,ZYZZYVA,4.0,0.5,0.1472,1,1,1,FINALIZED_WITHIN_C2_LIMIT,0.60492,1.555
7459,40000.0,0.02,greedy,ZYZZYVA,4.0,0.5,0.1472,1,1,1,FINALIZED_WITHIN_C2_LIMIT,0.297185,1.471
7460,40000.0,0.02,greedy,ZYZZYVA,4.0,0.5,0.1472,1,1,1,FINALIZED_WITHIN_C2_LIMIT,0.449912,1.378
7461,40000.0,0.02,greedy,ZYZZYVA,4.0,0.5,0.1472,1,1,1,FINALIZED_WITHIN_C2_LIMIT,0.560235,1.534
7462,40000.0,0.02,greedy,ZYZZYVA,4.0,0.5,0.1472,1,1,1,FINALIZED_WITHIN_C2_LIMIT,0.221154,1.471
7463,2000.0,0.02,explore,LIU_QUORUM,4.0,10.0,0.0401,1,1,1,FINALIZED_WITHIN_C2_LIMIT,0.750113,1.399
7464,40000.0,0.02,greedy,ZYZZYVA,4.0,0.5,0.1472,1,1,1,FINALIZED_WITHIN_C2_LIMIT,1.525637,1.419
7465,10000.0,0.02,explore,PBFT,4.0,2.0,0.0278,1,1,1,FINALIZED_WITHIN_C2_LIMIT,1.43395,1.335
7466,40000.0,0.02,greedy,ZYZZYVA,4.0,0.5,0.1472,1,1,1,FINALIZED_WITHIN_C2_LIMIT,0.358897,1.405
7467,40000.0,0.02,greedy,ZYZZYVA,4.0,0.5,0.1472,1,1,1,FINALIZED_WITHIN_C2_LIMIT,0.154815,1.511
7468,40000.0,0.02,greedy,ZYZZYVA,4.0,0.5,0.1472,1,1,1,FINALIZED_WITHIN_C2_LIMIT,0.563028,1.571
7469,40000.0,0.02,greedy,ZYZZYVA,4.0,0.5,0.1472,1,1,1,FINALIZED_WITHIN_C2_LIMIT,0.388655,1.344
7470,40000.0,0.02,greedy,ZYZZYVA,4.0,0.5,0.1472,1,1,1,FINALIZED_WITHIN_C2_LIMIT,0.219177,1.489
7471,40000.0,0.02,greedy,ZYZZYVA,4.0,0.5,0.1446,1,1,1,FINALIZED_WITHIN_C2_LIMIT,0.807731,1.508
7472,2000.0,0.02,explore,PBFT,4.0,10.0,0.0715,1,1,1,FINALIZED_WITHIN_C2_LIMIT,1.901855,1.438
7473,40000.0,0.02,greedy,ZYZZYVA,4.0,0.5,0.1475,1,1,1,FINALIZED_WITHIN_C2_LIMIT,1.759555,1.349
7474,40000.0,0.02,greedy,ZYZZYVA,4.0,0.5,0.1446,1,1,1,FINALIZED_WITHIN_C2_LIMIT,0.510769,1.368
7475,40000.0,0.02,greedy,ZYZZYVA,4.0,0.5,0.1347,1,1,1,FINALIZED_WITHIN_C2_LIMIT,0.227064,1.315
7476,40000.0,0.02,greedy,ZYZZYVA,4.0,0.5,0.1347,1,1,1,FINALIZED_WITHIN_C2_LIMIT,0.564642,1.387
7477,40000.0,0.02,greedy,ZYZZYVA,4.0,0.5,0.1347,1,1,1,FINALIZED_WITHIN_C2_LIMIT,0.665186,1.391
7478,40000.0,0.02,greedy,ZYZZYVA,4.0,0.5,0.1347,1,1,1,FINALIZED_WITHIN_C2_LIMIT,0.1743,1.563
7479,40000.0,0.02,greedy,ZYZZYVA,4.0,0.5,0.1347,1,1,1,FINALIZED_WITHIN_C2_LIMIT,0.818441,1.457
7480,40000.0,0.02,greedy,ZYZZYVA,4.0,0.5,0.1459,1,1,1,FINALIZED_WITHIN_C2_LIMIT,1.48252,1.294
7481,40000.0,0.02,greedy,ZYZZYVA,4.0,0.5,0.1459,1,1,1,FINALIZED_WITHIN_C2_LIMIT,1.11022,1.71
7482,40000.0,0.02,greedy,ZYZZYVA,4.0,0.5,0.1347,1,1,1,FINALIZED_WITHIN_C2_LIMIT,0.311993,1.289
7483,40000.0,0.02,greedy,ZYZZYVA,4.0,0.5,0.1347,1,1,1,FINALIZED_WITHIN_C2_LIMIT,0.294011,1.362
7484,40000.0,0.02,greedy,ZYZZYVA,4.0,0.5,0.1347,1,1,1,FINALIZED_WITHIN_C2_LIMIT,1.165834,1.857
7485,40000.0,0.02,greedy,ZYZZYVA,4.0,0.5,0.1347,1,1,1,FINALIZED_WITHIN_C2_LIMIT,0.985869,1.666
7486,40000.0,0.02,greedy,ZYZZYVA,4.0,0.5,0.1347,1,1,1,FINALIZED_WITHIN_C2_LIMIT,0.451972,1.704
7487,40000.0,0.02,greedy,ZYZZYVA,4.0,0.5,0.1347,1,1,1,FINALIZED_WITHIN_C2_LIMIT,0.292844,1.458
7488,40000.0,0.02,greedy,ZYZZYVA,4.0,0.5,0.1347,1,1,1,FINALIZED_WITHIN_C2_LIMIT,0.604784,1.509
7489,40000.0,0.02,greedy,ZYZZYVA,4.0,0.5,0.1347,1,1,1,FINALIZED_WITHIN_C2_LIMIT,0.533874,1.597
7490,40000.0,0.02,greedy,ZYZZYVA,4.0,0.5,0.1347,1,1,1,FINALIZED_WITHIN_C2_LIMIT,0.132052,1.533
7491,40000.0,0.02,greedy,ZYZZYVA,4.0,0.5,0.1347,1,1,1,FINALIZED_WITHIN_C2_LIMIT,0.772108,1.556
7492,40000.0,0.02,greedy,ZYZZYVA,4.0,0.5,0.1347,1,1,1,FINALIZED_WITHIN_C2_LIMIT,1.581237,1.489
7493,40000.0,0.02,greedy,ZYZZYVA,4.0,0.5,0.1347,1,1,1,FINALIZED_WITHIN_C2_LIMIT,1.709093,1.372
7494,40000.0,0.02,greedy,ZYZZYVA,4.0,0.5,0.1347,1,1,1,FINALIZED_WITHIN_C2_LIMIT,0.813466,1.265
7495,40000.0,0.02,greedy,ZYZZYVA,4.0,0.5,0.1347,1,1,1,FINALIZED_WITHIN_C2_LIMIT,0.125444,1.382
7496,40000.0,0.02,greedy,ZYZZYVA,4.0,0.5,0.1347,1,1,1,FINALIZED_WITHIN_C2_LIMIT,0.261977,1.396
7497,40000.0,0.02,greedy,ZYZZYVA,4.0,0.5,0.1347,1,1,1,FINALIZED_WITHIN_C2_LIMIT,0.196382,1.411
7498,40000.0,0.02,greedy,ZYZZYVA,4.0,0.5,0.1347,1,1,1,FINALIZED_WITHIN_C2_LIMIT,0.215554,1.718
7499,40000.0,0.02,greedy,ZYZZYVA,4.0,0.5,0.1347,1,1,1,FINALIZED_WITHIN_C2_LIMIT,0.056277,1.589
7500,40000.0,0.02,greedy,ZYZZYVA,4.0,0.5,0.1347,1,1,1,FINALIZED_WITHIN_C2_LIMIT,0.233192,1.654
7501,40000.0,0.02,greedy,ZYZZYVA,4.0,0.5,0.1347,1,1,1,FINALIZED_WITHIN_C2_LIMIT,0.176864,1.706
7502,40000.0,0.02,greedy,ZYZZYVA,4.0,0.5,0.1347,1,1,1,FINALIZED_WITHIN_C2_LIMIT,0.092509,2.047
7503,40000.0,0.02,greedy,ZYZZYVA,4.0,0.5,0.1347,1,1,1,FINALIZED_WITHIN_C2_LIMIT,0.156734,1.546
7504,40000.0,0.02,greedy,ZYZZYVA,4.0,0.5,0.1347,1,1,1,FINALIZED_WITHIN_C2_LIMIT,0.129292,1.869
7505,40000.0,0.02,greedy,ZYZZYVA,4.0,0.5,0.1347,1,1,1,FINALIZED_WITHIN_C2_LIMIT,0.175028,1.548
7506,40000.0,0.02,greedy,ZYZZYVA,4.0,0.5,0.1347,1,1,1,FINALIZED_WITHIN_C2_LIMIT,0.232308,1.468
7507,40000.0,0.02,greedy,ZYZZYVA,4.0,0.5,0.1347,1,1,1,FINALIZED_WITHIN_C2_LIMIT,0.159659,1.359
7508,40000.0,0.02,greedy,ZYZZYVA,4.0,0.5,0.1347,1,1,1,FINALIZED_WITHIN_C2_LIMIT,0.068027,1.415
7509,40000.0,0.02,greedy,ZYZZYVA,4.0,0.5,0.1347,1,1,1,FINALIZED_WITHIN_C2_LIMIT,0.069374,1.31
7510,40000.0,0.02,greedy,ZYZZYVA,4.0,0.5,0.1347,1,1,1,FINALIZED_WITHIN_C2_LIMIT,0.099499,1.717
7511,40000.0,0.02,greedy,ZYZZYVA,4.0,0.5,0.1347,1,1,1,FINALIZED_WITHIN_C2_LIMIT,0.100334,1.525
7512,40000.0,0.02,greedy,ZYZZYVA,4.0,0.5,0.1459,1,1,1,FINALIZED_WITHIN_C2_LIMIT,0.081168,1.601
7513,40000.0,0.02,greedy,ZYZZYVA,4.0,0.5,0.1347,1,1,1,FINALIZED_WITHIN_C2_LIMIT,0.128092,1.739
7514,40000.0,0.02,greedy,ZYZZYVA,4.0,0.5,0.1347,1,1,1,FINALIZED_WITHIN_C2_LIMIT,0.109356,1.685
7515,40000.0,0.02,greedy,ZYZZYVA,4.0,0.5,0.1347,1,1,1,FINALIZED_WITHIN_C2_LIMIT,0.223492,1.794
7516,40000.0,0.02,greedy,ZYZZYVA,4.0,0.5,0.1347,1,1,1,FINALIZED_WITHIN_C2_LIMIT,0.081428,1.58
7517,40000.0,0.02,greedy,ZYZZYVA,4.0,0.5,0.1347,1,1,1,FINALIZED_WITHIN_C2_LIMIT,0.177734,1.501
7518,40000.0,0.02,greedy,ZYZZYVA,4.0,0.5,0.1347,1,1,1,FINALIZED_WITHIN_C2_LIMIT,0.119114,1.66
7519,40000.0,0.02,greedy,ZYZZYVA,4.0,0.5,0.1347,1,1,1,FINALIZED_WITHIN_C2_LIMIT,0.192117,2.038
7520,40000.0,0.02,greedy,ZYZZYVA,4.0,0.5,0.1347,1,1,1,FINALIZED_WITHIN_C2_LIMIT,0.205039,1.596
7521,40000.0,0.02,greedy,ZYZZYVA,4.0,0.5,0.1347,1,1,1,FINALIZED_WITHIN_C2_LIMIT,0.129631,1.438
7522,40000.0,0.02,greedy,ZYZZYVA,4.0,0.5,0.1347,1,1,1,FINALIZED_WITHIN_C2_LIMIT,0.190397,1.373
7523,40000.0,0.02,greedy,ZYZZYVA,4.0,0.5,0.1347,1,1,1,FINALIZED_WITHIN_C2_LIMIT,0.215063,1.897
7524,40000.0,0.02,greedy,ZYZZYVA,4.0,0.5,0.1347,1,1,1,FINALIZED_WITHIN_C2_LIMIT,0.114845,1.661
7525,40000.0,0.02,greedy,ZYZZYVA,4.0,0.5,0.1459,1,1,1,FINALIZED_WITHIN_C2_LIMIT,0.260315,1.494
7526,40000.0,0.02,greedy,ZYZZYVA,4.0,0.5,0.1347,1,1,1,FINALIZED_WITHIN_C2_LIMIT,0.146708,1.969
7527,40000.0,0.02,greedy,ZYZZYVA,4.0,0.5,0.1347,1,1,1,FINALIZED_WITHIN_C2_LIMIT,0.369445,1.722
7528,40000.0,0.02,greedy,ZYZZYVA,4.0,0.5,0.1347,1,1,1,FINALIZED_WITHIN_C2_LIMIT,0.169417,1.396
7529,40000.0,0.02,greedy,ZYZZYVA,4.0,0.5,0.1347,1,1,1,FINALIZED_WITHIN_C2_LIMIT,0.167983,1.348
7530,40000.0,0.02,greedy,ZYZZYVA,4.0,0.5,0.1347,1,1,1,FINALIZED_WITHIN_C2_LIMIT,0.059284,2.174
7531,40000.0,0.02,greedy,ZYZZYVA,4.0,0.5,0.1347,1,1,1,FINALIZED_WITHIN_C2_LIMIT,0.093023,1.597
7532,40000.0,0.02,greedy,ZYZZYVA,4.0,0.5,0.1347,1,1,1,FINALIZED_WITHIN_C2_LIMIT,0.251093,2.077
7533,40000.0,0.02,greedy,ZYZZYVA,4.0,0.5,0.1347,1,1,1,FINALIZED_WITHIN_C2_LIMIT,0.385947,1.467
7534,40000.0,0.02,greedy,ZYZZYVA,4.0,0.5,0.1347,1,1,1,FINALIZED_WITHIN_C2_LIMIT,0.038787,2.111
7535,40000.0,0.02,greedy,ZYZZYVA,4.0,0.5,0.1347,1,1,1,FINALIZED_WITHIN_C2_LIMIT,0.149004,1.564
7536,40000.0,0.02,greedy,ZYZZYVA,4.0,0.5,0.1459,1,1,1,FINALIZED_WITHIN_C2_LIMIT,0.380404,1.635
7537,40000.0,0.02,greedy,ZYZZYVA,4.0,0.5,0.1459,1,1,1,FINALIZED_WITHIN_C2_LIMIT,0.438442,1.392
7538,40000.0,0.02,greedy,ZYZZYVA,4.0,0.5,0.1347,1,1,1,FINALIZED_WITHIN_C2_LIMIT,0.083038,1.548
7539,40000.0,0.02,greedy,ZYZZYVA,4.0,0.5,0.1347,1,1,1,FINALIZED_WITHIN_C2_LIMIT,0.590855,1.943
7540,40000.0,0.02,greedy,ZYZZYVA,4.0,0.5,0.1347,1,1,1,FINALIZED_WITHIN_C2_LIMIT,1.24601,1.365
7541,40000.0,0.02,greedy,PBFT,4.0,0.5,0.1347,1,1,1,FINALIZED_WITHIN_C2_LIMIT,1.148806,1.307
7542,40000.0,0.02,greedy,PBFT,4.0,0.5,0.1347,1,1,1,FINALIZED_WITHIN_C2_LIMIT,0.272357,1.425
7543,40000.0,0.02,greedy,ZYZZYVA,4.0,0.5,0.1421,1,1,1,FINALIZED_WITHIN_C2_LIMIT,0.363828,1.341
7544,40000.0,0.02,greedy,ZYZZYVA,4.0,0.5,0.1347,1,1,1,FINALIZED_WITHIN_C2_LIMIT,0.931988,1.377
7545,40000.0,0.02,greedy,PBFT,4.0,0.5,0.1347,1,1,1,FINALIZED_WITHIN_C2_LIMIT,0.644964,1.905
7546,40000.0,0.02,greedy,PBFT,4.0,0.5,0.1347,1,1,1,FINALIZED_WITHIN_C2_LIMIT,0.161173,1.944
7547,40000.0,0.02,greedy,PBFT,4.0,0.5,0.1347,1,1,1,FINALIZED_WITHIN_C2_LIMIT,0.771746,2.084
7548,40000.0,0.02,greedy,PBFT,4.0,0.5,0.1347,1,1,1,FINALIZED_WITHIN_C2_LIMIT,0.91594,2.073
7549,40000.0,0.02,greedy,PBFT,4.0,0.5,0.1347,1,1,1,FINALIZED_WITHIN_C2_LIMIT,0.802156,1.647
7550,40000.0,0.02,greedy,PBFT,4.0,0.5,0.1347,1,1,1,FINALIZED_WITHIN_C2_LIMIT,0.523476,2.037
7551,40000.0,0.02,greedy,PBFT,4.0,0.5,0.1347,1,1,1,FINALIZED_WITHIN_C2_LIMIT,0.210423,1.646
7552,40000.0,0.02,greedy,PBFT,4.0,0.5,0.1347,1,1,1,FINALIZED_WITHIN_C2_LIMIT,0.659967,2.28
7553,40000.0,0.02,greedy,PBFT,4.0,0.5,0.1347,1,1,1,FINALIZED_WITHIN_C2_LIMIT,0.585199,1.908
7554,40000.0,0.02,greedy,PBFT,4.0,0.5,0.1347,1,1,1,FINALIZED_WITHIN_C2_LIMIT,0.119577,1.692
7555,40000.0,0.02,greedy,PBFT,4.0,0.5,0.1347,1,1,1,FINALIZED_WITHIN_C2_LIMIT,0.69662,1.79
7556,40000.0,0.02,greedy,PBFT,4.0,0.5,0.1347,1,1,1,FINALIZED_WITHIN_C2_LIMIT,1.486162,1.496
7557,40000.0,0.02,greedy,PBFT,4.0,0.5,0.131,1,1,1,FINALIZED_WITHIN_C2_LIMIT,1.246281,1.311
7558,40000.0,0.02,greedy,PBFT,4.0,0.5,0.1347,1,1,1,FINALIZED_WITHIN_C2_LIMIT,0.334797,1.398
7559,40000.0,0.02,greedy,PBFT,4.0,0.5,0.1347,1,1,1,FINALIZED_WITHIN_C2_LIMIT,0.301416,1.286
7560,40000.0,0.02,greedy,PBFT,4.0,0.5,0.1347,1,1,1,FINALIZED_WITHIN_C2_LIMIT,0.559923,1.38
7561,40000.0,0.02,greedy,PBFT,4.0,0.5,0.1347,1,1,1,FINALIZED_WITHIN_C2_LIMIT,0.477861,1.863
7562,40000.0,0.02,greedy,PBFT,4.0,0.5,0.1347,1,1,1,FINALIZED_WITHIN_C2_LIMIT,0.107906,1.384
7563,40000.0,0.02,greedy,PBFT,4.0,0.5,0.1347,1,1,1,FINALIZED_WITHIN_C2_LIMIT,0.700247,1.434
7564,40000.0,0.02,greedy,PBFT,4.0,0.5,0.1347,1,1,1,FINALIZED_WITHIN_C2_LIMIT,1.050572,1.394
7565,40000.0,0.02,greedy,PBFT,4.0,0.5,0.1347,1,1,1,FINALIZED_WITHIN_C2_LIMIT,0.925738,1.669
7566,40000.0,0.02,greedy,ZYZZYVA,4.0,0.5,0.1347,1,1,1,FINALIZED_WITHIN_C2_LIMIT,0.213569,1.349
7567,40000.0,0.02,greedy,ZYZZYVA,4.0,0.5,0.1347,1,1,1,FINALIZED_WITHIN_C2_LIMIT,0.216273,1.406
7568,40000.0,0.02,greedy,ZYZZYVA,4.0,0.5,0.1347,1,1,1,FINALIZED_WITHIN_C2_LIMIT,0.629202,1.293
7569,40000.0,0.02,greedy,ZYZZYVA,4.0,0.5,0.1347,1,1,1,FINALIZED_WITHIN_C2_LIMIT,0.446001,1.639
7570,40000.0,0.02,greedy,ZYZZYVA,4.0,0.5,0.1347,1,1,1,FINALIZED_WITHIN_C2_LIMIT,0.064278,1.484
7571,40000.0,0.02,greedy,ZYZZYVA,4.0,0.5,0.1347,1,1,1,FINALIZED_WITHIN_C2_LIMIT,0.553789,1.634
7572,40000.0,0.02,greedy,ZYZZYVA,4.0,0.5,0.1347,1,1,1,FINALIZED_WITHIN_C2_LIMIT,1.308853,1.305
7573,40000.0,0.02,greedy,ZYZZYVA,4.0,0.5,0.1347,1,1,1,FINALIZED_WITHIN_C2_LIMIT,1.043387,1.273
7574,40000.0,0.02,greedy,ZYZZYVA,4.0,0.5,0.1347,1,1,1,FINALIZED_WITHIN_C2_LIMIT,0.34224,1.324
7575,40000.0,0.02,greedy,ZYZZYVA,4.0,0.5,0.1347,1,1,1,FINALIZED_WITHIN_C2_LIMIT,0.175325,1.265
7576,40000.0,0.02,greedy,ZYZZYVA,4.0,0.5,0.1347,1,1,1,FINALIZED_WITHIN_C2_LIMIT,0.53273,1.385
7577,40000.0,0.02,greedy,ZYZZYVA,4.0,0.5,0.1347,1,1,1,FINALIZED_WITHIN_C2_LIMIT,0.38469,1.233
7578,40000.0,0.02,greedy,ZYZZYVA,4.0,0.5,0.1347,1,1,1,FINALIZED_WITHIN_C2_LIMIT,0.106845,1.239
7579,40000.0,0.02,greedy,ZYZZYVA,4.0,0.5,0.1347,1,1,1,FINALIZED_WITHIN_C2_LIMIT,0.780395,1.274
7580,40000.0,0.02,greedy,ZYZZYVA,4.0,0.5,0.1347,1,1,1,FINALIZED_WITHIN_C2_LIMIT,1.336765,1.267
7581,40000.0,0.02,greedy,ZYZZYVA,4.0,0.5,0.1347,1,1,1,FINALIZED_WITHIN_C2_LIMIT,1.235844,1.227
7582,40000.0,0.02,greedy,ZYZZYVA,4.0,0.5,0.1347,1,1,1,FINALIZED_WITHIN_C2_LIMIT,0.536884,1.23
7583,40000.0,0.02,greedy,ZYZZYVA,4.0,0.5,0.1347,1,1,1,FINALIZED_WITHIN_C2_LIMIT,0.193037,1.179
7584,40000.0,0.02,greedy,ZYZZYVA,4.0,0.5,0.131,1,1,1,FINALIZED_WITHIN_C2_LIMIT,0.394957,1.26
7585,40000.0,0.02,greedy,ZYZZYVA,4.0,0.5,0.1446,1,1,1,FINALIZED_WITHIN_C2_LIMIT,0.295917,1.293
7586,40000.0,0.02,greedy,ZYZZYVA,4.0,0.5,0.1347,1,1,1,FINALIZED_WITHIN_C2_LIMIT,0.111318,1.243
7587,40000.0,0.02,greedy,ZYZZYVA,4.0,0.5,0.1347,1,1,1,FINALIZED_WITHIN_C2_LIMIT,0.055227,1.466
7588,40000.0,0.02,greedy,ZYZZYVA,4.0,0.5,0.1347,1,1,1,FINALIZED_WITHIN_C2_LIMIT,0.061283,1.252
7589,40000.0,0.02,greedy,ZYZZYVA,4.0,0.5,0.1347,1,1,1,FINALIZED_WITHIN_C2_LIMIT,0.208075,1.423
7590,40000.0,0.02,greedy,ZYZZYVA,4.0,0.5,0.1683,1,1,1,FINALIZED_WITHIN_C2_LIMIT,0.134933,1.703
7591,5714.286,0.02,explore,ZYZZYVA,4.0,3.5,0.1459,1,1,1,FINALIZED_WITHIN_C2_LIMIT,0.275033,1.248
7592,40000.0,0.02,greedy,ZYZZYVA,4.0,0.5,0.1683,1,1,1,FINALIZED_WITHIN_C2_LIMIT,0.253174,1.726
7593,40000.0,0.02,greedy,ZYZZYVA,4.0,0.5,0.1347,1,1,1,FINALIZED_WITHIN_C2_LIMIT,0.045724,1.373
7594,40000.0,0.02,greedy,ZYZZYVA,4.0,0.5,0.1347,1,1,1,FINALIZED_WITHIN_C2_LIMIT,0.038237,1.475
7595,40000.0,0.02,greedy,ZYZZYVA,4.0,0.5,0.1347,1,1,1,FINALIZED_WITHIN_C2_LIMIT,0.166951,1.248
7596,40000.0,0.02,greedy,ZYZZYVA,4.0,0.5,0.1347,1,1,1,FINALIZED_WITHIN_C2_LIMIT,0.182997,1.418
7597,40000.0,0.02,greedy,ZYZZYVA,4.0,0.5,0.1347,1,1,1,FINALIZED_WITHIN_C2_LIMIT,0.140525,1.23
7598,40000.0,0.02,greedy,ZYZZYVA,4.0,0.5,0.1347,1,1,1,FINALIZED_WITHIN_C2_LIMIT,0.216411,1.243
7599,40000.0,0.02,greedy,ZYZZYVA,4.0,0.5,0.1347,1,1,1,FINALIZED_WITHIN_C2_LIMIT,0.419067,1.243
7600,40000.0,0.02,greedy,ZYZZYVA,4.0,0.5,0.1347,1,1,1,FINALIZED_WITHIN_C2_LIMIT,0.21723,1.32
7601,40000.0,0.02,greedy,ZYZZYVA,4.0,0.5,0.1332,1,1,1,FINALIZED_WITHIN_C2_LIMIT,0.43303,1.359
7602,40000.0,0.02,greedy,ZYZZYVA,4.0,0.5,0.1347,1,1,1,FINALIZED_WITHIN_C2_LIMIT,0.598343,1.182
7603,40000.0,0.02,greedy,ZYZZYVA,4.0,0.5,0.1683,1,1,1,FINALIZED_WITHIN_C2_LIMIT,0.252867,1.308
7604,40000.0,0.02,greedy,ZYZZYVA,4.0,0.5,0.1446,1,1,1,FINALIZED_WITHIN_C2_LIMIT,0.309868,1.185
7605,40000.0,0.02,greedy,ZYZZYVA,4.0,0.5,0.1347,1,1,1,FINALIZED_WITHIN_C2_LIMIT,0.487277,1.167
7606,40000.0,0.02,greedy,ZYZZYVA,4.0,0.5,0.1347,1,1,1,FINALIZED_WITHIN_C2_LIMIT,0.311767,1.224
7607,40000.0,0.02,greedy,ZYZZYVA,4.0,0.5,0.1332,1,1,1,FINALIZED_WITHIN_C2_LIMIT,0.06263,1.389
7608,40000.0,0.02,greedy,ZYZZYVA,4.0,0.5,0.1347,1,1,1,FINALIZED_WITHIN_C2_LIMIT,0.121378,1.36
7609,40000.0,0.02,greedy,ZYZZYVA,4.0,0.5,0.1347,1,1,1,FINALIZED_WITHIN_C2_LIMIT,0.138031,1.23
7610,40000.0,0.02,greedy,ZYZZYVA,4.0,0.5,0.1347,1,1,1,FINALIZED_WITHIN_C2_LIMIT,0.059581,1.211
7611,40000.0,0.02,greedy,ZYZZYVA,4.0,0.5,0.1683,1,1,1,FINALIZED_WITHIN_C2_LIMIT,0.435112,1.295
7612,40000.0,0.02,greedy,ZYZZYVA,4.0,0.5,0.1683,1,1,1,FINALIZED_WITHIN_C2_LIMIT,0.59573,1.374
7613,40000.0,0.02,greedy,ZYZZYVA,4.0,0.5,0.1683,1,1,1,FINALIZED_WITHIN_C2_LIMIT,0.187675,1.267
7614,40000.0,0.02,greedy,ZYZZYVA,4.0,0.5,0.1347,1,1,1,FINALIZED_WITHIN_C2_LIMIT,0.343573,1.309
7615,40000.0,0.02,greedy,ZYZZYVA,4.0,0.5,0.1347,1,1,1,FINALIZED_WITHIN_C2_LIMIT,0.691058,1.344
7616,40000.0,0.02,greedy,ZYZZYVA,4.0,0.5,0.1347,1,1,1,FINALIZED_WITHIN_C2_LIMIT,0.35585,1.413
7617,40000.0,0.02,greedy,ZYZZYVA,4.0,0.5,0.1347,1,1,1,FINALIZED_WITHIN_C2_LIMIT,0.071731,1.304
7618,40000.0,0.02,greedy,ZYZZYVA,4.0,0.5,0.1347,1,1,1,FINALIZED_WITHIN_C2_LIMIT,0.857531,1.235
7619,40000.0,0.02,greedy,ZYZZYVA,4.0,0.5,0.1347,1,1,1,FINALIZED_WITHIN_C2_LIMIT,1.702725,1.32
7620,40000.0,0.02,greedy,ZYZZYVA,4.0,0.5,0.1347,1,1,1,FINALIZED_WITHIN_C2_LIMIT,1.698837,1.231
7621,40000.0,0.02,greedy,ZYZZYVA,4.0,0.5,0.1347,1,1,1,FINALIZED_WITHIN_C2_LIMIT,0.800621,1.45
7622,40000.0,0.02,greedy,ZYZZYVA,4.0,0.5,0.1347,1,1,1,FINALIZED_WITHIN_C2_LIMIT,0.106235,1.33
7623,40000.0,0.02,greedy,ZYZZYVA,4.0,0.5,0.1347,1,1,1,FINALIZED_WITHIN_C2_LIMIT,0.629755,1.299
7624,40000.0,0.02,greedy,ZYZZYVA,4.0,0.5,0.1421,1,1,1,FINALIZED_WITHIN_C2_LIMIT,1.574839,1.342
7625,40000.0,0.02,greedy,ZYZZYVA,4.0,0.5,0.1347,1,1,1,FINALIZED_WITHIN_C2_LIMIT,1.465622,1.304
7626,40000.0,0.02,greedy,ZYZZYVA,4.0,0.5,0.1459,1,1,1,FINALIZED_WITHIN_C2_LIMIT,0.303149,1.273
7627,40000.0,0.02,greedy,ZYZZYVA,4.0,0.5,0.1683,1,1,1,FINALIZED_WITHIN_C2_LIMIT,2.160185,1.17
7628,40000.0,0.02,greedy,ZYZZYVA,4.0,0.5,0.1683,1,1,1,FINALIZED_WITHIN_C2_LIMIT,4.678025,1.237
7629,40000.0,0.02,greedy,ZYZZYVA,4.0,0.5,0.1683,1,1,1,FINALIZED_WITHIN_C2_LIMIT,3.865701,1.242
7630,40000.0,0.02,greedy,ZYZZYVA,4.0,0.5,0.1683,1,1,1,FINALIZED_WITHIN_C2_LIMIT,1.010773,1.21
7631,40000.0,0.02,greedy,ZYZZYVA,4.0,0.5,0.1459,1,1,1,FINALIZED_WITHIN_C2_LIMIT,0.384186,1.281
7632,40000.0,0.02,greedy,ZYZZYVA,4.0,0.5,0.1459,1,1,1,FINALIZED_WITHIN_C2_LIMIT,1.429305,1.396
7633,40000.0,0.02,greedy,ZYZZYVA,4.0,0.5,0.1459,1,1,1,FINALIZED_WITHIN_C2_LIMIT,1.267893,1.377
7634,40000.0,0.02,greedy,ZYZZYVA,4.0,0.5,0.1459,1,1,1,FINALIZED_WITHIN_C2_LIMIT,0.255568,1.398
7635,40000.0,0.02,greedy,ZYZZYVA,4.0,0.5,0.1683,1,1,1,FINALIZED_WITHIN_C2_LIMIT,0.41841,1.553
7636,40000.0,0.02,greedy,ZYZZYVA,4.0,0.5,0.1459,1,1,1,FINALIZED_WITHIN_C2_LIMIT,1.113,1.234
7637,40000.0,0.02,greedy,ZYZZYVA,4.0,0.5,0.1459,1,1,1,FINALIZED_WITHIN_C2_LIMIT,0.774969,1.164
7638,40000.0,0.02,greedy,ZYZZYVA,4.0,0.5,0.1459,1,1,1,FINALIZED_WITHIN_C2_LIMIT,0.091821,1.339
7639,40000.0,0.02,greedy,ZYZZYVA,4.0,0.5,0.1459,1,1,1,FINALIZED_WITHIN_C2_LIMIT,1.30661,1.208
7640,40000.0,0.02,greedy,ZYZZYVA,4.0,0.5,0.1683,1,1,1,FINALIZED_WITHIN_C2_LIMIT,2.808954,1.375
7641,40000.0,0.02,greedy,ZYZZYVA,4.0,0.5,0.1683,1,1,1,FINALIZED_WITHIN_C2_LIMIT,2.342938,1.426
7642,40000.0,0.02,greedy,ZYZZYVA,4.0,0.5,0.1459,1,1,1,FINALIZED_WITHIN_C2_LIMIT,1.213055,1.29
7643,40000.0,0.02,greedy,ZYZZYVA,4.0,0.5,0.1459,1,1,1,FINALIZED_WITHIN_C2_LIMIT,0.059863,1.362
7644,40000.0,0.02,greedy,ZYZZYVA,4.0,0.5,0.1459,1,1,1,FINALIZED_WITHIN_C2_LIMIT,0.309038,1.259
7645,40000.0,0.02,greedy,ZYZZYVA,4.0,0.5,0.1459,1,1,1,FINALIZED_WITHIN_C2_LIMIT,0.12707,1.133
7646,40000.0,0.02,greedy,ZYZZYVA,4.0,0.5,0.1683,1,1,1,FINALIZED_WITHIN_C2_LIMIT,0.203905,1.336
7647,40000.0,0.02,greedy,ZYZZYVA,4.0,0.5,0.1683,1,1,1,FINALIZED_WITHIN_C2_LIMIT,0.447447,1.193
7648,40000.0,0.02,greedy,ZYZZYVA,4.0,0.5,0.1683,1,1,1,FINALIZED_WITHIN_C2_LIMIT,0.067212,1.185
7649,40000.0,0.02,greedy,ZYZZYVA,4.0,0.5,0.1683,1,1,1,FINALIZED_WITHIN_C2_LIMIT,0.620457,1.217
7650,40000.0,0.02,greedy,ZYZZYVA,4.0,0.5,0.1683,1,1,1,FINALIZED_WITHIN_C2_LIMIT,0.983398,1.25
7651,40000.0,0.02,greedy,ZYZZYVA,4.0,0.5,0.1683,1,1,1,FINALIZED_WITHIN_C2_LIMIT,0.617645,1.287
7652,40000.0,0.02,greedy,ZYZZYVA,4.0,0.5,0.1683,1,1,1,FINALIZED_WITHIN_C2_LIMIT,0.075379,1.252
7653,40000.0,0.02,greedy,ZYZZYVA,4.0,0.5,0.1683,1,1,1,FINALIZED_WITHIN_C2_LIMIT,0.941878,1.223
7654,40000.0,0.02,greedy,ZYZZYVA,4.0,0.5,0.1459,1,1,1,FINALIZED_WITHIN_C2_LIMIT,2.088901,1.236
7655,40000.0,0.02,greedy,ZYZZYVA,4.0,0.5,0.1472,1,1,1,FINALIZED_WITHIN_C2_LIMIT,2.324362,1.223
7656,40000.0,0.02,greedy,ZYZZYVA,4.0,0.5,0.1347,1,1,1,FINALIZED_WITHIN_C2_LIMIT,1.171669,1.368
7657,40000.0,0.02,greedy,ZYZZYVA,4.0,0.5,0.1347,1,1,1,FINALIZED_WITHIN_C2_LIMIT,0.150059,1.195
7658,40000.0,0.02,greedy,ZYZZYVA,4.0,0.5,0.1347,1,1,1,FINALIZED_WITHIN_C2_LIMIT,0.978437,1.133
7659,40000.0,0.02,greedy,ZYZZYVA,4.0,0.5,0.1347,1,1,1,FINALIZED_WITHIN_C2_LIMIT,2.346922,1.195
7660,40000.0,0.02,greedy,ZYZZYVA,4.0,0.5,0.1347,1,1,1,FINALIZED_WITHIN_C2_LIMIT,2.920541,1.229
7661,40000.0,0.02,greedy,ZYZZYVA,4.0,0.5,0.1347,1,1,1,FINALIZED_WITHIN_C2_LIMIT,1.839038,1.286
7662,40000.0,0.02,greedy,ZYZZYVA,4.0,0.5,0.1347,1,1,1,FINALIZED_WITHIN_C2_LIMIT,0.629678,1.366
7663,40000.0,0.02,greedy,ZYZZYVA,4.0,0.5,0.1472,1,1,1,FINALIZED_WITHIN_C2_LIMIT,0.363539,1.247
7664,40000.0,0.02,greedy,ZYZZYVA,4.0,0.5,0.1472,1,1,1,FINALIZED_WITHIN_C2_LIMIT,1.073663,1.214
7665,40000.0,0.02,greedy,ZYZZYVA,4.0,0.5,0.1472,1,1,1,FINALIZED_WITHIN_C2_LIMIT,1.202944,1.215
7666,40000.0,0.02,greedy,ZYZZYVA,4.0,0.5,0.1472,1,1,1,FINALIZED_WITHIN_C2_LIMIT,0.959963,1.264
7667,40000.0,0.02,greedy,ZYZZYVA,4.0,0.5,0.1472,1,1,1,FINALIZED_WITHIN_C2_LIMIT,0.060507,1.232
7668,40000.0,0.02,greedy,ZYZZYVA,4.0,0.5,0.1472,1,1,1,FINALIZED_WITHIN_C2_LIMIT,0.247959,1.214
7669,40000.0,0.02,greedy,ZYZZYVA,4.0,0.5,0.1472,1,1,1,FINALIZED_WITHIN_C2_LIMIT,0.089315,1.19
7670,40000.0,0.02,greedy,ZYZZYVA,4.0,0.5,0.1472,1,1,1,FINALIZED_WITHIN_C2_LIMIT,0.176704,1.351
7671,40000.0,0.02,greedy,ZYZZYVA,4.0,0.5,0.1472,1,1,1,FINALIZED_WITHIN_C2_LIMIT,0.702556,1.302
7672,40000.0,0.02,greedy,ZYZZYVA,4.0,0.5,0.1472,1,1,1,FINALIZED_WITHIN_C2_LIMIT,0.130817,1.243
7673,40000.0,0.02,greedy,ZYZZYVA,4.0,0.5,0.1472,1,1,1,FINALIZED_WITHIN_C2_LIMIT,0.336738,1.258
7674,40000.0,0.02,greedy,ZYZZYVA,4.0,0.5,0.1472,1,1,1,FINALIZED_WITHIN_C2_LIMIT,0.49541,1.133
7675,40000.0,0.02,greedy,ZYZZYVA,4.0,0.5,0.1472,1,1,1,FINALIZED_WITHIN_C2_LIMIT,0.298168,1.264
7676,40000.0,0.02,greedy,ZYZZYVA,4.0,0.5,0.1472,1,1,1,FINALIZED_WITHIN_C2_LIMIT,0.070856,1.333
7677,40000.0,0.02,greedy,ZYZZYVA,4.0,0.5,0.1472,1,1,1,FINALIZED_WITHIN_C2_LIMIT,0.192638,1.477
7678,40000.0,0.02,greedy,ZYZZYVA,4.0,0.5,0.1472,1,1,1,FINALIZED_WITHIN_C2_LIMIT,0.03301,1.577
7679,40000.0,0.02,greedy,ZYZZYVA,4.0,0.5,0.1472,1,1,1,FINALIZED_WITHIN_C2_LIMIT,0.514938,1.38
7680,40000.0,0.02,greedy,ZYZZYVA,4.0,0.5,0.1472,1,1,1,FINALIZED_WITHIN_C2_LIMIT,0.615396,1.213
7681,40000.0,0.02,greedy,ZYZZYVA,4.0,0.5,0.1472,1,1,1,FINALIZED_WITHIN_C2_LIMIT,0.327983,1.302
7682,40000.0,0.02,greedy,ZYZZYVA,4.0,0.5,0.1472,1,1,1,FINALIZED_WITHIN_C2_LIMIT,0.124036,1.345
7683,40000.0,0.02,greedy,ZYZZYVA,4.0,0.5,0.1472,1,1,1,FINALIZED_WITHIN_C2_LIMIT,0.07336,1.24
7684,40000.0,0.02,greedy,ZYZZYVA,4.0,0.5,0.1472,1,1,1,FINALIZED_WITHIN_C2_LIMIT,0.198143,1.268
7685,40000.0,0.02,greedy,ZYZZYVA,4.0,0.5,0.1472,1,1,1,FINALIZED_WITHIN_C2_LIMIT,0.460988,1.488
7686,40000.0,0.02,greedy,ZYZZYVA,4.0,0.5,0.1472,1,1,1,FINALIZED_WITHIN_C2_LIMIT,0.730496,1.282
7687,40000.0,0.02,greedy,ZYZZYVA,4.0,0.5,0.1472,1,1,1,FINALIZED_WITHIN_C2_LIMIT,0.476108,1.417
7688,40000.0,0.02,greedy,ZYZZYVA,4.0,0.5,0.1697,1,1,1,FINALIZED_WITHIN_C2_LIMIT,0.3771,1.372
7689,40000.0,0.02,greedy,ZYZZYVA,4.0,0.5,0.1697,1,1,1,FINALIZED_WITHIN_C2_LIMIT,0.245021,1.197
7690,40000.0,0.02,greedy,ZYZZYVA,4.0,0.5,0.1472,1,1,1,FINALIZED_WITHIN_C2_LIMIT,0.184762,1.197
7691,40000.0,0.02,greedy,ZYZZYVA,4.0,0.5,0.1472,1,1,1,FINALIZED_WITHIN_C2_LIMIT,0.475973,1.424
7692,40000.0,0.02,greedy,ZYZZYVA,4.0,0.5,0.1472,1,1,1,FINALIZED_WITHIN_C2_LIMIT,0.21603,1.36
7693,40000.0,0.02,greedy,ZYZZYVA,4.0,0.5,0.1472,1,1,1,FINALIZED_WITHIN_C2_LIMIT,0.038633,1.382
7694,4000.0,0.02,explore,LIU_QUORUM,4.0,5.0,0.0278,1,1,1,FINALIZED_WITHIN_C2_LIMIT,0.218436,1.371
7695,40000.0,0.02,greedy,ZYZZYVA,4.0,0.5,0.1472,1,1,1,FINALIZED_WITHIN_C2_LIMIT,0.359266,1.308
7696,40000.0,0.02,greedy,ZYZZYVA,4.0,0.5,0.1472,1,1,1,FINALIZED_WITHIN_C2_LIMIT,0.206104,1.469
7697,40000.0,0.02,greedy,ZYZZYVA,4.0,0.5,0.1472,1,1,1,FINALIZED_WITHIN_C2_LIMIT,0.057545,1.475
7698,40000.0,0.02,greedy,ZYZZYVA,4.0,0.5,0.1472,1,1,1,FINALIZED_WITHIN_C2_LIMIT,0.385781,1.472
7699,40000.0,0.02,greedy,ZYZZYVA,4.0,0.5,0.1446,1,1,1,FINALIZED_WITHIN_C2_LIMIT,0.21375,1.331
7700,40000.0,0.02,greedy,ZYZZYVA,4.0,0.5,0.1446,1,1,1,FINALIZED_WITHIN_C2_LIMIT,0.517022,1.383
7701,40000.0,0.02,greedy,ZYZZYVA,4.0,0.5,0.1446,1,1,1,FINALIZED_WITHIN_C2_LIMIT,0.53186,1.34
7702,40000.0,0.02,greedy,ZYZZYVA,4.0,0.5,0.1446,1,1,1,FINALIZED_WITHIN_C2_LIMIT,0.084692,1.589
7703,40000.0,0.02,greedy,ZYZZYVA,4.0,0.5,0.1347,1,1,1,FINALIZED_WITHIN_C2_LIMIT,0.571268,1.27
7704,40000.0,0.02,greedy,ZYZZYVA,4.0,0.5,0.1347,1,1,1,FINALIZED_WITHIN_C2_LIMIT,1.048311,1.469
7705,40000.0,0.02,greedy,ZYZZYVA,4.0,0.5,0.1347,1,1,1,FINALIZED_WITHIN_C2_LIMIT,1.062524,1.29
7706,40000.0,0.02,greedy,ZYZZYVA,4.0,0.5,0.1347,1,1,1,FINALIZED_WITHIN_C2_LIMIT,0.209756,1.352
7707,40000.0,0.02,greedy,ZYZZYVA,4.0,0.5,0.1446,1,1,1,FINALIZED_WITHIN_C2_LIMIT,0.64833,1.445
7708,40000.0,0.02,greedy,ZYZZYVA,4.0,0.5,0.1446,1,1,1,FINALIZED_WITHIN_C2_LIMIT,1.454726,1.403
7709,40000.0,0.02,greedy,ZYZZYVA,4.0,0.5,0.1446,1,1,1,FINALIZED_WITHIN_C2_LIMIT,1.16138,1.348
7710,40000.0,0.02,greedy,ZYZZYVA,4.0,0.5,0.1446,1,1,1,FINALIZED_WITHIN_C2_LIMIT,0.304405,1.409
7711,40000.0,0.02,greedy,ZYZZYVA,4.0,0.5,0.1347,1,1,1,FINALIZED_WITHIN_C2_LIMIT,0.308773,1.355
7712,40000.0,0.02,greedy,ZYZZYVA,4.0,0.5,0.1347,1,1,1,FINALIZED_WITHIN_C2_LIMIT,0.833466,1.306
7713,40000.0,0.02,greedy,ZYZZYVA,4.0,0.5,0.1472,1,1,1,FINALIZED_WITHIN_C2_LIMIT,0.732244,1.456
7714,40000.0,0.02,greedy,ZYZZYVA,4.0,0.5,0.1472,1,1,1,FINALIZED_WITHIN_C2_LIMIT,0.139765,1.243
7715,40000.0,0.02,greedy,ZYZZYVA,4.0,0.5,0.1347,1,1,1,FINALIZED_WITHIN_C2_LIMIT,0.499209,1.346
7716,40000.0,0.02,greedy,ZYZZYVA,4.0,0.5,0.1347,1,1,1,FINALIZED_WITHIN_C2_LIMIT,0.958973,1.231
7717,40000.0,0.02,greedy,ZYZZYVA,4.0,0.5,0.1347,1,1,1,FINALIZED_WITHIN_C2_LIMIT,0.676995,1.254
7718,40000.0,0.02,greedy,ZYZZYVA,4.0,0.5,0.1472,1,1,1,FINALIZED_WITHIN_C2_LIMIT,0.204491,1.286
7719,40000.0,0.02,greedy,ZYZZYVA,4.0,0.5,0.1472,1,1,1,FINALIZED_WITHIN_C2_LIMIT,0.48874,1.352
7720,40000.0,0.02,greedy,ZYZZYVA,4.0,0.5,0.1472,1,1,1,FINALIZED_WITHIN_C2_LIMIT,1.226027,1.348
7721,40000.0,0.02,greedy,ZYZZYVA,4.0,0.5,0.1472,1,1,1,FINALIZED_WITHIN_C2_LIMIT,1.067986,1.319
7722,40000.0,0.02,greedy,ZYZZYVA,4.0,0.5,0.1487,1,1,1,FINALIZED_WITHIN_C2_LIMIT,0.377602,1.373
7723,40000.0,0.02,greedy,ZYZZYVA,4.0,0.5,0.1475,1,1,1,FINALIZED_WITHIN_C2_LIMIT,0.374721,1.725
7724,40000.0,0.02,greedy,ZYZZYVA,4.0,0.5,0.1475,1,1,1,FINALIZED_WITHIN_C2_LIMIT,0.796708,1.398
7725,40000.0,0.02,greedy,ZYZZYVA,4.0,0.5,0.1487,1,1,1,FINALIZED_WITHIN_C2_LIMIT,0.525198,1.338
7726,40000.0,0.02,greedy,ZYZZYVA,4.0,0.5,0.1472,1,1,1,FINALIZED_WITHIN_C2_LIMIT,0.094864,1.246
7727,40000.0,0.02,greedy,ZYZZYVA,4.0,0.5,0.1421,1,1,1,FINALIZED_WITHIN_C2_LIMIT,0.683027,1.211
7728,40000.0,0.02,greedy,ZYZZYVA,4.0,0.5,0.1683,1,1,1,FINALIZED_WITHIN_C2_LIMIT,1.521852,1.288
7729,40000.0,0.02,greedy,ZYZZYVA,4.0,0.5,0.1683,1,1,1,FINALIZED_WITHIN_C2_LIMIT,1.11856,1.295
7730,40000.0,0.02,greedy,ZYZZYVA,4.0,0.5,0.1683,1,1,1,FINALIZED_WITHIN_C2_LIMIT,0.502244,1.242
7731,40000.0,0.02,greedy,ZYZZYVA,4.0,0.5,0.1683,1,1,1,FINALIZED_WITHIN_C2_LIMIT,0.117899,1.282
7732,40000.0,0.02,greedy,ZYZZYVA,4.0,0.5,0.1683,1,1,1,FINALIZED_WITHIN_C2_LIMIT,0.498681,1.356
7733,40000.0,0.02,greedy,ZYZZYVA,4.0,0.5,0.1683,1,1,1,FINALIZED_WITHIN_C2_LIMIT,0.298629,1.426
7734,40000.0,0.02,greedy,ZYZZYVA,4.0,0.5,0.1683,1,1,1,FINALIZED_WITHIN_C2_LIMIT,0.17432,1.586
7735,40000.0,0.02,greedy,ZYZZYVA,4.0,0.5,0.1683,1,1,1,FINALIZED_WITHIN_C2_LIMIT,0.42865,1.446
7736,40000.0,0.02,greedy,ZYZZYVA,4.0,0.5,0.1683,1,1,1,FINALIZED_WITHIN_C2_LIMIT,0.374006,1.486
7737,40000.0,0.02,greedy,ZYZZYVA,4.0,0.5,0.1683,1,1,1,FINALIZED_WITHIN_C2_LIMIT,0.166613,1.248
7738,40000.0,0.02,greedy,ZYZZYVA,4.0,0.5,0.1683,1,1,1,FINALIZED_WITHIN_C2_LIMIT,0.246283,1.389
7739,40000.0,0.02,greedy,ZYZZYVA,4.0,0.5,0.1683,1,1,1,FINALIZED_WITHIN_C2_LIMIT,0.368149,1.412
7740,40000.0,0.02,greedy,ZYZZYVA,4.0,0.5,0.1683,1,1,1,FINALIZED_WITHIN_C2_LIMIT,0.267851,1.364
7741,40000.0,0.02,greedy,ZYZZYVA,4.0,0.5,0.1683,1,1,1,FINALIZED_WITHIN_C2_LIMIT,0.175382,1.435
7742,40000.0,0.02,greedy,ZYZZYVA,4.0,0.5,0.1683,1,1,1,FINALIZED_WITHIN_C2_LIMIT,0.377456,1.562
7743,40000.0,0.02,greedy,ZYZZYVA,4.0,0.5,0.1683,1,1,1,FINALIZED_WITHIN_C2_LIMIT,0.045019,1.507
7744,40000.0,0.02,greedy,ZYZZYVA,4.0,0.5,0.1683,1,1,1,FINALIZED_WITHIN_C2_LIMIT,0.599728,1.462
7745,40000.0,0.02,greedy,ZYZZYVA,4.0,0.5,0.1683,1,1,1,FINALIZED_WITHIN_C2_LIMIT,0.566689,1.423
7746,40000.0,0.02,greedy,ZYZZYVA,4.0,0.5,0.1683,1,1,1,FINALIZED_WITHIN_C2_LIMIT,0.37026,1.339
7747,40000.0,0.02,greedy,ZYZZYVA,4.0,0.5,0.1683,1,1,1,FINALIZED_WITHIN_C2_LIMIT,0.181055,1.445
7748,40000.0,0.02,greedy,ZYZZYVA,4.0,0.5,0.1683,1,1,1,FINALIZED_WITHIN_C2_LIMIT,0.156784,1.438
7749,40000.0,0.02,greedy,ZYZZYVA,4.0,0.5,0.1683,1,1,1,FINALIZED_WITHIN_C2_LIMIT,0.144684,1.352
7750,40000.0,0.02,greedy,ZYZZYVA,4.0,0.5,0.1683,1,1,1,FINALIZED_WITHIN_C2_LIMIT,0.150954,1.237
7751,40000.0,0.02,greedy,ZYZZYVA,4.0,0.5,0.1683,1,1,1,FINALIZED_WITHIN_C2_LIMIT,0.155707,1.407
7752,40000.0,0.02,greedy,ZYZZYVA,4.0,0.5,0.1683,1,1,1,FINALIZED_WITHIN_C2_LIMIT,0.286733,1.3
7753,40000.0,0.02,greedy,ZYZZYVA,4.0,0.5,0.1683,1,1,1,FINALIZED_WITHIN_C2_LIMIT,0.137636,1.189
7754,40000.0,0.02,greedy,ZYZZYVA,4.0,0.5,0.1683,1,1,1,FINALIZED_WITHIN_C2_LIMIT,0.548141,1.397
7755,40000.0,0.02,greedy,ZYZZYVA,4.0,0.5,0.1683,1,1,1,FINALIZED_WITHIN_C2_LIMIT,0.869543,1.401
7756,40000.0,0.02,greedy,ZYZZYVA,4.0,0.5,0.1683,1,1,1,FINALIZED_WITHIN_C2_LIMIT,0.602365,1.445
7757,40000.0,0.02,greedy,ZYZZYVA,4.0,0.5,0.1683,1,1,1,FINALIZED_WITHIN_C2_LIMIT,0.125829,1.421
7758,40000.0,0.02,greedy,ZYZZYVA,4.0,0.5,0.1683,1,1,1,FINALIZED_WITHIN_C2_LIMIT,0.354785,1.383
7759,40000.0,0.02,greedy,ZYZZYVA,4.0,0.5,0.1683,1,1,1,FINALIZED_WITHIN_C2_LIMIT,0.945985,1.559
7760,40000.0,0.02,greedy,ZYZZYVA,4.0,0.5,0.1683,1,1,1,FINALIZED_WITHIN_C2_LIMIT,1.026851,1.363
7761,40000.0,0.02,greedy,ZYZZYVA,4.0,0.5,0.1683,1,1,1,FINALIZED_WITHIN_C2_LIMIT,0.87191,1.479
7762,40000.0,0.02,greedy,ZYZZYVA,4.0,0.5,0.1683,1,1,1,FINALIZED_WITHIN_C2_LIMIT,0.109853,1.336
7763,40000.0,0.02,greedy,ZYZZYVA,4.0,0.5,0.1683,1,1,1,FINALIZED_WITHIN_C2_LIMIT,0.3731,1.338
7764,40000.0,0.02,greedy,ZYZZYVA,4.0,0.5,0.1683,1,1,1,FINALIZED_WITHIN_C2_LIMIT,0.271204,1.385
7765,40000.0,0.02,greedy,ZYZZYVA,4.0,0.5,0.1683,1,1,1,FINALIZED_WITHIN_C2_LIMIT,0.058689,1.605
7766,40000.0,0.02,greedy,ZYZZYVA,4.0,0.5,0.1683,1,1,1,FINALIZED_WITHIN_C2_LIMIT,0.167234,1.401
7767,40000.0,0.02,greedy,ZYZZYVA,4.0,0.5,0.1683,1,1,1,FINALIZED_WITHIN_C2_LIMIT,0.070451,1.346
7768,40000.0,0.02,greedy,ZYZZYVA,4.0,0.5,0.1683,1,1,1,FINALIZED_WITHIN_C2_LIMIT,0.137206,1.422
7769,40000.0,0.02,greedy,ZYZZYVA,4.0,0.5,0.1683,1,1,1,FINALIZED_WITHIN_C2_LIMIT,0.394425,1.284
7770,40000.0,0.02,greedy,ZYZZYVA,4.0,0.5,0.1683,1,1,1,FINALIZED_WITHIN_C2_LIMIT,0.352793,1.516
7771,40000.0,0.02,greedy,ZYZZYVA,4.0,0.5,0.1683,1,1,1,FINALIZED_WITHIN_C2_LIMIT,0.051371,1.515
7772,40000.0,0.02,greedy,ZYZZYVA,4.0,0.5,0.1683,1,1,1,FINALIZED_WITHIN_C2_LIMIT,0.363654,1.859
7773,40000.0,0.02,greedy,ZYZZYVA,4.0,0.5,0.1683,1,1,1,FINALIZED_WITHIN_C2_LIMIT,0.726267,1.318
7774,40000.0,0.02,greedy,ZYZZYVA,4.0,0.5,0.1683,1,1,1,FINALIZED_WITHIN_C2_LIMIT,0.437117,1.533
7775,40000.0,0.02,greedy,ZYZZYVA,4.0,0.5,0.1683,1,1,1,FINALIZED_WITHIN_C2_LIMIT,0.395196,1.414
7776,40000.0,0.02,greedy,ZYZZYVA,4.0,0.5,0.1683,1,1,1,FINALIZED_WITHIN_C2_LIMIT,0.134036,1.536
7777,40000.0,0.02,greedy,ZYZZYVA,4.0,0.5,0.1683,1,1,1,FINALIZED_WITHIN_C2_LIMIT,0.065944,1.386
7778,40000.0,0.02,greedy,ZYZZYVA,4.0,0.5,0.1459,1,1,1,FINALIZED_WITHIN_C2_LIMIT,0.538356,1.477
7779,40000.0,0.02,greedy,ZYZZYVA,4.0,0.5,0.1459,1,1,1,FINALIZED_WITHIN_C2_LIMIT,1.016756,1.326
7780,40000.0,0.02,greedy,ZYZZYVA,4.0,0.5,0.1459,1,1,1,FINALIZED_WITHIN_C2_LIMIT,0.437944,1.319
7781,40000.0,0.02,greedy,ZYZZYVA,4.0,0.5,0.1459,1,1,1,FINALIZED_WITHIN_C2_LIMIT,0.068342,1.507
7782,40000.0,0.02,greedy,ZYZZYVA,4.0,0.5,0.1459,1,1,1,FINALIZED_WITHIN_C2_LIMIT,0.306578,1.607
7783,40000.0,0.02,greedy,ZYZZYVA,4.0,0.5,0.1459,1,1,1,FINALIZED_WITHIN_C2_LIMIT,0.130346,1.501
7784,40000.0,0.02,greedy,ZYZZYVA,4.0,0.5,0.1459,1,1,1,FINALIZED_WITHIN_C2_LIMIT,0.989993,1.613
7785,40000.0,0.02,greedy,ZYZZYVA,4.0,0.5,0.1459,1,1,1,FINALIZED_WITHIN_C2_LIMIT,1.222179,1.483
7786,40000.0,0.02,greedy,ZYZZYVA,4.0,0.5,0.1459,1,1,1,FINALIZED_WITHIN_C2_LIMIT,0.542,1.35
7787,40000.0,0.02,greedy,ZYZZYVA,4.0,0.5,0.1459,1,1,1,FINALIZED_WITHIN_C2_LIMIT,0.20479,1.454
7788,40000.0,0.02,greedy,ZYZZYVA,4.0,0.5,0.1459,1,1,1,FINALIZED_WITHIN_C2_LIMIT,0.466401,1.428
7789,40000.0,0.02,greedy,ZYZZYVA,4.0,0.5,0.1459,1,1,1,FINALIZED_WITHIN_C2_LIMIT,0.324965,1.433
7790,40000.0,0.02,greedy,ZYZZYVA,4.0,0.5,0.1459,1,1,1,FINALIZED_WITHIN_C2_LIMIT,0.226409,1.386
7791,40000.0,0.02,greedy,ZYZZYVA,4.0,0.5,0.1459,1,1,1,FINALIZED_WITHIN_C2_LIMIT,0.295453,1.327
7792,40000.0,0.02,greedy,ZYZZYVA,4.0,0.5,0.1459,1,1,1,FINALIZED_WITHIN_C2_LIMIT,0.079873,1.276
7793,40000.0,0.02,greedy,PBFT,4.0,0.5,0.1459,1,1,1,FINALIZED_WITHIN_C2_LIMIT,0.845351,1.308
7794,40000.0,0.02,greedy,PBFT,4.0,0.5,0.1459,1,1,1,FINALIZED_WITHIN_C2_LIMIT,1.395306,1.355
7795,40000.0,0.02,greedy,PBFT,4.0,0.5,0.1459,1,1,1,FINALIZED_WITHIN_C2_LIMIT,0.902808,1.338
7796,40000.0,0.02,greedy,PBFT,4.0,0.5,0.1459,1,1,1,FINALIZED_WITHIN_C2_LIMIT,0.12445,1.392
7797,40000.0,0.02,greedy,PBFT,4.0,0.5,0.1459,1,1,1,FINALIZED_WITHIN_C2_LIMIT,0.791593,1.362
7798,40000.0,0.02,greedy,PBFT,4.0,0.5,0.1459,1,1,1,FINALIZED_WITHIN_C2_LIMIT,1.694651,1.436
7799,40000.0,0.02,greedy,PBFT,4.0,0.5,0.1459,1,1,1,FINALIZED_WITHIN_C2_LIMIT,0.111797,1.371
7800,40000.0,0.02,greedy,PBFT,4.0,0.5,0.1459,1,1,1,FINALIZED_WITHIN_C2_LIMIT,0.328485,1.786
7801,40000.0,0.02,greedy,PBFT,4.0,0.5,0.1459,1,1,1,FINALIZED_WITHIN_C2_LIMIT,0.307699,1.439
7802,40000.0,0.02,greedy,PBFT,4.0,0.5,0.1459,1,1,1,FINALIZED_WITHIN_C2_LIMIT,0.237962,1.331
7803,40000.0,0.02,greedy,PBFT,4.0,0.5,0.1459,1,1,1,FINALIZED_WITHIN_C2_LIMIT,0.133332,1.538
7804,40000.0,0.02,greedy,PBFT,4.0,0.5,0.1459,1,1,1,FINALIZED_WITHIN_C2_LIMIT,0.107054,1.423
7805,40000.0,0.02,greedy,PBFT,4.0,0.5,0.1459,1,1,1,FINALIZED_WITHIN_C2_LIMIT,0.290939,1.401
7806,40000.0,0.02,greedy,ZYZZYVA,4.0,0.5,0.1459,1,1,1,FINALIZED_WITHIN_C2_LIMIT,0.449646,1.339
7807,40000.0,0.02,greedy,ZYZZYVA,4.0,0.5,0.1459,1,1,1,FINALIZED_WITHIN_C2_LIMIT,0.469617,1.531
7808,40000.0,0.02,greedy,ZYZZYVA,4.0,0.5,0.1459,1,1,1,FINALIZED_WITHIN_C2_LIMIT,0.364219,1.449
7809,40000.0,0.02,greedy,PBFT,4.0,0.5,0.1459,1,1,1,FINALIZED_WITHIN_C2_LIMIT,0.185137,1.527
7810,40000.0,0.02,greedy,PBFT,4.0,0.5,0.1459,1,1,1,FINALIZED_WITHIN_C2_LIMIT,0.60353,1.618
7811,0.0,0.02,greedy,PBFT,4.0,0.5,0.1459,1,0,1,C2_DEADLINE_EXCEEDED,0.205099,1.334
7812,0.0,0.02,greedy,PBFT,4.0,0.5,0.1459,1,0,1,C2_DEADLINE_EXCEEDED,0.101879,1.365
7813,40000.0,0.02,greedy,PBFT,4.0,0.5,0.1459,1,1,1,FINALIZED_WITHIN_C2_LIMIT,0.88491,1.423
7814,40000.0,0.02,greedy,PBFT,4.0,0.5,0.1459,1,1,1,FINALIZED_WITHIN_C2_LIMIT,0.882621,1.381
7815,40000.0,0.02,greedy,PBFT,4.0,0.5,0.1459,1,1,1,FINALIZED_WITHIN_C2_LIMIT,0.476961,1.4
7816,40000.0,0.02,greedy,PBFT,4.0,0.5,0.1459,1,1,1,FINALIZED_WITHIN_C2_LIMIT,0.44349,1.448
7817,0.0,0.02,greedy,PBFT,4.0,0.5,0.1421,1,0,1,C2_DEADLINE_EXCEEDED,0.697895,1.32
7818,40000.0,0.02,greedy,PBFT,4.0,0.5,0.1459,1,1,1,FINALIZED_WITHIN_C2_LIMIT,0.297163,1.341
7819,40000.0,0.02,greedy,PBFT,4.0,0.5,0.1459,1,1,1,FINALIZED_WITHIN_C2_LIMIT,0.406086,1.31
7820,40000.0,0.02,greedy,PBFT,4.0,0.5,0.1459,1,1,1,FINALIZED_WITHIN_C2_LIMIT,0.907496,1.501
7821,40000.0,0.02,greedy,PBFT,4.0,0.5,0.1459,1,1,1,FINALIZED_WITHIN_C2_LIMIT,0.290174,1.451
7822,40000.0,0.02,greedy,PBFT,4.0,0.5,0.1459,1,1,1,FINALIZED_WITHIN_C2_LIMIT,0.289725,1.402
7823,40000.0,0.02,greedy,PBFT,4.0,0.5,0.1459,1,1,1,FINALIZED_WITHIN_C2_LIMIT,0.533855,1.466
7824,40000.0,0.02,greedy,PBFT,4.0,0.5,0.1459,1,1,1,FINALIZED_WITHIN_C2_LIMIT,0.159792,1.375
7825,40000.0,0.02,greedy,PBFT,4.0,0.5,0.1421,1,1,1,FINALIZED_WITHIN_C2_LIMIT,0.37934,1.408
7826,40000.0,0.02,greedy,PBFT,4.0,0.5,0.1421,1,1,1,FINALIZED_WITHIN_C2_LIMIT,0.609175,1.531
7827,40000.0,0.02,greedy,PBFT,4.0,0.5,0.1421,1,1,1,FINALIZED_WITHIN_C2_LIMIT,0.260054,1.556
7828,40000.0,0.02,greedy,PBFT,4.0,0.5,0.1421,1,1,1,FINALIZED_WITHIN_C2_LIMIT,0.197723,1.418
7829,40000.0,0.02,greedy,PBFT,4.0,0.5,0.1421,1,1,1,FINALIZED_WITHIN_C2_LIMIT,0.377722,1.429
7830,40000.0,0.02,greedy,PBFT,4.0,0.5,0.1421,1,1,1,FINALIZED_WITHIN_C2_LIMIT,0.119508,1.276
7831,40000.0,0.02,greedy,PBFT,4.0,0.5,0.1421,1,1,1,FINALIZED_WITHIN_C2_LIMIT,0.662802,1.429
7832,40000.0,0.02,greedy,PBFT,4.0,0.5,0.1421,1,1,1,FINALIZED_WITHIN_C2_LIMIT,0.564053,1.457
7833,40000.0,0.02,greedy,PBFT,4.0,0.5,0.1421,1,1,1,FINALIZED_WITHIN_C2_LIMIT,0.3842,1.302
7834,40000.0,0.02,greedy,ZYZZYVA,4.0,0.5,0.1459,1,1,1,FINALIZED_WITHIN_C2_LIMIT,0.147097,1.33
7835,40000.0,0.02,greedy,ZYZZYVA,4.0,0.5,0.1421,1,1,1,FINALIZED_WITHIN_C2_LIMIT,0.366334,1.483
7836,40000.0,0.02,greedy,ZYZZYVA,4.0,0.5,0.1421,1,1,1,FINALIZED_WITHIN_C2_LIMIT,0.156607,1.291
7837,40000.0,0.02,greedy,PBFT,4.0,0.5,0.1459,1,1,1,FINALIZED_WITHIN_C2_LIMIT,0.355259,1.356
7838,40000.0,0.02,greedy,ZYZZYVA,4.0,0.5,0.1459,1,1,1,FINALIZED_WITHIN_C2_LIMIT,0.460768,1.347
7839,40000.0,0.02,greedy,ZYZZYVA,4.0,0.5,0.1459,1,1,1,FINALIZED_WITHIN_C2_LIMIT,0.183281,1.312
7840,40000.0,0.02,greedy,ZYZZYVA,4.0,0.5,0.1374,1,1,1,FINALIZED_WITHIN_C2_LIMIT,0.361019,1.493
7841,40000.0,0.02,greedy,ZYZZYVA,4.0,0.5,0.1366,1,1,1,FINALIZED_WITHIN_C2_LIMIT,0.654287,1.224
7842,40000.0,0.02,greedy,ZYZZYVA,4.0,0.5,0.1459,1,1,1,FINALIZED_WITHIN_C2_LIMIT,0.279904,1.29
7843,40000.0,0.02,greedy,ZYZZYVA,4.0,0.5,0.1459,1,1,1,FINALIZED_WITHIN_C2_LIMIT,0.233734,1.42
7844,40000.0,0.02,greedy,ZYZZYVA,4.0,0.5,0.1683,1,1,1,FINALIZED_WITHIN_C2_LIMIT,0.587942,1.233
7845,40000.0,0.02,greedy,ZYZZYVA,4.0,0.5,0.1683,1,1,1,FINALIZED_WITHIN_C2_LIMIT,0.350128,1.304
7846,40000.0,0.02,greedy,ZYZZYVA,4.0,0.5,0.1683,1,1,1,FINALIZED_WITHIN_C2_LIMIT,0.213757,1.27
7847,40000.0,0.02,greedy,ZYZZYVA,4.0,0.5,0.1683,1,1,1,FINALIZED_WITHIN_C2_LIMIT,0.498042,1.336
7848,40000.0,0.02,greedy,ZYZZYVA,4.0,0.5,0.1683,1,1,1,FINALIZED_WITHIN_C2_LIMIT,0.198861,1.34
7849,40000.0,0.02,greedy,ZYZZYVA,4.0,0.5,0.1683,1,1,1,FINALIZED_WITHIN_C2_LIMIT,0.446076,1.376
7850,40000.0,0.02,greedy,ZYZZYVA,4.0,0.5,0.1683,1,1,1,FINALIZED_WITHIN_C2_LIMIT,0.174807,1.705
7851,40000.0,0.02,greedy,ZYZZYVA,4.0,0.5,0.1683,1,1,1,FINALIZED_WITHIN_C2_LIMIT,0.270712,1.686
7852,40000.0,0.02,greedy,ZYZZYVA,4.0,0.5,0.1683,1,1,1,FINALIZED_WITHIN_C2_LIMIT,0.416311,1.303
7853,40000.0,0.02,greedy,ZYZZYVA,4.0,0.5,0.1683,1,1,1,FINALIZED_WITHIN_C2_LIMIT,0.694716,1.64
7854,40000.0,0.02,greedy,ZYZZYVA,4.0,0.5,0.1683,1,1,1,FINALIZED_WITHIN_C2_LIMIT,0.427419,1.326
7855,40000.0,0.02,greedy,ZYZZYVA,4.0,0.5,0.1683,1,1,1,FINALIZED_WITHIN_C2_LIMIT,0.305592,1.34
7856,40000.0,0.02,greedy,ZYZZYVA,4.0,0.5,0.1683,1,1,1,FINALIZED_WITHIN_C2_LIMIT,0.193933,1.322
7857,40000.0,0.02,greedy,ZYZZYVA,4.0,0.5,0.1683,1,1,1,FINALIZED_WITHIN_C2_LIMIT,0.183766,1.217
7858,40000.0,0.02,greedy,ZYZZYVA,4.0,0.5,0.1683,1,1,1,FINALIZED_WITHIN_C2_LIMIT,0.165197,1.226
7859,40000.0,0.02,greedy,ZYZZYVA,4.0,0.5,0.1459,1,1,1,FINALIZED_WITHIN_C2_LIMIT,0.394285,1.379
7860,40000.0,0.02,greedy,ZYZZYVA,4.0,0.5,0.1459,1,1,1,FINALIZED_WITHIN_C2_LIMIT,0.312919,1.272
7861,40000.0,0.02,greedy,ZYZZYVA,4.0,0.5,0.1459,1,1,1,FINALIZED_WITHIN_C2_LIMIT,0.13252,1.348
7862,40000.0,0.02,greedy,ZYZZYVA,4.0,0.5,0.1459,1,1,1,FINALIZED_WITHIN_C2_LIMIT,0.14194,1.29
7863,40000.0,0.02,greedy,ZYZZYVA,4.0,0.5,0.1459,1,1,1,FINALIZED_WITHIN_C2_LIMIT,0.213085,1.53
7864,40000.0,0.02,greedy,ZYZZYVA,4.0,0.5,0.1459,1,1,1,FINALIZED_WITHIN_C2_LIMIT,0.391997,1.285
7865,40000.0,0.02,greedy,ZYZZYVA,4.0,0.5,0.1459,1,1,1,FINALIZED_WITHIN_C2_LIMIT,0.341109,1.313
7866,40000.0,0.02,greedy,ZYZZYVA,4.0,0.5,0.1459,1,1,1,FINALIZED_WITHIN_C2_LIMIT,0.357074,1.329
7867,40000.0,0.02,greedy,ZYZZYVA,4.0,0.5,0.1459,1,1,1,FINALIZED_WITHIN_C2_LIMIT,0.122306,1.385
7868,40000.0,0.02,greedy,ZYZZYVA,4.0,0.5,0.1459,1,1,1,FINALIZED_WITHIN_C2_LIMIT,0.254932,1.291
7869,40000.0,0.02,greedy,ZYZZYVA,4.0,0.5,0.1459,1,1,1,FINALIZED_WITHIN_C2_LIMIT,0.180104,1.25
7870,40000.0,0.02,greedy,ZYZZYVA,4.0,0.5,0.1459,1,1,1,FINALIZED_WITHIN_C2_LIMIT,0.153673,1.339
7871,40000.0,0.02,greedy,ZYZZYVA,4.0,0.5,0.1459,1,1,1,FINALIZED_WITHIN_C2_LIMIT,0.308679,1.328
7872,5000.0,0.02,explore,PBFT,4.0,4.0,0.0787,1,1,1,FINALIZED_WITHIN_C2_LIMIT,0.145013,1.394
7873,40000.0,0.02,greedy,ZYZZYVA,4.0,0.5,0.1459,1,1,1,FINALIZED_WITHIN_C2_LIMIT,0.156317,1.207
7874,40000.0,0.02,greedy,ZYZZYVA,4.0,0.5,0.1459,1,1,1,FINALIZED_WITHIN_C2_LIMIT,0.242314,1.585
7875,40000.0,0.02,greedy,ZYZZYVA,4.0,0.5,0.1459,1,1,1,FINALIZED_WITHIN_C2_LIMIT,0.188223,1.487
7876,40000.0,0.02,greedy,ZYZZYVA,4.0,0.5,0.1459,1,1,1,FINALIZED_WITHIN_C2_LIMIT,0.171018,1.42
7877,40000.0,0.02,greedy,ZYZZYVA,4.0,0.5,0.1459,1,1,1,FINALIZED_WITHIN_C2_LIMIT,0.120753,1.306
7878,40000.0,0.02,greedy,ZYZZYVA,4.0,0.5,0.1459,1,1,1,FINALIZED_WITHIN_C2_LIMIT,0.105932,1.373
7879,40000.0,0.02,greedy,ZYZZYVA,4.0,0.5,0.1459,1,1,1,FINALIZED_WITHIN_C2_LIMIT,0.322058,1.523
7880,40000.0,0.02,greedy,ZYZZYVA,4.0,0.5,0.1459,1,1,1,FINALIZED_WITHIN_C2_LIMIT,0.20019,1.309
7881,40000.0,0.02,greedy,ZYZZYVA,4.0,0.5,0.1459,1,1,1,FINALIZED_WITHIN_C2_LIMIT,0.147744,1.455
7882,40000.0,0.02,greedy,ZYZZYVA,4.0,0.5,0.1459,1,1,1,FINALIZED_WITHIN_C2_LIMIT,0.125815,1.407
7883,40000.0,0.02,greedy,ZYZZYVA,4.0,0.5,0.1459,1,1,1,FINALIZED_WITHIN_C2_LIMIT,0.302382,1.173
7884,40000.0,0.02,greedy,ZYZZYVA,4.0,0.5,0.1459,1,1,1,FINALIZED_WITHIN_C2_LIMIT,0.153615,1.211
7885,40000.0,0.02,greedy,ZYZZYVA,4.0,0.5,0.1459,1,1,1,FINALIZED_WITHIN_C2_LIMIT,0.198954,1.24
7886,40000.0,0.02,greedy,ZYZZYVA,4.0,0.5,0.1459,1,1,1,FINALIZED_WITHIN_C2_LIMIT,0.304291,1.251
7887,40000.0,0.02,greedy,ZYZZYVA,4.0,0.5,0.1459,1,1,1,FINALIZED_WITHIN_C2_LIMIT,0.27357,1.4
7888,40000.0,0.02,greedy,ZYZZYVA,4.0,0.5,0.1459,1,1,1,FINALIZED_WITHIN_C2_LIMIT,0.192337,1.583
7889,40000.0,0.02,greedy,ZYZZYVA,4.0,0.5,0.1459,1,1,1,FINALIZED_WITHIN_C2_LIMIT,0.255147,1.534
7890,40000.0,0.02,greedy,ZYZZYVA,4.0,0.5,0.1459,1,1,1,FINALIZED_WITHIN_C2_LIMIT,0.227052,1.397
7891,40000.0,0.02,greedy,ZYZZYVA,4.0,0.5,0.1459,1,1,1,FINALIZED_WITHIN_C2_LIMIT,0.107076,1.305
7892,40000.0,0.02,greedy,ZYZZYVA,4.0,0.5,0.1459,1,1,1,FINALIZED_WITHIN_C2_LIMIT,0.173712,1.259
7893,40000.0,0.02,greedy,ZYZZYVA,4.0,0.5,0.1459,1,1,1,FINALIZED_WITHIN_C2_LIMIT,0.12148,1.437
7894,40000.0,0.02,greedy,ZYZZYVA,4.0,0.5,0.1459,1,1,1,FINALIZED_WITHIN_C2_LIMIT,0.112,1.432
7895,40000.0,0.02,greedy,ZYZZYVA,4.0,0.5,0.1459,1,1,1,FINALIZED_WITHIN_C2_LIMIT,0.378255,1.328
7896,40000.0,0.02,greedy,ZYZZYVA,4.0,0.5,0.1459,1,1,1,FINALIZED_WITHIN_C2_LIMIT,0.302583,1.273
7897,40000.0,0.02,greedy,ZYZZYVA,4.0,0.5,0.1459,1,1,1,FINALIZED_WITHIN_C2_LIMIT,0.134,1.329
7898,40000.0,0.02,greedy,ZYZZYVA,4.0,0.5,0.1459,1,1,1,FINALIZED_WITHIN_C2_LIMIT,0.104638,1.342
7899,40000.0,0.02,greedy,ZYZZYVA,4.0,0.5,0.1459,1,1,1,FINALIZED_WITHIN_C2_LIMIT,0.092831,1.238
7900,40000.0,0.02,greedy,ZYZZYVA,4.0,0.5,0.1683,1,1,1,FINALIZED_WITHIN_C2_LIMIT,0.788305,1.217
7901,40000.0,0.02,greedy,ZYZZYVA,4.0,0.5,0.1459,1,1,1,FINALIZED_WITHIN_C2_LIMIT,0.623728,1.354
7902,40000.0,0.02,greedy,ZYZZYVA,4.0,0.5,0.1459,1,1,1,FINALIZED_WITHIN_C2_LIMIT,0.262596,1.207
7903,40000.0,0.02,greedy,ZYZZYVA,4.0,0.5,0.1459,1,1,1,FINALIZED_WITHIN_C2_LIMIT,2.062267,1.258
7904,40000.0,0.02,greedy,ZYZZYVA,4.0,0.5,0.1459,1,1,1,FINALIZED_WITHIN_C2_LIMIT,3.495614,1.396
7905,40000.0,0.02,greedy,ZYZZYVA,4.0,0.5,0.1459,1,1,1,FINALIZED_WITHIN_C2_LIMIT,2.704137,1.336
7906,40000.0,0.02,greedy,ZYZZYVA,4.0,0.5,0.1459,1,1,1,FINALIZED_WITHIN_C2_LIMIT,0.463778,1.286
7907,40000.0,0.02,greedy,ZYZZYVA,4.0,0.5,0.1683,1,1,1,FINALIZED_WITHIN_C2_LIMIT,1.118561,1.424
7908,40000.0,0.02,greedy,ZYZZYVA,4.0,0.5,0.1683,1,1,1,FINALIZED_WITHIN_C2_LIMIT,3.914188,1.219
7909,40000.0,0.02,greedy,ZYZZYVA,4.0,0.5,0.1683,1,1,1,FINALIZED_WITHIN_C2_LIMIT,3.598683,1.304
7910,40000.0,0.02,greedy,ZYZZYVA,4.0,0.5,0.1683,1,1,1,FINALIZED_WITHIN_C2_LIMIT,2.059657,1.237
7911,40000.0,0.02,greedy,ZYZZYVA,4.0,0.5,0.1683,1,1,1,FINALIZED_WITHIN_C2_LIMIT,0.53711,1.239
7912,40000.0,0.02,greedy,ZYZZYVA,4.0,0.5,0.1683,1,1,1,FINALIZED_WITHIN_C2_LIMIT,0.534928,1.301
7913,40000.0,0.02,greedy,ZYZZYVA,4.0,0.5,0.1683,1,1,1,FINALIZED_WITHIN_C2_LIMIT,1.630614,1.213
7914,40000.0,0.02,greedy,ZYZZYVA,4.0,0.5,0.1683,1,1,1,FINALIZED_WITHIN_C2_LIMIT,1.651875,1.227
7915,40000.0,0.02,greedy,ZYZZYVA,4.0,0.5,0.1683,1,1,1,FINALIZED_WITHIN_C2_LIMIT,0.898222,1.207
7916,40000.0,0.02,greedy,ZYZZYVA,4.0,0.5,0.1683,1,1,1,FINALIZED_WITHIN_C2_LIMIT,0.278342,1.202
7917,40000.0,0.02,greedy,ZYZZYVA,4.0,0.5,0.1683,1,1,1,FINALIZED_WITHIN_C2_LIMIT,0.794777,1.479
7918,40000.0,0.02,greedy,ZYZZYVA,4.0,0.5,0.1683,1,1,1,FINALIZED_WITHIN_C2_LIMIT,1.002936,1.215
7919,0.0,0.02,greedy,PBFT,4.0,0.5,0.1683,1,0,1,C2_DEADLINE_EXCEEDED,0.726502,1.23
7920,40000.0,0.02,greedy,PBFT,4.0,0.5,0.1683,1,1,1,FINALIZED_WITHIN_C2_LIMIT,0.111187,1.293
7921,40000.0,0.02,greedy,PBFT,4.0,0.5,0.1683,1,1,1,FINALIZED_WITHIN_C2_LIMIT,0.231695,1.403
7922,40000.0,0.02,greedy,PBFT,4.0,0.5,0.1683,1,1,1,FINALIZED_WITHIN_C2_LIMIT,0.271899,1.332
7923,40000.0,0.02,greedy,PBFT,4.0,0.5,0.1683,1,1,1,FINALIZED_WITHIN_C2_LIMIT,0.232701,1.314
7924,40000.0,0.02,greedy,PBFT,4.0,0.5,0.1683,1,1,1,FINALIZED_WITHIN_C2_LIMIT,0.20747,1.474
7925,40000.0,0.02,greedy,PBFT,4.0,0.5,0.1683,1,1,1,FINALIZED_WITHIN_C2_LIMIT,0.337869,1.33
7926,40000.0,0.02,greedy,PBFT,4.0,0.5,0.1683,1,1,1,FINALIZED_WITHIN_C2_LIMIT,0.13383,1.401
7927,40000.0,0.02,greedy,PBFT,4.0,0.5,0.1683,1,1,1,FINALIZED_WITHIN_C2_LIMIT,0.467421,1.437
7928,40000.0,0.02,greedy,PBFT,4.0,0.5,0.1683,1,1,1,FINALIZED_WITHIN_C2_LIMIT,0.54763,1.377
7929,40000.0,0.02,greedy,PBFT,4.0,0.5,0.1683,1,1,1,FINALIZED_WITHIN_C2_LIMIT,0.250132,1.567
7930,40000.0,0.02,greedy,ZYZZYVA,4.0,0.5,0.1459,1,1,1,FINALIZED_WITHIN_C2_LIMIT,1.067579,1.559
7931,40000.0,0.02,greedy,ZYZZYVA,4.0,0.5,0.1459,1,1,1,FINALIZED_WITHIN_C2_LIMIT,1.984693,1.371
7932,40000.0,0.02,greedy,ZYZZYVA,4.0,0.5,0.1459,1,1,1,FINALIZED_WITHIN_C2_LIMIT,1.176949,1.252
7933,40000.0,0.02,greedy,PBFT,4.0,0.5,0.1683,1,1,1,FINALIZED_WITHIN_C2_LIMIT,0.089188,1.602
7934,40000.0,0.02,greedy,PBFT,4.0,0.5,0.1683,1,1,1,FINALIZED_WITHIN_C2_LIMIT,1.48798,1.449
7935,40000.0,0.02,greedy,PBFT,4.0,0.5,0.1683,1,1,1,FINALIZED_WITHIN_C2_LIMIT,3.389286,1.34
7936,40000.0,0.02,greedy,PBFT,4.0,0.5,0.1683,1,1,1,FINALIZED_WITHIN_C2_LIMIT,3.598682,1.449
7937,40000.0,0.02,greedy,PBFT,4.0,0.5,0.1683,1,1,1,FINALIZED_WITHIN_C2_LIMIT,2.248939,1.383
7938,40000.0,0.02,greedy,PBFT,4.0,0.5,0.1683,1,1,1,FINALIZED_WITHIN_C2_LIMIT,0.75726,1.531
7939,40000.0,0.02,greedy,PBFT,4.0,0.5,0.1683,1,1,1,FINALIZED_WITHIN_C2_LIMIT,0.244098,1.466
7940,40000.0,0.02,greedy,PBFT,4.0,0.5,0.1683,1,1,1,FINALIZED_WITHIN_C2_LIMIT,0.896107,1.333
7941,40000.0,0.02,greedy,PBFT,4.0,0.5,0.1683,1,1,1,FINALIZED_WITHIN_C2_LIMIT,0.920787,1.425
7942,40000.0,0.02,greedy,PBFT,4.0,0.5,0.1683,1,1,1,FINALIZED_WITHIN_C2_LIMIT,0.429525,1.329
7943,40000.0,0.02,greedy,PBFT,4.0,0.5,0.1683,1,1,1,FINALIZED_WITHIN_C2_LIMIT,0.078033,1.374
7944,40000.0,0.02,greedy,PBFT,4.0,0.5,0.1683,1,1,1,FINALIZED_WITHIN_C2_LIMIT,0.378589,1.463
7945,40000.0,0.02,greedy,PBFT,4.0,0.5,0.1683,1,1,1,FINALIZED_WITHIN_C2_LIMIT,0.580505,1.38
7946,40000.0,0.02,greedy,PBFT,4.0,0.5,0.1683,1,1,1,FINALIZED_WITHIN_C2_LIMIT,0.296411,1.378
7947,40000.0,0.02,greedy,ZYZZYVA,4.0,0.5,0.1683,1,1,1,FINALIZED_WITHIN_C2_LIMIT,0.463962,1.231
7948,40000.0,0.02,greedy,ZYZZYVA,4.0,0.5,0.1683,1,1,1,FINALIZED_WITHIN_C2_LIMIT,0.397684,1.204
7949,40000.0,0.02,greedy,ZYZZYVA,4.0,0.5,0.1683,1,1,1,FINALIZED_WITHIN_C2_LIMIT,0.152327,1.424
7950,40000.0,0.02,greedy,ZYZZYVA,4.0,0.5,0.1683,1,1,1,FINALIZED_WITHIN_C2_LIMIT,0.297999,1.34
7951,40000.0,0.02,greedy,ZYZZYVA,4.0,0.5,0.1683,1,1,1,FINALIZED_WITHIN_C2_LIMIT,0.058371,1.294
7952,40000.0,0.02,greedy,ZYZZYVA,4.0,0.5,0.1683,1,1,1,FINALIZED_WITHIN_C2_LIMIT,0.042974,1.262
7953,40000.0,0.02,greedy,ZYZZYVA,4.0,0.5,0.1683,1,1,1,FINALIZED_WITHIN_C2_LIMIT,0.057069,1.312
7954,40000.0,0.02,greedy,ZYZZYVA,4.0,0.5,0.1683,1,1,1,FINALIZED_WITHIN_C2_LIMIT,0.295637,1.426
7955,40000.0,0.02,greedy,ZYZZYVA,4.0,0.5,0.1683,1,1,1,FINALIZED_WITHIN_C2_LIMIT,0.166643,1.252
7956,40000.0,0.02,greedy,ZYZZYVA,4.0,0.5,0.1683,1,1,1,FINALIZED_WITHIN_C2_LIMIT,0.235346,1.299
7957,40000.0,0.02,greedy,ZYZZYVA,4.0,0.5,0.1683,1,1,1,FINALIZED_WITHIN_C2_LIMIT,0.144698,1.304
7958,40000.0,0.02,greedy,ZYZZYVA,4.0,0.5,0.1683,1,1,1,FINALIZED_WITHIN_C2_LIMIT,0.112634,1.201
7959,40000.0,0.02,greedy,ZYZZYVA,4.0,0.5,0.1683,1,1,1,FINALIZED_WITHIN_C2_LIMIT,0.185638,1.34
7960,40000.0,0.02,greedy,ZYZZYVA,4.0,0.5,0.1269,1,1,1,FINALIZED_WITHIN_C2_LIMIT,0.561698,1.323
7961,40000.0,0.02,greedy,ZYZZYVA,4.0,0.5,0.1229,1,1,1,FINALIZED_WITHIN_C2_LIMIT,0.558093,1.349
7962,40000.0,0.02,greedy,ZYZZYVA,4.0,0.5,0.1459,1,1,1,FINALIZED_WITHIN_C2_LIMIT,0.08998,1.25
7963,40000.0,0.02,greedy,ZYZZYVA,4.0,0.5,0.1683,1,1,1,FINALIZED_WITHIN_C2_LIMIT,0.390745,1.243
7964,40000.0,0.02,greedy,ZYZZYVA,4.0,0.5,0.1683,1,1,1,FINALIZED_WITHIN_C2_LIMIT,0.801632,1.213
7965,40000.0,0.02,greedy,ZYZZYVA,4.0,0.5,0.1683,1,1,1,FINALIZED_WITHIN_C2_LIMIT,0.519007,1.22
7966,40000.0,0.02,greedy,ZYZZYVA,4.0,0.5,0.1683,1,1,1,FINALIZED_WITHIN_C2_LIMIT,0.426442,1.382
7967,40000.0,0.02,greedy,ZYZZYVA,4.0,0.5,0.1683,1,1,1,FINALIZED_WITHIN_C2_LIMIT,0.463049,1.308
7968,40000.0,0.02,greedy,ZYZZYVA,4.0,0.5,0.1683,1,1,1,FINALIZED_WITHIN_C2_LIMIT,1.112981,1.358
7969,40000.0,0.02,greedy,ZYZZYVA,4.0,0.5,0.1683,1,1,1,FINALIZED_WITHIN_C2_LIMIT,1.225009,1.239
7970,40000.0,0.02,greedy,ZYZZYVA,4.0,0.5,0.1683,1,1,1,FINALIZED_WITHIN_C2_LIMIT,0.456216,1.327
7971,40000.0,0.02,greedy,ZYZZYVA,4.0,0.5,0.1683,1,1,1,FINALIZED_WITHIN_C2_LIMIT,0.174375,1.46
7972,40000.0,0.02,greedy,ZYZZYVA,4.0,0.5,0.1683,1,1,1,FINALIZED_WITHIN_C2_LIMIT,0.486204,1.306
7973,40000.0,0.02,greedy,ZYZZYVA,4.0,0.5,0.1683,1,1,1,FINALIZED_WITHIN_C2_LIMIT,0.432811,1.557
7974,40000.0,0.02,greedy,ZYZZYVA,4.0,0.5,0.1683,1,1,1,FINALIZED_WITHIN_C2_LIMIT,0.19992,1.443
7975,40000.0,0.02,greedy,ZYZZYVA,4.0,0.5,0.1683,1,1,1,FINALIZED_WITHIN_C2_LIMIT,0.33099,1.517
7976,40000.0,0.02,greedy,ZYZZYVA,4.0,0.5,0.1459,1,1,1,FINALIZED_WITHIN_C2_LIMIT,0.260002,1.387
7977,40000.0,0.02,greedy,ZYZZYVA,4.0,0.5,0.1347,1,1,1,FINALIZED_WITHIN_C2_LIMIT,0.250118,1.477
7978,40000.0,0.02,greedy,ZYZZYVA,4.0,0.5,0.1459,1,1,1,FINALIZED_WITHIN_C2_LIMIT,0.261276,1.219
7979,40000.0,0.02,greedy,ZYZZYVA,4.0,0.5,0.1262,1,1,1,FINALIZED_WITHIN_C2_LIMIT,0.279032,1.587
7980,40000.0,0.02,greedy,ZYZZYVA,4.0,0.5,0.0978,1,1,1,FINALIZED_WITHIN_C2_LIMIT,0.478124,1.318
7981,40000.0,0.02,greedy,ZYZZYVA,4.0,0.5,0.1459,1,1,1,FINALIZED_WITHIN_C2_LIMIT,0.381635,1.557
7982,40000.0,0.02,greedy,ZYZZYVA,4.0,0.5,0.1459,1,1,1,FINALIZED_WITHIN_C2_LIMIT,0.28573,1.336
7983,40000.0,0.02,greedy,ZYZZYVA,4.0,0.5,0.1459,1,1,1,FINALIZED_WITHIN_C2_LIMIT,0.355158,1.519
7984,40000.0,0.02,greedy,ZYZZYVA,4.0,0.5,0.1347,1,1,1,FINALIZED_WITHIN_C2_LIMIT,0.088432,1.376
7985,40000.0,0.02,greedy,ZYZZYVA,4.0,0.5,0.1347,1,1,1,FINALIZED_WITHIN_C2_LIMIT,0.619284,1.226
7986,40000.0,0.02,greedy,ZYZZYVA,4.0,0.5,0.1347,1,1,1,FINALIZED_WITHIN_C2_LIMIT,0.848756,1.428
7987,40000.0,0.02,greedy,ZYZZYVA,4.0,0.5,0.1347,1,1,1,FINALIZED_WITHIN_C2_LIMIT,0.188959,1.175
7988,40000.0,0.02,greedy,ZYZZYVA,4.0,0.5,0.1347,1,1,1,FINALIZED_WITHIN_C2_LIMIT,0.901044,1.598
7989,40000.0,0.02,greedy,ZYZZYVA,4.0,0.5,0.1347,1,1,1,FINALIZED_WITHIN_C2_LIMIT,1.668205,1.341
7990,40000.0,0.02,greedy,ZYZZYVA,4.0,0.5,0.1347,1,1,1,FINALIZED_WITHIN_C2_LIMIT,0.89035,1.47
7991,40000.0,0.02,greedy,ZYZZYVA,4.0,0.5,0.1347,1,1,1,FINALIZED_WITHIN_C2_LIMIT,0.127522,1.327
7992,40000.0,0.02,greedy,ZYZZYVA,4.0,0.5,0.1347,1,1,1,FINALIZED_WITHIN_C2_LIMIT,0.241859,1.33
7993,40000.0,0.02,greedy,ZYZZYVA,4.0,0.5,0.1459,1,1,1,FINALIZED_WITHIN_C2_LIMIT,0.109764,1.444
7994,40000.0,0.02,greedy,ZYZZYVA,4.0,0.5,0.1347,1,1,1,FINALIZED_WITHIN_C2_LIMIT,0.430533,1.398
7995,40000.0,0.02,greedy,ZYZZYVA,4.0,0.5,0.1347,1,1,1,FINALIZED_WITHIN_C2_LIMIT,0.576377,1.286
7996,40000.0,0.02,greedy,ZYZZYVA,4.0,0.5,0.1459,1,1,1,FINALIZED_WITHIN_C2_LIMIT,0.162988,1.189
7997,40000.0,0.02,greedy,ZYZZYVA,4.0,0.5,0.1683,1,1,1,FINALIZED_WITHIN_C2_LIMIT,0.331386,1.325
7998,40000.0,0.02,greedy,ZYZZYVA,4.0,0.5,0.1683,1,1,1,FINALIZED_WITHIN_C2_LIMIT,0.430476,1.543
7999,40000.0,0.02,greedy,ZYZZYVA,4.0,0.5,0.1683,1,1,1,FINALIZED_WITHIN_C2_LIMIT,0.232612,1.296
