episode,reward,epsilon,mode,protocol,block_size_mb,block_interval_s,stake_gini,c1,c2,c3,failure,loss,step_s
0,4000.0,1.0,explore,PBFT,0.8,1.0,0.0715,1,1,1,FINALIZED_WITHIN_C2_LIMIT,,1.026
1,18000.0,0.9998,explore,PBFT,3.6,1.0,0.1284,1,1,1,FINALIZED_WITHIN_C2_LIMIT,,1.296
2,35000.0,0.9995,explore,LIU_QUORUM,7.0,1.0,0.0278,1,1,1,FINALIZED_WITHIN_C2_LIMIT,,2.143
3,0.0,0.9993,explore,ZYZZYVA,3.0,1.0,0.2103,0,1,1,FINALIZED_WITHIN_C2_LIMIT,,1.204
4,28000.0,0.999,explore,PBFT,5.6,1.0,0.0686,1,1,1,FINALIZED_WITHIN_C2_LIMIT,,2.155
5,4000.0,0.9988,explore,PBFT,0.8,1.0,0.0291,1,1,1,FINALIZED_WITHIN_C2_LIMIT,,0.887
6,4000.0,0.9985,explore,LIU_QUORUM,0.8,1.0,0.0278,1,1,1,FINALIZED_WITHIN_C2_LIMIT,,0.779
7,18000.0,0.9983,explore,ZYZZYVA,3.6,1.0,0.0308,1,1,1,FINALIZED_WITHIN_C2_LIMIT,,1.385
8,0.0,0.998,explore,LIU_QUORUM,6.4,1.0,0.2811,0,1,1,FINALIZED_WITHIN_C2_LIMIT,,2.341
9,21000.0,0.9978,explore,PBFT,4.2,1.0,0.0768,1,1,1,FINALIZED_WITHIN_C2_LIMIT,,1.411
10,20000.0,0.9976,explore,PBFT,4.0,1.0,0.0679,1,1,1,FINALIZED_WITHIN_C2_LIMIT,,1.552
11,4000.0,0.9973,explore,ZYZZYVA,0.8,1.0,0.1284,1,1,1,FINALIZED_WITHIN_C2_LIMIT,,0.772
12,13000.0,0.9971,explore,PBFT,2.6,1.0,0.0689,1,1,1,FINALIZED_WITHIN_C2_LIMIT,,1.054
13,38000.0,0.9968,explore,ZYZZYVA,7.6,1.0,0.0697,1,1,1,FINALIZED_WITHIN_C2_LIMIT,,2.849
14,14000.0,0.9966,explore,LIU_QUORUM,2.8,1.0,0.0647,1,1,1,FINALIZED_WITHIN_C2_LIMIT,,1.012
15,39000.0,0.9963,explore,LIU_QUORUM,7.8,1.0,0.0758,1,1,1,FINALIZED_WITHIN_C2_LIMIT,,3.06
16,0.0,0.9961,explore,PBFT,7.6,1.0,0.0316,1,0,1,C2_DEADLINE_EXCEEDED,,3.073
17,7000.0,0.9958,explore,ZYZZYVA,1.4,1.0,0.03,1,1,1,FINALIZED_WITHIN_C2_LIMIT,,1.174
18,9000.0,0.9956,explore,PBFT,1.8,1.0,0.1982,1,1,1,FINALIZED_WITHIN_C2_LIMIT,,1.364
19,19000.0,0.9953,explore,LIU_QUORUM,3.8,1.0,0.0702,1,1,1,FINALIZED_WITHIN_C2_LIMIT,,1.578
20,30000.0,0.9951,explore,LIU_QUORUM,6.0,1.0,0.0686,1,1,1,FINALIZED_WITHIN_C2_LIMIT,,2.135
21,9000.0,0.9949,explore,ZYZZYVA,1.8,1.0,0.0715,1,1,1,FINALIZED_WITHIN_C2_LIMIT,,0.915
22,27000.0,0.9946,explore,LIU_QUORUM,5.4,1.0,0.0702,1,1,1,FINALIZED_WITHIN_C2_LIMIT,,1.756
23,6000.0,0.9944,explore,ZYZZYVA,1.2,1.0,0.0669,1,1,1,FINALIZED_WITHIN_C2_LIMIT,,0.72
24,10000.0,0.9941,explore,LIU_QUORUM,2.0,1.0,0.1582,1,1,1,FINALIZED_WITHIN_C2_LIMIT,,1.039
25,22000.0,0.9939,explore,PBFT,4.4,1.0,0.0282,1,1,1,FINALIZED_WITHIN_C2_LIMIT,,1.782
26,21000.0,0.9936,explore,PBFT,4.2,1.0,0.0609,1,1,1,FINALIZED_WITHIN_C2_LIMIT,,2.078
27,39000.0,0.9934,explore,LIU_QUORUM,7.8,1.0,0.0291,1,1,1,FINALIZED_WITHIN_C2_LIMIT,,2.633
28,2000.0,0.9931,explore,ZYZZYVA,0.4,1.0,0.1831,1,1,1,FINALIZED_WITHIN_C2_LIMIT,,0.66
29,5000.0,0.9929,explore,PBFT,1.0,1.0,0.0685,1,1,1,FINALIZED_WITHIN_C2_LIMIT,,0.733
30,9000.0,0.9927,explore,PBFT,1.8,1.0,0.0679,1,1,1,FINALIZED_WITHIN_C2_LIMIT,,0.899
31,33000.0,0.9924,explore,ZYZZYVA,6.6,1.0,0.0685,1,1,1,FINALIZED_WITHIN_C2_LIMIT,,2.206
32,24000.0,0.9922,explore,ZYZZYVA,4.8,1.0,0.0787,1,1,1,FINALIZED_WITHIN_C2_LIMIT,,1.579
33,3000.0,0.9919,explore,LIU_QUORUM,0.6,1.0,0.0647,1,1,1,FINALIZED_WITHIN_C2_LIMIT,,0.535
34,18000.0,0.9917,explore,PBFT,3.6,1.0,0.0651,1,1,1,FINALIZED_WITHIN_C2_LIMIT,,1.409
35,29000.0,0.9914,explore,ZYZZYVA,5.8,1.0,0.0697,1,1,1,FINALIZED_WITHIN_C2_LIMIT,,1.744
36,15000.0,0.9912,explore,ZYZZYVA,3.0,1.0,0.0298,1,1,1,FINALIZED_WITHIN_C2_LIMIT,,1.307
37,29000.0,0.9909,explore,PBFT,5.8,1.0,0.104,1,1,1,FINALIZED_WITHIN_C2_LIMIT,,2.353
38,12000.0,0.9907,explore,PBFT,2.4,1.0,0.19,1,1,1,FINALIZED_WITHIN_C2_LIMIT,,1.32
39,20000.0,0.9904,explore,PBFT,4.0,1.0,0.0933,1,1,1,FINALIZED_WITHIN_C2_LIMIT,,1.916
40,15000.0,0.9902,explore,ZYZZYVA,3.0,1.0,0.0311,1,1,1,FINALIZED_WITHIN_C2_LIMIT,,1.077
41,9000.0,0.99,explore,ZYZZYVA,1.8,1.0,0.0311,1,1,1,FINALIZED_WITHIN_C2_LIMIT,,0.773
42,1000.0,0.9897,greedy,ZYZZYVA,0.2,1.0,0.191,1,1,1,FINALIZED_WITHIN_C2_LIMIT,,0.322
43,0.0,0.9895,explore,ZYZZYVA,6.2,1.0,0.2536,0,1,1,FINALIZED_WITHIN_C2_LIMIT,,2.23
44,15000.0,0.9892,explore,PBFT,3.0,1.0,0.0282,1,1,1,FINALIZED_WITHIN_C2_LIMIT,,1.436
45,19000.0,0.989,explore,LIU_QUORUM,3.8,1.0,0.0674,1,1,1,FINALIZED_WITHIN_C2_LIMIT,,1.2
46,16000.0,0.9887,explore,ZYZZYVA,3.2,1.0,0.0933,1,1,1,FINALIZED_WITHIN_C2_LIMIT,,1.372
47,13000.0,0.9885,explore,LIU_QUORUM,2.6,1.0,0.0697,1,1,1,FINALIZED_WITHIN_C2_LIMIT,,1.157
48,18000.0,0.9882,explore,LIU_QUORUM,3.6,1.0,0.0809,1,1,1,FINALIZED_WITHIN_C2_LIMIT,,1.336
49,14000.0,0.988,explore,PBFT,2.8,1.0,0.0694,1,1,1,FINALIZED_WITHIN_C2_LIMIT,,1.043
50,25000.0,0.9878,explore,ZYZZYVA,5.0,1.0,0.0316,1,1,1,FINALIZED_WITHIN_C2_LIMIT,,1.652
51,8000.0,0.9875,explore,ZYZZYVA,1.6,1.0,0.0933,1,1,1,FINALIZED_WITHIN_C2_LIMIT,,0.937
52,20000.0,0.9873,explore,LIU_QUORUM,4.0,1.0,0.0288,1,1,1,FINALIZED_WITHIN_C2_LIMIT,,1.567
53,37000.0,0.987,explore,ZYZZYVA,7.4,1.0,0.0683,1,1,1,FINALIZED_WITHIN_C2_LIMIT,,2.304
54,15000.0,0.9868,explore,PBFT,3.0,1.0,0.0702,1,1,1,FINALIZED_WITHIN_C2_LIMIT,,1.413
55,27000.0,0.9865,explore,LIU_QUORUM,5.4,1.0,0.0688,1,1,1,FINALIZED_WITHIN_C2_LIMIT,,1.64
56,31000.0,0.9863,explore,PBFT,6.2,1.0,0.0294,1,1,1,FINALIZED_WITHIN_C2_LIMIT,,1.967
57,11000.0,0.986,explore,PBFT,2.2,1.0,0.0453,1,1,1,FINALIZED_WITHIN_C2_LIMIT,,1.369
58,18000.0,0.9858,explore,LIU_QUORUM,3.6,1.0,0.0282,1,1,1,FINALIZED_WITHIN_C2_LIMIT,,1.295
59,17000.0,0.9855,explore,PBFT,3.4,1.0,0.0558,1,1,1,FINALIZED_WITHIN_C2_LIMIT,,1.349
60,22000.0,0.9853,explore,PBFT,4.4,1.0,0.0697,1,1,1,FINALIZED_WITHIN_C2_LIMIT,,2.22
61,38000.0,0.9851,explore,ZYZZYVA,7.6,1.0,0.0768,1,1,1,FINALIZED_WITHIN_C2_LIMIT,,2.672
62,39000.0,0.9848,explore,LIU_QUORUM,7.8,1.0,0.0278,1,1,1,FINALIZED_WITHIN_C2_LIMIT,,2.552
63,9000.0,0.9846,explore,LIU_QUORUM,1.8,1.0,0.069,1,1,1,FINALIZED_WITHIN_C2_LIMIT,,0.956
64,12000.0,0.9843,explore,ZYZZYVA,2.4,1.0,0.0741,1,1,1,FINALIZED_WITHIN_C2_LIMIT,,1.084
65,27000.0,0.9841,explore,ZYZZYVA,5.4,1.0,0.0684,1,1,1,FINALIZED_WITHIN_C2_LIMIT,,1.879
66,29000.0,0.9838,explore,PBFT,5.8,1.0,0.1723,1,1,1,FINALIZED_WITHIN_C2_LIMIT,,2.399
67,36000.0,0.9836,explore,ZYZZYVA,7.2,1.0,0.0278,1,1,1,FINALIZED_WITHIN_C2_LIMIT,,2.1
68,0.0,0.9833,explore,PBFT,5.8,1.0,0.2811,0,1,1,FINALIZED_WITHIN_C2_LIMIT,,2.21
69,1000.0,0.9831,explore,LIU_QUORUM,0.2,1.0,0.1831,1,1,1,FINALIZED_WITHIN_C2_LIMIT,,0.318
70,0.0,0.9829,explore,LIU_QUORUM,7.2,1.0,0.2103,0,1,1,FINALIZED_WITHIN_C2_LIMIT,,2.872
71,10000.0,0.9826,explore,PBFT,2.0,1.0,0.0312,1,1,1,FINALIZED_WITHIN_C2_LIMIT,,1.213
72,6000.0,0.9824,explore,LIU_QUORUM,1.2,1.0,0.0453,1,1,1,FINALIZED_WITHIN_C2_LIMIT,,0.843
73,17000.0,0.9821,explore,PBFT,3.4,1.0,0.03,1,1,1,FINALIZED_WITHIN_C2_LIMIT,,1.745
74,32000.0,0.9819,explore,PBFT,6.4,1.0,0.0558,1,1,1,FINALIZED_WITHIN_C2_LIMIT,,2.63
75,25000.0,0.9816,explore,PBFT,5.0,1.0,0.1368,1,1,1,FINALIZED_WITHIN_C2_LIMIT,,1.796
76,16000.0,0.9814,explore,ZYZZYVA,3.2,1.0,0.0689,1,1,1,FINALIZED_WITHIN_C2_LIMIT,,1.361
77,20000.0,0.9811,explore,ZYZZYVA,4.0,1.0,0.19,1,1,1,FINALIZED_WITHIN_C2_LIMIT,,1.645
78,3000.0,0.9809,explore,LIU_QUORUM,0.6,1.0,0.1368,1,1,1,FINALIZED_WITHIN_C2_LIMIT,,0.531
79,14000.0,0.9806,explore,LIU_QUORUM,2.8,1.0,0.0674,1,1,1,FINALIZED_WITHIN_C2_LIMIT,,1.167
80,14000.0,0.9804,explore,PBFT,2.8,1.0,0.0651,1,1,1,FINALIZED_WITHIN_C2_LIMIT,,1.27
81,29000.0,0.9802,explore,ZYZZYVA,5.8,1.0,0.0684,1,1,1,FINALIZED_WITHIN_C2_LIMIT,,2.212
82,24000.0,0.9799,explore,PBFT,4.8,1.0,0.0715,1,1,1,FINALIZED_WITHIN_C2_LIMIT,,1.931
83,32000.0,0.9797,explore,LIU_QUORUM,6.4,1.0,0.1582,1,1,1,FINALIZED_WITHIN_C2_LIMIT,,2.516
84,31000.0,0.9794,explore,LIU_QUORUM,6.2,1.0,0.0278,1,1,1,FINALIZED_WITHIN_C2_LIMIT,,2.225
85,4000.0,0.9792,explore,LIU_QUORUM,0.8,1.0,0.0278,1,1,1,FINALIZED_WITHIN_C2_LIMIT,,0.655
86,12000.0,0.9789,explore,PBFT,2.4,1.0,0.0679,1,1,1,FINALIZED_WITHIN_C2_LIMIT,,1.008
87,23000.0,0.9787,explore,ZYZZYVA,4.6,1.0,0.0506,1,1,1,FINALIZED_WITHIN_C2_LIMIT,,2.064
88,12000.0,0.9784,explore,ZYZZYVA,2.4,1.0,0.1831,1,1,1,FINALIZED_WITHIN_C2_LIMIT,,1.255
89,1000.0,0.9782,explore,PBFT,0.2,1.0,0.0767,1,1,1,FINALIZED_WITHIN_C2_LIMIT,,0.453
90,21000.0,0.9779,explore,LIU_QUORUM,4.2,1.0,0.0647,1,1,1,FINALIZED_WITHIN_C2_LIMIT,,2.148
91,10000.0,0.9777,explore,LIU_QUORUM,2.0,1.0,0.0291,1,1,1,FINALIZED_WITHIN_C2_LIMIT,,1.105
92,23000.0,0.9775,explore,ZYZZYVA,4.6,1.0,0.0963,1,1,1,FINALIZED_WITHIN_C2_LIMIT,,2.014
93,28000.0,0.9772,explore,PBFT,5.6,1.0,0.1831,1,1,1,FINALIZED_WITHIN_C2_LIMIT,,1.935
94,30000.0,0.977,explore,ZYZZYVA,6.0,1.0,0.1831,1,1,1,FINALIZED_WITHIN_C2_LIMIT,,2.202
95,8000.0,0.9767,explore,PBFT,1.6,1.0,0.19,1,1,1,FINALIZED_WITHIN_C2_LIMIT,,1.059
96,25000.0,0.9765,explore,ZYZZYVA,5.0,1.0,0.0288,1,1,1,FINALIZED_WITHIN_C2_LIMIT,,1.995
97,26000.0,0.9762,explore,ZYZZYVA,5.2,1.0,0.1459,1,1,1,FINALIZED_WITHIN_C2_LIMIT,,1.914
98,9000.0,0.976,explore,PBFT,1.8,1.0,0.0311,1,1,1,FINALIZED_WITHIN_C2_LIMIT,,0.817
99,31000.0,0.9757,explore,LIU_QUORUM,6.2,1.0,0.0679,1,1,1,FINALIZED_WITHIN_C2_LIMIT,,2.132
100,34000.0,0.9755,explore,LIU_QUORUM,6.8,1.0,0.0294,1,1,1,FINALIZED_WITHIN_C2_LIMIT,,2.758
101,37000.0,0.9753,explore,ZYZZYVA,7.4,1.0,0.1982,1,1,1,FINALIZED_WITHIN_C2_LIMIT,,2.507
102,14000.0,0.975,explore,ZYZZYVA,2.8,1.0,0.0298,1,1,1,FINALIZED_WITHIN_C2_LIMIT,,1.338
103,1000.0,0.9748,explore,ZYZZYVA,0.2,1.0,0.0697,1,1,1,FINALIZED_WITHIN_C2_LIMIT,,0.338
104,12000.0,0.9745,explore,LIU_QUORUM,2.4,1.0,0.0685,1,1,1,FINALIZED_WITHIN_C2_LIMIT,,1.216
105,11000.0,0.9743,explore,ZYZZYVA,2.2,1.0,0.1085,1,1,1,FINALIZED_WITHIN_C2_LIMIT,,1.041
106,39000.0,0.974,explore,PBFT,7.8,1.0,0.0647,1,1,1,FINALIZED_WITHIN_C2_LIMIT,,3.331
107,17000.0,0.9738,explore,LIU_QUORUM,3.4,1.0,0.1582,1,1,1,FINALIZED_WITHIN_C2_LIMIT,,1.586
108,40000.0,0.9735,explore,ZYZZYVA,8.0,1.0,0.0294,1,1,1,FINALIZED_WITHIN_C2_LIMIT,,3.223
109,0.0,0.9733,greedy,ZYZZYVA,0.2,1.0,0.2037,0,1,1,FINALIZED_WITHIN_C2_LIMIT,,0.291
110,28000.0,0.973,explore,PBFT,5.6,1.0,0.0362,1,1,1,FINALIZED_WITHIN_C2_LIMIT,,2.756
111,40000.0,0.9728,explore,LIU_QUORUM,8.0,1.0,0.0668,1,1,1,FINALIZED_WITHIN_C2_LIMIT,,2.587
112,33000.0,0.9726,explore,LIU_QUORUM,6.6,1.0,0.0651,1,1,1,FINALIZED_WITHIN_C2_LIMIT,,2.517
113,21000.0,0.9723,explore,PBFT,4.2,1.0,0.072,1,1,1,FINALIZED_WITHIN_C2_LIMIT,,1.508
114,11000.0,0.9721,explore,LIU_QUORUM,2.2,1.0,0.0694,1,1,1,FINALIZED_WITHIN_C2_LIMIT,,0.804
115,24000.0,0.9718,explore,LIU_QUORUM,4.8,1.0,0.0288,1,1,1,FINALIZED_WITHIN_C2_LIMIT,,1.906
116,25000.0,0.9716,explore,LIU_QUORUM,5.0,1.0,0.0278,1,1,1,FINALIZED_WITHIN_C2_LIMIT,,1.976
117,5000.0,0.9713,explore,LIU_QUORUM,1.0,1.0,0.1284,1,1,1,FINALIZED_WITHIN_C2_LIMIT,,0.866
118,18000.0,0.9711,explore,PBFT,3.6,1.0,0.0697,1,1,1,FINALIZED_WITHIN_C2_LIMIT,,1.7
119,14000.0,0.9708,explore,PBFT,2.8,1.0,0.0278,1,1,1,FINALIZED_WITHIN_C2_LIMIT,,1.386
120,37000.0,0.9706,explore,PBFT,7.4,1.0,0.0316,1,1,1,FINALIZED_WITHIN_C2_LIMIT,,2.556
121,4000.0,0.9704,explore,ZYZZYVA,0.8,1.0,0.0669,1,1,1,FINALIZED_WITHIN_C2_LIMIT,,0.797
122,30000.0,0.9701,explore,LIU_QUORUM,6.0,1.0,0.0697,1,1,1,FINALIZED_WITHIN_C2_LIMIT,,2.188
123,33000.0,0.9699,explore,PBFT,6.6,1.0,0.19,1,1,1,FINALIZED_WITHIN_C2_LIMIT,,2.374
124,15000.0,0.9696,explore,ZYZZYVA,3.0,1.0,0.0715,1,1,1,FINALIZED_WITHIN_C2_LIMIT,,1.19
125,3000.0,0.9694,explore,ZYZZYVA,0.6,1.0,0.1085,1,1,1,FINALIZED_WITHIN_C2_LIMIT,,0.855
126,34000.0,0.9691,explore,PBFT,6.8,1.0,0.0933,1,1,1,FINALIZED_WITHIN_C2_LIMIT,,3.202
127,31000.0,0.9689,explore,ZYZZYVA,6.2,1.0,0.0768,1,1,1,FINALIZED_WITHIN_C2_LIMIT,,2.44
128,15000.0,0.9686,explore,PBFT,3.0,1.0,0.1582,1,1,1,FINALIZED_WITHIN_C2_LIMIT,,1.243
129,9000.0,0.9684,explore,LIU_QUORUM,1.8,1.0,0.0963,1,1,1,FINALIZED_WITHIN_C2_LIMIT,,1.063
130,27000.0,0.9681,explore,LIU_QUORUM,5.4,1.0,0.0741,1,1,1,FINALIZED_WITHIN_C2_LIMIT,,2.352
131,19000.0,0.9679,explore,PBFT,3.8,1.0,0.0739,1,1,1,FINALIZED_WITHIN_C2_LIMIT,,1.621
132,40000.0,0.9677,explore,PBFT,8.0,1.0,0.0702,1,1,1,FINALIZED_WITHIN_C2_LIMIT,,2.489
133,22000.0,0.9674,explore,LIU_QUORUM,4.4,1.0,0.1982,1,1,1,FINALIZED_WITHIN_C2_LIMIT,,1.471
134,27000.0,0.9672,explore,PBFT,5.4,1.0,0.0651,1,1,1,FINALIZED_WITHIN_C2_LIMIT,,2.054
135,6000.0,0.9669,explore,ZYZZYVA,1.2,1.0,0.0291,1,1,1,FINALIZED_WITHIN_C2_LIMIT,,0.796
136,13000.0,0.9667,explore,ZYZZYVA,2.6,1.0,0.0316,1,1,1,FINALIZED_WITHIN_C2_LIMIT,,1.236
137,39000.0,0.9664,explore,LIU_QUORUM,7.8,1.0,0.0679,1,1,1,FINALIZED_WITHIN_C2_LIMIT,,2.984
138,23000.0,0.9662,explore,LIU_QUORUM,4.6,1.0,0.0809,1,1,1,FINALIZED_WITHIN_C2_LIMIT,,1.859
139,4000.0,0.9659,explore,PBFT,0.8,1.0,0.0809,1,1,1,FINALIZED_WITHIN_C2_LIMIT,,0.848
140,3000.0,0.9657,explore,ZYZZYVA,0.6,1.0,0.0786,1,1,1,FINALIZED_WITHIN_C2_LIMIT,,0.492
141,31000.0,0.9655,explore,LIU_QUORUM,6.2,1.0,0.0651,1,1,1,FINALIZED_WITHIN_C2_LIMIT,,3.239
142,21000.0,0.9652,explore,LIU_QUORUM,4.2,1.0,0.1284,1,1,1,FINALIZED_WITHIN_C2_LIMIT,,1.458
143,5000.0,0.965,explore,PBFT,1.0,1.0,0.0558,1,1,1,FINALIZED_WITHIN_C2_LIMIT,,0.808
144,25000.0,0.9647,explore,LIU_QUORUM,5.0,1.0,0.0647,1,1,1,FINALIZED_WITHIN_C2_LIMIT,,1.506
145,26000.0,0.9645,explore,LIU_QUORUM,5.2,1.0,0.0686,1,1,1,FINALIZED_WITHIN_C2_LIMIT,,1.882
146,5000.0,0.9642,explore,LIU_QUORUM,1.0,1.0,0.0739,1,1,1,FINALIZED_WITHIN_C2_LIMIT,,0.649
147,36000.0,0.964,explore,PBFT,7.2,1.0,0.1723,1,1,1,FINALIZED_WITHIN_C2_LIMIT,,2.317
148,3000.0,0.9637,greedy,ZYZZYVA,0.6,1.0,0.1897,1,1,1,FINALIZED_WITHIN_C2_LIMIT,,0.425
149,3000.0,0.9635,explore,LIU_QUORUM,0.6,1.0,0.0312,1,1,1,FINALIZED_WITHIN_C2_LIMIT,,0.557
150,28000.0,0.9633,explore,LIU_QUORUM,5.6,1.0,0.0282,1,1,1,FINALIZED_WITHIN_C2_LIMIT,,2.188
151,4000.0,0.963,explore,PBFT,0.8,1.0,0.1208,1,1,1,FINALIZED_WITHIN_C2_LIMIT,,0.648
152,34000.0,0.9628,explore,PBFT,6.8,1.0,0.0809,1,1,1,FINALIZED_WITHIN_C2_LIMIT,,2.315
153,0.0,0.9625,explore,PBFT,6.8,1.0,0.2103,0,1,1,FINALIZED_WITHIN_C2_LIMIT,,2.042
154,16000.0,0.9623,explore,ZYZZYVA,3.2,1.0,0.0668,1,1,1,FINALIZED_WITHIN_C2_LIMIT,,1.403
155,1000.0,0.962,explore,ZYZZYVA,0.2,1.0,0.0739,1,1,1,FINALIZED_WITHIN_C2_LIMIT,,0.224
156,26000.0,0.9618,explore,ZYZZYVA,5.2,1.0,0.1208,1,1,1,FINALIZED_WITHIN_C2_LIMIT,,2.0
157,34000.0,0.9615,explore,ZYZZYVA,6.8,1.0,0.0739,1,1,1,FINALIZED_WITHIN_C2_LIMIT,,2.427
158,11000.0,0.9613,explore,LIU_QUORUM,2.2,1.0,0.0739,1,1,1,FINALIZED_WITHIN_C2_LIMIT,,0.995
159,39000.0,0.961,explore,LIU_QUORUM,7.8,1.0,0.0282,1,1,1,FINALIZED_WITHIN_C2_LIMIT,,2.437
160,15000.0,0.9608,explore,LIU_QUORUM,3.0,1.0,0.069,1,1,1,FINALIZED_WITHIN_C2_LIMIT,,1.252
161,9000.0,0.9606,explore,PBFT,1.8,1.0,0.068,1,1,1,FINALIZED_WITHIN_C2_LIMIT,,1.079
162,5000.0,0.9603,explore,LIU_QUORUM,1.0,1.0,0.1141,1,1,1,FINALIZED_WITHIN_C2_LIMIT,,0.734
163,39000.0,0.9601,explore,PBFT,7.8,1.0,0.0362,1,1,1,FINALIZED_WITHIN_C2_LIMIT,,3.352
164,13000.0,0.9598,explore,ZYZZYVA,2.6,1.0,0.0683,1,1,1,FINALIZED_WITHIN_C2_LIMIT,,1.239
165,38000.0,0.9596,explore,PBFT,7.6,1.0,0.0278,1,1,1,FINALIZED_WITHIN_C2_LIMIT,,2.679
166,14000.0,0.9593,explore,ZYZZYVA,2.8,1.0,0.0758,1,1,1,FINALIZED_WITHIN_C2_LIMIT,,1.186
167,36000.0,0.9591,explore,LIU_QUORUM,7.2,1.0,0.0809,1,1,1,FINALIZED_WITHIN_C2_LIMIT,,2.647
168,39000.0,0.9588,explore,PBFT,7.8,1.0,0.0789,1,1,1,FINALIZED_WITHIN_C2_LIMIT,,2.853
169,1000.0,0.9586,explore,PBFT,0.2,1.0,0.0694,1,1,1,FINALIZED_WITHIN_C2_LIMIT,,0.645
170,16000.0,0.9584,explore,ZYZZYVA,3.2,1.0,0.0298,1,1,1,FINALIZED_WITHIN_C2_LIMIT,,1.374
171,2000.0,0.9581,explore,ZYZZYVA,0.4,1.0,0.0609,1,1,1,FINALIZED_WITHIN_C2_LIMIT,,0.534
172,7000.0,0.9579,explore,LIU_QUORUM,1.4,1.0,0.0679,1,1,1,FINALIZED_WITHIN_C2_LIMIT,,0.82
173,22000.0,0.9576,explore,LIU_QUORUM,4.4,1.0,0.0881,1,1,1,FINALIZED_WITHIN_C2_LIMIT,,1.481
174,37000.0,0.9574,explore,PBFT,7.4,1.0,0.0312,1,1,1,FINALIZED_WITHIN_C2_LIMIT,,2.56
175,40000.0,0.9571,explore,ZYZZYVA,8.0,1.0,0.068,1,1,1,FINALIZED_WITHIN_C2_LIMIT,,2.628
176,17000.0,0.9569,explore,LIU_QUORUM,3.4,1.0,0.0679,1,1,1,FINALIZED_WITHIN_C2_LIMIT,,1.504
177,29000.0,0.9566,explore,PBFT,5.8,1.0,0.069,1,1,1,FINALIZED_WITHIN_C2_LIMIT,,2.152
178,6000.0,0.9564,explore,PBFT,1.2,1.0,0.0651,1,1,1,FINALIZED_WITHIN_C2_LIMIT,,0.736
179,1000.0,0.9561,greedy,ZYZZYVA,0.2,1.0,0.1936,1,1,1,FINALIZED_WITHIN_C2_LIMIT,,0.502
180,19000.0,0.9559,explore,LIU_QUORUM,3.8,1.0,0.1582,1,1,1,FINALIZED_WITHIN_C2_LIMIT,,2.103
181,34000.0,0.9557,explore,LIU_QUORUM,6.8,1.0,0.03,1,1,1,FINALIZED_WITHIN_C2_LIMIT,,2.458
182,10000.0,0.9554,explore,LIU_QUORUM,2.0,1.0,0.0767,1,1,1,FINALIZED_WITHIN_C2_LIMIT,,1.253
183,32000.0,0.9552,explore,PBFT,6.4,1.0,0.1001,1,1,1,FINALIZED_WITHIN_C2_LIMIT,,2.277
184,1000.0,0.9549,explore,PBFT,0.2,1.0,0.1284,1,1,1,FINALIZED_WITHIN_C2_LIMIT,,0.675
185,29000.0,0.9547,explore,PBFT,5.8,1.0,0.0809,1,1,1,FINALIZED_WITHIN_C2_LIMIT,,2.084
186,10000.0,0.9544,explore,LIU_QUORUM,2.0,1.0,0.0299,1,1,1,FINALIZED_WITHIN_C2_LIMIT,,0.909
187,32000.0,0.9542,explore,ZYZZYVA,6.4,1.0,0.0651,1,1,1,FINALIZED_WITHIN_C2_LIMIT,,2.05
188,16000.0,0.9539,explore,PBFT,3.2,1.0,0.0647,1,1,1,FINALIZED_WITHIN_C2_LIMIT,,1.146
189,20000.0,0.9537,explore,ZYZZYVA,4.0,1.0,0.0288,1,1,1,FINALIZED_WITHIN_C2_LIMIT,,1.359
190,1000.0,0.9535,greedy,ZYZZYVA,0.2,1.0,0.193,1,1,1,FINALIZED_WITHIN_C2_LIMIT,,0.477
191,17000.0,0.9532,explore,LIU_QUORUM,3.4,1.0,0.072,1,1,1,FINALIZED_WITHIN_C2_LIMIT,,1.255
192,13000.0,0.953,explore,LIU_QUORUM,2.6,1.0,0.0362,1,1,1,FINALIZED_WITHIN_C2_LIMIT,,1.201
193,37000.0,0.9527,explore,LIU_QUORUM,7.4,1.0,0.0278,1,1,1,FINALIZED_WITHIN_C2_LIMIT,,2.438
194,21000.0,0.9525,explore,PBFT,4.2,1.0,0.0558,1,1,1,FINALIZED_WITHIN_C2_LIMIT,,1.497
195,17000.0,0.9522,explore,LIU_QUORUM,3.4,1.0,0.0651,1,1,1,FINALIZED_WITHIN_C2_LIMIT,,1.404
196,36000.0,0.952,explore,PBFT,7.2,1.0,0.0299,1,1,1,FINALIZED_WITHIN_C2_LIMIT,,2.207
197,31000.0,0.9517,explore,PBFT,6.2,1.0,0.0715,1,1,1,FINALIZED_WITHIN_C2_LIMIT,,2.316
198,12000.0,0.9515,explore,LIU_QUORUM,2.4,1.0,0.0708,1,1,1,FINALIZED_WITHIN_C2_LIMIT,,1.468
199,3000.0,0.9512,explore,ZYZZYVA,0.6,1.0,0.0685,1,1,1,FINALIZED_WITHIN_C2_LIMIT,3.067424,0.578
200,15000.0,0.951,explore,ZYZZYVA,3.0,1.0,0.104,1,1,1,FINALIZED_WITHIN_C2_LIMIT,7.714329,1.565
201,12000.0,0.9508,explore,LIU_QUORUM,2.4,1.0,0.069,1,1,1,FINALIZED_WITHIN_C2_LIMIT,0.5074,1.066
202,24000.0,0.9505,explore,PBFT,4.8,1.0,0.0453,1,1,1,FINALIZED_WITHIN_C2_LIMIT,16.794666,1.956
203,22000.0,0.9503,explore,ZYZZYVA,4.4,1.0,0.0715,1,1,1,FINALIZED_WITHIN_C2_LIMIT,17.96382,1.57
204,18000.0,0.95,explore,ZYZZYVA,3.6,1.0,0.072,1,1,1,FINALIZED_WITHIN_C2_LIMIT,12.584485,1.503
205,20000.0,0.9498,explore,ZYZZYVA,4.0,1.0,0.0694,1,1,1,FINALIZED_WITHIN_C2_LIMIT,5.576006,1.512
206,19000.0,0.9495,explore,LIU_QUORUM,3.8,1.0,0.0789,1,1,1,FINALIZED_WITHIN_C2_LIMIT,0.69314,1.376
207,36000.0,0.9493,explore,PBFT,7.2,1.0,0.0779,1,1,1,FINALIZED_WITHIN_C2_LIMIT,1.623772,2.329
208,40000.0,0.949,greedy,LIU_QUORUM,8.0,1.0,0.1292,1,1,1,FINALIZED_WITHIN_C2_LIMIT,3.23432,2.604
209,2000.0,0.9488,explore,LIU_QUORUM,0.4,1.0,0.0671,1,1,1,FINALIZED_WITHIN_C2_LIMIT,2.649795,0.41
210,1000.0,0.9486,explore,LIU_QUORUM,0.2,1.0,0.1368,1,1,1,FINALIZED_WITHIN_C2_LIMIT,1.145275,0.681
211,30000.0,0.9483,explore,PBFT,6.0,1.0,0.0558,1,1,1,FINALIZED_WITHIN_C2_LIMIT,0.44901,2.397
212,0.0,0.9481,greedy,LIU_QUORUM,8.0,1.0,0.2077,0,1,1,FINALIZED_WITHIN_C2_LIMIT,0.404014,2.612
213,36000.0,0.9478,explore,ZYZZYVA,7.2,1.0,0.1284,1,1,1,FINALIZED_WITHIN_C2_LIMIT,0.930504,2.127
214,15000.0,0.9476,explore,ZYZZYVA,3.0,1.0,0.0685,1,1,1,FINALIZED_WITHIN_C2_LIMIT,0.730156,1.104
215,39000.0,0.9473,explore,LIU_QUORUM,7.8,1.0,0.0705,1,1,1,FINALIZED_WITHIN_C2_LIMIT,0.16947,2.742
216,6000.0,0.9471,explore,LIU_QUORUM,1.2,1.0,0.0688,1,1,1,FINALIZED_WITHIN_C2_LIMIT,0.943023,0.829
217,36000.0,0.9468,explore,ZYZZYVA,7.2,1.0,0.0789,1,1,1,FINALIZED_WITHIN_C2_LIMIT,1.617457,2.632
218,6000.0,0.9466,explore,ZYZZYVA,1.2,1.0,0.0362,1,1,1,FINALIZED_WITHIN_C2_LIMIT,1.334997,0.925
219,3000.0,0.9463,explore,ZYZZYVA,0.6,1.0,0.1723,1,1,1,FINALIZED_WITHIN_C2_LIMIT,0.394309,0.392
220,30000.0,0.9461,explore,ZYZZYVA,6.0,1.0,0.0288,1,1,1,FINALIZED_WITHIN_C2_LIMIT,0.192219,2.71
221,14000.0,0.9459,explore,PBFT,2.8,1.0,0.0299,1,1,1,FINALIZED_WITHIN_C2_LIMIT,0.317584,1.445
222,39000.0,0.9456,explore,PBFT,7.8,1.0,0.1141,1,1,1,FINALIZED_WITHIN_C2_LIMIT,0.141909,2.638
223,6000.0,0.9454,explore,PBFT,1.2,1.0,0.0689,1,1,1,FINALIZED_WITHIN_C2_LIMIT,0.215696,1.18
224,14000.0,0.9451,explore,LIU_QUORUM,2.8,1.0,0.0768,1,1,1,FINALIZED_WITHIN_C2_LIMIT,0.464855,1.244
225,8000.0,0.9449,explore,ZYZZYVA,1.6,1.0,0.0741,1,1,1,FINALIZED_WITHIN_C2_LIMIT,0.535817,0.906
226,26000.0,0.9446,explore,PBFT,5.2,1.0,0.104,1,1,1,FINALIZED_WITHIN_C2_LIMIT,0.389679,1.943
227,33000.0,0.9444,explore,PBFT,6.6,1.0,0.069,1,1,1,FINALIZED_WITHIN_C2_LIMIT,0.447742,2.17
228,38000.0,0.9441,explore,ZYZZYVA,7.6,1.0,0.1001,1,1,1,FINALIZED_WITHIN_C2_LIMIT,0.442216,3.363
229,37000.0,0.9439,explore,PBFT,7.4,1.0,0.0282,1,1,1,FINALIZED_WITHIN_C2_LIMIT,0.174211,3.174
230,1000.0,0.9436,explore,ZYZZYVA,0.2,1.0,0.0933,1,1,1,FINALIZED_WITHIN_C2_LIMIT,0.578318,0.426
231,20000.0,0.9434,explore,PBFT,4.0,1.0,0.0786,1,1,1,FINALIZED_WITHIN_C2_LIMIT,0.78479,2.015
232,9000.0,0.9432,explore,ZYZZYVA,1.8,1.0,0.0787,1,1,1,FINALIZED_WITHIN_C2_LIMIT,0.259322,1.269
233,19000.0,0.9429,explore,LIU_QUORUM,3.8,1.0,0.1416,1,1,1,FINALIZED_WITHIN_C2_LIMIT,0.45964,2.027
234,2000.0,0.9427,explore,LIU_QUORUM,0.4,1.0,0.0789,1,1,1,FINALIZED_WITHIN_C2_LIMIT,0.620617,0.714
235,17000.0,0.9424,explore,LIU_QUORUM,3.4,1.0,0.0282,1,1,1,FINALIZED_WITHIN_C2_LIMIT,0.442505,1.629
236,28000.0,0.9422,explore,PBFT,5.6,1.0,0.0298,1,1,1,FINALIZED_WITHIN_C2_LIMIT,0.196249,2.51
237,36000.0,0.9419,explore,PBFT,7.2,1.0,0.0739,1,1,1,FINALIZED_WITHIN_C2_LIMIT,0.785693,3.164
238,0.0,0.9417,greedy,ZYZZYVA,8.0,1.0,0.2235,0,1,1,FINALIZED_WITHIN_C2_LIMIT,1.190191,3.42
239,6000.0,0.9414,explore,PBFT,1.2,1.0,0.1582,1,1,1,FINALIZED_WITHIN_C2_LIMIT,0.943969,1.312
240,0.0,0.9412,explore,PBFT,3.8,1.0,0.2355,0,1,1,FINALIZED_WITHIN_C2_LIMIT,0.393461,1.722
241,19000.0,0.941,explore,ZYZZYVA,3.8,1.0,0.0741,1,1,1,FINALIZED_WITHIN_C2_LIMIT,0.19397,1.735
242,12000.0,0.9407,explore,ZYZZYVA,2.4,1.0,0.0758,1,1,1,FINALIZED_WITHIN_C2_LIMIT,0.218559,1.62
243,35000.0,0.9405,explore,LIU_QUORUM,7.0,1.0,0.0278,1,1,1,FINALIZED_WITHIN_C2_LIMIT,0.097931,2.503
244,0.0,0.9402,explore,PBFT,8.0,1.0,0.072,1,0,1,C2_DEADLINE_EXCEEDED,0.384987,3.689
245,26000.0,0.94,explore,PBFT,5.2,1.0,0.0647,1,1,1,FINALIZED_WITHIN_C2_LIMIT,0.450282,2.186
246,23000.0,0.9397,explore,LIU_QUORUM,4.6,1.0,0.0702,1,1,1,FINALIZED_WITHIN_C2_LIMIT,0.262695,2.205
247,2000.0,0.9395,explore,PBFT,0.4,1.0,0.1368,1,1,1,FINALIZED_WITHIN_C2_LIMIT,0.142522,0.59
248,15000.0,0.9392,explore,LIU_QUORUM,3.0,1.0,0.0651,1,1,1,FINALIZED_WITHIN_C2_LIMIT,0.165368,1.456
249,19000.0,0.939,explore,ZYZZYVA,3.8,1.0,0.0316,1,1,1,FINALIZED_WITHIN_C2_LIMIT,0.110338,2.638
250,14000.0,0.9387,explore,ZYZZYVA,2.8,1.0,0.072,1,1,1,FINALIZED_WITHIN_C2_LIMIT,0.31861,1.391
251,36000.0,0.9385,explore,ZYZZYVA,7.2,1.0,0.0668,1,1,1,FINALIZED_WITHIN_C2_LIMIT,0.25544,2.574
252,9000.0,0.9383,explore,ZYZZYVA,1.8,1.0,0.0684,1,1,1,FINALIZED_WITHIN_C2_LIMIT,0.176093,0.99
253,3000.0,0.938,explore,PBFT,0.6,1.0,0.1141,1,1,1,FINALIZED_WITHIN_C2_LIMIT,0.177965,0.947
254,10000.0,0.9378,explore,PBFT,2.0,1.0,0.0686,1,1,1,FINALIZED_WITHIN_C2_LIMIT,0.114257,1.165
255,38000.0,0.9375,explore,ZYZZYVA,7.6,1.0,0.0708,1,1,1,FINALIZED_WITHIN_C2_LIMIT,0.322633,2.626
256,5000.0,0.9373,explore,ZYZZYVA,1.0,1.0,0.0299,1,1,1,FINALIZED_WITHIN_C2_LIMIT,0.26151,0.664
257,36000.0,0.937,explore,ZYZZYVA,7.2,1.0,0.0401,1,1,1,FINALIZED_WITHIN_C2_LIMIT,0.224309,2.312
258,24000.0,0.9368,explore,LIU_QUORUM,4.8,1.0,0.0694,1,1,1,FINALIZED_WITHIN_C2_LIMIT,0.28275,1.57
259,10000.0,0.9365,explore,ZYZZYVA,2.0,1.0,0.104,1,1,1,FINALIZED_WITHIN_C2_LIMIT,0.404815,1.037
260,31000.0,0.9363,explore,LIU_QUORUM,6.2,1.0,0.0702,1,1,1,FINALIZED_WITHIN_C2_LIMIT,0.221704,2.403
261,5000.0,0.9361,explore,PBFT,1.0,1.0,0.0702,1,1,1,FINALIZED_WITHIN_C2_LIMIT,0.057481,0.78
262,34000.0,0.9358,explore,PBFT,6.8,1.0,0.067,1,1,1,FINALIZED_WITHIN_C2_LIMIT,0.232391,2.96
263,34000.0,0.9356,explore,LIU_QUORUM,6.8,1.0,0.068,1,1,1,FINALIZED_WITHIN_C2_LIMIT,0.14948,2.849
264,7000.0,0.9353,explore,PBFT,1.4,1.0,0.0933,1,1,1,FINALIZED_WITHIN_C2_LIMIT,0.243492,0.945
265,28000.0,0.9351,explore,LIU_QUORUM,5.6,1.0,0.0291,1,1,1,FINALIZED_WITHIN_C2_LIMIT,0.300768,2.549
266,2000.0,0.9348,explore,PBFT,0.4,1.0,0.0683,1,1,1,FINALIZED_WITHIN_C2_LIMIT,0.146876,0.753
267,40000.0,0.9346,explore,ZYZZYVA,8.0,1.0,0.1141,1,1,1,FINALIZED_WITHIN_C2_LIMIT,0.195127,2.993
268,4000.0,0.9343,explore,LIU_QUORUM,0.8,1.0,0.0881,1,1,1,FINALIZED_WITHIN_C2_LIMIT,0.140005,0.869
269,3000.0,0.9341,explore,PBFT,0.6,1.0,0.1284,1,1,1,FINALIZED_WITHIN_C2_LIMIT,0.178512,0.772
270,14000.0,0.9338,explore,ZYZZYVA,2.8,1.0,0.0316,1,1,1,FINALIZED_WITHIN_C2_LIMIT,0.25099,1.085
271,11000.0,0.9336,explore,LIU_QUORUM,2.2,1.0,0.0741,1,1,1,FINALIZED_WITHIN_C2_LIMIT,0.235209,0.855
272,27000.0,0.9334,explore,ZYZZYVA,5.4,1.0,0.0741,1,1,1,FINALIZED_WITHIN_C2_LIMIT,0.112973,2.391
273,0.0,0.9331,greedy,LIU_QUORUM,8.0,1.0,0.2114,0,1,1,FINALIZED_WITHIN_C2_LIMIT,0.129537,2.695
274,23000.0,0.9329,explore,ZYZZYVA,4.6,1.0,0.0278,1,1,1,FINALIZED_WITHIN_C2_LIMIT,0.144993,1.716
275,9000.0,0.9326,explore,ZYZZYVA,1.8,1.0,0.0702,1,1,1,FINALIZED_WITHIN_C2_LIMIT,0.18334,0.996
276,13000.0,0.9324,explore,LIU_QUORUM,2.6,1.0,0.0674,1,1,1,FINALIZED_WITHIN_C2_LIMIT,0.221186,1.061
277,7000.0,0.9321,explore,ZYZZYVA,1.4,1.0,0.0315,1,1,1,FINALIZED_WITHIN_C2_LIMIT,0.235617,0.884
278,12000.0,0.9319,explore,ZYZZYVA,2.4,1.0,0.0308,1,1,1,FINALIZED_WITHIN_C2_LIMIT,0.124799,1.057
279,26000.0,0.9316,explore,PBFT,5.2,1.0,0.0679,1,1,1,FINALIZED_WITHIN_C2_LIMIT,0.135363,2.184
280,36000.0,0.9314,explore,PBFT,7.2,1.0,0.0684,1,1,1,FINALIZED_WITHIN_C2_LIMIT,0.187324,2.556
281,1000.0,0.9312,explore,ZYZZYVA,0.2,1.0,0.0685,1,1,1,FINALIZED_WITHIN_C2_LIMIT,0.139264,0.735
282,12000.0,0.9309,explore,PBFT,2.4,1.0,0.072,1,1,1,FINALIZED_WITHIN_C2_LIMIT,0.26416,1.104
283,12000.0,0.9307,explore,LIU_QUORUM,2.4,1.0,0.072,1,1,1,FINALIZED_WITHIN_C2_LIMIT,0.165075,1.101
284,2000.0,0.9304,explore,PBFT,0.4,1.0,0.1982,1,1,1,FINALIZED_WITHIN_C2_LIMIT,0.049944,0.667
285,19000.0,0.9302,explore,LIU_QUORUM,3.8,1.0,0.0278,1,1,1,FINALIZED_WITHIN_C2_LIMIT,0.303446,1.276
286,24000.0,0.9299,explore,PBFT,4.8,1.0,0.0278,1,1,1,FINALIZED_WITHIN_C2_LIMIT,0.438983,1.801
287,24000.0,0.9297,explore,LIU_QUORUM,4.8,1.0,0.03,1,1,1,FINALIZED_WITHIN_C2_LIMIT,0.091543,1.661
288,25000.0,0.9294,explore,PBFT,5.0,1.0,0.0683,1,1,1,FINALIZED_WITHIN_C2_LIMIT,0.201425,1.647
289,29000.0,0.9292,explore,ZYZZYVA,5.8,1.0,0.1416,1,1,1,FINALIZED_WITHIN_C2_LIMIT,0.218329,2.036
290,33000.0,0.929,explore,LIU_QUORUM,6.6,1.0,0.1001,1,1,1,FINALIZED_WITHIN_C2_LIMIT,0.218171,2.381
291,11000.0,0.9287,explore,ZYZZYVA,2.2,1.0,0.1982,1,1,1,FINALIZED_WITHIN_C2_LIMIT,0.102431,1.02
292,24000.0,0.9285,explore,PBFT,4.8,1.0,0.1141,1,1,1,FINALIZED_WITHIN_C2_LIMIT,0.248073,1.545
293,27000.0,0.9282,explore,PBFT,5.4,1.0,0.0315,1,1,1,FINALIZED_WITHIN_C2_LIMIT,0.197766,2.377
294,20000.0,0.928,explore,ZYZZYVA,4.0,1.0,0.0786,1,1,1,FINALIZED_WITHIN_C2_LIMIT,0.307844,1.938
295,40000.0,0.9277,explore,PBFT,8.0,1.0,0.1982,1,1,1,FINALIZED_WITHIN_C2_LIMIT,0.508938,2.622
296,0.0,0.9275,greedy,ZYZZYVA,8.0,1.0,0.2027,0,1,1,FINALIZED_WITHIN_C2_LIMIT,0.34263,2.883
297,37000.0,0.9272,explore,ZYZZYVA,7.4,1.0,0.0609,1,1,1,FINALIZED_WITHIN_C2_LIMIT,0.093517,2.685
298,28000.0,0.927,explore,LIU_QUORUM,5.6,1.0,0.0702,1,1,1,FINALIZED_WITHIN_C2_LIMIT,0.545598,2.051
299,21000.0,0.9267,explore,ZYZZYVA,4.2,1.0,0.0647,1,1,1,FINALIZED_WITHIN_C2_LIMIT,4.686082,1.615
300,21000.0,0.9265,explore,ZYZZYVA,4.2,1.0,0.0694,1,1,1,FINALIZED_WITHIN_C2_LIMIT,4.545506,1.502
301,33000.0,0.9263,explore,PBFT,6.6,1.0,0.0702,1,1,1,FINALIZED_WITHIN_C2_LIMIT,3.336,2.357
302,40000.0,0.926,explore,LIU_QUORUM,8.0,1.0,0.0689,1,1,1,FINALIZED_WITHIN_C2_LIMIT,1.74896,3.232
303,36000.0,0.9258,explore,LIU_QUORUM,7.2,1.0,0.0688,1,1,1,FINALIZED_WITHIN_C2_LIMIT,0.541165,2.815
304,39000.0,0.9255,explore,ZYZZYVA,7.8,1.0,0.1416,1,1,1,FINALIZED_WITHIN_C2_LIMIT,0.188853,2.925
305,23000.0,0.9253,explore,ZYZZYVA,4.6,1.0,0.19,1,1,1,FINALIZED_WITHIN_C2_LIMIT,0.874968,2.771
306,10000.0,0.925,explore,LIU_QUORUM,2.0,1.0,0.1368,1,1,1,FINALIZED_WITHIN_C2_LIMIT,1.0357,1.295
307,17000.0,0.9248,explore,LIU_QUORUM,3.4,1.0,0.0298,1,1,1,FINALIZED_WITHIN_C2_LIMIT,0.135082,1.736
308,28000.0,0.9245,explore,ZYZZYVA,5.6,1.0,0.0278,1,1,1,FINALIZED_WITHIN_C2_LIMIT,1.044167,2.38
309,14000.0,0.9243,explore,LIU_QUORUM,2.8,1.0,0.072,1,1,1,FINALIZED_WITHIN_C2_LIMIT,1.204386,1.419
310,21000.0,0.9241,explore,ZYZZYVA,4.2,1.0,0.0288,1,1,1,FINALIZED_WITHIN_C2_LIMIT,0.641781,1.878
311,9000.0,0.9238,explore,LIU_QUORUM,1.8,1.0,0.104,1,1,1,FINALIZED_WITHIN_C2_LIMIT,0.245031,1.094
312,0.0,0.9236,explore,PBFT,7.8,1.0,0.2251,0,1,1,FINALIZED_WITHIN_C2_LIMIT,0.200207,3.78
313,21000.0,0.9233,explore,ZYZZYVA,4.2,1.0,0.0702,1,1,1,FINALIZED_WITHIN_C2_LIMIT,0.487174,1.659
314,12000.0,0.9231,explore,ZYZZYVA,2.4,1.0,0.1141,1,1,1,FINALIZED_WITHIN_C2_LIMIT,0.472519,1.255
315,31000.0,0.9228,explore,LIU_QUORUM,6.2,1.0,0.0694,1,1,1,FINALIZED_WITHIN_C2_LIMIT,0.129971,2.307
316,14000.0,0.9226,explore,ZYZZYVA,2.8,1.0,0.0705,1,1,1,FINALIZED_WITHIN_C2_LIMIT,0.999376,1.391
317,27000.0,0.9223,explore,ZYZZYVA,5.4,1.0,0.0769,1,1,1,FINALIZED_WITHIN_C2_LIMIT,0.839814,2.517
318,34000.0,0.9221,explore,LIU_QUORUM,6.8,1.0,0.1416,1,1,1,FINALIZED_WITHIN_C2_LIMIT,0.305368,2.392
319,11000.0,0.9218,explore,ZYZZYVA,2.2,1.0,0.0671,1,1,1,FINALIZED_WITHIN_C2_LIMIT,0.8399,0.896
320,3000.0,0.9216,explore,PBFT,0.6,1.0,0.0291,1,1,1,FINALIZED_WITHIN_C2_LIMIT,1.265192,0.936
321,13000.0,0.9214,explore,PBFT,2.6,1.0,0.0291,1,1,1,FINALIZED_WITHIN_C2_LIMIT,0.228437,1.733
322,11000.0,0.9211,explore,LIU_QUORUM,2.2,1.0,0.0609,1,1,1,FINALIZED_WITHIN_C2_LIMIT,0.492213,1.099
323,16000.0,0.9209,explore,LIU_QUORUM,3.2,1.0,0.1582,1,1,1,FINALIZED_WITHIN_C2_LIMIT,0.750691,1.504
324,40000.0,0.9206,greedy,LIU_QUORUM,8.0,1.0,0.1944,1,1,1,FINALIZED_WITHIN_C2_LIMIT,0.247972,2.883
325,7000.0,0.9204,explore,LIU_QUORUM,1.4,1.0,0.0787,1,1,1,FINALIZED_WITHIN_C2_LIMIT,1.901385,0.854
326,31000.0,0.9201,explore,ZYZZYVA,6.2,1.0,0.1723,1,1,1,FINALIZED_WITHIN_C2_LIMIT,3.226651,2.551
327,23000.0,0.9199,explore,ZYZZYVA,4.6,1.0,0.0697,1,1,1,FINALIZED_WITHIN_C2_LIMIT,1.882632,1.892
328,0.0,0.9196,explore,ZYZZYVA,1.4,1.0,0.2251,0,1,1,FINALIZED_WITHIN_C2_LIMIT,0.342259,0.988
329,31000.0,0.9194,explore,PBFT,6.2,1.0,0.0694,1,1,1,FINALIZED_WITHIN_C2_LIMIT,0.779295,2.582
330,17000.0,0.9192,explore,ZYZZYVA,3.4,1.0,0.0453,1,1,1,FINALIZED_WITHIN_C2_LIMIT,1.68337,1.5
331,25000.0,0.9189,explore,ZYZZYVA,5.0,1.0,0.0647,1,1,1,FINALIZED_WITHIN_C2_LIMIT,2.03833,1.83
332,33000.0,0.9187,explore,PBFT,6.6,1.0,0.1416,1,1,1,FINALIZED_WITHIN_C2_LIMIT,0.503824,2.582
333,2000.0,0.9184,explore,LIU_QUORUM,0.4,1.0,0.0362,1,1,1,FINALIZED_WITHIN_C2_LIMIT,0.240476,0.52
334,2000.0,0.9182,explore,PBFT,0.4,1.0,0.0809,1,1,1,FINALIZED_WITHIN_C2_LIMIT,0.814965,0.757
335,40000.0,0.9179,explore,LIU_QUORUM,8.0,1.0,0.0294,1,1,1,FINALIZED_WITHIN_C2_LIMIT,1.979138,3.553
336,40000.0,0.9177,greedy,ZYZZYVA,8.0,1.0,0.1763,1,1,1,FINALIZED_WITHIN_C2_LIMIT,2.010819,2.7
337,17000.0,0.9174,explore,PBFT,3.4,1.0,0.0312,1,1,1,FINALIZED_WITHIN_C2_LIMIT,1.694732,1.689
338,1000.0,0.9172,explore,PBFT,0.2,1.0,0.067,1,1,1,FINALIZED_WITHIN_C2_LIMIT,0.716136,0.482
339,17000.0,0.9169,explore,PBFT,3.4,1.0,0.0739,1,1,1,FINALIZED_WITHIN_C2_LIMIT,0.10545,2.037
340,40000.0,0.9167,explore,LIU_QUORUM,8.0,1.0,0.0741,1,1,1,FINALIZED_WITHIN_C2_LIMIT,1.104522,2.877
341,21000.0,0.9165,explore,LIU_QUORUM,4.2,1.0,0.0789,1,1,1,FINALIZED_WITHIN_C2_LIMIT,1.833914,1.503
342,25000.0,0.9162,explore,PBFT,5.0,1.0,0.0558,1,1,1,FINALIZED_WITHIN_C2_LIMIT,1.657151,1.543
343,38000.0,0.916,explore,ZYZZYVA,7.6,1.0,0.0651,1,1,1,FINALIZED_WITHIN_C2_LIMIT,0.625165,2.031
344,2000.0,0.9157,explore,PBFT,0.4,1.0,0.0671,1,1,1,FINALIZED_WITHIN_C2_LIMIT,0.131424,0.493
345,0.0,0.9155,greedy,ZYZZYVA,8.0,1.0,0.2215,0,1,1,FINALIZED_WITHIN_C2_LIMIT,0.200586,3.414
346,18000.0,0.9152,explore,LIU_QUORUM,3.6,1.0,0.0685,1,1,1,FINALIZED_WITHIN_C2_LIMIT,0.15389,1.36
347,0.0,0.915,explore,LIU_QUORUM,0.2,1.0,0.2811,0,1,1,FINALIZED_WITHIN_C2_LIMIT,0.141303,0.397
348,38000.0,0.9147,explore,ZYZZYVA,7.6,1.0,0.0506,1,1,1,FINALIZED_WITHIN_C2_LIMIT,0.2353,2.511
349,3000.0,0.9145,explore,LIU_QUORUM,0.6,1.0,0.0767,1,1,1,FINALIZED_WITHIN_C2_LIMIT,0.066595,0.983
350,38000.0,0.9143,explore,PBFT,7.6,1.0,0.1459,1,1,1,FINALIZED_WITHIN_C2_LIMIT,0.181439,2.661
351,1000.0,0.914,explore,PBFT,0.2,1.0,0.0683,1,1,1,FINALIZED_WITHIN_C2_LIMIT,0.179351,0.442
352,9000.0,0.9138,explore,LIU_QUORUM,1.8,1.0,0.068,1,1,1,FINALIZED_WITHIN_C2_LIMIT,0.018858,1.014
353,0.0,0.9135,explore,LIU_QUORUM,5.2,1.0,0.2103,0,1,1,FINALIZED_WITHIN_C2_LIMIT,0.570488,2.651
354,34000.0,0.9133,explore,ZYZZYVA,6.8,1.0,0.1284,1,1,1,FINALIZED_WITHIN_C2_LIMIT,0.485118,2.21
355,3000.0,0.913,explore,LIU_QUORUM,0.6,1.0,0.0739,1,1,1,FINALIZED_WITHIN_C2_LIMIT,0.390753,0.637
356,27000.0,0.9128,explore,ZYZZYVA,5.4,1.0,0.0689,1,1,1,FINALIZED_WITHIN_C2_LIMIT,0.107796,1.898
357,29000.0,0.9125,explore,ZYZZYVA,5.8,1.0,0.1208,1,1,1,FINALIZED_WITHIN_C2_LIMIT,0.177915,2.129
358,11000.0,0.9123,explore,LIU_QUORUM,2.2,1.0,0.0647,1,1,1,FINALIZED_WITHIN_C2_LIMIT,0.213385,1.251
359,18000.0,0.912,explore,PBFT,3.6,1.0,0.0312,1,1,1,FINALIZED_WITHIN_C2_LIMIT,0.127349,1.708
360,7000.0,0.9118,explore,ZYZZYVA,1.4,1.0,0.0768,1,1,1,FINALIZED_WITHIN_C2_LIMIT,0.114141,0.925
361,20000.0,0.9116,explore,PBFT,4.0,1.0,0.0312,1,1,1,FINALIZED_WITHIN_C2_LIMIT,0.079749,1.827
362,5000.0,0.9113,explore,LIU_QUORUM,1.0,1.0,0.0683,1,1,1,FINALIZED_WITHIN_C2_LIMIT,0.072559,0.902
363,18000.0,0.9111,explore,ZYZZYVA,3.6,1.0,0.1141,1,1,1,FINALIZED_WITHIN_C2_LIMIT,0.081032,1.389
364,40000.0,0.9108,greedy,LIU_QUORUM,8.0,1.0,0.0926,1,1,1,FINALIZED_WITHIN_C2_LIMIT,0.171679,3.131
365,24000.0,0.9106,explore,PBFT,4.8,1.0,0.0809,1,1,1,FINALIZED_WITHIN_C2_LIMIT,0.08624,1.976
366,0.0,0.9103,explore,PBFT,3.2,1.0,0.2355,0,1,1,FINALIZED_WITHIN_C2_LIMIT,0.135412,1.761
367,20000.0,0.9101,explore,PBFT,4.0,1.0,0.1001,1,1,1,FINALIZED_WITHIN_C2_LIMIT,0.215231,1.956
368,19000.0,0.9098,explore,PBFT,3.8,1.0,0.0278,1,1,1,FINALIZED_WITHIN_C2_LIMIT,0.243794,1.813
369,34000.0,0.9096,explore,PBFT,6.8,1.0,0.03,1,1,1,FINALIZED_WITHIN_C2_LIMIT,0.160111,2.965
370,22000.0,0.9093,explore,LIU_QUORUM,4.4,1.0,0.0506,1,1,1,FINALIZED_WITHIN_C2_LIMIT,0.144118,1.583
371,39000.0,0.9091,explore,ZYZZYVA,7.8,1.0,0.0316,1,1,1,FINALIZED_WITHIN_C2_LIMIT,0.056802,3.214
372,2000.0,0.9089,explore,PBFT,0.4,1.0,0.0963,1,1,1,FINALIZED_WITHIN_C2_LIMIT,0.261063,0.629
373,9000.0,0.9086,explore,PBFT,1.8,1.0,0.0715,1,1,1,FINALIZED_WITHIN_C2_LIMIT,0.241928,1.37
374,16000.0,0.9084,explore,LIU_QUORUM,3.2,1.0,0.0739,1,1,1,FINALIZED_WITHIN_C2_LIMIT,0.081269,1.719
375,40000.0,0.9081,greedy,ZYZZYVA,8.0,1.0,0.1393,1,1,1,FINALIZED_WITHIN_C2_LIMIT,0.2067,3.403
376,36000.0,0.9079,explore,LIU_QUORUM,7.2,1.0,0.0685,1,1,1,FINALIZED_WITHIN_C2_LIMIT,0.083224,2.174
377,19000.0,0.9076,explore,PBFT,3.8,1.0,0.0708,1,1,1,FINALIZED_WITHIN_C2_LIMIT,0.145862,1.654
378,40000.0,0.9074,greedy,ZYZZYVA,8.0,1.0,0.1457,1,1,1,FINALIZED_WITHIN_C2_LIMIT,0.018044,2.906
379,15000.0,0.9071,explore,ZYZZYVA,3.0,1.0,0.0769,1,1,1,FINALIZED_WITHIN_C2_LIMIT,0.364676,1.076
380,30000.0,0.9069,explore,LIU_QUORUM,6.0,1.0,0.03,1,1,1,FINALIZED_WITHIN_C2_LIMIT,0.518443,2.085
381,9000.0,0.9067,explore,LIU_QUORUM,1.8,1.0,0.0315,1,1,1,FINALIZED_WITHIN_C2_LIMIT,0.133967,1.03
382,29000.0,0.9064,explore,LIU_QUORUM,5.8,1.0,0.0362,1,1,1,FINALIZED_WITHIN_C2_LIMIT,0.312136,2.408
383,28000.0,0.9062,explore,ZYZZYVA,5.6,1.0,0.0316,1,1,1,FINALIZED_WITHIN_C2_LIMIT,0.632416,1.933
384,15000.0,0.9059,explore,ZYZZYVA,3.0,1.0,0.068,1,1,1,FINALIZED_WITHIN_C2_LIMIT,0.329468,1.505
385,32000.0,0.9057,explore,PBFT,6.4,1.0,0.03,1,1,1,FINALIZED_WITHIN_C2_LIMIT,0.132671,2.342
386,16000.0,0.9054,explore,PBFT,3.2,1.0,0.19,1,1,1,FINALIZED_WITHIN_C2_LIMIT,0.238449,1.269
387,33000.0,0.9052,explore,LIU_QUORUM,6.6,1.0,0.0739,1,1,1,FINALIZED_WITHIN_C2_LIMIT,0.211366,2.923
388,12000.0,0.9049,explore,LIU_QUORUM,2.4,1.0,0.19,1,1,1,FINALIZED_WITHIN_C2_LIMIT,0.183299,1.11
389,26000.0,0.9047,explore,PBFT,5.2,1.0,0.0558,1,1,1,FINALIZED_WITHIN_C2_LIMIT,0.056476,1.849
390,5000.0,0.9044,explore,LIU_QUORUM,1.0,1.0,0.0694,1,1,1,FINALIZED_WITHIN_C2_LIMIT,0.169689,0.81
391,9000.0,0.9042,explore,ZYZZYVA,1.8,1.0,0.104,1,1,1,FINALIZED_WITHIN_C2_LIMIT,0.321984,1.102
392,37000.0,0.904,explore,ZYZZYVA,7.4,1.0,0.0278,1,1,1,FINALIZED_WITHIN_C2_LIMIT,0.265873,2.632
393,6000.0,0.9037,explore,PBFT,1.2,1.0,0.1284,1,1,1,FINALIZED_WITHIN_C2_LIMIT,0.252015,0.937
394,6000.0,0.9035,explore,PBFT,1.2,1.0,0.0685,1,1,1,FINALIZED_WITHIN_C2_LIMIT,0.485717,1.022
395,40000.0,0.9032,greedy,PBFT,8.0,1.0,0.1105,1,1,1,FINALIZED_WITHIN_C2_LIMIT,0.323987,2.984
396,34000.0,0.903,explore,PBFT,6.8,1.0,0.0933,1,1,1,FINALIZED_WITHIN_C2_LIMIT,0.207957,2.732
397,23000.0,0.9027,explore,PBFT,4.6,1.0,0.1001,1,1,1,FINALIZED_WITHIN_C2_LIMIT,0.18946,1.759
398,20000.0,0.9025,explore,PBFT,4.0,1.0,0.0308,1,1,1,FINALIZED_WITHIN_C2_LIMIT,0.114709,1.936
399,32000.0,0.9022,explore,ZYZZYVA,6.4,1.0,0.0362,1,1,1,FINALIZED_WITHIN_C2_LIMIT,3.313982,2.854
400,12000.0,0.902,explore,LIU_QUORUM,2.4,1.0,0.0702,1,1,1,FINALIZED_WITHIN_C2_LIMIT,2.145845,1.138
401,19000.0,0.9018,explore,PBFT,3.8,1.0,0.1982,1,1,1,FINALIZED_WITHIN_C2_LIMIT,0.60106,1.782
402,36000.0,0.9015,explore,PBFT,7.2,1.0,0.1208,1,1,1,FINALIZED_WITHIN_C2_LIMIT,0.17303,2.546
403,0.0,0.9013,explore,PBFT,4.6,1.0,0.2103,0,1,1,FINALIZED_WITHIN_C2_LIMIT,0.330968,1.961
404,19000.0,0.901,explore,LIU_QUORUM,3.8,1.0,0.0683,1,1,1,FINALIZED_WITHIN_C2_LIMIT,0.32225,1.487
405,14000.0,0.9008,explore,LIU_QUORUM,2.8,1.0,0.0651,1,1,1,FINALIZED_WITHIN_C2_LIMIT,0.178437,1.382
406,4000.0,0.9005,explore,LIU_QUORUM,0.8,1.0,0.03,1,1,1,FINALIZED_WITHIN_C2_LIMIT,0.238782,0.801
407,15000.0,0.9003,explore,LIU_QUORUM,3.0,1.0,0.0674,1,1,1,FINALIZED_WITHIN_C2_LIMIT,0.082188,1.498
408,2000.0,0.9,explore,ZYZZYVA,0.4,1.0,0.0315,1,1,1,FINALIZED_WITHIN_C2_LIMIT,0.066352,0.4
409,19000.0,0.8998,explore,LIU_QUORUM,3.8,1.0,0.0789,1,1,1,FINALIZED_WITHIN_C2_LIMIT,0.26418,1.991
410,10000.0,0.8995,explore,ZYZZYVA,2.0,1.0,0.0558,1,1,1,FINALIZED_WITHIN_C2_LIMIT,0.236552,0.975
411,6000.0,0.8993,explore,PBFT,1.2,1.0,0.0671,1,1,1,FINALIZED_WITHIN_C2_LIMIT,0.081465,0.994
412,14000.0,0.8991,explore,LIU_QUORUM,2.8,1.0,0.0705,1,1,1,FINALIZED_WITHIN_C2_LIMIT,0.11811,1.401
413,13000.0,0.8988,explore,ZYZZYVA,2.6,1.0,0.067,1,1,1,FINALIZED_WITHIN_C2_LIMIT,0.222293,1.233
414,5000.0,0.8986,explore,LIU_QUORUM,1.0,1.0,0.0308,1,1,1,FINALIZED_WITHIN_C2_LIMIT,0.175297,0.901
415,33000.0,0.8983,explore,ZYZZYVA,6.6,1.0,0.104,1,1,1,FINALIZED_WITHIN_C2_LIMIT,0.161522,2.509
416,14000.0,0.8981,explore,LIU_QUORUM,2.8,1.0,0.0768,1,1,1,FINALIZED_WITHIN_C2_LIMIT,0.293302,1.509
417,2000.0,0.8978,explore,PBFT,0.4,1.0,0.0933,1,1,1,FINALIZED_WITHIN_C2_LIMIT,0.23451,0.44
418,8000.0,0.8976,explore,LIU_QUORUM,1.6,1.0,0.0741,1,1,1,FINALIZED_WITHIN_C2_LIMIT,0.253681,1.597
419,40000.0,0.8973,greedy,LIU_QUORUM,8.0,1.0,0.1105,1,1,1,FINALIZED_WITHIN_C2_LIMIT,0.062706,3.213
420,3000.0,0.8971,explore,PBFT,0.6,1.0,0.0683,1,1,1,FINALIZED_WITHIN_C2_LIMIT,0.190578,0.844
421,0.0,0.8969,explore,LIU_QUORUM,3.6,1.0,0.2355,0,1,1,FINALIZED_WITHIN_C2_LIMIT,0.022283,1.369
422,8000.0,0.8966,explore,LIU_QUORUM,1.6,1.0,0.1368,1,1,1,FINALIZED_WITHIN_C2_LIMIT,0.156648,1.291
423,20000.0,0.8964,explore,ZYZZYVA,4.0,1.0,0.0362,1,1,1,FINALIZED_WITHIN_C2_LIMIT,0.268431,1.9
424,7000.0,0.8961,explore,ZYZZYVA,1.4,1.0,0.0786,1,1,1,FINALIZED_WITHIN_C2_LIMIT,0.192176,0.973
425,33000.0,0.8959,explore,PBFT,6.6,1.0,0.0686,1,1,1,FINALIZED_WITHIN_C2_LIMIT,0.100946,2.737
426,0.0,0.8956,explore,LIU_QUORUM,1.2,1.0,0.2103,0,1,1,FINALIZED_WITHIN_C2_LIMIT,0.292115,0.915
427,11000.0,0.8954,explore,PBFT,2.2,1.0,0.0558,1,1,1,FINALIZED_WITHIN_C2_LIMIT,0.116565,1.066
428,39000.0,0.8951,explore,PBFT,7.8,1.0,0.1368,1,1,1,FINALIZED_WITHIN_C2_LIMIT,0.187163,2.527
429,33000.0,0.8949,explore,ZYZZYVA,6.6,1.0,0.0787,1,1,1,FINALIZED_WITHIN_C2_LIMIT,0.069427,2.457
430,2000.0,0.8946,explore,LIU_QUORUM,0.4,1.0,0.0674,1,1,1,FINALIZED_WITHIN_C2_LIMIT,0.116887,0.649
431,3000.0,0.8944,explore,PBFT,0.6,1.0,0.104,1,1,1,FINALIZED_WITHIN_C2_LIMIT,0.381027,0.538
432,20000.0,0.8942,explore,LIU_QUORUM,4.0,1.0,0.0739,1,1,1,FINALIZED_WITHIN_C2_LIMIT,0.362991,1.66
433,36000.0,0.8939,explore,LIU_QUORUM,7.2,1.0,0.072,1,1,1,FINALIZED_WITHIN_C2_LIMIT,0.251446,2.577
434,10000.0,0.8937,explore,LIU_QUORUM,2.0,1.0,0.1459,1,1,1,FINALIZED_WITHIN_C2_LIMIT,0.384407,1.064
435,4000.0,0.8934,explore,PBFT,0.8,1.0,0.0558,1,1,1,FINALIZED_WITHIN_C2_LIMIT,0.710735,0.934
436,14000.0,0.8932,explore,PBFT,2.8,1.0,0.0651,1,1,1,FINALIZED_WITHIN_C2_LIMIT,0.590642,1.12
437,26000.0,0.8929,explore,ZYZZYVA,5.2,1.0,0.0674,1,1,1,FINALIZED_WITHIN_C2_LIMIT,0.096002,2.187
438,7000.0,0.8927,explore,ZYZZYVA,1.4,1.0,0.0278,1,1,1,FINALIZED_WITHIN_C2_LIMIT,0.435786,0.896
439,27000.0,0.8924,explore,LIU_QUORUM,5.4,1.0,0.0668,1,1,1,FINALIZED_WITHIN_C2_LIMIT,0.988042,2.163
440,14000.0,0.8922,explore,LIU_QUORUM,2.8,1.0,0.0316,1,1,1,FINALIZED_WITHIN_C2_LIMIT,0.677082,1.516
441,16000.0,0.892,explore,PBFT,3.2,1.0,0.0679,1,1,1,FINALIZED_WITHIN_C2_LIMIT,0.192137,1.758
442,31000.0,0.8917,explore,ZYZZYVA,6.2,1.0,0.0683,1,1,1,FINALIZED_WITHIN_C2_LIMIT,0.152723,2.094
443,26000.0,0.8915,explore,PBFT,5.2,1.0,0.1416,1,1,1,FINALIZED_WITHIN_C2_LIMIT,0.408682,1.93
444,12000.0,0.8912,explore,ZYZZYVA,2.4,1.0,0.03,1,1,1,FINALIZED_WITHIN_C2_LIMIT,0.33021,1.32
445,8000.0,0.891,explore,PBFT,1.6,1.0,0.0668,1,1,1,FINALIZED_WITHIN_C2_LIMIT,0.158518,1.208
446,23000.0,0.8907,explore,PBFT,4.6,1.0,0.0769,1,1,1,FINALIZED_WITHIN_C2_LIMIT,0.071674,2.014
447,0.0,0.8905,greedy,LIU_QUORUM,8.0,1.0,0.2081,0,1,1,FINALIZED_WITHIN_C2_LIMIT,0.019686,2.692
448,32000.0,0.8902,explore,PBFT,6.4,1.0,0.0702,1,1,1,FINALIZED_WITHIN_C2_LIMIT,0.102323,2.41
449,8000.0,0.89,explore,PBFT,1.6,1.0,0.0288,1,1,1,FINALIZED_WITHIN_C2_LIMIT,0.167913,0.93
450,0.0,0.8898,greedy,LIU_QUORUM,8.0,1.0,0.2122,0,1,1,FINALIZED_WITHIN_C2_LIMIT,0.194863,3.624
451,22000.0,0.8895,explore,PBFT,4.4,1.0,0.0671,1,1,1,FINALIZED_WITHIN_C2_LIMIT,0.187352,2.152
452,0.0,0.8893,greedy,LIU_QUORUM,8.0,1.0,0.2122,0,1,1,FINALIZED_WITHIN_C2_LIMIT,0.089932,2.74
453,0.0,0.889,explore,LIU_QUORUM,0.2,1.0,0.2103,0,1,1,FINALIZED_WITHIN_C2_LIMIT,0.590281,0.382
454,14000.0,0.8888,explore,LIU_QUORUM,2.8,1.0,0.0684,1,1,1,FINALIZED_WITHIN_C2_LIMIT,0.654621,1.81
455,35000.0,0.8885,explore,PBFT,7.0,1.0,0.0294,1,1,1,FINALIZED_WITHIN_C2_LIMIT,0.265831,3.079
456,33000.0,0.8883,explore,LIU_QUORUM,6.6,1.0,0.0963,1,1,1,FINALIZED_WITHIN_C2_LIMIT,0.230215,2.647
457,12000.0,0.888,explore,LIU_QUORUM,2.4,1.0,0.1459,1,1,1,FINALIZED_WITHIN_C2_LIMIT,0.810634,1.356
458,21000.0,0.8878,explore,LIU_QUORUM,4.2,1.0,0.0768,1,1,1,FINALIZED_WITHIN_C2_LIMIT,1.645825,1.597
459,18000.0,0.8875,explore,PBFT,3.6,1.0,0.069,1,1,1,FINALIZED_WITHIN_C2_LIMIT,1.649261,2.046
460,37000.0,0.8873,explore,ZYZZYVA,7.4,1.0,0.0786,1,1,1,FINALIZED_WITHIN_C2_LIMIT,1.176373,2.743
461,16000.0,0.8871,explore,LIU_QUORUM,3.2,1.0,0.0739,1,1,1,FINALIZED_WITHIN_C2_LIMIT,0.389533,1.259
462,38000.0,0.8868,explore,ZYZZYVA,7.6,1.0,0.0401,1,1,1,FINALIZED_WITHIN_C2_LIMIT,0.153288,2.803
463,40000.0,0.8866,greedy,ZYZZYVA,8.0,1.0,0.1378,1,1,1,FINALIZED_WITHIN_C2_LIMIT,0.77182,3.589
464,6000.0,0.8863,explore,ZYZZYVA,1.2,1.0,0.0316,1,1,1,FINALIZED_WITHIN_C2_LIMIT,0.776183,1.046
465,26000.0,0.8861,explore,PBFT,5.2,1.0,0.0316,1,1,1,FINALIZED_WITHIN_C2_LIMIT,0.335638,2.203
466,24000.0,0.8858,explore,ZYZZYVA,4.8,1.0,0.0789,1,1,1,FINALIZED_WITHIN_C2_LIMIT,0.130649,2.572
467,27000.0,0.8856,explore,PBFT,5.4,1.0,0.0686,1,1,1,FINALIZED_WITHIN_C2_LIMIT,0.254002,2.717
468,39000.0,0.8853,explore,PBFT,7.8,1.0,0.0679,1,1,1,FINALIZED_WITHIN_C2_LIMIT,0.220219,2.877
469,8000.0,0.8851,explore,ZYZZYVA,1.6,1.0,0.0679,1,1,1,FINALIZED_WITHIN_C2_LIMIT,0.152407,1.275
470,0.0,0.8849,explore,PBFT,4.6,1.0,0.2536,0,1,1,FINALIZED_WITHIN_C2_LIMIT,0.166993,1.795
471,12000.0,0.8846,explore,ZYZZYVA,2.4,1.0,0.0741,1,1,1,FINALIZED_WITHIN_C2_LIMIT,0.21641,1.256
472,1000.0,0.8844,explore,PBFT,0.2,1.0,0.0671,1,1,1,FINALIZED_WITHIN_C2_LIMIT,0.400086,0.479
473,4000.0,0.8841,explore,PBFT,0.8,1.0,0.0702,1,1,1,FINALIZED_WITHIN_C2_LIMIT,0.548136,1.014
474,33000.0,0.8839,explore,PBFT,6.6,1.0,0.0278,1,1,1,FINALIZED_WITHIN_C2_LIMIT,0.323535,3.449
475,37000.0,0.8836,explore,ZYZZYVA,7.4,1.0,0.068,1,1,1,FINALIZED_WITHIN_C2_LIMIT,0.031246,3.146
476,10000.0,0.8834,explore,LIU_QUORUM,2.0,1.0,0.0768,1,1,1,FINALIZED_WITHIN_C2_LIMIT,0.767167,1.326
477,38000.0,0.8831,explore,LIU_QUORUM,7.6,1.0,0.0651,1,1,1,FINALIZED_WITHIN_C2_LIMIT,1.115878,2.805
478,37000.0,0.8829,explore,LIU_QUORUM,7.4,1.0,0.1085,1,1,1,FINALIZED_WITHIN_C2_LIMIT,0.975712,2.975
479,34000.0,0.8826,explore,ZYZZYVA,6.8,1.0,0.104,1,1,1,FINALIZED_WITHIN_C2_LIMIT,0.46474,2.084
480,23000.0,0.8824,explore,PBFT,4.6,1.0,0.1141,1,1,1,FINALIZED_WITHIN_C2_LIMIT,0.050129,1.818
481,1000.0,0.8822,explore,ZYZZYVA,0.2,1.0,0.1141,1,1,1,FINALIZED_WITHIN_C2_LIMIT,0.090382,0.657
482,40000.0,0.8819,greedy,ZYZZYVA,8.0,1.0,0.0942,1,1,1,FINALIZED_WITHIN_C2_LIMIT,0.112197,3.937
483,24000.0,0.8817,explore,ZYZZYVA,4.8,1.0,0.0362,1,1,1,FINALIZED_WITHIN_C2_LIMIT,0.083566,2.165
484,40000.0,0.8814,greedy,ZYZZYVA,8.0,1.0,0.0926,1,1,1,FINALIZED_WITHIN_C2_LIMIT,0.019346,3.098
485,21000.0,0.8812,explore,ZYZZYVA,4.2,1.0,0.0768,1,1,1,FINALIZED_WITHIN_C2_LIMIT,0.128451,1.479
486,12000.0,0.8809,explore,LIU_QUORUM,2.4,1.0,0.0651,1,1,1,FINALIZED_WITHIN_C2_LIMIT,0.104593,1.139
487,3000.0,0.8807,explore,PBFT,0.6,1.0,0.0679,1,1,1,FINALIZED_WITHIN_C2_LIMIT,0.239805,0.431
488,40000.0,0.8804,greedy,LIU_QUORUM,8.0,1.0,0.1834,1,1,1,FINALIZED_WITHIN_C2_LIMIT,0.13875,3.429
489,13000.0,0.8802,explore,LIU_QUORUM,2.6,1.0,0.0705,1,1,1,FINALIZED_WITHIN_C2_LIMIT,0.13822,1.374
490,31000.0,0.88,explore,ZYZZYVA,6.2,1.0,0.068,1,1,1,FINALIZED_WITHIN_C2_LIMIT,0.255772,2.811
491,32000.0,0.8797,explore,PBFT,6.4,1.0,0.0933,1,1,1,FINALIZED_WITHIN_C2_LIMIT,0.248774,2.386
492,3000.0,0.8795,explore,LIU_QUORUM,0.6,1.0,0.0963,1,1,1,FINALIZED_WITHIN_C2_LIMIT,0.154673,0.62
493,0.0,0.8792,explore,PBFT,7.4,1.0,0.2103,0,1,1,FINALIZED_WITHIN_C2_LIMIT,0.351991,3.017
494,39000.0,0.879,explore,PBFT,7.8,1.0,0.0669,1,1,1,FINALIZED_WITHIN_C2_LIMIT,0.434364,3.654
495,40000.0,0.8787,greedy,LIU_QUORUM,8.0,1.0,0.1934,1,1,1,FINALIZED_WITHIN_C2_LIMIT,0.190797,3.139
496,0.0,0.8785,greedy,LIU_QUORUM,8.0,1.0,0.2591,0,1,1,FINALIZED_WITHIN_C2_LIMIT,0.311525,3.413
497,19000.0,0.8782,explore,LIU_QUORUM,3.8,1.0,0.0311,1,1,1,FINALIZED_WITHIN_C2_LIMIT,0.477526,1.464
498,0.0,0.878,explore,LIU_QUORUM,8.0,1.0,0.2811,0,1,1,FINALIZED_WITHIN_C2_LIMIT,0.43814,2.886
499,4000.0,0.8777,explore,PBFT,0.8,1.0,0.0674,1,1,1,FINALIZED_WITHIN_C2_LIMIT,3.072735,0.758
500,27000.0,0.8775,explore,ZYZZYVA,5.4,1.0,0.0291,1,1,1,FINALIZED_WITHIN_C2_LIMIT,3.44648,2.13
501,30000.0,0.8773,explore,LIU_QUORUM,6.0,1.0,0.1368,1,1,1,FINALIZED_WITHIN_C2_LIMIT,2.551499,2.182
502,22000.0,0.877,explore,ZYZZYVA,4.4,1.0,0.1982,1,1,1,FINALIZED_WITHIN_C2_LIMIT,0.980832,1.79
503,18000.0,0.8768,explore,PBFT,3.6,1.0,0.0789,1,1,1,FINALIZED_WITHIN_C2_LIMIT,0.194419,1.404
504,27000.0,0.8765,explore,PBFT,5.4,1.0,0.0684,1,1,1,FINALIZED_WITHIN_C2_LIMIT,0.236433,2.089
505,18000.0,0.8763,explore,LIU_QUORUM,3.6,1.0,0.0288,1,1,1,FINALIZED_WITHIN_C2_LIMIT,0.572711,1.575
506,6000.0,0.876,explore,LIU_QUORUM,1.2,1.0,0.0291,1,1,1,FINALIZED_WITHIN_C2_LIMIT,0.05423,0.888
507,24000.0,0.8758,explore,ZYZZYVA,4.8,1.0,0.0686,1,1,1,FINALIZED_WITHIN_C2_LIMIT,0.412285,1.934
508,6000.0,0.8755,explore,PBFT,1.2,1.0,0.0558,1,1,1,FINALIZED_WITHIN_C2_LIMIT,0.651871,1.12
509,29000.0,0.8753,explore,PBFT,5.8,1.0,0.0316,1,1,1,FINALIZED_WITHIN_C2_LIMIT,0.484293,2.496
510,0.0,0.875,greedy,LIU_QUORUM,8.0,1.0,0.2338,0,1,1,FINALIZED_WITHIN_C2_LIMIT,0.266195,3.399
511,29000.0,0.8748,explore,ZYZZYVA,5.8,1.0,0.0686,1,1,1,FINALIZED_WITHIN_C2_LIMIT,0.613344,2.114
512,18000.0,0.8746,explore,LIU_QUORUM,3.6,1.0,0.0708,1,1,1,FINALIZED_WITHIN_C2_LIMIT,1.066543,1.62
513,18000.0,0.8743,explore,LIU_QUORUM,3.6,1.0,0.0739,1,1,1,FINALIZED_WITHIN_C2_LIMIT,0.514792,1.643
514,8000.0,0.8741,explore,LIU_QUORUM,1.6,1.0,0.1831,1,1,1,FINALIZED_WITHIN_C2_LIMIT,0.124407,0.807
515,40000.0,0.8738,greedy,PBFT,8.0,1.0,0.1439,1,1,1,FINALIZED_WITHIN_C2_LIMIT,0.493894,2.627
516,8000.0,0.8736,explore,LIU_QUORUM,1.6,1.0,0.0647,1,1,1,FINALIZED_WITHIN_C2_LIMIT,0.967927,0.825
517,33000.0,0.8733,explore,ZYZZYVA,6.6,1.0,0.0651,1,1,1,FINALIZED_WITHIN_C2_LIMIT,0.815663,2.395
518,8000.0,0.8731,explore,LIU_QUORUM,1.6,1.0,0.1001,1,1,1,FINALIZED_WITHIN_C2_LIMIT,0.283563,0.789
519,40000.0,0.8728,greedy,PBFT,8.0,1.0,0.1833,1,1,1,FINALIZED_WITHIN_C2_LIMIT,0.201348,3.139
520,31000.0,0.8726,explore,LIU_QUORUM,6.2,1.0,0.0787,1,1,1,FINALIZED_WITHIN_C2_LIMIT,0.198446,2.082
521,28000.0,0.8724,explore,LIU_QUORUM,5.6,1.0,0.0881,1,1,1,FINALIZED_WITHIN_C2_LIMIT,0.344136,2.188
522,39000.0,0.8721,explore,ZYZZYVA,7.8,1.0,0.1723,1,1,1,FINALIZED_WITHIN_C2_LIMIT,0.121266,2.45
523,0.0,0.8719,greedy,PBFT,8.0,1.0,0.2118,0,1,1,FINALIZED_WITHIN_C2_LIMIT,0.266514,2.958
524,18000.0,0.8716,explore,ZYZZYVA,3.6,1.0,0.0685,1,1,1,FINALIZED_WITHIN_C2_LIMIT,0.312185,1.626
525,30000.0,0.8714,explore,PBFT,6.0,1.0,0.0308,1,1,1,FINALIZED_WITHIN_C2_LIMIT,0.12892,2.348
526,29000.0,0.8711,explore,ZYZZYVA,5.8,1.0,0.0881,1,1,1,FINALIZED_WITHIN_C2_LIMIT,0.286438,2.112
527,23000.0,0.8709,explore,ZYZZYVA,4.6,1.0,0.0609,1,1,1,FINALIZED_WITHIN_C2_LIMIT,0.244133,1.939
528,10000.0,0.8706,explore,ZYZZYVA,2.0,1.0,0.1459,1,1,1,FINALIZED_WITHIN_C2_LIMIT,0.183749,1.076
529,25000.0,0.8704,explore,PBFT,5.0,1.0,0.0739,1,1,1,FINALIZED_WITHIN_C2_LIMIT,0.26266,2.317
530,32000.0,0.8701,explore,ZYZZYVA,6.4,1.0,0.0401,1,1,1,FINALIZED_WITHIN_C2_LIMIT,0.043479,2.742
531,18000.0,0.8699,explore,LIU_QUORUM,3.6,1.0,0.1416,1,1,1,FINALIZED_WITHIN_C2_LIMIT,0.543357,1.476
532,40000.0,0.8697,greedy,ZYZZYVA,8.0,1.0,0.1597,1,1,1,FINALIZED_WITHIN_C2_LIMIT,0.710426,2.733
533,40000.0,0.8694,greedy,ZYZZYVA,8.0,1.0,0.1597,1,1,1,FINALIZED_WITHIN_C2_LIMIT,0.654327,2.761
534,2000.0,0.8692,explore,PBFT,0.4,1.0,0.0278,1,1,1,FINALIZED_WITHIN_C2_LIMIT,0.128832,0.723
535,18000.0,0.8689,explore,ZYZZYVA,3.6,1.0,0.0312,1,1,1,FINALIZED_WITHIN_C2_LIMIT,0.242039,1.192
536,40000.0,0.8687,greedy,ZYZZYVA,8.0,1.0,0.1528,1,1,1,FINALIZED_WITHIN_C2_LIMIT,0.121709,3.732
537,9000.0,0.8684,explore,ZYZZYVA,1.8,1.0,0.1982,1,1,1,FINALIZED_WITHIN_C2_LIMIT,0.160797,0.876
538,8000.0,0.8682,explore,ZYZZYVA,1.6,1.0,0.0697,1,1,1,FINALIZED_WITHIN_C2_LIMIT,0.342124,1.028
539,40000.0,0.8679,greedy,ZYZZYVA,8.0,1.0,0.1439,1,1,1,FINALIZED_WITHIN_C2_LIMIT,0.124427,2.919
540,32000.0,0.8677,explore,LIU_QUORUM,6.4,1.0,0.0291,1,1,1,FINALIZED_WITHIN_C2_LIMIT,0.202857,2.239
541,40000.0,0.8675,greedy,ZYZZYVA,8.0,1.0,0.1439,1,1,1,FINALIZED_WITHIN_C2_LIMIT,0.326283,2.692
542,40000.0,0.8672,greedy,ZYZZYVA,8.0,1.0,0.1378,1,1,1,FINALIZED_WITHIN_C2_LIMIT,0.159829,2.671
543,13000.0,0.867,explore,PBFT,2.6,1.0,0.0789,1,1,1,FINALIZED_WITHIN_C2_LIMIT,0.230373,1.097
544,11000.0,0.8667,explore,LIU_QUORUM,2.2,1.0,0.1416,1,1,1,FINALIZED_WITHIN_C2_LIMIT,0.18424,1.164
545,23000.0,0.8665,explore,ZYZZYVA,4.6,1.0,0.0299,1,1,1,FINALIZED_WITHIN_C2_LIMIT,0.090028,2.051
546,13000.0,0.8662,explore,ZYZZYVA,2.6,1.0,0.1416,1,1,1,FINALIZED_WITHIN_C2_LIMIT,0.194088,1.253
547,11000.0,0.866,explore,ZYZZYVA,2.2,1.0,0.0933,1,1,1,FINALIZED_WITHIN_C2_LIMIT,0.327461,1.05
548,17000.0,0.8657,explore,ZYZZYVA,3.4,1.0,0.0739,1,1,1,FINALIZED_WITHIN_C2_LIMIT,0.148738,1.356
549,28000.0,0.8655,explore,PBFT,5.6,1.0,0.0739,1,1,1,FINALIZED_WITHIN_C2_LIMIT,0.138401,2.204
550,40000.0,0.8652,greedy,ZYZZYVA,8.0,1.0,0.0926,1,1,1,FINALIZED_WITHIN_C2_LIMIT,0.245053,3.076
551,20000.0,0.865,explore,ZYZZYVA,4.0,1.0,0.0558,1,1,1,FINALIZED_WITHIN_C2_LIMIT,0.142448,1.712
552,17000.0,0.8648,explore,ZYZZYVA,3.4,1.0,0.0401,1,1,1,FINALIZED_WITHIN_C2_LIMIT,0.218655,1.64
553,40000.0,0.8645,greedy,ZYZZYVA,8.0,1.0,0.0703,1,1,1,FINALIZED_WITHIN_C2_LIMIT,0.298043,3.692
554,26000.0,0.8643,explore,PBFT,5.2,1.0,0.0291,1,1,1,FINALIZED_WITHIN_C2_LIMIT,0.21918,2.535
555,24000.0,0.864,explore,PBFT,4.8,1.0,0.0789,1,1,1,FINALIZED_WITHIN_C2_LIMIT,0.028623,2.253
556,29000.0,0.8638,explore,LIU_QUORUM,5.8,1.0,0.0401,1,1,1,FINALIZED_WITHIN_C2_LIMIT,0.092168,2.042
557,40000.0,0.8635,explore,ZYZZYVA,8.0,1.0,0.0668,1,1,1,FINALIZED_WITHIN_C2_LIMIT,0.185433,3.072
558,30000.0,0.8633,explore,LIU_QUORUM,6.0,1.0,0.0401,1,1,1,FINALIZED_WITHIN_C2_LIMIT,0.210108,1.902
559,26000.0,0.863,explore,ZYZZYVA,5.2,1.0,0.0708,1,1,1,FINALIZED_WITHIN_C2_LIMIT,0.311418,2.255
560,22000.0,0.8628,explore,PBFT,4.4,1.0,0.0768,1,1,1,FINALIZED_WITHIN_C2_LIMIT,0.208363,1.665
561,40000.0,0.8626,greedy,ZYZZYVA,8.0,1.0,0.0703,1,1,1,FINALIZED_WITHIN_C2_LIMIT,0.100209,3.091
562,40000.0,0.8623,greedy,ZYZZYVA,8.0,1.0,0.0703,1,1,1,FINALIZED_WITHIN_C2_LIMIT,0.131776,2.675
563,29000.0,0.8621,explore,LIU_QUORUM,5.8,1.0,0.0694,1,1,1,FINALIZED_WITHIN_C2_LIMIT,0.087192,2.385
564,12000.0,0.8618,explore,LIU_QUORUM,2.4,1.0,0.0298,1,1,1,FINALIZED_WITHIN_C2_LIMIT,0.15579,1.391
565,9000.0,0.8616,explore,LIU_QUORUM,1.8,1.0,0.1141,1,1,1,FINALIZED_WITHIN_C2_LIMIT,0.07079,0.967
566,40000.0,0.8613,greedy,ZYZZYVA,8.0,1.0,0.1292,1,1,1,FINALIZED_WITHIN_C2_LIMIT,0.153217,3.048
567,32000.0,0.8611,explore,ZYZZYVA,6.4,1.0,0.0647,1,1,1,FINALIZED_WITHIN_C2_LIMIT,0.259394,2.403
568,3000.0,0.8608,explore,PBFT,0.6,1.0,0.0779,1,1,1,FINALIZED_WITHIN_C2_LIMIT,0.132703,1.078
569,29000.0,0.8606,explore,ZYZZYVA,5.8,1.0,0.0963,1,1,1,FINALIZED_WITHIN_C2_LIMIT,0.253285,2.313
570,40000.0,0.8603,greedy,ZYZZYVA,8.0,1.0,0.1378,1,1,1,FINALIZED_WITHIN_C2_LIMIT,0.189408,3.364
571,40000.0,0.8601,greedy,PBFT,8.0,1.0,0.1255,1,1,1,FINALIZED_WITHIN_C2_LIMIT,0.094395,2.855
572,25000.0,0.8599,explore,ZYZZYVA,5.0,1.0,0.1208,1,1,1,FINALIZED_WITHIN_C2_LIMIT,0.102467,2.111
573,15000.0,0.8596,explore,PBFT,3.0,1.0,0.0786,1,1,1,FINALIZED_WITHIN_C2_LIMIT,0.153367,1.448
574,31000.0,0.8594,explore,LIU_QUORUM,6.2,1.0,0.0679,1,1,1,FINALIZED_WITHIN_C2_LIMIT,0.104155,3.136
575,20000.0,0.8591,explore,LIU_QUORUM,4.0,1.0,0.1085,1,1,1,FINALIZED_WITHIN_C2_LIMIT,0.313182,1.557
576,30000.0,0.8589,explore,ZYZZYVA,6.0,1.0,0.0651,1,1,1,FINALIZED_WITHIN_C2_LIMIT,0.185794,2.082
577,28000.0,0.8586,explore,ZYZZYVA,5.6,1.0,0.0679,1,1,1,FINALIZED_WITHIN_C2_LIMIT,0.04717,1.941
578,38000.0,0.8584,explore,ZYZZYVA,7.6,1.0,0.03,1,1,1,FINALIZED_WITHIN_C2_LIMIT,0.03485,2.777
579,40000.0,0.8581,greedy,ZYZZYVA,8.0,1.0,0.1248,1,1,1,FINALIZED_WITHIN_C2_LIMIT,0.23633,2.432
580,30000.0,0.8579,explore,LIU_QUORUM,6.0,1.0,0.0282,1,1,1,FINALIZED_WITHIN_C2_LIMIT,0.340291,2.279
581,33000.0,0.8577,explore,LIU_QUORUM,6.6,1.0,0.1208,1,1,1,FINALIZED_WITHIN_C2_LIMIT,0.135682,2.422
582,7000.0,0.8574,explore,LIU_QUORUM,1.4,1.0,0.0705,1,1,1,FINALIZED_WITHIN_C2_LIMIT,0.390136,0.889
583,27000.0,0.8572,explore,LIU_QUORUM,5.4,1.0,0.0671,1,1,1,FINALIZED_WITHIN_C2_LIMIT,0.692571,2.307
584,11000.0,0.8569,explore,PBFT,2.2,1.0,0.0401,1,1,1,FINALIZED_WITHIN_C2_LIMIT,0.373758,1.176
585,0.0,0.8567,explore,LIU_QUORUM,3.4,1.0,0.2103,0,1,1,FINALIZED_WITHIN_C2_LIMIT,0.046116,1.413
586,24000.0,0.8564,explore,PBFT,4.8,1.0,0.0779,1,1,1,FINALIZED_WITHIN_C2_LIMIT,0.821655,1.726
587,29000.0,0.8562,explore,LIU_QUORUM,5.8,1.0,0.0294,1,1,1,FINALIZED_WITHIN_C2_LIMIT,1.666604,2.274
588,19000.0,0.8559,explore,LIU_QUORUM,3.8,1.0,0.0294,1,1,1,FINALIZED_WITHIN_C2_LIMIT,1.603286,2.068
589,2000.0,0.8557,explore,ZYZZYVA,0.4,1.0,0.0679,1,1,1,FINALIZED_WITHIN_C2_LIMIT,0.922547,0.429
590,14000.0,0.8555,explore,PBFT,2.8,1.0,0.0278,1,1,1,FINALIZED_WITHIN_C2_LIMIT,0.114602,1.433
591,12000.0,0.8552,explore,PBFT,2.4,1.0,0.068,1,1,1,FINALIZED_WITHIN_C2_LIMIT,0.667035,1.038
592,35000.0,0.855,explore,PBFT,7.0,1.0,0.0669,1,1,1,FINALIZED_WITHIN_C2_LIMIT,1.542158,2.57
593,5000.0,0.8547,explore,LIU_QUORUM,1.0,1.0,0.0715,1,1,1,FINALIZED_WITHIN_C2_LIMIT,1.804845,0.779
594,22000.0,0.8545,explore,PBFT,4.4,1.0,0.1141,1,1,1,FINALIZED_WITHIN_C2_LIMIT,1.088465,1.582
595,22000.0,0.8542,explore,LIU_QUORUM,4.4,1.0,0.0767,1,1,1,FINALIZED_WITHIN_C2_LIMIT,0.300876,1.672
596,13000.0,0.854,explore,LIU_QUORUM,2.6,1.0,0.0702,1,1,1,FINALIZED_WITHIN_C2_LIMIT,0.281021,1.152
597,20000.0,0.8537,explore,ZYZZYVA,4.0,1.0,0.1001,1,1,1,FINALIZED_WITHIN_C2_LIMIT,0.933904,1.433
598,9000.0,0.8535,explore,PBFT,1.8,1.0,0.0669,1,1,1,FINALIZED_WITHIN_C2_LIMIT,0.620286,1.019
599,22000.0,0.8532,explore,ZYZZYVA,4.4,1.0,0.0669,1,1,1,FINALIZED_WITHIN_C2_LIMIT,3.105488,1.79
600,0.0,0.853,explore,LIU_QUORUM,6.8,1.0,0.2355,0,1,1,FINALIZED_WITHIN_C2_LIMIT,3.168369,2.744
601,27000.0,0.8528,explore,LIU_QUORUM,5.4,1.0,0.0739,1,1,1,FINALIZED_WITHIN_C2_LIMIT,1.714424,1.949
602,36000.0,0.8525,explore,LIU_QUORUM,7.2,1.0,0.068,1,1,1,FINALIZED_WITHIN_C2_LIMIT,0.494498,2.819
603,20000.0,0.8523,explore,LIU_QUORUM,4.0,1.0,0.0705,1,1,1,FINALIZED_WITHIN_C2_LIMIT,0.339949,1.583
604,7000.0,0.852,explore,PBFT,1.4,1.0,0.0299,1,1,1,FINALIZED_WITHIN_C2_LIMIT,1.633281,0.908
605,0.0,0.8518,explore,PBFT,4.6,1.0,0.2355,0,1,1,FINALIZED_WITHIN_C2_LIMIT,1.673361,2.181
606,24000.0,0.8515,explore,PBFT,4.8,1.0,0.1723,1,1,1,FINALIZED_WITHIN_C2_LIMIT,0.768711,2.107
607,32000.0,0.8513,explore,LIU_QUORUM,6.4,1.0,0.069,1,1,1,FINALIZED_WITHIN_C2_LIMIT,0.298885,2.302
608,15000.0,0.851,explore,ZYZZYVA,3.0,1.0,0.068,1,1,1,FINALIZED_WITHIN_C2_LIMIT,0.494523,1.491
609,19000.0,0.8508,explore,ZYZZYVA,3.8,1.0,0.19,1,1,1,FINALIZED_WITHIN_C2_LIMIT,1.071785,2.102
610,22000.0,0.8506,explore,LIU_QUORUM,4.4,1.0,0.1141,1,1,1,FINALIZED_WITHIN_C2_LIMIT,1.227692,1.553
611,40000.0,0.8503,greedy,ZYZZYVA,8.0,1.0,0.1238,1,1,1,FINALIZED_WITHIN_C2_LIMIT,0.706249,3.104
612,10000.0,0.8501,explore,LIU_QUORUM,2.0,1.0,0.1001,1,1,1,FINALIZED_WITHIN_C2_LIMIT,0.202764,1.141
613,4000.0,0.8498,explore,ZYZZYVA,0.8,1.0,0.0294,1,1,1,FINALIZED_WITHIN_C2_LIMIT,0.420267,0.658
614,37000.0,0.8496,explore,LIU_QUORUM,7.4,1.0,0.0705,1,1,1,FINALIZED_WITHIN_C2_LIMIT,1.439393,2.682
615,37000.0,0.8493,explore,LIU_QUORUM,7.4,1.0,0.0809,1,1,1,FINALIZED_WITHIN_C2_LIMIT,1.15242,3.07
616,1000.0,0.8491,explore,PBFT,0.2,1.0,0.1723,1,1,1,FINALIZED_WITHIN_C2_LIMIT,0.96548,0.655
617,7000.0,0.8488,explore,ZYZZYVA,1.4,1.0,0.0651,1,1,1,FINALIZED_WITHIN_C2_LIMIT,0.137161,0.683
618,37000.0,0.8486,explore,PBFT,7.4,1.0,0.0278,1,1,1,FINALIZED_WITHIN_C2_LIMIT,0.57648,3.115
619,0.0,0.8483,explore,LIU_QUORUM,5.4,1.0,0.2536,0,1,1,FINALIZED_WITHIN_C2_LIMIT,1.235395,2.175
620,38000.0,0.8481,explore,ZYZZYVA,7.6,1.0,0.0291,1,1,1,FINALIZED_WITHIN_C2_LIMIT,1.304087,2.423
621,32000.0,0.8479,explore,PBFT,6.4,1.0,0.03,1,1,1,FINALIZED_WITHIN_C2_LIMIT,0.602226,2.118
622,0.0,0.8476,explore,PBFT,3.6,1.0,0.2355,0,1,1,FINALIZED_WITHIN_C2_LIMIT,0.101372,1.406
623,39000.0,0.8474,explore,ZYZZYVA,7.8,1.0,0.0401,1,1,1,FINALIZED_WITHIN_C2_LIMIT,0.251366,2.832
624,34000.0,0.8471,explore,PBFT,6.8,1.0,0.0702,1,1,1,FINALIZED_WITHIN_C2_LIMIT,0.068877,2.102
625,18000.0,0.8469,explore,PBFT,3.6,1.0,0.0669,1,1,1,FINALIZED_WITHIN_C2_LIMIT,0.204879,1.124
626,40000.0,0.8466,greedy,ZYZZYVA,8.0,1.0,0.1388,1,1,1,FINALIZED_WITHIN_C2_LIMIT,0.091402,2.589
627,15000.0,0.8464,explore,ZYZZYVA,3.0,1.0,0.0647,1,1,1,FINALIZED_WITHIN_C2_LIMIT,0.180657,1.236
628,31000.0,0.8461,explore,ZYZZYVA,6.2,1.0,0.0298,1,1,1,FINALIZED_WITHIN_C2_LIMIT,0.18859,2.027
629,2000.0,0.8459,explore,ZYZZYVA,0.4,1.0,0.0312,1,1,1,FINALIZED_WITHIN_C2_LIMIT,0.084582,0.706
630,6000.0,0.8457,explore,ZYZZYVA,1.2,1.0,0.0671,1,1,1,FINALIZED_WITHIN_C2_LIMIT,0.650544,0.841
631,40000.0,0.8454,greedy,ZYZZYVA,8.0,1.0,0.1378,1,1,1,FINALIZED_WITHIN_C2_LIMIT,0.819165,2.865
632,16000.0,0.8452,explore,LIU_QUORUM,3.2,1.0,0.072,1,1,1,FINALIZED_WITHIN_C2_LIMIT,0.327755,1.806
633,38000.0,0.8449,explore,PBFT,7.6,1.0,0.1001,1,1,1,FINALIZED_WITHIN_C2_LIMIT,0.195939,2.409
634,8000.0,0.8447,explore,PBFT,1.6,1.0,0.0291,1,1,1,FINALIZED_WITHIN_C2_LIMIT,0.367492,0.904
635,38000.0,0.8444,explore,ZYZZYVA,7.6,1.0,0.0686,1,1,1,FINALIZED_WITHIN_C2_LIMIT,0.327377,2.789
636,10000.0,0.8442,explore,LIU_QUORUM,2.0,1.0,0.1284,1,1,1,FINALIZED_WITHIN_C2_LIMIT,0.297502,0.993
637,32000.0,0.8439,explore,ZYZZYVA,6.4,1.0,0.0669,1,1,1,FINALIZED_WITHIN_C2_LIMIT,0.315879,2.5
638,39000.0,0.8437,explore,PBFT,7.8,1.0,0.0715,1,1,1,FINALIZED_WITHIN_C2_LIMIT,0.138537,2.772
639,14000.0,0.8434,explore,ZYZZYVA,2.8,1.0,0.0453,1,1,1,FINALIZED_WITHIN_C2_LIMIT,0.149015,1.377
640,40000.0,0.8432,greedy,ZYZZYVA,8.0,1.0,0.0942,1,1,1,FINALIZED_WITHIN_C2_LIMIT,0.131373,2.719
641,8000.0,0.843,explore,PBFT,1.6,1.0,0.1368,1,1,1,FINALIZED_WITHIN_C2_LIMIT,0.082913,0.865
642,40000.0,0.8427,greedy,ZYZZYVA,8.0,1.0,0.0942,1,1,1,FINALIZED_WITHIN_C2_LIMIT,0.106424,2.931
643,15000.0,0.8425,explore,PBFT,3.0,1.0,0.0679,1,1,1,FINALIZED_WITHIN_C2_LIMIT,0.111485,1.446
644,40000.0,0.8422,greedy,ZYZZYVA,8.0,1.0,0.0983,1,1,1,FINALIZED_WITHIN_C2_LIMIT,0.198829,2.902
645,13000.0,0.842,explore,PBFT,2.6,1.0,0.0787,1,1,1,FINALIZED_WITHIN_C2_LIMIT,0.153777,1.092
646,40000.0,0.8417,greedy,ZYZZYVA,8.0,1.0,0.0983,1,1,1,FINALIZED_WITHIN_C2_LIMIT,0.046985,2.941
647,38000.0,0.8415,explore,LIU_QUORUM,7.6,1.0,0.0779,1,1,1,FINALIZED_WITHIN_C2_LIMIT,0.157915,2.46
648,10000.0,0.8412,explore,LIU_QUORUM,2.0,1.0,0.0506,1,1,1,FINALIZED_WITHIN_C2_LIMIT,0.21572,1.147
649,34000.0,0.841,explore,ZYZZYVA,6.8,1.0,0.0708,1,1,1,FINALIZED_WITHIN_C2_LIMIT,0.162526,2.699
650,5000.0,0.8407,explore,LIU_QUORUM,1.0,1.0,0.0789,1,1,1,FINALIZED_WITHIN_C2_LIMIT,0.071073,0.868
651,19000.0,0.8405,explore,PBFT,3.8,1.0,0.0769,1,1,1,FINALIZED_WITHIN_C2_LIMIT,0.236047,1.504
652,31000.0,0.8403,explore,LIU_QUORUM,6.2,1.0,0.068,1,1,1,FINALIZED_WITHIN_C2_LIMIT,0.201507,2.419
653,38000.0,0.84,explore,ZYZZYVA,7.6,1.0,0.0739,1,1,1,FINALIZED_WITHIN_C2_LIMIT,0.1484,2.587
654,24000.0,0.8398,explore,PBFT,4.8,1.0,0.0679,1,1,1,FINALIZED_WITHIN_C2_LIMIT,0.130587,1.524
655,36000.0,0.8395,explore,LIU_QUORUM,7.2,1.0,0.0316,1,1,1,FINALIZED_WITHIN_C2_LIMIT,0.140582,2.459
656,1000.0,0.8393,explore,PBFT,0.2,1.0,0.1831,1,1,1,FINALIZED_WITHIN_C2_LIMIT,0.116607,0.412
657,3000.0,0.839,explore,LIU_QUORUM,0.6,1.0,0.0779,1,1,1,FINALIZED_WITHIN_C2_LIMIT,0.193587,0.795
658,40000.0,0.8388,greedy,ZYZZYVA,8.0,1.0,0.1046,1,1,1,FINALIZED_WITHIN_C2_LIMIT,0.210369,2.867
659,27000.0,0.8385,explore,LIU_QUORUM,5.4,1.0,0.0702,1,1,1,FINALIZED_WITHIN_C2_LIMIT,0.099863,1.919
660,21000.0,0.8383,explore,LIU_QUORUM,4.2,1.0,0.069,1,1,1,FINALIZED_WITHIN_C2_LIMIT,0.383082,1.279
661,33000.0,0.8381,explore,PBFT,6.6,1.0,0.0278,1,1,1,FINALIZED_WITHIN_C2_LIMIT,0.86377,2.236
662,0.0,0.8378,explore,LIU_QUORUM,3.0,1.0,0.2103,0,1,1,FINALIZED_WITHIN_C2_LIMIT,0.424449,1.299
663,16000.0,0.8376,explore,ZYZZYVA,3.2,1.0,0.1416,1,1,1,FINALIZED_WITHIN_C2_LIMIT,0.168374,1.578
664,30000.0,0.8373,explore,ZYZZYVA,6.0,1.0,0.0705,1,1,1,FINALIZED_WITHIN_C2_LIMIT,0.569964,1.933
665,22000.0,0.8371,explore,ZYZZYVA,4.4,1.0,0.0362,1,1,1,FINALIZED_WITHIN_C2_LIMIT,1.339048,1.837
666,9000.0,0.8368,explore,LIU_QUORUM,1.8,1.0,0.0769,1,1,1,FINALIZED_WITHIN_C2_LIMIT,1.239617,0.954
667,25000.0,0.8366,explore,LIU_QUORUM,5.0,1.0,0.0671,1,1,1,FINALIZED_WITHIN_C2_LIMIT,0.605078,2.167
668,18000.0,0.8363,explore,LIU_QUORUM,3.6,1.0,0.069,1,1,1,FINALIZED_WITHIN_C2_LIMIT,0.070726,1.62
669,40000.0,0.8361,greedy,ZYZZYVA,8.0,1.0,0.082,1,1,1,FINALIZED_WITHIN_C2_LIMIT,0.761105,3.138
670,16000.0,0.8358,explore,ZYZZYVA,3.2,1.0,0.0739,1,1,1,FINALIZED_WITHIN_C2_LIMIT,1.364849,1.341
671,26000.0,0.8356,explore,LIU_QUORUM,5.2,1.0,0.104,1,1,1,FINALIZED_WITHIN_C2_LIMIT,1.552809,2.338
672,24000.0,0.8354,explore,PBFT,4.8,1.0,0.0933,1,1,1,FINALIZED_WITHIN_C2_LIMIT,0.963277,2.746
673,40000.0,0.8351,greedy,ZYZZYVA,8.0,1.0,0.0681,1,1,1,FINALIZED_WITHIN_C2_LIMIT,0.09783,3.292
674,0.0,0.8349,explore,PBFT,4.4,1.0,0.2536,0,1,1,FINALIZED_WITHIN_C2_LIMIT,0.607778,1.549
675,4000.0,0.8346,explore,PBFT,0.8,1.0,0.0715,1,1,1,FINALIZED_WITHIN_C2_LIMIT,1.48833,0.698
676,15000.0,0.8344,explore,ZYZZYVA,3.0,1.0,0.0881,1,1,1,FINALIZED_WITHIN_C2_LIMIT,1.794148,1.267
677,8000.0,0.8341,explore,ZYZZYVA,1.6,1.0,0.0316,1,1,1,FINALIZED_WITHIN_C2_LIMIT,1.19123,1.075
678,40000.0,0.8339,greedy,ZYZZYVA,8.0,1.0,0.058,1,1,1,FINALIZED_WITHIN_C2_LIMIT,0.422267,2.696
679,40000.0,0.8336,greedy,ZYZZYVA,8.0,1.0,0.0681,1,1,1,FINALIZED_WITHIN_C2_LIMIT,0.198556,2.68
680,31000.0,0.8334,explore,ZYZZYVA,6.2,1.0,0.069,1,1,1,FINALIZED_WITHIN_C2_LIMIT,0.614968,2.124
681,0.0,0.8332,explore,PBFT,7.8,1.0,0.0702,1,0,1,C2_DEADLINE_EXCEEDED,0.759072,2.791
682,14000.0,0.8329,explore,LIU_QUORUM,2.8,1.0,0.0679,1,1,1,FINALIZED_WITHIN_C2_LIMIT,0.375343,1.017
683,40000.0,0.8327,greedy,ZYZZYVA,8.0,1.0,0.058,1,1,1,FINALIZED_WITHIN_C2_LIMIT,0.042168,3.268
684,13000.0,0.8324,explore,PBFT,2.6,1.0,0.0278,1,1,1,FINALIZED_WITHIN_C2_LIMIT,0.153189,1.211
685,16000.0,0.8322,explore,PBFT,3.2,1.0,0.0679,1,1,1,FINALIZED_WITHIN_C2_LIMIT,0.162196,1.353
686,6000.0,0.8319,explore,ZYZZYVA,1.2,1.0,0.0697,1,1,1,FINALIZED_WITHIN_C2_LIMIT,0.2651,0.841
687,11000.0,0.8317,explore,LIU_QUORUM,2.2,1.0,0.0702,1,1,1,FINALIZED_WITHIN_C2_LIMIT,0.280426,1.231
688,40000.0,0.8314,explore,ZYZZYVA,8.0,1.0,0.0278,1,1,1,FINALIZED_WITHIN_C2_LIMIT,0.059462,2.582
689,21000.0,0.8312,explore,LIU_QUORUM,4.2,1.0,0.0688,1,1,1,FINALIZED_WITHIN_C2_LIMIT,0.237781,2.12
690,38000.0,0.831,explore,LIU_QUORUM,7.6,1.0,0.0506,1,1,1,FINALIZED_WITHIN_C2_LIMIT,0.409178,2.16
691,40000.0,0.8307,greedy,ZYZZYVA,8.0,1.0,0.0692,1,1,1,FINALIZED_WITHIN_C2_LIMIT,0.261264,2.947
692,40000.0,0.8305,greedy,ZYZZYVA,8.0,1.0,0.0703,1,1,1,FINALIZED_WITHIN_C2_LIMIT,0.05572,3.216
693,14000.0,0.8302,explore,ZYZZYVA,2.8,1.0,0.1001,1,1,1,FINALIZED_WITHIN_C2_LIMIT,0.151731,1.293
694,37000.0,0.83,explore,PBFT,7.4,1.0,0.0362,1,1,1,FINALIZED_WITHIN_C2_LIMIT,0.085909,2.82
695,32000.0,0.8297,explore,PBFT,6.4,1.0,0.0674,1,1,1,FINALIZED_WITHIN_C2_LIMIT,0.201642,2.013
696,30000.0,0.8295,explore,LIU_QUORUM,6.0,1.0,0.0767,1,1,1,FINALIZED_WITHIN_C2_LIMIT,0.156028,2.923
697,39000.0,0.8292,explore,PBFT,7.8,1.0,0.0694,1,1,1,FINALIZED_WITHIN_C2_LIMIT,0.073781,3.66
698,34000.0,0.829,explore,LIU_QUORUM,6.8,1.0,0.1582,1,1,1,FINALIZED_WITHIN_C2_LIMIT,0.106353,2.726
699,26000.0,0.8287,explore,PBFT,5.2,1.0,0.19,1,1,1,FINALIZED_WITHIN_C2_LIMIT,2.180147,2.207
700,33000.0,0.8285,explore,PBFT,6.6,1.0,0.104,1,1,1,FINALIZED_WITHIN_C2_LIMIT,2.091094,2.843
701,16000.0,0.8283,explore,PBFT,3.2,1.0,0.1001,1,1,1,FINALIZED_WITHIN_C2_LIMIT,1.085299,1.851
702,33000.0,0.828,explore,LIU_QUORUM,6.6,1.0,0.0758,1,1,1,FINALIZED_WITHIN_C2_LIMIT,0.269283,2.511
703,40000.0,0.8278,greedy,ZYZZYVA,8.0,1.0,0.0704,1,1,1,FINALIZED_WITHIN_C2_LIMIT,0.925611,2.584
704,31000.0,0.8275,explore,ZYZZYVA,6.2,1.0,0.067,1,1,1,FINALIZED_WITHIN_C2_LIMIT,1.914635,2.783
705,28000.0,0.8273,explore,ZYZZYVA,5.6,1.0,0.0311,1,1,1,FINALIZED_WITHIN_C2_LIMIT,2.484727,1.904
706,16000.0,0.827,explore,LIU_QUORUM,3.2,1.0,0.0453,1,1,1,FINALIZED_WITHIN_C2_LIMIT,2.004084,1.373
707,34000.0,0.8268,explore,PBFT,6.8,1.0,0.0679,1,1,1,FINALIZED_WITHIN_C2_LIMIT,0.489936,2.538
708,5000.0,0.8265,explore,PBFT,1.0,1.0,0.0506,1,1,1,FINALIZED_WITHIN_C2_LIMIT,0.172589,0.792
709,25000.0,0.8263,explore,ZYZZYVA,5.0,1.0,0.0674,1,1,1,FINALIZED_WITHIN_C2_LIMIT,0.633635,2.191
710,24000.0,0.826,explore,LIU_QUORUM,4.8,1.0,0.0308,1,1,1,FINALIZED_WITHIN_C2_LIMIT,0.648904,1.89
711,7000.0,0.8258,explore,ZYZZYVA,1.4,1.0,0.0298,1,1,1,FINALIZED_WITHIN_C2_LIMIT,0.248028,1.008
712,40000.0,0.8256,greedy,ZYZZYVA,8.0,1.0,0.0713,1,1,1,FINALIZED_WITHIN_C2_LIMIT,0.176034,3.134
713,9000.0,0.8253,explore,ZYZZYVA,1.8,1.0,0.0741,1,1,1,FINALIZED_WITHIN_C2_LIMIT,0.371242,1.083
714,30000.0,0.8251,explore,ZYZZYVA,6.0,1.0,0.0669,1,1,1,FINALIZED_WITHIN_C2_LIMIT,0.21759,2.576
715,20000.0,0.8248,explore,ZYZZYVA,4.0,1.0,0.0694,1,1,1,FINALIZED_WITHIN_C2_LIMIT,0.125931,1.256
716,0.0,0.8246,explore,LIU_QUORUM,3.0,1.0,0.2251,0,1,1,FINALIZED_WITHIN_C2_LIMIT,0.198865,1.515
717,24000.0,0.8243,explore,ZYZZYVA,4.8,1.0,0.1459,1,1,1,FINALIZED_WITHIN_C2_LIMIT,0.113729,2.176
718,35000.0,0.8241,explore,ZYZZYVA,7.0,1.0,0.0779,1,1,1,FINALIZED_WITHIN_C2_LIMIT,0.167589,2.222
719,0.0,0.8238,explore,PBFT,7.0,1.0,0.2251,0,1,1,FINALIZED_WITHIN_C2_LIMIT,0.05299,2.378
720,13000.0,0.8236,explore,ZYZZYVA,2.6,1.0,0.0278,1,1,1,FINALIZED_WITHIN_C2_LIMIT,0.089481,1.077
721,23000.0,0.8234,explore,LIU_QUORUM,4.6,1.0,0.0299,1,1,1,FINALIZED_WITHIN_C2_LIMIT,0.075132,1.992
722,33000.0,0.8231,explore,ZYZZYVA,6.6,1.0,0.0702,1,1,1,FINALIZED_WITHIN_C2_LIMIT,0.130901,2.484
723,0.0,0.8229,explore,LIU_QUORUM,3.0,1.0,0.2355,0,1,1,FINALIZED_WITHIN_C2_LIMIT,0.130389,1.268
724,24000.0,0.8226,explore,ZYZZYVA,4.8,1.0,0.0316,1,1,1,FINALIZED_WITHIN_C2_LIMIT,0.096827,1.93
725,21000.0,0.8224,explore,PBFT,4.2,1.0,0.0767,1,1,1,FINALIZED_WITHIN_C2_LIMIT,0.176081,2.196
726,40000.0,0.8221,greedy,ZYZZYVA,8.0,1.0,0.058,1,1,1,FINALIZED_WITHIN_C2_LIMIT,0.168693,2.973
727,38000.0,0.8219,explore,LIU_QUORUM,7.6,1.0,0.0315,1,1,1,FINALIZED_WITHIN_C2_LIMIT,0.093794,2.536
728,5000.0,0.8216,explore,LIU_QUORUM,1.0,1.0,0.19,1,1,1,FINALIZED_WITHIN_C2_LIMIT,0.473152,0.781
729,40000.0,0.8214,greedy,ZYZZYVA,8.0,1.0,0.0681,1,1,1,FINALIZED_WITHIN_C2_LIMIT,0.748011,2.689
730,40000.0,0.8212,greedy,ZYZZYVA,8.0,1.0,0.0681,1,1,1,FINALIZED_WITHIN_C2_LIMIT,0.485277,2.797
731,25000.0,0.8209,explore,ZYZZYVA,5.0,1.0,0.0689,1,1,1,FINALIZED_WITHIN_C2_LIMIT,0.074095,1.875
732,3000.0,0.8207,explore,ZYZZYVA,0.6,1.0,0.0789,1,1,1,FINALIZED_WITHIN_C2_LIMIT,0.516244,0.887
733,16000.0,0.8204,explore,ZYZZYVA,3.2,1.0,0.0758,1,1,1,FINALIZED_WITHIN_C2_LIMIT,1.562485,1.417
734,7000.0,0.8202,explore,LIU_QUORUM,1.4,1.0,0.0963,1,1,1,FINALIZED_WITHIN_C2_LIMIT,1.399745,0.773
735,17000.0,0.8199,explore,ZYZZYVA,3.4,1.0,0.0294,1,1,1,FINALIZED_WITHIN_C2_LIMIT,0.392844,1.602
736,29000.0,0.8197,explore,LIU_QUORUM,5.8,1.0,0.0769,1,1,1,FINALIZED_WITHIN_C2_LIMIT,0.026007,2.637
737,38000.0,0.8194,explore,ZYZZYVA,7.6,1.0,0.0651,1,1,1,FINALIZED_WITHIN_C2_LIMIT,0.197748,2.806
738,7000.0,0.8192,explore,ZYZZYVA,1.4,1.0,0.0779,1,1,1,FINALIZED_WITHIN_C2_LIMIT,0.12281,0.815
739,40000.0,0.8189,greedy,ZYZZYVA,8.0,1.0,0.0692,1,1,1,FINALIZED_WITHIN_C2_LIMIT,0.133012,3.243
740,7000.0,0.8187,explore,PBFT,1.4,1.0,0.0647,1,1,1,FINALIZED_WITHIN_C2_LIMIT,0.222676,1.037
741,0.0,0.8185,explore,LIU_QUORUM,7.4,1.0,0.2811,0,1,1,FINALIZED_WITHIN_C2_LIMIT,0.104384,2.917
742,40000.0,0.8182,greedy,ZYZZYVA,8.0,1.0,0.0692,1,1,1,FINALIZED_WITHIN_C2_LIMIT,0.078477,2.775
743,38000.0,0.818,explore,ZYZZYVA,7.6,1.0,0.1831,1,1,1,FINALIZED_WITHIN_C2_LIMIT,0.282673,2.313
744,34000.0,0.8177,explore,LIU_QUORUM,6.8,1.0,0.0609,1,1,1,FINALIZED_WITHIN_C2_LIMIT,0.170545,2.438
745,14000.0,0.8175,explore,LIU_QUORUM,2.8,1.0,0.0686,1,1,1,FINALIZED_WITHIN_C2_LIMIT,0.12494,1.481
746,21000.0,0.8172,explore,LIU_QUORUM,4.2,1.0,0.1831,1,1,1,FINALIZED_WITHIN_C2_LIMIT,0.10267,1.822
747,18000.0,0.817,explore,ZYZZYVA,3.6,1.0,0.0705,1,1,1,FINALIZED_WITHIN_C2_LIMIT,0.174734,1.563
748,15000.0,0.8167,explore,ZYZZYVA,3.0,1.0,0.0689,1,1,1,FINALIZED_WITHIN_C2_LIMIT,0.121564,1.186
749,0.0,0.8165,explore,ZYZZYVA,2.8,1.0,0.2536,0,1,1,FINALIZED_WITHIN_C2_LIMIT,0.149899,1.429
750,30000.0,0.8163,explore,ZYZZYVA,6.0,1.0,0.0708,1,1,1,FINALIZED_WITHIN_C2_LIMIT,0.169844,2.636
751,35000.0,0.816,explore,PBFT,7.0,1.0,0.1831,1,1,1,FINALIZED_WITHIN_C2_LIMIT,0.108023,2.506
752,37000.0,0.8158,explore,ZYZZYVA,7.4,1.0,0.0769,1,1,1,FINALIZED_WITHIN_C2_LIMIT,0.096678,2.918
753,2000.0,0.8155,explore,LIU_QUORUM,0.4,1.0,0.03,1,1,1,FINALIZED_WITHIN_C2_LIMIT,0.167437,0.688
754,36000.0,0.8153,explore,ZYZZYVA,7.2,1.0,0.0708,1,1,1,FINALIZED_WITHIN_C2_LIMIT,0.198594,2.842
755,40000.0,0.815,greedy,ZYZZYVA,8.0,1.0,0.0713,1,1,1,FINALIZED_WITHIN_C2_LIMIT,0.067185,2.873
756,29000.0,0.8148,explore,PBFT,5.8,1.0,0.1416,1,1,1,FINALIZED_WITHIN_C2_LIMIT,0.168969,2.34
757,33000.0,0.8145,explore,ZYZZYVA,6.6,1.0,0.0651,1,1,1,FINALIZED_WITHIN_C2_LIMIT,0.110774,2.345
758,25000.0,0.8143,explore,PBFT,5.0,1.0,0.03,1,1,1,FINALIZED_WITHIN_C2_LIMIT,0.262778,2.097
759,31000.0,0.814,explore,ZYZZYVA,6.2,1.0,0.0739,1,1,1,FINALIZED_WITHIN_C2_LIMIT,0.39891,2.828
760,40000.0,0.8138,greedy,ZYZZYVA,8.0,1.0,0.0766,1,1,1,FINALIZED_WITHIN_C2_LIMIT,0.122289,2.582
761,38000.0,0.8136,explore,ZYZZYVA,7.6,1.0,0.0647,1,1,1,FINALIZED_WITHIN_C2_LIMIT,0.191823,2.261
762,40000.0,0.8133,greedy,ZYZZYVA,8.0,1.0,0.0718,1,1,1,FINALIZED_WITHIN_C2_LIMIT,0.748507,2.73
763,39000.0,0.8131,explore,LIU_QUORUM,7.8,1.0,0.03,1,1,1,FINALIZED_WITHIN_C2_LIMIT,0.262621,3.156
764,18000.0,0.8128,explore,LIU_QUORUM,3.6,1.0,0.0697,1,1,1,FINALIZED_WITHIN_C2_LIMIT,0.043268,1.639
765,25000.0,0.8126,explore,LIU_QUORUM,5.0,1.0,0.0674,1,1,1,FINALIZED_WITHIN_C2_LIMIT,0.190168,1.914
766,9000.0,0.8123,explore,LIU_QUORUM,1.8,1.0,0.069,1,1,1,FINALIZED_WITHIN_C2_LIMIT,0.068358,1.158
767,7000.0,0.8121,explore,PBFT,1.4,1.0,0.0705,1,1,1,FINALIZED_WITHIN_C2_LIMIT,0.059971,1.132
768,32000.0,0.8118,explore,PBFT,6.4,1.0,0.0768,1,1,1,FINALIZED_WITHIN_C2_LIMIT,0.057937,2.482
769,0.0,0.8116,explore,LIU_QUORUM,2.0,1.0,0.2536,0,1,1,FINALIZED_WITHIN_C2_LIMIT,0.020255,0.907
770,40000.0,0.8114,greedy,ZYZZYVA,8.0,1.0,0.0718,1,1,1,FINALIZED_WITHIN_C2_LIMIT,0.145017,3.109
771,29000.0,0.8111,explore,PBFT,5.8,1.0,0.0705,1,1,1,FINALIZED_WITHIN_C2_LIMIT,0.056827,2.225
772,38000.0,0.8109,explore,PBFT,7.6,1.0,0.1284,1,1,1,FINALIZED_WITHIN_C2_LIMIT,0.068355,2.821
773,5000.0,0.8106,explore,PBFT,1.0,1.0,0.0453,1,1,1,FINALIZED_WITHIN_C2_LIMIT,0.119552,0.952
774,5000.0,0.8104,explore,LIU_QUORUM,1.0,1.0,0.0316,1,1,1,FINALIZED_WITHIN_C2_LIMIT,0.047443,0.904
775,27000.0,0.8101,explore,LIU_QUORUM,5.4,1.0,0.0741,1,1,1,FINALIZED_WITHIN_C2_LIMIT,0.147292,2.33
776,0.0,0.8099,explore,PBFT,1.6,1.0,0.2251,0,1,1,FINALIZED_WITHIN_C2_LIMIT,0.065968,0.982
777,40000.0,0.8096,greedy,ZYZZYVA,8.0,1.0,0.0718,1,1,1,FINALIZED_WITHIN_C2_LIMIT,0.471979,3.018
778,40000.0,0.8094,greedy,ZYZZYVA,8.0,1.0,0.0718,1,1,1,FINALIZED_WITHIN_C2_LIMIT,0.468094,3.01
779,40000.0,0.8091,greedy,ZYZZYVA,8.0,1.0,0.0718,1,1,1,FINALIZED_WITHIN_C2_LIMIT,0.131618,3.121
780,40000.0,0.8089,explore,ZYZZYVA,8.0,1.0,0.0881,1,1,1,FINALIZED_WITHIN_C2_LIMIT,0.386962,3.102
781,23000.0,0.8087,explore,LIU_QUORUM,4.6,1.0,0.0715,1,1,1,FINALIZED_WITHIN_C2_LIMIT,0.853907,2.211
782,0.0,0.8084,explore,ZYZZYVA,2.4,1.0,0.2355,0,1,1,FINALIZED_WITHIN_C2_LIMIT,0.333702,1.156
783,23000.0,0.8082,explore,LIU_QUORUM,4.6,1.0,0.0669,1,1,1,FINALIZED_WITHIN_C2_LIMIT,0.077031,1.739
784,16000.0,0.8079,explore,LIU_QUORUM,3.2,1.0,0.0767,1,1,1,FINALIZED_WITHIN_C2_LIMIT,0.092231,1.438
785,32000.0,0.8077,explore,ZYZZYVA,6.4,1.0,0.1284,1,1,1,FINALIZED_WITHIN_C2_LIMIT,0.103231,2.8
786,17000.0,0.8074,explore,PBFT,3.4,1.0,0.1723,1,1,1,FINALIZED_WITHIN_C2_LIMIT,0.069609,1.403
787,32000.0,0.8072,explore,ZYZZYVA,6.4,1.0,0.1141,1,1,1,FINALIZED_WITHIN_C2_LIMIT,0.342023,3.072
788,24000.0,0.8069,explore,LIU_QUORUM,4.8,1.0,0.0651,1,1,1,FINALIZED_WITHIN_C2_LIMIT,0.325551,2.042
789,14000.0,0.8067,explore,PBFT,2.8,1.0,0.0684,1,1,1,FINALIZED_WITHIN_C2_LIMIT,0.115632,1.291
790,32000.0,0.8065,explore,ZYZZYVA,6.4,1.0,0.069,1,1,1,FINALIZED_WITHIN_C2_LIMIT,0.262306,1.835
791,40000.0,0.8062,greedy,ZYZZYVA,8.0,1.0,0.0692,1,1,1,FINALIZED_WITHIN_C2_LIMIT,0.228428,2.846
792,40000.0,0.806,greedy,ZYZZYVA,8.0,1.0,0.0692,1,1,1,FINALIZED_WITHIN_C2_LIMIT,0.090289,2.435
793,5000.0,0.8057,explore,ZYZZYVA,1.0,1.0,0.0702,1,1,1,FINALIZED_WITHIN_C2_LIMIT,0.099053,0.894
794,7000.0,0.8055,explore,LIU_QUORUM,1.4,1.0,0.0779,1,1,1,FINALIZED_WITHIN_C2_LIMIT,0.109712,0.897
795,9000.0,0.8052,explore,PBFT,1.8,1.0,0.0768,1,1,1,FINALIZED_WITHIN_C2_LIMIT,0.105288,1.116
796,17000.0,0.805,explore,LIU_QUORUM,3.4,1.0,0.0453,1,1,1,FINALIZED_WITHIN_C2_LIMIT,0.147681,1.439
797,31000.0,0.8047,explore,PBFT,6.2,1.0,0.1982,1,1,1,FINALIZED_WITHIN_C2_LIMIT,0.161826,2.267
798,24000.0,0.8045,explore,PBFT,4.8,1.0,0.0809,1,1,1,FINALIZED_WITHIN_C2_LIMIT,0.114434,1.89
799,30000.0,0.8042,explore,ZYZZYVA,6.0,1.0,0.1416,1,1,1,FINALIZED_WITHIN_C2_LIMIT,2.061801,2.05
800,25000.0,0.804,explore,LIU_QUORUM,5.0,1.0,0.104,1,1,1,FINALIZED_WITHIN_C2_LIMIT,0.94145,2.076
801,16000.0,0.8038,explore,PBFT,3.2,1.0,0.1085,1,1,1,FINALIZED_WITHIN_C2_LIMIT,0.088064,1.471
802,21000.0,0.8035,explore,LIU_QUORUM,4.2,1.0,0.0715,1,1,1,FINALIZED_WITHIN_C2_LIMIT,1.587631,1.976
803,19000.0,0.8033,explore,PBFT,3.8,1.0,0.0316,1,1,1,FINALIZED_WITHIN_C2_LIMIT,3.940969,1.876
804,25000.0,0.803,explore,PBFT,5.0,1.0,0.0688,1,1,1,FINALIZED_WITHIN_C2_LIMIT,4.13515,2.182
805,37000.0,0.8028,explore,LIU_QUORUM,7.4,1.0,0.0686,1,1,1,FINALIZED_WITHIN_C2_LIMIT,2.978216,2.755
806,40000.0,0.8025,greedy,ZYZZYVA,8.0,1.0,0.0711,1,1,1,FINALIZED_WITHIN_C2_LIMIT,0.766983,2.834
807,26000.0,0.8023,explore,PBFT,5.2,1.0,0.0683,1,1,1,FINALIZED_WITHIN_C2_LIMIT,0.21877,1.927
808,17000.0,0.802,explore,LIU_QUORUM,3.4,1.0,0.104,1,1,1,FINALIZED_WITHIN_C2_LIMIT,0.901349,1.782
809,0.0,0.8018,explore,PBFT,7.8,1.0,0.0311,1,0,1,C2_DEADLINE_EXCEEDED,1.015413,3.381
810,40000.0,0.8015,greedy,ZYZZYVA,8.0,1.0,0.0766,1,1,1,FINALIZED_WITHIN_C2_LIMIT,0.458663,3.083
811,36000.0,0.8013,explore,ZYZZYVA,7.2,1.0,0.0739,1,1,1,FINALIZED_WITHIN_C2_LIMIT,0.086429,1.967
812,4000.0,0.8011,explore,ZYZZYVA,0.8,1.0,0.0298,1,1,1,FINALIZED_WITHIN_C2_LIMIT,0.256184,0.723
813,30000.0,0.8008,explore,LIU_QUORUM,6.0,1.0,0.1085,1,1,1,FINALIZED_WITHIN_C2_LIMIT,0.176772,2.416
814,34000.0,0.8006,explore,ZYZZYVA,6.8,1.0,0.0758,1,1,1,FINALIZED_WITHIN_C2_LIMIT,0.18441,3.054
815,40000.0,0.8003,greedy,ZYZZYVA,8.0,1.0,0.0704,1,1,1,FINALIZED_WITHIN_C2_LIMIT,0.257367,2.785
816,17000.0,0.8001,explore,ZYZZYVA,3.4,1.0,0.1459,1,1,1,FINALIZED_WITHIN_C2_LIMIT,0.09895,1.53
817,13000.0,0.7998,explore,ZYZZYVA,2.6,1.0,0.0311,1,1,1,FINALIZED_WITHIN_C2_LIMIT,0.41788,1.126
818,37000.0,0.7996,explore,ZYZZYVA,7.4,1.0,0.1001,1,1,1,FINALIZED_WITHIN_C2_LIMIT,0.592821,3.198
819,4000.0,0.7993,explore,PBFT,0.8,1.0,0.0789,1,1,1,FINALIZED_WITHIN_C2_LIMIT,0.44141,0.957
820,0.0,0.7991,explore,ZYZZYVA,4.8,1.0,0.2103,0,1,1,FINALIZED_WITHIN_C2_LIMIT,0.065003,1.742
821,40000.0,0.7989,greedy,ZYZZYVA,8.0,1.0,0.0692,1,1,1,FINALIZED_WITHIN_C2_LIMIT,0.159549,2.772
822,39000.0,0.7986,explore,LIU_QUORUM,7.8,1.0,0.0933,1,1,1,FINALIZED_WITHIN_C2_LIMIT,0.073478,2.939
823,11000.0,0.7984,explore,PBFT,2.2,1.0,0.0282,1,1,1,FINALIZED_WITHIN_C2_LIMIT,0.184144,1.593
824,40000.0,0.7981,greedy,ZYZZYVA,8.0,1.0,0.0692,1,1,1,FINALIZED_WITHIN_C2_LIMIT,0.095562,3.92
825,40000.0,0.7979,greedy,ZYZZYVA,8.0,1.0,0.0711,1,1,1,FINALIZED_WITHIN_C2_LIMIT,0.112576,2.539
826,22000.0,0.7976,explore,ZYZZYVA,4.4,1.0,0.0787,1,1,1,FINALIZED_WITHIN_C2_LIMIT,0.204388,1.879
827,26000.0,0.7974,explore,PBFT,5.2,1.0,0.1459,1,1,1,FINALIZED_WITHIN_C2_LIMIT,0.116018,2.026
828,14000.0,0.7971,explore,LIU_QUORUM,2.8,1.0,0.0679,1,1,1,FINALIZED_WITHIN_C2_LIMIT,0.116318,1.098
829,0.0,0.7969,explore,LIU_QUORUM,5.8,1.0,0.2251,0,1,1,FINALIZED_WITHIN_C2_LIMIT,0.183597,2.318
830,22000.0,0.7967,explore,LIU_QUORUM,4.4,1.0,0.0298,1,1,1,FINALIZED_WITHIN_C2_LIMIT,0.103467,1.93
831,34000.0,0.7964,explore,PBFT,6.8,1.0,0.068,1,1,1,FINALIZED_WITHIN_C2_LIMIT,0.255524,2.282
832,19000.0,0.7962,explore,ZYZZYVA,3.8,1.0,0.1368,1,1,1,FINALIZED_WITHIN_C2_LIMIT,0.062439,1.558
833,23000.0,0.7959,explore,ZYZZYVA,4.6,1.0,0.1982,1,1,1,FINALIZED_WITHIN_C2_LIMIT,0.292146,1.889
834,40000.0,0.7957,explore,LIU_QUORUM,8.0,1.0,0.069,1,1,1,FINALIZED_WITHIN_C2_LIMIT,0.40874,2.832
835,40000.0,0.7954,greedy,ZYZZYVA,8.0,1.0,0.098,1,1,1,FINALIZED_WITHIN_C2_LIMIT,0.13487,2.98
836,16000.0,0.7952,explore,LIU_QUORUM,3.2,1.0,0.0288,1,1,1,FINALIZED_WITHIN_C2_LIMIT,0.553791,1.527
837,3000.0,0.7949,explore,LIU_QUORUM,0.6,1.0,0.1001,1,1,1,FINALIZED_WITHIN_C2_LIMIT,0.869758,0.725
838,12000.0,0.7947,explore,LIU_QUORUM,2.4,1.0,0.1582,1,1,1,FINALIZED_WITHIN_C2_LIMIT,0.530554,1.171
839,25000.0,0.7944,explore,LIU_QUORUM,5.0,1.0,0.1723,1,1,1,FINALIZED_WITHIN_C2_LIMIT,0.069958,1.631
840,15000.0,0.7942,explore,LIU_QUORUM,3.0,1.0,0.0311,1,1,1,FINALIZED_WITHIN_C2_LIMIT,0.153044,1.054
841,23000.0,0.794,explore,ZYZZYVA,4.6,1.0,0.0401,1,1,1,FINALIZED_WITHIN_C2_LIMIT,0.075568,1.738
842,32000.0,0.7937,explore,ZYZZYVA,6.4,1.0,0.0506,1,1,1,FINALIZED_WITHIN_C2_LIMIT,0.509225,2.248
843,40000.0,0.7935,greedy,ZYZZYVA,8.0,1.0,0.098,1,1,1,FINALIZED_WITHIN_C2_LIMIT,0.721104,3.145
844,40000.0,0.7932,greedy,ZYZZYVA,8.0,1.0,0.098,1,1,1,FINALIZED_WITHIN_C2_LIMIT,0.271376,3.118
845,35000.0,0.793,explore,LIU_QUORUM,7.0,1.0,0.0316,1,1,1,FINALIZED_WITHIN_C2_LIMIT,0.205841,2.366
846,40000.0,0.7927,greedy,ZYZZYVA,8.0,1.0,0.098,1,1,1,FINALIZED_WITHIN_C2_LIMIT,0.473058,2.734
847,11000.0,0.7925,explore,PBFT,2.2,1.0,0.0288,1,1,1,FINALIZED_WITHIN_C2_LIMIT,0.182478,1.254
848,0.0,0.7922,explore,PBFT,7.4,1.0,0.2811,0,1,1,FINALIZED_WITHIN_C2_LIMIT,0.234389,2.456
849,40000.0,0.792,greedy,ZYZZYVA,8.0,1.0,0.098,1,1,1,FINALIZED_WITHIN_C2_LIMIT,0.390284,2.654
850,6000.0,0.7917,explore,PBFT,1.2,1.0,0.0684,1,1,1,FINALIZED_WITHIN_C2_LIMIT,0.130123,1.057
851,16000.0,0.7915,explore,ZYZZYVA,3.2,1.0,0.0668,1,1,1,FINALIZED_WITHIN_C2_LIMIT,0.291995,1.41
852,35000.0,0.7913,explore,ZYZZYVA,7.0,1.0,0.0679,1,1,1,FINALIZED_WITHIN_C2_LIMIT,0.615602,2.635
853,33000.0,0.791,explore,PBFT,6.6,1.0,0.0278,1,1,1,FINALIZED_WITHIN_C2_LIMIT,0.204275,3.158
854,14000.0,0.7908,explore,ZYZZYVA,2.8,1.0,0.0453,1,1,1,FINALIZED_WITHIN_C2_LIMIT,0.181255,1.356
855,40000.0,0.7905,greedy,ZYZZYVA,8.0,1.0,0.1066,1,1,1,FINALIZED_WITHIN_C2_LIMIT,0.40445,2.639
856,0.0,0.7903,explore,ZYZZYVA,4.4,1.0,0.2536,0,1,1,FINALIZED_WITHIN_C2_LIMIT,0.191721,1.838
857,20000.0,0.79,explore,LIU_QUORUM,4.0,1.0,0.1582,1,1,1,FINALIZED_WITHIN_C2_LIMIT,0.314929,1.83
858,40000.0,0.7898,greedy,ZYZZYVA,8.0,1.0,0.0887,1,1,1,FINALIZED_WITHIN_C2_LIMIT,0.522115,3.339
859,40000.0,0.7895,greedy,ZYZZYVA,8.0,1.0,0.0887,1,1,1,FINALIZED_WITHIN_C2_LIMIT,0.184017,3.074
860,0.0,0.7893,explore,PBFT,7.2,1.0,0.2355,0,1,1,FINALIZED_WITHIN_C2_LIMIT,0.170203,2.68
861,7000.0,0.7891,explore,PBFT,1.4,1.0,0.0708,1,1,1,FINALIZED_WITHIN_C2_LIMIT,0.467779,1.032
862,37000.0,0.7888,explore,PBFT,7.4,1.0,0.0651,1,1,1,FINALIZED_WITHIN_C2_LIMIT,0.121797,2.96
863,40000.0,0.7886,greedy,ZYZZYVA,8.0,1.0,0.0766,1,1,1,FINALIZED_WITHIN_C2_LIMIT,0.26824,3.259
864,29000.0,0.7883,explore,LIU_QUORUM,5.8,1.0,0.068,1,1,1,FINALIZED_WITHIN_C2_LIMIT,0.466218,2.126
865,40000.0,0.7881,greedy,ZYZZYVA,8.0,1.0,0.0766,1,1,1,FINALIZED_WITHIN_C2_LIMIT,0.207797,2.739
866,40000.0,0.7878,greedy,ZYZZYVA,8.0,1.0,0.0766,1,1,1,FINALIZED_WITHIN_C2_LIMIT,0.234736,2.463
867,9000.0,0.7876,explore,LIU_QUORUM,1.8,1.0,0.0298,1,1,1,FINALIZED_WITHIN_C2_LIMIT,0.502384,1.096
868,4000.0,0.7873,explore,PBFT,0.8,1.0,0.0933,1,1,1,FINALIZED_WITHIN_C2_LIMIT,0.206067,0.945
869,35000.0,0.7871,explore,PBFT,7.0,1.0,0.0769,1,1,1,FINALIZED_WITHIN_C2_LIMIT,0.256255,3.109
870,1000.0,0.7869,explore,PBFT,0.2,1.0,0.0291,1,1,1,FINALIZED_WITHIN_C2_LIMIT,0.423477,0.834
871,21000.0,0.7866,explore,PBFT,4.2,1.0,0.1141,1,1,1,FINALIZED_WITHIN_C2_LIMIT,0.173078,1.553
872,30000.0,0.7864,explore,ZYZZYVA,6.0,1.0,0.0768,1,1,1,FINALIZED_WITHIN_C2_LIMIT,0.31879,2.173
873,40000.0,0.7861,greedy,ZYZZYVA,8.0,1.0,0.0692,1,1,1,FINALIZED_WITHIN_C2_LIMIT,0.541484,3.356
874,21000.0,0.7859,explore,PBFT,4.2,1.0,0.0715,1,1,1,FINALIZED_WITHIN_C2_LIMIT,0.15202,1.666
875,0.0,0.7856,explore,PBFT,6.4,1.0,0.2811,0,1,1,FINALIZED_WITHIN_C2_LIMIT,0.260773,2.225
876,40000.0,0.7854,greedy,ZYZZYVA,8.0,1.0,0.0718,1,1,1,FINALIZED_WITHIN_C2_LIMIT,0.490593,2.886
877,40000.0,0.7851,greedy,ZYZZYVA,8.0,1.0,0.0718,1,1,1,FINALIZED_WITHIN_C2_LIMIT,0.249385,2.623
878,40000.0,0.7849,greedy,ZYZZYVA,8.0,1.0,0.0718,1,1,1,FINALIZED_WITHIN_C2_LIMIT,0.250289,2.782
879,11000.0,0.7846,explore,ZYZZYVA,2.2,1.0,0.1982,1,1,1,FINALIZED_WITHIN_C2_LIMIT,0.363663,1.274
880,5000.0,0.7844,explore,PBFT,1.0,1.0,0.1831,1,1,1,FINALIZED_WITHIN_C2_LIMIT,0.188872,0.798
881,27000.0,0.7842,explore,ZYZZYVA,5.4,1.0,0.0679,1,1,1,FINALIZED_WITHIN_C2_LIMIT,0.2839,2.309
882,22000.0,0.7839,explore,PBFT,4.4,1.0,0.0308,1,1,1,FINALIZED_WITHIN_C2_LIMIT,0.503356,1.751
883,36000.0,0.7837,explore,LIU_QUORUM,7.2,1.0,0.0689,1,1,1,FINALIZED_WITHIN_C2_LIMIT,0.2125,2.235
884,5000.0,0.7834,explore,ZYZZYVA,1.0,1.0,0.19,1,1,1,FINALIZED_WITHIN_C2_LIMIT,0.262773,0.902
885,40000.0,0.7832,greedy,ZYZZYVA,8.0,1.0,0.0718,1,1,1,FINALIZED_WITHIN_C2_LIMIT,0.443437,2.887
886,40000.0,0.7829,greedy,ZYZZYVA,8.0,1.0,0.0718,1,1,1,FINALIZED_WITHIN_C2_LIMIT,0.131072,2.553
887,21000.0,0.7827,explore,PBFT,4.2,1.0,0.0294,1,1,1,FINALIZED_WITHIN_C2_LIMIT,0.279427,1.402
888,40000.0,0.7824,greedy,ZYZZYVA,8.0,1.0,0.0718,1,1,1,FINALIZED_WITHIN_C2_LIMIT,0.447032,2.892
889,10000.0,0.7822,explore,ZYZZYVA,2.0,1.0,0.0689,1,1,1,FINALIZED_WITHIN_C2_LIMIT,0.231488,1.092
890,24000.0,0.782,explore,PBFT,4.8,1.0,0.0316,1,1,1,FINALIZED_WITHIN_C2_LIMIT,0.359915,1.846
891,8000.0,0.7817,explore,LIU_QUORUM,1.6,1.0,0.0316,1,1,1,FINALIZED_WITHIN_C2_LIMIT,0.278329,0.931
892,39000.0,0.7815,explore,PBFT,7.8,1.0,0.0786,1,1,1,FINALIZED_WITHIN_C2_LIMIT,0.057759,2.952
893,37000.0,0.7812,explore,LIU_QUORUM,7.4,1.0,0.0316,1,1,1,FINALIZED_WITHIN_C2_LIMIT,0.223216,2.714
894,18000.0,0.781,explore,LIU_QUORUM,3.6,1.0,0.0702,1,1,1,FINALIZED_WITHIN_C2_LIMIT,0.437509,1.636
895,9000.0,0.7807,explore,LIU_QUORUM,1.8,1.0,0.1284,1,1,1,FINALIZED_WITHIN_C2_LIMIT,0.192572,1.233
896,40000.0,0.7805,greedy,ZYZZYVA,8.0,1.0,0.0718,1,1,1,FINALIZED_WITHIN_C2_LIMIT,0.170517,2.969
897,13000.0,0.7802,explore,PBFT,2.6,1.0,0.1459,1,1,1,FINALIZED_WITHIN_C2_LIMIT,0.333718,1.453
898,22000.0,0.78,explore,LIU_QUORUM,4.4,1.0,0.0685,1,1,1,FINALIZED_WITHIN_C2_LIMIT,0.185737,1.891
899,40000.0,0.7797,greedy,ZYZZYVA,8.0,1.0,0.0718,1,1,1,FINALIZED_WITHIN_C2_LIMIT,1.500062,2.996
900,40000.0,0.7795,greedy,ZYZZYVA,8.0,1.0,0.0718,1,1,1,FINALIZED_WITHIN_C2_LIMIT,2.077699,3.264
901,20000.0,0.7793,explore,PBFT,4.0,1.0,0.0669,1,1,1,FINALIZED_WITHIN_C2_LIMIT,1.216723,1.594
902,6000.0,0.779,explore,LIU_QUORUM,1.2,1.0,0.0768,1,1,1,FINALIZED_WITHIN_C2_LIMIT,0.200797,0.833
903,9000.0,0.7788,explore,LIU_QUORUM,1.8,1.0,0.104,1,1,1,FINALIZED_WITHIN_C2_LIMIT,0.480003,1.135
904,30000.0,0.7785,explore,LIU_QUORUM,6.0,1.0,0.0694,1,1,1,FINALIZED_WITHIN_C2_LIMIT,1.528026,2.311
905,33000.0,0.7783,explore,ZYZZYVA,6.6,1.0,0.0809,1,1,1,FINALIZED_WITHIN_C2_LIMIT,1.554014,2.48
906,30000.0,0.778,explore,LIU_QUORUM,6.0,1.0,0.1723,1,1,1,FINALIZED_WITHIN_C2_LIMIT,0.790625,1.92
907,11000.0,0.7778,explore,ZYZZYVA,2.2,1.0,0.0758,1,1,1,FINALIZED_WITHIN_C2_LIMIT,0.136081,1.047
908,4000.0,0.7775,explore,PBFT,0.8,1.0,0.0674,1,1,1,FINALIZED_WITHIN_C2_LIMIT,1.084539,0.923
909,40000.0,0.7773,explore,PBFT,8.0,1.0,0.0609,1,1,1,FINALIZED_WITHIN_C2_LIMIT,2.577369,2.752
910,40000.0,0.7771,greedy,ZYZZYVA,8.0,1.0,0.0718,1,1,1,FINALIZED_WITHIN_C2_LIMIT,3.120037,2.858
911,7000.0,0.7768,explore,LIU_QUORUM,1.4,1.0,0.0298,1,1,1,FINALIZED_WITHIN_C2_LIMIT,1.748875,1.08
912,3000.0,0.7766,explore,PBFT,0.6,1.0,0.0787,1,1,1,FINALIZED_WITHIN_C2_LIMIT,0.443106,0.574
913,0.0,0.7763,explore,PBFT,4.8,1.0,0.2355,0,1,1,FINALIZED_WITHIN_C2_LIMIT,0.3474,2.306
914,27000.0,0.7761,explore,PBFT,5.4,1.0,0.0679,1,1,1,FINALIZED_WITHIN_C2_LIMIT,1.230349,2.0
915,10000.0,0.7758,explore,LIU_QUORUM,2.0,1.0,0.0298,1,1,1,FINALIZED_WITHIN_C2_LIMIT,1.615122,1.02
916,28000.0,0.7756,explore,LIU_QUORUM,5.6,1.0,0.0787,1,1,1,FINALIZED_WITHIN_C2_LIMIT,0.700806,1.836
917,40000.0,0.7753,greedy,ZYZZYVA,8.0,1.0,0.0711,1,1,1,FINALIZED_WITHIN_C2_LIMIT,0.097164,2.627
918,12000.0,0.7751,explore,ZYZZYVA,2.4,1.0,0.0453,1,1,1,FINALIZED_WITHIN_C2_LIMIT,1.042457,1.161
919,40000.0,0.7748,greedy,ZYZZYVA,8.0,1.0,0.0692,1,1,1,FINALIZED_WITHIN_C2_LIMIT,1.94125,2.82
920,11000.0,0.7746,explore,PBFT,2.2,1.0,0.0768,1,1,1,FINALIZED_WITHIN_C2_LIMIT,2.359429,1.318
921,40000.0,0.7744,explore,PBFT,8.0,1.0,0.1723,1,1,1,FINALIZED_WITHIN_C2_LIMIT,1.568429,3.24
922,40000.0,0.7741,greedy,ZYZZYVA,8.0,1.0,0.0713,1,1,1,FINALIZED_WITHIN_C2_LIMIT,0.284352,2.309
923,40000.0,0.7739,greedy,ZYZZYVA,8.0,1.0,0.0718,1,1,1,FINALIZED_WITHIN_C2_LIMIT,0.530147,2.562
924,23000.0,0.7736,explore,LIU_QUORUM,4.6,1.0,0.0311,1,1,1,FINALIZED_WITHIN_C2_LIMIT,1.476817,1.674
925,16000.0,0.7734,explore,LIU_QUORUM,3.2,1.0,0.0671,1,1,1,FINALIZED_WITHIN_C2_LIMIT,1.893904,1.499
926,14000.0,0.7731,explore,ZYZZYVA,2.8,1.0,0.0767,1,1,1,FINALIZED_WITHIN_C2_LIMIT,1.012412,1.257
927,5000.0,0.7729,explore,ZYZZYVA,1.0,1.0,0.0789,1,1,1,FINALIZED_WITHIN_C2_LIMIT,0.140314,0.714
928,1000.0,0.7726,explore,ZYZZYVA,0.2,1.0,0.0705,1,1,1,FINALIZED_WITHIN_C2_LIMIT,0.582081,0.388
929,14000.0,0.7724,explore,PBFT,2.8,1.0,0.03,1,1,1,FINALIZED_WITHIN_C2_LIMIT,1.429782,1.569
930,30000.0,0.7722,explore,ZYZZYVA,6.0,1.0,0.0684,1,1,1,FINALIZED_WITHIN_C2_LIMIT,1.571479,2.563
931,32000.0,0.7719,explore,PBFT,6.4,1.0,0.0312,1,1,1,FINALIZED_WITHIN_C2_LIMIT,0.868892,2.38
932,40000.0,0.7717,greedy,ZYZZYVA,8.0,1.0,0.058,1,1,1,FINALIZED_WITHIN_C2_LIMIT,0.096853,2.823
933,40000.0,0.7714,greedy,ZYZZYVA,8.0,1.0,0.0563,1,1,1,FINALIZED_WITHIN_C2_LIMIT,1.005685,2.356
934,38000.0,0.7712,explore,LIU_QUORUM,7.6,1.0,0.0694,1,1,1,FINALIZED_WITHIN_C2_LIMIT,2.206766,2.715
935,39000.0,0.7709,explore,LIU_QUORUM,7.8,1.0,0.0312,1,1,1,FINALIZED_WITHIN_C2_LIMIT,2.820675,2.256
936,33000.0,0.7707,explore,PBFT,6.6,1.0,0.1368,1,1,1,FINALIZED_WITHIN_C2_LIMIT,1.755435,2.408
937,20000.0,0.7704,explore,LIU_QUORUM,4.0,1.0,0.0702,1,1,1,FINALIZED_WITHIN_C2_LIMIT,0.462482,1.559
938,2000.0,0.7702,explore,PBFT,0.4,1.0,0.0679,1,1,1,FINALIZED_WITHIN_C2_LIMIT,0.249564,0.58
939,35000.0,0.7699,explore,LIU_QUORUM,7.0,1.0,0.03,1,1,1,FINALIZED_WITHIN_C2_LIMIT,0.72184,2.764
940,21000.0,0.7697,explore,ZYZZYVA,4.2,1.0,0.067,1,1,1,FINALIZED_WITHIN_C2_LIMIT,0.800379,1.835
941,11000.0,0.7695,explore,PBFT,2.2,1.0,0.0671,1,1,1,FINALIZED_WITHIN_C2_LIMIT,0.385031,1.282
942,12000.0,0.7692,explore,LIU_QUORUM,2.4,1.0,0.104,1,1,1,FINALIZED_WITHIN_C2_LIMIT,0.150553,1.027
943,26000.0,0.769,explore,LIU_QUORUM,5.2,1.0,0.1368,1,1,1,FINALIZED_WITHIN_C2_LIMIT,0.382967,2.105
944,11000.0,0.7687,explore,ZYZZYVA,2.2,1.0,0.0288,1,1,1,FINALIZED_WITHIN_C2_LIMIT,0.233444,0.953
945,20000.0,0.7685,explore,LIU_QUORUM,4.0,1.0,0.0702,1,1,1,FINALIZED_WITHIN_C2_LIMIT,0.195104,1.475
946,33000.0,0.7682,explore,LIU_QUORUM,6.6,1.0,0.0787,1,1,1,FINALIZED_WITHIN_C2_LIMIT,0.272587,2.063
947,0.0,0.768,explore,LIU_QUORUM,4.0,1.0,0.2103,0,1,1,FINALIZED_WITHIN_C2_LIMIT,0.086022,1.609
948,25000.0,0.7677,explore,ZYZZYVA,5.0,1.0,0.0609,1,1,1,FINALIZED_WITHIN_C2_LIMIT,0.435185,2.025
949,10000.0,0.7675,explore,LIU_QUORUM,2.0,1.0,0.0668,1,1,1,FINALIZED_WITHIN_C2_LIMIT,0.519453,0.924
950,20000.0,0.7672,explore,LIU_QUORUM,4.0,1.0,0.1982,1,1,1,FINALIZED_WITHIN_C2_LIMIT,0.304127,1.988
951,6000.0,0.767,explore,LIU_QUORUM,1.2,1.0,0.0651,1,1,1,FINALIZED_WITHIN_C2_LIMIT,0.096142,0.907
952,40000.0,0.7668,greedy,ZYZZYVA,8.0,1.0,0.058,1,1,1,FINALIZED_WITHIN_C2_LIMIT,0.144972,2.774
953,14000.0,0.7665,explore,ZYZZYVA,2.8,1.0,0.0705,1,1,1,FINALIZED_WITHIN_C2_LIMIT,0.085369,1.118
954,30000.0,0.7663,explore,PBFT,6.0,1.0,0.0809,1,1,1,FINALIZED_WITHIN_C2_LIMIT,0.130744,2.211
955,0.0,0.766,explore,ZYZZYVA,4.8,1.0,0.2536,0,1,1,FINALIZED_WITHIN_C2_LIMIT,0.147664,1.439
956,33000.0,0.7658,explore,LIU_QUORUM,6.6,1.0,0.0299,1,1,1,FINALIZED_WITHIN_C2_LIMIT,0.119147,2.244
957,40000.0,0.7655,greedy,ZYZZYVA,8.0,1.0,0.0571,1,1,1,FINALIZED_WITHIN_C2_LIMIT,0.161345,2.427
958,4000.0,0.7653,explore,LIU_QUORUM,0.8,1.0,0.0312,1,1,1,FINALIZED_WITHIN_C2_LIMIT,0.118048,0.748
959,40000.0,0.765,greedy,ZYZZYVA,8.0,1.0,0.0692,1,1,1,FINALIZED_WITHIN_C2_LIMIT,0.160949,2.913
960,31000.0,0.7648,explore,LIU_QUORUM,6.2,1.0,0.0312,1,1,1,FINALIZED_WITHIN_C2_LIMIT,0.172881,1.753
961,28000.0,0.7646,explore,LIU_QUORUM,5.6,1.0,0.0702,1,1,1,FINALIZED_WITHIN_C2_LIMIT,0.136997,2.02
962,31000.0,0.7643,explore,PBFT,6.2,1.0,0.1459,1,1,1,FINALIZED_WITHIN_C2_LIMIT,0.119414,1.805
963,13000.0,0.7641,explore,PBFT,2.6,1.0,0.0708,1,1,1,FINALIZED_WITHIN_C2_LIMIT,0.12948,1.056
964,21000.0,0.7638,explore,ZYZZYVA,4.2,1.0,0.0316,1,1,1,FINALIZED_WITHIN_C2_LIMIT,0.165073,1.391
965,19000.0,0.7636,explore,LIU_QUORUM,3.8,1.0,0.0282,1,1,1,FINALIZED_WITHIN_C2_LIMIT,0.117279,1.65
966,36000.0,0.7633,explore,ZYZZYVA,7.2,1.0,0.0702,1,1,1,FINALIZED_WITHIN_C2_LIMIT,0.090342,2.341
967,40000.0,0.7631,greedy,ZYZZYVA,8.0,1.0,0.0572,1,1,1,FINALIZED_WITHIN_C2_LIMIT,0.10034,2.261
968,0.0,0.7628,explore,PBFT,2.6,1.0,0.2536,0,1,1,FINALIZED_WITHIN_C2_LIMIT,0.207907,1.123
969,8000.0,0.7626,explore,ZYZZYVA,1.6,1.0,0.0684,1,1,1,FINALIZED_WITHIN_C2_LIMIT,0.187277,0.793
970,6000.0,0.7623,explore,LIU_QUORUM,1.2,1.0,0.0705,1,1,1,FINALIZED_WITHIN_C2_LIMIT,0.09967,0.7
971,37000.0,0.7621,explore,ZYZZYVA,7.4,1.0,0.0694,1,1,1,FINALIZED_WITHIN_C2_LIMIT,0.134799,2.403
972,16000.0,0.7619,explore,PBFT,3.2,1.0,0.19,1,1,1,FINALIZED_WITHIN_C2_LIMIT,0.210123,1.252
973,7000.0,0.7616,explore,ZYZZYVA,1.4,1.0,0.0694,1,1,1,FINALIZED_WITHIN_C2_LIMIT,0.190639,0.797
974,38000.0,0.7614,explore,ZYZZYVA,7.6,1.0,0.1723,1,1,1,FINALIZED_WITHIN_C2_LIMIT,0.104617,2.095
975,24000.0,0.7611,explore,ZYZZYVA,4.8,1.0,0.1284,1,1,1,FINALIZED_WITHIN_C2_LIMIT,0.112304,1.61
976,0.0,0.7609,explore,LIU_QUORUM,0.8,1.0,0.2536,0,1,1,FINALIZED_WITHIN_C2_LIMIT,0.191162,0.649
977,40000.0,0.7606,greedy,ZYZZYVA,8.0,1.0,0.0444,1,1,1,FINALIZED_WITHIN_C2_LIMIT,0.249279,2.572
978,40000.0,0.7604,greedy,ZYZZYVA,8.0,1.0,0.0444,1,1,1,FINALIZED_WITHIN_C2_LIMIT,0.119271,2.545
979,31000.0,0.7601,explore,PBFT,6.2,1.0,0.072,1,1,1,FINALIZED_WITHIN_C2_LIMIT,0.033855,1.991
980,9000.0,0.7599,explore,PBFT,1.8,1.0,0.03,1,1,1,FINALIZED_WITHIN_C2_LIMIT,0.220547,1.145
981,40000.0,0.7597,greedy,ZYZZYVA,8.0,1.0,0.0597,1,1,1,FINALIZED_WITHIN_C2_LIMIT,0.251792,2.552
982,40000.0,0.7594,greedy,ZYZZYVA,8.0,1.0,0.0597,1,1,1,FINALIZED_WITHIN_C2_LIMIT,0.170019,2.564
983,40000.0,0.7592,greedy,ZYZZYVA,8.0,1.0,0.0597,1,1,1,FINALIZED_WITHIN_C2_LIMIT,0.119315,2.754
984,40000.0,0.7589,greedy,ZYZZYVA,8.0,1.0,0.0656,1,1,1,FINALIZED_WITHIN_C2_LIMIT,0.098206,2.931
985,6000.0,0.7587,explore,LIU_QUORUM,1.2,1.0,0.0786,1,1,1,FINALIZED_WITHIN_C2_LIMIT,0.161592,0.894
986,17000.0,0.7584,explore,LIU_QUORUM,3.4,1.0,0.0702,1,1,1,FINALIZED_WITHIN_C2_LIMIT,0.311231,1.23
987,3000.0,0.7582,explore,LIU_QUORUM,0.6,1.0,0.0278,1,1,1,FINALIZED_WITHIN_C2_LIMIT,0.44818,0.671
988,21000.0,0.7579,explore,LIU_QUORUM,4.2,1.0,0.0702,1,1,1,FINALIZED_WITHIN_C2_LIMIT,0.18372,1.196
989,40000.0,0.7577,greedy,ZYZZYVA,8.0,1.0,0.0588,1,1,1,FINALIZED_WITHIN_C2_LIMIT,0.248018,2.312
990,40000.0,0.7574,greedy,ZYZZYVA,8.0,1.0,0.0459,1,1,1,FINALIZED_WITHIN_C2_LIMIT,0.775805,2.466
991,16000.0,0.7572,explore,ZYZZYVA,3.2,1.0,0.0697,1,1,1,FINALIZED_WITHIN_C2_LIMIT,0.420389,1.593
992,23000.0,0.757,explore,LIU_QUORUM,4.6,1.0,0.0453,1,1,1,FINALIZED_WITHIN_C2_LIMIT,0.063136,1.51
993,12000.0,0.7567,explore,ZYZZYVA,2.4,1.0,0.0278,1,1,1,FINALIZED_WITHIN_C2_LIMIT,0.086088,1.083
994,29000.0,0.7565,explore,LIU_QUORUM,5.8,1.0,0.0702,1,1,1,FINALIZED_WITHIN_C2_LIMIT,0.058636,2.256
995,20000.0,0.7562,explore,LIU_QUORUM,4.0,1.0,0.0669,1,1,1,FINALIZED_WITHIN_C2_LIMIT,0.042885,1.565
996,40000.0,0.756,greedy,ZYZZYVA,8.0,1.0,0.0444,1,1,1,FINALIZED_WITHIN_C2_LIMIT,0.122616,2.454
997,40000.0,0.7557,greedy,ZYZZYVA,8.0,1.0,0.0444,1,1,1,FINALIZED_WITHIN_C2_LIMIT,0.129475,2.447
998,40000.0,0.7555,greedy,ZYZZYVA,8.0,1.0,0.0444,1,1,1,FINALIZED_WITHIN_C2_LIMIT,0.085877,2.303
999,20000.0,0.7552,explore,ZYZZYVA,4.0,1.0,0.0686,1,1,1,FINALIZED_WITHIN_C2_LIMIT,1.534224,1.479
1000,40000.0,0.755,greedy,ZYZZYVA,8.0,1.0,0.0435,1,1,1,FINALIZED_WITHIN_C2_LIMIT,1.622086,2.902
1001,14000.0,0.7548,explore,ZYZZYVA,2.8,1.0,0.0298,1,1,1,FINALIZED_WITHIN_C2_LIMIT,0.818462,1.212
1002,1000.0,0.7545,explore,ZYZZYVA,0.2,1.0,0.0609,1,1,1,FINALIZED_WITHIN_C2_LIMIT,0.074481,0.481
1003,40000.0,0.7543,greedy,ZYZZYVA,8.0,1.0,0.0454,1,1,1,FINALIZED_WITHIN_C2_LIMIT,0.785422,3.297
1004,12000.0,0.754,explore,ZYZZYVA,2.4,1.0,0.0278,1,1,1,FINALIZED_WITHIN_C2_LIMIT,1.545384,1.021
1005,1000.0,0.7538,explore,PBFT,0.2,1.0,0.0739,1,1,1,FINALIZED_WITHIN_C2_LIMIT,1.376827,0.677
1006,1000.0,0.7535,explore,ZYZZYVA,0.2,1.0,0.0702,1,1,1,FINALIZED_WITHIN_C2_LIMIT,0.279466,0.478
1007,38000.0,0.7533,explore,LIU_QUORUM,7.6,1.0,0.0312,1,1,1,FINALIZED_WITHIN_C2_LIMIT,0.36451,2.566
1008,40000.0,0.753,greedy,ZYZZYVA,8.0,1.0,0.0571,1,1,1,FINALIZED_WITHIN_C2_LIMIT,1.076989,2.729
1009,40000.0,0.7528,greedy,ZYZZYVA,8.0,1.0,0.0571,1,1,1,FINALIZED_WITHIN_C2_LIMIT,0.878845,2.398
1010,40000.0,0.7526,greedy,ZYZZYVA,8.0,1.0,0.0548,1,1,1,FINALIZED_WITHIN_C2_LIMIT,0.235051,2.598
1011,7000.0,0.7523,explore,PBFT,1.4,1.0,0.0787,1,1,1,FINALIZED_WITHIN_C2_LIMIT,0.605264,1.086
1012,24000.0,0.7521,explore,ZYZZYVA,4.8,1.0,0.0739,1,1,1,FINALIZED_WITHIN_C2_LIMIT,1.348436,2.027
1013,6000.0,0.7518,explore,ZYZZYVA,1.2,1.0,0.0278,1,1,1,FINALIZED_WITHIN_C2_LIMIT,1.030016,0.856
1014,40000.0,0.7516,greedy,ZYZZYVA,8.0,1.0,0.0548,1,1,1,FINALIZED_WITHIN_C2_LIMIT,0.297953,2.389
1015,40000.0,0.7513,greedy,ZYZZYVA,8.0,1.0,0.0548,1,1,1,FINALIZED_WITHIN_C2_LIMIT,0.286858,2.258
1016,7000.0,0.7511,explore,ZYZZYVA,1.4,1.0,0.0685,1,1,1,FINALIZED_WITHIN_C2_LIMIT,0.705655,0.922
1017,9000.0,0.7508,explore,PBFT,1.8,1.0,0.0741,1,1,1,FINALIZED_WITHIN_C2_LIMIT,0.559723,1.086
1018,10000.0,0.7506,explore,PBFT,2.0,1.0,0.0609,1,1,1,FINALIZED_WITHIN_C2_LIMIT,0.081018,0.917
1019,35000.0,0.7503,explore,LIU_QUORUM,7.0,1.0,0.067,1,1,1,FINALIZED_WITHIN_C2_LIMIT,0.761827,2.355
1020,20000.0,0.7501,explore,LIU_QUORUM,4.0,1.0,0.1459,1,1,1,FINALIZED_WITHIN_C2_LIMIT,1.760674,1.374
1021,7000.0,0.7499,explore,PBFT,1.4,1.0,0.0767,1,1,1,FINALIZED_WITHIN_C2_LIMIT,1.564877,0.903
1022,25000.0,0.7496,explore,PBFT,5.0,1.0,0.0288,1,1,1,FINALIZED_WITHIN_C2_LIMIT,0.551572,1.844
1023,40000.0,0.7494,greedy,ZYZZYVA,8.0,1.0,0.0548,1,1,1,FINALIZED_WITHIN_C2_LIMIT,0.151058,2.707
1024,40000.0,0.7491,greedy,ZYZZYVA,8.0,1.0,0.0548,1,1,1,FINALIZED_WITHIN_C2_LIMIT,0.336288,2.241
1025,7000.0,0.7489,explore,ZYZZYVA,1.4,1.0,0.0741,1,1,1,FINALIZED_WITHIN_C2_LIMIT,0.212501,0.868
1026,11000.0,0.7486,explore,ZYZZYVA,2.2,1.0,0.1284,1,1,1,FINALIZED_WITHIN_C2_LIMIT,0.090868,1.167
1027,34000.0,0.7484,explore,PBFT,6.8,1.0,0.1982,1,1,1,FINALIZED_WITHIN_C2_LIMIT,0.113731,2.382
1028,10000.0,0.7481,explore,LIU_QUORUM,2.0,1.0,0.0312,1,1,1,FINALIZED_WITHIN_C2_LIMIT,0.1152,1.166
1029,8000.0,0.7479,explore,ZYZZYVA,1.6,1.0,0.0669,1,1,1,FINALIZED_WITHIN_C2_LIMIT,0.060994,0.808
1030,6000.0,0.7476,explore,PBFT,1.2,1.0,0.0715,1,1,1,FINALIZED_WITHIN_C2_LIMIT,0.30273,0.951
1031,6000.0,0.7474,explore,LIU_QUORUM,1.2,1.0,0.068,1,1,1,FINALIZED_WITHIN_C2_LIMIT,0.290378,0.802
1032,16000.0,0.7472,explore,PBFT,3.2,1.0,0.0647,1,1,1,FINALIZED_WITHIN_C2_LIMIT,0.0308,1.126
1033,20000.0,0.7469,explore,LIU_QUORUM,4.0,1.0,0.0881,1,1,1,FINALIZED_WITHIN_C2_LIMIT,0.089688,1.593
1034,40000.0,0.7467,greedy,ZYZZYVA,8.0,1.0,0.0561,1,1,1,FINALIZED_WITHIN_C2_LIMIT,0.237571,2.578
1035,4000.0,0.7464,explore,PBFT,0.8,1.0,0.0758,1,1,1,FINALIZED_WITHIN_C2_LIMIT,0.144536,0.779
1036,40000.0,0.7462,greedy,ZYZZYVA,8.0,1.0,0.0561,1,1,1,FINALIZED_WITHIN_C2_LIMIT,0.118076,2.873
1037,40000.0,0.7459,greedy,ZYZZYVA,8.0,1.0,0.0577,1,1,1,FINALIZED_WITHIN_C2_LIMIT,0.107962,3.494
1038,40000.0,0.7457,greedy,ZYZZYVA,8.0,1.0,0.0454,1,1,1,FINALIZED_WITHIN_C2_LIMIT,0.104125,2.615
1039,15000.0,0.7454,explore,ZYZZYVA,3.0,1.0,0.0779,1,1,1,FINALIZED_WITHIN_C2_LIMIT,0.082043,1.221
1040,38000.0,0.7452,explore,PBFT,7.6,1.0,0.0786,1,1,1,FINALIZED_WITHIN_C2_LIMIT,0.218339,2.257
1041,39000.0,0.745,explore,LIU_QUORUM,7.8,1.0,0.1459,1,1,1,FINALIZED_WITHIN_C2_LIMIT,0.085509,2.372
1042,29000.0,0.7447,explore,ZYZZYVA,5.8,1.0,0.0789,1,1,1,FINALIZED_WITHIN_C2_LIMIT,0.09782,2.07
1043,24000.0,0.7445,explore,ZYZZYVA,4.8,1.0,0.0647,1,1,1,FINALIZED_WITHIN_C2_LIMIT,0.090865,1.796
1044,5000.0,0.7442,explore,ZYZZYVA,1.0,1.0,0.0758,1,1,1,FINALIZED_WITHIN_C2_LIMIT,0.170147,0.669
1045,32000.0,0.744,explore,LIU_QUORUM,6.4,1.0,0.069,1,1,1,FINALIZED_WITHIN_C2_LIMIT,0.225475,1.973
1046,15000.0,0.7437,explore,ZYZZYVA,3.0,1.0,0.1368,1,1,1,FINALIZED_WITHIN_C2_LIMIT,0.128069,1.359
1047,1000.0,0.7435,explore,ZYZZYVA,0.2,1.0,0.03,1,1,1,FINALIZED_WITHIN_C2_LIMIT,0.100802,0.468
1048,40000.0,0.7432,greedy,ZYZZYVA,8.0,1.0,0.0418,1,1,1,FINALIZED_WITHIN_C2_LIMIT,0.141826,2.881
1049,19000.0,0.743,explore,ZYZZYVA,3.8,1.0,0.03,1,1,1,FINALIZED_WITHIN_C2_LIMIT,0.182933,1.31
1050,37000.0,0.7428,explore,LIU_QUORUM,7.4,1.0,0.0282,1,1,1,FINALIZED_WITHIN_C2_LIMIT,0.146407,2.608
1051,40000.0,0.7425,greedy,ZYZZYVA,8.0,1.0,0.0418,1,1,1,FINALIZED_WITHIN_C2_LIMIT,0.12565,2.522
1052,40000.0,0.7423,greedy,ZYZZYVA,8.0,1.0,0.0418,1,1,1,FINALIZED_WITHIN_C2_LIMIT,0.151763,2.601
1053,34000.0,0.742,explore,LIU_QUORUM,6.8,1.0,0.067,1,1,1,FINALIZED_WITHIN_C2_LIMIT,0.114948,2.052
1054,17000.0,0.7418,explore,ZYZZYVA,3.4,1.0,0.0308,1,1,1,FINALIZED_WITHIN_C2_LIMIT,0.165901,1.319
1055,40000.0,0.7415,greedy,ZYZZYVA,8.0,1.0,0.0418,1,1,1,FINALIZED_WITHIN_C2_LIMIT,0.161242,2.602
1056,6000.0,0.7413,explore,PBFT,1.2,1.0,0.0308,1,1,1,FINALIZED_WITHIN_C2_LIMIT,0.177756,0.931
1057,0.0,0.741,explore,PBFT,1.2,1.0,0.2355,0,1,1,FINALIZED_WITHIN_C2_LIMIT,0.053965,0.885
1058,29000.0,0.7408,explore,PBFT,5.8,1.0,0.1085,1,1,1,FINALIZED_WITHIN_C2_LIMIT,0.245,2.155
1059,40000.0,0.7405,greedy,ZYZZYVA,8.0,1.0,0.0418,1,1,1,FINALIZED_WITHIN_C2_LIMIT,0.263349,2.643
1060,38000.0,0.7403,explore,PBFT,7.6,1.0,0.0702,1,1,1,FINALIZED_WITHIN_C2_LIMIT,0.082448,2.353
1061,0.0,0.7401,explore,PBFT,7.0,1.0,0.2103,0,1,1,FINALIZED_WITHIN_C2_LIMIT,0.045973,1.968
1062,39000.0,0.7398,explore,LIU_QUORUM,7.8,1.0,0.0278,1,1,1,FINALIZED_WITHIN_C2_LIMIT,0.255213,2.552
1063,13000.0,0.7396,explore,ZYZZYVA,2.6,1.0,0.0686,1,1,1,FINALIZED_WITHIN_C2_LIMIT,0.309603,1.043
1064,14000.0,0.7393,explore,PBFT,2.8,1.0,0.0708,1,1,1,FINALIZED_WITHIN_C2_LIMIT,0.078295,1.402
1065,24000.0,0.7391,explore,LIU_QUORUM,4.8,1.0,0.0278,1,1,1,FINALIZED_WITHIN_C2_LIMIT,0.112819,2.086
1066,13000.0,0.7388,explore,LIU_QUORUM,2.6,1.0,0.0558,1,1,1,FINALIZED_WITHIN_C2_LIMIT,0.104391,1.083
1067,5000.0,0.7386,explore,PBFT,1.0,1.0,0.1459,1,1,1,FINALIZED_WITHIN_C2_LIMIT,0.057615,0.782
1068,9000.0,0.7383,explore,LIU_QUORUM,1.8,1.0,0.0315,1,1,1,FINALIZED_WITHIN_C2_LIMIT,0.261263,0.977
1069,40000.0,0.7381,greedy,ZYZZYVA,8.0,1.0,0.0454,1,1,1,FINALIZED_WITHIN_C2_LIMIT,0.259673,2.581
1070,38000.0,0.7379,explore,PBFT,7.6,1.0,0.0679,1,1,1,FINALIZED_WITHIN_C2_LIMIT,0.063572,2.513
1071,0.0,0.7376,explore,ZYZZYVA,7.4,1.0,0.2251,0,1,1,FINALIZED_WITHIN_C2_LIMIT,0.716906,2.348
1072,35000.0,0.7374,explore,PBFT,7.0,1.0,0.0278,1,1,1,FINALIZED_WITHIN_C2_LIMIT,1.707415,2.483
1073,1000.0,0.7371,explore,PBFT,0.2,1.0,0.0558,1,1,1,FINALIZED_WITHIN_C2_LIMIT,0.906412,0.817
1074,36000.0,0.7369,explore,LIU_QUORUM,7.2,1.0,0.0278,1,1,1,FINALIZED_WITHIN_C2_LIMIT,0.119033,2.306
1075,40000.0,0.7366,greedy,ZYZZYVA,8.0,1.0,0.045,1,1,1,FINALIZED_WITHIN_C2_LIMIT,0.653553,3.062
1076,18000.0,0.7364,explore,LIU_QUORUM,3.6,1.0,0.0671,1,1,1,FINALIZED_WITHIN_C2_LIMIT,1.528851,1.469
1077,40000.0,0.7361,greedy,ZYZZYVA,8.0,1.0,0.045,1,1,1,FINALIZED_WITHIN_C2_LIMIT,1.381218,2.297
1078,18000.0,0.7359,explore,ZYZZYVA,3.6,1.0,0.068,1,1,1,FINALIZED_WITHIN_C2_LIMIT,0.413199,1.389
1079,40000.0,0.7356,greedy,ZYZZYVA,8.0,1.0,0.0577,1,1,1,FINALIZED_WITHIN_C2_LIMIT,0.165161,2.625
1080,24000.0,0.7354,explore,LIU_QUORUM,4.8,1.0,0.0282,1,1,1,FINALIZED_WITHIN_C2_LIMIT,0.556099,1.621
1081,21000.0,0.7352,explore,ZYZZYVA,4.2,1.0,0.1001,1,1,1,FINALIZED_WITHIN_C2_LIMIT,0.463007,1.321
1082,36000.0,0.7349,explore,PBFT,7.2,1.0,0.0779,1,1,1,FINALIZED_WITHIN_C2_LIMIT,0.191215,2.379
1083,31000.0,0.7347,explore,ZYZZYVA,6.2,1.0,0.0312,1,1,1,FINALIZED_WITHIN_C2_LIMIT,0.846748,2.098
1084,20000.0,0.7344,explore,PBFT,4.0,1.0,0.0758,1,1,1,FINALIZED_WITHIN_C2_LIMIT,1.716846,1.426
1085,29000.0,0.7342,explore,PBFT,5.8,1.0,0.0278,1,1,1,FINALIZED_WITHIN_C2_LIMIT,1.538723,1.775
1086,40000.0,0.7339,greedy,ZYZZYVA,8.0,1.0,0.0561,1,1,1,FINALIZED_WITHIN_C2_LIMIT,0.431578,2.42
1087,40000.0,0.7337,greedy,ZYZZYVA,8.0,1.0,0.0561,1,1,1,FINALIZED_WITHIN_C2_LIMIT,0.214236,2.083
1088,37000.0,0.7334,explore,LIU_QUORUM,7.4,1.0,0.0291,1,1,1,FINALIZED_WITHIN_C2_LIMIT,0.534317,2.252
1089,40000.0,0.7332,greedy,ZYZZYVA,8.0,1.0,0.069,1,1,1,FINALIZED_WITHIN_C2_LIMIT,0.532182,2.786
1090,20000.0,0.7329,explore,PBFT,4.0,1.0,0.0933,1,1,1,FINALIZED_WITHIN_C2_LIMIT,0.158882,1.485
1091,40000.0,0.7327,explore,PBFT,8.0,1.0,0.0741,1,1,1,FINALIZED_WITHIN_C2_LIMIT,0.567293,2.646
1092,11000.0,0.7325,explore,ZYZZYVA,2.2,1.0,0.1416,1,1,1,FINALIZED_WITHIN_C2_LIMIT,1.190563,1.128
1093,8000.0,0.7322,explore,PBFT,1.6,1.0,0.0769,1,1,1,FINALIZED_WITHIN_C2_LIMIT,0.97686,0.941
1094,40000.0,0.732,greedy,ZYZZYVA,8.0,1.0,0.069,1,1,1,FINALIZED_WITHIN_C2_LIMIT,0.250059,2.93
1095,10000.0,0.7317,explore,ZYZZYVA,2.0,1.0,0.0298,1,1,1,FINALIZED_WITHIN_C2_LIMIT,0.26966,0.994
1096,40000.0,0.7315,greedy,ZYZZYVA,8.0,1.0,0.069,1,1,1,FINALIZED_WITHIN_C2_LIMIT,0.956242,2.935
1097,36000.0,0.7312,explore,LIU_QUORUM,7.2,1.0,0.0715,1,1,1,FINALIZED_WITHIN_C2_LIMIT,0.785096,1.994
1098,40000.0,0.731,greedy,ZYZZYVA,8.0,1.0,0.069,1,1,1,FINALIZED_WITHIN_C2_LIMIT,0.188694,2.422
1099,39000.0,0.7307,explore,PBFT,7.8,1.0,0.0787,1,1,1,FINALIZED_WITHIN_C2_LIMIT,1.361542,2.488
1100,8000.0,0.7305,explore,PBFT,1.6,1.0,0.0669,1,1,1,FINALIZED_WITHIN_C2_LIMIT,2.354028,0.847
1101,9000.0,0.7303,explore,PBFT,1.8,1.0,0.19,1,1,1,FINALIZED_WITHIN_C2_LIMIT,1.886445,1.132
1102,15000.0,0.73,explore,PBFT,3.0,1.0,0.1284,1,1,1,FINALIZED_WITHIN_C2_LIMIT,0.841246,1.325
1103,13000.0,0.7298,explore,LIU_QUORUM,2.6,1.0,0.0316,1,1,1,FINALIZED_WITHIN_C2_LIMIT,0.046122,1.054
1104,31000.0,0.7295,explore,LIU_QUORUM,6.2,1.0,0.067,1,1,1,FINALIZED_WITHIN_C2_LIMIT,0.300769,2.198
1105,24000.0,0.7293,explore,PBFT,4.8,1.0,0.0702,1,1,1,FINALIZED_WITHIN_C2_LIMIT,0.188903,1.671
1106,32000.0,0.729,explore,PBFT,6.4,1.0,0.0291,1,1,1,FINALIZED_WITHIN_C2_LIMIT,0.161616,1.989
1107,35000.0,0.7288,explore,PBFT,7.0,1.0,0.0311,1,1,1,FINALIZED_WITHIN_C2_LIMIT,0.208519,2.379
1108,29000.0,0.7285,explore,PBFT,5.8,1.0,0.0609,1,1,1,FINALIZED_WITHIN_C2_LIMIT,0.144135,2.35
1109,3000.0,0.7283,explore,PBFT,0.6,1.0,0.0299,1,1,1,FINALIZED_WITHIN_C2_LIMIT,0.047642,0.515
1110,23000.0,0.728,explore,LIU_QUORUM,4.6,1.0,0.1831,1,1,1,FINALIZED_WITHIN_C2_LIMIT,0.183351,2.269
1111,0.0,0.7278,explore,PBFT,8.0,1.0,0.2251,0,0,1,C2_DEADLINE_EXCEEDED,0.171945,2.876
1112,7000.0,0.7276,explore,PBFT,1.4,1.0,0.0298,1,1,1,FINALIZED_WITHIN_C2_LIMIT,0.177509,1.046
1113,5000.0,0.7273,explore,ZYZZYVA,1.0,1.0,0.0684,1,1,1,FINALIZED_WITHIN_C2_LIMIT,0.282959,0.732
1114,8000.0,0.7271,explore,ZYZZYVA,1.6,1.0,0.0809,1,1,1,FINALIZED_WITHIN_C2_LIMIT,0.104118,0.908
1115,40000.0,0.7268,greedy,ZYZZYVA,8.0,1.0,0.056,1,1,1,FINALIZED_WITHIN_C2_LIMIT,0.427228,3.041
1116,28000.0,0.7266,explore,PBFT,5.6,1.0,0.0674,1,1,1,FINALIZED_WITHIN_C2_LIMIT,0.933524,1.821
1117,18000.0,0.7263,explore,LIU_QUORUM,3.6,1.0,0.0558,1,1,1,FINALIZED_WITHIN_C2_LIMIT,0.603984,1.322
1118,34000.0,0.7261,explore,LIU_QUORUM,6.8,1.0,0.068,1,1,1,FINALIZED_WITHIN_C2_LIMIT,0.068535,2.08
1119,9000.0,0.7258,explore,LIU_QUORUM,1.8,1.0,0.0688,1,1,1,FINALIZED_WITHIN_C2_LIMIT,0.91353,1.045
1120,14000.0,0.7256,explore,PBFT,2.8,1.0,0.0401,1,1,1,FINALIZED_WITHIN_C2_LIMIT,1.878549,1.454
1121,18000.0,0.7254,explore,LIU_QUORUM,3.6,1.0,0.0705,1,1,1,FINALIZED_WITHIN_C2_LIMIT,1.807652,1.561
1122,40000.0,0.7251,explore,PBFT,8.0,1.0,0.068,1,1,1,FINALIZED_WITHIN_C2_LIMIT,0.757165,2.435
1123,40000.0,0.7249,greedy,ZYZZYVA,8.0,1.0,0.0561,1,1,1,FINALIZED_WITHIN_C2_LIMIT,0.039137,2.266
1124,37000.0,0.7246,explore,LIU_QUORUM,7.4,1.0,0.069,1,1,1,FINALIZED_WITHIN_C2_LIMIT,1.649413,2.206
1125,13000.0,0.7244,explore,ZYZZYVA,2.6,1.0,0.1723,1,1,1,FINALIZED_WITHIN_C2_LIMIT,3.954019,1.213
1126,7000.0,0.7241,explore,ZYZZYVA,1.4,1.0,0.0702,1,1,1,FINALIZED_WITHIN_C2_LIMIT,4.1999,0.795
1127,5000.0,0.7239,explore,ZYZZYVA,1.0,1.0,0.1982,1,1,1,FINALIZED_WITHIN_C2_LIMIT,3.465413,0.818
1128,20000.0,0.7236,explore,ZYZZYVA,4.0,1.0,0.0671,1,1,1,FINALIZED_WITHIN_C2_LIMIT,1.204772,1.613
1129,32000.0,0.7234,explore,PBFT,6.4,1.0,0.069,1,1,1,FINALIZED_WITHIN_C2_LIMIT,0.129768,2.32
1130,24000.0,0.7231,explore,PBFT,4.8,1.0,0.0668,1,1,1,FINALIZED_WITHIN_C2_LIMIT,1.94061,1.709
1131,7000.0,0.7229,explore,PBFT,1.4,1.0,0.0769,1,1,1,FINALIZED_WITHIN_C2_LIMIT,4.443311,0.935
1132,23000.0,0.7227,explore,PBFT,4.6,1.0,0.072,1,1,1,FINALIZED_WITHIN_C2_LIMIT,5.63183,1.717
1133,19000.0,0.7224,explore,ZYZZYVA,3.8,1.0,0.0963,1,1,1,FINALIZED_WITHIN_C2_LIMIT,4.991135,1.476
1134,40000.0,0.7222,greedy,ZYZZYVA,8.0,1.0,0.0735,1,1,1,FINALIZED_WITHIN_C2_LIMIT,2.603586,2.911
1135,3000.0,0.7219,explore,LIU_QUORUM,0.6,1.0,0.0308,1,1,1,FINALIZED_WITHIN_C2_LIMIT,0.590424,0.426
1136,40000.0,0.7217,greedy,ZYZZYVA,8.0,1.0,0.0735,1,1,1,FINALIZED_WITHIN_C2_LIMIT,0.274041,3.079
1137,11000.0,0.7214,explore,ZYZZYVA,2.2,1.0,0.069,1,1,1,FINALIZED_WITHIN_C2_LIMIT,1.798876,1.022
1138,29000.0,0.7212,explore,ZYZZYVA,5.8,1.0,0.0786,1,1,1,FINALIZED_WITHIN_C2_LIMIT,2.468089,2.343
1139,24000.0,0.7209,explore,LIU_QUORUM,4.8,1.0,0.0786,1,1,1,FINALIZED_WITHIN_C2_LIMIT,1.710187,1.947
1140,40000.0,0.7207,greedy,ZYZZYVA,8.0,1.0,0.0765,1,1,1,FINALIZED_WITHIN_C2_LIMIT,0.647244,2.682
1141,9000.0,0.7205,explore,PBFT,1.8,1.0,0.1723,1,1,1,FINALIZED_WITHIN_C2_LIMIT,0.191031,0.903
1142,40000.0,0.7202,greedy,ZYZZYVA,8.0,1.0,0.0729,1,1,1,FINALIZED_WITHIN_C2_LIMIT,0.464384,2.798
1143,40000.0,0.72,greedy,ZYZZYVA,8.0,1.0,0.074,1,1,1,FINALIZED_WITHIN_C2_LIMIT,0.420833,2.474
1144,40000.0,0.7197,greedy,ZYZZYVA,8.0,1.0,0.0735,1,1,1,FINALIZED_WITHIN_C2_LIMIT,0.105238,2.667
1145,40000.0,0.7195,greedy,ZYZZYVA,8.0,1.0,0.0735,1,1,1,FINALIZED_WITHIN_C2_LIMIT,0.576876,2.701
1146,18000.0,0.7192,explore,ZYZZYVA,3.6,1.0,0.0705,1,1,1,FINALIZED_WITHIN_C2_LIMIT,0.72603,1.413
1147,40000.0,0.719,greedy,ZYZZYVA,8.0,1.0,0.0735,1,1,1,FINALIZED_WITHIN_C2_LIMIT,0.44358,3.07
1148,33000.0,0.7187,explore,LIU_QUORUM,6.6,1.0,0.0933,1,1,1,FINALIZED_WITHIN_C2_LIMIT,0.111972,2.101
1149,40000.0,0.7185,greedy,ZYZZYVA,8.0,1.0,0.069,1,1,1,FINALIZED_WITHIN_C2_LIMIT,0.509945,2.668
1150,40000.0,0.7183,greedy,ZYZZYVA,8.0,1.0,0.069,1,1,1,FINALIZED_WITHIN_C2_LIMIT,1.212603,2.381
1151,0.0,0.718,explore,LIU_QUORUM,6.2,1.0,0.2355,0,1,1,FINALIZED_WITHIN_C2_LIMIT,1.044794,1.813
1152,32000.0,0.7178,explore,ZYZZYVA,6.4,1.0,0.0453,1,1,1,FINALIZED_WITHIN_C2_LIMIT,0.436443,1.93
1153,36000.0,0.7175,explore,PBFT,7.2,1.0,0.069,1,1,1,FINALIZED_WITHIN_C2_LIMIT,0.105028,2.521
1154,40000.0,0.7173,greedy,ZYZZYVA,8.0,1.0,0.0735,1,1,1,FINALIZED_WITHIN_C2_LIMIT,0.319714,2.379
1155,40000.0,0.717,greedy,ZYZZYVA,8.0,1.0,0.069,1,1,1,FINALIZED_WITHIN_C2_LIMIT,0.193448,2.449
1156,17000.0,0.7168,explore,LIU_QUORUM,3.4,1.0,0.0881,1,1,1,FINALIZED_WITHIN_C2_LIMIT,0.067092,1.465
1157,18000.0,0.7165,explore,ZYZZYVA,3.6,1.0,0.0741,1,1,1,FINALIZED_WITHIN_C2_LIMIT,0.076679,1.342
1158,23000.0,0.7163,explore,LIU_QUORUM,4.6,1.0,0.0291,1,1,1,FINALIZED_WITHIN_C2_LIMIT,0.088791,1.464
1159,22000.0,0.716,explore,PBFT,4.4,1.0,0.0453,1,1,1,FINALIZED_WITHIN_C2_LIMIT,0.119796,1.659
1160,40000.0,0.7158,greedy,ZYZZYVA,8.0,1.0,0.069,1,1,1,FINALIZED_WITHIN_C2_LIMIT,0.257365,2.43
1161,1000.0,0.7156,explore,LIU_QUORUM,0.2,1.0,0.0683,1,1,1,FINALIZED_WITHIN_C2_LIMIT,0.246701,0.741
1162,20000.0,0.7153,explore,ZYZZYVA,4.0,1.0,0.1141,1,1,1,FINALIZED_WITHIN_C2_LIMIT,0.082467,1.54
1163,40000.0,0.7151,greedy,ZYZZYVA,8.0,1.0,0.069,1,1,1,FINALIZED_WITHIN_C2_LIMIT,0.584252,2.819
1164,18000.0,0.7148,explore,PBFT,3.6,1.0,0.0647,1,1,1,FINALIZED_WITHIN_C2_LIMIT,0.631377,1.626
1165,5000.0,0.7146,explore,LIU_QUORUM,1.0,1.0,0.0558,1,1,1,FINALIZED_WITHIN_C2_LIMIT,0.4837,0.815
1166,27000.0,0.7143,explore,PBFT,5.4,1.0,0.0647,1,1,1,FINALIZED_WITHIN_C2_LIMIT,0.072025,2.032
1167,26000.0,0.7141,explore,PBFT,5.2,1.0,0.1141,1,1,1,FINALIZED_WITHIN_C2_LIMIT,0.920741,2.051
1168,15000.0,0.7138,explore,LIU_QUORUM,3.0,1.0,0.1141,1,1,1,FINALIZED_WITHIN_C2_LIMIT,1.624835,1.142
1169,40000.0,0.7136,greedy,ZYZZYVA,8.0,1.0,0.0435,1,1,1,FINALIZED_WITHIN_C2_LIMIT,1.722355,2.364
1170,40000.0,0.7134,greedy,ZYZZYVA,8.0,1.0,0.0405,1,1,1,FINALIZED_WITHIN_C2_LIMIT,0.68154,2.815
1171,27000.0,0.7131,explore,ZYZZYVA,5.4,1.0,0.1085,1,1,1,FINALIZED_WITHIN_C2_LIMIT,0.09477,2.012
1172,9000.0,0.7129,explore,PBFT,1.8,1.0,0.0674,1,1,1,FINALIZED_WITHIN_C2_LIMIT,0.448977,1.148
1173,40000.0,0.7126,greedy,ZYZZYVA,8.0,1.0,0.0563,1,1,1,FINALIZED_WITHIN_C2_LIMIT,0.619701,2.71
1174,30000.0,0.7124,explore,LIU_QUORUM,6.0,1.0,0.0768,1,1,1,FINALIZED_WITHIN_C2_LIMIT,0.467195,2.156
1175,40000.0,0.7121,greedy,ZYZZYVA,8.0,1.0,0.054,1,1,1,FINALIZED_WITHIN_C2_LIMIT,0.059673,2.796
1176,35000.0,0.7119,explore,LIU_QUORUM,7.0,1.0,0.0705,1,1,1,FINALIZED_WITHIN_C2_LIMIT,0.100535,2.062
1177,40000.0,0.7116,greedy,ZYZZYVA,8.0,1.0,0.054,1,1,1,FINALIZED_WITHIN_C2_LIMIT,0.125926,2.631
1178,23000.0,0.7114,explore,PBFT,4.6,1.0,0.0668,1,1,1,FINALIZED_WITHIN_C2_LIMIT,0.086202,1.415
1179,31000.0,0.7111,explore,ZYZZYVA,6.2,1.0,0.0789,1,1,1,FINALIZED_WITHIN_C2_LIMIT,0.104502,2.079
1180,40000.0,0.7109,greedy,ZYZZYVA,8.0,1.0,0.054,1,1,1,FINALIZED_WITHIN_C2_LIMIT,0.143613,2.752
1181,18000.0,0.7107,explore,PBFT,3.6,1.0,0.0278,1,1,1,FINALIZED_WITHIN_C2_LIMIT,0.021393,1.544
1182,40000.0,0.7104,greedy,ZYZZYVA,8.0,1.0,0.0418,1,1,1,FINALIZED_WITHIN_C2_LIMIT,0.245765,3.128
1183,16000.0,0.7102,explore,ZYZZYVA,3.2,1.0,0.0298,1,1,1,FINALIZED_WITHIN_C2_LIMIT,0.292072,1.365
1184,10000.0,0.7099,explore,LIU_QUORUM,2.0,1.0,0.0278,1,1,1,FINALIZED_WITHIN_C2_LIMIT,0.065043,0.878
1185,15000.0,0.7097,explore,ZYZZYVA,3.0,1.0,0.068,1,1,1,FINALIZED_WITHIN_C2_LIMIT,0.445889,1.244
1186,28000.0,0.7094,explore,PBFT,5.6,1.0,0.069,1,1,1,FINALIZED_WITHIN_C2_LIMIT,0.883406,1.977
1187,40000.0,0.7092,greedy,ZYZZYVA,8.0,1.0,0.0418,1,1,1,FINALIZED_WITHIN_C2_LIMIT,0.566254,2.595
1188,40000.0,0.7089,greedy,ZYZZYVA,8.0,1.0,0.0512,1,1,1,FINALIZED_WITHIN_C2_LIMIT,0.087661,2.499
1189,3000.0,0.7087,explore,ZYZZYVA,0.6,1.0,0.1141,1,1,1,FINALIZED_WITHIN_C2_LIMIT,0.581402,0.486
1190,23000.0,0.7085,explore,ZYZZYVA,4.6,1.0,0.1208,1,1,1,FINALIZED_WITHIN_C2_LIMIT,1.657986,1.972
1191,28000.0,0.7082,explore,PBFT,5.6,1.0,0.19,1,1,1,FINALIZED_WITHIN_C2_LIMIT,1.63614,1.963
1192,40000.0,0.708,greedy,ZYZZYVA,8.0,1.0,0.045,1,1,1,FINALIZED_WITHIN_C2_LIMIT,0.456931,2.792
1193,15000.0,0.7077,explore,ZYZZYVA,3.0,1.0,0.0668,1,1,1,FINALIZED_WITHIN_C2_LIMIT,0.207375,1.269
1194,40000.0,0.7075,greedy,ZYZZYVA,8.0,1.0,0.0512,1,1,1,FINALIZED_WITHIN_C2_LIMIT,0.423822,2.799
1195,15000.0,0.7072,explore,ZYZZYVA,3.0,1.0,0.0282,1,1,1,FINALIZED_WITHIN_C2_LIMIT,0.147056,1.277
1196,28000.0,0.707,explore,ZYZZYVA,5.6,1.0,0.1284,1,1,1,FINALIZED_WITHIN_C2_LIMIT,0.203934,2.202
1197,17000.0,0.7067,explore,ZYZZYVA,3.4,1.0,0.0401,1,1,1,FINALIZED_WITHIN_C2_LIMIT,0.346252,1.412
1198,12000.0,0.7065,explore,LIU_QUORUM,2.4,1.0,0.0933,1,1,1,FINALIZED_WITHIN_C2_LIMIT,0.048461,1.282
1199,7000.0,0.7062,explore,LIU_QUORUM,1.4,1.0,0.0651,1,1,1,FINALIZED_WITHIN_C2_LIMIT,1.15069,0.901
1200,40000.0,0.706,greedy,ZYZZYVA,8.0,1.0,0.0563,1,1,1,FINALIZED_WITHIN_C2_LIMIT,1.630217,2.979
1201,40000.0,0.7058,greedy,ZYZZYVA,8.0,1.0,0.0563,1,1,1,FINALIZED_WITHIN_C2_LIMIT,1.18875,3.23
1202,13000.0,0.7055,explore,ZYZZYVA,2.6,1.0,0.0739,1,1,1,FINALIZED_WITHIN_C2_LIMIT,0.42383,1.279
1203,6000.0,0.7053,explore,PBFT,1.2,1.0,0.0278,1,1,1,FINALIZED_WITHIN_C2_LIMIT,0.234099,0.81
1204,31000.0,0.705,explore,ZYZZYVA,6.2,1.0,0.0702,1,1,1,FINALIZED_WITHIN_C2_LIMIT,0.735919,2.24
1205,29000.0,0.7048,explore,LIU_QUORUM,5.8,1.0,0.0881,1,1,1,FINALIZED_WITHIN_C2_LIMIT,0.676055,2.261
1206,40000.0,0.7045,greedy,ZYZZYVA,8.0,1.0,0.069,1,1,1,FINALIZED_WITHIN_C2_LIMIT,0.202484,2.258
1207,20000.0,0.7043,explore,ZYZZYVA,4.0,1.0,0.0312,1,1,1,FINALIZED_WITHIN_C2_LIMIT,0.275902,1.405
1208,7000.0,0.704,explore,ZYZZYVA,1.4,1.0,0.1416,1,1,1,FINALIZED_WITHIN_C2_LIMIT,0.730435,0.87
1209,40000.0,0.7038,greedy,ZYZZYVA,8.0,1.0,0.069,1,1,1,FINALIZED_WITHIN_C2_LIMIT,0.501697,2.765
1210,1000.0,0.7036,explore,LIU_QUORUM,0.2,1.0,0.0308,1,1,1,FINALIZED_WITHIN_C2_LIMIT,0.093131,0.432
1211,0.0,0.7033,explore,LIU_QUORUM,3.0,1.0,0.2811,0,1,1,FINALIZED_WITHIN_C2_LIMIT,0.643561,1.464
1212,40000.0,0.7031,greedy,ZYZZYVA,8.0,1.0,0.069,1,1,1,FINALIZED_WITHIN_C2_LIMIT,1.389745,2.691
1213,21000.0,0.7028,explore,PBFT,4.2,1.0,0.0506,1,1,1,FINALIZED_WITHIN_C2_LIMIT,1.463974,1.803
1214,40000.0,0.7026,greedy,ZYZZYVA,8.0,1.0,0.069,1,1,1,FINALIZED_WITHIN_C2_LIMIT,0.444719,2.519
1215,24000.0,0.7023,explore,PBFT,4.8,1.0,0.0715,1,1,1,FINALIZED_WITHIN_C2_LIMIT,0.07705,1.631
1216,13000.0,0.7021,explore,ZYZZYVA,2.6,1.0,0.069,1,1,1,FINALIZED_WITHIN_C2_LIMIT,0.303109,1.001
1217,13000.0,0.7018,explore,ZYZZYVA,2.6,1.0,0.19,1,1,1,FINALIZED_WITHIN_C2_LIMIT,0.161855,1.146
1218,34000.0,0.7016,explore,LIU_QUORUM,6.8,1.0,0.0316,1,1,1,FINALIZED_WITHIN_C2_LIMIT,0.051291,2.306
1219,40000.0,0.7013,greedy,ZYZZYVA,8.0,1.0,0.069,1,1,1,FINALIZED_WITHIN_C2_LIMIT,0.124746,2.681
1220,40000.0,0.7011,greedy,ZYZZYVA,8.0,1.0,0.069,1,1,1,FINALIZED_WITHIN_C2_LIMIT,0.097943,2.772
1221,17000.0,0.7009,explore,PBFT,3.4,1.0,0.068,1,1,1,FINALIZED_WITHIN_C2_LIMIT,0.074893,1.547
1222,0.0,0.7006,explore,PBFT,3.0,1.0,0.2811,0,1,1,FINALIZED_WITHIN_C2_LIMIT,0.21251,1.237
1223,10000.0,0.7004,explore,ZYZZYVA,2.0,1.0,0.1582,1,1,1,FINALIZED_WITHIN_C2_LIMIT,0.248834,0.894
1224,30000.0,0.7001,explore,LIU_QUORUM,6.0,1.0,0.1141,1,1,1,FINALIZED_WITHIN_C2_LIMIT,0.114044,2.161
1225,31000.0,0.6999,explore,PBFT,6.2,1.0,0.0316,1,1,1,FINALIZED_WITHIN_C2_LIMIT,0.326368,2.38
1226,31000.0,0.6996,explore,LIU_QUORUM,6.2,1.0,0.0684,1,1,1,FINALIZED_WITHIN_C2_LIMIT,0.32329,2.113
1227,26000.0,0.6994,explore,PBFT,5.2,1.0,0.0758,1,1,1,FINALIZED_WITHIN_C2_LIMIT,0.112123,1.731
1228,40000.0,0.6991,greedy,ZYZZYVA,8.0,1.0,0.0735,1,1,1,FINALIZED_WITHIN_C2_LIMIT,0.376137,2.894
1229,2000.0,0.6989,explore,LIU_QUORUM,0.4,1.0,0.0291,1,1,1,FINALIZED_WITHIN_C2_LIMIT,0.682647,0.407
1230,40000.0,0.6986,greedy,ZYZZYVA,8.0,1.0,0.0735,1,1,1,FINALIZED_WITHIN_C2_LIMIT,0.553965,3.728
1231,0.0,0.6984,explore,PBFT,5.6,1.0,0.2811,0,1,1,FINALIZED_WITHIN_C2_LIMIT,0.128752,2.404
1232,40000.0,0.6982,greedy,ZYZZYVA,8.0,1.0,0.0735,1,1,1,FINALIZED_WITHIN_C2_LIMIT,0.530756,3.046
1233,40000.0,0.6979,greedy,ZYZZYVA,8.0,1.0,0.0735,1,1,1,FINALIZED_WITHIN_C2_LIMIT,1.253024,3.017
1234,22000.0,0.6977,explore,LIU_QUORUM,4.4,1.0,0.0674,1,1,1,FINALIZED_WITHIN_C2_LIMIT,1.08284,1.579
1235,29000.0,0.6974,explore,PBFT,5.8,1.0,0.104,1,1,1,FINALIZED_WITHIN_C2_LIMIT,0.403809,1.833
1236,40000.0,0.6972,greedy,ZYZZYVA,8.0,1.0,0.0735,1,1,1,FINALIZED_WITHIN_C2_LIMIT,0.139087,2.744
1237,36000.0,0.6969,explore,PBFT,7.2,1.0,0.0697,1,1,1,FINALIZED_WITHIN_C2_LIMIT,0.317932,2.597
1238,16000.0,0.6967,explore,PBFT,3.2,1.0,0.0697,1,1,1,FINALIZED_WITHIN_C2_LIMIT,0.195387,1.415
1239,40000.0,0.6964,greedy,ZYZZYVA,8.0,1.0,0.0735,1,1,1,FINALIZED_WITHIN_C2_LIMIT,0.087133,2.888
1240,34000.0,0.6962,explore,ZYZZYVA,6.8,1.0,0.0298,1,1,1,FINALIZED_WITHIN_C2_LIMIT,0.055216,2.191
1241,29000.0,0.696,explore,PBFT,5.8,1.0,0.0668,1,1,1,FINALIZED_WITHIN_C2_LIMIT,0.091291,2.083
1242,40000.0,0.6957,greedy,ZYZZYVA,8.0,1.0,0.0735,1,1,1,FINALIZED_WITHIN_C2_LIMIT,0.093654,2.472
1243,36000.0,0.6955,explore,ZYZZYVA,7.2,1.0,0.0881,1,1,1,FINALIZED_WITHIN_C2_LIMIT,0.137249,2.142
1244,26000.0,0.6952,explore,ZYZZYVA,5.2,1.0,0.1141,1,1,1,FINALIZED_WITHIN_C2_LIMIT,0.17065,1.592
1245,23000.0,0.695,explore,LIU_QUORUM,4.6,1.0,0.0689,1,1,1,FINALIZED_WITHIN_C2_LIMIT,0.046106,1.924
1246,7000.0,0.6947,explore,LIU_QUORUM,1.4,1.0,0.0316,1,1,1,FINALIZED_WITHIN_C2_LIMIT,0.053149,1.044
1247,10000.0,0.6945,explore,LIU_QUORUM,2.0,1.0,0.0362,1,1,1,FINALIZED_WITHIN_C2_LIMIT,0.145684,1.029
1248,12000.0,0.6942,explore,LIU_QUORUM,2.4,1.0,0.1582,1,1,1,FINALIZED_WITHIN_C2_LIMIT,0.049875,1.156
1249,40000.0,0.694,greedy,ZYZZYVA,8.0,1.0,0.069,1,1,1,FINALIZED_WITHIN_C2_LIMIT,0.06963,3.557
1250,12000.0,0.6937,explore,ZYZZYVA,2.4,1.0,0.0685,1,1,1,FINALIZED_WITHIN_C2_LIMIT,0.131433,1.244
1251,26000.0,0.6935,explore,PBFT,5.2,1.0,0.0298,1,1,1,FINALIZED_WITHIN_C2_LIMIT,0.119533,1.888
1252,2000.0,0.6933,explore,ZYZZYVA,0.4,1.0,0.0674,1,1,1,FINALIZED_WITHIN_C2_LIMIT,0.243038,0.648
1253,17000.0,0.693,explore,PBFT,3.4,1.0,0.19,1,1,1,FINALIZED_WITHIN_C2_LIMIT,0.191379,1.511
1254,26000.0,0.6928,explore,PBFT,5.2,1.0,0.0739,1,1,1,FINALIZED_WITHIN_C2_LIMIT,0.031113,2.471
1255,40000.0,0.6925,greedy,ZYZZYVA,8.0,1.0,0.069,1,1,1,FINALIZED_WITHIN_C2_LIMIT,0.043963,2.969
1256,40000.0,0.6923,explore,PBFT,8.0,1.0,0.1284,1,1,1,FINALIZED_WITHIN_C2_LIMIT,0.187093,2.426
1257,14000.0,0.692,explore,ZYZZYVA,2.8,1.0,0.0669,1,1,1,FINALIZED_WITHIN_C2_LIMIT,0.103026,1.4
1258,36000.0,0.6918,explore,ZYZZYVA,7.2,1.0,0.0715,1,1,1,FINALIZED_WITHIN_C2_LIMIT,0.266171,2.601
1259,17000.0,0.6915,explore,ZYZZYVA,3.4,1.0,0.0702,1,1,1,FINALIZED_WITHIN_C2_LIMIT,0.341379,1.398
1260,1000.0,0.6913,explore,LIU_QUORUM,0.2,1.0,0.0685,1,1,1,FINALIZED_WITHIN_C2_LIMIT,0.077924,0.424
1261,40000.0,0.6911,explore,LIU_QUORUM,8.0,1.0,0.1208,1,1,1,FINALIZED_WITHIN_C2_LIMIT,0.480456,2.885
1262,30000.0,0.6908,explore,PBFT,6.0,1.0,0.067,1,1,1,FINALIZED_WITHIN_C2_LIMIT,0.906405,2.072
1263,8000.0,0.6906,explore,ZYZZYVA,1.6,1.0,0.1208,1,1,1,FINALIZED_WITHIN_C2_LIMIT,0.52567,0.99
1264,40000.0,0.6903,greedy,ZYZZYVA,8.0,1.0,0.069,1,1,1,FINALIZED_WITHIN_C2_LIMIT,0.090944,2.335
1265,22000.0,0.6901,explore,PBFT,4.4,1.0,0.072,1,1,1,FINALIZED_WITHIN_C2_LIMIT,0.95506,1.706
1266,18000.0,0.6898,explore,LIU_QUORUM,3.6,1.0,0.1831,1,1,1,FINALIZED_WITHIN_C2_LIMIT,2.024778,1.364
1267,40000.0,0.6896,greedy,ZYZZYVA,8.0,1.0,0.069,1,1,1,FINALIZED_WITHIN_C2_LIMIT,1.894125,2.924
1268,40000.0,0.6893,greedy,ZYZZYVA,8.0,1.0,0.069,1,1,1,FINALIZED_WITHIN_C2_LIMIT,0.8253,3.065
1269,28000.0,0.6891,explore,PBFT,5.6,1.0,0.0558,1,1,1,FINALIZED_WITHIN_C2_LIMIT,0.033627,2.032
1270,40000.0,0.6888,greedy,ZYZZYVA,8.0,1.0,0.069,1,1,1,FINALIZED_WITHIN_C2_LIMIT,1.653976,2.163
1271,37000.0,0.6886,explore,PBFT,7.4,1.0,0.0689,1,1,1,FINALIZED_WITHIN_C2_LIMIT,3.805343,2.326
1272,34000.0,0.6884,explore,PBFT,6.8,1.0,0.0683,1,1,1,FINALIZED_WITHIN_C2_LIMIT,4.793771,2.491
1273,25000.0,0.6881,explore,ZYZZYVA,5.0,1.0,0.0739,1,1,1,FINALIZED_WITHIN_C2_LIMIT,3.704348,1.504
1274,34000.0,0.6879,explore,PBFT,6.8,1.0,0.0298,1,1,1,FINALIZED_WITHIN_C2_LIMIT,1.524333,2.062
1275,26000.0,0.6876,explore,PBFT,5.2,1.0,0.0741,1,1,1,FINALIZED_WITHIN_C2_LIMIT,0.116647,1.634
1276,14000.0,0.6874,explore,PBFT,2.8,1.0,0.0694,1,1,1,FINALIZED_WITHIN_C2_LIMIT,1.256608,1.411
1277,40000.0,0.6871,greedy,ZYZZYVA,8.0,1.0,0.069,1,1,1,FINALIZED_WITHIN_C2_LIMIT,3.362029,3.39
1278,40000.0,0.6869,greedy,ZYZZYVA,8.0,1.0,0.069,1,1,1,FINALIZED_WITHIN_C2_LIMIT,4.170571,3.29
1279,13000.0,0.6866,explore,ZYZZYVA,2.6,1.0,0.0671,1,1,1,FINALIZED_WITHIN_C2_LIMIT,3.441673,1.324
1280,40000.0,0.6864,greedy,ZYZZYVA,8.0,1.0,0.069,1,1,1,FINALIZED_WITHIN_C2_LIMIT,1.799004,3.429
1281,27000.0,0.6862,explore,PBFT,5.4,1.0,0.0679,1,1,1,FINALIZED_WITHIN_C2_LIMIT,0.159254,2.2
1282,27000.0,0.6859,explore,ZYZZYVA,5.4,1.0,0.0789,1,1,1,FINALIZED_WITHIN_C2_LIMIT,0.872205,2.068
1283,18000.0,0.6857,explore,ZYZZYVA,3.6,1.0,0.0702,1,1,1,FINALIZED_WITHIN_C2_LIMIT,3.010777,1.405
1284,1000.0,0.6854,explore,PBFT,0.2,1.0,0.0684,1,1,1,FINALIZED_WITHIN_C2_LIMIT,3.83393,0.474
1285,3000.0,0.6852,explore,LIU_QUORUM,0.6,1.0,0.1001,1,1,1,FINALIZED_WITHIN_C2_LIMIT,3.42246,0.699
1286,40000.0,0.6849,greedy,ZYZZYVA,8.0,1.0,0.0735,1,1,1,FINALIZED_WITHIN_C2_LIMIT,1.607004,2.782
1287,23000.0,0.6847,explore,ZYZZYVA,4.6,1.0,0.0685,1,1,1,FINALIZED_WITHIN_C2_LIMIT,0.183335,1.941
1288,26000.0,0.6844,explore,LIU_QUORUM,5.2,1.0,0.0294,1,1,1,FINALIZED_WITHIN_C2_LIMIT,0.661063,1.648
1289,40000.0,0.6842,greedy,ZYZZYVA,8.0,1.0,0.0735,1,1,1,FINALIZED_WITHIN_C2_LIMIT,1.909798,2.591
1290,6000.0,0.684,explore,ZYZZYVA,1.2,1.0,0.1459,1,1,1,FINALIZED_WITHIN_C2_LIMIT,2.451623,0.795
1291,16000.0,0.6837,explore,LIU_QUORUM,3.2,1.0,0.0288,1,1,1,FINALIZED_WITHIN_C2_LIMIT,1.841412,1.421
1292,33000.0,0.6835,explore,PBFT,6.6,1.0,0.0786,1,1,1,FINALIZED_WITHIN_C2_LIMIT,0.693326,2.498
1293,16000.0,0.6832,explore,ZYZZYVA,3.2,1.0,0.0683,1,1,1,FINALIZED_WITHIN_C2_LIMIT,0.130412,1.44
1294,37000.0,0.683,explore,ZYZZYVA,7.4,1.0,0.1085,1,1,1,FINALIZED_WITHIN_C2_LIMIT,0.364477,2.449
1295,40000.0,0.6827,greedy,ZYZZYVA,8.0,1.0,0.0735,1,1,1,FINALIZED_WITHIN_C2_LIMIT,0.338332,2.82
1296,37000.0,0.6825,explore,ZYZZYVA,7.4,1.0,0.0694,1,1,1,FINALIZED_WITHIN_C2_LIMIT,0.108905,2.432
1297,24000.0,0.6822,explore,PBFT,4.8,1.0,0.0294,1,1,1,FINALIZED_WITHIN_C2_LIMIT,0.278535,1.91
1298,40000.0,0.682,greedy,ZYZZYVA,8.0,1.0,0.0735,1,1,1,FINALIZED_WITHIN_C2_LIMIT,0.655873,2.59
1299,40000.0,0.6817,greedy,ZYZZYVA,8.0,1.0,0.0735,1,1,1,FINALIZED_WITHIN_C2_LIMIT,1.131465,2.484
1300,3000.0,0.6815,explore,PBFT,0.6,1.0,0.0741,1,1,1,FINALIZED_WITHIN_C2_LIMIT,0.424784,0.716
1301,24000.0,0.6813,explore,ZYZZYVA,4.8,1.0,0.0683,1,1,1,FINALIZED_WITHIN_C2_LIMIT,0.136913,1.85
1302,14000.0,0.681,explore,ZYZZYVA,2.8,1.0,0.0315,1,1,1,FINALIZED_WITHIN_C2_LIMIT,0.495767,1.23
1303,14000.0,0.6808,explore,ZYZZYVA,2.8,1.0,0.0679,1,1,1,FINALIZED_WITHIN_C2_LIMIT,0.466359,1.061
1304,40000.0,0.6805,greedy,ZYZZYVA,8.0,1.0,0.0735,1,1,1,FINALIZED_WITHIN_C2_LIMIT,0.068444,3.013
1305,40000.0,0.6803,greedy,ZYZZYVA,8.0,1.0,0.0735,1,1,1,FINALIZED_WITHIN_C2_LIMIT,0.371589,2.605
1306,40000.0,0.68,greedy,ZYZZYVA,8.0,1.0,0.0735,1,1,1,FINALIZED_WITHIN_C2_LIMIT,0.63342,2.472
1307,28000.0,0.6798,explore,LIU_QUORUM,5.6,1.0,0.0298,1,1,1,FINALIZED_WITHIN_C2_LIMIT,0.540478,2.081
1308,16000.0,0.6795,explore,ZYZZYVA,3.2,1.0,0.104,1,1,1,FINALIZED_WITHIN_C2_LIMIT,0.149109,1.5
1309,19000.0,0.6793,explore,ZYZZYVA,3.8,1.0,0.0308,1,1,1,FINALIZED_WITHIN_C2_LIMIT,0.369107,1.528
1310,13000.0,0.679,explore,LIU_QUORUM,2.6,1.0,0.0282,1,1,1,FINALIZED_WITHIN_C2_LIMIT,1.298305,1.319
1311,33000.0,0.6788,explore,LIU_QUORUM,6.6,1.0,0.0702,1,1,1,FINALIZED_WITHIN_C2_LIMIT,0.796619,2.664
1312,0.0,0.6786,explore,PBFT,3.8,1.0,0.2251,0,1,1,FINALIZED_WITHIN_C2_LIMIT,0.200563,1.77
1313,7000.0,0.6783,explore,ZYZZYVA,1.4,1.0,0.0288,1,1,1,FINALIZED_WITHIN_C2_LIMIT,0.155692,0.982
1314,7000.0,0.6781,explore,PBFT,1.4,1.0,0.0686,1,1,1,FINALIZED_WITHIN_C2_LIMIT,0.431065,0.925
1315,40000.0,0.6778,greedy,ZYZZYVA,8.0,1.0,0.0735,1,1,1,FINALIZED_WITHIN_C2_LIMIT,0.323271,3.258
1316,2000.0,0.6776,explore,ZYZZYVA,0.4,1.0,0.1982,1,1,1,FINALIZED_WITHIN_C2_LIMIT,0.104519,0.716
1317,40000.0,0.6773,greedy,ZYZZYVA,8.0,1.0,0.0735,1,1,1,FINALIZED_WITHIN_C2_LIMIT,0.494178,3.045
1318,27000.0,0.6771,explore,LIU_QUORUM,5.4,1.0,0.0278,1,1,1,FINALIZED_WITHIN_C2_LIMIT,1.056801,2.167
1319,38000.0,0.6768,explore,LIU_QUORUM,7.6,1.0,0.0651,1,1,1,FINALIZED_WITHIN_C2_LIMIT,1.007186,2.633
1320,40000.0,0.6766,greedy,ZYZZYVA,8.0,1.0,0.0735,1,1,1,FINALIZED_WITHIN_C2_LIMIT,0.248901,2.428
1321,40000.0,0.6764,greedy,ZYZZYVA,8.0,1.0,0.0735,1,1,1,FINALIZED_WITHIN_C2_LIMIT,0.140913,2.531
1322,6000.0,0.6761,explore,ZYZZYVA,1.2,1.0,0.0787,1,1,1,FINALIZED_WITHIN_C2_LIMIT,0.448116,1.119
1323,11000.0,0.6759,explore,ZYZZYVA,2.2,1.0,0.0767,1,1,1,FINALIZED_WITHIN_C2_LIMIT,0.301138,0.955
1324,5000.0,0.6756,explore,PBFT,1.0,1.0,0.0291,1,1,1,FINALIZED_WITHIN_C2_LIMIT,0.061272,0.987
1325,10000.0,0.6754,explore,ZYZZYVA,2.0,1.0,0.104,1,1,1,FINALIZED_WITHIN_C2_LIMIT,0.565164,0.981
1326,40000.0,0.6751,greedy,ZYZZYVA,8.0,1.0,0.0735,1,1,1,FINALIZED_WITHIN_C2_LIMIT,1.185732,3.078
1327,40000.0,0.6749,greedy,ZYZZYVA,8.0,1.0,0.0735,1,1,1,FINALIZED_WITHIN_C2_LIMIT,1.10384,2.945
1328,11000.0,0.6746,explore,ZYZZYVA,2.2,1.0,0.0299,1,1,1,FINALIZED_WITHIN_C2_LIMIT,0.401289,1.105
1329,14000.0,0.6744,explore,PBFT,2.8,1.0,0.03,1,1,1,FINALIZED_WITHIN_C2_LIMIT,0.122624,1.297
1330,40000.0,0.6742,greedy,ZYZZYVA,8.0,1.0,0.0735,1,1,1,FINALIZED_WITHIN_C2_LIMIT,0.287831,2.754
1331,0.0,0.6739,explore,LIU_QUORUM,1.0,1.0,0.2811,0,1,1,FINALIZED_WITHIN_C2_LIMIT,0.280303,0.883
1332,40000.0,0.6737,greedy,ZYZZYVA,8.0,1.0,0.0735,1,1,1,FINALIZED_WITHIN_C2_LIMIT,0.052291,3.101
1333,9000.0,0.6734,explore,ZYZZYVA,1.8,1.0,0.0558,1,1,1,FINALIZED_WITHIN_C2_LIMIT,0.636462,0.906
1334,24000.0,0.6732,explore,PBFT,4.8,1.0,0.0933,1,1,1,FINALIZED_WITHIN_C2_LIMIT,1.246263,1.619
1335,40000.0,0.6729,greedy,ZYZZYVA,8.0,1.0,0.0735,1,1,1,FINALIZED_WITHIN_C2_LIMIT,1.159691,2.372
1336,27000.0,0.6727,explore,PBFT,5.4,1.0,0.0769,1,1,1,FINALIZED_WITHIN_C2_LIMIT,0.477129,1.962
1337,28000.0,0.6724,explore,LIU_QUORUM,5.6,1.0,0.0308,1,1,1,FINALIZED_WITHIN_C2_LIMIT,0.134838,1.691
1338,40000.0,0.6722,greedy,ZYZZYVA,8.0,1.0,0.0735,1,1,1,FINALIZED_WITHIN_C2_LIMIT,0.290672,2.77
1339,23000.0,0.6719,explore,LIU_QUORUM,4.6,1.0,0.0315,1,1,1,FINALIZED_WITHIN_C2_LIMIT,0.166397,2.015
1340,25000.0,0.6717,explore,PBFT,5.0,1.0,0.0401,1,1,1,FINALIZED_WITHIN_C2_LIMIT,0.049288,1.755
1341,15000.0,0.6715,explore,PBFT,3.0,1.0,0.0739,1,1,1,FINALIZED_WITHIN_C2_LIMIT,0.096472,1.336
1342,40000.0,0.6712,greedy,ZYZZYVA,8.0,1.0,0.0735,1,1,1,FINALIZED_WITHIN_C2_LIMIT,0.088389,2.724
1343,2000.0,0.671,explore,ZYZZYVA,0.4,1.0,0.0697,1,1,1,FINALIZED_WITHIN_C2_LIMIT,0.1521,0.393
1344,39000.0,0.6707,explore,LIU_QUORUM,7.8,1.0,0.0647,1,1,1,FINALIZED_WITHIN_C2_LIMIT,0.121088,2.452
1345,40000.0,0.6705,greedy,ZYZZYVA,8.0,1.0,0.0735,1,1,1,FINALIZED_WITHIN_C2_LIMIT,0.085253,3.095
1346,24000.0,0.6702,explore,ZYZZYVA,4.8,1.0,0.1368,1,1,1,FINALIZED_WITHIN_C2_LIMIT,0.084877,1.624
1347,40000.0,0.67,greedy,ZYZZYVA,8.0,1.0,0.0735,1,1,1,FINALIZED_WITHIN_C2_LIMIT,0.05898,3.059
1348,15000.0,0.6697,explore,ZYZZYVA,3.0,1.0,0.03,1,1,1,FINALIZED_WITHIN_C2_LIMIT,0.040737,1.328
1349,40000.0,0.6695,greedy,ZYZZYVA,8.0,1.0,0.0735,1,1,1,FINALIZED_WITHIN_C2_LIMIT,0.339663,2.937
1350,26000.0,0.6693,explore,ZYZZYVA,5.2,1.0,0.0708,1,1,1,FINALIZED_WITHIN_C2_LIMIT,0.141488,1.86
1351,40000.0,0.669,greedy,ZYZZYVA,8.0,1.0,0.0735,1,1,1,FINALIZED_WITHIN_C2_LIMIT,0.053449,2.624
1352,22000.0,0.6688,explore,LIU_QUORUM,4.4,1.0,0.1582,1,1,1,FINALIZED_WITHIN_C2_LIMIT,0.050992,1.456
1353,37000.0,0.6685,explore,ZYZZYVA,7.4,1.0,0.0688,1,1,1,FINALIZED_WITHIN_C2_LIMIT,0.228761,2.677
1354,21000.0,0.6683,explore,PBFT,4.2,1.0,0.069,1,1,1,FINALIZED_WITHIN_C2_LIMIT,0.129892,1.733
1355,40000.0,0.668,greedy,ZYZZYVA,8.0,1.0,0.0735,1,1,1,FINALIZED_WITHIN_C2_LIMIT,0.046952,2.951
1356,40000.0,0.6678,greedy,ZYZZYVA,8.0,1.0,0.0735,1,1,1,FINALIZED_WITHIN_C2_LIMIT,0.109157,2.652
1357,20000.0,0.6675,explore,ZYZZYVA,4.0,1.0,0.0315,1,1,1,FINALIZED_WITHIN_C2_LIMIT,0.174779,1.114
1358,25000.0,0.6673,explore,LIU_QUORUM,5.0,1.0,0.0689,1,1,1,FINALIZED_WITHIN_C2_LIMIT,0.19461,1.633
1359,40000.0,0.667,greedy,ZYZZYVA,8.0,1.0,0.0735,1,1,1,FINALIZED_WITHIN_C2_LIMIT,0.139131,3.307
1360,40000.0,0.6668,greedy,ZYZZYVA,8.0,1.0,0.0735,1,1,1,FINALIZED_WITHIN_C2_LIMIT,0.699071,2.863
1361,11000.0,0.6666,explore,LIU_QUORUM,2.2,1.0,0.0787,1,1,1,FINALIZED_WITHIN_C2_LIMIT,1.162802,1.206
1362,25000.0,0.6663,explore,LIU_QUORUM,5.0,1.0,0.0789,1,1,1,FINALIZED_WITHIN_C2_LIMIT,0.924805,1.84
1363,40000.0,0.6661,greedy,ZYZZYVA,8.0,1.0,0.0735,1,1,1,FINALIZED_WITHIN_C2_LIMIT,0.258227,2.491
1364,21000.0,0.6658,explore,PBFT,4.2,1.0,0.0697,1,1,1,FINALIZED_WITHIN_C2_LIMIT,0.2224,1.547
1365,40000.0,0.6656,greedy,LIU_QUORUM,8.0,1.0,0.0735,1,1,1,FINALIZED_WITHIN_C2_LIMIT,0.641298,2.361
1366,40000.0,0.6653,explore,LIU_QUORUM,8.0,1.0,0.0679,1,1,1,FINALIZED_WITHIN_C2_LIMIT,0.459851,2.478
1367,40000.0,0.6651,greedy,LIU_QUORUM,8.0,1.0,0.0735,1,1,1,FINALIZED_WITHIN_C2_LIMIT,0.089685,2.568
1368,40000.0,0.6648,greedy,ZYZZYVA,8.0,1.0,0.0735,1,1,1,FINALIZED_WITHIN_C2_LIMIT,0.383607,2.637
1369,32000.0,0.6646,explore,ZYZZYVA,6.4,1.0,0.0758,1,1,1,FINALIZED_WITHIN_C2_LIMIT,0.81234,2.17
1370,40000.0,0.6643,greedy,ZYZZYVA,8.0,1.0,0.0735,1,1,1,FINALIZED_WITHIN_C2_LIMIT,0.657144,2.568
1371,40000.0,0.6641,greedy,ZYZZYVA,8.0,1.0,0.0735,1,1,1,FINALIZED_WITHIN_C2_LIMIT,0.150177,2.652
1372,19000.0,0.6639,explore,LIU_QUORUM,3.8,1.0,0.1208,1,1,1,FINALIZED_WITHIN_C2_LIMIT,0.386183,1.368
1373,40000.0,0.6636,greedy,ZYZZYVA,8.0,1.0,0.0735,1,1,1,FINALIZED_WITHIN_C2_LIMIT,0.752118,2.47
1374,40000.0,0.6634,greedy,ZYZZYVA,8.0,1.0,0.0735,1,1,1,FINALIZED_WITHIN_C2_LIMIT,0.654003,2.874
1375,28000.0,0.6631,explore,PBFT,5.6,1.0,0.0786,1,1,1,FINALIZED_WITHIN_C2_LIMIT,0.245345,1.842
1376,0.0,0.6629,explore,PBFT,0.4,1.0,0.2355,0,1,1,FINALIZED_WITHIN_C2_LIMIT,0.198274,0.782
1377,40000.0,0.6626,greedy,ZYZZYVA,8.0,1.0,0.0735,1,1,1,FINALIZED_WITHIN_C2_LIMIT,0.552794,3.298
1378,40000.0,0.6624,greedy,ZYZZYVA,8.0,1.0,0.0735,1,1,1,FINALIZED_WITHIN_C2_LIMIT,0.492421,2.773
1379,30000.0,0.6621,explore,LIU_QUORUM,6.0,1.0,0.0362,1,1,1,FINALIZED_WITHIN_C2_LIMIT,0.095784,2.042
1380,21000.0,0.6619,explore,LIU_QUORUM,4.2,1.0,0.068,1,1,1,FINALIZED_WITHIN_C2_LIMIT,0.43817,1.512
1381,40000.0,0.6617,greedy,ZYZZYVA,8.0,1.0,0.0729,1,1,1,FINALIZED_WITHIN_C2_LIMIT,0.985519,2.762
1382,9000.0,0.6614,explore,LIU_QUORUM,1.8,1.0,0.072,1,1,1,FINALIZED_WITHIN_C2_LIMIT,0.824233,1.023
1383,40000.0,0.6612,explore,LIU_QUORUM,8.0,1.0,0.0362,1,1,1,FINALIZED_WITHIN_C2_LIMIT,0.246348,2.795
1384,7000.0,0.6609,explore,LIU_QUORUM,1.4,1.0,0.0362,1,1,1,FINALIZED_WITHIN_C2_LIMIT,0.126051,0.885
1385,9000.0,0.6607,explore,PBFT,1.8,1.0,0.0316,1,1,1,FINALIZED_WITHIN_C2_LIMIT,0.423382,1.094
1386,9000.0,0.6604,explore,ZYZZYVA,1.8,1.0,0.0881,1,1,1,FINALIZED_WITHIN_C2_LIMIT,0.329716,0.915
1387,12000.0,0.6602,explore,LIU_QUORUM,2.4,1.0,0.0933,1,1,1,FINALIZED_WITHIN_C2_LIMIT,0.028959,1.073
1388,31000.0,0.6599,explore,LIU_QUORUM,6.2,1.0,0.0316,1,1,1,FINALIZED_WITHIN_C2_LIMIT,0.681131,2.135
1389,34000.0,0.6597,explore,LIU_QUORUM,6.8,1.0,0.067,1,1,1,FINALIZED_WITHIN_C2_LIMIT,1.342636,2.092
1390,21000.0,0.6595,explore,PBFT,4.2,1.0,0.069,1,1,1,FINALIZED_WITHIN_C2_LIMIT,0.983811,1.747
1391,34000.0,0.6592,explore,LIU_QUORUM,6.8,1.0,0.0739,1,1,1,FINALIZED_WITHIN_C2_LIMIT,0.370343,2.534
1392,28000.0,0.659,explore,PBFT,5.6,1.0,0.0739,1,1,1,FINALIZED_WITHIN_C2_LIMIT,0.134033,2.007
1393,40000.0,0.6587,greedy,ZYZZYVA,8.0,1.0,0.0729,1,1,1,FINALIZED_WITHIN_C2_LIMIT,0.388042,3.027
1394,37000.0,0.6585,explore,PBFT,7.4,1.0,0.0294,1,1,1,FINALIZED_WITHIN_C2_LIMIT,0.277883,2.092
1395,32000.0,0.6582,explore,PBFT,6.4,1.0,0.0739,1,1,1,FINALIZED_WITHIN_C2_LIMIT,0.102355,2.075
1396,34000.0,0.658,explore,ZYZZYVA,6.8,1.0,0.0789,1,1,1,FINALIZED_WITHIN_C2_LIMIT,0.073657,2.2
1397,40000.0,0.6577,explore,PBFT,8.0,1.0,0.0758,1,1,1,FINALIZED_WITHIN_C2_LIMIT,0.151251,3.016
1398,18000.0,0.6575,explore,PBFT,3.6,1.0,0.1459,1,1,1,FINALIZED_WITHIN_C2_LIMIT,0.196845,1.786
1399,5000.0,0.6572,explore,LIU_QUORUM,1.0,1.0,0.0453,1,1,1,FINALIZED_WITHIN_C2_LIMIT,0.930931,0.941
1400,40000.0,0.657,greedy,ZYZZYVA,8.0,1.0,0.0729,1,1,1,FINALIZED_WITHIN_C2_LIMIT,0.131702,3.225
1401,0.0,0.6568,explore,PBFT,0.8,1.0,0.2251,0,1,1,FINALIZED_WITHIN_C2_LIMIT,0.621644,0.834
1402,31000.0,0.6565,explore,ZYZZYVA,6.2,1.0,0.0739,1,1,1,FINALIZED_WITHIN_C2_LIMIT,2.084632,2.265
1403,13000.0,0.6563,explore,PBFT,2.6,1.0,0.0685,1,1,1,FINALIZED_WITHIN_C2_LIMIT,2.322329,1.244
1404,40000.0,0.656,greedy,ZYZZYVA,8.0,1.0,0.0729,1,1,1,FINALIZED_WITHIN_C2_LIMIT,1.718838,3.09
1405,40000.0,0.6558,greedy,ZYZZYVA,8.0,1.0,0.0729,1,1,1,FINALIZED_WITHIN_C2_LIMIT,0.387641,2.552
1406,13000.0,0.6555,explore,PBFT,2.6,1.0,0.0787,1,1,1,FINALIZED_WITHIN_C2_LIMIT,0.154177,1.135
1407,40000.0,0.6553,greedy,ZYZZYVA,8.0,1.0,0.0729,1,1,1,FINALIZED_WITHIN_C2_LIMIT,0.689051,2.818
1408,40000.0,0.655,explore,ZYZZYVA,8.0,1.0,0.1001,1,1,1,FINALIZED_WITHIN_C2_LIMIT,0.652356,2.55
1409,40000.0,0.6548,greedy,ZYZZYVA,8.0,1.0,0.0729,1,1,1,FINALIZED_WITHIN_C2_LIMIT,0.292311,2.886
1410,0.0,0.6545,explore,ZYZZYVA,6.4,1.0,0.2251,0,1,1,FINALIZED_WITHIN_C2_LIMIT,0.094716,1.996
1411,40000.0,0.6543,greedy,ZYZZYVA,8.0,1.0,0.0729,1,1,1,FINALIZED_WITHIN_C2_LIMIT,0.319319,2.384
1412,40000.0,0.6541,greedy,ZYZZYVA,8.0,1.0,0.0729,1,1,1,FINALIZED_WITHIN_C2_LIMIT,0.226825,2.701
1413,10000.0,0.6538,explore,LIU_QUORUM,2.0,1.0,0.1831,1,1,1,FINALIZED_WITHIN_C2_LIMIT,0.149948,1.032
1414,27000.0,0.6536,explore,PBFT,5.4,1.0,0.0705,1,1,1,FINALIZED_WITHIN_C2_LIMIT,0.129047,2.227
1415,28000.0,0.6533,explore,ZYZZYVA,5.6,1.0,0.0299,1,1,1,FINALIZED_WITHIN_C2_LIMIT,0.044625,1.568
1416,31000.0,0.6531,explore,PBFT,6.2,1.0,0.0316,1,1,1,FINALIZED_WITHIN_C2_LIMIT,0.077362,2.683
1417,34000.0,0.6528,explore,LIU_QUORUM,6.8,1.0,0.0506,1,1,1,FINALIZED_WITHIN_C2_LIMIT,0.213539,2.476
1418,11000.0,0.6526,explore,PBFT,2.2,1.0,0.0689,1,1,1,FINALIZED_WITHIN_C2_LIMIT,0.100188,1.134
1419,40000.0,0.6523,greedy,ZYZZYVA,8.0,1.0,0.0729,1,1,1,FINALIZED_WITHIN_C2_LIMIT,0.167346,2.862
1420,40000.0,0.6521,greedy,ZYZZYVA,8.0,1.0,0.065,1,1,1,FINALIZED_WITHIN_C2_LIMIT,0.113503,2.85
1421,14000.0,0.6519,explore,PBFT,2.8,1.0,0.03,1,1,1,FINALIZED_WITHIN_C2_LIMIT,0.100025,1.277
1422,26000.0,0.6516,explore,LIU_QUORUM,5.2,1.0,0.19,1,1,1,FINALIZED_WITHIN_C2_LIMIT,0.127445,1.83
1423,40000.0,0.6514,greedy,ZYZZYVA,8.0,1.0,0.065,1,1,1,FINALIZED_WITHIN_C2_LIMIT,0.166394,2.575
1424,40000.0,0.6511,greedy,ZYZZYVA,8.0,1.0,0.065,1,1,1,FINALIZED_WITHIN_C2_LIMIT,0.124367,3.262
1425,40000.0,0.6509,greedy,ZYZZYVA,8.0,1.0,0.056,1,1,1,FINALIZED_WITHIN_C2_LIMIT,0.077921,3.239
1426,27000.0,0.6506,explore,LIU_QUORUM,5.4,1.0,0.0685,1,1,1,FINALIZED_WITHIN_C2_LIMIT,0.092352,1.83
1427,40000.0,0.6504,greedy,ZYZZYVA,8.0,1.0,0.056,1,1,1,FINALIZED_WITHIN_C2_LIMIT,0.14454,2.417
1428,24000.0,0.6501,explore,LIU_QUORUM,4.8,1.0,0.1284,1,1,1,FINALIZED_WITHIN_C2_LIMIT,0.090202,1.915
1429,26000.0,0.6499,explore,LIU_QUORUM,5.2,1.0,0.0769,1,1,1,FINALIZED_WITHIN_C2_LIMIT,0.128199,1.955
1430,40000.0,0.6497,greedy,ZYZZYVA,8.0,1.0,0.056,1,1,1,FINALIZED_WITHIN_C2_LIMIT,0.059595,2.617
1431,26000.0,0.6494,explore,PBFT,5.2,1.0,0.0779,1,1,1,FINALIZED_WITHIN_C2_LIMIT,0.11572,1.873
1432,37000.0,0.6492,explore,PBFT,7.4,1.0,0.0316,1,1,1,FINALIZED_WITHIN_C2_LIMIT,0.097585,2.268
1433,40000.0,0.6489,greedy,ZYZZYVA,8.0,1.0,0.056,1,1,1,FINALIZED_WITHIN_C2_LIMIT,0.087445,2.746
1434,40000.0,0.6487,greedy,ZYZZYVA,8.0,1.0,0.056,1,1,1,FINALIZED_WITHIN_C2_LIMIT,0.095956,2.467
1435,32000.0,0.6484,explore,PBFT,6.4,1.0,0.0401,1,1,1,FINALIZED_WITHIN_C2_LIMIT,0.084784,2.03
1436,15000.0,0.6482,explore,PBFT,3.0,1.0,0.0298,1,1,1,FINALIZED_WITHIN_C2_LIMIT,0.099472,1.357
1437,29000.0,0.6479,explore,ZYZZYVA,5.8,1.0,0.1001,1,1,1,FINALIZED_WITHIN_C2_LIMIT,0.085894,2.259
1438,40000.0,0.6477,explore,ZYZZYVA,8.0,1.0,0.1831,1,1,1,FINALIZED_WITHIN_C2_LIMIT,0.15785,3.041
1439,18000.0,0.6474,explore,ZYZZYVA,3.6,1.0,0.1284,1,1,1,FINALIZED_WITHIN_C2_LIMIT,0.055693,1.5
1440,15000.0,0.6472,explore,ZYZZYVA,3.0,1.0,0.1085,1,1,1,FINALIZED_WITHIN_C2_LIMIT,0.045386,1.423
1441,40000.0,0.647,greedy,ZYZZYVA,8.0,1.0,0.056,1,1,1,FINALIZED_WITHIN_C2_LIMIT,0.129989,2.88
1442,18000.0,0.6467,explore,LIU_QUORUM,3.6,1.0,0.0739,1,1,1,FINALIZED_WITHIN_C2_LIMIT,0.120432,1.382
1443,21000.0,0.6465,explore,ZYZZYVA,4.2,1.0,0.072,1,1,1,FINALIZED_WITHIN_C2_LIMIT,0.043753,1.738
1444,10000.0,0.6462,explore,PBFT,2.0,1.0,0.0291,1,1,1,FINALIZED_WITHIN_C2_LIMIT,0.079879,1.0
1445,16000.0,0.646,explore,PBFT,3.2,1.0,0.1459,1,1,1,FINALIZED_WITHIN_C2_LIMIT,0.125558,1.463
1446,34000.0,0.6457,explore,LIU_QUORUM,6.8,1.0,0.0689,1,1,1,FINALIZED_WITHIN_C2_LIMIT,0.133557,2.605
1447,14000.0,0.6455,explore,LIU_QUORUM,2.8,1.0,0.0688,1,1,1,FINALIZED_WITHIN_C2_LIMIT,0.086169,1.262
1448,40000.0,0.6452,greedy,ZYZZYVA,8.0,1.0,0.056,1,1,1,FINALIZED_WITHIN_C2_LIMIT,0.051742,2.415
1449,40000.0,0.645,greedy,ZYZZYVA,8.0,1.0,0.056,1,1,1,FINALIZED_WITHIN_C2_LIMIT,0.175696,2.261
1450,34000.0,0.6447,explore,LIU_QUORUM,6.8,1.0,0.1208,1,1,1,FINALIZED_WITHIN_C2_LIMIT,0.186379,1.836
1451,40000.0,0.6445,greedy,ZYZZYVA,8.0,1.0,0.056,1,1,1,FINALIZED_WITHIN_C2_LIMIT,0.068769,2.697
1452,30000.0,0.6443,explore,LIU_QUORUM,6.0,1.0,0.0715,1,1,1,FINALIZED_WITHIN_C2_LIMIT,0.03696,1.96
1453,16000.0,0.644,explore,PBFT,3.2,1.0,0.072,1,1,1,FINALIZED_WITHIN_C2_LIMIT,0.034621,1.391
1454,4000.0,0.6438,explore,PBFT,0.8,1.0,0.0278,1,1,1,FINALIZED_WITHIN_C2_LIMIT,0.089233,0.761
1455,40000.0,0.6435,greedy,ZYZZYVA,8.0,1.0,0.0432,1,1,1,FINALIZED_WITHIN_C2_LIMIT,0.082128,2.728
1456,16000.0,0.6433,explore,LIU_QUORUM,3.2,1.0,0.19,1,1,1,FINALIZED_WITHIN_C2_LIMIT,0.145412,1.346
1457,12000.0,0.643,explore,ZYZZYVA,2.4,1.0,0.0685,1,1,1,FINALIZED_WITHIN_C2_LIMIT,0.188017,1.031
1458,32000.0,0.6428,explore,PBFT,6.4,1.0,0.0558,1,1,1,FINALIZED_WITHIN_C2_LIMIT,0.037489,2.076
1459,40000.0,0.6425,greedy,ZYZZYVA,8.0,1.0,0.056,1,1,1,FINALIZED_WITHIN_C2_LIMIT,0.666751,2.917
1460,0.0,0.6423,explore,LIU_QUORUM,0.8,1.0,0.2355,0,1,1,FINALIZED_WITHIN_C2_LIMIT,1.399725,0.896
1461,32000.0,0.6421,explore,ZYZZYVA,6.4,1.0,0.0786,1,1,1,FINALIZED_WITHIN_C2_LIMIT,0.862056,2.095
1462,40000.0,0.6418,greedy,ZYZZYVA,8.0,1.0,0.056,1,1,1,FINALIZED_WITHIN_C2_LIMIT,0.141579,2.466
1463,40000.0,0.6416,greedy,ZYZZYVA,8.0,1.0,0.056,1,1,1,FINALIZED_WITHIN_C2_LIMIT,0.345139,2.316
1464,40000.0,0.6413,greedy,ZYZZYVA,8.0,1.0,0.056,1,1,1,FINALIZED_WITHIN_C2_LIMIT,0.868323,2.162
1465,34000.0,0.6411,explore,LIU_QUORUM,6.8,1.0,0.0401,1,1,1,FINALIZED_WITHIN_C2_LIMIT,0.814901,2.209
1466,7000.0,0.6408,explore,PBFT,1.4,1.0,0.1416,1,1,1,FINALIZED_WITHIN_C2_LIMIT,0.193839,0.892
1467,40000.0,0.6406,greedy,ZYZZYVA,8.0,1.0,0.056,1,1,1,FINALIZED_WITHIN_C2_LIMIT,0.189905,2.738
1468,40000.0,0.6403,greedy,ZYZZYVA,8.0,1.0,0.056,1,1,1,FINALIZED_WITHIN_C2_LIMIT,0.719102,2.923
1469,26000.0,0.6401,explore,PBFT,5.2,1.0,0.0316,1,1,1,FINALIZED_WITHIN_C2_LIMIT,0.485952,2.235
1470,26000.0,0.6399,explore,LIU_QUORUM,5.2,1.0,0.0506,1,1,1,FINALIZED_WITHIN_C2_LIMIT,0.107951,1.755
1471,40000.0,0.6396,greedy,ZYZZYVA,8.0,1.0,0.056,1,1,1,FINALIZED_WITHIN_C2_LIMIT,0.498959,2.712
1472,40000.0,0.6394,greedy,ZYZZYVA,8.0,1.0,0.056,1,1,1,FINALIZED_WITHIN_C2_LIMIT,1.137444,2.605
1473,40000.0,0.6391,greedy,ZYZZYVA,8.0,1.0,0.056,1,1,1,FINALIZED_WITHIN_C2_LIMIT,0.991679,2.933
1474,14000.0,0.6389,explore,PBFT,2.8,1.0,0.0768,1,1,1,FINALIZED_WITHIN_C2_LIMIT,0.288611,1.363
1475,36000.0,0.6386,explore,ZYZZYVA,7.2,1.0,0.0453,1,1,1,FINALIZED_WITHIN_C2_LIMIT,0.157289,2.247
1476,0.0,0.6384,explore,PBFT,7.4,1.0,0.2103,0,1,1,FINALIZED_WITHIN_C2_LIMIT,0.571628,2.816
1477,28000.0,0.6381,explore,PBFT,5.6,1.0,0.1001,1,1,1,FINALIZED_WITHIN_C2_LIMIT,0.378958,1.983
1478,24000.0,0.6379,explore,ZYZZYVA,4.8,1.0,0.0705,1,1,1,FINALIZED_WITHIN_C2_LIMIT,0.121757,1.856
1479,40000.0,0.6376,greedy,ZYZZYVA,8.0,1.0,0.0729,1,1,1,FINALIZED_WITHIN_C2_LIMIT,0.505664,2.835
1480,40000.0,0.6374,greedy,ZYZZYVA,8.0,1.0,0.0729,1,1,1,FINALIZED_WITHIN_C2_LIMIT,0.894773,2.469
1481,5000.0,0.6372,explore,PBFT,1.0,1.0,0.0963,1,1,1,FINALIZED_WITHIN_C2_LIMIT,0.849377,0.865
1482,0.0,0.6369,explore,ZYZZYVA,5.0,1.0,0.2103,0,1,1,FINALIZED_WITHIN_C2_LIMIT,0.222802,2.049
1483,40000.0,0.6367,greedy,ZYZZYVA,8.0,1.0,0.0729,1,1,1,FINALIZED_WITHIN_C2_LIMIT,0.218616,2.883
1484,13000.0,0.6364,explore,PBFT,2.6,1.0,0.1831,1,1,1,FINALIZED_WITHIN_C2_LIMIT,0.613347,1.216
1485,1000.0,0.6362,explore,LIU_QUORUM,0.2,1.0,0.0674,1,1,1,FINALIZED_WITHIN_C2_LIMIT,0.500363,0.697
1486,13000.0,0.6359,explore,PBFT,2.6,1.0,0.0715,1,1,1,FINALIZED_WITHIN_C2_LIMIT,0.095987,1.399
1487,31000.0,0.6357,explore,PBFT,6.2,1.0,0.0294,1,1,1,FINALIZED_WITHIN_C2_LIMIT,0.399754,2.508
1488,7000.0,0.6354,explore,ZYZZYVA,1.4,1.0,0.0741,1,1,1,FINALIZED_WITHIN_C2_LIMIT,0.859863,0.901
1489,40000.0,0.6352,greedy,ZYZZYVA,8.0,1.0,0.0729,1,1,1,FINALIZED_WITHIN_C2_LIMIT,0.782319,2.682
1490,18000.0,0.635,explore,LIU_QUORUM,3.6,1.0,0.0668,1,1,1,FINALIZED_WITHIN_C2_LIMIT,0.195655,1.248
1491,40000.0,0.6347,greedy,ZYZZYVA,8.0,1.0,0.0729,1,1,1,FINALIZED_WITHIN_C2_LIMIT,0.325946,2.704
1492,35000.0,0.6345,explore,PBFT,7.0,1.0,0.0294,1,1,1,FINALIZED_WITHIN_C2_LIMIT,0.785971,2.306
1493,22000.0,0.6342,explore,ZYZZYVA,4.4,1.0,0.1085,1,1,1,FINALIZED_WITHIN_C2_LIMIT,0.559839,1.634
1494,35000.0,0.634,explore,LIU_QUORUM,7.0,1.0,0.0315,1,1,1,FINALIZED_WITHIN_C2_LIMIT,0.105456,2.423
1495,18000.0,0.6337,explore,LIU_QUORUM,3.6,1.0,0.0668,1,1,1,FINALIZED_WITHIN_C2_LIMIT,0.365387,1.436
1496,30000.0,0.6335,explore,LIU_QUORUM,6.0,1.0,0.1982,1,1,1,FINALIZED_WITHIN_C2_LIMIT,0.825646,2.612
1497,40000.0,0.6332,greedy,ZYZZYVA,8.0,1.0,0.0729,1,1,1,FINALIZED_WITHIN_C2_LIMIT,0.648977,2.726
1498,40000.0,0.633,greedy,ZYZZYVA,8.0,1.0,0.0729,1,1,1,FINALIZED_WITHIN_C2_LIMIT,0.129566,2.726
1499,3000.0,0.6327,explore,PBFT,0.6,1.0,0.0881,1,1,1,FINALIZED_WITHIN_C2_LIMIT,0.754368,0.936
1500,18000.0,0.6325,explore,PBFT,3.6,1.0,0.1723,1,1,1,FINALIZED_WITHIN_C2_LIMIT,0.176508,1.436
1501,20000.0,0.6323,explore,LIU_QUORUM,4.0,1.0,0.1723,1,1,1,FINALIZED_WITHIN_C2_LIMIT,0.839893,1.418
1502,4000.0,0.632,explore,PBFT,0.8,1.0,0.0739,1,1,1,FINALIZED_WITHIN_C2_LIMIT,1.157389,0.951
1503,26000.0,0.6318,explore,PBFT,5.2,1.0,0.19,1,1,1,FINALIZED_WITHIN_C2_LIMIT,0.793883,1.888
1504,40000.0,0.6315,greedy,ZYZZYVA,8.0,1.0,0.0729,1,1,1,FINALIZED_WITHIN_C2_LIMIT,0.097581,2.592
1505,12000.0,0.6313,explore,LIU_QUORUM,2.4,1.0,0.0651,1,1,1,FINALIZED_WITHIN_C2_LIMIT,0.441566,1.127
1506,40000.0,0.631,greedy,ZYZZYVA,8.0,1.0,0.0729,1,1,1,FINALIZED_WITHIN_C2_LIMIT,1.105395,2.514
1507,21000.0,0.6308,explore,ZYZZYVA,4.2,1.0,0.1723,1,1,1,FINALIZED_WITHIN_C2_LIMIT,1.254143,1.457
1508,32000.0,0.6305,explore,PBFT,6.4,1.0,0.0688,1,1,1,FINALIZED_WITHIN_C2_LIMIT,0.525688,2.255
1509,0.0,0.6303,explore,ZYZZYVA,4.0,1.0,0.2103,0,1,1,FINALIZED_WITHIN_C2_LIMIT,0.025417,1.374
1510,16000.0,0.63,explore,LIU_QUORUM,3.2,1.0,0.1723,1,1,1,FINALIZED_WITHIN_C2_LIMIT,0.880323,1.301
1511,29000.0,0.6298,explore,PBFT,5.8,1.0,0.0702,1,1,1,FINALIZED_WITHIN_C2_LIMIT,1.86568,2.299
1512,18000.0,0.6296,explore,LIU_QUORUM,3.6,1.0,0.0288,1,1,1,FINALIZED_WITHIN_C2_LIMIT,1.77008,1.363
1513,2000.0,0.6293,explore,PBFT,0.4,1.0,0.0609,1,1,1,FINALIZED_WITHIN_C2_LIMIT,0.860895,0.772
1514,10000.0,0.6291,explore,ZYZZYVA,2.0,1.0,0.0316,1,1,1,FINALIZED_WITHIN_C2_LIMIT,0.07506,1.069
1515,29000.0,0.6288,explore,LIU_QUORUM,5.8,1.0,0.0668,1,1,1,FINALIZED_WITHIN_C2_LIMIT,0.74506,3.046
1516,40000.0,0.6286,greedy,ZYZZYVA,8.0,1.0,0.0729,1,1,1,FINALIZED_WITHIN_C2_LIMIT,2.010575,2.916
1517,22000.0,0.6283,explore,LIU_QUORUM,4.4,1.0,0.03,1,1,1,FINALIZED_WITHIN_C2_LIMIT,2.067137,1.457
1518,35000.0,0.6281,explore,LIU_QUORUM,7.0,1.0,0.104,1,1,1,FINALIZED_WITHIN_C2_LIMIT,1.503108,2.648
1519,0.0,0.6278,explore,LIU_QUORUM,6.2,1.0,0.2536,0,1,1,FINALIZED_WITHIN_C2_LIMIT,0.443593,2.691
1520,23000.0,0.6276,explore,ZYZZYVA,4.6,1.0,0.0697,1,1,1,FINALIZED_WITHIN_C2_LIMIT,0.224312,1.974
1521,7000.0,0.6274,explore,LIU_QUORUM,1.4,1.0,0.0282,1,1,1,FINALIZED_WITHIN_C2_LIMIT,0.829636,0.935
1522,3000.0,0.6271,explore,PBFT,0.6,1.0,0.0786,1,1,1,FINALIZED_WITHIN_C2_LIMIT,1.084173,0.457
1523,40000.0,0.6269,greedy,ZYZZYVA,8.0,1.0,0.0729,1,1,1,FINALIZED_WITHIN_C2_LIMIT,0.361753,3.375
1524,40000.0,0.6266,greedy,ZYZZYVA,8.0,1.0,0.0729,1,1,1,FINALIZED_WITHIN_C2_LIMIT,0.051113,3.267
1525,9000.0,0.6264,explore,ZYZZYVA,1.8,1.0,0.1368,1,1,1,FINALIZED_WITHIN_C2_LIMIT,0.129527,1.083
1526,40000.0,0.6261,greedy,ZYZZYVA,8.0,1.0,0.0729,1,1,1,FINALIZED_WITHIN_C2_LIMIT,0.084495,3.716
1527,40000.0,0.6259,greedy,ZYZZYVA,8.0,1.0,0.0729,1,1,1,FINALIZED_WITHIN_C2_LIMIT,0.258469,3.352
1528,9000.0,0.6256,explore,LIU_QUORUM,1.8,1.0,0.0647,1,1,1,FINALIZED_WITHIN_C2_LIMIT,0.31913,1.046
1529,40000.0,0.6254,greedy,ZYZZYVA,8.0,1.0,0.0729,1,1,1,FINALIZED_WITHIN_C2_LIMIT,0.113371,3.108
1530,40000.0,0.6251,greedy,ZYZZYVA,8.0,1.0,0.0729,1,1,1,FINALIZED_WITHIN_C2_LIMIT,0.257295,3.369
1531,40000.0,0.6249,greedy,ZYZZYVA,8.0,1.0,0.0729,1,1,1,FINALIZED_WITHIN_C2_LIMIT,0.424374,3.531
1532,40000.0,0.6247,greedy,ZYZZYVA,8.0,1.0,0.0729,1,1,1,FINALIZED_WITHIN_C2_LIMIT,0.229212,3.179
1533,2000.0,0.6244,explore,LIU_QUORUM,0.4,1.0,0.0767,1,1,1,FINALIZED_WITHIN_C2_LIMIT,0.041176,0.407
1534,40000.0,0.6242,greedy,ZYZZYVA,8.0,1.0,0.0729,1,1,1,FINALIZED_WITHIN_C2_LIMIT,0.115021,3.727
1535,3000.0,0.6239,explore,PBFT,0.6,1.0,0.1368,1,1,1,FINALIZED_WITHIN_C2_LIMIT,0.060087,0.771
1536,16000.0,0.6237,explore,LIU_QUORUM,3.2,1.0,0.1208,1,1,1,FINALIZED_WITHIN_C2_LIMIT,0.071387,1.51
1537,22000.0,0.6234,explore,ZYZZYVA,4.4,1.0,0.0278,1,1,1,FINALIZED_WITHIN_C2_LIMIT,0.074215,1.797
1538,8000.0,0.6232,explore,ZYZZYVA,1.6,1.0,0.0647,1,1,1,FINALIZED_WITHIN_C2_LIMIT,0.087221,0.806
1539,18000.0,0.6229,explore,LIU_QUORUM,3.6,1.0,0.0708,1,1,1,FINALIZED_WITHIN_C2_LIMIT,0.125373,1.349
1540,40000.0,0.6227,greedy,ZYZZYVA,8.0,1.0,0.0729,1,1,1,FINALIZED_WITHIN_C2_LIMIT,0.053221,3.093
1541,19000.0,0.6225,explore,LIU_QUORUM,3.8,1.0,0.0401,1,1,1,FINALIZED_WITHIN_C2_LIMIT,0.198374,1.521
1542,23000.0,0.6222,explore,PBFT,4.6,1.0,0.104,1,1,1,FINALIZED_WITHIN_C2_LIMIT,0.255026,1.823
1543,25000.0,0.622,explore,LIU_QUORUM,5.0,1.0,0.0668,1,1,1,FINALIZED_WITHIN_C2_LIMIT,0.073975,1.761
1544,40000.0,0.6217,greedy,ZYZZYVA,8.0,1.0,0.0683,1,1,1,FINALIZED_WITHIN_C2_LIMIT,0.359615,3.088
1545,18000.0,0.6215,explore,PBFT,3.6,1.0,0.0288,1,1,1,FINALIZED_WITHIN_C2_LIMIT,0.644493,1.508
1546,1000.0,0.6212,explore,ZYZZYVA,0.2,1.0,0.0299,1,1,1,FINALIZED_WITHIN_C2_LIMIT,0.31394,0.389
1547,30000.0,0.621,explore,LIU_QUORUM,6.0,1.0,0.1416,1,1,1,FINALIZED_WITHIN_C2_LIMIT,0.066696,2.464
1548,40000.0,0.6207,greedy,ZYZZYVA,8.0,1.0,0.0683,1,1,1,FINALIZED_WITHIN_C2_LIMIT,0.075252,3.195
1549,39000.0,0.6205,explore,LIU_QUORUM,7.8,1.0,0.0963,1,1,1,FINALIZED_WITHIN_C2_LIMIT,0.085923,2.879
1550,40000.0,0.6202,greedy,ZYZZYVA,8.0,1.0,0.0683,1,1,1,FINALIZED_WITHIN_C2_LIMIT,0.092495,2.871
1551,35000.0,0.62,explore,ZYZZYVA,7.0,1.0,0.069,1,1,1,FINALIZED_WITHIN_C2_LIMIT,0.274259,2.062
1552,16000.0,0.6198,explore,LIU_QUORUM,3.2,1.0,0.0786,1,1,1,FINALIZED_WITHIN_C2_LIMIT,0.364604,1.388
1553,40000.0,0.6195,greedy,ZYZZYVA,8.0,1.0,0.0683,1,1,1,FINALIZED_WITHIN_C2_LIMIT,0.089438,3.301
1554,34000.0,0.6193,explore,ZYZZYVA,6.8,1.0,0.1085,1,1,1,FINALIZED_WITHIN_C2_LIMIT,0.456086,2.487
1555,14000.0,0.619,explore,PBFT,2.8,1.0,0.0768,1,1,1,FINALIZED_WITHIN_C2_LIMIT,0.820146,1.612
1556,28000.0,0.6188,explore,ZYZZYVA,5.6,1.0,0.0789,1,1,1,FINALIZED_WITHIN_C2_LIMIT,0.547008,1.973
1557,40000.0,0.6185,greedy,ZYZZYVA,8.0,1.0,0.0683,1,1,1,FINALIZED_WITHIN_C2_LIMIT,0.095382,3.085
1558,19000.0,0.6183,explore,LIU_QUORUM,3.8,1.0,0.0697,1,1,1,FINALIZED_WITHIN_C2_LIMIT,0.769456,1.76
1559,2000.0,0.618,explore,LIU_QUORUM,0.4,1.0,0.0291,1,1,1,FINALIZED_WITHIN_C2_LIMIT,1.382123,0.643
1560,40000.0,0.6178,greedy,ZYZZYVA,8.0,1.0,0.0683,1,1,1,FINALIZED_WITHIN_C2_LIMIT,1.476705,3.996
1561,40000.0,0.6176,greedy,ZYZZYVA,8.0,1.0,0.0683,1,1,1,FINALIZED_WITHIN_C2_LIMIT,0.413574,2.716
1562,9000.0,0.6173,explore,LIU_QUORUM,1.8,1.0,0.0809,1,1,1,FINALIZED_WITHIN_C2_LIMIT,0.059858,0.89
1563,11000.0,0.6171,explore,ZYZZYVA,2.2,1.0,0.0315,1,1,1,FINALIZED_WITHIN_C2_LIMIT,0.237926,1.011
1564,36000.0,0.6168,explore,LIU_QUORUM,7.2,1.0,0.0741,1,1,1,FINALIZED_WITHIN_C2_LIMIT,0.126861,3.036
1565,40000.0,0.6166,greedy,ZYZZYVA,8.0,1.0,0.0683,1,1,1,FINALIZED_WITHIN_C2_LIMIT,0.136746,2.938
1566,40000.0,0.6163,greedy,ZYZZYVA,8.0,1.0,0.0683,1,1,1,FINALIZED_WITHIN_C2_LIMIT,0.178361,2.66
1567,40000.0,0.6161,greedy,ZYZZYVA,8.0,1.0,0.0683,1,1,1,FINALIZED_WITHIN_C2_LIMIT,0.059512,2.657
1568,27000.0,0.6158,explore,LIU_QUORUM,5.4,1.0,0.0767,1,1,1,FINALIZED_WITHIN_C2_LIMIT,0.292532,2.431
1569,40000.0,0.6156,greedy,ZYZZYVA,8.0,1.0,0.0683,1,1,1,FINALIZED_WITHIN_C2_LIMIT,0.358728,3.183
1570,39000.0,0.6154,explore,ZYZZYVA,7.8,1.0,0.1284,1,1,1,FINALIZED_WITHIN_C2_LIMIT,0.115848,2.605
1571,40000.0,0.6151,greedy,ZYZZYVA,8.0,1.0,0.0729,1,1,1,FINALIZED_WITHIN_C2_LIMIT,0.394241,3.225
1572,16000.0,0.6149,explore,PBFT,3.2,1.0,0.0686,1,1,1,FINALIZED_WITHIN_C2_LIMIT,0.708109,1.769
1573,40000.0,0.6146,greedy,LIU_QUORUM,8.0,1.0,0.0729,1,1,1,FINALIZED_WITHIN_C2_LIMIT,0.412812,2.86
1574,29000.0,0.6144,explore,LIU_QUORUM,5.8,1.0,0.0669,1,1,1,FINALIZED_WITHIN_C2_LIMIT,0.115435,1.866
1575,27000.0,0.6141,explore,ZYZZYVA,5.4,1.0,0.067,1,1,1,FINALIZED_WITHIN_C2_LIMIT,0.0843,2.457
1576,40000.0,0.6139,greedy,LIU_QUORUM,8.0,1.0,0.0729,1,1,1,FINALIZED_WITHIN_C2_LIMIT,0.140345,3.327
1577,40000.0,0.6136,greedy,ZYZZYVA,8.0,1.0,0.0729,1,1,1,FINALIZED_WITHIN_C2_LIMIT,0.076671,3.03
1578,40000.0,0.6134,greedy,ZYZZYVA,8.0,1.0,0.0729,1,1,1,FINALIZED_WITHIN_C2_LIMIT,0.327301,3.371
1579,7000.0,0.6131,explore,PBFT,1.4,1.0,0.0739,1,1,1,FINALIZED_WITHIN_C2_LIMIT,0.408395,0.85
1580,27000.0,0.6129,explore,LIU_QUORUM,5.4,1.0,0.0741,1,1,1,FINALIZED_WITHIN_C2_LIMIT,0.157484,1.902
1581,3000.0,0.6127,explore,PBFT,0.6,1.0,0.1831,1,1,1,FINALIZED_WITHIN_C2_LIMIT,0.162397,0.88
1582,40000.0,0.6124,greedy,ZYZZYVA,8.0,1.0,0.0729,1,1,1,FINALIZED_WITHIN_C2_LIMIT,0.437901,3.232
1583,36000.0,0.6122,explore,PBFT,7.2,1.0,0.0453,1,1,1,FINALIZED_WITHIN_C2_LIMIT,0.159841,2.604
1584,16000.0,0.6119,explore,PBFT,3.2,1.0,0.0685,1,1,1,FINALIZED_WITHIN_C2_LIMIT,0.094935,1.351
1585,22000.0,0.6117,explore,LIU_QUORUM,4.4,1.0,0.0933,1,1,1,FINALIZED_WITHIN_C2_LIMIT,0.160082,1.83
1586,3000.0,0.6114,explore,ZYZZYVA,0.6,1.0,0.104,1,1,1,FINALIZED_WITHIN_C2_LIMIT,0.119968,0.392
1587,40000.0,0.6112,greedy,ZYZZYVA,8.0,1.0,0.0729,1,1,1,FINALIZED_WITHIN_C2_LIMIT,0.161689,3.388
1588,39000.0,0.6109,explore,PBFT,7.8,1.0,0.0683,1,1,1,FINALIZED_WITHIN_C2_LIMIT,0.147139,2.581
1589,12000.0,0.6107,explore,PBFT,2.4,1.0,0.1582,1,1,1,FINALIZED_WITHIN_C2_LIMIT,0.071753,1.292
1590,0.0,0.6104,explore,LIU_QUORUM,0.2,1.0,0.2811,0,1,1,FINALIZED_WITHIN_C2_LIMIT,0.079762,0.659
1591,40000.0,0.6102,greedy,ZYZZYVA,8.0,1.0,0.0729,1,1,1,FINALIZED_WITHIN_C2_LIMIT,0.104871,2.941
1592,40000.0,0.61,greedy,ZYZZYVA,8.0,1.0,0.0729,1,1,1,FINALIZED_WITHIN_C2_LIMIT,0.114368,3.116
1593,12000.0,0.6097,explore,ZYZZYVA,2.4,1.0,0.1001,1,1,1,FINALIZED_WITHIN_C2_LIMIT,0.089622,1.146
1594,14000.0,0.6095,explore,PBFT,2.8,1.0,0.1368,1,1,1,FINALIZED_WITHIN_C2_LIMIT,0.084462,1.399
1595,31000.0,0.6092,explore,ZYZZYVA,6.2,1.0,0.0288,1,1,1,FINALIZED_WITHIN_C2_LIMIT,0.053138,2.717
1596,40000.0,0.609,greedy,ZYZZYVA,8.0,1.0,0.0729,1,1,1,FINALIZED_WITHIN_C2_LIMIT,0.063271,3.126
1597,5000.0,0.6087,explore,ZYZZYVA,1.0,1.0,0.0688,1,1,1,FINALIZED_WITHIN_C2_LIMIT,0.128852,0.898
1598,35000.0,0.6085,explore,ZYZZYVA,7.0,1.0,0.1582,1,1,1,FINALIZED_WITHIN_C2_LIMIT,0.129113,2.503
1599,40000.0,0.6082,greedy,ZYZZYVA,8.0,1.0,0.0729,1,1,1,FINALIZED_WITHIN_C2_LIMIT,0.498123,2.548
1600,40000.0,0.608,greedy,ZYZZYVA,8.0,1.0,0.0729,1,1,1,FINALIZED_WITHIN_C2_LIMIT,0.081289,2.521
1601,40000.0,0.6078,greedy,ZYZZYVA,8.0,1.0,0.0729,1,1,1,FINALIZED_WITHIN_C2_LIMIT,0.226371,2.824
1602,40000.0,0.6075,explore,PBFT,8.0,1.0,0.0786,1,1,1,FINALIZED_WITHIN_C2_LIMIT,0.111289,2.449
1603,34000.0,0.6073,explore,PBFT,6.8,1.0,0.0758,1,1,1,FINALIZED_WITHIN_C2_LIMIT,0.161521,2.356
1604,11000.0,0.607,explore,LIU_QUORUM,2.2,1.0,0.0453,1,1,1,FINALIZED_WITHIN_C2_LIMIT,0.161588,1.264
1605,0.0,0.6068,explore,PBFT,6.6,1.0,0.2536,0,1,1,FINALIZED_WITHIN_C2_LIMIT,0.03614,2.748
1606,12000.0,0.6065,explore,PBFT,2.4,1.0,0.0708,1,1,1,FINALIZED_WITHIN_C2_LIMIT,0.333825,1.312
1607,40000.0,0.6063,greedy,ZYZZYVA,8.0,1.0,0.0729,1,1,1,FINALIZED_WITHIN_C2_LIMIT,0.404765,2.831
1608,24000.0,0.606,explore,PBFT,4.8,1.0,0.0291,1,1,1,FINALIZED_WITHIN_C2_LIMIT,0.059508,2.256
1609,3000.0,0.6058,explore,PBFT,0.6,1.0,0.0316,1,1,1,FINALIZED_WITHIN_C2_LIMIT,0.574782,0.704
1610,18000.0,0.6056,explore,PBFT,3.6,1.0,0.0671,1,1,1,FINALIZED_WITHIN_C2_LIMIT,0.874983,1.356
1611,40000.0,0.6053,greedy,ZYZZYVA,8.0,1.0,0.0729,1,1,1,FINALIZED_WITHIN_C2_LIMIT,0.716847,2.926
1612,33000.0,0.6051,explore,LIU_QUORUM,6.6,1.0,0.1982,1,1,1,FINALIZED_WITHIN_C2_LIMIT,0.1108,2.547
1613,40000.0,0.6048,greedy,ZYZZYVA,8.0,1.0,0.0729,1,1,1,FINALIZED_WITHIN_C2_LIMIT,0.573487,2.48
1614,40000.0,0.6046,greedy,ZYZZYVA,8.0,1.0,0.0729,1,1,1,FINALIZED_WITHIN_C2_LIMIT,1.394362,2.556
1615,27000.0,0.6043,explore,ZYZZYVA,5.4,1.0,0.0705,1,1,1,FINALIZED_WITHIN_C2_LIMIT,1.197532,1.81
1616,18000.0,0.6041,explore,LIU_QUORUM,3.6,1.0,0.0702,1,1,1,FINALIZED_WITHIN_C2_LIMIT,0.450271,1.358
1617,40000.0,0.6038,greedy,ZYZZYVA,8.0,1.0,0.0729,1,1,1,FINALIZED_WITHIN_C2_LIMIT,0.119288,3.299
1618,11000.0,0.6036,explore,ZYZZYVA,2.2,1.0,0.067,1,1,1,FINALIZED_WITHIN_C2_LIMIT,0.346467,1.126
1619,40000.0,0.6033,greedy,ZYZZYVA,8.0,1.0,0.0729,1,1,1,FINALIZED_WITHIN_C2_LIMIT,0.191422,3.666
1620,13000.0,0.6031,explore,ZYZZYVA,2.6,1.0,0.0312,1,1,1,FINALIZED_WITHIN_C2_LIMIT,0.169176,1.473
1621,30000.0,0.6029,explore,PBFT,6.0,1.0,0.1582,1,1,1,FINALIZED_WITHIN_C2_LIMIT,0.127298,2.149
1622,40000.0,0.6026,greedy,ZYZZYVA,8.0,1.0,0.0729,1,1,1,FINALIZED_WITHIN_C2_LIMIT,0.102223,3.726
1623,40000.0,0.6024,greedy,ZYZZYVA,8.0,1.0,0.0729,1,1,1,FINALIZED_WITHIN_C2_LIMIT,0.059892,3.276
1624,20000.0,0.6021,explore,ZYZZYVA,4.0,1.0,0.0647,1,1,1,FINALIZED_WITHIN_C2_LIMIT,0.271068,1.54
1625,40000.0,0.6019,greedy,ZYZZYVA,8.0,1.0,0.0729,1,1,1,FINALIZED_WITHIN_C2_LIMIT,0.20528,2.772
1626,40000.0,0.6016,greedy,ZYZZYVA,8.0,1.0,0.0729,1,1,1,FINALIZED_WITHIN_C2_LIMIT,0.086958,3.38
1627,40000.0,0.6014,greedy,ZYZZYVA,8.0,1.0,0.0729,1,1,1,FINALIZED_WITHIN_C2_LIMIT,0.616023,2.572
1628,18000.0,0.6011,explore,PBFT,3.6,1.0,0.0316,1,1,1,FINALIZED_WITHIN_C2_LIMIT,1.098718,1.512
1629,28000.0,0.6009,explore,PBFT,5.6,1.0,0.0786,1,1,1,FINALIZED_WITHIN_C2_LIMIT,0.846632,2.109
1630,40000.0,0.6007,greedy,ZYZZYVA,8.0,1.0,0.0729,1,1,1,FINALIZED_WITHIN_C2_LIMIT,0.15618,3.167
1631,36000.0,0.6004,explore,LIU_QUORUM,7.2,1.0,0.0697,1,1,1,FINALIZED_WITHIN_C2_LIMIT,0.385034,2.564
1632,5000.0,0.6002,explore,LIU_QUORUM,1.0,1.0,0.0671,1,1,1,FINALIZED_WITHIN_C2_LIMIT,1.011457,0.779
1633,9000.0,0.5999,explore,PBFT,1.8,1.0,0.1582,1,1,1,FINALIZED_WITHIN_C2_LIMIT,0.895231,0.979
1634,23000.0,0.5997,explore,LIU_QUORUM,4.6,1.0,0.0769,1,1,1,FINALIZED_WITHIN_C2_LIMIT,0.289639,1.832
1635,40000.0,0.5994,greedy,ZYZZYVA,8.0,1.0,0.0729,1,1,1,FINALIZED_WITHIN_C2_LIMIT,0.20688,3.331
1636,14000.0,0.5992,explore,ZYZZYVA,2.8,1.0,0.1368,1,1,1,FINALIZED_WITHIN_C2_LIMIT,0.382803,1.432
1637,26000.0,0.5989,explore,PBFT,5.2,1.0,0.0741,1,1,1,FINALIZED_WITHIN_C2_LIMIT,0.267639,1.711
1638,20000.0,0.5987,explore,LIU_QUORUM,4.0,1.0,0.0609,1,1,1,FINALIZED_WITHIN_C2_LIMIT,0.069577,1.835
1639,40000.0,0.5984,greedy,ZYZZYVA,8.0,1.0,0.0729,1,1,1,FINALIZED_WITHIN_C2_LIMIT,0.073276,3.013
1640,36000.0,0.5982,explore,LIU_QUORUM,7.2,1.0,0.1208,1,1,1,FINALIZED_WITHIN_C2_LIMIT,0.141129,2.058
1641,40000.0,0.598,greedy,ZYZZYVA,8.0,1.0,0.0729,1,1,1,FINALIZED_WITHIN_C2_LIMIT,0.06277,2.388
1642,40000.0,0.5977,greedy,ZYZZYVA,8.0,1.0,0.0729,1,1,1,FINALIZED_WITHIN_C2_LIMIT,0.278316,2.601
1643,18000.0,0.5975,explore,LIU_QUORUM,3.6,1.0,0.0679,1,1,1,FINALIZED_WITHIN_C2_LIMIT,0.212422,1.541
1644,40000.0,0.5972,greedy,ZYZZYVA,8.0,1.0,0.0729,1,1,1,FINALIZED_WITHIN_C2_LIMIT,0.083292,2.439
1645,40000.0,0.597,greedy,ZYZZYVA,8.0,1.0,0.0683,1,1,1,FINALIZED_WITHIN_C2_LIMIT,0.655309,2.44
1646,22000.0,0.5967,explore,ZYZZYVA,4.4,1.0,0.0671,1,1,1,FINALIZED_WITHIN_C2_LIMIT,1.063559,1.673
1647,40000.0,0.5965,greedy,ZYZZYVA,8.0,1.0,0.056,1,1,1,FINALIZED_WITHIN_C2_LIMIT,0.760001,2.494
1648,1000.0,0.5962,explore,LIU_QUORUM,0.2,1.0,0.0288,1,1,1,FINALIZED_WITHIN_C2_LIMIT,0.153782,0.693
1649,40000.0,0.596,greedy,ZYZZYVA,8.0,1.0,0.0729,1,1,1,FINALIZED_WITHIN_C2_LIMIT,0.533971,3.806
1650,16000.0,0.5958,explore,ZYZZYVA,3.2,1.0,0.0312,1,1,1,FINALIZED_WITHIN_C2_LIMIT,1.360682,1.428
1651,40000.0,0.5955,greedy,ZYZZYVA,8.0,1.0,0.0729,1,1,1,FINALIZED_WITHIN_C2_LIMIT,1.082785,3.405
1652,6000.0,0.5953,explore,LIU_QUORUM,1.2,1.0,0.0558,1,1,1,FINALIZED_WITHIN_C2_LIMIT,0.280982,0.894
1653,26000.0,0.595,explore,ZYZZYVA,5.2,1.0,0.0558,1,1,1,FINALIZED_WITHIN_C2_LIMIT,0.138437,2.068
1654,40000.0,0.5948,greedy,ZYZZYVA,8.0,1.0,0.0729,1,1,1,FINALIZED_WITHIN_C2_LIMIT,0.38592,3.386
1655,22000.0,0.5945,explore,PBFT,4.4,1.0,0.1723,1,1,1,FINALIZED_WITHIN_C2_LIMIT,0.285407,1.527
1656,7000.0,0.5943,explore,LIU_QUORUM,1.4,1.0,0.0683,1,1,1,FINALIZED_WITHIN_C2_LIMIT,0.08555,1.119
1657,40000.0,0.594,greedy,ZYZZYVA,8.0,1.0,0.0729,1,1,1,FINALIZED_WITHIN_C2_LIMIT,0.105422,3.076
1658,26000.0,0.5938,explore,LIU_QUORUM,5.2,1.0,0.0674,1,1,1,FINALIZED_WITHIN_C2_LIMIT,0.107225,1.981
1659,32000.0,0.5935,explore,ZYZZYVA,6.4,1.0,0.0933,1,1,1,FINALIZED_WITHIN_C2_LIMIT,0.052331,2.429
1660,35000.0,0.5933,explore,LIU_QUORUM,7.0,1.0,0.0282,1,1,1,FINALIZED_WITHIN_C2_LIMIT,0.160102,2.152
1661,13000.0,0.5931,explore,LIU_QUORUM,2.6,1.0,0.0741,1,1,1,FINALIZED_WITHIN_C2_LIMIT,0.177705,1.208
1662,40000.0,0.5928,greedy,ZYZZYVA,8.0,1.0,0.0729,1,1,1,FINALIZED_WITHIN_C2_LIMIT,0.030524,3.313
1663,8000.0,0.5926,explore,ZYZZYVA,1.6,1.0,0.1459,1,1,1,FINALIZED_WITHIN_C2_LIMIT,0.072811,1.1
1664,0.0,0.5923,explore,ZYZZYVA,3.8,1.0,0.2103,0,1,1,FINALIZED_WITHIN_C2_LIMIT,0.223616,1.834
1665,36000.0,0.5921,explore,PBFT,7.2,1.0,0.0362,1,1,1,FINALIZED_WITHIN_C2_LIMIT,0.229145,2.544
1666,40000.0,0.5918,greedy,ZYZZYVA,8.0,1.0,0.0729,1,1,1,FINALIZED_WITHIN_C2_LIMIT,0.086073,3.659
1667,40000.0,0.5916,greedy,ZYZZYVA,8.0,1.0,0.0729,1,1,1,FINALIZED_WITHIN_C2_LIMIT,0.104162,2.964
1668,12000.0,0.5913,explore,ZYZZYVA,2.4,1.0,0.0767,1,1,1,FINALIZED_WITHIN_C2_LIMIT,0.151647,1.419
1669,40000.0,0.5911,greedy,ZYZZYVA,8.0,1.0,0.0729,1,1,1,FINALIZED_WITHIN_C2_LIMIT,0.129905,2.792
1670,40000.0,0.5909,greedy,ZYZZYVA,8.0,1.0,0.0729,1,1,1,FINALIZED_WITHIN_C2_LIMIT,0.051213,2.477
1671,20000.0,0.5906,explore,PBFT,4.0,1.0,0.0697,1,1,1,FINALIZED_WITHIN_C2_LIMIT,0.091709,1.714
1672,40000.0,0.5904,greedy,ZYZZYVA,8.0,1.0,0.0729,1,1,1,FINALIZED_WITHIN_C2_LIMIT,0.11941,3.192
1673,13000.0,0.5901,explore,LIU_QUORUM,2.6,1.0,0.0786,1,1,1,FINALIZED_WITHIN_C2_LIMIT,0.111644,1.228
1674,23000.0,0.5899,explore,ZYZZYVA,4.6,1.0,0.0679,1,1,1,FINALIZED_WITHIN_C2_LIMIT,0.067223,1.824
1675,40000.0,0.5896,greedy,ZYZZYVA,8.0,1.0,0.0729,1,1,1,FINALIZED_WITHIN_C2_LIMIT,0.049904,3.094
1676,40000.0,0.5894,greedy,ZYZZYVA,8.0,1.0,0.0683,1,1,1,FINALIZED_WITHIN_C2_LIMIT,0.102909,2.749
1677,40000.0,0.5891,greedy,ZYZZYVA,8.0,1.0,0.0683,1,1,1,FINALIZED_WITHIN_C2_LIMIT,0.08042,3.017
1678,16000.0,0.5889,explore,ZYZZYVA,3.2,1.0,0.068,1,1,1,FINALIZED_WITHIN_C2_LIMIT,0.212674,1.358
1679,40000.0,0.5886,greedy,ZYZZYVA,8.0,1.0,0.0729,1,1,1,FINALIZED_WITHIN_C2_LIMIT,0.116079,3.0
1680,38000.0,0.5884,explore,PBFT,7.6,1.0,0.0809,1,1,1,FINALIZED_WITHIN_C2_LIMIT,0.054329,2.343
1681,18000.0,0.5882,explore,PBFT,3.6,1.0,0.1582,1,1,1,FINALIZED_WITHIN_C2_LIMIT,0.110198,1.447
1682,4000.0,0.5879,explore,PBFT,0.8,1.0,0.0881,1,1,1,FINALIZED_WITHIN_C2_LIMIT,0.123046,0.794
1683,2000.0,0.5877,explore,PBFT,0.4,1.0,0.0786,1,1,1,FINALIZED_WITHIN_C2_LIMIT,0.238581,0.785
1684,6000.0,0.5874,explore,ZYZZYVA,1.2,1.0,0.1001,1,1,1,FINALIZED_WITHIN_C2_LIMIT,0.088283,0.948
1685,40000.0,0.5872,greedy,ZYZZYVA,8.0,1.0,0.0552,1,1,1,FINALIZED_WITHIN_C2_LIMIT,0.045634,2.811
1686,40000.0,0.5869,greedy,ZYZZYVA,8.0,1.0,0.0683,1,1,1,FINALIZED_WITHIN_C2_LIMIT,0.213126,2.778
1687,40000.0,0.5867,greedy,ZYZZYVA,8.0,1.0,0.0683,1,1,1,FINALIZED_WITHIN_C2_LIMIT,0.177305,2.616
1688,29000.0,0.5864,explore,PBFT,5.8,1.0,0.0609,1,1,1,FINALIZED_WITHIN_C2_LIMIT,0.062561,2.311
1689,40000.0,0.5862,greedy,ZYZZYVA,8.0,1.0,0.0552,1,1,1,FINALIZED_WITHIN_C2_LIMIT,0.059673,2.606
1690,22000.0,0.5859,explore,LIU_QUORUM,4.4,1.0,0.0291,1,1,1,FINALIZED_WITHIN_C2_LIMIT,0.221597,1.653
1691,4000.0,0.5857,explore,LIU_QUORUM,0.8,1.0,0.0741,1,1,1,FINALIZED_WITHIN_C2_LIMIT,0.130141,0.92
1692,20000.0,0.5855,explore,ZYZZYVA,4.0,1.0,0.1831,1,1,1,FINALIZED_WITHIN_C2_LIMIT,0.068981,1.695
1693,40000.0,0.5852,greedy,ZYZZYVA,8.0,1.0,0.0552,1,1,1,FINALIZED_WITHIN_C2_LIMIT,0.066269,3.242
1694,9000.0,0.585,explore,PBFT,1.8,1.0,0.0963,1,1,1,FINALIZED_WITHIN_C2_LIMIT,0.20276,1.092
1695,40000.0,0.5847,greedy,ZYZZYVA,8.0,1.0,0.0552,1,1,1,FINALIZED_WITHIN_C2_LIMIT,0.143161,2.732
1696,40000.0,0.5845,greedy,ZYZZYVA,8.0,1.0,0.0552,1,1,1,FINALIZED_WITHIN_C2_LIMIT,0.066833,2.838
1697,40000.0,0.5842,greedy,ZYZZYVA,8.0,1.0,0.0552,1,1,1,FINALIZED_WITHIN_C2_LIMIT,0.099233,2.815
1698,40000.0,0.584,greedy,ZYZZYVA,8.0,1.0,0.0552,1,1,1,FINALIZED_WITHIN_C2_LIMIT,0.115499,2.96
1699,34000.0,0.5837,explore,PBFT,6.8,1.0,0.0282,1,1,1,FINALIZED_WITHIN_C2_LIMIT,0.458732,2.002
1700,40000.0,0.5835,greedy,ZYZZYVA,8.0,1.0,0.0552,1,1,1,FINALIZED_WITHIN_C2_LIMIT,0.111901,2.35
1701,40000.0,0.5833,greedy,ZYZZYVA,8.0,1.0,0.0552,1,1,1,FINALIZED_WITHIN_C2_LIMIT,0.26023,2.589
1702,10000.0,0.583,explore,PBFT,2.0,1.0,0.0298,1,1,1,FINALIZED_WITHIN_C2_LIMIT,0.586105,1.015
1703,11000.0,0.5828,explore,PBFT,2.2,1.0,0.0779,1,1,1,FINALIZED_WITHIN_C2_LIMIT,0.448852,1.149
1704,40000.0,0.5825,greedy,ZYZZYVA,8.0,1.0,0.0552,1,1,1,FINALIZED_WITHIN_C2_LIMIT,0.033299,3.054
1705,17000.0,0.5823,explore,LIU_QUORUM,3.4,1.0,0.0758,1,1,1,FINALIZED_WITHIN_C2_LIMIT,0.057333,1.372
1706,5000.0,0.582,explore,ZYZZYVA,1.0,1.0,0.0694,1,1,1,FINALIZED_WITHIN_C2_LIMIT,0.041212,0.864
1707,27000.0,0.5818,explore,PBFT,5.4,1.0,0.0299,1,1,1,FINALIZED_WITHIN_C2_LIMIT,0.04695,2.236
1708,40000.0,0.5815,greedy,ZYZZYVA,8.0,1.0,0.0552,1,1,1,FINALIZED_WITHIN_C2_LIMIT,0.11581,2.712
1709,40000.0,0.5813,greedy,ZYZZYVA,8.0,1.0,0.0552,1,1,1,FINALIZED_WITHIN_C2_LIMIT,0.055217,2.952
1710,22000.0,0.5811,explore,PBFT,4.4,1.0,0.0787,1,1,1,FINALIZED_WITHIN_C2_LIMIT,0.052316,1.574
1711,11000.0,0.5808,explore,PBFT,2.2,1.0,0.1831,1,1,1,FINALIZED_WITHIN_C2_LIMIT,0.10374,1.187
1712,30000.0,0.5806,explore,ZYZZYVA,6.0,1.0,0.1001,1,1,1,FINALIZED_WITHIN_C2_LIMIT,0.071489,2.157
1713,40000.0,0.5803,greedy,ZYZZYVA,8.0,1.0,0.0584,1,1,1,FINALIZED_WITHIN_C2_LIMIT,0.076231,2.915
1714,40000.0,0.5801,explore,PBFT,8.0,1.0,0.0312,1,1,1,FINALIZED_WITHIN_C2_LIMIT,0.043913,2.332
1715,40000.0,0.5798,greedy,ZYZZYVA,8.0,1.0,0.0584,1,1,1,FINALIZED_WITHIN_C2_LIMIT,0.086639,2.605
1716,0.0,0.5796,explore,PBFT,2.6,1.0,0.2811,0,1,1,FINALIZED_WITHIN_C2_LIMIT,0.049424,1.226
1717,29000.0,0.5793,explore,ZYZZYVA,5.8,1.0,0.0933,1,1,1,FINALIZED_WITHIN_C2_LIMIT,0.084312,2.034
1718,34000.0,0.5791,explore,ZYZZYVA,6.8,1.0,0.1416,1,1,1,FINALIZED_WITHIN_C2_LIMIT,0.062561,2.391
1719,5000.0,0.5788,explore,PBFT,1.0,1.0,0.0671,1,1,1,FINALIZED_WITHIN_C2_LIMIT,0.081325,1.005
1720,0.0,0.5786,explore,LIU_QUORUM,0.8,1.0,0.2251,0,1,1,FINALIZED_WITHIN_C2_LIMIT,0.057928,0.681
1721,33000.0,0.5784,explore,PBFT,6.6,1.0,0.1208,1,1,1,FINALIZED_WITHIN_C2_LIMIT,0.098248,2.599
1722,40000.0,0.5781,greedy,ZYZZYVA,8.0,1.0,0.0584,1,1,1,FINALIZED_WITHIN_C2_LIMIT,0.051879,2.832
1723,25000.0,0.5779,explore,ZYZZYVA,5.0,1.0,0.1141,1,1,1,FINALIZED_WITHIN_C2_LIMIT,0.063897,1.445
1724,40000.0,0.5776,greedy,ZYZZYVA,8.0,1.0,0.0552,1,1,1,FINALIZED_WITHIN_C2_LIMIT,0.0273,1.994
1725,19000.0,0.5774,explore,PBFT,3.8,1.0,0.0705,1,1,1,FINALIZED_WITHIN_C2_LIMIT,0.107494,1.134
1726,40000.0,0.5771,greedy,ZYZZYVA,8.0,1.0,0.0552,1,1,1,FINALIZED_WITHIN_C2_LIMIT,0.05118,2.654
1727,37000.0,0.5769,explore,ZYZZYVA,7.4,1.0,0.1582,1,1,1,FINALIZED_WITHIN_C2_LIMIT,0.14539,2.161
1728,40000.0,0.5766,greedy,ZYZZYVA,8.0,1.0,0.0552,1,1,1,FINALIZED_WITHIN_C2_LIMIT,0.040939,2.935
1729,0.0,0.5764,explore,PBFT,2.4,1.0,0.2103,0,1,1,FINALIZED_WITHIN_C2_LIMIT,0.461017,1.08
1730,5000.0,0.5761,explore,LIU_QUORUM,1.0,1.0,0.0316,1,1,1,FINALIZED_WITHIN_C2_LIMIT,0.500049,0.841
1731,18000.0,0.5759,explore,PBFT,3.6,1.0,0.0683,1,1,1,FINALIZED_WITHIN_C2_LIMIT,0.149147,1.536
1732,40000.0,0.5757,greedy,ZYZZYVA,8.0,1.0,0.0561,1,1,1,FINALIZED_WITHIN_C2_LIMIT,0.25533,2.576
1733,40000.0,0.5754,greedy,ZYZZYVA,8.0,1.0,0.0561,1,1,1,FINALIZED_WITHIN_C2_LIMIT,0.432824,2.363
1734,40000.0,0.5752,greedy,ZYZZYVA,8.0,1.0,0.0561,1,1,1,FINALIZED_WITHIN_C2_LIMIT,0.173836,2.221
1735,39000.0,0.5749,explore,PBFT,7.8,1.0,0.0708,1,1,1,FINALIZED_WITHIN_C2_LIMIT,0.12123,2.249
1736,16000.0,0.5747,explore,ZYZZYVA,3.2,1.0,0.03,1,1,1,FINALIZED_WITHIN_C2_LIMIT,0.252704,1.268
1737,40000.0,0.5744,greedy,ZYZZYVA,8.0,1.0,0.0432,1,1,1,FINALIZED_WITHIN_C2_LIMIT,0.064883,2.246
1738,40000.0,0.5742,greedy,ZYZZYVA,8.0,1.0,0.0432,1,1,1,FINALIZED_WITHIN_C2_LIMIT,0.396296,2.125
1739,40000.0,0.5739,greedy,ZYZZYVA,8.0,1.0,0.0432,1,1,1,FINALIZED_WITHIN_C2_LIMIT,0.682916,2.079
1740,15000.0,0.5737,explore,LIU_QUORUM,3.0,1.0,0.0769,1,1,1,FINALIZED_WITHIN_C2_LIMIT,0.327793,1.319
1741,26000.0,0.5735,explore,PBFT,5.2,1.0,0.19,1,1,1,FINALIZED_WITHIN_C2_LIMIT,0.065838,1.559
1742,24000.0,0.5732,explore,ZYZZYVA,4.8,1.0,0.1208,1,1,1,FINALIZED_WITHIN_C2_LIMIT,0.186677,1.196
1743,17000.0,0.573,explore,ZYZZYVA,3.4,1.0,0.0298,1,1,1,FINALIZED_WITHIN_C2_LIMIT,0.061483,1.27
1744,40000.0,0.5727,greedy,ZYZZYVA,8.0,1.0,0.0552,1,1,1,FINALIZED_WITHIN_C2_LIMIT,0.427546,2.269
1745,0.0,0.5725,explore,PBFT,7.8,1.0,0.2251,0,1,1,FINALIZED_WITHIN_C2_LIMIT,0.731352,1.959
1746,40000.0,0.5722,greedy,ZYZZYVA,8.0,1.0,0.0552,1,1,1,FINALIZED_WITHIN_C2_LIMIT,0.320818,2.249
1747,40000.0,0.572,greedy,ZYZZYVA,8.0,1.0,0.0552,1,1,1,FINALIZED_WITHIN_C2_LIMIT,0.076837,2.232
1748,8000.0,0.5717,explore,ZYZZYVA,1.6,1.0,0.0739,1,1,1,FINALIZED_WITHIN_C2_LIMIT,0.156717,0.852
1749,15000.0,0.5715,explore,ZYZZYVA,3.0,1.0,0.0705,1,1,1,FINALIZED_WITHIN_C2_LIMIT,0.055046,1.018
1750,19000.0,0.5713,explore,ZYZZYVA,3.8,1.0,0.0312,1,1,1,FINALIZED_WITHIN_C2_LIMIT,0.456448,1.137
1751,40000.0,0.571,greedy,ZYZZYVA,8.0,1.0,0.0552,1,1,1,FINALIZED_WITHIN_C2_LIMIT,0.648533,2.727
1752,40000.0,0.5708,greedy,ZYZZYVA,8.0,1.0,0.0553,1,1,1,FINALIZED_WITHIN_C2_LIMIT,0.329383,2.267
1753,40000.0,0.5705,greedy,ZYZZYVA,8.0,1.0,0.0729,1,1,1,FINALIZED_WITHIN_C2_LIMIT,0.062779,2.315
1754,40000.0,0.5703,greedy,ZYZZYVA,8.0,1.0,0.0729,1,1,1,FINALIZED_WITHIN_C2_LIMIT,0.206091,2.108
1755,1000.0,0.57,explore,ZYZZYVA,0.2,1.0,0.0453,1,1,1,FINALIZED_WITHIN_C2_LIMIT,0.066521,0.572
1756,27000.0,0.5698,explore,PBFT,5.4,1.0,0.1141,1,1,1,FINALIZED_WITHIN_C2_LIMIT,0.420415,1.795
1757,40000.0,0.5695,greedy,ZYZZYVA,8.0,1.0,0.0729,1,1,1,FINALIZED_WITHIN_C2_LIMIT,0.638828,2.439
1758,10000.0,0.5693,explore,LIU_QUORUM,2.0,1.0,0.1459,1,1,1,FINALIZED_WITHIN_C2_LIMIT,0.338758,0.896
1759,40000.0,0.569,greedy,ZYZZYVA,8.0,1.0,0.0729,1,1,1,FINALIZED_WITHIN_C2_LIMIT,0.0605,2.25
1760,32000.0,0.5688,explore,PBFT,6.4,1.0,0.0767,1,1,1,FINALIZED_WITHIN_C2_LIMIT,0.123535,1.479
1761,40000.0,0.5686,greedy,ZYZZYVA,8.0,1.0,0.0729,1,1,1,FINALIZED_WITHIN_C2_LIMIT,0.041657,2.128
1762,29000.0,0.5683,explore,ZYZZYVA,5.8,1.0,0.1284,1,1,1,FINALIZED_WITHIN_C2_LIMIT,0.394181,1.646
1763,40000.0,0.5681,greedy,ZYZZYVA,8.0,1.0,0.0729,1,1,1,FINALIZED_WITHIN_C2_LIMIT,0.555896,2.462
1764,39000.0,0.5678,explore,ZYZZYVA,7.8,1.0,0.0282,1,1,1,FINALIZED_WITHIN_C2_LIMIT,0.282926,2.15
1765,40000.0,0.5676,greedy,ZYZZYVA,8.0,1.0,0.0729,1,1,1,FINALIZED_WITHIN_C2_LIMIT,0.118283,2.144
1766,28000.0,0.5673,explore,ZYZZYVA,5.6,1.0,0.0684,1,1,1,FINALIZED_WITHIN_C2_LIMIT,0.216731,1.502
1767,40000.0,0.5671,greedy,ZYZZYVA,8.0,1.0,0.0729,1,1,1,FINALIZED_WITHIN_C2_LIMIT,0.031715,2.335
1768,5000.0,0.5668,explore,PBFT,1.0,1.0,0.069,1,1,1,FINALIZED_WITHIN_C2_LIMIT,0.314902,0.713
1769,28000.0,0.5666,explore,ZYZZYVA,5.6,1.0,0.0685,1,1,1,FINALIZED_WITHIN_C2_LIMIT,0.547647,1.67
1770,8000.0,0.5664,explore,ZYZZYVA,1.6,1.0,0.0647,1,1,1,FINALIZED_WITHIN_C2_LIMIT,0.210624,0.886
1771,40000.0,0.5661,greedy,ZYZZYVA,8.0,1.0,0.0729,1,1,1,FINALIZED_WITHIN_C2_LIMIT,0.157655,2.32
1772,16000.0,0.5659,explore,LIU_QUORUM,3.2,1.0,0.1459,1,1,1,FINALIZED_WITHIN_C2_LIMIT,0.219242,1.028
1773,40000.0,0.5656,greedy,ZYZZYVA,8.0,1.0,0.0729,1,1,1,FINALIZED_WITHIN_C2_LIMIT,0.080593,2.215
1774,10000.0,0.5654,explore,LIU_QUORUM,2.0,1.0,0.0669,1,1,1,FINALIZED_WITHIN_C2_LIMIT,0.2531,0.802
1775,40000.0,0.5651,greedy,ZYZZYVA,8.0,1.0,0.0729,1,1,1,FINALIZED_WITHIN_C2_LIMIT,0.443094,2.319
1776,40000.0,0.5649,greedy,ZYZZYVA,8.0,1.0,0.0729,1,1,1,FINALIZED_WITHIN_C2_LIMIT,0.137283,2.343
1777,40000.0,0.5646,greedy,ZYZZYVA,8.0,1.0,0.0729,1,1,1,FINALIZED_WITHIN_C2_LIMIT,0.158597,2.411
1778,9000.0,0.5644,explore,LIU_QUORUM,1.8,1.0,0.0786,1,1,1,FINALIZED_WITHIN_C2_LIMIT,0.442933,0.763
1779,40000.0,0.5641,greedy,ZYZZYVA,8.0,1.0,0.0729,1,1,1,FINALIZED_WITHIN_C2_LIMIT,0.11205,2.248
1780,40000.0,0.5639,greedy,ZYZZYVA,8.0,1.0,0.0729,1,1,1,FINALIZED_WITHIN_C2_LIMIT,0.249105,2.308
1781,40000.0,0.5637,greedy,ZYZZYVA,8.0,1.0,0.0729,1,1,1,FINALIZED_WITHIN_C2_LIMIT,0.448247,2.566
1782,40000.0,0.5634,greedy,ZYZZYVA,8.0,1.0,0.0729,1,1,1,FINALIZED_WITHIN_C2_LIMIT,0.159287,2.356
1783,39000.0,0.5632,explore,ZYZZYVA,7.8,1.0,0.0299,1,1,1,FINALIZED_WITHIN_C2_LIMIT,0.127203,2.347
1784,40000.0,0.5629,greedy,ZYZZYVA,8.0,1.0,0.0729,1,1,1,FINALIZED_WITHIN_C2_LIMIT,0.346074,2.109
1785,32000.0,0.5627,explore,PBFT,6.4,1.0,0.1416,1,1,1,FINALIZED_WITHIN_C2_LIMIT,0.136567,2.476
1786,9000.0,0.5624,explore,PBFT,1.8,1.0,0.1723,1,1,1,FINALIZED_WITHIN_C2_LIMIT,0.211821,1.062
1787,40000.0,0.5622,greedy,ZYZZYVA,8.0,1.0,0.0729,1,1,1,FINALIZED_WITHIN_C2_LIMIT,0.413722,3.285
1788,27000.0,0.5619,explore,PBFT,5.4,1.0,0.0669,1,1,1,FINALIZED_WITHIN_C2_LIMIT,0.170793,1.508
1789,38000.0,0.5617,explore,PBFT,7.6,1.0,0.0671,1,1,1,FINALIZED_WITHIN_C2_LIMIT,0.143936,2.237
1790,40000.0,0.5615,greedy,ZYZZYVA,8.0,1.0,0.0729,1,1,1,FINALIZED_WITHIN_C2_LIMIT,0.305626,2.558
1791,39000.0,0.5612,explore,PBFT,7.8,1.0,0.0453,1,1,1,FINALIZED_WITHIN_C2_LIMIT,0.130323,2.143
1792,5000.0,0.561,explore,ZYZZYVA,1.0,1.0,0.03,1,1,1,FINALIZED_WITHIN_C2_LIMIT,0.238489,0.847
1793,40000.0,0.5607,greedy,ZYZZYVA,8.0,1.0,0.0729,1,1,1,FINALIZED_WITHIN_C2_LIMIT,0.391011,2.453
1794,40000.0,0.5605,greedy,ZYZZYVA,8.0,1.0,0.0729,1,1,1,FINALIZED_WITHIN_C2_LIMIT,0.151587,2.334
1795,21000.0,0.5602,explore,ZYZZYVA,4.2,1.0,0.0702,1,1,1,FINALIZED_WITHIN_C2_LIMIT,0.141447,1.396
1796,8000.0,0.56,explore,LIU_QUORUM,1.6,1.0,0.0308,1,1,1,FINALIZED_WITHIN_C2_LIMIT,0.329116,0.736
1797,16000.0,0.5597,explore,LIU_QUORUM,3.2,1.0,0.0282,1,1,1,FINALIZED_WITHIN_C2_LIMIT,0.16576,1.109
1798,6000.0,0.5595,explore,LIU_QUORUM,1.2,1.0,0.0702,1,1,1,FINALIZED_WITHIN_C2_LIMIT,0.170258,0.697
1799,14000.0,0.5592,explore,ZYZZYVA,2.8,1.0,0.0668,1,1,1,FINALIZED_WITHIN_C2_LIMIT,0.393343,0.98
1800,32000.0,0.559,explore,ZYZZYVA,6.4,1.0,0.072,1,1,1,FINALIZED_WITHIN_C2_LIMIT,0.176623,2.012
1801,37000.0,0.5588,explore,PBFT,7.4,1.0,0.0702,1,1,1,FINALIZED_WITHIN_C2_LIMIT,0.181309,2.39
1802,40000.0,0.5585,greedy,ZYZZYVA,8.0,1.0,0.0729,1,1,1,FINALIZED_WITHIN_C2_LIMIT,0.322841,2.269
1803,40000.0,0.5583,greedy,ZYZZYVA,8.0,1.0,0.0729,1,1,1,FINALIZED_WITHIN_C2_LIMIT,0.145777,2.071
1804,0.0,0.558,explore,LIU_QUORUM,1.6,1.0,0.2355,0,1,1,FINALIZED_WITHIN_C2_LIMIT,0.169473,0.806
1805,8000.0,0.5578,explore,ZYZZYVA,1.6,1.0,0.0299,1,1,1,FINALIZED_WITHIN_C2_LIMIT,0.31445,0.694
1806,40000.0,0.5575,greedy,ZYZZYVA,8.0,1.0,0.0729,1,1,1,FINALIZED_WITHIN_C2_LIMIT,0.129796,2.586
1807,5000.0,0.5573,explore,LIU_QUORUM,1.0,1.0,0.0278,1,1,1,FINALIZED_WITHIN_C2_LIMIT,0.238133,0.732
1808,40000.0,0.557,greedy,ZYZZYVA,8.0,1.0,0.0729,1,1,1,FINALIZED_WITHIN_C2_LIMIT,0.421237,2.379
1809,36000.0,0.5568,explore,LIU_QUORUM,7.2,1.0,0.1459,1,1,1,FINALIZED_WITHIN_C2_LIMIT,0.195714,2.258
1810,40000.0,0.5565,greedy,ZYZZYVA,8.0,1.0,0.0729,1,1,1,FINALIZED_WITHIN_C2_LIMIT,0.155832,2.362
1811,40000.0,0.5563,greedy,ZYZZYVA,8.0,1.0,0.0729,1,1,1,FINALIZED_WITHIN_C2_LIMIT,0.307933,1.983
1812,40000.0,0.5561,greedy,ZYZZYVA,8.0,1.0,0.0729,1,1,1,FINALIZED_WITHIN_C2_LIMIT,0.128435,2.239
1813,24000.0,0.5558,explore,PBFT,4.8,1.0,0.0558,1,1,1,FINALIZED_WITHIN_C2_LIMIT,0.339156,1.312
1814,20000.0,0.5556,explore,LIU_QUORUM,4.0,1.0,0.19,1,1,1,FINALIZED_WITHIN_C2_LIMIT,0.372021,1.222
1815,40000.0,0.5553,greedy,ZYZZYVA,8.0,1.0,0.0729,1,1,1,FINALIZED_WITHIN_C2_LIMIT,0.155019,1.886
1816,40000.0,0.5551,greedy,ZYZZYVA,8.0,1.0,0.0729,1,1,1,FINALIZED_WITHIN_C2_LIMIT,0.174618,2.04
1817,19000.0,0.5548,explore,PBFT,3.8,1.0,0.0739,1,1,1,FINALIZED_WITHIN_C2_LIMIT,0.287095,1.241
1818,34000.0,0.5546,explore,PBFT,6.8,1.0,0.19,1,1,1,FINALIZED_WITHIN_C2_LIMIT,0.101639,1.921
1819,0.0,0.5543,explore,PBFT,6.2,1.0,0.2536,0,1,1,FINALIZED_WITHIN_C2_LIMIT,0.396978,1.698
1820,40000.0,0.5541,greedy,ZYZZYVA,8.0,1.0,0.0729,1,1,1,FINALIZED_WITHIN_C2_LIMIT,0.384862,2.225
1821,21000.0,0.5539,explore,ZYZZYVA,4.2,1.0,0.0741,1,1,1,FINALIZED_WITHIN_C2_LIMIT,0.18899,1.278
1822,28000.0,0.5536,explore,ZYZZYVA,5.6,1.0,0.0758,1,1,1,FINALIZED_WITHIN_C2_LIMIT,0.162835,1.776
1823,0.0,0.5534,explore,LIU_QUORUM,4.4,1.0,0.2811,0,1,1,FINALIZED_WITHIN_C2_LIMIT,0.282494,1.234
1824,40000.0,0.5531,greedy,ZYZZYVA,8.0,1.0,0.0729,1,1,1,FINALIZED_WITHIN_C2_LIMIT,0.126588,2.352
1825,40000.0,0.5529,greedy,ZYZZYVA,8.0,1.0,0.0729,1,1,1,FINALIZED_WITHIN_C2_LIMIT,0.218941,2.036
1826,6000.0,0.5526,explore,ZYZZYVA,1.2,1.0,0.0963,1,1,1,FINALIZED_WITHIN_C2_LIMIT,0.446877,0.716
1827,18000.0,0.5524,explore,PBFT,3.6,1.0,0.0779,1,1,1,FINALIZED_WITHIN_C2_LIMIT,0.13934,1.21
1828,40000.0,0.5521,greedy,ZYZZYVA,8.0,1.0,0.0729,1,1,1,FINALIZED_WITHIN_C2_LIMIT,0.144931,2.626
1829,13000.0,0.5519,explore,PBFT,2.6,1.0,0.0881,1,1,1,FINALIZED_WITHIN_C2_LIMIT,0.311046,0.903
1830,40000.0,0.5516,greedy,ZYZZYVA,8.0,1.0,0.0729,1,1,1,FINALIZED_WITHIN_C2_LIMIT,0.098268,2.528
1831,40000.0,0.5514,greedy,ZYZZYVA,8.0,1.0,0.0729,1,1,1,FINALIZED_WITHIN_C2_LIMIT,0.271498,2.109
1832,40000.0,0.5512,greedy,ZYZZYVA,8.0,1.0,0.0729,1,1,1,FINALIZED_WITHIN_C2_LIMIT,0.315008,2.197
1833,40000.0,0.5509,greedy,ZYZZYVA,8.0,1.0,0.0729,1,1,1,FINALIZED_WITHIN_C2_LIMIT,0.240224,2.317
1834,4000.0,0.5507,explore,ZYZZYVA,0.8,1.0,0.0779,1,1,1,FINALIZED_WITHIN_C2_LIMIT,0.140268,0.719
1835,37000.0,0.5504,explore,LIU_QUORUM,7.4,1.0,0.0697,1,1,1,FINALIZED_WITHIN_C2_LIMIT,0.311104,2.168
1836,18000.0,0.5502,explore,ZYZZYVA,3.6,1.0,0.0312,1,1,1,FINALIZED_WITHIN_C2_LIMIT,0.109741,1.012
1837,26000.0,0.5499,explore,ZYZZYVA,5.2,1.0,0.0933,1,1,1,FINALIZED_WITHIN_C2_LIMIT,0.307883,1.332
1838,29000.0,0.5497,explore,ZYZZYVA,5.8,1.0,0.0609,1,1,1,FINALIZED_WITHIN_C2_LIMIT,0.516497,1.486
1839,16000.0,0.5494,explore,PBFT,3.2,1.0,0.0671,1,1,1,FINALIZED_WITHIN_C2_LIMIT,0.184018,1.048
1840,40000.0,0.5492,greedy,ZYZZYVA,8.0,1.0,0.0729,1,1,1,FINALIZED_WITHIN_C2_LIMIT,0.13014,2.15
1841,10000.0,0.549,explore,LIU_QUORUM,2.0,1.0,0.0679,1,1,1,FINALIZED_WITHIN_C2_LIMIT,0.210958,0.843
1842,19000.0,0.5487,explore,LIU_QUORUM,3.8,1.0,0.0963,1,1,1,FINALIZED_WITHIN_C2_LIMIT,0.090388,1.473
1843,34000.0,0.5485,explore,PBFT,6.8,1.0,0.0647,1,1,1,FINALIZED_WITHIN_C2_LIMIT,0.450907,1.952
1844,40000.0,0.5482,greedy,ZYZZYVA,8.0,1.0,0.0729,1,1,1,FINALIZED_WITHIN_C2_LIMIT,0.454516,2.106
1845,22000.0,0.548,explore,PBFT,4.4,1.0,0.0739,1,1,1,FINALIZED_WITHIN_C2_LIMIT,0.217383,1.315
1846,40000.0,0.5477,greedy,ZYZZYVA,8.0,1.0,0.0729,1,1,1,FINALIZED_WITHIN_C2_LIMIT,0.091852,2.14
1847,10000.0,0.5475,explore,LIU_QUORUM,2.0,1.0,0.0769,1,1,1,FINALIZED_WITHIN_C2_LIMIT,0.246258,0.748
1848,40000.0,0.5472,greedy,ZYZZYVA,8.0,1.0,0.0729,1,1,1,FINALIZED_WITHIN_C2_LIMIT,0.083991,2.227
1849,36000.0,0.547,explore,ZYZZYVA,7.2,1.0,0.1085,1,1,1,FINALIZED_WITHIN_C2_LIMIT,0.37402,1.793
1850,40000.0,0.5468,greedy,ZYZZYVA,8.0,1.0,0.0729,1,1,1,FINALIZED_WITHIN_C2_LIMIT,0.517699,2.225
1851,25000.0,0.5465,explore,PBFT,5.0,1.0,0.0668,1,1,1,FINALIZED_WITHIN_C2_LIMIT,0.333004,1.329
1852,28000.0,0.5463,explore,PBFT,5.6,1.0,0.0558,1,1,1,FINALIZED_WITHIN_C2_LIMIT,0.109283,1.506
1853,40000.0,0.546,greedy,ZYZZYVA,8.0,1.0,0.0729,1,1,1,FINALIZED_WITHIN_C2_LIMIT,0.203393,2.352
1854,28000.0,0.5458,explore,LIU_QUORUM,5.6,1.0,0.0705,1,1,1,FINALIZED_WITHIN_C2_LIMIT,0.052299,1.638
1855,11000.0,0.5455,explore,ZYZZYVA,2.2,1.0,0.1723,1,1,1,FINALIZED_WITHIN_C2_LIMIT,0.357619,0.862
1856,28000.0,0.5453,explore,LIU_QUORUM,5.6,1.0,0.0739,1,1,1,FINALIZED_WITHIN_C2_LIMIT,0.476764,1.431
1857,28000.0,0.545,explore,ZYZZYVA,5.6,1.0,0.0686,1,1,1,FINALIZED_WITHIN_C2_LIMIT,0.24742,1.783
1858,33000.0,0.5448,explore,PBFT,6.6,1.0,0.0741,1,1,1,FINALIZED_WITHIN_C2_LIMIT,0.07246,1.797
1859,40000.0,0.5445,greedy,ZYZZYVA,8.0,1.0,0.0729,1,1,1,FINALIZED_WITHIN_C2_LIMIT,0.142492,2.045
1860,35000.0,0.5443,explore,PBFT,7.0,1.0,0.0669,1,1,1,FINALIZED_WITHIN_C2_LIMIT,0.035073,1.908
1861,18000.0,0.5441,explore,LIU_QUORUM,3.6,1.0,0.1085,1,1,1,FINALIZED_WITHIN_C2_LIMIT,0.41941,1.129
1862,40000.0,0.5438,greedy,ZYZZYVA,8.0,1.0,0.0729,1,1,1,FINALIZED_WITHIN_C2_LIMIT,0.571544,2.567
1863,40000.0,0.5436,greedy,ZYZZYVA,8.0,1.0,0.0729,1,1,1,FINALIZED_WITHIN_C2_LIMIT,0.231635,2.408
1864,40000.0,0.5433,greedy,ZYZZYVA,8.0,1.0,0.0729,1,1,1,FINALIZED_WITHIN_C2_LIMIT,0.098703,2.984
1865,40000.0,0.5431,greedy,ZYZZYVA,8.0,1.0,0.0729,1,1,1,FINALIZED_WITHIN_C2_LIMIT,0.172624,2.234
1866,40000.0,0.5428,greedy,ZYZZYVA,8.0,1.0,0.0729,1,1,1,FINALIZED_WITHIN_C2_LIMIT,0.151049,2.428
1867,18000.0,0.5426,explore,LIU_QUORUM,3.6,1.0,0.0453,1,1,1,FINALIZED_WITHIN_C2_LIMIT,0.380539,1.134
1868,15000.0,0.5423,explore,LIU_QUORUM,3.0,1.0,0.0558,1,1,1,FINALIZED_WITHIN_C2_LIMIT,0.558824,0.998
1869,19000.0,0.5421,explore,ZYZZYVA,3.8,1.0,0.069,1,1,1,FINALIZED_WITHIN_C2_LIMIT,0.232874,1.398
1870,37000.0,0.5418,explore,LIU_QUORUM,7.4,1.0,0.1582,1,1,1,FINALIZED_WITHIN_C2_LIMIT,0.106742,2.395
1871,40000.0,0.5416,greedy,ZYZZYVA,8.0,1.0,0.0729,1,1,1,FINALIZED_WITHIN_C2_LIMIT,0.216989,2.056
1872,40000.0,0.5414,greedy,ZYZZYVA,8.0,1.0,0.0729,1,1,1,FINALIZED_WITHIN_C2_LIMIT,0.136274,2.007
1873,40000.0,0.5411,greedy,ZYZZYVA,8.0,1.0,0.0729,1,1,1,FINALIZED_WITHIN_C2_LIMIT,0.21375,1.896
1874,40000.0,0.5409,greedy,ZYZZYVA,8.0,1.0,0.0729,1,1,1,FINALIZED_WITHIN_C2_LIMIT,0.500044,1.943
1875,40000.0,0.5406,greedy,ZYZZYVA,8.0,1.0,0.0729,1,1,1,FINALIZED_WITHIN_C2_LIMIT,0.16301,2.149
1876,16000.0,0.5404,explore,ZYZZYVA,3.2,1.0,0.0686,1,1,1,FINALIZED_WITHIN_C2_LIMIT,0.186566,1.279
1877,8000.0,0.5401,explore,LIU_QUORUM,1.6,1.0,0.0311,1,1,1,FINALIZED_WITHIN_C2_LIMIT,0.367036,0.963
1878,40000.0,0.5399,greedy,ZYZZYVA,8.0,1.0,0.0729,1,1,1,FINALIZED_WITHIN_C2_LIMIT,0.08497,2.39
1879,40000.0,0.5396,greedy,ZYZZYVA,8.0,1.0,0.0729,1,1,1,FINALIZED_WITHIN_C2_LIMIT,0.236988,2.407
1880,40000.0,0.5394,greedy,ZYZZYVA,8.0,1.0,0.0729,1,1,1,FINALIZED_WITHIN_C2_LIMIT,0.370903,3.055
1881,37000.0,0.5392,explore,LIU_QUORUM,7.4,1.0,0.1459,1,1,1,FINALIZED_WITHIN_C2_LIMIT,0.183367,2.058
1882,40000.0,0.5389,greedy,ZYZZYVA,8.0,1.0,0.0729,1,1,1,FINALIZED_WITHIN_C2_LIMIT,0.169778,2.32
1883,0.0,0.5387,explore,PBFT,2.6,1.0,0.2355,0,1,1,FINALIZED_WITHIN_C2_LIMIT,0.414794,0.985
1884,40000.0,0.5384,greedy,ZYZZYVA,8.0,1.0,0.0729,1,1,1,FINALIZED_WITHIN_C2_LIMIT,0.123876,2.187
1885,32000.0,0.5382,explore,ZYZZYVA,6.4,1.0,0.0739,1,1,1,FINALIZED_WITHIN_C2_LIMIT,0.189595,1.635
1886,40000.0,0.5379,greedy,ZYZZYVA,8.0,1.0,0.0729,1,1,1,FINALIZED_WITHIN_C2_LIMIT,0.380414,2.502
1887,1000.0,0.5377,explore,LIU_QUORUM,0.2,1.0,0.1582,1,1,1,FINALIZED_WITHIN_C2_LIMIT,0.099506,0.497
1888,40000.0,0.5374,greedy,ZYZZYVA,8.0,1.0,0.0729,1,1,1,FINALIZED_WITHIN_C2_LIMIT,0.202385,2.365
1889,24000.0,0.5372,explore,PBFT,4.8,1.0,0.0291,1,1,1,FINALIZED_WITHIN_C2_LIMIT,0.274569,1.622
1890,34000.0,0.537,explore,LIU_QUORUM,6.8,1.0,0.1001,1,1,1,FINALIZED_WITHIN_C2_LIMIT,0.132037,2.069
1891,40000.0,0.5367,greedy,ZYZZYVA,8.0,1.0,0.0729,1,1,1,FINALIZED_WITHIN_C2_LIMIT,0.232258,2.147
1892,29000.0,0.5365,explore,ZYZZYVA,5.8,1.0,0.0609,1,1,1,FINALIZED_WITHIN_C2_LIMIT,0.361089,1.533
1893,31000.0,0.5362,explore,ZYZZYVA,6.2,1.0,0.0679,1,1,1,FINALIZED_WITHIN_C2_LIMIT,0.176894,1.688
1894,40000.0,0.536,greedy,ZYZZYVA,8.0,1.0,0.0729,1,1,1,FINALIZED_WITHIN_C2_LIMIT,0.131505,2.533
1895,40000.0,0.5357,explore,ZYZZYVA,8.0,1.0,0.0401,1,1,1,FINALIZED_WITHIN_C2_LIMIT,0.275214,2.063
1896,17000.0,0.5355,explore,ZYZZYVA,3.4,1.0,0.0308,1,1,1,FINALIZED_WITHIN_C2_LIMIT,0.121396,1.216
1897,15000.0,0.5352,explore,ZYZZYVA,3.0,1.0,0.0401,1,1,1,FINALIZED_WITHIN_C2_LIMIT,0.225844,1.109
1898,31000.0,0.535,explore,LIU_QUORUM,6.2,1.0,0.0739,1,1,1,FINALIZED_WITHIN_C2_LIMIT,0.499641,1.833
1899,40000.0,0.5347,greedy,ZYZZYVA,8.0,1.0,0.0729,1,1,1,FINALIZED_WITHIN_C2_LIMIT,0.396598,2.469
1900,4000.0,0.5345,explore,PBFT,0.8,1.0,0.0702,1,1,1,FINALIZED_WITHIN_C2_LIMIT,0.18009,0.741
1901,40000.0,0.5343,greedy,ZYZZYVA,8.0,1.0,0.0729,1,1,1,FINALIZED_WITHIN_C2_LIMIT,0.075172,2.578
1902,30000.0,0.534,explore,ZYZZYVA,6.0,1.0,0.0787,1,1,1,FINALIZED_WITHIN_C2_LIMIT,0.120759,1.478
1903,14000.0,0.5338,explore,LIU_QUORUM,2.8,1.0,0.067,1,1,1,FINALIZED_WITHIN_C2_LIMIT,0.106334,1.109
1904,40000.0,0.5335,greedy,ZYZZYVA,8.0,1.0,0.0729,1,1,1,FINALIZED_WITHIN_C2_LIMIT,0.635339,2.399
1905,40000.0,0.5333,greedy,ZYZZYVA,8.0,1.0,0.0729,1,1,1,FINALIZED_WITHIN_C2_LIMIT,0.954249,2.448
1906,29000.0,0.533,explore,ZYZZYVA,5.8,1.0,0.1001,1,1,1,FINALIZED_WITHIN_C2_LIMIT,0.542185,1.6
1907,40000.0,0.5328,explore,ZYZZYVA,8.0,1.0,0.0679,1,1,1,FINALIZED_WITHIN_C2_LIMIT,0.059463,2.189
1908,12000.0,0.5325,explore,LIU_QUORUM,2.4,1.0,0.0767,1,1,1,FINALIZED_WITHIN_C2_LIMIT,0.755561,0.955
1909,40000.0,0.5323,greedy,ZYZZYVA,8.0,1.0,0.0729,1,1,1,FINALIZED_WITHIN_C2_LIMIT,1.695722,2.486
1910,40000.0,0.5321,greedy,ZYZZYVA,8.0,1.0,0.0729,1,1,1,FINALIZED_WITHIN_C2_LIMIT,1.820027,2.389
1911,40000.0,0.5318,greedy,ZYZZYVA,8.0,1.0,0.0729,1,1,1,FINALIZED_WITHIN_C2_LIMIT,0.764607,2.224
1912,2000.0,0.5316,explore,LIU_QUORUM,0.4,1.0,0.1582,1,1,1,FINALIZED_WITHIN_C2_LIMIT,0.028279,0.528
1913,40000.0,0.5313,greedy,ZYZZYVA,8.0,1.0,0.0729,1,1,1,FINALIZED_WITHIN_C2_LIMIT,1.119871,2.476
1914,38000.0,0.5311,explore,LIU_QUORUM,7.6,1.0,0.0881,1,1,1,FINALIZED_WITHIN_C2_LIMIT,2.743285,1.952
1915,40000.0,0.5308,greedy,ZYZZYVA,8.0,1.0,0.0729,1,1,1,FINALIZED_WITHIN_C2_LIMIT,3.265682,2.371
1916,40000.0,0.5306,greedy,ZYZZYVA,8.0,1.0,0.0729,1,1,1,FINALIZED_WITHIN_C2_LIMIT,2.151392,2.473
1917,36000.0,0.5303,explore,ZYZZYVA,7.2,1.0,0.0674,1,1,1,FINALIZED_WITHIN_C2_LIMIT,0.635412,2.309
1918,29000.0,0.5301,explore,ZYZZYVA,5.8,1.0,0.072,1,1,1,FINALIZED_WITHIN_C2_LIMIT,0.074249,1.473
1919,40000.0,0.5298,greedy,ZYZZYVA,8.0,1.0,0.0729,1,1,1,FINALIZED_WITHIN_C2_LIMIT,0.659434,2.223
1920,31000.0,0.5296,explore,ZYZZYVA,6.2,1.0,0.0739,1,1,1,FINALIZED_WITHIN_C2_LIMIT,0.869961,1.759
1921,14000.0,0.5294,explore,ZYZZYVA,2.8,1.0,0.0506,1,1,1,FINALIZED_WITHIN_C2_LIMIT,0.369497,1.042
1922,29000.0,0.5291,explore,PBFT,5.8,1.0,0.0299,1,1,1,FINALIZED_WITHIN_C2_LIMIT,0.094119,1.647
1923,16000.0,0.5289,explore,ZYZZYVA,3.2,1.0,0.0767,1,1,1,FINALIZED_WITHIN_C2_LIMIT,0.299811,1.252
1924,25000.0,0.5286,explore,ZYZZYVA,5.0,1.0,0.0684,1,1,1,FINALIZED_WITHIN_C2_LIMIT,0.153355,1.455
1925,40000.0,0.5284,greedy,ZYZZYVA,8.0,1.0,0.0729,1,1,1,FINALIZED_WITHIN_C2_LIMIT,0.166738,2.369
1926,40000.0,0.5281,greedy,ZYZZYVA,8.0,1.0,0.0729,1,1,1,FINALIZED_WITHIN_C2_LIMIT,0.215027,2.613
1927,36000.0,0.5279,explore,PBFT,7.2,1.0,0.069,1,1,1,FINALIZED_WITHIN_C2_LIMIT,0.074949,2.242
1928,10000.0,0.5276,explore,PBFT,2.0,1.0,0.0684,1,1,1,FINALIZED_WITHIN_C2_LIMIT,0.430811,0.886
1929,40000.0,0.5274,greedy,ZYZZYVA,8.0,1.0,0.0729,1,1,1,FINALIZED_WITHIN_C2_LIMIT,0.715933,2.631
1930,40000.0,0.5272,greedy,ZYZZYVA,8.0,1.0,0.0729,1,1,1,FINALIZED_WITHIN_C2_LIMIT,0.433846,2.4
1931,40000.0,0.5269,greedy,ZYZZYVA,8.0,1.0,0.0729,1,1,1,FINALIZED_WITHIN_C2_LIMIT,0.037628,2.422
1932,40000.0,0.5267,greedy,ZYZZYVA,8.0,1.0,0.0729,1,1,1,FINALIZED_WITHIN_C2_LIMIT,0.61691,2.509
1933,40000.0,0.5264,greedy,ZYZZYVA,8.0,1.0,0.0729,1,1,1,FINALIZED_WITHIN_C2_LIMIT,1.031605,2.814
1934,40000.0,0.5262,greedy,ZYZZYVA,8.0,1.0,0.0729,1,1,1,FINALIZED_WITHIN_C2_LIMIT,0.733557,2.792
1935,40000.0,0.5259,greedy,ZYZZYVA,8.0,1.0,0.0729,1,1,1,FINALIZED_WITHIN_C2_LIMIT,0.0998,2.326
1936,4000.0,0.5257,explore,LIU_QUORUM,0.8,1.0,0.0282,1,1,1,FINALIZED_WITHIN_C2_LIMIT,0.62653,0.639
1937,7000.0,0.5254,explore,PBFT,1.4,1.0,0.0685,1,1,1,FINALIZED_WITHIN_C2_LIMIT,1.382454,0.744
1938,0.0,0.5252,explore,LIU_QUORUM,5.4,1.0,0.2355,0,1,1,FINALIZED_WITHIN_C2_LIMIT,1.331147,1.657
1939,20000.0,0.5249,explore,LIU_QUORUM,4.0,1.0,0.0688,1,1,1,FINALIZED_WITHIN_C2_LIMIT,0.510931,1.308
1940,40000.0,0.5247,greedy,ZYZZYVA,8.0,1.0,0.0729,1,1,1,FINALIZED_WITHIN_C2_LIMIT,0.070427,2.139
1941,29000.0,0.5245,explore,LIU_QUORUM,5.8,1.0,0.1368,1,1,1,FINALIZED_WITHIN_C2_LIMIT,0.252712,1.554
1942,10000.0,0.5242,explore,LIU_QUORUM,2.0,1.0,0.0558,1,1,1,FINALIZED_WITHIN_C2_LIMIT,0.133275,0.817
1943,10000.0,0.524,explore,ZYZZYVA,2.0,1.0,0.0739,1,1,1,FINALIZED_WITHIN_C2_LIMIT,0.135382,0.775
1944,40000.0,0.5237,greedy,ZYZZYVA,8.0,1.0,0.0729,1,1,1,FINALIZED_WITHIN_C2_LIMIT,0.19785,2.127
1945,20000.0,0.5235,explore,LIU_QUORUM,4.0,1.0,0.068,1,1,1,FINALIZED_WITHIN_C2_LIMIT,0.059153,1.322
1946,40000.0,0.5232,greedy,ZYZZYVA,8.0,1.0,0.0729,1,1,1,FINALIZED_WITHIN_C2_LIMIT,0.099037,2.137
1947,29000.0,0.523,explore,ZYZZYVA,5.8,1.0,0.072,1,1,1,FINALIZED_WITHIN_C2_LIMIT,0.197267,1.468
1948,31000.0,0.5227,explore,LIU_QUORUM,6.2,1.0,0.069,1,1,1,FINALIZED_WITHIN_C2_LIMIT,0.029802,1.616
1949,40000.0,0.5225,greedy,ZYZZYVA,8.0,1.0,0.0553,1,1,1,FINALIZED_WITHIN_C2_LIMIT,0.239131,2.148
1950,4000.0,0.5222,explore,ZYZZYVA,0.8,1.0,0.0278,1,1,1,FINALIZED_WITHIN_C2_LIMIT,0.32262,0.696
1951,40000.0,0.522,greedy,ZYZZYVA,8.0,1.0,0.0552,1,1,1,FINALIZED_WITHIN_C2_LIMIT,0.108321,2.33
1952,39000.0,0.5218,explore,LIU_QUORUM,7.8,1.0,0.1141,1,1,1,FINALIZED_WITHIN_C2_LIMIT,0.323003,2.391
1953,40000.0,0.5215,greedy,ZYZZYVA,8.0,1.0,0.0553,1,1,1,FINALIZED_WITHIN_C2_LIMIT,0.647799,2.202
1954,40000.0,0.5213,greedy,ZYZZYVA,8.0,1.0,0.0553,1,1,1,FINALIZED_WITHIN_C2_LIMIT,0.459589,2.06
1955,7000.0,0.521,explore,PBFT,1.4,1.0,0.0316,1,1,1,FINALIZED_WITHIN_C2_LIMIT,0.079794,0.837
1956,40000.0,0.5208,greedy,ZYZZYVA,8.0,1.0,0.0552,1,1,1,FINALIZED_WITHIN_C2_LIMIT,0.395166,2.328
1957,5000.0,0.5205,explore,PBFT,1.0,1.0,0.067,1,1,1,FINALIZED_WITHIN_C2_LIMIT,0.544344,0.76
1958,25000.0,0.5203,explore,ZYZZYVA,5.0,1.0,0.1831,1,1,1,FINALIZED_WITHIN_C2_LIMIT,0.17552,1.661
1959,40000.0,0.52,greedy,ZYZZYVA,8.0,1.0,0.0552,1,1,1,FINALIZED_WITHIN_C2_LIMIT,0.141007,1.96
1960,40000.0,0.5198,greedy,ZYZZYVA,8.0,1.0,0.0552,1,1,1,FINALIZED_WITHIN_C2_LIMIT,0.432601,2.419
1961,40000.0,0.5196,greedy,ZYZZYVA,8.0,1.0,0.0552,1,1,1,FINALIZED_WITHIN_C2_LIMIT,0.170469,2.459
1962,26000.0,0.5193,explore,ZYZZYVA,5.2,1.0,0.0758,1,1,1,FINALIZED_WITHIN_C2_LIMIT,0.116413,1.378
1963,40000.0,0.5191,greedy,LIU_QUORUM,8.0,1.0,0.0552,1,1,1,FINALIZED_WITHIN_C2_LIMIT,0.204599,2.049
1964,40000.0,0.5188,greedy,LIU_QUORUM,8.0,1.0,0.0552,1,1,1,FINALIZED_WITHIN_C2_LIMIT,0.038892,2.037
1965,35000.0,0.5186,explore,LIU_QUORUM,7.0,1.0,0.0769,1,1,1,FINALIZED_WITHIN_C2_LIMIT,0.399021,2.106
1966,40000.0,0.5183,greedy,LIU_QUORUM,8.0,1.0,0.0602,1,1,1,FINALIZED_WITHIN_C2_LIMIT,0.63525,2.602
1967,24000.0,0.5181,explore,ZYZZYVA,4.8,1.0,0.0278,1,1,1,FINALIZED_WITHIN_C2_LIMIT,0.333038,1.412
1968,40000.0,0.5178,greedy,ZYZZYVA,8.0,1.0,0.0552,1,1,1,FINALIZED_WITHIN_C2_LIMIT,0.031409,2.456
1969,36000.0,0.5176,explore,ZYZZYVA,7.2,1.0,0.0671,1,1,1,FINALIZED_WITHIN_C2_LIMIT,0.096259,1.797
1970,40000.0,0.5173,greedy,ZYZZYVA,8.0,1.0,0.0729,1,1,1,FINALIZED_WITHIN_C2_LIMIT,0.047109,2.297
1971,26000.0,0.5171,explore,LIU_QUORUM,5.2,1.0,0.0768,1,1,1,FINALIZED_WITHIN_C2_LIMIT,0.095855,1.379
1972,21000.0,0.5169,explore,LIU_QUORUM,4.2,1.0,0.1284,1,1,1,FINALIZED_WITHIN_C2_LIMIT,0.158195,1.185
1973,40000.0,0.5166,greedy,ZYZZYVA,8.0,1.0,0.0553,1,1,1,FINALIZED_WITHIN_C2_LIMIT,0.03864,1.898
1974,2000.0,0.5164,explore,LIU_QUORUM,0.4,1.0,0.0282,1,1,1,FINALIZED_WITHIN_C2_LIMIT,0.071712,0.562
1975,22000.0,0.5161,explore,LIU_QUORUM,4.4,1.0,0.0668,1,1,1,FINALIZED_WITHIN_C2_LIMIT,0.119073,1.336
1976,29000.0,0.5159,explore,PBFT,5.8,1.0,0.1141,1,1,1,FINALIZED_WITHIN_C2_LIMIT,0.110256,1.793
1977,39000.0,0.5156,explore,PBFT,7.8,1.0,0.0702,1,1,1,FINALIZED_WITHIN_C2_LIMIT,0.379206,2.121
1978,40000.0,0.5154,greedy,ZYZZYVA,8.0,1.0,0.0423,1,1,1,FINALIZED_WITHIN_C2_LIMIT,0.632529,1.992
1979,40000.0,0.5151,greedy,ZYZZYVA,8.0,1.0,0.0423,1,1,1,FINALIZED_WITHIN_C2_LIMIT,0.221995,2.126
1980,40000.0,0.5149,greedy,ZYZZYVA,8.0,1.0,0.0423,1,1,1,FINALIZED_WITHIN_C2_LIMIT,0.172712,2.178
1981,30000.0,0.5147,explore,ZYZZYVA,6.0,1.0,0.0685,1,1,1,FINALIZED_WITHIN_C2_LIMIT,0.361176,1.57
1982,25000.0,0.5144,explore,LIU_QUORUM,5.0,1.0,0.0316,1,1,1,FINALIZED_WITHIN_C2_LIMIT,0.19724,1.837
1983,7000.0,0.5142,explore,ZYZZYVA,1.4,1.0,0.0688,1,1,1,FINALIZED_WITHIN_C2_LIMIT,0.153033,0.763
1984,37000.0,0.5139,explore,ZYZZYVA,7.4,1.0,0.0679,1,1,1,FINALIZED_WITHIN_C2_LIMIT,0.257082,2.268
1985,40000.0,0.5137,greedy,ZYZZYVA,8.0,1.0,0.0423,1,1,1,FINALIZED_WITHIN_C2_LIMIT,0.073829,1.995
1986,40000.0,0.5134,greedy,ZYZZYVA,8.0,1.0,0.0423,1,1,1,FINALIZED_WITHIN_C2_LIMIT,0.428294,2.165
1987,40000.0,0.5132,greedy,ZYZZYVA,8.0,1.0,0.0423,1,1,1,FINALIZED_WITHIN_C2_LIMIT,0.661539,2.144
1988,40000.0,0.5129,greedy,ZYZZYVA,8.0,1.0,0.0423,1,1,1,FINALIZED_WITHIN_C2_LIMIT,0.398728,2.102
1989,40000.0,0.5127,greedy,ZYZZYVA,8.0,1.0,0.0423,1,1,1,FINALIZED_WITHIN_C2_LIMIT,0.097171,2.118
1990,32000.0,0.5125,explore,PBFT,6.4,1.0,0.0651,1,1,1,FINALIZED_WITHIN_C2_LIMIT,0.127223,1.718
1991,40000.0,0.5122,greedy,ZYZZYVA,8.0,1.0,0.0423,1,1,1,FINALIZED_WITHIN_C2_LIMIT,0.022443,2.25
1992,30000.0,0.512,explore,ZYZZYVA,6.0,1.0,0.0694,1,1,1,FINALIZED_WITHIN_C2_LIMIT,0.0631,1.629
1993,1000.0,0.5117,explore,PBFT,0.2,1.0,0.0767,1,1,1,FINALIZED_WITHIN_C2_LIMIT,0.096179,0.378
1994,27000.0,0.5115,explore,PBFT,5.4,1.0,0.0647,1,1,1,FINALIZED_WITHIN_C2_LIMIT,0.031868,1.755
1995,40000.0,0.5112,greedy,ZYZZYVA,8.0,1.0,0.0423,1,1,1,FINALIZED_WITHIN_C2_LIMIT,0.081549,2.52
1996,5000.0,0.511,explore,LIU_QUORUM,1.0,1.0,0.0809,1,1,1,FINALIZED_WITHIN_C2_LIMIT,0.089922,0.629
1997,17000.0,0.5107,explore,LIU_QUORUM,3.4,1.0,0.0702,1,1,1,FINALIZED_WITHIN_C2_LIMIT,0.389921,1.119
1998,12000.0,0.5105,explore,PBFT,2.4,1.0,0.0684,1,1,1,FINALIZED_WITHIN_C2_LIMIT,0.608541,0.875
1999,40000.0,0.5102,greedy,ZYZZYVA,8.0,1.0,0.0423,1,1,1,FINALIZED_WITHIN_C2_LIMIT,0.357179,2.604
2000,40000.0,0.51,greedy,ZYZZYVA,8.0,1.0,0.0423,1,1,1,FINALIZED_WITHIN_C2_LIMIT,0.204081,2.556
2001,32000.0,0.5098,explore,ZYZZYVA,6.4,1.0,0.1582,1,1,1,FINALIZED_WITHIN_C2_LIMIT,0.255025,1.785
2002,38000.0,0.5095,explore,PBFT,7.6,1.0,0.1982,1,1,1,FINALIZED_WITHIN_C2_LIMIT,0.130772,1.873
2003,40000.0,0.5093,greedy,ZYZZYVA,8.0,1.0,0.0423,1,1,1,FINALIZED_WITHIN_C2_LIMIT,0.217705,2.433
2004,40000.0,0.509,greedy,ZYZZYVA,8.0,1.0,0.0423,1,1,1,FINALIZED_WITHIN_C2_LIMIT,0.339514,2.38
2005,0.0,0.5088,explore,PBFT,1.6,1.0,0.2811,0,1,1,FINALIZED_WITHIN_C2_LIMIT,0.092992,0.908
2006,17000.0,0.5085,explore,PBFT,3.4,1.0,0.0963,1,1,1,FINALIZED_WITHIN_C2_LIMIT,0.318455,1.177
2007,40000.0,0.5083,greedy,ZYZZYVA,8.0,1.0,0.0729,1,1,1,FINALIZED_WITHIN_C2_LIMIT,0.531493,2.889
2008,16000.0,0.508,explore,ZYZZYVA,3.2,1.0,0.0316,1,1,1,FINALIZED_WITHIN_C2_LIMIT,0.298092,1.303
2009,4000.0,0.5078,explore,ZYZZYVA,0.8,1.0,0.0294,1,1,1,FINALIZED_WITHIN_C2_LIMIT,0.12865,0.646
2010,6000.0,0.5076,explore,ZYZZYVA,1.2,1.0,0.0768,1,1,1,FINALIZED_WITHIN_C2_LIMIT,0.200124,0.736
2011,40000.0,0.5073,greedy,ZYZZYVA,8.0,1.0,0.0729,1,1,1,FINALIZED_WITHIN_C2_LIMIT,0.04173,2.854
2012,40000.0,0.5071,greedy,ZYZZYVA,8.0,1.0,0.0729,1,1,1,FINALIZED_WITHIN_C2_LIMIT,0.500541,2.25
2013,1000.0,0.5068,explore,ZYZZYVA,0.2,1.0,0.0705,1,1,1,FINALIZED_WITHIN_C2_LIMIT,0.746752,0.61
2014,40000.0,0.5066,greedy,ZYZZYVA,8.0,1.0,0.0729,1,1,1,FINALIZED_WITHIN_C2_LIMIT,0.345557,2.39
2015,40000.0,0.5063,greedy,ZYZZYVA,8.0,1.0,0.0729,1,1,1,FINALIZED_WITHIN_C2_LIMIT,0.085385,2.417
2016,6000.0,0.5061,explore,LIU_QUORUM,1.2,1.0,0.0316,1,1,1,FINALIZED_WITHIN_C2_LIMIT,0.165726,0.76
2017,8000.0,0.5058,explore,LIU_QUORUM,1.6,1.0,0.0689,1,1,1,FINALIZED_WITHIN_C2_LIMIT,0.059622,0.777
2018,35000.0,0.5056,explore,PBFT,7.0,1.0,0.1284,1,1,1,FINALIZED_WITHIN_C2_LIMIT,0.428942,2.082
2019,0.0,0.5053,explore,ZYZZYVA,5.6,1.0,0.2103,0,1,1,FINALIZED_WITHIN_C2_LIMIT,0.631402,2.17
2020,11000.0,0.5051,explore,PBFT,2.2,1.0,0.0316,1,1,1,FINALIZED_WITHIN_C2_LIMIT,0.21171,1.169
2021,40000.0,0.5049,greedy,ZYZZYVA,8.0,1.0,0.0602,1,1,1,FINALIZED_WITHIN_C2_LIMIT,0.104111,2.394
2022,13000.0,0.5046,explore,PBFT,2.6,1.0,0.0558,1,1,1,FINALIZED_WITHIN_C2_LIMIT,0.190661,1.155
2023,40000.0,0.5044,greedy,ZYZZYVA,8.0,1.0,0.0602,1,1,1,FINALIZED_WITHIN_C2_LIMIT,0.063458,2.506
2024,40000.0,0.5041,greedy,ZYZZYVA,8.0,1.0,0.0729,1,1,1,FINALIZED_WITHIN_C2_LIMIT,0.318041,2.271
2025,3000.0,0.5039,explore,LIU_QUORUM,0.6,1.0,0.1284,1,1,1,FINALIZED_WITHIN_C2_LIMIT,0.509489,0.637
2026,40000.0,0.5036,greedy,ZYZZYVA,8.0,1.0,0.0602,1,1,1,FINALIZED_WITHIN_C2_LIMIT,0.152509,2.462
2027,40000.0,0.5034,greedy,ZYZZYVA,8.0,1.0,0.0457,1,1,1,FINALIZED_WITHIN_C2_LIMIT,0.140218,2.329
2028,34000.0,0.5031,explore,ZYZZYVA,6.8,1.0,0.0694,1,1,1,FINALIZED_WITHIN_C2_LIMIT,0.30413,2.267
2029,30000.0,0.5029,explore,ZYZZYVA,6.0,1.0,0.0758,1,1,1,FINALIZED_WITHIN_C2_LIMIT,0.121271,1.818
2030,26000.0,0.5027,explore,PBFT,5.2,1.0,0.0739,1,1,1,FINALIZED_WITHIN_C2_LIMIT,0.278555,1.606
2031,3000.0,0.5024,explore,ZYZZYVA,0.6,1.0,0.0669,1,1,1,FINALIZED_WITHIN_C2_LIMIT,0.49132,0.35
2032,40000.0,0.5022,greedy,ZYZZYVA,8.0,1.0,0.0458,1,1,1,FINALIZED_WITHIN_C2_LIMIT,0.206073,2.849
2033,40000.0,0.5019,greedy,ZYZZYVA,8.0,1.0,0.0457,1,1,1,FINALIZED_WITHIN_C2_LIMIT,0.136548,2.962
2034,30000.0,0.5017,explore,PBFT,6.0,1.0,0.1723,1,1,1,FINALIZED_WITHIN_C2_LIMIT,0.239156,2.042
2035,40000.0,0.5014,greedy,ZYZZYVA,8.0,1.0,0.0458,1,1,1,FINALIZED_WITHIN_C2_LIMIT,0.071382,2.338
2036,40000.0,0.5012,greedy,ZYZZYVA,8.0,1.0,0.0729,1,1,1,FINALIZED_WITHIN_C2_LIMIT,0.251308,2.413
2037,40000.0,0.5009,greedy,ZYZZYVA,8.0,1.0,0.0729,1,1,1,FINALIZED_WITHIN_C2_LIMIT,0.423009,2.708
2038,8000.0,0.5007,explore,ZYZZYVA,1.6,1.0,0.1001,1,1,1,FINALIZED_WITHIN_C2_LIMIT,0.218764,0.773
2039,38000.0,0.5004,explore,PBFT,7.6,1.0,0.0282,1,1,1,FINALIZED_WITHIN_C2_LIMIT,0.144119,2.154
2040,40000.0,0.5002,greedy,ZYZZYVA,8.0,1.0,0.0729,1,1,1,FINALIZED_WITHIN_C2_LIMIT,0.25888,2.113
2041,40000.0,0.5,greedy,ZYZZYVA,8.0,1.0,0.0729,1,1,1,FINALIZED_WITHIN_C2_LIMIT,0.09012,2.279
2042,15000.0,0.4997,explore,ZYZZYVA,3.0,1.0,0.0311,1,1,1,FINALIZED_WITHIN_C2_LIMIT,0.285366,1.082
2043,40000.0,0.4995,greedy,ZYZZYVA,8.0,1.0,0.0729,1,1,1,FINALIZED_WITHIN_C2_LIMIT,0.446458,2.439
2044,32000.0,0.4992,explore,LIU_QUORUM,6.4,1.0,0.0697,1,1,1,FINALIZED_WITHIN_C2_LIMIT,0.305812,1.563
2045,11000.0,0.499,explore,ZYZZYVA,2.2,1.0,0.0697,1,1,1,FINALIZED_WITHIN_C2_LIMIT,0.109503,0.823
2046,0.0,0.4987,explore,ZYZZYVA,7.2,1.0,0.2251,0,1,1,FINALIZED_WITHIN_C2_LIMIT,0.220955,2.088
2047,31000.0,0.4985,explore,ZYZZYVA,6.2,1.0,0.0769,1,1,1,FINALIZED_WITHIN_C2_LIMIT,0.079265,2.437
2048,28000.0,0.4982,explore,ZYZZYVA,5.6,1.0,0.0702,1,1,1,FINALIZED_WITHIN_C2_LIMIT,0.354172,1.718
2049,35000.0,0.498,explore,LIU_QUORUM,7.0,1.0,0.069,1,1,1,FINALIZED_WITHIN_C2_LIMIT,0.511023,2.048
2050,27000.0,0.4978,explore,ZYZZYVA,5.4,1.0,0.1208,1,1,1,FINALIZED_WITHIN_C2_LIMIT,0.264861,1.853
2051,40000.0,0.4975,greedy,ZYZZYVA,8.0,1.0,0.0729,1,1,1,FINALIZED_WITHIN_C2_LIMIT,0.075509,2.793
2052,6000.0,0.4973,explore,PBFT,1.2,1.0,0.0715,1,1,1,FINALIZED_WITHIN_C2_LIMIT,0.163492,0.941
2053,40000.0,0.497,greedy,ZYZZYVA,8.0,1.0,0.0729,1,1,1,FINALIZED_WITHIN_C2_LIMIT,0.064723,2.499
2054,40000.0,0.4968,greedy,ZYZZYVA,8.0,1.0,0.0729,1,1,1,FINALIZED_WITHIN_C2_LIMIT,0.276865,3.016
2055,15000.0,0.4965,explore,PBFT,3.0,1.0,0.0689,1,1,1,FINALIZED_WITHIN_C2_LIMIT,0.568821,1.23
2056,40000.0,0.4963,greedy,ZYZZYVA,8.0,1.0,0.0729,1,1,1,FINALIZED_WITHIN_C2_LIMIT,0.251679,3.778
2057,4000.0,0.496,explore,ZYZZYVA,0.8,1.0,0.0688,1,1,1,FINALIZED_WITHIN_C2_LIMIT,0.089826,0.681
2058,40000.0,0.4958,greedy,ZYZZYVA,8.0,1.0,0.0729,1,1,1,FINALIZED_WITHIN_C2_LIMIT,0.191049,2.986
2059,30000.0,0.4955,explore,ZYZZYVA,6.0,1.0,0.0705,1,1,1,FINALIZED_WITHIN_C2_LIMIT,0.057026,2.172
2060,40000.0,0.4953,greedy,ZYZZYVA,8.0,1.0,0.0729,1,1,1,FINALIZED_WITHIN_C2_LIMIT,0.32372,2.952
2061,40000.0,0.4951,greedy,ZYZZYVA,8.0,1.0,0.0729,1,1,1,FINALIZED_WITHIN_C2_LIMIT,0.562028,2.559
2062,40000.0,0.4948,greedy,ZYZZYVA,8.0,1.0,0.0729,1,1,1,FINALIZED_WITHIN_C2_LIMIT,0.277965,2.924
2063,40000.0,0.4946,explore,PBFT,8.0,1.0,0.0705,1,1,1,FINALIZED_WITHIN_C2_LIMIT,0.063677,2.212
2064,40000.0,0.4943,greedy,ZYZZYVA,8.0,1.0,0.0729,1,1,1,FINALIZED_WITHIN_C2_LIMIT,0.233017,2.388
2065,13000.0,0.4941,explore,LIU_QUORUM,2.6,1.0,0.0311,1,1,1,FINALIZED_WITHIN_C2_LIMIT,0.061754,0.921
2066,40000.0,0.4938,greedy,ZYZZYVA,8.0,1.0,0.0729,1,1,1,FINALIZED_WITHIN_C2_LIMIT,0.400625,3.979
2067,40000.0,0.4936,greedy,ZYZZYVA,8.0,1.0,0.0729,1,1,1,FINALIZED_WITHIN_C2_LIMIT,0.752889,2.321
2068,2000.0,0.4933,explore,PBFT,0.4,1.0,0.0881,1,1,1,FINALIZED_WITHIN_C2_LIMIT,0.285173,0.691
2069,17000.0,0.4931,explore,ZYZZYVA,3.4,1.0,0.0278,1,1,1,FINALIZED_WITHIN_C2_LIMIT,0.096751,1.063
2070,40000.0,0.4929,greedy,ZYZZYVA,8.0,1.0,0.0729,1,1,1,FINALIZED_WITHIN_C2_LIMIT,0.208592,2.731
2071,28000.0,0.4926,explore,LIU_QUORUM,5.6,1.0,0.069,1,1,1,FINALIZED_WITHIN_C2_LIMIT,0.105294,1.756
2072,34000.0,0.4924,explore,PBFT,6.8,1.0,0.072,1,1,1,FINALIZED_WITHIN_C2_LIMIT,0.311374,2.336
2073,40000.0,0.4921,greedy,ZYZZYVA,8.0,1.0,0.0729,1,1,1,FINALIZED_WITHIN_C2_LIMIT,0.710234,2.227
2074,40000.0,0.4919,greedy,ZYZZYVA,8.0,1.0,0.0729,1,1,1,FINALIZED_WITHIN_C2_LIMIT,0.205091,2.25
2075,40000.0,0.4916,greedy,ZYZZYVA,8.0,1.0,0.0729,1,1,1,FINALIZED_WITHIN_C2_LIMIT,0.07236,2.144
2076,40000.0,0.4914,greedy,ZYZZYVA,8.0,1.0,0.0729,1,1,1,FINALIZED_WITHIN_C2_LIMIT,0.178127,2.891
2077,11000.0,0.4911,explore,ZYZZYVA,2.2,1.0,0.0683,1,1,1,FINALIZED_WITHIN_C2_LIMIT,0.054151,0.871
2078,40000.0,0.4909,greedy,ZYZZYVA,8.0,1.0,0.0729,1,1,1,FINALIZED_WITHIN_C2_LIMIT,0.34558,2.589
2079,11000.0,0.4906,explore,LIU_QUORUM,2.2,1.0,0.0679,1,1,1,FINALIZED_WITHIN_C2_LIMIT,0.573926,0.913
2080,5000.0,0.4904,explore,ZYZZYVA,1.0,1.0,0.0278,1,1,1,FINALIZED_WITHIN_C2_LIMIT,0.263885,0.641
2081,40000.0,0.4902,greedy,ZYZZYVA,8.0,1.0,0.0729,1,1,1,FINALIZED_WITHIN_C2_LIMIT,0.068036,3.3
2082,40000.0,0.4899,greedy,ZYZZYVA,8.0,1.0,0.0729,1,1,1,FINALIZED_WITHIN_C2_LIMIT,0.142608,2.567
2083,40000.0,0.4897,greedy,ZYZZYVA,8.0,1.0,0.0729,1,1,1,FINALIZED_WITHIN_C2_LIMIT,0.050749,2.799
2084,40000.0,0.4894,greedy,ZYZZYVA,8.0,1.0,0.0729,1,1,1,FINALIZED_WITHIN_C2_LIMIT,0.434053,2.977
2085,40000.0,0.4892,greedy,ZYZZYVA,8.0,1.0,0.0729,1,1,1,FINALIZED_WITHIN_C2_LIMIT,0.62335,2.966
2086,40000.0,0.4889,explore,LIU_QUORUM,8.0,1.0,0.0739,1,1,1,FINALIZED_WITHIN_C2_LIMIT,0.273396,2.832
2087,40000.0,0.4887,greedy,ZYZZYVA,8.0,1.0,0.0729,1,1,1,FINALIZED_WITHIN_C2_LIMIT,0.065,2.43
2088,40000.0,0.4884,greedy,ZYZZYVA,8.0,1.0,0.0729,1,1,1,FINALIZED_WITHIN_C2_LIMIT,0.207558,2.861
2089,6000.0,0.4882,explore,ZYZZYVA,1.2,1.0,0.0767,1,1,1,FINALIZED_WITHIN_C2_LIMIT,0.099356,0.895
2090,13000.0,0.4879,explore,ZYZZYVA,2.6,1.0,0.1459,1,1,1,FINALIZED_WITHIN_C2_LIMIT,0.088869,0.971
2091,7000.0,0.4877,explore,ZYZZYVA,1.4,1.0,0.19,1,1,1,FINALIZED_WITHIN_C2_LIMIT,0.06069,0.804
2092,23000.0,0.4875,explore,ZYZZYVA,4.6,1.0,0.067,1,1,1,FINALIZED_WITHIN_C2_LIMIT,0.079747,1.606
2093,26000.0,0.4872,explore,LIU_QUORUM,5.2,1.0,0.0685,1,1,1,FINALIZED_WITHIN_C2_LIMIT,0.093027,1.624
2094,40000.0,0.487,greedy,ZYZZYVA,8.0,1.0,0.052,1,1,1,FINALIZED_WITHIN_C2_LIMIT,0.065449,2.826
2095,4000.0,0.4867,explore,PBFT,0.8,1.0,0.0758,1,1,1,FINALIZED_WITHIN_C2_LIMIT,0.023098,0.776
2096,40000.0,0.4865,greedy,ZYZZYVA,8.0,1.0,0.0642,1,1,1,FINALIZED_WITHIN_C2_LIMIT,0.089232,3.17
2097,40000.0,0.4862,greedy,ZYZZYVA,8.0,1.0,0.0584,1,1,1,FINALIZED_WITHIN_C2_LIMIT,0.0359,2.694
2098,0.0,0.486,explore,PBFT,7.2,1.0,0.2103,0,1,1,FINALIZED_WITHIN_C2_LIMIT,0.403364,2.32
2099,40000.0,0.4857,greedy,ZYZZYVA,8.0,1.0,0.0584,1,1,1,FINALIZED_WITHIN_C2_LIMIT,0.340121,2.755
2100,40000.0,0.4855,greedy,ZYZZYVA,8.0,1.0,0.0584,1,1,1,FINALIZED_WITHIN_C2_LIMIT,0.057538,2.372
2101,8000.0,0.4853,explore,LIU_QUORUM,1.6,1.0,0.0739,1,1,1,FINALIZED_WITHIN_C2_LIMIT,0.40591,0.73
2102,1000.0,0.485,explore,LIU_QUORUM,0.2,1.0,0.0809,1,1,1,FINALIZED_WITHIN_C2_LIMIT,0.878299,0.344
2103,33000.0,0.4848,explore,ZYZZYVA,6.6,1.0,0.0679,1,1,1,FINALIZED_WITHIN_C2_LIMIT,0.390841,2.161
2104,40000.0,0.4845,greedy,ZYZZYVA,8.0,1.0,0.0584,1,1,1,FINALIZED_WITHIN_C2_LIMIT,0.092744,2.896
2105,2000.0,0.4843,explore,LIU_QUORUM,0.4,1.0,0.0311,1,1,1,FINALIZED_WITHIN_C2_LIMIT,0.069996,0.338
2106,37000.0,0.484,explore,ZYZZYVA,7.4,1.0,0.0702,1,1,1,FINALIZED_WITHIN_C2_LIMIT,0.126746,2.101
2107,40000.0,0.4838,greedy,ZYZZYVA,8.0,1.0,0.0584,1,1,1,FINALIZED_WITHIN_C2_LIMIT,0.042655,2.81
2108,40000.0,0.4835,greedy,ZYZZYVA,8.0,1.0,0.0552,1,1,1,FINALIZED_WITHIN_C2_LIMIT,0.058001,2.233
2109,40000.0,0.4833,greedy,ZYZZYVA,8.0,1.0,0.0552,1,1,1,FINALIZED_WITHIN_C2_LIMIT,0.046457,2.833
2110,38000.0,0.4831,explore,ZYZZYVA,7.6,1.0,0.0668,1,1,1,FINALIZED_WITHIN_C2_LIMIT,0.075178,2.206
2111,14000.0,0.4828,explore,ZYZZYVA,2.8,1.0,0.0715,1,1,1,FINALIZED_WITHIN_C2_LIMIT,0.058156,1.312
2112,35000.0,0.4826,explore,ZYZZYVA,7.0,1.0,0.0647,1,1,1,FINALIZED_WITHIN_C2_LIMIT,0.425584,2.23
2113,40000.0,0.4823,greedy,ZYZZYVA,8.0,1.0,0.0552,1,1,1,FINALIZED_WITHIN_C2_LIMIT,0.578239,3.519
2114,40000.0,0.4821,greedy,ZYZZYVA,8.0,1.0,0.0552,1,1,1,FINALIZED_WITHIN_C2_LIMIT,0.232174,2.459
2115,40000.0,0.4818,greedy,ZYZZYVA,8.0,1.0,0.052,1,1,1,FINALIZED_WITHIN_C2_LIMIT,0.248651,2.791
2116,40000.0,0.4816,greedy,ZYZZYVA,8.0,1.0,0.052,1,1,1,FINALIZED_WITHIN_C2_LIMIT,0.499287,2.246
2117,16000.0,0.4813,explore,PBFT,3.2,1.0,0.0282,1,1,1,FINALIZED_WITHIN_C2_LIMIT,0.142876,1.19
2118,10000.0,0.4811,explore,LIU_QUORUM,2.0,1.0,0.069,1,1,1,FINALIZED_WITHIN_C2_LIMIT,0.118178,0.943
2119,40000.0,0.4808,greedy,ZYZZYVA,8.0,1.0,0.0423,1,1,1,FINALIZED_WITHIN_C2_LIMIT,0.330052,3.342
2120,40000.0,0.4806,greedy,ZYZZYVA,8.0,1.0,0.0423,1,1,1,FINALIZED_WITHIN_C2_LIMIT,0.066757,2.855
2121,40000.0,0.4804,greedy,ZYZZYVA,8.0,1.0,0.0423,1,1,1,FINALIZED_WITHIN_C2_LIMIT,0.464784,3.414
2122,31000.0,0.4801,explore,PBFT,6.2,1.0,0.0278,1,1,1,FINALIZED_WITHIN_C2_LIMIT,0.556732,2.188
2123,38000.0,0.4799,explore,LIU_QUORUM,7.6,1.0,0.0299,1,1,1,FINALIZED_WITHIN_C2_LIMIT,0.308592,2.472
2124,32000.0,0.4796,explore,LIU_QUORUM,6.4,1.0,0.0506,1,1,1,FINALIZED_WITHIN_C2_LIMIT,0.102915,2.094
2125,40000.0,0.4794,greedy,ZYZZYVA,8.0,1.0,0.0423,1,1,1,FINALIZED_WITHIN_C2_LIMIT,0.126086,3.2
2126,40000.0,0.4791,greedy,ZYZZYVA,8.0,1.0,0.0423,1,1,1,FINALIZED_WITHIN_C2_LIMIT,0.038196,3.102
2127,36000.0,0.4789,explore,PBFT,7.2,1.0,0.0767,1,1,1,FINALIZED_WITHIN_C2_LIMIT,0.481776,2.476
2128,40000.0,0.4786,greedy,ZYZZYVA,8.0,1.0,0.0423,1,1,1,FINALIZED_WITHIN_C2_LIMIT,0.831277,2.852
2129,3000.0,0.4784,explore,PBFT,0.6,1.0,0.0933,1,1,1,FINALIZED_WITHIN_C2_LIMIT,0.517551,0.926
2130,13000.0,0.4782,explore,ZYZZYVA,2.6,1.0,0.0787,1,1,1,FINALIZED_WITHIN_C2_LIMIT,0.04016,1.037
2131,40000.0,0.4779,greedy,ZYZZYVA,8.0,1.0,0.0423,1,1,1,FINALIZED_WITHIN_C2_LIMIT,0.12474,2.957
2132,17000.0,0.4777,explore,ZYZZYVA,3.4,1.0,0.0298,1,1,1,FINALIZED_WITHIN_C2_LIMIT,0.03727,1.17
2133,40000.0,0.4774,greedy,ZYZZYVA,8.0,1.0,0.0448,1,1,1,FINALIZED_WITHIN_C2_LIMIT,0.432002,3.385
2134,19000.0,0.4772,explore,LIU_QUORUM,3.8,1.0,0.1208,1,1,1,FINALIZED_WITHIN_C2_LIMIT,0.474074,1.662
2135,40000.0,0.4769,greedy,ZYZZYVA,8.0,1.0,0.0448,1,1,1,FINALIZED_WITHIN_C2_LIMIT,0.135736,2.658
2136,24000.0,0.4767,explore,LIU_QUORUM,4.8,1.0,0.0705,1,1,1,FINALIZED_WITHIN_C2_LIMIT,0.308429,1.329
2137,40000.0,0.4764,greedy,ZYZZYVA,8.0,1.0,0.0448,1,1,1,FINALIZED_WITHIN_C2_LIMIT,0.601135,3.282
2138,25000.0,0.4762,explore,LIU_QUORUM,5.0,1.0,0.0963,1,1,1,FINALIZED_WITHIN_C2_LIMIT,0.331327,1.854
2139,40000.0,0.4759,greedy,ZYZZYVA,8.0,1.0,0.0448,1,1,1,FINALIZED_WITHIN_C2_LIMIT,0.039172,2.642
2140,15000.0,0.4757,explore,PBFT,3.0,1.0,0.0312,1,1,1,FINALIZED_WITHIN_C2_LIMIT,0.092185,1.476
2141,40000.0,0.4755,greedy,ZYZZYVA,8.0,1.0,0.0448,1,1,1,FINALIZED_WITHIN_C2_LIMIT,0.056386,2.543
2142,40000.0,0.4752,greedy,ZYZZYVA,8.0,1.0,0.0448,1,1,1,FINALIZED_WITHIN_C2_LIMIT,0.036071,3.007
2143,17000.0,0.475,explore,ZYZZYVA,3.4,1.0,0.0694,1,1,1,FINALIZED_WITHIN_C2_LIMIT,0.152697,1.441
2144,40000.0,0.4747,greedy,ZYZZYVA,8.0,1.0,0.0448,1,1,1,FINALIZED_WITHIN_C2_LIMIT,0.07581,2.929
2145,40000.0,0.4745,greedy,ZYZZYVA,8.0,1.0,0.0448,1,1,1,FINALIZED_WITHIN_C2_LIMIT,0.272877,2.75
2146,29000.0,0.4742,explore,PBFT,5.8,1.0,0.104,1,1,1,FINALIZED_WITHIN_C2_LIMIT,0.259114,2.421
2147,36000.0,0.474,explore,PBFT,7.2,1.0,0.0609,1,1,1,FINALIZED_WITHIN_C2_LIMIT,0.031242,1.968
2148,40000.0,0.4737,greedy,ZYZZYVA,8.0,1.0,0.0541,1,1,1,FINALIZED_WITHIN_C2_LIMIT,0.504523,2.287
2149,40000.0,0.4735,greedy,ZYZZYVA,8.0,1.0,0.0448,1,1,1,FINALIZED_WITHIN_C2_LIMIT,0.960388,2.178
2150,36000.0,0.4733,explore,LIU_QUORUM,7.2,1.0,0.069,1,1,1,FINALIZED_WITHIN_C2_LIMIT,0.706636,2.129
2151,23000.0,0.473,explore,ZYZZYVA,4.6,1.0,0.0963,1,1,1,FINALIZED_WITHIN_C2_LIMIT,0.050202,1.559
2152,40000.0,0.4728,greedy,ZYZZYVA,8.0,1.0,0.0644,1,1,1,FINALIZED_WITHIN_C2_LIMIT,0.827647,3.394
2153,15000.0,0.4725,explore,LIU_QUORUM,3.0,1.0,0.0789,1,1,1,FINALIZED_WITHIN_C2_LIMIT,1.8413,1.253
2154,5000.0,0.4723,explore,PBFT,1.0,1.0,0.0609,1,1,1,FINALIZED_WITHIN_C2_LIMIT,1.679253,0.705
2155,30000.0,0.472,explore,ZYZZYVA,6.0,1.0,0.0739,1,1,1,FINALIZED_WITHIN_C2_LIMIT,0.777792,2.061
2156,40000.0,0.4718,greedy,ZYZZYVA,8.0,1.0,0.075,1,1,1,FINALIZED_WITHIN_C2_LIMIT,0.080429,2.654
2157,40000.0,0.4715,greedy,ZYZZYVA,8.0,1.0,0.075,1,1,1,FINALIZED_WITHIN_C2_LIMIT,1.321276,2.814
2158,6000.0,0.4713,explore,PBFT,1.2,1.0,0.0809,1,1,1,FINALIZED_WITHIN_C2_LIMIT,3.008733,0.785
2159,37000.0,0.471,explore,PBFT,7.4,1.0,0.0685,1,1,1,FINALIZED_WITHIN_C2_LIMIT,3.3479,2.275
2160,40000.0,0.4708,greedy,ZYZZYVA,8.0,1.0,0.075,1,1,1,FINALIZED_WITHIN_C2_LIMIT,2.49018,2.607
2161,40000.0,0.4706,greedy,ZYZZYVA,8.0,1.0,0.075,1,1,1,FINALIZED_WITHIN_C2_LIMIT,0.740023,2.497
2162,2000.0,0.4703,explore,LIU_QUORUM,0.4,1.0,0.0291,1,1,1,FINALIZED_WITHIN_C2_LIMIT,0.110023,0.446
2163,40000.0,0.4701,greedy,ZYZZYVA,8.0,1.0,0.075,1,1,1,FINALIZED_WITHIN_C2_LIMIT,0.701876,3.749
2164,40000.0,0.4698,greedy,ZYZZYVA,8.0,1.0,0.075,1,1,1,FINALIZED_WITHIN_C2_LIMIT,0.630262,3.015
2165,1000.0,0.4696,explore,PBFT,0.2,1.0,0.1416,1,1,1,FINALIZED_WITHIN_C2_LIMIT,0.254025,0.516
2166,22000.0,0.4693,explore,ZYZZYVA,4.4,1.0,0.0298,1,1,1,FINALIZED_WITHIN_C2_LIMIT,0.167414,1.813
2167,30000.0,0.4691,explore,PBFT,6.0,1.0,0.0647,1,1,1,FINALIZED_WITHIN_C2_LIMIT,0.350681,1.713
2168,40000.0,0.4688,greedy,ZYZZYVA,8.0,1.0,0.075,1,1,1,FINALIZED_WITHIN_C2_LIMIT,0.175205,2.386
2169,35000.0,0.4686,explore,PBFT,7.0,1.0,0.0312,1,1,1,FINALIZED_WITHIN_C2_LIMIT,0.090542,1.699
2170,40000.0,0.4684,greedy,ZYZZYVA,8.0,1.0,0.075,1,1,1,FINALIZED_WITHIN_C2_LIMIT,0.145476,2.316
2171,37000.0,0.4681,explore,PBFT,7.4,1.0,0.0739,1,1,1,FINALIZED_WITHIN_C2_LIMIT,0.076588,2.028
2172,40000.0,0.4679,greedy,ZYZZYVA,8.0,1.0,0.075,1,1,1,FINALIZED_WITHIN_C2_LIMIT,0.301418,2.618
2173,40000.0,0.4676,greedy,ZYZZYVA,8.0,1.0,0.075,1,1,1,FINALIZED_WITHIN_C2_LIMIT,0.318295,2.212
2174,11000.0,0.4674,explore,LIU_QUORUM,2.2,1.0,0.1208,1,1,1,FINALIZED_WITHIN_C2_LIMIT,0.075453,0.824
2175,40000.0,0.4671,greedy,ZYZZYVA,8.0,1.0,0.075,1,1,1,FINALIZED_WITHIN_C2_LIMIT,0.354433,2.114
2176,25000.0,0.4669,explore,ZYZZYVA,5.0,1.0,0.0278,1,1,1,FINALIZED_WITHIN_C2_LIMIT,0.843123,1.432
2177,2000.0,0.4666,explore,PBFT,0.4,1.0,0.0298,1,1,1,FINALIZED_WITHIN_C2_LIMIT,0.600902,0.43
2178,40000.0,0.4664,greedy,ZYZZYVA,8.0,1.0,0.075,1,1,1,FINALIZED_WITHIN_C2_LIMIT,0.06468,3.339
2179,40000.0,0.4661,greedy,ZYZZYVA,8.0,1.0,0.0729,1,1,1,FINALIZED_WITHIN_C2_LIMIT,0.711332,2.659
2180,40000.0,0.4659,explore,LIU_QUORUM,8.0,1.0,0.0702,1,1,1,FINALIZED_WITHIN_C2_LIMIT,1.398159,2.661
2181,38000.0,0.4657,explore,PBFT,7.6,1.0,0.0702,1,1,1,FINALIZED_WITHIN_C2_LIMIT,1.553724,2.335
2182,40000.0,0.4654,greedy,ZYZZYVA,8.0,1.0,0.0729,1,1,1,FINALIZED_WITHIN_C2_LIMIT,0.600952,2.044
2183,40000.0,0.4652,greedy,ZYZZYVA,8.0,1.0,0.0729,1,1,1,FINALIZED_WITHIN_C2_LIMIT,0.083927,2.149
2184,32000.0,0.4649,explore,ZYZZYVA,6.4,1.0,0.1284,1,1,1,FINALIZED_WITHIN_C2_LIMIT,0.205417,1.703
2185,40000.0,0.4647,greedy,ZYZZYVA,8.0,1.0,0.0729,1,1,1,FINALIZED_WITHIN_C2_LIMIT,0.115018,2.258
2186,11000.0,0.4644,explore,ZYZZYVA,2.2,1.0,0.0702,1,1,1,FINALIZED_WITHIN_C2_LIMIT,0.098855,1.051
2187,40000.0,0.4642,greedy,ZYZZYVA,8.0,1.0,0.0729,1,1,1,FINALIZED_WITHIN_C2_LIMIT,0.122998,3.084
2188,40000.0,0.4639,greedy,ZYZZYVA,8.0,1.0,0.0729,1,1,1,FINALIZED_WITHIN_C2_LIMIT,0.039178,2.122
2189,17000.0,0.4637,explore,PBFT,3.4,1.0,0.0558,1,1,1,FINALIZED_WITHIN_C2_LIMIT,0.037223,1.098
2190,40000.0,0.4635,greedy,ZYZZYVA,8.0,1.0,0.0729,1,1,1,FINALIZED_WITHIN_C2_LIMIT,0.2417,2.572
2191,40000.0,0.4632,greedy,ZYZZYVA,8.0,1.0,0.0729,1,1,1,FINALIZED_WITHIN_C2_LIMIT,0.327486,2.443
2192,40000.0,0.463,greedy,ZYZZYVA,8.0,1.0,0.0729,1,1,1,FINALIZED_WITHIN_C2_LIMIT,0.070273,2.639
2193,29000.0,0.4627,explore,ZYZZYVA,5.8,1.0,0.072,1,1,1,FINALIZED_WITHIN_C2_LIMIT,0.553096,1.79
2194,24000.0,0.4625,explore,PBFT,4.8,1.0,0.1416,1,1,1,FINALIZED_WITHIN_C2_LIMIT,1.060002,1.454
2195,40000.0,0.4622,greedy,ZYZZYVA,8.0,1.0,0.0729,1,1,1,FINALIZED_WITHIN_C2_LIMIT,0.619356,2.221
2196,40000.0,0.462,greedy,ZYZZYVA,8.0,1.0,0.0729,1,1,1,FINALIZED_WITHIN_C2_LIMIT,0.096991,2.078
2197,37000.0,0.4617,explore,PBFT,7.4,1.0,0.1459,1,1,1,FINALIZED_WITHIN_C2_LIMIT,0.560607,2.112
2198,40000.0,0.4615,greedy,ZYZZYVA,8.0,1.0,0.0511,1,1,1,FINALIZED_WITHIN_C2_LIMIT,1.316531,2.269
2199,40000.0,0.4612,greedy,ZYZZYVA,8.0,1.0,0.0729,1,1,1,FINALIZED_WITHIN_C2_LIMIT,0.336222,2.439
2200,19000.0,0.461,explore,ZYZZYVA,3.8,1.0,0.0705,1,1,1,FINALIZED_WITHIN_C2_LIMIT,0.049847,1.303
2201,40000.0,0.4608,greedy,ZYZZYVA,8.0,1.0,0.0729,1,1,1,FINALIZED_WITHIN_C2_LIMIT,0.596424,2.684
2202,40000.0,0.4605,greedy,ZYZZYVA,8.0,1.0,0.0729,1,1,1,FINALIZED_WITHIN_C2_LIMIT,1.175856,2.762
2203,40000.0,0.4603,greedy,ZYZZYVA,8.0,1.0,0.0729,1,1,1,FINALIZED_WITHIN_C2_LIMIT,0.910681,2.216
2204,40000.0,0.46,greedy,ZYZZYVA,8.0,1.0,0.0729,1,1,1,FINALIZED_WITHIN_C2_LIMIT,0.288136,2.224
2205,40000.0,0.4598,greedy,ZYZZYVA,8.0,1.0,0.0729,1,1,1,FINALIZED_WITHIN_C2_LIMIT,0.231005,2.428
2206,40000.0,0.4595,greedy,ZYZZYVA,8.0,1.0,0.0729,1,1,1,FINALIZED_WITHIN_C2_LIMIT,0.65101,2.409
2207,40000.0,0.4593,greedy,ZYZZYVA,8.0,1.0,0.0729,1,1,1,FINALIZED_WITHIN_C2_LIMIT,0.627472,2.333
2208,40000.0,0.459,explore,PBFT,8.0,1.0,0.1982,1,1,1,FINALIZED_WITHIN_C2_LIMIT,0.134594,2.275
2209,40000.0,0.4588,greedy,ZYZZYVA,8.0,1.0,0.0729,1,1,1,FINALIZED_WITHIN_C2_LIMIT,0.392104,2.387
2210,22000.0,0.4586,explore,PBFT,4.4,1.0,0.104,1,1,1,FINALIZED_WITHIN_C2_LIMIT,0.987689,1.234
2211,34000.0,0.4583,explore,LIU_QUORUM,6.8,1.0,0.0679,1,1,1,FINALIZED_WITHIN_C2_LIMIT,0.850614,2.045
2212,40000.0,0.4581,greedy,ZYZZYVA,8.0,1.0,0.0729,1,1,1,FINALIZED_WITHIN_C2_LIMIT,0.164869,2.535
2213,4000.0,0.4578,explore,ZYZZYVA,0.8,1.0,0.0311,1,1,1,FINALIZED_WITHIN_C2_LIMIT,0.261993,0.641
2214,40000.0,0.4576,greedy,ZYZZYVA,8.0,1.0,0.0729,1,1,1,FINALIZED_WITHIN_C2_LIMIT,0.631081,2.542
2215,40000.0,0.4573,greedy,ZYZZYVA,8.0,1.0,0.0729,1,1,1,FINALIZED_WITHIN_C2_LIMIT,0.596469,2.692
2216,32000.0,0.4571,explore,PBFT,6.4,1.0,0.0686,1,1,1,FINALIZED_WITHIN_C2_LIMIT,0.074338,1.963
2217,31000.0,0.4568,explore,LIU_QUORUM,6.2,1.0,0.0741,1,1,1,FINALIZED_WITHIN_C2_LIMIT,0.470123,1.843
2218,40000.0,0.4566,greedy,ZYZZYVA,8.0,1.0,0.0729,1,1,1,FINALIZED_WITHIN_C2_LIMIT,1.175365,2.569
2219,40000.0,0.4563,greedy,ZYZZYVA,8.0,1.0,0.0729,1,1,1,FINALIZED_WITHIN_C2_LIMIT,0.892396,2.195
2220,29000.0,0.4561,explore,ZYZZYVA,5.8,1.0,0.0316,1,1,1,FINALIZED_WITHIN_C2_LIMIT,0.252304,1.627
2221,40000.0,0.4559,greedy,ZYZZYVA,8.0,1.0,0.0729,1,1,1,FINALIZED_WITHIN_C2_LIMIT,0.196044,2.147
2222,14000.0,0.4556,explore,PBFT,2.8,1.0,0.0715,1,1,1,FINALIZED_WITHIN_C2_LIMIT,0.569341,1.033
2223,40000.0,0.4554,greedy,ZYZZYVA,8.0,1.0,0.0729,1,1,1,FINALIZED_WITHIN_C2_LIMIT,0.407963,2.527
2224,1000.0,0.4551,explore,PBFT,0.2,1.0,0.072,1,1,1,FINALIZED_WITHIN_C2_LIMIT,0.06936,0.348
2225,9000.0,0.4549,explore,ZYZZYVA,1.8,1.0,0.0401,1,1,1,FINALIZED_WITHIN_C2_LIMIT,0.489406,1.048
2226,40000.0,0.4546,greedy,ZYZZYVA,8.0,1.0,0.0729,1,1,1,FINALIZED_WITHIN_C2_LIMIT,1.248515,2.228
2227,30000.0,0.4544,explore,ZYZZYVA,6.0,1.0,0.19,1,1,1,FINALIZED_WITHIN_C2_LIMIT,0.93774,1.644
2228,40000.0,0.4541,greedy,ZYZZYVA,8.0,1.0,0.0729,1,1,1,FINALIZED_WITHIN_C2_LIMIT,0.295383,2.237
2229,18000.0,0.4539,explore,PBFT,3.6,1.0,0.1208,1,1,1,FINALIZED_WITHIN_C2_LIMIT,0.163498,1.092
2230,0.0,0.4536,explore,PBFT,5.4,1.0,0.2103,0,1,1,FINALIZED_WITHIN_C2_LIMIT,0.532497,1.455
2231,40000.0,0.4534,greedy,ZYZZYVA,8.0,1.0,0.0729,1,1,1,FINALIZED_WITHIN_C2_LIMIT,0.343859,2.343
2232,40000.0,0.4532,greedy,ZYZZYVA,8.0,1.0,0.0729,1,1,1,FINALIZED_WITHIN_C2_LIMIT,0.071271,2.361
2233,40000.0,0.4529,greedy,ZYZZYVA,8.0,1.0,0.0729,1,1,1,FINALIZED_WITHIN_C2_LIMIT,0.52588,2.563
2234,40000.0,0.4527,greedy,ZYZZYVA,8.0,1.0,0.0729,1,1,1,FINALIZED_WITHIN_C2_LIMIT,1.200992,2.222
2235,12000.0,0.4524,explore,LIU_QUORUM,2.4,1.0,0.1208,1,1,1,FINALIZED_WITHIN_C2_LIMIT,1.08789,0.905
2236,12000.0,0.4522,explore,PBFT,2.4,1.0,0.1284,1,1,1,FINALIZED_WITHIN_C2_LIMIT,0.403063,0.843
2237,40000.0,0.4519,greedy,ZYZZYVA,8.0,1.0,0.0729,1,1,1,FINALIZED_WITHIN_C2_LIMIT,0.165772,2.503
2238,40000.0,0.4517,greedy,ZYZZYVA,8.0,1.0,0.0729,1,1,1,FINALIZED_WITHIN_C2_LIMIT,0.391548,2.748
2239,40000.0,0.4514,greedy,ZYZZYVA,8.0,1.0,0.0729,1,1,1,FINALIZED_WITHIN_C2_LIMIT,0.318744,2.75
2240,40000.0,0.4512,greedy,ZYZZYVA,8.0,1.0,0.0729,1,1,1,FINALIZED_WITHIN_C2_LIMIT,0.043568,2.462
2241,30000.0,0.451,explore,PBFT,6.0,1.0,0.0739,1,1,1,FINALIZED_WITHIN_C2_LIMIT,0.670111,1.908
2242,40000.0,0.4507,greedy,ZYZZYVA,8.0,1.0,0.0729,1,1,1,FINALIZED_WITHIN_C2_LIMIT,1.364605,2.552
2243,40000.0,0.4505,greedy,ZYZZYVA,8.0,1.0,0.0756,1,1,1,FINALIZED_WITHIN_C2_LIMIT,1.178696,2.12
2244,40000.0,0.4502,greedy,ZYZZYVA,8.0,1.0,0.0756,1,1,1,FINALIZED_WITHIN_C2_LIMIT,0.302942,2.071
2245,40000.0,0.45,greedy,ZYZZYVA,8.0,1.0,0.0756,1,1,1,FINALIZED_WITHIN_C2_LIMIT,0.130258,2.086
2246,40000.0,0.4497,greedy,ZYZZYVA,8.0,1.0,0.0756,1,1,1,FINALIZED_WITHIN_C2_LIMIT,0.388054,2.322
2247,40000.0,0.4495,greedy,ZYZZYVA,8.0,1.0,0.0633,1,1,1,FINALIZED_WITHIN_C2_LIMIT,0.281313,2.329
2248,0.0,0.4492,explore,ZYZZYVA,1.6,1.0,0.2811,0,1,1,FINALIZED_WITHIN_C2_LIMIT,0.101025,0.732
2249,0.0,0.449,explore,LIU_QUORUM,7.6,1.0,0.2251,0,1,1,FINALIZED_WITHIN_C2_LIMIT,0.086048,2.03
2250,40000.0,0.4487,greedy,ZYZZYVA,8.0,1.0,0.0729,1,1,1,FINALIZED_WITHIN_C2_LIMIT,0.06178,2.147
2251,40000.0,0.4485,greedy,ZYZZYVA,8.0,1.0,0.0729,1,1,1,FINALIZED_WITHIN_C2_LIMIT,0.23569,2.188
2252,35000.0,0.4483,explore,PBFT,7.0,1.0,0.03,1,1,1,FINALIZED_WITHIN_C2_LIMIT,0.191024,2.045
2253,11000.0,0.448,explore,LIU_QUORUM,2.2,1.0,0.0315,1,1,1,FINALIZED_WITHIN_C2_LIMIT,0.08427,0.893
2254,24000.0,0.4478,explore,LIU_QUORUM,4.8,1.0,0.0299,1,1,1,FINALIZED_WITHIN_C2_LIMIT,0.22408,1.382
2255,34000.0,0.4475,explore,LIU_QUORUM,6.8,1.0,0.0647,1,1,1,FINALIZED_WITHIN_C2_LIMIT,0.164283,2.144
2256,18000.0,0.4473,explore,ZYZZYVA,3.6,1.0,0.0779,1,1,1,FINALIZED_WITHIN_C2_LIMIT,0.082999,1.439
2257,40000.0,0.447,greedy,ZYZZYVA,8.0,1.0,0.0633,1,1,1,FINALIZED_WITHIN_C2_LIMIT,0.331489,2.363
2258,40000.0,0.4468,greedy,ZYZZYVA,8.0,1.0,0.0729,1,1,1,FINALIZED_WITHIN_C2_LIMIT,0.360279,2.358
2259,40000.0,0.4465,greedy,ZYZZYVA,8.0,1.0,0.0729,1,1,1,FINALIZED_WITHIN_C2_LIMIT,0.071244,2.149
2260,40000.0,0.4463,greedy,ZYZZYVA,8.0,1.0,0.0729,1,1,1,FINALIZED_WITHIN_C2_LIMIT,0.416437,2.383
2261,40000.0,0.4461,greedy,ZYZZYVA,8.0,1.0,0.0729,1,1,1,FINALIZED_WITHIN_C2_LIMIT,0.923947,2.371
2262,40000.0,0.4458,greedy,ZYZZYVA,8.0,1.0,0.0729,1,1,1,FINALIZED_WITHIN_C2_LIMIT,0.553145,2.282
2263,14000.0,0.4456,explore,LIU_QUORUM,2.8,1.0,0.1368,1,1,1,FINALIZED_WITHIN_C2_LIMIT,0.079632,0.92
2264,1000.0,0.4453,explore,LIU_QUORUM,0.2,1.0,0.0316,1,1,1,FINALIZED_WITHIN_C2_LIMIT,0.470118,0.494
2265,5000.0,0.4451,explore,PBFT,1.0,1.0,0.0298,1,1,1,FINALIZED_WITHIN_C2_LIMIT,1.077631,0.677
2266,39000.0,0.4448,explore,PBFT,7.8,1.0,0.0674,1,1,1,FINALIZED_WITHIN_C2_LIMIT,1.032568,2.425
2267,40000.0,0.4446,greedy,ZYZZYVA,8.0,1.0,0.0729,1,1,1,FINALIZED_WITHIN_C2_LIMIT,0.308072,2.573
2268,40000.0,0.4443,greedy,ZYZZYVA,8.0,1.0,0.0729,1,1,1,FINALIZED_WITHIN_C2_LIMIT,0.208468,1.953
2269,40000.0,0.4441,greedy,ZYZZYVA,8.0,1.0,0.0729,1,1,1,FINALIZED_WITHIN_C2_LIMIT,0.3843,1.9
2270,40000.0,0.4438,greedy,ZYZZYVA,8.0,1.0,0.0729,1,1,1,FINALIZED_WITHIN_C2_LIMIT,0.2949,2.023
2271,40000.0,0.4436,greedy,ZYZZYVA,8.0,1.0,0.0729,1,1,1,FINALIZED_WITHIN_C2_LIMIT,0.099749,1.82
2272,37000.0,0.4434,explore,ZYZZYVA,7.4,1.0,0.072,1,1,1,FINALIZED_WITHIN_C2_LIMIT,0.090009,1.806
2273,40000.0,0.4431,greedy,ZYZZYVA,8.0,1.0,0.0729,1,1,1,FINALIZED_WITHIN_C2_LIMIT,0.1127,1.965
2274,40000.0,0.4429,greedy,ZYZZYVA,8.0,1.0,0.0729,1,1,1,FINALIZED_WITHIN_C2_LIMIT,0.092487,2.509
2275,40000.0,0.4426,greedy,ZYZZYVA,8.0,1.0,0.0729,1,1,1,FINALIZED_WITHIN_C2_LIMIT,0.160786,2.243
2276,40000.0,0.4424,greedy,ZYZZYVA,8.0,1.0,0.0729,1,1,1,FINALIZED_WITHIN_C2_LIMIT,0.22531,2.016
2277,40000.0,0.4421,greedy,ZYZZYVA,8.0,1.0,0.0729,1,1,1,FINALIZED_WITHIN_C2_LIMIT,0.051084,2.054
2278,40000.0,0.4419,greedy,ZYZZYVA,8.0,1.0,0.075,1,1,1,FINALIZED_WITHIN_C2_LIMIT,0.506261,2.048
2279,20000.0,0.4416,explore,LIU_QUORUM,4.0,1.0,0.0282,1,1,1,FINALIZED_WITHIN_C2_LIMIT,1.113881,1.195
2280,40000.0,0.4414,greedy,ZYZZYVA,8.0,1.0,0.075,1,1,1,FINALIZED_WITHIN_C2_LIMIT,0.690163,2.132
2281,40000.0,0.4412,greedy,ZYZZYVA,8.0,1.0,0.075,1,1,1,FINALIZED_WITHIN_C2_LIMIT,0.099006,2.049
2282,28000.0,0.4409,explore,ZYZZYVA,5.6,1.0,0.072,1,1,1,FINALIZED_WITHIN_C2_LIMIT,0.554088,1.489
2283,21000.0,0.4407,explore,LIU_QUORUM,4.2,1.0,0.0609,1,1,1,FINALIZED_WITHIN_C2_LIMIT,1.073339,1.331
2284,40000.0,0.4404,greedy,ZYZZYVA,8.0,1.0,0.0729,1,1,1,FINALIZED_WITHIN_C2_LIMIT,1.026184,2.174
2285,40000.0,0.4402,greedy,PBFT,8.0,1.0,0.075,1,1,1,FINALIZED_WITHIN_C2_LIMIT,0.417978,2.099
2286,40000.0,0.4399,greedy,PBFT,8.0,1.0,0.075,1,1,1,FINALIZED_WITHIN_C2_LIMIT,0.052423,2.252
2287,37000.0,0.4397,explore,PBFT,7.4,1.0,0.0789,1,1,1,FINALIZED_WITHIN_C2_LIMIT,0.265212,1.957
2288,21000.0,0.4394,explore,ZYZZYVA,4.2,1.0,0.0705,1,1,1,FINALIZED_WITHIN_C2_LIMIT,0.221526,1.387
2289,40000.0,0.4392,greedy,PBFT,8.0,1.0,0.075,1,1,1,FINALIZED_WITHIN_C2_LIMIT,0.099696,2.352
2290,40000.0,0.4389,greedy,PBFT,8.0,1.0,0.075,1,1,1,FINALIZED_WITHIN_C2_LIMIT,0.128654,2.092
2291,3000.0,0.4387,explore,LIU_QUORUM,0.6,1.0,0.1831,1,1,1,FINALIZED_WITHIN_C2_LIMIT,0.100908,0.575
2292,40000.0,0.4385,greedy,ZYZZYVA,8.0,1.0,0.075,1,1,1,FINALIZED_WITHIN_C2_LIMIT,0.034446,2.331
2293,40000.0,0.4382,greedy,ZYZZYVA,8.0,1.0,0.075,1,1,1,FINALIZED_WITHIN_C2_LIMIT,0.118743,2.44
2294,40000.0,0.438,greedy,ZYZZYVA,8.0,1.0,0.075,1,1,1,FINALIZED_WITHIN_C2_LIMIT,0.073778,2.437
2295,40000.0,0.4377,greedy,ZYZZYVA,8.0,1.0,0.075,1,1,1,FINALIZED_WITHIN_C2_LIMIT,0.146015,2.117
2296,22000.0,0.4375,explore,PBFT,4.4,1.0,0.1001,1,1,1,FINALIZED_WITHIN_C2_LIMIT,0.194855,1.456
2297,33000.0,0.4372,explore,PBFT,6.6,1.0,0.0963,1,1,1,FINALIZED_WITHIN_C2_LIMIT,0.054737,1.808
2298,40000.0,0.437,greedy,ZYZZYVA,8.0,1.0,0.075,1,1,1,FINALIZED_WITHIN_C2_LIMIT,0.530391,1.927
2299,16000.0,0.4367,explore,PBFT,3.2,1.0,0.0686,1,1,1,FINALIZED_WITHIN_C2_LIMIT,0.29922,1.323
2300,7000.0,0.4365,explore,PBFT,1.4,1.0,0.0288,1,1,1,FINALIZED_WITHIN_C2_LIMIT,0.165867,0.748
2301,19000.0,0.4363,explore,ZYZZYVA,3.8,1.0,0.1831,1,1,1,FINALIZED_WITHIN_C2_LIMIT,0.112565,1.102
2302,28000.0,0.436,explore,ZYZZYVA,5.6,1.0,0.067,1,1,1,FINALIZED_WITHIN_C2_LIMIT,0.057102,1.55
2303,20000.0,0.4358,explore,PBFT,4.0,1.0,0.0767,1,1,1,FINALIZED_WITHIN_C2_LIMIT,0.064308,1.203
2304,40000.0,0.4355,greedy,ZYZZYVA,8.0,1.0,0.075,1,1,1,FINALIZED_WITHIN_C2_LIMIT,0.086568,2.052
2305,26000.0,0.4353,explore,ZYZZYVA,5.2,1.0,0.0316,1,1,1,FINALIZED_WITHIN_C2_LIMIT,0.064034,1.41
2306,6000.0,0.435,explore,LIU_QUORUM,1.2,1.0,0.0708,1,1,1,FINALIZED_WITHIN_C2_LIMIT,0.082668,0.686
2307,39000.0,0.4348,explore,LIU_QUORUM,7.8,1.0,0.0685,1,1,1,FINALIZED_WITHIN_C2_LIMIT,0.039907,2.333
2308,40000.0,0.4345,greedy,ZYZZYVA,8.0,1.0,0.075,1,1,1,FINALIZED_WITHIN_C2_LIMIT,0.036468,2.7
2309,22000.0,0.4343,explore,PBFT,4.4,1.0,0.0739,1,1,1,FINALIZED_WITHIN_C2_LIMIT,0.064607,1.753
2310,40000.0,0.4341,greedy,ZYZZYVA,8.0,1.0,0.075,1,1,1,FINALIZED_WITHIN_C2_LIMIT,0.037393,2.126
2311,40000.0,0.4338,greedy,ZYZZYVA,8.0,1.0,0.075,1,1,1,FINALIZED_WITHIN_C2_LIMIT,0.05977,2.011
2312,40000.0,0.4336,greedy,ZYZZYVA,8.0,1.0,0.075,1,1,1,FINALIZED_WITHIN_C2_LIMIT,0.101802,2.139
2313,40000.0,0.4333,greedy,ZYZZYVA,8.0,1.0,0.0633,1,1,1,FINALIZED_WITHIN_C2_LIMIT,0.036686,2.363
2314,40000.0,0.4331,greedy,ZYZZYVA,8.0,1.0,0.0633,1,1,1,FINALIZED_WITHIN_C2_LIMIT,0.248124,2.066
2315,40000.0,0.4328,greedy,ZYZZYVA,8.0,1.0,0.0633,1,1,1,FINALIZED_WITHIN_C2_LIMIT,0.337771,1.874
2316,40000.0,0.4326,greedy,ZYZZYVA,8.0,1.0,0.0633,1,1,1,FINALIZED_WITHIN_C2_LIMIT,0.06469,2.189
2317,4000.0,0.4323,explore,PBFT,0.8,1.0,0.0668,1,1,1,FINALIZED_WITHIN_C2_LIMIT,0.396954,0.724
2318,40000.0,0.4321,greedy,ZYZZYVA,8.0,1.0,0.075,1,1,1,FINALIZED_WITHIN_C2_LIMIT,0.825394,2.717
2319,23000.0,0.4318,explore,ZYZZYVA,4.6,1.0,0.0694,1,1,1,FINALIZED_WITHIN_C2_LIMIT,0.535747,1.465
2320,40000.0,0.4316,greedy,ZYZZYVA,8.0,1.0,0.075,1,1,1,FINALIZED_WITHIN_C2_LIMIT,0.048639,2.326
2321,40000.0,0.4314,greedy,ZYZZYVA,8.0,1.0,0.075,1,1,1,FINALIZED_WITHIN_C2_LIMIT,0.721384,2.612
2322,40000.0,0.4311,greedy,ZYZZYVA,8.0,1.0,0.075,1,1,1,FINALIZED_WITHIN_C2_LIMIT,1.618147,2.719
2323,5000.0,0.4309,explore,LIU_QUORUM,1.0,1.0,0.1582,1,1,1,FINALIZED_WITHIN_C2_LIMIT,1.63607,0.645
2324,19000.0,0.4306,explore,LIU_QUORUM,3.8,1.0,0.0779,1,1,1,FINALIZED_WITHIN_C2_LIMIT,0.641633,1.482
2325,17000.0,0.4304,explore,LIU_QUORUM,3.4,1.0,0.0278,1,1,1,FINALIZED_WITHIN_C2_LIMIT,0.085611,1.229
2326,40000.0,0.4301,greedy,ZYZZYVA,8.0,1.0,0.075,1,1,1,FINALIZED_WITHIN_C2_LIMIT,0.154303,2.247
2327,40000.0,0.4299,greedy,ZYZZYVA,8.0,1.0,0.075,1,1,1,FINALIZED_WITHIN_C2_LIMIT,0.11365,1.977
2328,40000.0,0.4296,greedy,ZYZZYVA,8.0,1.0,0.0729,1,1,1,FINALIZED_WITHIN_C2_LIMIT,0.128535,2.133
2329,40000.0,0.4294,greedy,ZYZZYVA,8.0,1.0,0.0729,1,1,1,FINALIZED_WITHIN_C2_LIMIT,0.219089,1.991
2330,37000.0,0.4292,explore,ZYZZYVA,7.4,1.0,0.0758,1,1,1,FINALIZED_WITHIN_C2_LIMIT,0.0721,1.75
2331,40000.0,0.4289,greedy,ZYZZYVA,8.0,1.0,0.0729,1,1,1,FINALIZED_WITHIN_C2_LIMIT,0.406634,2.065
2332,40000.0,0.4287,greedy,ZYZZYVA,8.0,1.0,0.0729,1,1,1,FINALIZED_WITHIN_C2_LIMIT,0.824847,2.105
2333,15000.0,0.4284,explore,LIU_QUORUM,3.0,1.0,0.0881,1,1,1,FINALIZED_WITHIN_C2_LIMIT,0.495898,0.968
2334,40000.0,0.4282,greedy,ZYZZYVA,8.0,1.0,0.0729,1,1,1,FINALIZED_WITHIN_C2_LIMIT,0.070067,1.903
2335,40000.0,0.4279,greedy,ZYZZYVA,8.0,1.0,0.0643,1,1,1,FINALIZED_WITHIN_C2_LIMIT,0.758274,1.929
2336,40000.0,0.4277,greedy,ZYZZYVA,8.0,1.0,0.0643,1,1,1,FINALIZED_WITHIN_C2_LIMIT,1.57117,2.195
2337,32000.0,0.4274,explore,ZYZZYVA,6.4,1.0,0.0683,1,1,1,FINALIZED_WITHIN_C2_LIMIT,1.447771,1.566
2338,40000.0,0.4272,greedy,ZYZZYVA,8.0,1.0,0.0758,1,1,1,FINALIZED_WITHIN_C2_LIMIT,0.603667,2.133
2339,40000.0,0.4269,greedy,ZYZZYVA,8.0,1.0,0.0729,1,1,1,FINALIZED_WITHIN_C2_LIMIT,0.0527,1.83
2340,40000.0,0.4267,greedy,ZYZZYVA,8.0,1.0,0.075,1,1,1,FINALIZED_WITHIN_C2_LIMIT,0.354543,1.956
2341,35000.0,0.4265,explore,PBFT,7.0,1.0,0.1284,1,1,1,FINALIZED_WITHIN_C2_LIMIT,0.228494,1.663
2342,40000.0,0.4262,explore,ZYZZYVA,8.0,1.0,0.0609,1,1,1,FINALIZED_WITHIN_C2_LIMIT,0.101628,2.216
2343,40000.0,0.426,greedy,ZYZZYVA,8.0,1.0,0.075,1,1,1,FINALIZED_WITHIN_C2_LIMIT,0.160777,2.02
2344,0.0,0.4257,explore,ZYZZYVA,1.4,1.0,0.2536,0,1,1,FINALIZED_WITHIN_C2_LIMIT,0.042338,0.701
2345,3000.0,0.4255,explore,LIU_QUORUM,0.6,1.0,0.1085,1,1,1,FINALIZED_WITHIN_C2_LIMIT,0.397141,0.615
2346,40000.0,0.4252,greedy,ZYZZYVA,8.0,1.0,0.075,1,1,1,FINALIZED_WITHIN_C2_LIMIT,0.728771,2.691
2347,40000.0,0.425,greedy,ZYZZYVA,8.0,1.0,0.075,1,1,1,FINALIZED_WITHIN_C2_LIMIT,0.441556,2.158
2348,36000.0,0.4247,explore,PBFT,7.2,1.0,0.0739,1,1,1,FINALIZED_WITHIN_C2_LIMIT,0.055689,2.012
2349,40000.0,0.4245,greedy,ZYZZYVA,8.0,1.0,0.075,1,1,1,FINALIZED_WITHIN_C2_LIMIT,0.12558,2.115
2350,40000.0,0.4243,greedy,ZYZZYVA,8.0,1.0,0.075,1,1,1,FINALIZED_WITHIN_C2_LIMIT,0.070372,2.188
2351,35000.0,0.424,explore,LIU_QUORUM,7.0,1.0,0.1982,1,1,1,FINALIZED_WITHIN_C2_LIMIT,0.364905,2.006
2352,40000.0,0.4238,greedy,ZYZZYVA,8.0,1.0,0.075,1,1,1,FINALIZED_WITHIN_C2_LIMIT,0.613252,2.26
2353,19000.0,0.4235,explore,LIU_QUORUM,3.8,1.0,0.0311,1,1,1,FINALIZED_WITHIN_C2_LIMIT,0.310923,1.004
2354,1000.0,0.4233,explore,LIU_QUORUM,0.2,1.0,0.0679,1,1,1,FINALIZED_WITHIN_C2_LIMIT,0.110778,0.506
2355,40000.0,0.423,greedy,ZYZZYVA,8.0,1.0,0.0624,1,1,1,FINALIZED_WITHIN_C2_LIMIT,0.222061,2.636
2356,40000.0,0.4228,greedy,ZYZZYVA,8.0,1.0,0.075,1,1,1,FINALIZED_WITHIN_C2_LIMIT,0.098637,2.265
2357,40000.0,0.4225,greedy,ZYZZYVA,8.0,1.0,0.075,1,1,1,FINALIZED_WITHIN_C2_LIMIT,0.240675,2.554
2358,0.0,0.4223,explore,PBFT,5.6,1.0,0.2251,0,1,1,FINALIZED_WITHIN_C2_LIMIT,0.420328,1.918
2359,40000.0,0.422,greedy,ZYZZYVA,8.0,1.0,0.075,1,1,1,FINALIZED_WITHIN_C2_LIMIT,0.115231,2.291
2360,31000.0,0.4218,explore,ZYZZYVA,6.2,1.0,0.1982,1,1,1,FINALIZED_WITHIN_C2_LIMIT,0.158466,1.79
2361,40000.0,0.4216,greedy,ZYZZYVA,8.0,1.0,0.075,1,1,1,FINALIZED_WITHIN_C2_LIMIT,0.27161,2.152
2362,40000.0,0.4213,greedy,ZYZZYVA,8.0,1.0,0.075,1,1,1,FINALIZED_WITHIN_C2_LIMIT,0.154929,2.039
2363,40000.0,0.4211,greedy,ZYZZYVA,8.0,1.0,0.075,1,1,1,FINALIZED_WITHIN_C2_LIMIT,0.193003,2.146
2364,34000.0,0.4208,explore,ZYZZYVA,6.8,1.0,0.067,1,1,1,FINALIZED_WITHIN_C2_LIMIT,0.401663,2.031
2365,40000.0,0.4206,greedy,ZYZZYVA,8.0,1.0,0.075,1,1,1,FINALIZED_WITHIN_C2_LIMIT,0.13889,2.341
2366,40000.0,0.4203,greedy,ZYZZYVA,8.0,1.0,0.075,1,1,1,FINALIZED_WITHIN_C2_LIMIT,0.151564,2.222
2367,15000.0,0.4201,explore,ZYZZYVA,3.0,1.0,0.1723,1,1,1,FINALIZED_WITHIN_C2_LIMIT,0.262708,1.095
2368,40000.0,0.4198,greedy,ZYZZYVA,8.0,1.0,0.075,1,1,1,FINALIZED_WITHIN_C2_LIMIT,0.101946,2.32
2369,40000.0,0.4196,greedy,ZYZZYVA,8.0,1.0,0.075,1,1,1,FINALIZED_WITHIN_C2_LIMIT,0.233298,2.523
2370,1000.0,0.4194,explore,LIU_QUORUM,0.2,1.0,0.1368,1,1,1,FINALIZED_WITHIN_C2_LIMIT,0.48436,0.303
2371,40000.0,0.4191,greedy,ZYZZYVA,8.0,1.0,0.075,1,1,1,FINALIZED_WITHIN_C2_LIMIT,0.26345,2.321
2372,40000.0,0.4189,greedy,ZYZZYVA,8.0,1.0,0.075,1,1,1,FINALIZED_WITHIN_C2_LIMIT,0.155286,2.015
2373,40000.0,0.4186,greedy,ZYZZYVA,8.0,1.0,0.075,1,1,1,FINALIZED_WITHIN_C2_LIMIT,0.208635,2.486
2374,3000.0,0.4184,explore,ZYZZYVA,0.6,1.0,0.0881,1,1,1,FINALIZED_WITHIN_C2_LIMIT,0.053407,0.642
2375,40000.0,0.4181,greedy,ZYZZYVA,8.0,1.0,0.075,1,1,1,FINALIZED_WITHIN_C2_LIMIT,0.334057,2.391
2376,28000.0,0.4179,explore,ZYZZYVA,5.6,1.0,0.072,1,1,1,FINALIZED_WITHIN_C2_LIMIT,0.586804,1.673
2377,11000.0,0.4176,explore,ZYZZYVA,2.2,1.0,0.0298,1,1,1,FINALIZED_WITHIN_C2_LIMIT,0.139187,0.862
2378,33000.0,0.4174,explore,ZYZZYVA,6.6,1.0,0.0506,1,1,1,FINALIZED_WITHIN_C2_LIMIT,0.293065,1.818
2379,40000.0,0.4171,greedy,ZYZZYVA,8.0,1.0,0.0412,1,1,1,FINALIZED_WITHIN_C2_LIMIT,0.554294,2.08
2380,40000.0,0.4169,greedy,ZYZZYVA,8.0,1.0,0.0412,1,1,1,FINALIZED_WITHIN_C2_LIMIT,0.233755,2.428
2381,17000.0,0.4167,explore,LIU_QUORUM,3.4,1.0,0.0315,1,1,1,FINALIZED_WITHIN_C2_LIMIT,0.108075,1.04
2382,40000.0,0.4164,greedy,ZYZZYVA,8.0,1.0,0.0412,1,1,1,FINALIZED_WITHIN_C2_LIMIT,0.349927,2.372
2383,12000.0,0.4162,explore,PBFT,2.4,1.0,0.19,1,1,1,FINALIZED_WITHIN_C2_LIMIT,0.102088,0.919
2384,38000.0,0.4159,explore,ZYZZYVA,7.6,1.0,0.0702,1,1,1,FINALIZED_WITHIN_C2_LIMIT,0.370812,1.831
2385,37000.0,0.4157,explore,ZYZZYVA,7.4,1.0,0.0683,1,1,1,FINALIZED_WITHIN_C2_LIMIT,0.54944,1.76
2386,40000.0,0.4154,greedy,ZYZZYVA,8.0,1.0,0.0412,1,1,1,FINALIZED_WITHIN_C2_LIMIT,0.240478,1.911
2387,40000.0,0.4152,greedy,ZYZZYVA,8.0,1.0,0.0412,1,1,1,FINALIZED_WITHIN_C2_LIMIT,0.128994,2.162
2388,40000.0,0.4149,greedy,ZYZZYVA,8.0,1.0,0.0412,1,1,1,FINALIZED_WITHIN_C2_LIMIT,0.205465,1.976
2389,40000.0,0.4147,greedy,ZYZZYVA,8.0,1.0,0.0412,1,1,1,FINALIZED_WITHIN_C2_LIMIT,0.077938,2.02
2390,18000.0,0.4144,explore,LIU_QUORUM,3.6,1.0,0.0702,1,1,1,FINALIZED_WITHIN_C2_LIMIT,0.408855,1.222
2391,40000.0,0.4142,greedy,ZYZZYVA,8.0,1.0,0.0412,1,1,1,FINALIZED_WITHIN_C2_LIMIT,0.591015,2.483
2392,40000.0,0.414,greedy,ZYZZYVA,8.0,1.0,0.0501,1,1,1,FINALIZED_WITHIN_C2_LIMIT,0.306795,2.039
2393,34000.0,0.4137,explore,ZYZZYVA,6.8,1.0,0.1582,1,1,1,FINALIZED_WITHIN_C2_LIMIT,0.057805,1.777
2394,40000.0,0.4135,greedy,ZYZZYVA,8.0,1.0,0.0501,1,1,1,FINALIZED_WITHIN_C2_LIMIT,0.173707,1.965
2395,40000.0,0.4132,greedy,ZYZZYVA,8.0,1.0,0.0501,1,1,1,FINALIZED_WITHIN_C2_LIMIT,0.049374,1.949
2396,40000.0,0.413,greedy,ZYZZYVA,8.0,1.0,0.0501,1,1,1,FINALIZED_WITHIN_C2_LIMIT,0.392326,2.012
2397,40000.0,0.4127,greedy,ZYZZYVA,8.0,1.0,0.0501,1,1,1,FINALIZED_WITHIN_C2_LIMIT,0.633572,2.036
2398,40000.0,0.4125,greedy,ZYZZYVA,8.0,1.0,0.0501,1,1,1,FINALIZED_WITHIN_C2_LIMIT,0.273453,1.969
2399,9000.0,0.4122,explore,PBFT,1.8,1.0,0.0697,1,1,1,FINALIZED_WITHIN_C2_LIMIT,0.194293,0.823
2400,40000.0,0.412,greedy,ZYZZYVA,8.0,1.0,0.0501,1,1,1,FINALIZED_WITHIN_C2_LIMIT,0.567646,2.335
2401,22000.0,0.4118,explore,LIU_QUORUM,4.4,1.0,0.1085,1,1,1,FINALIZED_WITHIN_C2_LIMIT,1.474326,1.581
2402,26000.0,0.4115,explore,PBFT,5.2,1.0,0.0787,1,1,1,FINALIZED_WITHIN_C2_LIMIT,1.223472,1.582
2403,0.0,0.4113,explore,LIU_QUORUM,3.6,1.0,0.2355,0,1,1,FINALIZED_WITHIN_C2_LIMIT,0.471546,1.086
2404,40000.0,0.411,greedy,ZYZZYVA,8.0,1.0,0.0663,1,1,1,FINALIZED_WITHIN_C2_LIMIT,0.082647,2.216
2405,14000.0,0.4108,explore,PBFT,2.8,1.0,0.0702,1,1,1,FINALIZED_WITHIN_C2_LIMIT,0.347003,1.033
2406,40000.0,0.4105,greedy,ZYZZYVA,8.0,1.0,0.0663,1,1,1,FINALIZED_WITHIN_C2_LIMIT,0.185862,2.211
2407,40000.0,0.4103,greedy,ZYZZYVA,8.0,1.0,0.0783,1,1,1,FINALIZED_WITHIN_C2_LIMIT,0.080685,2.032
2408,40000.0,0.41,greedy,ZYZZYVA,8.0,1.0,0.0783,1,1,1,FINALIZED_WITHIN_C2_LIMIT,0.079256,2.345
2409,40000.0,0.4098,greedy,ZYZZYVA,8.0,1.0,0.0783,1,1,1,FINALIZED_WITHIN_C2_LIMIT,0.084457,2.066
2410,3000.0,0.4095,explore,PBFT,0.6,1.0,0.1416,1,1,1,FINALIZED_WITHIN_C2_LIMIT,0.042954,0.586
2411,4000.0,0.4093,explore,ZYZZYVA,0.8,1.0,0.0686,1,1,1,FINALIZED_WITHIN_C2_LIMIT,0.255472,0.605
2412,3000.0,0.4091,explore,PBFT,0.6,1.0,0.068,1,1,1,FINALIZED_WITHIN_C2_LIMIT,0.399672,0.4
2413,40000.0,0.4088,greedy,ZYZZYVA,8.0,1.0,0.0783,1,1,1,FINALIZED_WITHIN_C2_LIMIT,0.051087,2.308
2414,40000.0,0.4086,greedy,ZYZZYVA,8.0,1.0,0.0663,1,1,1,FINALIZED_WITHIN_C2_LIMIT,0.432207,2.184
2415,38000.0,0.4083,explore,LIU_QUORUM,7.6,1.0,0.0685,1,1,1,FINALIZED_WITHIN_C2_LIMIT,0.89511,1.647
2416,15000.0,0.4081,explore,PBFT,3.0,1.0,0.0671,1,1,1,FINALIZED_WITHIN_C2_LIMIT,0.516931,0.916
2417,40000.0,0.4078,greedy,ZYZZYVA,8.0,1.0,0.0584,1,1,1,FINALIZED_WITHIN_C2_LIMIT,0.068763,2.097
2418,40000.0,0.4076,greedy,ZYZZYVA,8.0,1.0,0.0584,1,1,1,FINALIZED_WITHIN_C2_LIMIT,1.126146,2.017
2419,40000.0,0.4073,greedy,ZYZZYVA,8.0,1.0,0.0457,1,1,1,FINALIZED_WITHIN_C2_LIMIT,2.287909,1.908
2420,40000.0,0.4071,greedy,ZYZZYVA,8.0,1.0,0.0584,1,1,1,FINALIZED_WITHIN_C2_LIMIT,1.905851,2.158
2421,40000.0,0.4069,greedy,ZYZZYVA,8.0,1.0,0.0584,1,1,1,FINALIZED_WITHIN_C2_LIMIT,0.840558,2.388
2422,6000.0,0.4066,explore,ZYZZYVA,1.2,1.0,0.0686,1,1,1,FINALIZED_WITHIN_C2_LIMIT,0.074026,0.729
2423,40000.0,0.4064,greedy,ZYZZYVA,8.0,1.0,0.0704,1,1,1,FINALIZED_WITHIN_C2_LIMIT,0.191499,2.58
2424,40000.0,0.4061,greedy,ZYZZYVA,8.0,1.0,0.0783,1,1,1,FINALIZED_WITHIN_C2_LIMIT,0.098177,2.297
2425,39000.0,0.4059,explore,LIU_QUORUM,7.8,1.0,0.0291,1,1,1,FINALIZED_WITHIN_C2_LIMIT,0.123955,2.014
2426,40000.0,0.4056,greedy,ZYZZYVA,8.0,1.0,0.0783,1,1,1,FINALIZED_WITHIN_C2_LIMIT,0.168458,2.246
2427,40000.0,0.4054,greedy,ZYZZYVA,8.0,1.0,0.0783,1,1,1,FINALIZED_WITHIN_C2_LIMIT,0.034273,1.896
2428,17000.0,0.4051,explore,LIU_QUORUM,3.4,1.0,0.0453,1,1,1,FINALIZED_WITHIN_C2_LIMIT,0.100978,1.012
2429,0.0,0.4049,explore,ZYZZYVA,5.2,1.0,0.2811,0,1,1,FINALIZED_WITHIN_C2_LIMIT,0.044436,1.314
2430,40000.0,0.4046,greedy,ZYZZYVA,8.0,1.0,0.0783,1,1,1,FINALIZED_WITHIN_C2_LIMIT,0.039633,2.202
2431,40000.0,0.4044,greedy,ZYZZYVA,8.0,1.0,0.0783,1,1,1,FINALIZED_WITHIN_C2_LIMIT,0.092245,2.134
2432,32000.0,0.4042,explore,PBFT,6.4,1.0,0.1208,1,1,1,FINALIZED_WITHIN_C2_LIMIT,0.032564,1.67
2433,40000.0,0.4039,greedy,ZYZZYVA,8.0,1.0,0.0783,1,1,1,FINALIZED_WITHIN_C2_LIMIT,0.067266,2.121
2434,40000.0,0.4037,greedy,ZYZZYVA,8.0,1.0,0.0783,1,1,1,FINALIZED_WITHIN_C2_LIMIT,0.06667,1.995
2435,10000.0,0.4034,explore,LIU_QUORUM,2.0,1.0,0.0758,1,1,1,FINALIZED_WITHIN_C2_LIMIT,0.083487,0.798
2436,40000.0,0.4032,greedy,ZYZZYVA,8.0,1.0,0.0783,1,1,1,FINALIZED_WITHIN_C2_LIMIT,0.032026,1.898
2437,23000.0,0.4029,explore,PBFT,4.6,1.0,0.0686,1,1,1,FINALIZED_WITHIN_C2_LIMIT,0.077064,1.464
2438,40000.0,0.4027,greedy,ZYZZYVA,8.0,1.0,0.0783,1,1,1,FINALIZED_WITHIN_C2_LIMIT,0.083064,2.018
2439,40000.0,0.4024,explore,PBFT,8.0,1.0,0.1284,1,1,1,FINALIZED_WITHIN_C2_LIMIT,0.069671,2.042
2440,40000.0,0.4022,greedy,ZYZZYVA,8.0,1.0,0.0783,1,1,1,FINALIZED_WITHIN_C2_LIMIT,0.092214,2.1
2441,1000.0,0.402,explore,PBFT,0.2,1.0,0.0312,1,1,1,FINALIZED_WITHIN_C2_LIMIT,0.06076,0.569
2442,40000.0,0.4017,greedy,ZYZZYVA,8.0,1.0,0.0783,1,1,1,FINALIZED_WITHIN_C2_LIMIT,0.035503,2.241
2443,40000.0,0.4015,greedy,ZYZZYVA,8.0,1.0,0.0783,1,1,1,FINALIZED_WITHIN_C2_LIMIT,0.08711,2.345
2444,40000.0,0.4012,greedy,ZYZZYVA,8.0,1.0,0.0783,1,1,1,FINALIZED_WITHIN_C2_LIMIT,0.048499,2.532
2445,40000.0,0.401,greedy,ZYZZYVA,8.0,1.0,0.0669,1,1,1,FINALIZED_WITHIN_C2_LIMIT,0.120023,2.064
2446,40000.0,0.4007,greedy,ZYZZYVA,8.0,1.0,0.0669,1,1,1,FINALIZED_WITHIN_C2_LIMIT,0.018472,2.197
2447,40000.0,0.4005,greedy,ZYZZYVA,8.0,1.0,0.0669,1,1,1,FINALIZED_WITHIN_C2_LIMIT,0.143991,2.253
2448,38000.0,0.4002,explore,LIU_QUORUM,7.6,1.0,0.0708,1,1,1,FINALIZED_WITHIN_C2_LIMIT,0.058874,2.015
2449,12000.0,0.4,explore,LIU_QUORUM,2.4,1.0,0.072,1,1,1,FINALIZED_WITHIN_C2_LIMIT,0.3249,0.824
2450,40000.0,0.3997,greedy,ZYZZYVA,8.0,1.0,0.0584,1,1,1,FINALIZED_WITHIN_C2_LIMIT,0.405981,1.933
2451,40000.0,0.3995,greedy,ZYZZYVA,8.0,1.0,0.0457,1,1,1,FINALIZED_WITHIN_C2_LIMIT,0.093885,2.012
2452,40000.0,0.3993,greedy,ZYZZYVA,8.0,1.0,0.066,1,1,1,FINALIZED_WITHIN_C2_LIMIT,0.325126,1.881
2453,5000.0,0.399,explore,ZYZZYVA,1.0,1.0,0.0689,1,1,1,FINALIZED_WITHIN_C2_LIMIT,0.644361,0.614
2454,11000.0,0.3988,explore,LIU_QUORUM,2.2,1.0,0.03,1,1,1,FINALIZED_WITHIN_C2_LIMIT,0.280113,0.8
2455,40000.0,0.3985,greedy,ZYZZYVA,8.0,1.0,0.0584,1,1,1,FINALIZED_WITHIN_C2_LIMIT,0.104342,2.074
2456,17000.0,0.3983,explore,ZYZZYVA,3.4,1.0,0.0362,1,1,1,FINALIZED_WITHIN_C2_LIMIT,0.184942,1.053
2457,40000.0,0.398,greedy,ZYZZYVA,8.0,1.0,0.0584,1,1,1,FINALIZED_WITHIN_C2_LIMIT,0.086516,2.221
2458,40000.0,0.3978,greedy,ZYZZYVA,8.0,1.0,0.0584,1,1,1,FINALIZED_WITHIN_C2_LIMIT,0.48918,2.221
2459,1000.0,0.3975,explore,LIU_QUORUM,0.2,1.0,0.0308,1,1,1,FINALIZED_WITHIN_C2_LIMIT,0.840639,0.311
2460,40000.0,0.3973,greedy,ZYZZYVA,8.0,1.0,0.0584,1,1,1,FINALIZED_WITHIN_C2_LIMIT,0.454996,2.721
2461,40000.0,0.3971,greedy,ZYZZYVA,8.0,1.0,0.0584,1,1,1,FINALIZED_WITHIN_C2_LIMIT,0.052832,2.22
2462,15000.0,0.3968,explore,LIU_QUORUM,3.0,1.0,0.0694,1,1,1,FINALIZED_WITHIN_C2_LIMIT,0.123355,0.986
2463,40000.0,0.3966,greedy,ZYZZYVA,8.0,1.0,0.0663,1,1,1,FINALIZED_WITHIN_C2_LIMIT,0.057736,2.084
2464,34000.0,0.3963,explore,ZYZZYVA,6.8,1.0,0.0315,1,1,1,FINALIZED_WITHIN_C2_LIMIT,0.063103,1.602
2465,40000.0,0.3961,greedy,ZYZZYVA,8.0,1.0,0.0663,1,1,1,FINALIZED_WITHIN_C2_LIMIT,0.0358,2.101
2466,40000.0,0.3958,greedy,ZYZZYVA,8.0,1.0,0.0663,1,1,1,FINALIZED_WITHIN_C2_LIMIT,0.054143,1.982
2467,40000.0,0.3956,greedy,ZYZZYVA,8.0,1.0,0.0704,1,1,1,FINALIZED_WITHIN_C2_LIMIT,0.1233,1.981
2468,21000.0,0.3953,explore,PBFT,4.2,1.0,0.0291,1,1,1,FINALIZED_WITHIN_C2_LIMIT,0.070068,1.201
2469,40000.0,0.3951,greedy,ZYZZYVA,8.0,1.0,0.0704,1,1,1,FINALIZED_WITHIN_C2_LIMIT,0.430814,2.004
2470,40000.0,0.3948,greedy,ZYZZYVA,8.0,1.0,0.0663,1,1,1,FINALIZED_WITHIN_C2_LIMIT,0.53996,2.096
2471,40000.0,0.3946,greedy,ZYZZYVA,8.0,1.0,0.0663,1,1,1,FINALIZED_WITHIN_C2_LIMIT,0.249737,2.125
2472,14000.0,0.3944,explore,ZYZZYVA,2.8,1.0,0.1208,1,1,1,FINALIZED_WITHIN_C2_LIMIT,0.183431,1.001
2473,40000.0,0.3941,greedy,ZYZZYVA,8.0,1.0,0.0704,1,1,1,FINALIZED_WITHIN_C2_LIMIT,0.367926,2.293
2474,40000.0,0.3939,greedy,ZYZZYVA,8.0,1.0,0.0704,1,1,1,FINALIZED_WITHIN_C2_LIMIT,0.192889,2.07
2475,28000.0,0.3936,explore,PBFT,5.6,1.0,0.0702,1,1,1,FINALIZED_WITHIN_C2_LIMIT,0.152681,1.764
2476,40000.0,0.3934,greedy,ZYZZYVA,8.0,1.0,0.0783,1,1,1,FINALIZED_WITHIN_C2_LIMIT,0.296222,2.009
2477,20000.0,0.3931,explore,LIU_QUORUM,4.0,1.0,0.0278,1,1,1,FINALIZED_WITHIN_C2_LIMIT,0.05218,1.173
2478,0.0,0.3929,explore,LIU_QUORUM,0.8,1.0,0.2536,0,1,1,FINALIZED_WITHIN_C2_LIMIT,0.303755,0.596
2479,38000.0,0.3926,explore,LIU_QUORUM,7.6,1.0,0.0933,1,1,1,FINALIZED_WITHIN_C2_LIMIT,0.643535,1.942
2480,40000.0,0.3924,greedy,ZYZZYVA,8.0,1.0,0.0783,1,1,1,FINALIZED_WITHIN_C2_LIMIT,0.278829,2.149
2481,22000.0,0.3922,explore,PBFT,4.4,1.0,0.0779,1,1,1,FINALIZED_WITHIN_C2_LIMIT,0.069212,1.206
2482,40000.0,0.3919,greedy,ZYZZYVA,8.0,1.0,0.0783,1,1,1,FINALIZED_WITHIN_C2_LIMIT,0.136476,1.904
2483,40000.0,0.3917,greedy,ZYZZYVA,8.0,1.0,0.0783,1,1,1,FINALIZED_WITHIN_C2_LIMIT,0.047517,1.849
2484,40000.0,0.3914,greedy,ZYZZYVA,8.0,1.0,0.0783,1,1,1,FINALIZED_WITHIN_C2_LIMIT,0.080683,1.835
2485,40000.0,0.3912,greedy,ZYZZYVA,8.0,1.0,0.0783,1,1,1,FINALIZED_WITHIN_C2_LIMIT,0.031127,2.006
2486,40000.0,0.3909,greedy,ZYZZYVA,8.0,1.0,0.0783,1,1,1,FINALIZED_WITHIN_C2_LIMIT,0.057487,1.984
2487,3000.0,0.3907,explore,PBFT,0.6,1.0,0.0311,1,1,1,FINALIZED_WITHIN_C2_LIMIT,0.188975,0.604
2488,8000.0,0.3904,explore,LIU_QUORUM,1.6,1.0,0.0779,1,1,1,FINALIZED_WITHIN_C2_LIMIT,0.122423,0.693
2489,40000.0,0.3902,greedy,ZYZZYVA,8.0,1.0,0.0783,1,1,1,FINALIZED_WITHIN_C2_LIMIT,0.090012,2.159
2490,17000.0,0.3899,explore,LIU_QUORUM,3.4,1.0,0.0694,1,1,1,FINALIZED_WITHIN_C2_LIMIT,0.071042,0.99
2491,24000.0,0.3897,explore,PBFT,4.8,1.0,0.1982,1,1,1,FINALIZED_WITHIN_C2_LIMIT,0.091646,1.269
2492,40000.0,0.3895,greedy,ZYZZYVA,8.0,1.0,0.0779,1,1,1,FINALIZED_WITHIN_C2_LIMIT,0.056917,1.968
2493,12000.0,0.3892,explore,ZYZZYVA,2.4,1.0,0.0685,1,1,1,FINALIZED_WITHIN_C2_LIMIT,0.128298,0.811
2494,40000.0,0.389,greedy,ZYZZYVA,8.0,1.0,0.0783,1,1,1,FINALIZED_WITHIN_C2_LIMIT,0.234492,2.189
2495,40000.0,0.3887,greedy,ZYZZYVA,8.0,1.0,0.0783,1,1,1,FINALIZED_WITHIN_C2_LIMIT,0.041047,2.21
2496,40000.0,0.3885,greedy,ZYZZYVA,8.0,1.0,0.0783,1,1,1,FINALIZED_WITHIN_C2_LIMIT,0.037156,2.13
2497,39000.0,0.3882,explore,LIU_QUORUM,7.8,1.0,0.0671,1,1,1,FINALIZED_WITHIN_C2_LIMIT,0.279015,1.934
2498,25000.0,0.388,explore,LIU_QUORUM,5.0,1.0,0.0288,1,1,1,FINALIZED_WITHIN_C2_LIMIT,0.306863,1.439
2499,40000.0,0.3877,greedy,ZYZZYVA,8.0,1.0,0.0783,1,1,1,FINALIZED_WITHIN_C2_LIMIT,0.157683,2.238
2500,30000.0,0.3875,explore,PBFT,6.0,1.0,0.1368,1,1,1,FINALIZED_WITHIN_C2_LIMIT,0.117457,1.915
2501,40000.0,0.3873,greedy,PBFT,8.0,1.0,0.0783,1,1,1,FINALIZED_WITHIN_C2_LIMIT,0.080287,2.55
2502,14000.0,0.387,explore,PBFT,2.8,1.0,0.0609,1,1,1,FINALIZED_WITHIN_C2_LIMIT,0.111107,0.946
2503,40000.0,0.3868,greedy,PBFT,8.0,1.0,0.0779,1,1,1,FINALIZED_WITHIN_C2_LIMIT,0.164607,2.466
2504,4000.0,0.3865,explore,PBFT,0.8,1.0,0.0308,1,1,1,FINALIZED_WITHIN_C2_LIMIT,0.14284,0.648
2505,26000.0,0.3863,explore,PBFT,5.2,1.0,0.0697,1,1,1,FINALIZED_WITHIN_C2_LIMIT,0.135153,1.48
2506,40000.0,0.386,greedy,PBFT,8.0,1.0,0.0783,1,1,1,FINALIZED_WITHIN_C2_LIMIT,0.093986,2.242
2507,30000.0,0.3858,explore,LIU_QUORUM,6.0,1.0,0.0669,1,1,1,FINALIZED_WITHIN_C2_LIMIT,0.14299,1.735
2508,40000.0,0.3855,greedy,PBFT,8.0,1.0,0.0779,1,1,1,FINALIZED_WITHIN_C2_LIMIT,0.111747,2.093
2509,32000.0,0.3853,explore,PBFT,6.4,1.0,0.0651,1,1,1,FINALIZED_WITHIN_C2_LIMIT,0.099826,1.528
2510,40000.0,0.3851,greedy,PBFT,8.0,1.0,0.0779,1,1,1,FINALIZED_WITHIN_C2_LIMIT,0.100739,2.211
2511,40000.0,0.3848,greedy,PBFT,8.0,1.0,0.0779,1,1,1,FINALIZED_WITHIN_C2_LIMIT,0.169868,2.021
2512,40000.0,0.3846,greedy,PBFT,8.0,1.0,0.0779,1,1,1,FINALIZED_WITHIN_C2_LIMIT,0.153371,2.534
2513,40000.0,0.3843,greedy,PBFT,8.0,1.0,0.0779,1,1,1,FINALIZED_WITHIN_C2_LIMIT,0.071331,1.952
2514,40000.0,0.3841,greedy,ZYZZYVA,8.0,1.0,0.0779,1,1,1,FINALIZED_WITHIN_C2_LIMIT,0.056343,2.255
2515,5000.0,0.3838,explore,LIU_QUORUM,1.0,1.0,0.0683,1,1,1,FINALIZED_WITHIN_C2_LIMIT,0.170564,0.631
2516,40000.0,0.3836,greedy,ZYZZYVA,8.0,1.0,0.0665,1,1,1,FINALIZED_WITHIN_C2_LIMIT,0.196488,2.32
2517,26000.0,0.3833,explore,PBFT,5.2,1.0,0.1208,1,1,1,FINALIZED_WITHIN_C2_LIMIT,0.056032,1.457
2518,40000.0,0.3831,greedy,ZYZZYVA,8.0,1.0,0.0779,1,1,1,FINALIZED_WITHIN_C2_LIMIT,0.048966,2.366
2519,40000.0,0.3828,greedy,ZYZZYVA,8.0,1.0,0.0665,1,1,1,FINALIZED_WITHIN_C2_LIMIT,0.296468,2.316
2520,40000.0,0.3826,greedy,ZYZZYVA,8.0,1.0,0.0665,1,1,1,FINALIZED_WITHIN_C2_LIMIT,0.258721,2.325
2521,40000.0,0.3824,greedy,ZYZZYVA,8.0,1.0,0.0779,1,1,1,FINALIZED_WITHIN_C2_LIMIT,0.056502,2.205
2522,11000.0,0.3821,explore,PBFT,2.2,1.0,0.0739,1,1,1,FINALIZED_WITHIN_C2_LIMIT,0.028944,0.879
2523,11000.0,0.3819,explore,ZYZZYVA,2.2,1.0,0.067,1,1,1,FINALIZED_WITHIN_C2_LIMIT,0.171844,0.807
2524,40000.0,0.3816,greedy,ZYZZYVA,8.0,1.0,0.0779,1,1,1,FINALIZED_WITHIN_C2_LIMIT,0.102769,2.46
2525,6000.0,0.3814,explore,ZYZZYVA,1.2,1.0,0.0299,1,1,1,FINALIZED_WITHIN_C2_LIMIT,0.111839,0.713
2526,40000.0,0.3811,greedy,ZYZZYVA,8.0,1.0,0.0665,1,1,1,FINALIZED_WITHIN_C2_LIMIT,0.119716,2.346
2527,40000.0,0.3809,greedy,ZYZZYVA,8.0,1.0,0.0665,1,1,1,FINALIZED_WITHIN_C2_LIMIT,0.091562,2.328
2528,40000.0,0.3806,greedy,ZYZZYVA,8.0,1.0,0.0665,1,1,1,FINALIZED_WITHIN_C2_LIMIT,0.045168,2.298
2529,6000.0,0.3804,explore,LIU_QUORUM,1.2,1.0,0.1001,1,1,1,FINALIZED_WITHIN_C2_LIMIT,0.22672,0.624
2530,40000.0,0.3802,greedy,ZYZZYVA,8.0,1.0,0.0663,1,1,1,FINALIZED_WITHIN_C2_LIMIT,0.214484,2.554
2531,40000.0,0.3799,greedy,ZYZZYVA,8.0,1.0,0.0779,1,1,1,FINALIZED_WITHIN_C2_LIMIT,0.037635,2.569
2532,0.0,0.3797,explore,PBFT,6.4,1.0,0.2811,0,1,1,FINALIZED_WITHIN_C2_LIMIT,0.034991,2.156
2533,31000.0,0.3794,explore,LIU_QUORUM,6.2,1.0,0.0558,1,1,1,FINALIZED_WITHIN_C2_LIMIT,0.319345,1.599
2534,4000.0,0.3792,explore,ZYZZYVA,0.8,1.0,0.072,1,1,1,FINALIZED_WITHIN_C2_LIMIT,0.214207,0.667
2535,40000.0,0.3789,greedy,ZYZZYVA,8.0,1.0,0.0779,1,1,1,FINALIZED_WITHIN_C2_LIMIT,0.123212,2.285
2536,23000.0,0.3787,explore,PBFT,4.6,1.0,0.1368,1,1,1,FINALIZED_WITHIN_C2_LIMIT,0.08816,1.366
2537,40000.0,0.3784,greedy,ZYZZYVA,8.0,1.0,0.0663,1,1,1,FINALIZED_WITHIN_C2_LIMIT,0.180311,2.585
2538,36000.0,0.3782,explore,LIU_QUORUM,7.2,1.0,0.0315,1,1,1,FINALIZED_WITHIN_C2_LIMIT,0.176068,1.776
2539,40000.0,0.3779,greedy,ZYZZYVA,8.0,1.0,0.0779,1,1,1,FINALIZED_WITHIN_C2_LIMIT,0.0546,2.049
2540,29000.0,0.3777,explore,ZYZZYVA,5.8,1.0,0.1208,1,1,1,FINALIZED_WITHIN_C2_LIMIT,0.062267,1.446
2541,40000.0,0.3775,greedy,ZYZZYVA,8.0,1.0,0.0779,1,1,1,FINALIZED_WITHIN_C2_LIMIT,0.244305,2.346
2542,40000.0,0.3772,greedy,ZYZZYVA,8.0,1.0,0.0663,1,1,1,FINALIZED_WITHIN_C2_LIMIT,0.141279,2.068
2543,40000.0,0.377,greedy,ZYZZYVA,8.0,1.0,0.0663,1,1,1,FINALIZED_WITHIN_C2_LIMIT,0.115397,2.064
2544,40000.0,0.3767,greedy,ZYZZYVA,8.0,1.0,0.0663,1,1,1,FINALIZED_WITHIN_C2_LIMIT,0.123679,1.944
2545,40000.0,0.3765,greedy,ZYZZYVA,8.0,1.0,0.0663,1,1,1,FINALIZED_WITHIN_C2_LIMIT,0.164074,2.016
2546,40000.0,0.3762,greedy,ZYZZYVA,8.0,1.0,0.0663,1,1,1,FINALIZED_WITHIN_C2_LIMIT,0.164769,2.091
2547,30000.0,0.376,explore,LIU_QUORUM,6.0,1.0,0.0933,1,1,1,FINALIZED_WITHIN_C2_LIMIT,0.089056,1.853
2548,32000.0,0.3757,explore,LIU_QUORUM,6.4,1.0,0.0315,1,1,1,FINALIZED_WITHIN_C2_LIMIT,0.037862,1.435
2549,40000.0,0.3755,greedy,ZYZZYVA,8.0,1.0,0.0663,1,1,1,FINALIZED_WITHIN_C2_LIMIT,0.168411,1.89
2550,40000.0,0.3753,greedy,ZYZZYVA,8.0,1.0,0.0663,1,1,1,FINALIZED_WITHIN_C2_LIMIT,0.145803,2.142
2551,40000.0,0.375,greedy,ZYZZYVA,8.0,1.0,0.0663,1,1,1,FINALIZED_WITHIN_C2_LIMIT,0.044254,2.075
2552,40000.0,0.3748,greedy,ZYZZYVA,8.0,1.0,0.0663,1,1,1,FINALIZED_WITHIN_C2_LIMIT,0.059179,1.909
2553,40000.0,0.3745,explore,PBFT,8.0,1.0,0.0679,1,1,1,FINALIZED_WITHIN_C2_LIMIT,0.162144,2.029
2554,40000.0,0.3743,greedy,ZYZZYVA,8.0,1.0,0.0663,1,1,1,FINALIZED_WITHIN_C2_LIMIT,0.155178,2.197
2555,36000.0,0.374,explore,LIU_QUORUM,7.2,1.0,0.1723,1,1,1,FINALIZED_WITHIN_C2_LIMIT,0.054292,2.048
2556,35000.0,0.3738,explore,PBFT,7.0,1.0,0.0299,1,1,1,FINALIZED_WITHIN_C2_LIMIT,0.101788,1.928
2557,40000.0,0.3735,greedy,ZYZZYVA,8.0,1.0,0.0663,1,1,1,FINALIZED_WITHIN_C2_LIMIT,0.177709,2.336
2558,40000.0,0.3733,greedy,ZYZZYVA,8.0,1.0,0.0663,1,1,1,FINALIZED_WITHIN_C2_LIMIT,0.120682,2.093
2559,40000.0,0.373,greedy,ZYZZYVA,8.0,1.0,0.0663,1,1,1,FINALIZED_WITHIN_C2_LIMIT,0.076737,2.106
2560,6000.0,0.3728,explore,ZYZZYVA,1.2,1.0,0.0312,1,1,1,FINALIZED_WITHIN_C2_LIMIT,0.101677,0.681
2561,40000.0,0.3726,greedy,ZYZZYVA,8.0,1.0,0.0663,1,1,1,FINALIZED_WITHIN_C2_LIMIT,0.169226,2.493
2562,4000.0,0.3723,explore,ZYZZYVA,0.8,1.0,0.0683,1,1,1,FINALIZED_WITHIN_C2_LIMIT,0.113818,0.697
2563,40000.0,0.3721,greedy,ZYZZYVA,8.0,1.0,0.0663,1,1,1,FINALIZED_WITHIN_C2_LIMIT,0.081441,2.388
2564,40000.0,0.3718,greedy,ZYZZYVA,8.0,1.0,0.0663,1,1,1,FINALIZED_WITHIN_C2_LIMIT,0.095407,2.376
2565,40000.0,0.3716,greedy,ZYZZYVA,8.0,1.0,0.0663,1,1,1,FINALIZED_WITHIN_C2_LIMIT,0.150476,2.289
2566,28000.0,0.3713,explore,PBFT,5.6,1.0,0.0715,1,1,1,FINALIZED_WITHIN_C2_LIMIT,0.142314,1.61
2567,40000.0,0.3711,greedy,ZYZZYVA,8.0,1.0,0.0663,1,1,1,FINALIZED_WITHIN_C2_LIMIT,0.069349,2.841
2568,40000.0,0.3708,greedy,ZYZZYVA,8.0,1.0,0.0543,1,1,1,FINALIZED_WITHIN_C2_LIMIT,0.048351,2.565
2569,40000.0,0.3706,greedy,ZYZZYVA,8.0,1.0,0.0543,1,1,1,FINALIZED_WITHIN_C2_LIMIT,0.144903,2.775
2570,40000.0,0.3704,greedy,ZYZZYVA,8.0,1.0,0.0543,1,1,1,FINALIZED_WITHIN_C2_LIMIT,0.130692,2.831
2571,40000.0,0.3701,greedy,ZYZZYVA,8.0,1.0,0.0543,1,1,1,FINALIZED_WITHIN_C2_LIMIT,0.06955,2.466
2572,40000.0,0.3699,greedy,ZYZZYVA,8.0,1.0,0.0448,1,1,1,FINALIZED_WITHIN_C2_LIMIT,0.047524,2.283
2573,23000.0,0.3696,explore,PBFT,4.6,1.0,0.069,1,1,1,FINALIZED_WITHIN_C2_LIMIT,0.133428,1.306
2574,3000.0,0.3694,explore,LIU_QUORUM,0.6,1.0,0.0768,1,1,1,FINALIZED_WITHIN_C2_LIMIT,0.099244,0.333
2575,40000.0,0.3691,greedy,ZYZZYVA,8.0,1.0,0.0448,1,1,1,FINALIZED_WITHIN_C2_LIMIT,0.074946,2.273
2576,2000.0,0.3689,explore,LIU_QUORUM,0.4,1.0,0.0311,1,1,1,FINALIZED_WITHIN_C2_LIMIT,0.08768,0.546
2577,40000.0,0.3686,greedy,ZYZZYVA,8.0,1.0,0.0448,1,1,1,FINALIZED_WITHIN_C2_LIMIT,0.101654,2.77
2578,25000.0,0.3684,explore,LIU_QUORUM,5.0,1.0,0.0668,1,1,1,FINALIZED_WITHIN_C2_LIMIT,0.107882,1.517
2579,40000.0,0.3681,greedy,ZYZZYVA,8.0,1.0,0.0448,1,1,1,FINALIZED_WITHIN_C2_LIMIT,0.080457,2.583
2580,40000.0,0.3679,greedy,ZYZZYVA,8.0,1.0,0.0448,1,1,1,FINALIZED_WITHIN_C2_LIMIT,0.062804,2.437
2581,3000.0,0.3677,explore,PBFT,0.6,1.0,0.067,1,1,1,FINALIZED_WITHIN_C2_LIMIT,0.132129,0.406
2582,40000.0,0.3674,greedy,ZYZZYVA,8.0,1.0,0.0448,1,1,1,FINALIZED_WITHIN_C2_LIMIT,0.105467,2.673
2583,40000.0,0.3672,greedy,ZYZZYVA,8.0,1.0,0.0448,1,1,1,FINALIZED_WITHIN_C2_LIMIT,0.132721,2.509
2584,12000.0,0.3669,explore,ZYZZYVA,2.4,1.0,0.0685,1,1,1,FINALIZED_WITHIN_C2_LIMIT,0.105129,0.873
2585,40000.0,0.3667,greedy,ZYZZYVA,8.0,1.0,0.0448,1,1,1,FINALIZED_WITHIN_C2_LIMIT,0.124511,2.385
2586,40000.0,0.3664,greedy,ZYZZYVA,8.0,1.0,0.0448,1,1,1,FINALIZED_WITHIN_C2_LIMIT,0.070926,2.394
2587,28000.0,0.3662,explore,PBFT,5.6,1.0,0.1982,1,1,1,FINALIZED_WITHIN_C2_LIMIT,0.085887,1.774
2588,40000.0,0.3659,greedy,ZYZZYVA,8.0,1.0,0.0448,1,1,1,FINALIZED_WITHIN_C2_LIMIT,0.118255,2.155
2589,39000.0,0.3657,explore,PBFT,7.8,1.0,0.1141,1,1,1,FINALIZED_WITHIN_C2_LIMIT,0.062717,1.768
2590,40000.0,0.3655,greedy,ZYZZYVA,8.0,1.0,0.0448,1,1,1,FINALIZED_WITHIN_C2_LIMIT,0.062454,2.289
2591,40000.0,0.3652,greedy,ZYZZYVA,8.0,1.0,0.0448,1,1,1,FINALIZED_WITHIN_C2_LIMIT,0.117337,2.005
2592,40000.0,0.365,greedy,ZYZZYVA,8.0,1.0,0.0448,1,1,1,FINALIZED_WITHIN_C2_LIMIT,0.096513,2.282
2593,9000.0,0.3647,explore,PBFT,1.8,1.0,0.1416,1,1,1,FINALIZED_WITHIN_C2_LIMIT,0.094734,0.851
2594,40000.0,0.3645,greedy,ZYZZYVA,8.0,1.0,0.0448,1,1,1,FINALIZED_WITHIN_C2_LIMIT,0.06855,2.244
2595,40000.0,0.3642,greedy,ZYZZYVA,8.0,1.0,0.0544,1,1,1,FINALIZED_WITHIN_C2_LIMIT,0.091103,2.23
2596,40000.0,0.364,greedy,ZYZZYVA,8.0,1.0,0.0544,1,1,1,FINALIZED_WITHIN_C2_LIMIT,0.064127,2.577
2597,4000.0,0.3637,explore,LIU_QUORUM,0.8,1.0,0.03,1,1,1,FINALIZED_WITHIN_C2_LIMIT,0.142117,0.586
2598,30000.0,0.3635,explore,LIU_QUORUM,6.0,1.0,0.0787,1,1,1,FINALIZED_WITHIN_C2_LIMIT,0.146695,1.767
2599,40000.0,0.3632,greedy,ZYZZYVA,8.0,1.0,0.0448,1,1,1,FINALIZED_WITHIN_C2_LIMIT,0.135799,2.067
2600,40000.0,0.363,greedy,ZYZZYVA,8.0,1.0,0.0674,1,1,1,FINALIZED_WITHIN_C2_LIMIT,0.411746,2.325
2601,40000.0,0.3628,greedy,ZYZZYVA,8.0,1.0,0.0674,1,1,1,FINALIZED_WITHIN_C2_LIMIT,0.776512,2.076
2602,40000.0,0.3625,greedy,ZYZZYVA,8.0,1.0,0.0674,1,1,1,FINALIZED_WITHIN_C2_LIMIT,0.573578,2.308
2603,39000.0,0.3623,explore,ZYZZYVA,7.8,1.0,0.0278,1,1,1,FINALIZED_WITHIN_C2_LIMIT,0.114626,2.052
2604,23000.0,0.362,explore,LIU_QUORUM,4.6,1.0,0.0758,1,1,1,FINALIZED_WITHIN_C2_LIMIT,0.605125,1.217
2605,40000.0,0.3618,greedy,ZYZZYVA,8.0,1.0,0.0544,1,1,1,FINALIZED_WITHIN_C2_LIMIT,1.314963,2.281
2606,40000.0,0.3615,greedy,ZYZZYVA,8.0,1.0,0.0674,1,1,1,FINALIZED_WITHIN_C2_LIMIT,1.353152,2.039
2607,40000.0,0.3613,greedy,ZYZZYVA,8.0,1.0,0.0674,1,1,1,FINALIZED_WITHIN_C2_LIMIT,0.385181,2.436
2608,40000.0,0.361,greedy,ZYZZYVA,8.0,1.0,0.0674,1,1,1,FINALIZED_WITHIN_C2_LIMIT,0.175259,2.181
2609,0.0,0.3608,explore,LIU_QUORUM,3.0,1.0,0.2355,0,1,1,FINALIZED_WITHIN_C2_LIMIT,0.456189,0.984
2610,27000.0,0.3606,explore,PBFT,5.4,1.0,0.0779,1,1,1,FINALIZED_WITHIN_C2_LIMIT,0.3638,1.638
2611,40000.0,0.3603,greedy,ZYZZYVA,8.0,1.0,0.0782,1,1,1,FINALIZED_WITHIN_C2_LIMIT,0.045555,2.042
2612,40000.0,0.3601,greedy,ZYZZYVA,8.0,1.0,0.0782,1,1,1,FINALIZED_WITHIN_C2_LIMIT,0.844962,1.983
2613,40000.0,0.3598,greedy,ZYZZYVA,8.0,1.0,0.0782,1,1,1,FINALIZED_WITHIN_C2_LIMIT,1.67763,2.123
2614,39000.0,0.3596,explore,LIU_QUORUM,7.8,1.0,0.0787,1,1,1,FINALIZED_WITHIN_C2_LIMIT,1.469876,1.758
2615,11000.0,0.3593,explore,LIU_QUORUM,2.2,1.0,0.1582,1,1,1,FINALIZED_WITHIN_C2_LIMIT,0.492973,0.798
2616,40000.0,0.3591,greedy,ZYZZYVA,8.0,1.0,0.0635,1,1,1,FINALIZED_WITHIN_C2_LIMIT,0.064543,2.344
2617,40000.0,0.3588,greedy,ZYZZYVA,8.0,1.0,0.0635,1,1,1,FINALIZED_WITHIN_C2_LIMIT,0.44243,2.49
2618,7000.0,0.3586,explore,PBFT,1.4,1.0,0.0282,1,1,1,FINALIZED_WITHIN_C2_LIMIT,0.239714,0.977
2619,40000.0,0.3583,greedy,ZYZZYVA,8.0,1.0,0.0635,1,1,1,FINALIZED_WITHIN_C2_LIMIT,0.056876,2.679
2620,40000.0,0.3581,greedy,ZYZZYVA,8.0,1.0,0.075,1,1,1,FINALIZED_WITHIN_C2_LIMIT,0.042416,2.231
2621,40000.0,0.3579,greedy,ZYZZYVA,8.0,1.0,0.0635,1,1,1,FINALIZED_WITHIN_C2_LIMIT,0.155134,2.2
2622,13000.0,0.3576,explore,ZYZZYVA,2.6,1.0,0.0679,1,1,1,FINALIZED_WITHIN_C2_LIMIT,0.117457,0.83
2623,40000.0,0.3574,greedy,ZYZZYVA,8.0,1.0,0.0543,1,1,1,FINALIZED_WITHIN_C2_LIMIT,0.13413,2.393
2624,40000.0,0.3571,greedy,ZYZZYVA,8.0,1.0,0.0543,1,1,1,FINALIZED_WITHIN_C2_LIMIT,0.135446,2.161
2625,40000.0,0.3569,greedy,ZYZZYVA,8.0,1.0,0.0635,1,1,1,FINALIZED_WITHIN_C2_LIMIT,0.046137,2.609
2626,40000.0,0.3566,greedy,ZYZZYVA,8.0,1.0,0.0644,1,1,1,FINALIZED_WITHIN_C2_LIMIT,0.038416,2.208
2627,40000.0,0.3564,greedy,ZYZZYVA,8.0,1.0,0.0674,1,1,1,FINALIZED_WITHIN_C2_LIMIT,0.239947,2.179
2628,40000.0,0.3561,greedy,ZYZZYVA,8.0,1.0,0.0674,1,1,1,FINALIZED_WITHIN_C2_LIMIT,0.109921,2.384
2629,40000.0,0.3559,greedy,ZYZZYVA,8.0,1.0,0.0543,1,1,1,FINALIZED_WITHIN_C2_LIMIT,0.108622,2.423
2630,40000.0,0.3557,greedy,ZYZZYVA,8.0,1.0,0.0543,1,1,1,FINALIZED_WITHIN_C2_LIMIT,0.129335,2.204
2631,40000.0,0.3554,greedy,ZYZZYVA,8.0,1.0,0.0674,1,1,1,FINALIZED_WITHIN_C2_LIMIT,0.070401,2.962
2632,40000.0,0.3552,greedy,ZYZZYVA,8.0,1.0,0.0674,1,1,1,FINALIZED_WITHIN_C2_LIMIT,0.030172,2.321
2633,16000.0,0.3549,explore,PBFT,3.2,1.0,0.0312,1,1,1,FINALIZED_WITHIN_C2_LIMIT,0.025149,1.064
2634,40000.0,0.3547,greedy,ZYZZYVA,8.0,1.0,0.0674,1,1,1,FINALIZED_WITHIN_C2_LIMIT,0.145935,2.262
2635,40000.0,0.3544,greedy,ZYZZYVA,8.0,1.0,0.0674,1,1,1,FINALIZED_WITHIN_C2_LIMIT,0.10313,2.25
2636,40000.0,0.3542,greedy,ZYZZYVA,8.0,1.0,0.0543,1,1,1,FINALIZED_WITHIN_C2_LIMIT,0.214586,2.515
2637,0.0,0.3539,explore,LIU_QUORUM,4.6,1.0,0.2811,0,1,1,FINALIZED_WITHIN_C2_LIMIT,0.251093,1.369
2638,40000.0,0.3537,greedy,ZYZZYVA,8.0,1.0,0.0543,1,1,1,FINALIZED_WITHIN_C2_LIMIT,0.089202,2.029
2639,12000.0,0.3534,explore,ZYZZYVA,2.4,1.0,0.1723,1,1,1,FINALIZED_WITHIN_C2_LIMIT,0.614364,0.789
2640,40000.0,0.3532,greedy,ZYZZYVA,8.0,1.0,0.0674,1,1,1,FINALIZED_WITHIN_C2_LIMIT,0.916064,2.117
2641,40000.0,0.353,greedy,ZYZZYVA,8.0,1.0,0.0674,1,1,1,FINALIZED_WITHIN_C2_LIMIT,0.587103,2.224
2642,32000.0,0.3527,explore,PBFT,6.4,1.0,0.0647,1,1,1,FINALIZED_WITHIN_C2_LIMIT,0.067401,1.76
2643,40000.0,0.3525,greedy,ZYZZYVA,8.0,1.0,0.0511,1,1,1,FINALIZED_WITHIN_C2_LIMIT,0.884263,2.179
2644,40000.0,0.3522,greedy,ZYZZYVA,8.0,1.0,0.0511,1,1,1,FINALIZED_WITHIN_C2_LIMIT,1.933282,1.879
2645,40000.0,0.352,greedy,ZYZZYVA,8.0,1.0,0.0511,1,1,1,FINALIZED_WITHIN_C2_LIMIT,1.912614,2.204
2646,23000.0,0.3517,explore,ZYZZYVA,4.6,1.0,0.0315,1,1,1,FINALIZED_WITHIN_C2_LIMIT,0.887109,1.198
2647,40000.0,0.3515,greedy,ZYZZYVA,8.0,1.0,0.0674,1,1,1,FINALIZED_WITHIN_C2_LIMIT,0.083003,2.167
2648,40000.0,0.3512,greedy,ZYZZYVA,8.0,1.0,0.0644,1,1,1,FINALIZED_WITHIN_C2_LIMIT,0.119337,2.223
2649,40000.0,0.351,greedy,ZYZZYVA,8.0,1.0,0.0719,1,1,1,FINALIZED_WITHIN_C2_LIMIT,0.066772,2.521
2650,40000.0,0.3508,explore,PBFT,8.0,1.0,0.0963,1,1,1,FINALIZED_WITHIN_C2_LIMIT,0.274899,1.904
2651,40000.0,0.3505,greedy,ZYZZYVA,8.0,1.0,0.0632,1,1,1,FINALIZED_WITHIN_C2_LIMIT,0.291494,2.098
2652,40000.0,0.3503,greedy,ZYZZYVA,8.0,1.0,0.0632,1,1,1,FINALIZED_WITHIN_C2_LIMIT,0.115389,2.35
2653,40000.0,0.35,greedy,ZYZZYVA,8.0,1.0,0.0719,1,1,1,FINALIZED_WITHIN_C2_LIMIT,0.454894,2.533
2654,36000.0,0.3498,explore,PBFT,7.2,1.0,0.1368,1,1,1,FINALIZED_WITHIN_C2_LIMIT,0.932099,1.957
2655,40000.0,0.3495,greedy,ZYZZYVA,8.0,1.0,0.0719,1,1,1,FINALIZED_WITHIN_C2_LIMIT,0.578701,2.329
2656,40000.0,0.3493,greedy,ZYZZYVA,8.0,1.0,0.0719,1,1,1,FINALIZED_WITHIN_C2_LIMIT,0.044028,1.97
2657,40000.0,0.349,greedy,ZYZZYVA,8.0,1.0,0.0719,1,1,1,FINALIZED_WITHIN_C2_LIMIT,1.016174,2.541
2658,40000.0,0.3488,greedy,ZYZZYVA,8.0,1.0,0.0719,1,1,1,FINALIZED_WITHIN_C2_LIMIT,1.935947,2.091
2659,40000.0,0.3485,greedy,ZYZZYVA,8.0,1.0,0.0719,1,1,1,FINALIZED_WITHIN_C2_LIMIT,1.755764,2.349
2660,7000.0,0.3483,explore,PBFT,1.4,1.0,0.0294,1,1,1,FINALIZED_WITHIN_C2_LIMIT,0.818753,0.778
2661,0.0,0.3481,explore,ZYZZYVA,3.2,1.0,0.2103,0,1,1,FINALIZED_WITHIN_C2_LIMIT,0.043185,1.169
2662,40000.0,0.3478,greedy,ZYZZYVA,8.0,1.0,0.0635,1,1,1,FINALIZED_WITHIN_C2_LIMIT,0.947987,2.997
2663,40000.0,0.3476,greedy,ZYZZYVA,8.0,1.0,0.0635,1,1,1,FINALIZED_WITHIN_C2_LIMIT,1.724157,2.756
2664,29000.0,0.3473,explore,PBFT,5.8,1.0,0.1831,1,1,1,FINALIZED_WITHIN_C2_LIMIT,1.384179,1.907
2665,40000.0,0.3471,greedy,ZYZZYVA,8.0,1.0,0.0674,1,1,1,FINALIZED_WITHIN_C2_LIMIT,0.488331,2.326
2666,12000.0,0.3468,explore,PBFT,2.4,1.0,0.1416,1,1,1,FINALIZED_WITHIN_C2_LIMIT,0.121608,0.97
2667,16000.0,0.3466,explore,LIU_QUORUM,3.2,1.0,0.0685,1,1,1,FINALIZED_WITHIN_C2_LIMIT,0.420039,1.254
2668,40000.0,0.3463,greedy,ZYZZYVA,8.0,1.0,0.0674,1,1,1,FINALIZED_WITHIN_C2_LIMIT,0.382905,2.862
2669,16000.0,0.3461,explore,ZYZZYVA,3.2,1.0,0.1284,1,1,1,FINALIZED_WITHIN_C2_LIMIT,0.04859,1.086
2670,40000.0,0.3458,greedy,ZYZZYVA,8.0,1.0,0.0674,1,1,1,FINALIZED_WITHIN_C2_LIMIT,0.78777,2.66
2671,40000.0,0.3456,greedy,ZYZZYVA,8.0,1.0,0.0674,1,1,1,FINALIZED_WITHIN_C2_LIMIT,1.659912,2.855
2672,40000.0,0.3454,greedy,ZYZZYVA,8.0,1.0,0.0674,1,1,1,FINALIZED_WITHIN_C2_LIMIT,1.29899,2.81
2673,40000.0,0.3451,greedy,ZYZZYVA,8.0,1.0,0.0674,1,1,1,FINALIZED_WITHIN_C2_LIMIT,0.479204,2.494
2674,40000.0,0.3449,greedy,ZYZZYVA,8.0,1.0,0.0674,1,1,1,FINALIZED_WITHIN_C2_LIMIT,0.155025,2.975
2675,40000.0,0.3446,greedy,ZYZZYVA,8.0,1.0,0.0674,1,1,1,FINALIZED_WITHIN_C2_LIMIT,0.44136,2.663
2676,40000.0,0.3444,greedy,ZYZZYVA,8.0,1.0,0.0674,1,1,1,FINALIZED_WITHIN_C2_LIMIT,0.324908,2.606
2677,40000.0,0.3441,greedy,ZYZZYVA,8.0,1.0,0.0674,1,1,1,FINALIZED_WITHIN_C2_LIMIT,0.029637,2.38
2678,38000.0,0.3439,explore,ZYZZYVA,7.6,1.0,0.0288,1,1,1,FINALIZED_WITHIN_C2_LIMIT,0.878058,2.095
2679,40000.0,0.3436,greedy,ZYZZYVA,8.0,1.0,0.0674,1,1,1,FINALIZED_WITHIN_C2_LIMIT,1.698846,2.053
2680,40000.0,0.3434,greedy,ZYZZYVA,8.0,1.0,0.0674,1,1,1,FINALIZED_WITHIN_C2_LIMIT,1.594332,2.008
2681,40000.0,0.3432,greedy,ZYZZYVA,8.0,1.0,0.0674,1,1,1,FINALIZED_WITHIN_C2_LIMIT,0.581517,2.067
2682,40000.0,0.3429,greedy,ZYZZYVA,8.0,1.0,0.0674,1,1,1,FINALIZED_WITHIN_C2_LIMIT,0.081815,2.2
2683,40000.0,0.3427,greedy,ZYZZYVA,8.0,1.0,0.0674,1,1,1,FINALIZED_WITHIN_C2_LIMIT,0.33018,2.089
2684,40000.0,0.3424,greedy,ZYZZYVA,8.0,1.0,0.0674,1,1,1,FINALIZED_WITHIN_C2_LIMIT,0.23996,2.097
2685,40000.0,0.3422,greedy,ZYZZYVA,8.0,1.0,0.0674,1,1,1,FINALIZED_WITHIN_C2_LIMIT,0.051628,2.048
2686,40000.0,0.3419,greedy,ZYZZYVA,8.0,1.0,0.0674,1,1,1,FINALIZED_WITHIN_C2_LIMIT,0.050235,2.151
2687,40000.0,0.3417,greedy,ZYZZYVA,8.0,1.0,0.0674,1,1,1,FINALIZED_WITHIN_C2_LIMIT,0.119174,2.307
2688,40000.0,0.3414,greedy,ZYZZYVA,8.0,1.0,0.0674,1,1,1,FINALIZED_WITHIN_C2_LIMIT,0.099093,1.878
2689,40000.0,0.3412,greedy,ZYZZYVA,8.0,1.0,0.0674,1,1,1,FINALIZED_WITHIN_C2_LIMIT,0.146291,2.161
2690,40000.0,0.3409,greedy,ZYZZYVA,8.0,1.0,0.0674,1,1,1,FINALIZED_WITHIN_C2_LIMIT,0.119399,2.001
2691,17000.0,0.3407,explore,LIU_QUORUM,3.4,1.0,0.0278,1,1,1,FINALIZED_WITHIN_C2_LIMIT,0.059291,1.093
2692,40000.0,0.3405,greedy,ZYZZYVA,8.0,1.0,0.0674,1,1,1,FINALIZED_WITHIN_C2_LIMIT,0.067391,2.178
2693,32000.0,0.3402,explore,PBFT,6.4,1.0,0.0651,1,1,1,FINALIZED_WITHIN_C2_LIMIT,0.230598,1.677
2694,40000.0,0.34,greedy,ZYZZYVA,8.0,1.0,0.0674,1,1,1,FINALIZED_WITHIN_C2_LIMIT,0.187266,2.296
2695,0.0,0.3397,explore,ZYZZYVA,7.2,1.0,0.2251,0,1,1,FINALIZED_WITHIN_C2_LIMIT,0.038836,1.861
2696,40000.0,0.3395,greedy,ZYZZYVA,8.0,1.0,0.0674,1,1,1,FINALIZED_WITHIN_C2_LIMIT,0.04195,1.974
2697,40000.0,0.3392,greedy,ZYZZYVA,8.0,1.0,0.0674,1,1,1,FINALIZED_WITHIN_C2_LIMIT,0.230789,1.985
2698,40000.0,0.339,greedy,ZYZZYVA,8.0,1.0,0.0674,1,1,1,FINALIZED_WITHIN_C2_LIMIT,0.164371,2.385
2699,40000.0,0.3387,greedy,ZYZZYVA,8.0,1.0,0.0674,1,1,1,FINALIZED_WITHIN_C2_LIMIT,0.131402,1.934
2700,39000.0,0.3385,explore,ZYZZYVA,7.8,1.0,0.1982,1,1,1,FINALIZED_WITHIN_C2_LIMIT,0.115762,2.071
2701,2000.0,0.3383,explore,PBFT,0.4,1.0,0.0769,1,1,1,FINALIZED_WITHIN_C2_LIMIT,0.062179,0.557
2702,40000.0,0.338,greedy,ZYZZYVA,8.0,1.0,0.0674,1,1,1,FINALIZED_WITHIN_C2_LIMIT,0.057159,2.352
2703,38000.0,0.3378,explore,PBFT,7.6,1.0,0.0779,1,1,1,FINALIZED_WITHIN_C2_LIMIT,0.158271,2.294
2704,15000.0,0.3375,explore,PBFT,3.0,1.0,0.104,1,1,1,FINALIZED_WITHIN_C2_LIMIT,0.10252,1.064
2705,18000.0,0.3373,explore,LIU_QUORUM,3.6,1.0,0.0688,1,1,1,FINALIZED_WITHIN_C2_LIMIT,0.096453,1.129
2706,18000.0,0.337,explore,ZYZZYVA,3.6,1.0,0.104,1,1,1,FINALIZED_WITHIN_C2_LIMIT,0.080001,1.198
2707,40000.0,0.3368,greedy,ZYZZYVA,8.0,1.0,0.0674,1,1,1,FINALIZED_WITHIN_C2_LIMIT,0.183023,2.691
2708,8000.0,0.3365,explore,PBFT,1.6,1.0,0.068,1,1,1,FINALIZED_WITHIN_C2_LIMIT,0.11394,0.808
2709,17000.0,0.3363,explore,LIU_QUORUM,3.4,1.0,0.0705,1,1,1,FINALIZED_WITHIN_C2_LIMIT,0.054914,1.208
2710,40000.0,0.3361,greedy,ZYZZYVA,8.0,1.0,0.0674,1,1,1,FINALIZED_WITHIN_C2_LIMIT,0.073817,3.037
2711,40000.0,0.3358,greedy,ZYZZYVA,8.0,1.0,0.0674,1,1,1,FINALIZED_WITHIN_C2_LIMIT,0.135808,2.522
2712,40000.0,0.3356,greedy,ZYZZYVA,8.0,1.0,0.0674,1,1,1,FINALIZED_WITHIN_C2_LIMIT,0.106296,2.491
2713,40000.0,0.3353,greedy,ZYZZYVA,8.0,1.0,0.0674,1,1,1,FINALIZED_WITHIN_C2_LIMIT,0.047262,2.325
2714,31000.0,0.3351,explore,PBFT,6.2,1.0,0.1831,1,1,1,FINALIZED_WITHIN_C2_LIMIT,0.14505,1.905
2715,37000.0,0.3348,explore,PBFT,7.4,1.0,0.0647,1,1,1,FINALIZED_WITHIN_C2_LIMIT,0.154139,1.96
2716,40000.0,0.3346,greedy,ZYZZYVA,8.0,1.0,0.0674,1,1,1,FINALIZED_WITHIN_C2_LIMIT,0.125093,2.402
2717,40000.0,0.3343,greedy,ZYZZYVA,8.0,1.0,0.0674,1,1,1,FINALIZED_WITHIN_C2_LIMIT,0.100199,2.58
2718,40000.0,0.3341,greedy,ZYZZYVA,8.0,1.0,0.0674,1,1,1,FINALIZED_WITHIN_C2_LIMIT,0.066006,2.145
2719,40000.0,0.3338,greedy,ZYZZYVA,8.0,1.0,0.0674,1,1,1,FINALIZED_WITHIN_C2_LIMIT,0.125227,2.181
2720,40000.0,0.3336,greedy,ZYZZYVA,8.0,1.0,0.0674,1,1,1,FINALIZED_WITHIN_C2_LIMIT,0.107225,2.186
2721,40000.0,0.3334,greedy,ZYZZYVA,8.0,1.0,0.0674,1,1,1,FINALIZED_WITHIN_C2_LIMIT,0.087408,2.033
2722,40000.0,0.3331,greedy,ZYZZYVA,8.0,1.0,0.0674,1,1,1,FINALIZED_WITHIN_C2_LIMIT,0.085741,2.399
2723,40000.0,0.3329,greedy,ZYZZYVA,8.0,1.0,0.0674,1,1,1,FINALIZED_WITHIN_C2_LIMIT,0.149804,2.055
2724,40000.0,0.3326,greedy,ZYZZYVA,8.0,1.0,0.0674,1,1,1,FINALIZED_WITHIN_C2_LIMIT,0.208799,2.253
2725,38000.0,0.3324,explore,LIU_QUORUM,7.6,1.0,0.1459,1,1,1,FINALIZED_WITHIN_C2_LIMIT,0.267613,2.154
2726,40000.0,0.3321,greedy,ZYZZYVA,8.0,1.0,0.0674,1,1,1,FINALIZED_WITHIN_C2_LIMIT,0.056441,2.525
2727,40000.0,0.3319,greedy,ZYZZYVA,8.0,1.0,0.0674,1,1,1,FINALIZED_WITHIN_C2_LIMIT,0.1495,2.127
2728,40000.0,0.3316,greedy,ZYZZYVA,8.0,1.0,0.0674,1,1,1,FINALIZED_WITHIN_C2_LIMIT,0.091124,2.413
2729,38000.0,0.3314,explore,ZYZZYVA,7.6,1.0,0.0668,1,1,1,FINALIZED_WITHIN_C2_LIMIT,0.041901,1.995
2730,40000.0,0.3312,greedy,ZYZZYVA,8.0,1.0,0.0674,1,1,1,FINALIZED_WITHIN_C2_LIMIT,0.079662,2.24
2731,29000.0,0.3309,explore,ZYZZYVA,5.8,1.0,0.0789,1,1,1,FINALIZED_WITHIN_C2_LIMIT,0.113088,1.75
2732,31000.0,0.3307,explore,ZYZZYVA,6.2,1.0,0.0668,1,1,1,FINALIZED_WITHIN_C2_LIMIT,0.132654,1.737
2733,40000.0,0.3304,greedy,ZYZZYVA,8.0,1.0,0.0674,1,1,1,FINALIZED_WITHIN_C2_LIMIT,0.049567,2.047
2734,40000.0,0.3302,greedy,ZYZZYVA,8.0,1.0,0.0674,1,1,1,FINALIZED_WITHIN_C2_LIMIT,0.112772,2.312
2735,40000.0,0.3299,greedy,ZYZZYVA,8.0,1.0,0.0674,1,1,1,FINALIZED_WITHIN_C2_LIMIT,0.142182,2.056
2736,19000.0,0.3297,explore,ZYZZYVA,3.8,1.0,0.0789,1,1,1,FINALIZED_WITHIN_C2_LIMIT,0.106859,1.111
2737,18000.0,0.3294,explore,PBFT,3.6,1.0,0.0299,1,1,1,FINALIZED_WITHIN_C2_LIMIT,0.054586,1.117
2738,40000.0,0.3292,greedy,ZYZZYVA,8.0,1.0,0.0674,1,1,1,FINALIZED_WITHIN_C2_LIMIT,0.05896,2.257
2739,40000.0,0.3289,greedy,ZYZZYVA,8.0,1.0,0.0674,1,1,1,FINALIZED_WITHIN_C2_LIMIT,0.171997,2.128
2740,40000.0,0.3287,greedy,ZYZZYVA,8.0,1.0,0.0674,1,1,1,FINALIZED_WITHIN_C2_LIMIT,0.224539,2.189
2741,40000.0,0.3285,greedy,ZYZZYVA,8.0,1.0,0.0674,1,1,1,FINALIZED_WITHIN_C2_LIMIT,0.099342,2.074
2742,40000.0,0.3282,greedy,ZYZZYVA,8.0,1.0,0.0674,1,1,1,FINALIZED_WITHIN_C2_LIMIT,0.071518,2.307
2743,40000.0,0.328,greedy,ZYZZYVA,8.0,1.0,0.0674,1,1,1,FINALIZED_WITHIN_C2_LIMIT,0.135063,2.173
2744,16000.0,0.3277,explore,PBFT,3.2,1.0,0.0316,1,1,1,FINALIZED_WITHIN_C2_LIMIT,0.162193,1.238
2745,40000.0,0.3275,greedy,ZYZZYVA,8.0,1.0,0.0674,1,1,1,FINALIZED_WITHIN_C2_LIMIT,0.06843,2.429
2746,40000.0,0.3272,greedy,ZYZZYVA,8.0,1.0,0.0674,1,1,1,FINALIZED_WITHIN_C2_LIMIT,0.16988,2.165
2747,40000.0,0.327,greedy,ZYZZYVA,8.0,1.0,0.0674,1,1,1,FINALIZED_WITHIN_C2_LIMIT,0.164348,2.242
2748,40000.0,0.3267,greedy,ZYZZYVA,8.0,1.0,0.0674,1,1,1,FINALIZED_WITHIN_C2_LIMIT,0.168549,2.194
2749,40000.0,0.3265,greedy,ZYZZYVA,8.0,1.0,0.0674,1,1,1,FINALIZED_WITHIN_C2_LIMIT,0.044983,2.429
2750,40000.0,0.3263,greedy,ZYZZYVA,8.0,1.0,0.0674,1,1,1,FINALIZED_WITHIN_C2_LIMIT,0.074472,2.143
2751,10000.0,0.326,explore,LIU_QUORUM,2.0,1.0,0.0294,1,1,1,FINALIZED_WITHIN_C2_LIMIT,0.154087,0.856
2752,40000.0,0.3258,greedy,ZYZZYVA,8.0,1.0,0.0674,1,1,1,FINALIZED_WITHIN_C2_LIMIT,0.14595,2.432
2753,40000.0,0.3255,greedy,ZYZZYVA,8.0,1.0,0.0674,1,1,1,FINALIZED_WITHIN_C2_LIMIT,0.055668,2.355
2754,40000.0,0.3253,greedy,ZYZZYVA,8.0,1.0,0.0674,1,1,1,FINALIZED_WITHIN_C2_LIMIT,0.140423,2.369
2755,11000.0,0.325,explore,LIU_QUORUM,2.2,1.0,0.0316,1,1,1,FINALIZED_WITHIN_C2_LIMIT,0.204206,1.025
2756,40000.0,0.3248,greedy,ZYZZYVA,8.0,1.0,0.0674,1,1,1,FINALIZED_WITHIN_C2_LIMIT,0.194008,2.444
2757,39000.0,0.3245,explore,LIU_QUORUM,7.8,1.0,0.0311,1,1,1,FINALIZED_WITHIN_C2_LIMIT,0.035678,2.456
2758,40000.0,0.3243,greedy,ZYZZYVA,8.0,1.0,0.0674,1,1,1,FINALIZED_WITHIN_C2_LIMIT,0.034737,2.134
2759,40000.0,0.324,greedy,ZYZZYVA,8.0,1.0,0.0674,1,1,1,FINALIZED_WITHIN_C2_LIMIT,0.265984,1.787
2760,40000.0,0.3238,greedy,ZYZZYVA,8.0,1.0,0.0674,1,1,1,FINALIZED_WITHIN_C2_LIMIT,0.262315,2.277
2761,31000.0,0.3236,explore,PBFT,6.2,1.0,0.0362,1,1,1,FINALIZED_WITHIN_C2_LIMIT,0.053107,1.827
2762,40000.0,0.3233,greedy,ZYZZYVA,8.0,1.0,0.0674,1,1,1,FINALIZED_WITHIN_C2_LIMIT,0.394683,2.171
2763,40000.0,0.3231,greedy,ZYZZYVA,8.0,1.0,0.0674,1,1,1,FINALIZED_WITHIN_C2_LIMIT,0.491509,2.236
2764,6000.0,0.3228,explore,ZYZZYVA,1.2,1.0,0.0278,1,1,1,FINALIZED_WITHIN_C2_LIMIT,0.151531,0.939
2765,40000.0,0.3226,greedy,ZYZZYVA,8.0,1.0,0.0674,1,1,1,FINALIZED_WITHIN_C2_LIMIT,0.264985,2.431
2766,40000.0,0.3223,greedy,ZYZZYVA,8.0,1.0,0.0674,1,1,1,FINALIZED_WITHIN_C2_LIMIT,0.641934,2.176
2767,40000.0,0.3221,greedy,ZYZZYVA,8.0,1.0,0.0674,1,1,1,FINALIZED_WITHIN_C2_LIMIT,0.392433,2.28
2768,13000.0,0.3218,explore,LIU_QUORUM,2.6,1.0,0.0315,1,1,1,FINALIZED_WITHIN_C2_LIMIT,0.106345,0.932
2769,19000.0,0.3216,explore,ZYZZYVA,3.8,1.0,0.0679,1,1,1,FINALIZED_WITHIN_C2_LIMIT,0.069768,1.266
2770,40000.0,0.3214,greedy,ZYZZYVA,8.0,1.0,0.0674,1,1,1,FINALIZED_WITHIN_C2_LIMIT,0.071416,2.312
2771,40000.0,0.3211,greedy,ZYZZYVA,8.0,1.0,0.0635,1,1,1,FINALIZED_WITHIN_C2_LIMIT,0.040704,2.376
2772,40000.0,0.3209,greedy,ZYZZYVA,8.0,1.0,0.0635,1,1,1,FINALIZED_WITHIN_C2_LIMIT,0.153038,2.299
2773,40000.0,0.3206,greedy,ZYZZYVA,8.0,1.0,0.0635,1,1,1,FINALIZED_WITHIN_C2_LIMIT,0.032261,2.302
2774,40000.0,0.3204,greedy,ZYZZYVA,8.0,1.0,0.0674,1,1,1,FINALIZED_WITHIN_C2_LIMIT,0.237399,2.449
2775,40000.0,0.3201,greedy,ZYZZYVA,8.0,1.0,0.0674,1,1,1,FINALIZED_WITHIN_C2_LIMIT,0.334816,2.138
2776,40000.0,0.3199,greedy,ZYZZYVA,8.0,1.0,0.0674,1,1,1,FINALIZED_WITHIN_C2_LIMIT,0.129584,2.411
2777,8000.0,0.3196,explore,PBFT,1.6,1.0,0.0683,1,1,1,FINALIZED_WITHIN_C2_LIMIT,0.29868,1.098
2778,40000.0,0.3194,greedy,ZYZZYVA,8.0,1.0,0.0674,1,1,1,FINALIZED_WITHIN_C2_LIMIT,0.623325,3.627
2779,40000.0,0.3191,greedy,ZYZZYVA,8.0,1.0,0.0674,1,1,1,FINALIZED_WITHIN_C2_LIMIT,0.244297,3.378
2780,40000.0,0.3189,greedy,PBFT,8.0,1.0,0.0674,1,1,1,FINALIZED_WITHIN_C2_LIMIT,0.046587,3.649
2781,36000.0,0.3187,explore,ZYZZYVA,7.2,1.0,0.0809,1,1,1,FINALIZED_WITHIN_C2_LIMIT,0.114457,2.657
2782,0.0,0.3184,explore,ZYZZYVA,1.4,1.0,0.2355,0,1,1,FINALIZED_WITHIN_C2_LIMIT,0.082825,1.112
2783,40000.0,0.3182,greedy,PBFT,8.0,1.0,0.0674,1,1,1,FINALIZED_WITHIN_C2_LIMIT,0.04236,2.886
2784,39000.0,0.3179,explore,ZYZZYVA,7.8,1.0,0.0963,1,1,1,FINALIZED_WITHIN_C2_LIMIT,0.10341,2.666
2785,40000.0,0.3177,greedy,PBFT,8.0,1.0,0.0674,1,1,1,FINALIZED_WITHIN_C2_LIMIT,0.059975,3.521
2786,15000.0,0.3174,explore,PBFT,3.0,1.0,0.0697,1,1,1,FINALIZED_WITHIN_C2_LIMIT,0.205405,1.301
2787,10000.0,0.3172,explore,PBFT,2.0,1.0,0.0789,1,1,1,FINALIZED_WITHIN_C2_LIMIT,0.345774,1.11
2788,40000.0,0.3169,greedy,ZYZZYVA,8.0,1.0,0.0674,1,1,1,FINALIZED_WITHIN_C2_LIMIT,0.071303,2.869
2789,40000.0,0.3167,greedy,ZYZZYVA,8.0,1.0,0.0674,1,1,1,FINALIZED_WITHIN_C2_LIMIT,0.419182,2.972
2790,40000.0,0.3165,greedy,ZYZZYVA,8.0,1.0,0.0674,1,1,1,FINALIZED_WITHIN_C2_LIMIT,0.774905,3.403
2791,17000.0,0.3162,explore,LIU_QUORUM,3.4,1.0,0.0291,1,1,1,FINALIZED_WITHIN_C2_LIMIT,0.517876,1.357
2792,40000.0,0.316,greedy,ZYZZYVA,8.0,1.0,0.0674,1,1,1,FINALIZED_WITHIN_C2_LIMIT,0.038479,2.919
2793,40000.0,0.3157,greedy,ZYZZYVA,8.0,1.0,0.0674,1,1,1,FINALIZED_WITHIN_C2_LIMIT,0.905648,3.17
2794,24000.0,0.3155,explore,LIU_QUORUM,4.8,1.0,0.1368,1,1,1,FINALIZED_WITHIN_C2_LIMIT,2.070776,1.925
2795,14000.0,0.3152,explore,LIU_QUORUM,2.8,1.0,0.069,1,1,1,FINALIZED_WITHIN_C2_LIMIT,2.047677,1.226
2796,40000.0,0.315,greedy,ZYZZYVA,8.0,1.0,0.0674,1,1,1,FINALIZED_WITHIN_C2_LIMIT,0.877229,2.346
2797,13000.0,0.3147,explore,ZYZZYVA,2.6,1.0,0.0288,1,1,1,FINALIZED_WITHIN_C2_LIMIT,0.052318,1.062
2798,28000.0,0.3145,explore,LIU_QUORUM,5.6,1.0,0.0683,1,1,1,FINALIZED_WITHIN_C2_LIMIT,1.154433,2.184
2799,40000.0,0.3142,explore,ZYZZYVA,8.0,1.0,0.0291,1,1,1,FINALIZED_WITHIN_C2_LIMIT,0.184937,2.727
2800,40000.0,0.314,greedy,ZYZZYVA,8.0,1.0,0.0674,1,1,1,FINALIZED_WITHIN_C2_LIMIT,0.226409,3.378
2801,22000.0,0.3138,explore,ZYZZYVA,4.4,1.0,0.0609,1,1,1,FINALIZED_WITHIN_C2_LIMIT,0.059836,1.569
2802,40000.0,0.3135,greedy,ZYZZYVA,8.0,1.0,0.0674,1,1,1,FINALIZED_WITHIN_C2_LIMIT,0.303694,2.54
2803,40000.0,0.3133,greedy,ZYZZYVA,8.0,1.0,0.0674,1,1,1,FINALIZED_WITHIN_C2_LIMIT,0.557755,2.781
2804,40000.0,0.313,greedy,ZYZZYVA,8.0,1.0,0.0674,1,1,1,FINALIZED_WITHIN_C2_LIMIT,0.428562,2.827
2805,40000.0,0.3128,greedy,ZYZZYVA,8.0,1.0,0.0674,1,1,1,FINALIZED_WITHIN_C2_LIMIT,0.064239,2.834
2806,24000.0,0.3125,explore,LIU_QUORUM,4.8,1.0,0.0741,1,1,1,FINALIZED_WITHIN_C2_LIMIT,0.138093,2.685
2807,40000.0,0.3123,greedy,ZYZZYVA,8.0,1.0,0.0674,1,1,1,FINALIZED_WITHIN_C2_LIMIT,0.058893,3.247
2808,40000.0,0.312,greedy,ZYZZYVA,8.0,1.0,0.0674,1,1,1,FINALIZED_WITHIN_C2_LIMIT,0.086161,2.652
2809,40000.0,0.3118,greedy,ZYZZYVA,8.0,1.0,0.0674,1,1,1,FINALIZED_WITHIN_C2_LIMIT,0.081918,2.614
2810,37000.0,0.3115,explore,PBFT,7.4,1.0,0.0294,1,1,1,FINALIZED_WITHIN_C2_LIMIT,0.045785,2.588
2811,40000.0,0.3113,greedy,ZYZZYVA,8.0,1.0,0.0674,1,1,1,FINALIZED_WITHIN_C2_LIMIT,0.31241,2.754
2812,40000.0,0.3111,greedy,ZYZZYVA,8.0,1.0,0.0674,1,1,1,FINALIZED_WITHIN_C2_LIMIT,0.376689,2.81
2813,37000.0,0.3108,explore,ZYZZYVA,7.4,1.0,0.0768,1,1,1,FINALIZED_WITHIN_C2_LIMIT,0.11184,3.067
2814,30000.0,0.3106,explore,ZYZZYVA,6.0,1.0,0.0308,1,1,1,FINALIZED_WITHIN_C2_LIMIT,0.177083,2.428
2815,28000.0,0.3103,explore,ZYZZYVA,5.6,1.0,0.0298,1,1,1,FINALIZED_WITHIN_C2_LIMIT,0.418695,1.914
2816,40000.0,0.3101,greedy,ZYZZYVA,8.0,1.0,0.0635,1,1,1,FINALIZED_WITHIN_C2_LIMIT,0.28163,3.102
2817,21000.0,0.3098,explore,ZYZZYVA,4.2,1.0,0.1141,1,1,1,FINALIZED_WITHIN_C2_LIMIT,0.1013,1.564
2818,40000.0,0.3096,greedy,ZYZZYVA,8.0,1.0,0.0635,1,1,1,FINALIZED_WITHIN_C2_LIMIT,0.173163,2.904
2819,40000.0,0.3093,greedy,ZYZZYVA,8.0,1.0,0.0635,1,1,1,FINALIZED_WITHIN_C2_LIMIT,0.075191,2.373
2820,40000.0,0.3091,greedy,ZYZZYVA,8.0,1.0,0.0635,1,1,1,FINALIZED_WITHIN_C2_LIMIT,0.312532,3.15
2821,12000.0,0.3089,explore,ZYZZYVA,2.4,1.0,0.19,1,1,1,FINALIZED_WITHIN_C2_LIMIT,0.382219,1.246
2822,40000.0,0.3086,greedy,ZYZZYVA,8.0,1.0,0.0635,1,1,1,FINALIZED_WITHIN_C2_LIMIT,0.090301,3.754
2823,40000.0,0.3084,greedy,ZYZZYVA,8.0,1.0,0.0635,1,1,1,FINALIZED_WITHIN_C2_LIMIT,0.298686,3.137
2824,19000.0,0.3081,explore,PBFT,3.8,1.0,0.0684,1,1,1,FINALIZED_WITHIN_C2_LIMIT,0.666663,2.05
2825,40000.0,0.3079,explore,LIU_QUORUM,8.0,1.0,0.0809,1,1,1,FINALIZED_WITHIN_C2_LIMIT,0.330741,3.655
2826,40000.0,0.3076,greedy,ZYZZYVA,8.0,1.0,0.0635,1,1,1,FINALIZED_WITHIN_C2_LIMIT,0.038658,2.974
2827,40000.0,0.3074,greedy,ZYZZYVA,8.0,1.0,0.0635,1,1,1,FINALIZED_WITHIN_C2_LIMIT,0.059684,2.878
2828,40000.0,0.3071,greedy,ZYZZYVA,8.0,1.0,0.0635,1,1,1,FINALIZED_WITHIN_C2_LIMIT,0.050521,2.76
2829,40000.0,0.3069,greedy,ZYZZYVA,8.0,1.0,0.0674,1,1,1,FINALIZED_WITHIN_C2_LIMIT,0.104087,2.55
2830,40000.0,0.3066,greedy,ZYZZYVA,8.0,1.0,0.0635,1,1,1,FINALIZED_WITHIN_C2_LIMIT,0.088674,2.54
2831,38000.0,0.3064,explore,PBFT,7.6,1.0,0.0401,1,1,1,FINALIZED_WITHIN_C2_LIMIT,0.079904,2.409
2832,4000.0,0.3062,explore,ZYZZYVA,0.8,1.0,0.0715,1,1,1,FINALIZED_WITHIN_C2_LIMIT,0.125374,0.775
2833,40000.0,0.3059,greedy,ZYZZYVA,8.0,1.0,0.0635,1,1,1,FINALIZED_WITHIN_C2_LIMIT,0.130978,2.887
2834,40000.0,0.3057,greedy,ZYZZYVA,8.0,1.0,0.0635,1,1,1,FINALIZED_WITHIN_C2_LIMIT,0.101369,3.01
2835,40000.0,0.3054,greedy,ZYZZYVA,8.0,1.0,0.0635,1,1,1,FINALIZED_WITHIN_C2_LIMIT,0.098,3.484
2836,40000.0,0.3052,greedy,ZYZZYVA,8.0,1.0,0.0635,1,1,1,FINALIZED_WITHIN_C2_LIMIT,0.082978,2.8
2837,40000.0,0.3049,greedy,ZYZZYVA,8.0,1.0,0.0635,1,1,1,FINALIZED_WITHIN_C2_LIMIT,0.047525,3.31
2838,40000.0,0.3047,greedy,ZYZZYVA,8.0,1.0,0.0635,1,1,1,FINALIZED_WITHIN_C2_LIMIT,0.206169,3.328
2839,40000.0,0.3044,greedy,ZYZZYVA,8.0,1.0,0.0635,1,1,1,FINALIZED_WITHIN_C2_LIMIT,0.24069,3.432
2840,40000.0,0.3042,greedy,ZYZZYVA,8.0,1.0,0.0635,1,1,1,FINALIZED_WITHIN_C2_LIMIT,0.031033,2.941
2841,40000.0,0.304,greedy,ZYZZYVA,8.0,1.0,0.0635,1,1,1,FINALIZED_WITHIN_C2_LIMIT,0.054401,3.29
2842,40000.0,0.3037,greedy,ZYZZYVA,8.0,1.0,0.0635,1,1,1,FINALIZED_WITHIN_C2_LIMIT,0.086935,3.122
2843,40000.0,0.3035,greedy,ZYZZYVA,8.0,1.0,0.051,1,1,1,FINALIZED_WITHIN_C2_LIMIT,0.072805,2.962
2844,36000.0,0.3032,explore,ZYZZYVA,7.2,1.0,0.0779,1,1,1,FINALIZED_WITHIN_C2_LIMIT,0.101482,2.302
2845,40000.0,0.303,greedy,ZYZZYVA,8.0,1.0,0.051,1,1,1,FINALIZED_WITHIN_C2_LIMIT,0.08159,2.865
2846,8000.0,0.3027,explore,PBFT,1.6,1.0,0.0316,1,1,1,FINALIZED_WITHIN_C2_LIMIT,0.054893,1.406
2847,40000.0,0.3025,greedy,ZYZZYVA,8.0,1.0,0.051,1,1,1,FINALIZED_WITHIN_C2_LIMIT,0.10691,3.288
2848,40000.0,0.3022,greedy,ZYZZYVA,8.0,1.0,0.051,1,1,1,FINALIZED_WITHIN_C2_LIMIT,0.023382,3.548
2849,40000.0,0.302,greedy,ZYZZYVA,8.0,1.0,0.0543,1,1,1,FINALIZED_WITHIN_C2_LIMIT,0.367229,3.685
2850,40000.0,0.3017,greedy,ZYZZYVA,8.0,1.0,0.0543,1,1,1,FINALIZED_WITHIN_C2_LIMIT,0.436398,3.626
2851,40000.0,0.3015,greedy,ZYZZYVA,8.0,1.0,0.0448,1,1,1,FINALIZED_WITHIN_C2_LIMIT,0.133094,2.838
2852,40000.0,0.3013,greedy,ZYZZYVA,8.0,1.0,0.0448,1,1,1,FINALIZED_WITHIN_C2_LIMIT,0.301588,3.629
2853,40000.0,0.301,greedy,ZYZZYVA,8.0,1.0,0.0448,1,1,1,FINALIZED_WITHIN_C2_LIMIT,0.663837,3.209
2854,40000.0,0.3008,greedy,ZYZZYVA,8.0,1.0,0.0448,1,1,1,FINALIZED_WITHIN_C2_LIMIT,0.403738,3.202
2855,40000.0,0.3005,greedy,ZYZZYVA,8.0,1.0,0.0448,1,1,1,FINALIZED_WITHIN_C2_LIMIT,0.054502,2.879
2856,23000.0,0.3003,explore,ZYZZYVA,4.6,1.0,0.1001,1,1,1,FINALIZED_WITHIN_C2_LIMIT,0.106607,1.853
2857,40000.0,0.3,greedy,ZYZZYVA,8.0,1.0,0.0448,1,1,1,FINALIZED_WITHIN_C2_LIMIT,0.047405,2.577
2858,40000.0,0.2998,greedy,ZYZZYVA,8.0,1.0,0.0448,1,1,1,FINALIZED_WITHIN_C2_LIMIT,0.04336,2.527
2859,40000.0,0.2995,greedy,ZYZZYVA,8.0,1.0,0.0448,1,1,1,FINALIZED_WITHIN_C2_LIMIT,0.12676,2.626
2860,40000.0,0.2993,greedy,ZYZZYVA,8.0,1.0,0.0448,1,1,1,FINALIZED_WITHIN_C2_LIMIT,0.04672,2.801
2861,40000.0,0.2991,greedy,ZYZZYVA,8.0,1.0,0.0448,1,1,1,FINALIZED_WITHIN_C2_LIMIT,0.246618,3.102
2862,40000.0,0.2988,greedy,ZYZZYVA,8.0,1.0,0.0448,1,1,1,FINALIZED_WITHIN_C2_LIMIT,0.432912,2.9
2863,40000.0,0.2986,greedy,ZYZZYVA,8.0,1.0,0.0448,1,1,1,FINALIZED_WITHIN_C2_LIMIT,0.097392,2.564
2864,40000.0,0.2983,greedy,ZYZZYVA,8.0,1.0,0.0448,1,1,1,FINALIZED_WITHIN_C2_LIMIT,0.326911,2.821
2865,10000.0,0.2981,explore,PBFT,2.0,1.0,0.0694,1,1,1,FINALIZED_WITHIN_C2_LIMIT,0.65296,1.236
2866,30000.0,0.2978,explore,ZYZZYVA,6.0,1.0,0.0739,1,1,1,FINALIZED_WITHIN_C2_LIMIT,0.330417,2.144
2867,40000.0,0.2976,greedy,ZYZZYVA,8.0,1.0,0.0448,1,1,1,FINALIZED_WITHIN_C2_LIMIT,0.026322,3.537
2868,40000.0,0.2973,greedy,ZYZZYVA,8.0,1.0,0.0448,1,1,1,FINALIZED_WITHIN_C2_LIMIT,0.118981,3.296
2869,40000.0,0.2971,greedy,ZYZZYVA,8.0,1.0,0.0448,1,1,1,FINALIZED_WITHIN_C2_LIMIT,0.053259,3.753
2870,0.0,0.2968,explore,PBFT,5.8,1.0,0.2811,0,1,1,FINALIZED_WITHIN_C2_LIMIT,0.080629,2.538
2871,40000.0,0.2966,greedy,ZYZZYVA,8.0,1.0,0.0448,1,1,1,FINALIZED_WITHIN_C2_LIMIT,0.094062,3.465
2872,40000.0,0.2964,greedy,ZYZZYVA,8.0,1.0,0.0448,1,1,1,FINALIZED_WITHIN_C2_LIMIT,0.03281,2.953
2873,40000.0,0.2961,greedy,ZYZZYVA,8.0,1.0,0.0543,1,1,1,FINALIZED_WITHIN_C2_LIMIT,0.286036,3.172
2874,0.0,0.2959,explore,PBFT,7.8,1.0,0.2811,0,1,1,FINALIZED_WITHIN_C2_LIMIT,0.424668,2.932
2875,9000.0,0.2956,explore,LIU_QUORUM,1.8,1.0,0.03,1,1,1,FINALIZED_WITHIN_C2_LIMIT,0.110786,0.954
2876,40000.0,0.2954,greedy,ZYZZYVA,8.0,1.0,0.0543,1,1,1,FINALIZED_WITHIN_C2_LIMIT,0.206033,2.918
2877,40000.0,0.2951,greedy,ZYZZYVA,8.0,1.0,0.0543,1,1,1,FINALIZED_WITHIN_C2_LIMIT,0.448259,3.01
2878,40000.0,0.2949,greedy,ZYZZYVA,8.0,1.0,0.0543,1,1,1,FINALIZED_WITHIN_C2_LIMIT,0.164808,3.049
2879,40000.0,0.2946,greedy,ZYZZYVA,8.0,1.0,0.0635,1,1,1,FINALIZED_WITHIN_C2_LIMIT,0.06901,2.291
2880,40000.0,0.2944,greedy,ZYZZYVA,8.0,1.0,0.0543,1,1,1,FINALIZED_WITHIN_C2_LIMIT,0.221998,2.391
2881,40000.0,0.2942,greedy,ZYZZYVA,8.0,1.0,0.0543,1,1,1,FINALIZED_WITHIN_C2_LIMIT,0.0856,2.315
2882,40000.0,0.2939,greedy,ZYZZYVA,8.0,1.0,0.0543,1,1,1,FINALIZED_WITHIN_C2_LIMIT,0.383565,2.797
2883,22000.0,0.2937,explore,PBFT,4.4,1.0,0.0669,1,1,1,FINALIZED_WITHIN_C2_LIMIT,0.725292,1.369
2884,40000.0,0.2934,greedy,ZYZZYVA,8.0,1.0,0.0543,1,1,1,FINALIZED_WITHIN_C2_LIMIT,0.377293,2.498
2885,40000.0,0.2932,greedy,ZYZZYVA,8.0,1.0,0.0543,1,1,1,FINALIZED_WITHIN_C2_LIMIT,0.047047,2.375
2886,9000.0,0.2929,explore,PBFT,1.8,1.0,0.0558,1,1,1,FINALIZED_WITHIN_C2_LIMIT,0.059084,0.894
2887,40000.0,0.2927,greedy,ZYZZYVA,8.0,1.0,0.0543,1,1,1,FINALIZED_WITHIN_C2_LIMIT,0.037112,2.606
2888,40000.0,0.2924,greedy,ZYZZYVA,8.0,1.0,0.0543,1,1,1,FINALIZED_WITHIN_C2_LIMIT,0.038269,2.403
2889,40000.0,0.2922,greedy,ZYZZYVA,8.0,1.0,0.0543,1,1,1,FINALIZED_WITHIN_C2_LIMIT,0.127739,3.255
2890,31000.0,0.2919,explore,LIU_QUORUM,6.2,1.0,0.0315,1,1,1,FINALIZED_WITHIN_C2_LIMIT,0.059281,1.907
2891,40000.0,0.2917,greedy,ZYZZYVA,8.0,1.0,0.0543,1,1,1,FINALIZED_WITHIN_C2_LIMIT,0.307049,2.101
2892,40000.0,0.2915,greedy,ZYZZYVA,8.0,1.0,0.0543,1,1,1,FINALIZED_WITHIN_C2_LIMIT,0.253391,2.223
2893,40000.0,0.2912,greedy,ZYZZYVA,8.0,1.0,0.0543,1,1,1,FINALIZED_WITHIN_C2_LIMIT,0.074177,2.239
2894,40000.0,0.291,greedy,ZYZZYVA,8.0,1.0,0.0543,1,1,1,FINALIZED_WITHIN_C2_LIMIT,0.425415,2.042
2895,40000.0,0.2907,greedy,ZYZZYVA,8.0,1.0,0.0543,1,1,1,FINALIZED_WITHIN_C2_LIMIT,0.698437,2.454
2896,40000.0,0.2905,greedy,ZYZZYVA,8.0,1.0,0.0543,1,1,1,FINALIZED_WITHIN_C2_LIMIT,0.451856,2.552
2897,40000.0,0.2902,greedy,ZYZZYVA,8.0,1.0,0.0543,1,1,1,FINALIZED_WITHIN_C2_LIMIT,0.022004,2.062
2898,26000.0,0.29,explore,ZYZZYVA,5.2,1.0,0.0308,1,1,1,FINALIZED_WITHIN_C2_LIMIT,0.102956,1.442
2899,40000.0,0.2897,greedy,ZYZZYVA,8.0,1.0,0.0635,1,1,1,FINALIZED_WITHIN_C2_LIMIT,0.167056,2.089
2900,2000.0,0.2895,explore,ZYZZYVA,0.4,1.0,0.0453,1,1,1,FINALIZED_WITHIN_C2_LIMIT,0.113252,0.644
2901,40000.0,0.2893,greedy,ZYZZYVA,8.0,1.0,0.0635,1,1,1,FINALIZED_WITHIN_C2_LIMIT,0.124832,2.784
2902,40000.0,0.289,greedy,ZYZZYVA,8.0,1.0,0.0635,1,1,1,FINALIZED_WITHIN_C2_LIMIT,0.316224,2.274
2903,40000.0,0.2888,greedy,ZYZZYVA,8.0,1.0,0.0635,1,1,1,FINALIZED_WITHIN_C2_LIMIT,0.031016,2.923
2904,40000.0,0.2885,greedy,ZYZZYVA,8.0,1.0,0.0635,1,1,1,FINALIZED_WITHIN_C2_LIMIT,0.521662,2.675
2905,40000.0,0.2883,greedy,ZYZZYVA,8.0,1.0,0.0635,1,1,1,FINALIZED_WITHIN_C2_LIMIT,0.911812,2.903
2906,40000.0,0.288,greedy,ZYZZYVA,8.0,1.0,0.0635,1,1,1,FINALIZED_WITHIN_C2_LIMIT,0.567786,2.311
2907,40000.0,0.2878,greedy,ZYZZYVA,8.0,1.0,0.0635,1,1,1,FINALIZED_WITHIN_C2_LIMIT,0.037553,2.418
2908,14000.0,0.2875,explore,PBFT,2.8,1.0,0.068,1,1,1,FINALIZED_WITHIN_C2_LIMIT,0.723484,0.945
2909,40000.0,0.2873,greedy,ZYZZYVA,8.0,1.0,0.0635,1,1,1,FINALIZED_WITHIN_C2_LIMIT,1.795496,2.535
2910,40000.0,0.2871,greedy,ZYZZYVA,8.0,1.0,0.0635,1,1,1,FINALIZED_WITHIN_C2_LIMIT,1.924213,2.255
2911,40000.0,0.2868,greedy,ZYZZYVA,8.0,1.0,0.0635,1,1,1,FINALIZED_WITHIN_C2_LIMIT,0.885542,2.814
2912,40000.0,0.2866,greedy,ZYZZYVA,8.0,1.0,0.0635,1,1,1,FINALIZED_WITHIN_C2_LIMIT,0.081614,2.362
2913,17000.0,0.2863,explore,ZYZZYVA,3.4,1.0,0.0668,1,1,1,FINALIZED_WITHIN_C2_LIMIT,1.111203,1.089
2914,37000.0,0.2861,explore,ZYZZYVA,7.4,1.0,0.0506,1,1,1,FINALIZED_WITHIN_C2_LIMIT,2.619989,2.293
2915,40000.0,0.2858,greedy,ZYZZYVA,8.0,1.0,0.0674,1,1,1,FINALIZED_WITHIN_C2_LIMIT,3.029921,2.154
2916,28000.0,0.2856,explore,ZYZZYVA,5.6,1.0,0.0312,1,1,1,FINALIZED_WITHIN_C2_LIMIT,1.993492,1.54
2917,40000.0,0.2853,greedy,ZYZZYVA,8.0,1.0,0.0674,1,1,1,FINALIZED_WITHIN_C2_LIMIT,0.593718,2.448
2918,40000.0,0.2851,greedy,ZYZZYVA,8.0,1.0,0.0674,1,1,1,FINALIZED_WITHIN_C2_LIMIT,0.132263,2.317
2919,40000.0,0.2848,greedy,ZYZZYVA,8.0,1.0,0.0674,1,1,1,FINALIZED_WITHIN_C2_LIMIT,0.905183,2.284
2920,40000.0,0.2846,greedy,ZYZZYVA,8.0,1.0,0.0674,1,1,1,FINALIZED_WITHIN_C2_LIMIT,0.910561,2.014
2921,40000.0,0.2844,greedy,ZYZZYVA,8.0,1.0,0.0674,1,1,1,FINALIZED_WITHIN_C2_LIMIT,0.352785,2.289
2922,2000.0,0.2841,explore,ZYZZYVA,0.4,1.0,0.0715,1,1,1,FINALIZED_WITHIN_C2_LIMIT,0.054124,0.6
2923,33000.0,0.2839,explore,LIU_QUORUM,6.6,1.0,0.0679,1,1,1,FINALIZED_WITHIN_C2_LIMIT,0.194872,2.192
2924,40000.0,0.2836,greedy,ZYZZYVA,8.0,1.0,0.0635,1,1,1,FINALIZED_WITHIN_C2_LIMIT,0.074926,2.378
2925,29000.0,0.2834,explore,LIU_QUORUM,5.8,1.0,0.0933,1,1,1,FINALIZED_WITHIN_C2_LIMIT,0.201785,1.633
2926,40000.0,0.2831,greedy,ZYZZYVA,8.0,1.0,0.0635,1,1,1,FINALIZED_WITHIN_C2_LIMIT,0.26597,2.125
2927,40000.0,0.2829,greedy,ZYZZYVA,8.0,1.0,0.0635,1,1,1,FINALIZED_WITHIN_C2_LIMIT,0.112268,2.082
2928,40000.0,0.2826,greedy,ZYZZYVA,8.0,1.0,0.0635,1,1,1,FINALIZED_WITHIN_C2_LIMIT,0.262504,2.287
2929,40000.0,0.2824,greedy,ZYZZYVA,8.0,1.0,0.0635,1,1,1,FINALIZED_WITHIN_C2_LIMIT,0.445245,2.206
2930,40000.0,0.2822,greedy,ZYZZYVA,8.0,1.0,0.0635,1,1,1,FINALIZED_WITHIN_C2_LIMIT,0.239694,2.379
2931,40000.0,0.2819,greedy,ZYZZYVA,8.0,1.0,0.0635,1,1,1,FINALIZED_WITHIN_C2_LIMIT,0.075191,2.244
2932,40000.0,0.2817,greedy,ZYZZYVA,8.0,1.0,0.0635,1,1,1,FINALIZED_WITHIN_C2_LIMIT,0.140739,2.762
2933,33000.0,0.2814,explore,ZYZZYVA,6.6,1.0,0.0715,1,1,1,FINALIZED_WITHIN_C2_LIMIT,0.030196,2.042
2934,23000.0,0.2812,explore,PBFT,4.6,1.0,0.1368,1,1,1,FINALIZED_WITHIN_C2_LIMIT,0.296391,1.788
2935,40000.0,0.2809,greedy,ZYZZYVA,8.0,1.0,0.0635,1,1,1,FINALIZED_WITHIN_C2_LIMIT,0.40052,2.857
2936,40000.0,0.2807,greedy,ZYZZYVA,8.0,1.0,0.0635,1,1,1,FINALIZED_WITHIN_C2_LIMIT,0.104114,2.354
2937,40000.0,0.2804,greedy,ZYZZYVA,8.0,1.0,0.0635,1,1,1,FINALIZED_WITHIN_C2_LIMIT,0.266751,2.85
2938,40000.0,0.2802,greedy,ZYZZYVA,8.0,1.0,0.0635,1,1,1,FINALIZED_WITHIN_C2_LIMIT,0.425374,2.266
2939,40000.0,0.2799,greedy,ZYZZYVA,8.0,1.0,0.0635,1,1,1,FINALIZED_WITHIN_C2_LIMIT,0.193258,2.55
2940,40000.0,0.2797,greedy,ZYZZYVA,8.0,1.0,0.0635,1,1,1,FINALIZED_WITHIN_C2_LIMIT,0.094807,2.435
2941,40000.0,0.2795,greedy,ZYZZYVA,8.0,1.0,0.0635,1,1,1,FINALIZED_WITHIN_C2_LIMIT,0.125176,2.459
2942,40000.0,0.2792,greedy,ZYZZYVA,8.0,1.0,0.0635,1,1,1,FINALIZED_WITHIN_C2_LIMIT,0.026536,2.309
2943,0.0,0.279,explore,ZYZZYVA,0.2,1.0,0.2536,0,1,1,FINALIZED_WITHIN_C2_LIMIT,0.079709,0.71
2944,40000.0,0.2787,greedy,ZYZZYVA,8.0,1.0,0.0635,1,1,1,FINALIZED_WITHIN_C2_LIMIT,0.152733,2.396
2945,40000.0,0.2785,greedy,ZYZZYVA,8.0,1.0,0.0635,1,1,1,FINALIZED_WITHIN_C2_LIMIT,0.075221,2.579
2946,40000.0,0.2782,greedy,ZYZZYVA,8.0,1.0,0.0635,1,1,1,FINALIZED_WITHIN_C2_LIMIT,0.154617,2.743
2947,40000.0,0.278,greedy,ZYZZYVA,8.0,1.0,0.0543,1,1,1,FINALIZED_WITHIN_C2_LIMIT,0.190846,2.675
2948,40000.0,0.2777,greedy,ZYZZYVA,8.0,1.0,0.0635,1,1,1,FINALIZED_WITHIN_C2_LIMIT,0.024645,2.319
2949,40000.0,0.2775,greedy,ZYZZYVA,8.0,1.0,0.0543,1,1,1,FINALIZED_WITHIN_C2_LIMIT,0.100813,2.307
2950,40000.0,0.2772,greedy,ZYZZYVA,8.0,1.0,0.0543,1,1,1,FINALIZED_WITHIN_C2_LIMIT,0.053923,2.538
2951,11000.0,0.277,explore,PBFT,2.2,1.0,0.0689,1,1,1,FINALIZED_WITHIN_C2_LIMIT,0.090393,0.939
2952,40000.0,0.2768,greedy,ZYZZYVA,8.0,1.0,0.0541,1,1,1,FINALIZED_WITHIN_C2_LIMIT,0.09884,2.874
2953,40000.0,0.2765,greedy,ZYZZYVA,8.0,1.0,0.0541,1,1,1,FINALIZED_WITHIN_C2_LIMIT,0.07043,2.45
2954,40000.0,0.2763,greedy,ZYZZYVA,8.0,1.0,0.0543,1,1,1,FINALIZED_WITHIN_C2_LIMIT,0.356842,2.428
2955,40000.0,0.276,greedy,ZYZZYVA,8.0,1.0,0.0543,1,1,1,FINALIZED_WITHIN_C2_LIMIT,0.579546,2.393
2956,40000.0,0.2758,greedy,ZYZZYVA,8.0,1.0,0.0543,1,1,1,FINALIZED_WITHIN_C2_LIMIT,0.139006,2.617
2957,40000.0,0.2755,greedy,ZYZZYVA,8.0,1.0,0.0543,1,1,1,FINALIZED_WITHIN_C2_LIMIT,0.240178,2.598
2958,40000.0,0.2753,greedy,ZYZZYVA,8.0,1.0,0.0543,1,1,1,FINALIZED_WITHIN_C2_LIMIT,0.462472,2.998
2959,40000.0,0.275,greedy,LIU_QUORUM,8.0,1.0,0.0635,1,1,1,FINALIZED_WITHIN_C2_LIMIT,0.199321,2.393
2960,40000.0,0.2748,greedy,LIU_QUORUM,8.0,1.0,0.0635,1,1,1,FINALIZED_WITHIN_C2_LIMIT,0.107455,2.924
2961,40000.0,0.2746,greedy,LIU_QUORUM,8.0,1.0,0.0635,1,1,1,FINALIZED_WITHIN_C2_LIMIT,0.143145,2.793
2962,1000.0,0.2743,explore,LIU_QUORUM,0.2,1.0,0.0739,1,1,1,FINALIZED_WITHIN_C2_LIMIT,0.029348,0.687
2963,21000.0,0.2741,explore,ZYZZYVA,4.2,1.0,0.0697,1,1,1,FINALIZED_WITHIN_C2_LIMIT,0.403024,1.438
2964,40000.0,0.2738,greedy,LIU_QUORUM,8.0,1.0,0.0635,1,1,1,FINALIZED_WITHIN_C2_LIMIT,0.62001,2.474
2965,40000.0,0.2736,greedy,LIU_QUORUM,8.0,1.0,0.0635,1,1,1,FINALIZED_WITHIN_C2_LIMIT,0.288063,2.376
2966,40000.0,0.2733,greedy,LIU_QUORUM,8.0,1.0,0.0635,1,1,1,FINALIZED_WITHIN_C2_LIMIT,0.123805,2.657
2967,15000.0,0.2731,explore,ZYZZYVA,3.0,1.0,0.0679,1,1,1,FINALIZED_WITHIN_C2_LIMIT,0.198276,1.177
2968,15000.0,0.2728,explore,LIU_QUORUM,3.0,1.0,0.0316,1,1,1,FINALIZED_WITHIN_C2_LIMIT,0.032844,1.085
2969,37000.0,0.2726,explore,ZYZZYVA,7.4,1.0,0.0278,1,1,1,FINALIZED_WITHIN_C2_LIMIT,0.463044,2.295
2970,0.0,0.2723,explore,ZYZZYVA,0.2,1.0,0.2251,0,1,1,FINALIZED_WITHIN_C2_LIMIT,0.71079,0.554
2971,40000.0,0.2721,greedy,ZYZZYVA,8.0,1.0,0.0635,1,1,1,FINALIZED_WITHIN_C2_LIMIT,0.33381,2.655
2972,40000.0,0.2719,greedy,ZYZZYVA,8.0,1.0,0.0635,1,1,1,FINALIZED_WITHIN_C2_LIMIT,0.055372,2.783
2973,40000.0,0.2716,greedy,ZYZZYVA,8.0,1.0,0.0635,1,1,1,FINALIZED_WITHIN_C2_LIMIT,0.124442,2.433
2974,14000.0,0.2714,explore,LIU_QUORUM,2.8,1.0,0.0278,1,1,1,FINALIZED_WITHIN_C2_LIMIT,0.041885,0.951
2975,40000.0,0.2711,greedy,ZYZZYVA,8.0,1.0,0.0635,1,1,1,FINALIZED_WITHIN_C2_LIMIT,0.444031,2.286
2976,40000.0,0.2709,greedy,ZYZZYVA,8.0,1.0,0.0635,1,1,1,FINALIZED_WITHIN_C2_LIMIT,0.654222,2.119
2977,40000.0,0.2706,greedy,ZYZZYVA,8.0,1.0,0.0635,1,1,1,FINALIZED_WITHIN_C2_LIMIT,0.310887,2.406
2978,40000.0,0.2704,greedy,ZYZZYVA,8.0,1.0,0.0635,1,1,1,FINALIZED_WITHIN_C2_LIMIT,0.050763,2.535
2979,29000.0,0.2701,explore,ZYZZYVA,5.8,1.0,0.0789,1,1,1,FINALIZED_WITHIN_C2_LIMIT,0.159519,1.617
2980,40000.0,0.2699,greedy,ZYZZYVA,8.0,1.0,0.0635,1,1,1,FINALIZED_WITHIN_C2_LIMIT,0.025904,2.113
2981,40000.0,0.2697,greedy,ZYZZYVA,8.0,1.0,0.0635,1,1,1,FINALIZED_WITHIN_C2_LIMIT,0.053123,2.054
2982,40000.0,0.2694,greedy,ZYZZYVA,8.0,1.0,0.0635,1,1,1,FINALIZED_WITHIN_C2_LIMIT,0.165391,2.06
2983,40000.0,0.2692,greedy,ZYZZYVA,8.0,1.0,0.0635,1,1,1,FINALIZED_WITHIN_C2_LIMIT,0.042304,2.164
2984,40000.0,0.2689,greedy,ZYZZYVA,8.0,1.0,0.0635,1,1,1,FINALIZED_WITHIN_C2_LIMIT,0.261086,2.081
2985,40000.0,0.2687,greedy,ZYZZYVA,8.0,1.0,0.0635,1,1,1,FINALIZED_WITHIN_C2_LIMIT,0.283824,2.137
2986,40000.0,0.2684,greedy,ZYZZYVA,8.0,1.0,0.0635,1,1,1,FINALIZED_WITHIN_C2_LIMIT,0.084173,2.273
2987,40000.0,0.2682,greedy,ZYZZYVA,8.0,1.0,0.0635,1,1,1,FINALIZED_WITHIN_C2_LIMIT,0.400215,2.135
2988,13000.0,0.2679,explore,ZYZZYVA,2.6,1.0,0.067,1,1,1,FINALIZED_WITHIN_C2_LIMIT,0.690684,0.887
2989,40000.0,0.2677,greedy,ZYZZYVA,8.0,1.0,0.0635,1,1,1,FINALIZED_WITHIN_C2_LIMIT,0.408231,2.237
2990,28000.0,0.2674,explore,ZYZZYVA,5.6,1.0,0.0298,1,1,1,FINALIZED_WITHIN_C2_LIMIT,0.025641,1.567
2991,19000.0,0.2672,explore,LIU_QUORUM,3.8,1.0,0.0316,1,1,1,FINALIZED_WITHIN_C2_LIMIT,0.242229,1.21
2992,40000.0,0.267,greedy,ZYZZYVA,8.0,1.0,0.0635,1,1,1,FINALIZED_WITHIN_C2_LIMIT,0.315322,2.668
2993,40000.0,0.2667,greedy,ZYZZYVA,8.0,1.0,0.0635,1,1,1,FINALIZED_WITHIN_C2_LIMIT,0.093364,2.49
2994,40000.0,0.2665,greedy,ZYZZYVA,8.0,1.0,0.0635,1,1,1,FINALIZED_WITHIN_C2_LIMIT,0.412798,2.193
2995,40000.0,0.2662,greedy,ZYZZYVA,8.0,1.0,0.0635,1,1,1,FINALIZED_WITHIN_C2_LIMIT,0.776518,2.148
2996,40000.0,0.266,greedy,ZYZZYVA,8.0,1.0,0.0635,1,1,1,FINALIZED_WITHIN_C2_LIMIT,0.529789,2.243
2997,40000.0,0.2657,greedy,ZYZZYVA,8.0,1.0,0.0635,1,1,1,FINALIZED_WITHIN_C2_LIMIT,0.030659,2.129
2998,27000.0,0.2655,explore,LIU_QUORUM,5.4,1.0,0.0708,1,1,1,FINALIZED_WITHIN_C2_LIMIT,0.765581,1.323
2999,38000.0,0.2652,explore,PBFT,7.6,1.0,0.0298,1,1,1,FINALIZED_WITHIN_C2_LIMIT,0.308921,1.994
3000,40000.0,0.265,greedy,ZYZZYVA,8.0,1.0,0.0635,1,1,1,FINALIZED_WITHIN_C2_LIMIT,0.241431,2.252
3001,24000.0,0.2648,explore,ZYZZYVA,4.8,1.0,0.0715,1,1,1,FINALIZED_WITHIN_C2_LIMIT,0.036384,1.6
3002,40000.0,0.2645,greedy,ZYZZYVA,8.0,1.0,0.0635,1,1,1,FINALIZED_WITHIN_C2_LIMIT,0.704581,2.447
3003,40000.0,0.2643,greedy,ZYZZYVA,8.0,1.0,0.0635,1,1,1,FINALIZED_WITHIN_C2_LIMIT,1.269284,2.348
3004,0.0,0.264,explore,LIU_QUORUM,0.6,1.0,0.2355,0,1,1,FINALIZED_WITHIN_C2_LIMIT,1.086547,0.716
3005,28000.0,0.2638,explore,ZYZZYVA,5.6,1.0,0.0679,1,1,1,FINALIZED_WITHIN_C2_LIMIT,0.237173,2.249
3006,5000.0,0.2635,explore,LIU_QUORUM,1.0,1.0,0.0668,1,1,1,FINALIZED_WITHIN_C2_LIMIT,0.204195,0.805
3007,40000.0,0.2633,greedy,ZYZZYVA,8.0,1.0,0.0635,1,1,1,FINALIZED_WITHIN_C2_LIMIT,0.566383,2.511
3008,40000.0,0.263,greedy,ZYZZYVA,8.0,1.0,0.0635,1,1,1,FINALIZED_WITHIN_C2_LIMIT,0.51213,2.341
3009,40000.0,0.2628,greedy,ZYZZYVA,8.0,1.0,0.0635,1,1,1,FINALIZED_WITHIN_C2_LIMIT,0.123553,2.245
3010,40000.0,0.2626,greedy,ZYZZYVA,8.0,1.0,0.0635,1,1,1,FINALIZED_WITHIN_C2_LIMIT,0.376475,2.354
3011,40000.0,0.2623,greedy,ZYZZYVA,8.0,1.0,0.0635,1,1,1,FINALIZED_WITHIN_C2_LIMIT,0.996771,2.584
3012,40000.0,0.2621,greedy,ZYZZYVA,8.0,1.0,0.0635,1,1,1,FINALIZED_WITHIN_C2_LIMIT,0.811832,2.575
3013,40000.0,0.2618,greedy,ZYZZYVA,8.0,1.0,0.0635,1,1,1,FINALIZED_WITHIN_C2_LIMIT,0.168115,2.518
3014,40000.0,0.2616,greedy,ZYZZYVA,8.0,1.0,0.0635,1,1,1,FINALIZED_WITHIN_C2_LIMIT,0.263184,2.58
3015,40000.0,0.2613,greedy,ZYZZYVA,8.0,1.0,0.0635,1,1,1,FINALIZED_WITHIN_C2_LIMIT,0.737396,2.653
3016,5000.0,0.2611,explore,LIU_QUORUM,1.0,1.0,0.0315,1,1,1,FINALIZED_WITHIN_C2_LIMIT,0.506771,0.684
3017,40000.0,0.2608,greedy,ZYZZYVA,8.0,1.0,0.0635,1,1,1,FINALIZED_WITHIN_C2_LIMIT,0.105602,3.339
3018,40000.0,0.2606,greedy,ZYZZYVA,8.0,1.0,0.0635,1,1,1,FINALIZED_WITHIN_C2_LIMIT,0.38906,2.491
3019,40000.0,0.2603,greedy,ZYZZYVA,8.0,1.0,0.0635,1,1,1,FINALIZED_WITHIN_C2_LIMIT,0.916113,2.829
3020,40000.0,0.2601,greedy,ZYZZYVA,8.0,1.0,0.0635,1,1,1,FINALIZED_WITHIN_C2_LIMIT,0.753838,2.479
3021,40000.0,0.2599,greedy,ZYZZYVA,8.0,1.0,0.0635,1,1,1,FINALIZED_WITHIN_C2_LIMIT,0.130377,2.615
3022,40000.0,0.2596,greedy,ZYZZYVA,8.0,1.0,0.0635,1,1,1,FINALIZED_WITHIN_C2_LIMIT,0.253381,2.838
3023,40000.0,0.2594,greedy,ZYZZYVA,8.0,1.0,0.0635,1,1,1,FINALIZED_WITHIN_C2_LIMIT,0.630242,2.691
3024,40000.0,0.2591,greedy,ZYZZYVA,8.0,1.0,0.0635,1,1,1,FINALIZED_WITHIN_C2_LIMIT,0.540155,2.468
3025,40000.0,0.2589,greedy,ZYZZYVA,8.0,1.0,0.0635,1,1,1,FINALIZED_WITHIN_C2_LIMIT,0.079744,2.614
3026,40000.0,0.2586,greedy,ZYZZYVA,8.0,1.0,0.0635,1,1,1,FINALIZED_WITHIN_C2_LIMIT,0.448485,2.531
3027,40000.0,0.2584,greedy,ZYZZYVA,8.0,1.0,0.0635,1,1,1,FINALIZED_WITHIN_C2_LIMIT,0.952623,2.43
3028,40000.0,0.2581,greedy,ZYZZYVA,8.0,1.0,0.0635,1,1,1,FINALIZED_WITHIN_C2_LIMIT,0.894384,2.543
3029,40000.0,0.2579,greedy,ZYZZYVA,8.0,1.0,0.0635,1,1,1,FINALIZED_WITHIN_C2_LIMIT,0.051276,2.634
3030,17000.0,0.2577,explore,ZYZZYVA,3.4,1.0,0.0779,1,1,1,FINALIZED_WITHIN_C2_LIMIT,1.064509,1.105
3031,40000.0,0.2574,greedy,ZYZZYVA,8.0,1.0,0.064,1,1,1,FINALIZED_WITHIN_C2_LIMIT,1.576489,2.29
3032,40000.0,0.2572,greedy,ZYZZYVA,8.0,1.0,0.064,1,1,1,FINALIZED_WITHIN_C2_LIMIT,0.802126,2.295
3033,40000.0,0.2569,greedy,ZYZZYVA,8.0,1.0,0.0725,1,1,1,FINALIZED_WITHIN_C2_LIMIT,0.065454,2.022
3034,22000.0,0.2567,explore,PBFT,4.4,1.0,0.0299,1,1,1,FINALIZED_WITHIN_C2_LIMIT,1.254049,1.484
3035,40000.0,0.2564,greedy,ZYZZYVA,8.0,1.0,0.0658,1,1,1,FINALIZED_WITHIN_C2_LIMIT,2.336196,2.385
3036,40000.0,0.2562,greedy,ZYZZYVA,8.0,1.0,0.064,1,1,1,FINALIZED_WITHIN_C2_LIMIT,1.92853,2.341
3037,14000.0,0.2559,explore,ZYZZYVA,2.8,1.0,0.0278,1,1,1,FINALIZED_WITHIN_C2_LIMIT,0.811214,1.041
3038,40000.0,0.2557,greedy,ZYZZYVA,8.0,1.0,0.0725,1,1,1,FINALIZED_WITHIN_C2_LIMIT,0.068681,2.096
3039,29000.0,0.2554,explore,ZYZZYVA,5.8,1.0,0.0609,1,1,1,FINALIZED_WITHIN_C2_LIMIT,0.252815,1.588
3040,27000.0,0.2552,explore,ZYZZYVA,5.4,1.0,0.0779,1,1,1,FINALIZED_WITHIN_C2_LIMIT,0.204127,1.625
3041,40000.0,0.255,greedy,ZYZZYVA,8.0,1.0,0.0623,1,1,1,FINALIZED_WITHIN_C2_LIMIT,0.069843,2.043
3042,40000.0,0.2547,greedy,ZYZZYVA,8.0,1.0,0.0623,1,1,1,FINALIZED_WITHIN_C2_LIMIT,0.041666,2.982
3043,40000.0,0.2545,greedy,ZYZZYVA,8.0,1.0,0.0623,1,1,1,FINALIZED_WITHIN_C2_LIMIT,0.083282,2.406
3044,40000.0,0.2542,greedy,ZYZZYVA,8.0,1.0,0.0612,1,1,1,FINALIZED_WITHIN_C2_LIMIT,0.088361,2.696
3045,32000.0,0.254,explore,LIU_QUORUM,6.4,1.0,0.0697,1,1,1,FINALIZED_WITHIN_C2_LIMIT,0.093816,1.733
3046,40000.0,0.2537,greedy,ZYZZYVA,8.0,1.0,0.0612,1,1,1,FINALIZED_WITHIN_C2_LIMIT,0.116473,2.314
3047,40000.0,0.2535,greedy,ZYZZYVA,8.0,1.0,0.0612,1,1,1,FINALIZED_WITHIN_C2_LIMIT,0.050301,2.072
3048,40000.0,0.2532,greedy,ZYZZYVA,8.0,1.0,0.0612,1,1,1,FINALIZED_WITHIN_C2_LIMIT,0.039763,2.208
3049,40000.0,0.253,greedy,ZYZZYVA,8.0,1.0,0.0635,1,1,1,FINALIZED_WITHIN_C2_LIMIT,0.203138,1.958
3050,40000.0,0.2528,greedy,ZYZZYVA,8.0,1.0,0.0725,1,1,1,FINALIZED_WITHIN_C2_LIMIT,0.157904,2.063
3051,40000.0,0.2525,greedy,ZYZZYVA,8.0,1.0,0.0725,1,1,1,FINALIZED_WITHIN_C2_LIMIT,0.068291,2.084
3052,40000.0,0.2523,greedy,ZYZZYVA,8.0,1.0,0.0725,1,1,1,FINALIZED_WITHIN_C2_LIMIT,0.059661,1.99
3053,40000.0,0.252,greedy,ZYZZYVA,8.0,1.0,0.0725,1,1,1,FINALIZED_WITHIN_C2_LIMIT,0.031025,2.156
3054,5000.0,0.2518,explore,LIU_QUORUM,1.0,1.0,0.0668,1,1,1,FINALIZED_WITHIN_C2_LIMIT,0.179195,0.671
3055,40000.0,0.2515,greedy,ZYZZYVA,8.0,1.0,0.051,1,1,1,FINALIZED_WITHIN_C2_LIMIT,0.075329,2.362
3056,40000.0,0.2513,greedy,ZYZZYVA,8.0,1.0,0.051,1,1,1,FINALIZED_WITHIN_C2_LIMIT,0.192079,2.519
3057,40000.0,0.251,greedy,ZYZZYVA,8.0,1.0,0.051,1,1,1,FINALIZED_WITHIN_C2_LIMIT,0.147104,2.409
3058,40000.0,0.2508,greedy,ZYZZYVA,8.0,1.0,0.0501,1,1,1,FINALIZED_WITHIN_C2_LIMIT,0.052767,2.3
3059,40000.0,0.2505,greedy,ZYZZYVA,8.0,1.0,0.0501,1,1,1,FINALIZED_WITHIN_C2_LIMIT,0.032156,2.312
3060,40000.0,0.2503,explore,LIU_QUORUM,8.0,1.0,0.104,1,1,1,FINALIZED_WITHIN_C2_LIMIT,0.067764,2.166
3061,40000.0,0.2501,greedy,ZYZZYVA,8.0,1.0,0.0448,1,1,1,FINALIZED_WITHIN_C2_LIMIT,0.175932,2.042
3062,40000.0,0.2498,greedy,ZYZZYVA,8.0,1.0,0.0448,1,1,1,FINALIZED_WITHIN_C2_LIMIT,0.060018,2.041
3063,40000.0,0.2496,greedy,ZYZZYVA,8.0,1.0,0.0448,1,1,1,FINALIZED_WITHIN_C2_LIMIT,0.085782,2.233
3064,40000.0,0.2493,greedy,ZYZZYVA,8.0,1.0,0.0448,1,1,1,FINALIZED_WITHIN_C2_LIMIT,0.05021,1.971
3065,40000.0,0.2491,greedy,ZYZZYVA,8.0,1.0,0.0448,1,1,1,FINALIZED_WITHIN_C2_LIMIT,0.033061,2.127
3066,40000.0,0.2488,greedy,ZYZZYVA,8.0,1.0,0.0398,1,1,1,FINALIZED_WITHIN_C2_LIMIT,0.179122,2.041
3067,40000.0,0.2486,greedy,ZYZZYVA,8.0,1.0,0.0498,1,1,1,FINALIZED_WITHIN_C2_LIMIT,0.090881,2.026
3068,40000.0,0.2483,greedy,ZYZZYVA,8.0,1.0,0.0498,1,1,1,FINALIZED_WITHIN_C2_LIMIT,0.118678,2.3
3069,25000.0,0.2481,explore,ZYZZYVA,5.0,1.0,0.0651,1,1,1,FINALIZED_WITHIN_C2_LIMIT,0.119007,1.426
3070,40000.0,0.2479,greedy,ZYZZYVA,8.0,1.0,0.0498,1,1,1,FINALIZED_WITHIN_C2_LIMIT,0.112754,2.569
3071,40000.0,0.2476,greedy,ZYZZYVA,8.0,1.0,0.0498,1,1,1,FINALIZED_WITHIN_C2_LIMIT,0.037278,2.075
3072,40000.0,0.2474,greedy,ZYZZYVA,8.0,1.0,0.0498,1,1,1,FINALIZED_WITHIN_C2_LIMIT,0.233686,2.207
3073,40000.0,0.2471,greedy,ZYZZYVA,8.0,1.0,0.0498,1,1,1,FINALIZED_WITHIN_C2_LIMIT,0.230359,2.052
3074,18000.0,0.2469,explore,ZYZZYVA,3.6,1.0,0.0294,1,1,1,FINALIZED_WITHIN_C2_LIMIT,0.034906,1.174
3075,40000.0,0.2466,greedy,ZYZZYVA,8.0,1.0,0.0498,1,1,1,FINALIZED_WITHIN_C2_LIMIT,0.138075,2.515
3076,15000.0,0.2464,explore,LIU_QUORUM,3.0,1.0,0.1723,1,1,1,FINALIZED_WITHIN_C2_LIMIT,0.100646,1.071
3077,40000.0,0.2461,greedy,ZYZZYVA,8.0,1.0,0.0498,1,1,1,FINALIZED_WITHIN_C2_LIMIT,0.149423,2.288
3078,40000.0,0.2459,greedy,ZYZZYVA,8.0,1.0,0.0498,1,1,1,FINALIZED_WITHIN_C2_LIMIT,0.191814,2.486
3079,40000.0,0.2456,greedy,ZYZZYVA,8.0,1.0,0.0498,1,1,1,FINALIZED_WITHIN_C2_LIMIT,0.044419,2.586
3080,40000.0,0.2454,greedy,ZYZZYVA,8.0,1.0,0.0498,1,1,1,FINALIZED_WITHIN_C2_LIMIT,0.434125,2.675
3081,40000.0,0.2452,greedy,ZYZZYVA,8.0,1.0,0.0498,1,1,1,FINALIZED_WITHIN_C2_LIMIT,0.734572,2.586
3082,40000.0,0.2449,greedy,ZYZZYVA,8.0,1.0,0.0498,1,1,1,FINALIZED_WITHIN_C2_LIMIT,0.248377,2.338
3083,40000.0,0.2447,greedy,ZYZZYVA,8.0,1.0,0.0498,1,1,1,FINALIZED_WITHIN_C2_LIMIT,0.126633,2.547
3084,40000.0,0.2444,greedy,ZYZZYVA,8.0,1.0,0.0498,1,1,1,FINALIZED_WITHIN_C2_LIMIT,0.225162,2.368
3085,36000.0,0.2442,explore,LIU_QUORUM,7.2,1.0,0.0689,1,1,1,FINALIZED_WITHIN_C2_LIMIT,0.077628,2.316
3086,40000.0,0.2439,greedy,ZYZZYVA,8.0,1.0,0.0498,1,1,1,FINALIZED_WITHIN_C2_LIMIT,0.273639,2.491
3087,40000.0,0.2437,greedy,ZYZZYVA,8.0,1.0,0.051,1,1,1,FINALIZED_WITHIN_C2_LIMIT,0.467619,2.291
3088,40000.0,0.2434,greedy,ZYZZYVA,8.0,1.0,0.051,1,1,1,FINALIZED_WITHIN_C2_LIMIT,0.186188,2.233
3089,40000.0,0.2432,greedy,ZYZZYVA,8.0,1.0,0.051,1,1,1,FINALIZED_WITHIN_C2_LIMIT,0.146411,1.987
3090,40000.0,0.2429,greedy,ZYZZYVA,8.0,1.0,0.051,1,1,1,FINALIZED_WITHIN_C2_LIMIT,0.315366,2.344
3091,40000.0,0.2427,greedy,ZYZZYVA,8.0,1.0,0.051,1,1,1,FINALIZED_WITHIN_C2_LIMIT,0.111333,2.119
3092,40000.0,0.2425,greedy,ZYZZYVA,8.0,1.0,0.051,1,1,1,FINALIZED_WITHIN_C2_LIMIT,0.227162,2.198
3093,40000.0,0.2422,greedy,ZYZZYVA,8.0,1.0,0.051,1,1,1,FINALIZED_WITHIN_C2_LIMIT,0.414729,2.457
3094,26000.0,0.242,explore,LIU_QUORUM,5.2,1.0,0.1982,1,1,1,FINALIZED_WITHIN_C2_LIMIT,0.131322,1.645
3095,11000.0,0.2417,explore,LIU_QUORUM,2.2,1.0,0.0963,1,1,1,FINALIZED_WITHIN_C2_LIMIT,0.199337,0.923
3096,1000.0,0.2415,explore,PBFT,0.2,1.0,0.0312,1,1,1,FINALIZED_WITHIN_C2_LIMIT,0.373949,0.404
3097,40000.0,0.2412,greedy,ZYZZYVA,8.0,1.0,0.051,1,1,1,FINALIZED_WITHIN_C2_LIMIT,0.123975,2.702
3098,40000.0,0.241,greedy,ZYZZYVA,8.0,1.0,0.051,1,1,1,FINALIZED_WITHIN_C2_LIMIT,0.177038,2.806
3099,40000.0,0.2407,greedy,ZYZZYVA,8.0,1.0,0.051,1,1,1,FINALIZED_WITHIN_C2_LIMIT,0.194229,3.052
3100,8000.0,0.2405,explore,ZYZZYVA,1.6,1.0,0.1368,1,1,1,FINALIZED_WITHIN_C2_LIMIT,0.122527,0.929
3101,40000.0,0.2403,greedy,ZYZZYVA,8.0,1.0,0.051,1,1,1,FINALIZED_WITHIN_C2_LIMIT,0.103752,2.452
3102,40000.0,0.24,greedy,ZYZZYVA,8.0,1.0,0.051,1,1,1,FINALIZED_WITHIN_C2_LIMIT,0.044823,2.347
3103,40000.0,0.2398,greedy,ZYZZYVA,8.0,1.0,0.051,1,1,1,FINALIZED_WITHIN_C2_LIMIT,0.019643,2.442
3104,1000.0,0.2395,explore,ZYZZYVA,0.2,1.0,0.0278,1,1,1,FINALIZED_WITHIN_C2_LIMIT,0.141667,0.33
3105,40000.0,0.2393,greedy,ZYZZYVA,8.0,1.0,0.051,1,1,1,FINALIZED_WITHIN_C2_LIMIT,0.060543,2.286
3106,40000.0,0.239,greedy,ZYZZYVA,8.0,1.0,0.051,1,1,1,FINALIZED_WITHIN_C2_LIMIT,0.203721,2.725
3107,40000.0,0.2388,greedy,ZYZZYVA,8.0,1.0,0.051,1,1,1,FINALIZED_WITHIN_C2_LIMIT,0.202038,2.472
3108,40000.0,0.2385,greedy,ZYZZYVA,8.0,1.0,0.0603,1,1,1,FINALIZED_WITHIN_C2_LIMIT,0.091309,2.419
3109,7000.0,0.2383,explore,PBFT,1.4,1.0,0.0362,1,1,1,FINALIZED_WITHIN_C2_LIMIT,0.512106,0.725
3110,40000.0,0.2381,greedy,ZYZZYVA,8.0,1.0,0.0498,1,1,1,FINALIZED_WITHIN_C2_LIMIT,0.867443,1.84
3111,29000.0,0.2378,explore,ZYZZYVA,5.8,1.0,0.0668,1,1,1,FINALIZED_WITHIN_C2_LIMIT,0.531633,1.599
3112,18000.0,0.2376,explore,PBFT,3.6,1.0,0.0674,1,1,1,FINALIZED_WITHIN_C2_LIMIT,0.054595,1.181
3113,29000.0,0.2373,explore,LIU_QUORUM,5.8,1.0,0.0291,1,1,1,FINALIZED_WITHIN_C2_LIMIT,0.761459,1.592
3114,40000.0,0.2371,greedy,ZYZZYVA,8.0,1.0,0.0603,1,1,1,FINALIZED_WITHIN_C2_LIMIT,1.802342,2.096
3115,40000.0,0.2368,greedy,ZYZZYVA,8.0,1.0,0.0543,1,1,1,FINALIZED_WITHIN_C2_LIMIT,1.778844,2.294
3116,28000.0,0.2366,explore,ZYZZYVA,5.6,1.0,0.1459,1,1,1,FINALIZED_WITHIN_C2_LIMIT,0.821522,1.487
3117,40000.0,0.2363,greedy,ZYZZYVA,8.0,1.0,0.0498,1,1,1,FINALIZED_WITHIN_C2_LIMIT,0.029133,2.298
3118,40000.0,0.2361,greedy,ZYZZYVA,8.0,1.0,0.0498,1,1,1,FINALIZED_WITHIN_C2_LIMIT,0.790877,1.957
3119,40000.0,0.2358,greedy,ZYZZYVA,8.0,1.0,0.0498,1,1,1,FINALIZED_WITHIN_C2_LIMIT,1.788235,2.497
3120,40000.0,0.2356,greedy,ZYZZYVA,8.0,1.0,0.0498,1,1,1,FINALIZED_WITHIN_C2_LIMIT,1.681704,1.843
3121,40000.0,0.2354,greedy,ZYZZYVA,8.0,1.0,0.0498,1,1,1,FINALIZED_WITHIN_C2_LIMIT,0.795795,2.004
3122,40000.0,0.2351,greedy,ZYZZYVA,8.0,1.0,0.0437,1,1,1,FINALIZED_WITHIN_C2_LIMIT,0.105014,2.035
3123,1000.0,0.2349,explore,LIU_QUORUM,0.2,1.0,0.0312,1,1,1,FINALIZED_WITHIN_C2_LIMIT,0.079843,0.562
3124,40000.0,0.2346,greedy,ZYZZYVA,8.0,1.0,0.0524,1,1,1,FINALIZED_WITHIN_C2_LIMIT,0.090643,2.644
3125,40000.0,0.2344,greedy,ZYZZYVA,8.0,1.0,0.0453,1,1,1,FINALIZED_WITHIN_C2_LIMIT,0.201909,2.346
3126,40000.0,0.2341,greedy,ZYZZYVA,8.0,1.0,0.0453,1,1,1,FINALIZED_WITHIN_C2_LIMIT,0.324367,2.622
3127,40000.0,0.2339,greedy,ZYZZYVA,8.0,1.0,0.0524,1,1,1,FINALIZED_WITHIN_C2_LIMIT,0.071764,2.432
3128,40000.0,0.2336,greedy,ZYZZYVA,8.0,1.0,0.0541,1,1,1,FINALIZED_WITHIN_C2_LIMIT,0.441926,2.945
3129,40000.0,0.2334,greedy,ZYZZYVA,8.0,1.0,0.0543,1,1,1,FINALIZED_WITHIN_C2_LIMIT,0.839075,2.531
3130,40000.0,0.2332,greedy,ZYZZYVA,8.0,1.0,0.0543,1,1,1,FINALIZED_WITHIN_C2_LIMIT,0.5186,2.587
3131,19000.0,0.2329,explore,LIU_QUORUM,3.8,1.0,0.0298,1,1,1,FINALIZED_WITHIN_C2_LIMIT,0.079326,1.203
3132,40000.0,0.2327,greedy,ZYZZYVA,8.0,1.0,0.0501,1,1,1,FINALIZED_WITHIN_C2_LIMIT,0.837013,2.478
3133,40000.0,0.2324,greedy,ZYZZYVA,8.0,1.0,0.0543,1,1,1,FINALIZED_WITHIN_C2_LIMIT,1.812709,2.537
3134,40000.0,0.2322,greedy,ZYZZYVA,8.0,1.0,0.0543,1,1,1,FINALIZED_WITHIN_C2_LIMIT,1.809296,2.349
3135,40000.0,0.2319,greedy,ZYZZYVA,8.0,1.0,0.0543,1,1,1,FINALIZED_WITHIN_C2_LIMIT,0.907636,2.167
3136,40000.0,0.2317,greedy,ZYZZYVA,8.0,1.0,0.0543,1,1,1,FINALIZED_WITHIN_C2_LIMIT,0.042689,2.521
3137,40000.0,0.2314,greedy,ZYZZYVA,8.0,1.0,0.0674,1,1,1,FINALIZED_WITHIN_C2_LIMIT,1.01817,2.924
3138,40000.0,0.2312,greedy,ZYZZYVA,8.0,1.0,0.0674,1,1,1,FINALIZED_WITHIN_C2_LIMIT,2.562235,2.98
3139,40000.0,0.2309,greedy,ZYZZYVA,8.0,1.0,0.0674,1,1,1,FINALIZED_WITHIN_C2_LIMIT,3.177109,2.579
3140,40000.0,0.2307,greedy,ZYZZYVA,8.0,1.0,0.0674,1,1,1,FINALIZED_WITHIN_C2_LIMIT,2.074356,3.109
3141,40000.0,0.2305,greedy,ZYZZYVA,8.0,1.0,0.0674,1,1,1,FINALIZED_WITHIN_C2_LIMIT,0.836208,2.458
3142,39000.0,0.2302,explore,LIU_QUORUM,7.8,1.0,0.0758,1,1,1,FINALIZED_WITHIN_C2_LIMIT,0.066903,2.253
3143,40000.0,0.23,greedy,ZYZZYVA,8.0,1.0,0.0674,1,1,1,FINALIZED_WITHIN_C2_LIMIT,0.463534,2.213
3144,40000.0,0.2297,greedy,ZYZZYVA,8.0,1.0,0.0674,1,1,1,FINALIZED_WITHIN_C2_LIMIT,0.439832,2.218
3145,40000.0,0.2295,greedy,ZYZZYVA,8.0,1.0,0.0674,1,1,1,FINALIZED_WITHIN_C2_LIMIT,0.125706,2.253
3146,40000.0,0.2292,greedy,ZYZZYVA,8.0,1.0,0.0674,1,1,1,FINALIZED_WITHIN_C2_LIMIT,0.240534,2.121
3147,22000.0,0.229,explore,PBFT,4.4,1.0,0.0689,1,1,1,FINALIZED_WITHIN_C2_LIMIT,0.527847,1.453
3148,40000.0,0.2287,greedy,ZYZZYVA,8.0,1.0,0.0674,1,1,1,FINALIZED_WITHIN_C2_LIMIT,0.36414,2.63
3149,40000.0,0.2285,greedy,ZYZZYVA,8.0,1.0,0.0674,1,1,1,FINALIZED_WITHIN_C2_LIMIT,0.036282,2.419
3150,40000.0,0.2283,greedy,ZYZZYVA,8.0,1.0,0.0674,1,1,1,FINALIZED_WITHIN_C2_LIMIT,0.254228,2.596
3151,40000.0,0.228,greedy,ZYZZYVA,8.0,1.0,0.0674,1,1,1,FINALIZED_WITHIN_C2_LIMIT,0.28852,2.27
3152,40000.0,0.2278,greedy,ZYZZYVA,8.0,1.0,0.0674,1,1,1,FINALIZED_WITHIN_C2_LIMIT,0.091366,2.508
3153,27000.0,0.2275,explore,PBFT,5.4,1.0,0.0881,1,1,1,FINALIZED_WITHIN_C2_LIMIT,0.407262,1.809
3154,40000.0,0.2273,greedy,ZYZZYVA,8.0,1.0,0.0674,1,1,1,FINALIZED_WITHIN_C2_LIMIT,0.719359,2.473
3155,40000.0,0.227,greedy,ZYZZYVA,8.0,1.0,0.0674,1,1,1,FINALIZED_WITHIN_C2_LIMIT,0.541514,2.1
3156,40000.0,0.2268,greedy,ZYZZYVA,8.0,1.0,0.0674,1,1,1,FINALIZED_WITHIN_C2_LIMIT,0.035292,2.361
3157,40000.0,0.2265,greedy,ZYZZYVA,8.0,1.0,0.0674,1,1,1,FINALIZED_WITHIN_C2_LIMIT,0.509469,2.26
3158,40000.0,0.2263,greedy,ZYZZYVA,8.0,1.0,0.0674,1,1,1,FINALIZED_WITHIN_C2_LIMIT,1.205795,2.462
3159,40000.0,0.226,greedy,ZYZZYVA,8.0,1.0,0.0674,1,1,1,FINALIZED_WITHIN_C2_LIMIT,1.100734,2.087
3160,40000.0,0.2258,greedy,ZYZZYVA,8.0,1.0,0.0674,1,1,1,FINALIZED_WITHIN_C2_LIMIT,0.446622,2.308
3161,22000.0,0.2256,explore,ZYZZYVA,4.4,1.0,0.0674,1,1,1,FINALIZED_WITHIN_C2_LIMIT,0.044594,1.281
3162,40000.0,0.2253,greedy,ZYZZYVA,8.0,1.0,0.0674,1,1,1,FINALIZED_WITHIN_C2_LIMIT,0.291809,2.097
3163,40000.0,0.2251,greedy,ZYZZYVA,8.0,1.0,0.0674,1,1,1,FINALIZED_WITHIN_C2_LIMIT,0.141448,2.028
3164,40000.0,0.2248,greedy,ZYZZYVA,8.0,1.0,0.075,1,1,1,FINALIZED_WITHIN_C2_LIMIT,0.040703,1.824
3165,40000.0,0.2246,greedy,ZYZZYVA,8.0,1.0,0.075,1,1,1,FINALIZED_WITHIN_C2_LIMIT,0.078192,2.068
3166,40000.0,0.2243,greedy,ZYZZYVA,8.0,1.0,0.0674,1,1,1,FINALIZED_WITHIN_C2_LIMIT,0.053666,2.153
3167,40000.0,0.2241,greedy,ZYZZYVA,8.0,1.0,0.0674,1,1,1,FINALIZED_WITHIN_C2_LIMIT,0.047501,2.232
3168,40000.0,0.2238,greedy,ZYZZYVA,8.0,1.0,0.075,1,1,1,FINALIZED_WITHIN_C2_LIMIT,0.14651,1.967
3169,40000.0,0.2236,greedy,ZYZZYVA,8.0,1.0,0.0674,1,1,1,FINALIZED_WITHIN_C2_LIMIT,0.169916,2.105
3170,40000.0,0.2234,greedy,ZYZZYVA,8.0,1.0,0.0674,1,1,1,FINALIZED_WITHIN_C2_LIMIT,0.113402,2.249
3171,40000.0,0.2231,greedy,ZYZZYVA,8.0,1.0,0.0543,1,1,1,FINALIZED_WITHIN_C2_LIMIT,0.499141,2.092
3172,40000.0,0.2229,greedy,ZYZZYVA,8.0,1.0,0.0543,1,1,1,FINALIZED_WITHIN_C2_LIMIT,0.815427,2.197
3173,40000.0,0.2226,greedy,ZYZZYVA,8.0,1.0,0.0543,1,1,1,FINALIZED_WITHIN_C2_LIMIT,0.567072,1.963
3174,40000.0,0.2224,greedy,ZYZZYVA,8.0,1.0,0.0635,1,1,1,FINALIZED_WITHIN_C2_LIMIT,0.116387,2.006
3175,40000.0,0.2221,greedy,ZYZZYVA,8.0,1.0,0.0635,1,1,1,FINALIZED_WITHIN_C2_LIMIT,0.501547,2.197
3176,20000.0,0.2219,explore,ZYZZYVA,4.0,1.0,0.1001,1,1,1,FINALIZED_WITHIN_C2_LIMIT,1.220087,1.236
3177,40000.0,0.2216,greedy,ZYZZYVA,8.0,1.0,0.0635,1,1,1,FINALIZED_WITHIN_C2_LIMIT,1.13007,2.139
3178,21000.0,0.2214,explore,PBFT,4.2,1.0,0.0789,1,1,1,FINALIZED_WITHIN_C2_LIMIT,0.458682,1.177
3179,40000.0,0.2211,greedy,ZYZZYVA,8.0,1.0,0.0729,1,1,1,FINALIZED_WITHIN_C2_LIMIT,0.10381,1.998
3180,13000.0,0.2209,explore,PBFT,2.6,1.0,0.0609,1,1,1,FINALIZED_WITHIN_C2_LIMIT,0.219697,0.899
3181,5000.0,0.2207,explore,LIU_QUORUM,1.0,1.0,0.0609,1,1,1,FINALIZED_WITHIN_C2_LIMIT,0.12342,0.632
3182,40000.0,0.2204,greedy,ZYZZYVA,8.0,1.0,0.0729,1,1,1,FINALIZED_WITHIN_C2_LIMIT,0.078473,2.049
3183,40000.0,0.2202,greedy,ZYZZYVA,8.0,1.0,0.0729,1,1,1,FINALIZED_WITHIN_C2_LIMIT,0.106695,2.224
3184,40000.0,0.2199,greedy,ZYZZYVA,8.0,1.0,0.0729,1,1,1,FINALIZED_WITHIN_C2_LIMIT,0.047927,2.358
3185,17000.0,0.2197,explore,PBFT,3.4,1.0,0.1982,1,1,1,FINALIZED_WITHIN_C2_LIMIT,0.064175,1.089
3186,40000.0,0.2194,greedy,ZYZZYVA,8.0,1.0,0.0729,1,1,1,FINALIZED_WITHIN_C2_LIMIT,0.045917,2.205
3187,40000.0,0.2192,greedy,ZYZZYVA,8.0,1.0,0.0729,1,1,1,FINALIZED_WITHIN_C2_LIMIT,0.067934,2.114
3188,40000.0,0.2189,greedy,ZYZZYVA,8.0,1.0,0.0719,1,1,1,FINALIZED_WITHIN_C2_LIMIT,0.101719,2.122
3189,40000.0,0.2187,greedy,ZYZZYVA,8.0,1.0,0.0719,1,1,1,FINALIZED_WITHIN_C2_LIMIT,0.121924,1.966
3190,40000.0,0.2185,greedy,ZYZZYVA,8.0,1.0,0.0719,1,1,1,FINALIZED_WITHIN_C2_LIMIT,0.034024,2.017
3191,40000.0,0.2182,greedy,ZYZZYVA,8.0,1.0,0.0612,1,1,1,FINALIZED_WITHIN_C2_LIMIT,0.199419,1.887
3192,40000.0,0.218,greedy,ZYZZYVA,8.0,1.0,0.0612,1,1,1,FINALIZED_WITHIN_C2_LIMIT,0.229901,1.843
3193,23000.0,0.2177,explore,LIU_QUORUM,4.6,1.0,0.1001,1,1,1,FINALIZED_WITHIN_C2_LIMIT,0.078405,1.329
3194,40000.0,0.2175,greedy,ZYZZYVA,8.0,1.0,0.0619,1,1,1,FINALIZED_WITHIN_C2_LIMIT,0.343906,1.949
3195,40000.0,0.2172,greedy,ZYZZYVA,8.0,1.0,0.0619,1,1,1,FINALIZED_WITHIN_C2_LIMIT,0.44106,1.968
3196,40000.0,0.217,greedy,ZYZZYVA,8.0,1.0,0.0619,1,1,1,FINALIZED_WITHIN_C2_LIMIT,0.17693,1.959
3197,5000.0,0.2167,explore,PBFT,1.0,1.0,0.0697,1,1,1,FINALIZED_WITHIN_C2_LIMIT,0.188376,0.663
3198,36000.0,0.2165,explore,LIU_QUORUM,7.2,1.0,0.0694,1,1,1,FINALIZED_WITHIN_C2_LIMIT,0.350696,1.844
3199,40000.0,0.2162,greedy,ZYZZYVA,8.0,1.0,0.0619,1,1,1,FINALIZED_WITHIN_C2_LIMIT,0.164826,2.277
3200,40000.0,0.216,greedy,ZYZZYVA,8.0,1.0,0.0719,1,1,1,FINALIZED_WITHIN_C2_LIMIT,0.066366,2.307
3201,40000.0,0.2158,greedy,ZYZZYVA,8.0,1.0,0.0635,1,1,1,FINALIZED_WITHIN_C2_LIMIT,0.180696,2.363
3202,40000.0,0.2155,greedy,ZYZZYVA,8.0,1.0,0.0635,1,1,1,FINALIZED_WITHIN_C2_LIMIT,0.040286,2.473
3203,40000.0,0.2153,greedy,ZYZZYVA,8.0,1.0,0.0635,1,1,1,FINALIZED_WITHIN_C2_LIMIT,0.373875,2.081
3204,40000.0,0.215,greedy,ZYZZYVA,8.0,1.0,0.0635,1,1,1,FINALIZED_WITHIN_C2_LIMIT,0.608568,2.298
3205,40000.0,0.2148,greedy,LIU_QUORUM,8.0,1.0,0.0635,1,1,1,FINALIZED_WITHIN_C2_LIMIT,0.293328,2.405
3206,40000.0,0.2145,greedy,LIU_QUORUM,8.0,1.0,0.0635,1,1,1,FINALIZED_WITHIN_C2_LIMIT,0.158166,2.041
3207,22000.0,0.2143,explore,ZYZZYVA,4.4,1.0,0.0697,1,1,1,FINALIZED_WITHIN_C2_LIMIT,0.123446,1.193
3208,40000.0,0.214,greedy,LIU_QUORUM,8.0,1.0,0.0729,1,1,1,FINALIZED_WITHIN_C2_LIMIT,0.054818,2.451
3209,40000.0,0.2138,greedy,ZYZZYVA,8.0,1.0,0.0729,1,1,1,FINALIZED_WITHIN_C2_LIMIT,0.376905,2.08
3210,40000.0,0.2136,greedy,ZYZZYVA,8.0,1.0,0.0729,1,1,1,FINALIZED_WITHIN_C2_LIMIT,0.621318,2.33
3211,20000.0,0.2133,explore,ZYZZYVA,4.0,1.0,0.0697,1,1,1,FINALIZED_WITHIN_C2_LIMIT,0.294307,1.149
3212,40000.0,0.2131,greedy,ZYZZYVA,8.0,1.0,0.0729,1,1,1,FINALIZED_WITHIN_C2_LIMIT,0.09614,2.167
3213,40000.0,0.2128,greedy,ZYZZYVA,8.0,1.0,0.0729,1,1,1,FINALIZED_WITHIN_C2_LIMIT,0.175072,2.369
3214,40000.0,0.2126,greedy,ZYZZYVA,8.0,1.0,0.0729,1,1,1,FINALIZED_WITHIN_C2_LIMIT,0.033461,2.795
3215,40000.0,0.2123,greedy,ZYZZYVA,8.0,1.0,0.0729,1,1,1,FINALIZED_WITHIN_C2_LIMIT,0.358618,2.346
3216,1000.0,0.2121,explore,ZYZZYVA,0.2,1.0,0.0278,1,1,1,FINALIZED_WITHIN_C2_LIMIT,0.511084,0.531
3217,40000.0,0.2118,greedy,ZYZZYVA,8.0,1.0,0.0729,1,1,1,FINALIZED_WITHIN_C2_LIMIT,0.307416,2.404
3218,8000.0,0.2116,explore,ZYZZYVA,1.6,1.0,0.0651,1,1,1,FINALIZED_WITHIN_C2_LIMIT,0.09753,0.708
3219,40000.0,0.2113,greedy,ZYZZYVA,8.0,1.0,0.0729,1,1,1,FINALIZED_WITHIN_C2_LIMIT,0.152495,2.0
3220,40000.0,0.2111,greedy,ZYZZYVA,8.0,1.0,0.0729,1,1,1,FINALIZED_WITHIN_C2_LIMIT,0.036506,2.209
3221,40000.0,0.2109,greedy,ZYZZYVA,8.0,1.0,0.0729,1,1,1,FINALIZED_WITHIN_C2_LIMIT,0.293871,2.266
3222,40000.0,0.2106,greedy,ZYZZYVA,8.0,1.0,0.0729,1,1,1,FINALIZED_WITHIN_C2_LIMIT,0.528097,2.419
3223,36000.0,0.2104,explore,LIU_QUORUM,7.2,1.0,0.0288,1,1,1,FINALIZED_WITHIN_C2_LIMIT,0.247043,1.977
3224,10000.0,0.2101,explore,PBFT,2.0,1.0,0.0694,1,1,1,FINALIZED_WITHIN_C2_LIMIT,0.036708,0.84
3225,40000.0,0.2099,greedy,ZYZZYVA,8.0,1.0,0.0729,1,1,1,FINALIZED_WITHIN_C2_LIMIT,0.188267,1.871
3226,40000.0,0.2096,greedy,ZYZZYVA,8.0,1.0,0.0729,1,1,1,FINALIZED_WITHIN_C2_LIMIT,0.055412,1.922
3227,40000.0,0.2094,greedy,ZYZZYVA,8.0,1.0,0.0729,1,1,1,FINALIZED_WITHIN_C2_LIMIT,0.322958,2.086
3228,40000.0,0.2091,greedy,ZYZZYVA,8.0,1.0,0.0729,1,1,1,FINALIZED_WITHIN_C2_LIMIT,0.510975,2.14
3229,40000.0,0.2089,greedy,ZYZZYVA,8.0,1.0,0.0729,1,1,1,FINALIZED_WITHIN_C2_LIMIT,0.196724,2.52
3230,40000.0,0.2087,greedy,ZYZZYVA,8.0,1.0,0.0729,1,1,1,FINALIZED_WITHIN_C2_LIMIT,0.104255,2.162
3231,40000.0,0.2084,greedy,ZYZZYVA,8.0,1.0,0.0729,1,1,1,FINALIZED_WITHIN_C2_LIMIT,0.182277,2.391
3232,40000.0,0.2082,greedy,ZYZZYVA,8.0,1.0,0.0729,1,1,1,FINALIZED_WITHIN_C2_LIMIT,0.030207,2.434
3233,40000.0,0.2079,greedy,ZYZZYVA,8.0,1.0,0.0729,1,1,1,FINALIZED_WITHIN_C2_LIMIT,0.289676,2.482
3234,40000.0,0.2077,greedy,ZYZZYVA,8.0,1.0,0.0729,1,1,1,FINALIZED_WITHIN_C2_LIMIT,0.506799,2.483
3235,13000.0,0.2074,explore,LIU_QUORUM,2.6,1.0,0.0741,1,1,1,FINALIZED_WITHIN_C2_LIMIT,0.197898,0.915
3236,13000.0,0.2072,explore,LIU_QUORUM,2.6,1.0,0.067,1,1,1,FINALIZED_WITHIN_C2_LIMIT,0.084203,0.866
3237,40000.0,0.2069,greedy,ZYZZYVA,8.0,1.0,0.0729,1,1,1,FINALIZED_WITHIN_C2_LIMIT,0.201147,2.387
3238,14000.0,0.2067,explore,ZYZZYVA,2.8,1.0,0.0708,1,1,1,FINALIZED_WITHIN_C2_LIMIT,0.041792,1.075
3239,31000.0,0.2064,explore,LIU_QUORUM,6.2,1.0,0.0689,1,1,1,FINALIZED_WITHIN_C2_LIMIT,0.258953,2.139
3240,40000.0,0.2062,greedy,ZYZZYVA,8.0,1.0,0.0729,1,1,1,FINALIZED_WITHIN_C2_LIMIT,0.447709,2.27
3241,40000.0,0.206,greedy,ZYZZYVA,8.0,1.0,0.0729,1,1,1,FINALIZED_WITHIN_C2_LIMIT,0.221494,2.101
3242,40000.0,0.2057,greedy,ZYZZYVA,8.0,1.0,0.0729,1,1,1,FINALIZED_WITHIN_C2_LIMIT,0.089784,2.122
3243,40000.0,0.2055,greedy,ZYZZYVA,8.0,1.0,0.0729,1,1,1,FINALIZED_WITHIN_C2_LIMIT,0.214373,1.934
3244,40000.0,0.2052,greedy,ZYZZYVA,8.0,1.0,0.0729,1,1,1,FINALIZED_WITHIN_C2_LIMIT,0.05109,2.053
3245,20000.0,0.205,explore,LIU_QUORUM,4.0,1.0,0.1416,1,1,1,FINALIZED_WITHIN_C2_LIMIT,0.236017,1.352
3246,40000.0,0.2047,greedy,ZYZZYVA,8.0,1.0,0.0729,1,1,1,FINALIZED_WITHIN_C2_LIMIT,0.486074,2.282
3247,40000.0,0.2045,greedy,ZYZZYVA,8.0,1.0,0.0729,1,1,1,FINALIZED_WITHIN_C2_LIMIT,0.184755,2.147
3248,5000.0,0.2042,explore,PBFT,1.0,1.0,0.0651,1,1,1,FINALIZED_WITHIN_C2_LIMIT,0.092896,0.689
3249,40000.0,0.204,greedy,ZYZZYVA,8.0,1.0,0.0729,1,1,1,FINALIZED_WITHIN_C2_LIMIT,0.217382,2.492
3250,8000.0,0.2037,explore,LIU_QUORUM,1.6,1.0,0.1582,1,1,1,FINALIZED_WITHIN_C2_LIMIT,0.110225,0.755
3251,40000.0,0.2035,explore,LIU_QUORUM,8.0,1.0,0.0679,1,1,1,FINALIZED_WITHIN_C2_LIMIT,0.215784,2.342
3252,40000.0,0.2033,greedy,ZYZZYVA,8.0,1.0,0.0729,1,1,1,FINALIZED_WITHIN_C2_LIMIT,0.425253,2.035
3253,40000.0,0.203,greedy,ZYZZYVA,8.0,1.0,0.0729,1,1,1,FINALIZED_WITHIN_C2_LIMIT,0.166906,2.148
3254,40000.0,0.2028,greedy,ZYZZYVA,8.0,1.0,0.0729,1,1,1,FINALIZED_WITHIN_C2_LIMIT,0.120349,2.124
3255,40000.0,0.2025,greedy,ZYZZYVA,8.0,1.0,0.0729,1,1,1,FINALIZED_WITHIN_C2_LIMIT,0.198436,2.103
3256,11000.0,0.2023,explore,ZYZZYVA,2.2,1.0,0.0506,1,1,1,FINALIZED_WITHIN_C2_LIMIT,0.051154,0.901
3257,40000.0,0.202,greedy,ZYZZYVA,8.0,1.0,0.0729,1,1,1,FINALIZED_WITHIN_C2_LIMIT,0.244452,2.157
3258,21000.0,0.2018,explore,LIU_QUORUM,4.2,1.0,0.0298,1,1,1,FINALIZED_WITHIN_C2_LIMIT,0.379178,1.238
3259,8000.0,0.2015,explore,PBFT,1.6,1.0,0.1459,1,1,1,FINALIZED_WITHIN_C2_LIMIT,0.160132,0.766
3260,40000.0,0.2013,greedy,ZYZZYVA,8.0,1.0,0.0729,1,1,1,FINALIZED_WITHIN_C2_LIMIT,0.116257,2.389
3261,40000.0,0.2011,greedy,ZYZZYVA,8.0,1.0,0.0729,1,1,1,FINALIZED_WITHIN_C2_LIMIT,0.242199,2.394
3262,40000.0,0.2008,greedy,ZYZZYVA,8.0,1.0,0.0729,1,1,1,FINALIZED_WITHIN_C2_LIMIT,0.050724,2.408
3263,40000.0,0.2006,greedy,ZYZZYVA,8.0,1.0,0.0729,1,1,1,FINALIZED_WITHIN_C2_LIMIT,0.250555,2.198
3264,40000.0,0.2003,greedy,ZYZZYVA,8.0,1.0,0.0729,1,1,1,FINALIZED_WITHIN_C2_LIMIT,0.420651,2.376
3265,40000.0,0.2001,explore,ZYZZYVA,8.0,1.0,0.0278,1,1,1,FINALIZED_WITHIN_C2_LIMIT,0.199529,2.355
3266,40000.0,0.1998,greedy,ZYZZYVA,8.0,1.0,0.0729,1,1,1,FINALIZED_WITHIN_C2_LIMIT,0.082892,2.409
3267,40000.0,0.1996,greedy,ZYZZYVA,8.0,1.0,0.0729,1,1,1,FINALIZED_WITHIN_C2_LIMIT,0.173487,2.342
3268,40000.0,0.1993,greedy,ZYZZYVA,8.0,1.0,0.0729,1,1,1,FINALIZED_WITHIN_C2_LIMIT,0.071361,2.167
3269,40000.0,0.1991,greedy,ZYZZYVA,8.0,1.0,0.0729,1,1,1,FINALIZED_WITHIN_C2_LIMIT,0.21181,2.123
3270,40000.0,0.1988,greedy,ZYZZYVA,8.0,1.0,0.0729,1,1,1,FINALIZED_WITHIN_C2_LIMIT,0.414578,2.221
3271,40000.0,0.1986,greedy,ZYZZYVA,8.0,1.0,0.0729,1,1,1,FINALIZED_WITHIN_C2_LIMIT,0.135498,2.007
3272,40000.0,0.1984,greedy,ZYZZYVA,8.0,1.0,0.0729,1,1,1,FINALIZED_WITHIN_C2_LIMIT,0.087156,2.162
3273,40000.0,0.1981,greedy,ZYZZYVA,8.0,1.0,0.0729,1,1,1,FINALIZED_WITHIN_C2_LIMIT,0.208991,2.074
3274,40000.0,0.1979,greedy,ZYZZYVA,8.0,1.0,0.0729,1,1,1,FINALIZED_WITHIN_C2_LIMIT,0.077141,2.181
3275,40000.0,0.1976,greedy,ZYZZYVA,8.0,1.0,0.0729,1,1,1,FINALIZED_WITHIN_C2_LIMIT,0.180447,2.369
3276,40000.0,0.1974,greedy,ZYZZYVA,8.0,1.0,0.0729,1,1,1,FINALIZED_WITHIN_C2_LIMIT,0.360836,2.574
3277,40000.0,0.1971,greedy,ZYZZYVA,8.0,1.0,0.0729,1,1,1,FINALIZED_WITHIN_C2_LIMIT,0.130151,2.117
3278,40000.0,0.1969,greedy,ZYZZYVA,8.0,1.0,0.0729,1,1,1,FINALIZED_WITHIN_C2_LIMIT,0.150568,2.741
3279,7000.0,0.1966,explore,PBFT,1.4,1.0,0.0787,1,1,1,FINALIZED_WITHIN_C2_LIMIT,0.228308,0.795
3280,26000.0,0.1964,explore,PBFT,5.2,1.0,0.0294,1,1,1,FINALIZED_WITHIN_C2_LIMIT,0.062949,1.548
3281,40000.0,0.1962,greedy,ZYZZYVA,8.0,1.0,0.0729,1,1,1,FINALIZED_WITHIN_C2_LIMIT,0.155545,2.268
3282,40000.0,0.1959,greedy,ZYZZYVA,8.0,1.0,0.0729,1,1,1,FINALIZED_WITHIN_C2_LIMIT,0.278207,2.374
3283,0.0,0.1957,explore,PBFT,2.0,1.0,0.2103,0,1,1,FINALIZED_WITHIN_C2_LIMIT,0.091161,0.875
3284,40000.0,0.1954,greedy,ZYZZYVA,8.0,1.0,0.0729,1,1,1,FINALIZED_WITHIN_C2_LIMIT,0.178776,2.614
3285,7000.0,0.1952,explore,ZYZZYVA,1.4,1.0,0.0288,1,1,1,FINALIZED_WITHIN_C2_LIMIT,0.345147,0.763
3286,40000.0,0.1949,greedy,ZYZZYVA,8.0,1.0,0.0729,1,1,1,FINALIZED_WITHIN_C2_LIMIT,0.14179,2.572
3287,31000.0,0.1947,explore,ZYZZYVA,6.2,1.0,0.0362,1,1,1,FINALIZED_WITHIN_C2_LIMIT,0.112166,1.634
3288,40000.0,0.1944,greedy,ZYZZYVA,8.0,1.0,0.0729,1,1,1,FINALIZED_WITHIN_C2_LIMIT,0.261737,2.463
3289,40000.0,0.1942,greedy,ZYZZYVA,8.0,1.0,0.0729,1,1,1,FINALIZED_WITHIN_C2_LIMIT,0.062127,2.521
3290,40000.0,0.1939,greedy,ZYZZYVA,8.0,1.0,0.0729,1,1,1,FINALIZED_WITHIN_C2_LIMIT,0.178129,2.818
3291,1000.0,0.1937,explore,ZYZZYVA,0.2,1.0,0.0679,1,1,1,FINALIZED_WITHIN_C2_LIMIT,0.421853,0.314
3292,40000.0,0.1935,greedy,ZYZZYVA,8.0,1.0,0.0729,1,1,1,FINALIZED_WITHIN_C2_LIMIT,0.121112,2.394
3293,0.0,0.1932,explore,PBFT,8.0,1.0,0.1459,1,0,1,C2_DEADLINE_EXCEEDED,0.113679,2.524
3294,40000.0,0.193,greedy,ZYZZYVA,8.0,1.0,0.0729,1,1,1,FINALIZED_WITHIN_C2_LIMIT,0.191657,1.911
3295,24000.0,0.1927,explore,LIU_QUORUM,4.8,1.0,0.0288,1,1,1,FINALIZED_WITHIN_C2_LIMIT,0.080471,1.254
3296,25000.0,0.1925,explore,ZYZZYVA,5.0,1.0,0.0741,1,1,1,FINALIZED_WITHIN_C2_LIMIT,0.151964,1.236
3297,40000.0,0.1922,greedy,ZYZZYVA,8.0,1.0,0.0729,1,1,1,FINALIZED_WITHIN_C2_LIMIT,0.366648,2.198
3298,0.0,0.192,explore,PBFT,8.0,1.0,0.2251,0,1,1,FINALIZED_WITHIN_C2_LIMIT,0.178324,2.186
3299,40000.0,0.1917,greedy,ZYZZYVA,8.0,1.0,0.0729,1,1,1,FINALIZED_WITHIN_C2_LIMIT,0.20877,1.994
3300,40000.0,0.1915,greedy,ZYZZYVA,8.0,1.0,0.0729,1,1,1,FINALIZED_WITHIN_C2_LIMIT,0.325319,1.75
3301,40000.0,0.1913,greedy,ZYZZYVA,8.0,1.0,0.0729,1,1,1,FINALIZED_WITHIN_C2_LIMIT,0.124991,2.086
3302,40000.0,0.191,greedy,ZYZZYVA,8.0,1.0,0.0729,1,1,1,FINALIZED_WITHIN_C2_LIMIT,0.104469,1.931
3303,40000.0,0.1908,greedy,ZYZZYVA,8.0,1.0,0.0729,1,1,1,FINALIZED_WITHIN_C2_LIMIT,0.278455,1.933
3304,26000.0,0.1905,explore,PBFT,5.2,1.0,0.0702,1,1,1,FINALIZED_WITHIN_C2_LIMIT,0.090585,1.503
3305,40000.0,0.1903,greedy,ZYZZYVA,8.0,1.0,0.0729,1,1,1,FINALIZED_WITHIN_C2_LIMIT,0.206999,2.182
3306,40000.0,0.19,greedy,ZYZZYVA,8.0,1.0,0.0729,1,1,1,FINALIZED_WITHIN_C2_LIMIT,0.307521,1.883
3307,40000.0,0.1898,greedy,ZYZZYVA,8.0,1.0,0.0729,1,1,1,FINALIZED_WITHIN_C2_LIMIT,0.115292,2.101
3308,40000.0,0.1895,greedy,ZYZZYVA,8.0,1.0,0.0729,1,1,1,FINALIZED_WITHIN_C2_LIMIT,0.220678,2.127
3309,40000.0,0.1893,greedy,ZYZZYVA,8.0,1.0,0.0729,1,1,1,FINALIZED_WITHIN_C2_LIMIT,0.337993,1.869
3310,40000.0,0.1891,greedy,ZYZZYVA,8.0,1.0,0.0729,1,1,1,FINALIZED_WITHIN_C2_LIMIT,0.171872,1.812
3311,29000.0,0.1888,explore,ZYZZYVA,5.8,1.0,0.0963,1,1,1,FINALIZED_WITHIN_C2_LIMIT,0.227304,1.527
3312,40000.0,0.1886,greedy,ZYZZYVA,8.0,1.0,0.0635,1,1,1,FINALIZED_WITHIN_C2_LIMIT,0.335821,2.122
3313,40000.0,0.1883,greedy,ZYZZYVA,8.0,1.0,0.0729,1,1,1,FINALIZED_WITHIN_C2_LIMIT,0.149256,1.863
3314,40000.0,0.1881,greedy,ZYZZYVA,8.0,1.0,0.0729,1,1,1,FINALIZED_WITHIN_C2_LIMIT,0.114163,1.821
3315,40000.0,0.1878,greedy,ZYZZYVA,8.0,1.0,0.0729,1,1,1,FINALIZED_WITHIN_C2_LIMIT,0.234111,1.768
3316,40000.0,0.1876,greedy,ZYZZYVA,8.0,1.0,0.0729,1,1,1,FINALIZED_WITHIN_C2_LIMIT,0.186673,1.834
3317,40000.0,0.1873,greedy,ZYZZYVA,8.0,1.0,0.0635,1,1,1,FINALIZED_WITHIN_C2_LIMIT,0.205691,1.9
3318,13000.0,0.1871,explore,ZYZZYVA,2.6,1.0,0.0506,1,1,1,FINALIZED_WITHIN_C2_LIMIT,0.315868,0.87
3319,40000.0,0.1868,greedy,ZYZZYVA,8.0,1.0,0.0635,1,1,1,FINALIZED_WITHIN_C2_LIMIT,0.123327,2.193
3320,40000.0,0.1866,greedy,ZYZZYVA,8.0,1.0,0.0635,1,1,1,FINALIZED_WITHIN_C2_LIMIT,0.102298,2.234
3321,40000.0,0.1864,greedy,ZYZZYVA,8.0,1.0,0.0635,1,1,1,FINALIZED_WITHIN_C2_LIMIT,0.21629,2.194
3322,40000.0,0.1861,greedy,ZYZZYVA,8.0,1.0,0.0635,1,1,1,FINALIZED_WITHIN_C2_LIMIT,0.051072,2.091
3323,40000.0,0.1859,greedy,ZYZZYVA,8.0,1.0,0.0635,1,1,1,FINALIZED_WITHIN_C2_LIMIT,0.184623,2.283
3324,40000.0,0.1856,greedy,ZYZZYVA,8.0,1.0,0.0635,1,1,1,FINALIZED_WITHIN_C2_LIMIT,0.353454,2.005
3325,40000.0,0.1854,greedy,ZYZZYVA,8.0,1.0,0.0635,1,1,1,FINALIZED_WITHIN_C2_LIMIT,0.114362,2.246
3326,40000.0,0.1851,greedy,ZYZZYVA,8.0,1.0,0.0635,1,1,1,FINALIZED_WITHIN_C2_LIMIT,0.134974,2.323
3327,40000.0,0.1849,greedy,ZYZZYVA,8.0,1.0,0.0635,1,1,1,FINALIZED_WITHIN_C2_LIMIT,0.232134,2.196
3328,40000.0,0.1846,greedy,ZYZZYVA,8.0,1.0,0.0635,1,1,1,FINALIZED_WITHIN_C2_LIMIT,0.094795,2.081
3329,40000.0,0.1844,greedy,ZYZZYVA,8.0,1.0,0.0635,1,1,1,FINALIZED_WITHIN_C2_LIMIT,0.153993,2.293
3330,40000.0,0.1842,greedy,ZYZZYVA,8.0,1.0,0.0635,1,1,1,FINALIZED_WITHIN_C2_LIMIT,0.239161,2.089
3331,40000.0,0.1839,greedy,ZYZZYVA,8.0,1.0,0.0635,1,1,1,FINALIZED_WITHIN_C2_LIMIT,0.126093,2.275
3332,24000.0,0.1837,explore,ZYZZYVA,4.8,1.0,0.0288,1,1,1,FINALIZED_WITHIN_C2_LIMIT,0.166904,1.364
3333,40000.0,0.1834,greedy,ZYZZYVA,8.0,1.0,0.0635,1,1,1,FINALIZED_WITHIN_C2_LIMIT,0.230305,2.299
3334,40000.0,0.1832,greedy,ZYZZYVA,8.0,1.0,0.0635,1,1,1,FINALIZED_WITHIN_C2_LIMIT,0.093131,1.976
3335,40000.0,0.1829,greedy,ZYZZYVA,8.0,1.0,0.0635,1,1,1,FINALIZED_WITHIN_C2_LIMIT,0.20438,2.347
3336,40000.0,0.1827,greedy,ZYZZYVA,8.0,1.0,0.0635,1,1,1,FINALIZED_WITHIN_C2_LIMIT,0.239947,2.152
3337,40000.0,0.1824,greedy,ZYZZYVA,8.0,1.0,0.0635,1,1,1,FINALIZED_WITHIN_C2_LIMIT,0.126966,2.291
3338,40000.0,0.1822,greedy,ZYZZYVA,8.0,1.0,0.0635,1,1,1,FINALIZED_WITHIN_C2_LIMIT,0.152671,2.057
3339,0.0,0.1819,explore,ZYZZYVA,4.8,1.0,0.2251,0,1,1,FINALIZED_WITHIN_C2_LIMIT,0.312349,1.413
3340,40000.0,0.1817,greedy,ZYZZYVA,8.0,1.0,0.0635,1,1,1,FINALIZED_WITHIN_C2_LIMIT,0.127619,2.314
3341,40000.0,0.1815,greedy,ZYZZYVA,8.0,1.0,0.0635,1,1,1,FINALIZED_WITHIN_C2_LIMIT,0.131778,2.06
3342,40000.0,0.1812,greedy,ZYZZYVA,8.0,1.0,0.0635,1,1,1,FINALIZED_WITHIN_C2_LIMIT,0.211745,2.104
3343,40000.0,0.181,greedy,ZYZZYVA,8.0,1.0,0.0635,1,1,1,FINALIZED_WITHIN_C2_LIMIT,0.04698,2.051
3344,40000.0,0.1807,greedy,ZYZZYVA,8.0,1.0,0.0635,1,1,1,FINALIZED_WITHIN_C2_LIMIT,0.189691,2.183
3345,40000.0,0.1805,greedy,ZYZZYVA,8.0,1.0,0.0635,1,1,1,FINALIZED_WITHIN_C2_LIMIT,0.371988,1.946
3346,40000.0,0.1802,greedy,ZYZZYVA,8.0,1.0,0.0635,1,1,1,FINALIZED_WITHIN_C2_LIMIT,0.213197,2.192
3347,40000.0,0.18,greedy,ZYZZYVA,8.0,1.0,0.0635,1,1,1,FINALIZED_WITHIN_C2_LIMIT,0.096282,2.121
3348,5000.0,0.1797,explore,LIU_QUORUM,1.0,1.0,0.0787,1,1,1,FINALIZED_WITHIN_C2_LIMIT,0.169941,0.653
3349,40000.0,0.1795,greedy,ZYZZYVA,8.0,1.0,0.0635,1,1,1,FINALIZED_WITHIN_C2_LIMIT,0.059195,2.281
3350,40000.0,0.1793,greedy,ZYZZYVA,8.0,1.0,0.0635,1,1,1,FINALIZED_WITHIN_C2_LIMIT,0.190586,2.328
3351,32000.0,0.179,explore,PBFT,6.4,1.0,0.0298,1,1,1,FINALIZED_WITHIN_C2_LIMIT,0.413877,1.807
3352,40000.0,0.1788,greedy,ZYZZYVA,8.0,1.0,0.0635,1,1,1,FINALIZED_WITHIN_C2_LIMIT,0.147834,2.34
3353,40000.0,0.1785,greedy,ZYZZYVA,8.0,1.0,0.0635,1,1,1,FINALIZED_WITHIN_C2_LIMIT,0.074843,2.168
3354,40000.0,0.1783,greedy,ZYZZYVA,8.0,1.0,0.0635,1,1,1,FINALIZED_WITHIN_C2_LIMIT,0.194918,2.088
3355,40000.0,0.178,greedy,ZYZZYVA,8.0,1.0,0.0635,1,1,1,FINALIZED_WITHIN_C2_LIMIT,0.104307,2.25
3356,40000.0,0.1778,greedy,ZYZZYVA,8.0,1.0,0.0635,1,1,1,FINALIZED_WITHIN_C2_LIMIT,0.303498,2.301
3357,38000.0,0.1775,explore,LIU_QUORUM,7.6,1.0,0.1141,1,1,1,FINALIZED_WITHIN_C2_LIMIT,0.37595,1.929
3358,40000.0,0.1773,greedy,ZYZZYVA,8.0,1.0,0.0635,1,1,1,FINALIZED_WITHIN_C2_LIMIT,0.184943,2.203
3359,40000.0,0.177,greedy,ZYZZYVA,8.0,1.0,0.0635,1,1,1,FINALIZED_WITHIN_C2_LIMIT,0.148181,1.976
3360,40000.0,0.1768,greedy,ZYZZYVA,8.0,1.0,0.0635,1,1,1,FINALIZED_WITHIN_C2_LIMIT,0.187146,2.201
3361,40000.0,0.1766,greedy,ZYZZYVA,8.0,1.0,0.0635,1,1,1,FINALIZED_WITHIN_C2_LIMIT,0.078728,2.031
3362,40000.0,0.1763,greedy,ZYZZYVA,8.0,1.0,0.0635,1,1,1,FINALIZED_WITHIN_C2_LIMIT,0.241778,2.123
3363,40000.0,0.1761,greedy,ZYZZYVA,8.0,1.0,0.0635,1,1,1,FINALIZED_WITHIN_C2_LIMIT,0.454035,1.87
3364,40000.0,0.1758,greedy,ZYZZYVA,8.0,1.0,0.0635,1,1,1,FINALIZED_WITHIN_C2_LIMIT,0.134946,2.04
3365,40000.0,0.1756,greedy,ZYZZYVA,8.0,1.0,0.0635,1,1,1,FINALIZED_WITHIN_C2_LIMIT,0.139602,1.923
3366,40000.0,0.1753,greedy,ZYZZYVA,8.0,1.0,0.0635,1,1,1,FINALIZED_WITHIN_C2_LIMIT,0.217018,1.946
3367,40000.0,0.1751,greedy,ZYZZYVA,8.0,1.0,0.0635,1,1,1,FINALIZED_WITHIN_C2_LIMIT,0.04552,1.966
3368,20000.0,0.1748,explore,ZYZZYVA,4.0,1.0,0.0282,1,1,1,FINALIZED_WITHIN_C2_LIMIT,0.257652,1.168
3369,40000.0,0.1746,greedy,ZYZZYVA,8.0,1.0,0.0635,1,1,1,FINALIZED_WITHIN_C2_LIMIT,0.355884,2.227
3370,40000.0,0.1744,greedy,ZYZZYVA,8.0,1.0,0.0635,1,1,1,FINALIZED_WITHIN_C2_LIMIT,0.143343,2.049
3371,40000.0,0.1741,greedy,ZYZZYVA,8.0,1.0,0.0635,1,1,1,FINALIZED_WITHIN_C2_LIMIT,0.069861,2.3
3372,40000.0,0.1739,greedy,ZYZZYVA,8.0,1.0,0.0635,1,1,1,FINALIZED_WITHIN_C2_LIMIT,0.202528,2.081
3373,13000.0,0.1736,explore,PBFT,2.6,1.0,0.0739,1,1,1,FINALIZED_WITHIN_C2_LIMIT,0.056505,0.928
3374,40000.0,0.1734,greedy,ZYZZYVA,8.0,1.0,0.0635,1,1,1,FINALIZED_WITHIN_C2_LIMIT,0.213986,2.315
3375,1000.0,0.1731,explore,LIU_QUORUM,0.2,1.0,0.0298,1,1,1,FINALIZED_WITHIN_C2_LIMIT,0.365463,0.325
3376,40000.0,0.1729,greedy,ZYZZYVA,8.0,1.0,0.0635,1,1,1,FINALIZED_WITHIN_C2_LIMIT,0.171322,2.608
3377,40000.0,0.1726,greedy,ZYZZYVA,8.0,1.0,0.0635,1,1,1,FINALIZED_WITHIN_C2_LIMIT,0.107942,2.572
3378,40000.0,0.1724,greedy,ZYZZYVA,8.0,1.0,0.0635,1,1,1,FINALIZED_WITHIN_C2_LIMIT,0.2186,2.702
3379,40000.0,0.1721,greedy,ZYZZYVA,8.0,1.0,0.0635,1,1,1,FINALIZED_WITHIN_C2_LIMIT,0.103574,2.347
3380,40000.0,0.1719,greedy,ZYZZYVA,8.0,1.0,0.0635,1,1,1,FINALIZED_WITHIN_C2_LIMIT,0.210195,2.491
3381,40000.0,0.1717,greedy,ZYZZYVA,8.0,1.0,0.0635,1,1,1,FINALIZED_WITHIN_C2_LIMIT,0.467321,2.393
3382,40000.0,0.1714,greedy,ZYZZYVA,8.0,1.0,0.0635,1,1,1,FINALIZED_WITHIN_C2_LIMIT,0.120348,2.09
3383,40000.0,0.1712,greedy,ZYZZYVA,8.0,1.0,0.0635,1,1,1,FINALIZED_WITHIN_C2_LIMIT,0.143924,2.22
3384,40000.0,0.1709,greedy,ZYZZYVA,8.0,1.0,0.0635,1,1,1,FINALIZED_WITHIN_C2_LIMIT,0.183681,2.433
3385,40000.0,0.1707,greedy,ZYZZYVA,8.0,1.0,0.0635,1,1,1,FINALIZED_WITHIN_C2_LIMIT,0.052294,2.495
3386,40000.0,0.1704,greedy,ZYZZYVA,8.0,1.0,0.0635,1,1,1,FINALIZED_WITHIN_C2_LIMIT,0.226019,2.667
3387,40000.0,0.1702,greedy,ZYZZYVA,8.0,1.0,0.0635,1,1,1,FINALIZED_WITHIN_C2_LIMIT,0.385764,2.293
3388,40000.0,0.1699,greedy,ZYZZYVA,8.0,1.0,0.0635,1,1,1,FINALIZED_WITHIN_C2_LIMIT,0.186479,2.396
3389,40000.0,0.1697,greedy,ZYZZYVA,8.0,1.0,0.0635,1,1,1,FINALIZED_WITHIN_C2_LIMIT,0.081184,2.295
3390,40000.0,0.1694,greedy,ZYZZYVA,8.0,1.0,0.0635,1,1,1,FINALIZED_WITHIN_C2_LIMIT,0.181169,2.42
3391,40000.0,0.1692,greedy,ZYZZYVA,8.0,1.0,0.0635,1,1,1,FINALIZED_WITHIN_C2_LIMIT,0.044553,2.562
3392,40000.0,0.169,greedy,ZYZZYVA,8.0,1.0,0.0635,1,1,1,FINALIZED_WITHIN_C2_LIMIT,0.207574,2.842
3393,40000.0,0.1687,greedy,ZYZZYVA,8.0,1.0,0.0635,1,1,1,FINALIZED_WITHIN_C2_LIMIT,0.456618,2.485
3394,25000.0,0.1685,explore,ZYZZYVA,5.0,1.0,0.0768,1,1,1,FINALIZED_WITHIN_C2_LIMIT,0.174753,1.651
3395,40000.0,0.1682,greedy,ZYZZYVA,8.0,1.0,0.0635,1,1,1,FINALIZED_WITHIN_C2_LIMIT,0.083177,2.332
3396,40000.0,0.168,greedy,ZYZZYVA,8.0,1.0,0.0635,1,1,1,FINALIZED_WITHIN_C2_LIMIT,0.200482,2.195
3397,40000.0,0.1677,greedy,ZYZZYVA,8.0,1.0,0.0635,1,1,1,FINALIZED_WITHIN_C2_LIMIT,0.042318,2.628
3398,40000.0,0.1675,greedy,ZYZZYVA,8.0,1.0,0.0635,1,1,1,FINALIZED_WITHIN_C2_LIMIT,0.266399,2.398
3399,34000.0,0.1672,explore,LIU_QUORUM,6.8,1.0,0.0758,1,1,1,FINALIZED_WITHIN_C2_LIMIT,0.130466,1.97
3400,40000.0,0.167,greedy,ZYZZYVA,8.0,1.0,0.0635,1,1,1,FINALIZED_WITHIN_C2_LIMIT,0.080895,2.039
3401,40000.0,0.1668,greedy,ZYZZYVA,8.0,1.0,0.0635,1,1,1,FINALIZED_WITHIN_C2_LIMIT,0.137768,1.935
3402,40000.0,0.1665,greedy,ZYZZYVA,8.0,1.0,0.0729,1,1,1,FINALIZED_WITHIN_C2_LIMIT,0.024068,1.992
3403,40000.0,0.1663,greedy,ZYZZYVA,8.0,1.0,0.0635,1,1,1,FINALIZED_WITHIN_C2_LIMIT,0.370167,2.133
3404,40000.0,0.166,greedy,ZYZZYVA,8.0,1.0,0.0635,1,1,1,FINALIZED_WITHIN_C2_LIMIT,0.654432,2.168
3405,40000.0,0.1658,greedy,ZYZZYVA,8.0,1.0,0.0635,1,1,1,FINALIZED_WITHIN_C2_LIMIT,0.339781,2.326
3406,1000.0,0.1655,explore,LIU_QUORUM,0.2,1.0,0.0769,1,1,1,FINALIZED_WITHIN_C2_LIMIT,0.06605,0.83
3407,40000.0,0.1653,greedy,ZYZZYVA,8.0,1.0,0.0729,1,1,1,FINALIZED_WITHIN_C2_LIMIT,0.05167,2.653
3408,0.0,0.165,explore,LIU_QUORUM,8.0,1.0,0.2251,0,1,1,FINALIZED_WITHIN_C2_LIMIT,0.033217,2.259
3409,40000.0,0.1648,greedy,ZYZZYVA,8.0,1.0,0.0635,1,1,1,FINALIZED_WITHIN_C2_LIMIT,0.102791,2.303
3410,40000.0,0.1645,greedy,ZYZZYVA,8.0,1.0,0.0635,1,1,1,FINALIZED_WITHIN_C2_LIMIT,0.113613,1.869
3411,40000.0,0.1643,greedy,ZYZZYVA,8.0,1.0,0.0635,1,1,1,FINALIZED_WITHIN_C2_LIMIT,0.193034,2.007
3412,40000.0,0.1641,greedy,ZYZZYVA,8.0,1.0,0.0635,1,1,1,FINALIZED_WITHIN_C2_LIMIT,0.267724,2.177
3413,0.0,0.1638,explore,ZYZZYVA,0.8,1.0,0.2251,0,1,1,FINALIZED_WITHIN_C2_LIMIT,0.02152,0.602
3414,40000.0,0.1636,greedy,ZYZZYVA,8.0,1.0,0.0635,1,1,1,FINALIZED_WITHIN_C2_LIMIT,0.482965,2.016
3415,40000.0,0.1633,greedy,ZYZZYVA,8.0,1.0,0.0635,1,1,1,FINALIZED_WITHIN_C2_LIMIT,0.89261,2.062
3416,40000.0,0.1631,greedy,ZYZZYVA,8.0,1.0,0.0635,1,1,1,FINALIZED_WITHIN_C2_LIMIT,0.55983,2.076
3417,40000.0,0.1628,greedy,ZYZZYVA,8.0,1.0,0.0612,1,1,1,FINALIZED_WITHIN_C2_LIMIT,0.123195,2.099
3418,40000.0,0.1626,greedy,ZYZZYVA,8.0,1.0,0.0612,1,1,1,FINALIZED_WITHIN_C2_LIMIT,0.418899,2.54
3419,40000.0,0.1623,greedy,ZYZZYVA,8.0,1.0,0.0612,1,1,1,FINALIZED_WITHIN_C2_LIMIT,1.088489,1.985
3420,40000.0,0.1621,greedy,ZYZZYVA,8.0,1.0,0.0612,1,1,1,FINALIZED_WITHIN_C2_LIMIT,0.945656,2.443
3421,40000.0,0.1619,greedy,ZYZZYVA,8.0,1.0,0.0635,1,1,1,FINALIZED_WITHIN_C2_LIMIT,0.271808,2.28
3422,1000.0,0.1616,explore,LIU_QUORUM,0.2,1.0,0.0786,1,1,1,FINALIZED_WITHIN_C2_LIMIT,0.087741,0.316
3423,40000.0,0.1614,greedy,ZYZZYVA,8.0,1.0,0.0635,1,1,1,FINALIZED_WITHIN_C2_LIMIT,0.317269,2.44
3424,40000.0,0.1611,greedy,ZYZZYVA,8.0,1.0,0.0635,1,1,1,FINALIZED_WITHIN_C2_LIMIT,0.281501,2.565
3425,40000.0,0.1609,greedy,ZYZZYVA,8.0,1.0,0.0635,1,1,1,FINALIZED_WITHIN_C2_LIMIT,0.058153,2.246
3426,40000.0,0.1606,greedy,ZYZZYVA,8.0,1.0,0.0635,1,1,1,FINALIZED_WITHIN_C2_LIMIT,0.159759,2.147
3427,40000.0,0.1604,greedy,ZYZZYVA,8.0,1.0,0.0635,1,1,1,FINALIZED_WITHIN_C2_LIMIT,0.033067,2.155
3428,40000.0,0.1601,greedy,ZYZZYVA,8.0,1.0,0.0635,1,1,1,FINALIZED_WITHIN_C2_LIMIT,0.342477,2.134
3429,40000.0,0.1599,greedy,ZYZZYVA,8.0,1.0,0.0635,1,1,1,FINALIZED_WITHIN_C2_LIMIT,0.386567,1.992
3430,40000.0,0.1596,greedy,ZYZZYVA,8.0,1.0,0.0635,1,1,1,FINALIZED_WITHIN_C2_LIMIT,0.13001,2.222
3431,40000.0,0.1594,greedy,ZYZZYVA,8.0,1.0,0.0635,1,1,1,FINALIZED_WITHIN_C2_LIMIT,0.13827,2.179
3432,40000.0,0.1592,greedy,ZYZZYVA,8.0,1.0,0.0635,1,1,1,FINALIZED_WITHIN_C2_LIMIT,0.291688,2.364
3433,40000.0,0.1589,greedy,ZYZZYVA,8.0,1.0,0.0635,1,1,1,FINALIZED_WITHIN_C2_LIMIT,0.145712,2.272
3434,40000.0,0.1587,greedy,ZYZZYVA,8.0,1.0,0.0635,1,1,1,FINALIZED_WITHIN_C2_LIMIT,0.107223,2.671
3435,40000.0,0.1584,greedy,ZYZZYVA,8.0,1.0,0.0635,1,1,1,FINALIZED_WITHIN_C2_LIMIT,0.181275,2.907
3436,40000.0,0.1582,greedy,PBFT,8.0,1.0,0.0635,1,1,1,FINALIZED_WITHIN_C2_LIMIT,0.035693,2.92
3437,40000.0,0.1579,greedy,PBFT,8.0,1.0,0.0635,1,1,1,FINALIZED_WITHIN_C2_LIMIT,0.220978,2.3
3438,40000.0,0.1577,greedy,PBFT,8.0,1.0,0.0635,1,1,1,FINALIZED_WITHIN_C2_LIMIT,0.42517,2.383
3439,40000.0,0.1574,greedy,PBFT,8.0,1.0,0.0635,1,1,1,FINALIZED_WITHIN_C2_LIMIT,0.187819,2.348
3440,16000.0,0.1572,explore,PBFT,3.2,1.0,0.0668,1,1,1,FINALIZED_WITHIN_C2_LIMIT,0.063919,1.21
3441,40000.0,0.157,greedy,PBFT,8.0,1.0,0.0635,1,1,1,FINALIZED_WITHIN_C2_LIMIT,0.211179,2.172
3442,40000.0,0.1567,greedy,LIU_QUORUM,8.0,1.0,0.0635,1,1,1,FINALIZED_WITHIN_C2_LIMIT,0.038169,1.977
3443,40000.0,0.1565,greedy,LIU_QUORUM,8.0,1.0,0.0635,1,1,1,FINALIZED_WITHIN_C2_LIMIT,0.286321,2.326
3444,40000.0,0.1562,greedy,LIU_QUORUM,8.0,1.0,0.0635,1,1,1,FINALIZED_WITHIN_C2_LIMIT,0.450975,2.147
3445,40000.0,0.156,greedy,LIU_QUORUM,8.0,1.0,0.0729,1,1,1,FINALIZED_WITHIN_C2_LIMIT,0.199078,1.96
3446,40000.0,0.1557,greedy,LIU_QUORUM,8.0,1.0,0.0729,1,1,1,FINALIZED_WITHIN_C2_LIMIT,0.065248,1.776
3447,24000.0,0.1555,explore,LIU_QUORUM,4.8,1.0,0.0779,1,1,1,FINALIZED_WITHIN_C2_LIMIT,0.165433,1.241
3448,40000.0,0.1552,greedy,ZYZZYVA,8.0,1.0,0.0729,1,1,1,FINALIZED_WITHIN_C2_LIMIT,0.086352,2.219
3449,40000.0,0.155,greedy,ZYZZYVA,8.0,1.0,0.0729,1,1,1,FINALIZED_WITHIN_C2_LIMIT,0.248599,2.14
3450,40000.0,0.1547,greedy,ZYZZYVA,8.0,1.0,0.0729,1,1,1,FINALIZED_WITHIN_C2_LIMIT,0.407954,2.412
3451,40000.0,0.1545,greedy,ZYZZYVA,8.0,1.0,0.0729,1,1,1,FINALIZED_WITHIN_C2_LIMIT,0.172597,2.041
3452,40000.0,0.1543,greedy,ZYZZYVA,8.0,1.0,0.0729,1,1,1,FINALIZED_WITHIN_C2_LIMIT,0.098618,2.191
3453,40000.0,0.154,greedy,ZYZZYVA,8.0,1.0,0.0729,1,1,1,FINALIZED_WITHIN_C2_LIMIT,0.136065,2.125
3454,5000.0,0.1538,explore,ZYZZYVA,1.0,1.0,0.0786,1,1,1,FINALIZED_WITHIN_C2_LIMIT,0.031448,0.624
3455,40000.0,0.1535,greedy,ZYZZYVA,8.0,1.0,0.0729,1,1,1,FINALIZED_WITHIN_C2_LIMIT,0.243412,2.34
3456,40000.0,0.1533,greedy,ZYZZYVA,8.0,1.0,0.0729,1,1,1,FINALIZED_WITHIN_C2_LIMIT,0.429268,2.095
3457,40000.0,0.153,greedy,ZYZZYVA,8.0,1.0,0.0729,1,1,1,FINALIZED_WITHIN_C2_LIMIT,0.15526,2.415
3458,40000.0,0.1528,greedy,ZYZZYVA,8.0,1.0,0.0729,1,1,1,FINALIZED_WITHIN_C2_LIMIT,0.062662,2.221
3459,40000.0,0.1525,greedy,ZYZZYVA,8.0,1.0,0.0729,1,1,1,FINALIZED_WITHIN_C2_LIMIT,0.171015,2.107
3460,40000.0,0.1523,greedy,ZYZZYVA,8.0,1.0,0.0729,1,1,1,FINALIZED_WITHIN_C2_LIMIT,0.056127,2.283
3461,40000.0,0.1521,greedy,ZYZZYVA,8.0,1.0,0.0729,1,1,1,FINALIZED_WITHIN_C2_LIMIT,0.253799,2.183
3462,40000.0,0.1518,greedy,ZYZZYVA,8.0,1.0,0.0729,1,1,1,FINALIZED_WITHIN_C2_LIMIT,0.416481,2.075
3463,40000.0,0.1516,greedy,ZYZZYVA,8.0,1.0,0.0729,1,1,1,FINALIZED_WITHIN_C2_LIMIT,0.215061,2.579
3464,40000.0,0.1513,greedy,ZYZZYVA,8.0,1.0,0.0729,1,1,1,FINALIZED_WITHIN_C2_LIMIT,0.100901,2.187
3465,5000.0,0.1511,explore,LIU_QUORUM,1.0,1.0,0.068,1,1,1,FINALIZED_WITHIN_C2_LIMIT,0.179455,0.658
3466,13000.0,0.1508,explore,ZYZZYVA,2.6,1.0,0.0308,1,1,1,FINALIZED_WITHIN_C2_LIMIT,0.0501,0.903
3467,40000.0,0.1506,greedy,ZYZZYVA,8.0,1.0,0.0729,1,1,1,FINALIZED_WITHIN_C2_LIMIT,0.259104,2.378
3468,40000.0,0.1503,greedy,ZYZZYVA,8.0,1.0,0.0635,1,1,1,FINALIZED_WITHIN_C2_LIMIT,0.468338,2.591
3469,40000.0,0.1501,greedy,ZYZZYVA,8.0,1.0,0.0635,1,1,1,FINALIZED_WITHIN_C2_LIMIT,0.258187,2.498
3470,40000.0,0.1498,greedy,ZYZZYVA,8.0,1.0,0.0635,1,1,1,FINALIZED_WITHIN_C2_LIMIT,0.061777,2.215
3471,4000.0,0.1496,explore,ZYZZYVA,0.8,1.0,0.1723,1,1,1,FINALIZED_WITHIN_C2_LIMIT,0.131955,0.624
3472,40000.0,0.1494,greedy,ZYZZYVA,8.0,1.0,0.0635,1,1,1,FINALIZED_WITHIN_C2_LIMIT,0.032965,2.106
3473,40000.0,0.1491,greedy,ZYZZYVA,8.0,1.0,0.0635,1,1,1,FINALIZED_WITHIN_C2_LIMIT,0.260071,1.971
3474,40000.0,0.1489,greedy,ZYZZYVA,8.0,1.0,0.0635,1,1,1,FINALIZED_WITHIN_C2_LIMIT,0.471513,2.259
3475,40000.0,0.1486,greedy,ZYZZYVA,8.0,1.0,0.0635,1,1,1,FINALIZED_WITHIN_C2_LIMIT,0.204215,2.138
3476,5000.0,0.1484,explore,LIU_QUORUM,1.0,1.0,0.0278,1,1,1,FINALIZED_WITHIN_C2_LIMIT,0.041218,0.626
3477,40000.0,0.1481,greedy,ZYZZYVA,8.0,1.0,0.0635,1,1,1,FINALIZED_WITHIN_C2_LIMIT,0.150956,2.24
3478,40000.0,0.1479,greedy,ZYZZYVA,8.0,1.0,0.0635,1,1,1,FINALIZED_WITHIN_C2_LIMIT,0.128066,2.407
3479,22000.0,0.1476,explore,LIU_QUORUM,4.4,1.0,0.1001,1,1,1,FINALIZED_WITHIN_C2_LIMIT,0.256871,1.353
3480,40000.0,0.1474,greedy,ZYZZYVA,8.0,1.0,0.0635,1,1,1,FINALIZED_WITHIN_C2_LIMIT,0.437655,2.303
3481,40000.0,0.1472,greedy,ZYZZYVA,8.0,1.0,0.0635,1,1,1,FINALIZED_WITHIN_C2_LIMIT,0.200398,2.236
3482,40000.0,0.1469,greedy,ZYZZYVA,8.0,1.0,0.0635,1,1,1,FINALIZED_WITHIN_C2_LIMIT,0.048125,2.178
3483,40000.0,0.1467,greedy,ZYZZYVA,8.0,1.0,0.0635,1,1,1,FINALIZED_WITHIN_C2_LIMIT,0.167755,2.175
3484,40000.0,0.1464,greedy,ZYZZYVA,8.0,1.0,0.0635,1,1,1,FINALIZED_WITHIN_C2_LIMIT,0.113643,2.293
3485,40000.0,0.1462,greedy,ZYZZYVA,8.0,1.0,0.0635,1,1,1,FINALIZED_WITHIN_C2_LIMIT,0.247632,2.257
3486,40000.0,0.1459,greedy,ZYZZYVA,8.0,1.0,0.0635,1,1,1,FINALIZED_WITHIN_C2_LIMIT,0.485768,2.122
3487,40000.0,0.1457,greedy,ZYZZYVA,8.0,1.0,0.0635,1,1,1,FINALIZED_WITHIN_C2_LIMIT,0.186247,2.132
3488,40000.0,0.1454,greedy,ZYZZYVA,8.0,1.0,0.0635,1,1,1,FINALIZED_WITHIN_C2_LIMIT,0.167779,2.265
3489,40000.0,0.1452,greedy,ZYZZYVA,8.0,1.0,0.0635,1,1,1,FINALIZED_WITHIN_C2_LIMIT,0.126944,2.07
3490,40000.0,0.1449,greedy,ZYZZYVA,8.0,1.0,0.0635,1,1,1,FINALIZED_WITHIN_C2_LIMIT,0.049257,2.066
3491,40000.0,0.1447,greedy,ZYZZYVA,8.0,1.0,0.0635,1,1,1,FINALIZED_WITHIN_C2_LIMIT,0.268529,2.233
3492,40000.0,0.1445,greedy,ZYZZYVA,8.0,1.0,0.0635,1,1,1,FINALIZED_WITHIN_C2_LIMIT,0.4597,2.216
3493,34000.0,0.1442,explore,ZYZZYVA,6.8,1.0,0.0668,1,1,1,FINALIZED_WITHIN_C2_LIMIT,0.182393,2.096
3494,40000.0,0.144,greedy,ZYZZYVA,8.0,1.0,0.0635,1,1,1,FINALIZED_WITHIN_C2_LIMIT,0.043204,2.133
3495,40000.0,0.1437,greedy,ZYZZYVA,8.0,1.0,0.0635,1,1,1,FINALIZED_WITHIN_C2_LIMIT,0.167694,2.101
3496,40000.0,0.1435,greedy,ZYZZYVA,8.0,1.0,0.0635,1,1,1,FINALIZED_WITHIN_C2_LIMIT,0.040989,2.428
3497,40000.0,0.1432,greedy,ZYZZYVA,8.0,1.0,0.0635,1,1,1,FINALIZED_WITHIN_C2_LIMIT,0.284768,2.26
3498,40000.0,0.143,greedy,ZYZZYVA,8.0,1.0,0.0635,1,1,1,FINALIZED_WITHIN_C2_LIMIT,0.415625,2.556
3499,40000.0,0.1427,greedy,ZYZZYVA,8.0,1.0,0.0635,1,1,1,FINALIZED_WITHIN_C2_LIMIT,0.132394,2.521
3500,40000.0,0.1425,greedy,ZYZZYVA,8.0,1.0,0.0729,1,1,1,FINALIZED_WITHIN_C2_LIMIT,0.0958,2.596
3501,40000.0,0.1423,greedy,ZYZZYVA,8.0,1.0,0.0729,1,1,1,FINALIZED_WITHIN_C2_LIMIT,0.306037,1.857
3502,40000.0,0.142,greedy,ZYZZYVA,8.0,1.0,0.0729,1,1,1,FINALIZED_WITHIN_C2_LIMIT,0.072508,1.853
3503,40000.0,0.1418,greedy,ZYZZYVA,8.0,1.0,0.0729,1,1,1,FINALIZED_WITHIN_C2_LIMIT,0.148335,1.64
3504,40000.0,0.1415,greedy,ZYZZYVA,8.0,1.0,0.0635,1,1,1,FINALIZED_WITHIN_C2_LIMIT,0.311801,2.146
3505,0.0,0.1413,explore,PBFT,7.8,1.0,0.2536,0,1,1,FINALIZED_WITHIN_C2_LIMIT,0.125385,2.153
3506,40000.0,0.141,greedy,ZYZZYVA,8.0,1.0,0.0635,1,1,1,FINALIZED_WITHIN_C2_LIMIT,0.109121,2.214
3507,40000.0,0.1408,greedy,ZYZZYVA,8.0,1.0,0.0635,1,1,1,FINALIZED_WITHIN_C2_LIMIT,0.202209,1.792
3508,40000.0,0.1405,greedy,ZYZZYVA,8.0,1.0,0.0635,1,1,1,FINALIZED_WITHIN_C2_LIMIT,0.059404,2.116
3509,40000.0,0.1403,greedy,ZYZZYVA,8.0,1.0,0.0635,1,1,1,FINALIZED_WITHIN_C2_LIMIT,0.148873,1.993
3510,28000.0,0.1401,explore,PBFT,5.6,1.0,0.1284,1,1,1,FINALIZED_WITHIN_C2_LIMIT,0.29774,1.354
3511,40000.0,0.1398,greedy,ZYZZYVA,8.0,1.0,0.0635,1,1,1,FINALIZED_WITHIN_C2_LIMIT,0.114934,1.805
3512,40000.0,0.1396,greedy,ZYZZYVA,8.0,1.0,0.0635,1,1,1,FINALIZED_WITHIN_C2_LIMIT,0.13765,1.812
3513,40000.0,0.1393,greedy,ZYZZYVA,8.0,1.0,0.0635,1,1,1,FINALIZED_WITHIN_C2_LIMIT,0.27578,1.913
3514,40000.0,0.1391,greedy,ZYZZYVA,8.0,1.0,0.0635,1,1,1,FINALIZED_WITHIN_C2_LIMIT,0.11072,1.899
3515,17000.0,0.1388,explore,LIU_QUORUM,3.4,1.0,0.1723,1,1,1,FINALIZED_WITHIN_C2_LIMIT,0.175137,1.002
3516,40000.0,0.1386,greedy,ZYZZYVA,8.0,1.0,0.0635,1,1,1,FINALIZED_WITHIN_C2_LIMIT,0.285374,1.825
3517,26000.0,0.1383,explore,ZYZZYVA,5.2,1.0,0.0668,1,1,1,FINALIZED_WITHIN_C2_LIMIT,0.123511,1.278
3518,40000.0,0.1381,greedy,ZYZZYVA,8.0,1.0,0.0635,1,1,1,FINALIZED_WITHIN_C2_LIMIT,0.107702,2.147
3519,40000.0,0.1378,greedy,ZYZZYVA,8.0,1.0,0.0635,1,1,1,FINALIZED_WITHIN_C2_LIMIT,0.206222,2.062
3520,36000.0,0.1376,explore,LIU_QUORUM,7.2,1.0,0.0288,1,1,1,FINALIZED_WITHIN_C2_LIMIT,0.167049,1.946
3521,40000.0,0.1374,greedy,ZYZZYVA,8.0,1.0,0.0635,1,1,1,FINALIZED_WITHIN_C2_LIMIT,0.1551,1.819
3522,40000.0,0.1371,greedy,ZYZZYVA,8.0,1.0,0.0635,1,1,1,FINALIZED_WITHIN_C2_LIMIT,0.264674,1.702
3523,40000.0,0.1369,greedy,ZYZZYVA,8.0,1.0,0.0635,1,1,1,FINALIZED_WITHIN_C2_LIMIT,0.099424,1.905
3524,40000.0,0.1366,greedy,ZYZZYVA,8.0,1.0,0.0635,1,1,1,FINALIZED_WITHIN_C2_LIMIT,0.155534,1.797
3525,40000.0,0.1364,greedy,ZYZZYVA,8.0,1.0,0.0635,1,1,1,FINALIZED_WITHIN_C2_LIMIT,0.297085,1.913
3526,40000.0,0.1361,greedy,ZYZZYVA,8.0,1.0,0.0635,1,1,1,FINALIZED_WITHIN_C2_LIMIT,0.121678,1.978
3527,40000.0,0.1359,greedy,ZYZZYVA,8.0,1.0,0.0635,1,1,1,FINALIZED_WITHIN_C2_LIMIT,0.15251,1.759
3528,38000.0,0.1356,explore,PBFT,7.6,1.0,0.19,1,1,1,FINALIZED_WITHIN_C2_LIMIT,0.30654,1.794
3529,40000.0,0.1354,greedy,ZYZZYVA,8.0,1.0,0.0635,1,1,1,FINALIZED_WITHIN_C2_LIMIT,0.088996,2.006
3530,40000.0,0.1352,greedy,ZYZZYVA,8.0,1.0,0.0635,1,1,1,FINALIZED_WITHIN_C2_LIMIT,0.125489,1.856
3531,40000.0,0.1349,greedy,ZYZZYVA,8.0,1.0,0.0635,1,1,1,FINALIZED_WITHIN_C2_LIMIT,0.227549,2.176
3532,40000.0,0.1347,greedy,ZYZZYVA,8.0,1.0,0.0635,1,1,1,FINALIZED_WITHIN_C2_LIMIT,0.094835,1.755
3533,40000.0,0.1344,greedy,ZYZZYVA,8.0,1.0,0.0635,1,1,1,FINALIZED_WITHIN_C2_LIMIT,0.139892,1.684
3534,40000.0,0.1342,greedy,ZYZZYVA,8.0,1.0,0.0635,1,1,1,FINALIZED_WITHIN_C2_LIMIT,0.247285,1.775
3535,40000.0,0.1339,greedy,ZYZZYVA,8.0,1.0,0.0635,1,1,1,FINALIZED_WITHIN_C2_LIMIT,0.090452,1.937
3536,40000.0,0.1337,greedy,ZYZZYVA,8.0,1.0,0.0635,1,1,1,FINALIZED_WITHIN_C2_LIMIT,0.155542,1.903
3537,40000.0,0.1334,greedy,ZYZZYVA,8.0,1.0,0.0635,1,1,1,FINALIZED_WITHIN_C2_LIMIT,0.402829,2.079
3538,40000.0,0.1332,greedy,ZYZZYVA,8.0,1.0,0.0635,1,1,1,FINALIZED_WITHIN_C2_LIMIT,0.086149,1.829
3539,40000.0,0.1329,greedy,ZYZZYVA,8.0,1.0,0.0635,1,1,1,FINALIZED_WITHIN_C2_LIMIT,0.132269,1.782
3540,0.0,0.1327,explore,PBFT,7.4,1.0,0.2536,0,1,1,FINALIZED_WITHIN_C2_LIMIT,0.222551,1.804
3541,23000.0,0.1325,explore,LIU_QUORUM,4.6,1.0,0.0669,1,1,1,FINALIZED_WITHIN_C2_LIMIT,0.103014,1.215
3542,40000.0,0.1322,greedy,ZYZZYVA,8.0,1.0,0.0635,1,1,1,FINALIZED_WITHIN_C2_LIMIT,0.248322,1.901
3543,40000.0,0.132,greedy,ZYZZYVA,8.0,1.0,0.0635,1,1,1,FINALIZED_WITHIN_C2_LIMIT,0.261853,1.922
3544,14000.0,0.1317,explore,ZYZZYVA,2.8,1.0,0.0669,1,1,1,FINALIZED_WITHIN_C2_LIMIT,0.116467,0.971
3545,40000.0,0.1315,greedy,ZYZZYVA,8.0,1.0,0.0635,1,1,1,FINALIZED_WITHIN_C2_LIMIT,0.115918,1.865
3546,40000.0,0.1312,greedy,ZYZZYVA,8.0,1.0,0.0635,1,1,1,FINALIZED_WITHIN_C2_LIMIT,0.220152,1.861
3547,40000.0,0.131,greedy,ZYZZYVA,8.0,1.0,0.0635,1,1,1,FINALIZED_WITHIN_C2_LIMIT,0.109612,2.101
3548,23000.0,0.1307,explore,ZYZZYVA,4.6,1.0,0.068,1,1,1,FINALIZED_WITHIN_C2_LIMIT,0.168582,1.278
3549,2000.0,0.1305,explore,PBFT,0.4,1.0,0.1459,1,1,1,FINALIZED_WITHIN_C2_LIMIT,0.337615,0.657
3550,40000.0,0.1303,greedy,ZYZZYVA,8.0,1.0,0.0635,1,1,1,FINALIZED_WITHIN_C2_LIMIT,0.165519,1.742
3551,40000.0,0.13,greedy,ZYZZYVA,8.0,1.0,0.0635,1,1,1,FINALIZED_WITHIN_C2_LIMIT,0.122513,2.366
3552,40000.0,0.1298,greedy,ZYZZYVA,8.0,1.0,0.0635,1,1,1,FINALIZED_WITHIN_C2_LIMIT,0.280842,2.001
3553,40000.0,0.1295,greedy,ZYZZYVA,8.0,1.0,0.0635,1,1,1,FINALIZED_WITHIN_C2_LIMIT,0.095871,2.153
3554,40000.0,0.1293,greedy,ZYZZYVA,8.0,1.0,0.0635,1,1,1,FINALIZED_WITHIN_C2_LIMIT,0.180352,2.046
3555,40000.0,0.129,greedy,ZYZZYVA,8.0,1.0,0.0635,1,1,1,FINALIZED_WITHIN_C2_LIMIT,0.353019,2.307
3556,0.0,0.1288,explore,LIU_QUORUM,5.6,1.0,0.2355,0,1,1,FINALIZED_WITHIN_C2_LIMIT,0.108689,1.762
3557,40000.0,0.1285,greedy,ZYZZYVA,8.0,1.0,0.0635,1,1,1,FINALIZED_WITHIN_C2_LIMIT,0.122066,1.949
3558,40000.0,0.1283,greedy,ZYZZYVA,8.0,1.0,0.0635,1,1,1,FINALIZED_WITHIN_C2_LIMIT,0.208773,1.999
3559,40000.0,0.128,greedy,ZYZZYVA,8.0,1.0,0.0635,1,1,1,FINALIZED_WITHIN_C2_LIMIT,0.098526,2.03
3560,40000.0,0.1278,greedy,ZYZZYVA,8.0,1.0,0.0635,1,1,1,FINALIZED_WITHIN_C2_LIMIT,0.147813,1.802
3561,40000.0,0.1276,greedy,ZYZZYVA,8.0,1.0,0.0635,1,1,1,FINALIZED_WITHIN_C2_LIMIT,0.281185,1.986
3562,40000.0,0.1273,greedy,ZYZZYVA,8.0,1.0,0.0635,1,1,1,FINALIZED_WITHIN_C2_LIMIT,0.137817,1.87
3563,40000.0,0.1271,greedy,ZYZZYVA,8.0,1.0,0.0635,1,1,1,FINALIZED_WITHIN_C2_LIMIT,0.117135,1.822
3564,40000.0,0.1268,explore,ZYZZYVA,8.0,1.0,0.0768,1,1,1,FINALIZED_WITHIN_C2_LIMIT,0.227164,1.841
3565,40000.0,0.1266,greedy,ZYZZYVA,8.0,1.0,0.0635,1,1,1,FINALIZED_WITHIN_C2_LIMIT,0.065399,1.883
3566,40000.0,0.1263,greedy,ZYZZYVA,8.0,1.0,0.0635,1,1,1,FINALIZED_WITHIN_C2_LIMIT,0.229241,1.754
3567,40000.0,0.1261,greedy,ZYZZYVA,8.0,1.0,0.0635,1,1,1,FINALIZED_WITHIN_C2_LIMIT,0.357406,1.723
3568,40000.0,0.1258,greedy,ZYZZYVA,8.0,1.0,0.0635,1,1,1,FINALIZED_WITHIN_C2_LIMIT,0.281477,1.808
3569,40000.0,0.1256,greedy,ZYZZYVA,8.0,1.0,0.0635,1,1,1,FINALIZED_WITHIN_C2_LIMIT,0.119272,2.537
3570,40000.0,0.1254,greedy,ZYZZYVA,8.0,1.0,0.0635,1,1,1,FINALIZED_WITHIN_C2_LIMIT,0.223678,2.069
3571,40000.0,0.1251,greedy,ZYZZYVA,8.0,1.0,0.0635,1,1,1,FINALIZED_WITHIN_C2_LIMIT,0.063317,2.156
3572,40000.0,0.1249,greedy,ZYZZYVA,8.0,1.0,0.0635,1,1,1,FINALIZED_WITHIN_C2_LIMIT,0.272755,1.88
3573,40000.0,0.1246,greedy,ZYZZYVA,8.0,1.0,0.0635,1,1,1,FINALIZED_WITHIN_C2_LIMIT,0.301159,2.071
3574,4000.0,0.1244,explore,PBFT,0.8,1.0,0.1416,1,1,1,FINALIZED_WITHIN_C2_LIMIT,0.185766,0.744
3575,40000.0,0.1241,greedy,ZYZZYVA,8.0,1.0,0.0635,1,1,1,FINALIZED_WITHIN_C2_LIMIT,0.121857,2.267
3576,40000.0,0.1239,greedy,ZYZZYVA,8.0,1.0,0.0635,1,1,1,FINALIZED_WITHIN_C2_LIMIT,0.18377,2.039
3577,40000.0,0.1236,greedy,ZYZZYVA,8.0,1.0,0.0635,1,1,1,FINALIZED_WITHIN_C2_LIMIT,0.101021,2.146
3578,28000.0,0.1234,explore,LIU_QUORUM,5.6,1.0,0.069,1,1,1,FINALIZED_WITHIN_C2_LIMIT,0.20866,1.385
3579,40000.0,0.1231,greedy,ZYZZYVA,8.0,1.0,0.0635,1,1,1,FINALIZED_WITHIN_C2_LIMIT,0.399937,2.036
3580,40000.0,0.1229,greedy,ZYZZYVA,8.0,1.0,0.0635,1,1,1,FINALIZED_WITHIN_C2_LIMIT,0.168559,1.859
3581,40000.0,0.1227,greedy,ZYZZYVA,8.0,1.0,0.0635,1,1,1,FINALIZED_WITHIN_C2_LIMIT,0.088308,1.898
3582,40000.0,0.1224,greedy,ZYZZYVA,8.0,1.0,0.0635,1,1,1,FINALIZED_WITHIN_C2_LIMIT,0.17488,1.9
3583,40000.0,0.1222,greedy,ZYZZYVA,8.0,1.0,0.0635,1,1,1,FINALIZED_WITHIN_C2_LIMIT,0.043366,2.003
3584,40000.0,0.1219,greedy,ZYZZYVA,8.0,1.0,0.0635,1,1,1,FINALIZED_WITHIN_C2_LIMIT,0.25307,1.872
3585,40000.0,0.1217,greedy,ZYZZYVA,8.0,1.0,0.0635,1,1,1,FINALIZED_WITHIN_C2_LIMIT,0.429891,2.177
3586,40000.0,0.1214,greedy,ZYZZYVA,8.0,1.0,0.0635,1,1,1,FINALIZED_WITHIN_C2_LIMIT,0.1578,1.953
3587,40000.0,0.1212,greedy,ZYZZYVA,8.0,1.0,0.0635,1,1,1,FINALIZED_WITHIN_C2_LIMIT,0.069828,1.904
3588,40000.0,0.1209,greedy,ZYZZYVA,8.0,1.0,0.0635,1,1,1,FINALIZED_WITHIN_C2_LIMIT,0.149285,1.831
3589,40000.0,0.1207,greedy,ZYZZYVA,8.0,1.0,0.0635,1,1,1,FINALIZED_WITHIN_C2_LIMIT,0.063802,1.902
3590,40000.0,0.1205,greedy,ZYZZYVA,8.0,1.0,0.0635,1,1,1,FINALIZED_WITHIN_C2_LIMIT,0.285183,2.175
3591,40000.0,0.1202,greedy,ZYZZYVA,8.0,1.0,0.0635,1,1,1,FINALIZED_WITHIN_C2_LIMIT,0.440404,2.066
3592,40000.0,0.12,greedy,ZYZZYVA,8.0,1.0,0.0635,1,1,1,FINALIZED_WITHIN_C2_LIMIT,0.160222,1.797
3593,0.0,0.1197,explore,LIU_QUORUM,6.0,1.0,0.2355,0,1,1,FINALIZED_WITHIN_C2_LIMIT,0.12394,1.468
3594,40000.0,0.1195,greedy,ZYZZYVA,8.0,1.0,0.0635,1,1,1,FINALIZED_WITHIN_C2_LIMIT,0.176822,1.805
3595,40000.0,0.1192,greedy,ZYZZYVA,8.0,1.0,0.0635,1,1,1,FINALIZED_WITHIN_C2_LIMIT,0.045306,1.764
3596,40000.0,0.119,greedy,ZYZZYVA,8.0,1.0,0.0635,1,1,1,FINALIZED_WITHIN_C2_LIMIT,0.194476,2.055
3597,40000.0,0.1187,greedy,ZYZZYVA,8.0,1.0,0.0635,1,1,1,FINALIZED_WITHIN_C2_LIMIT,0.433117,1.775
3598,28000.0,0.1185,explore,PBFT,5.6,1.0,0.0651,1,1,1,FINALIZED_WITHIN_C2_LIMIT,0.149185,1.39
3599,40000.0,0.1182,greedy,ZYZZYVA,8.0,1.0,0.0729,1,1,1,FINALIZED_WITHIN_C2_LIMIT,0.105691,1.805
3600,40000.0,0.118,greedy,ZYZZYVA,8.0,1.0,0.0635,1,1,1,FINALIZED_WITHIN_C2_LIMIT,0.184682,2.26
3601,40000.0,0.1178,greedy,ZYZZYVA,8.0,1.0,0.0635,1,1,1,FINALIZED_WITHIN_C2_LIMIT,0.114668,1.853
3602,40000.0,0.1175,greedy,ZYZZYVA,8.0,1.0,0.0635,1,1,1,FINALIZED_WITHIN_C2_LIMIT,0.234046,1.908
3603,40000.0,0.1173,greedy,ZYZZYVA,8.0,1.0,0.0635,1,1,1,FINALIZED_WITHIN_C2_LIMIT,0.309271,1.839
3604,40000.0,0.117,greedy,ZYZZYVA,8.0,1.0,0.0635,1,1,1,FINALIZED_WITHIN_C2_LIMIT,0.143265,1.941
3605,40000.0,0.1168,greedy,ZYZZYVA,8.0,1.0,0.0635,1,1,1,FINALIZED_WITHIN_C2_LIMIT,0.093294,1.833
3606,40000.0,0.1165,greedy,ZYZZYVA,8.0,1.0,0.0635,1,1,1,FINALIZED_WITHIN_C2_LIMIT,0.207455,1.901
3607,40000.0,0.1163,greedy,ZYZZYVA,8.0,1.0,0.0635,1,1,1,FINALIZED_WITHIN_C2_LIMIT,0.081154,1.964
3608,40000.0,0.116,greedy,ZYZZYVA,8.0,1.0,0.0635,1,1,1,FINALIZED_WITHIN_C2_LIMIT,0.146283,2.028
3609,40000.0,0.1158,greedy,ZYZZYVA,8.0,1.0,0.0635,1,1,1,FINALIZED_WITHIN_C2_LIMIT,0.292313,2.16
3610,40000.0,0.1156,greedy,ZYZZYVA,8.0,1.0,0.0635,1,1,1,FINALIZED_WITHIN_C2_LIMIT,0.124067,2.174
3611,40000.0,0.1153,greedy,ZYZZYVA,8.0,1.0,0.0635,1,1,1,FINALIZED_WITHIN_C2_LIMIT,0.119972,1.992
3612,17000.0,0.1151,explore,PBFT,3.4,1.0,0.0651,1,1,1,FINALIZED_WITHIN_C2_LIMIT,0.216419,1.397
3613,40000.0,0.1148,greedy,ZYZZYVA,8.0,1.0,0.0635,1,1,1,FINALIZED_WITHIN_C2_LIMIT,0.094978,2.381
3614,40000.0,0.1146,greedy,ZYZZYVA,8.0,1.0,0.0635,1,1,1,FINALIZED_WITHIN_C2_LIMIT,0.219985,1.846
3615,40000.0,0.1143,greedy,ZYZZYVA,8.0,1.0,0.0635,1,1,1,FINALIZED_WITHIN_C2_LIMIT,0.304981,2.026
3616,40000.0,0.1141,greedy,ZYZZYVA,8.0,1.0,0.0635,1,1,1,FINALIZED_WITHIN_C2_LIMIT,0.139978,2.343
3617,1000.0,0.1138,explore,ZYZZYVA,0.2,1.0,0.0609,1,1,1,FINALIZED_WITHIN_C2_LIMIT,0.126084,0.337
3618,8000.0,0.1136,explore,LIU_QUORUM,1.6,1.0,0.0278,1,1,1,FINALIZED_WITHIN_C2_LIMIT,0.271742,1.136
3619,40000.0,0.1133,greedy,ZYZZYVA,8.0,1.0,0.0635,1,1,1,FINALIZED_WITHIN_C2_LIMIT,0.089524,2.42
3620,40000.0,0.1131,greedy,ZYZZYVA,8.0,1.0,0.0635,1,1,1,FINALIZED_WITHIN_C2_LIMIT,0.142426,2.35
3621,40000.0,0.1129,greedy,ZYZZYVA,8.0,1.0,0.0635,1,1,1,FINALIZED_WITHIN_C2_LIMIT,0.298865,2.359
3622,40000.0,0.1126,greedy,ZYZZYVA,8.0,1.0,0.0635,1,1,1,FINALIZED_WITHIN_C2_LIMIT,0.114972,2.239
3623,40000.0,0.1124,greedy,ZYZZYVA,8.0,1.0,0.0635,1,1,1,FINALIZED_WITHIN_C2_LIMIT,0.175802,2.835
3624,34000.0,0.1121,explore,ZYZZYVA,6.8,1.0,0.0651,1,1,1,FINALIZED_WITHIN_C2_LIMIT,0.256001,1.797
3625,40000.0,0.1119,greedy,ZYZZYVA,8.0,1.0,0.0635,1,1,1,FINALIZED_WITHIN_C2_LIMIT,0.098991,2.04
3626,40000.0,0.1116,greedy,ZYZZYVA,8.0,1.0,0.0635,1,1,1,FINALIZED_WITHIN_C2_LIMIT,0.140362,1.944
3627,40000.0,0.1114,greedy,ZYZZYVA,8.0,1.0,0.0635,1,1,1,FINALIZED_WITHIN_C2_LIMIT,0.309296,2.091
3628,40000.0,0.1111,greedy,ZYZZYVA,8.0,1.0,0.0635,1,1,1,FINALIZED_WITHIN_C2_LIMIT,0.082248,1.92
3629,40000.0,0.1109,greedy,ZYZZYVA,8.0,1.0,0.0635,1,1,1,FINALIZED_WITHIN_C2_LIMIT,0.181412,1.913
3630,33000.0,0.1107,explore,PBFT,6.6,1.0,0.0315,1,1,1,FINALIZED_WITHIN_C2_LIMIT,0.275829,1.597
3631,40000.0,0.1104,greedy,ZYZZYVA,8.0,1.0,0.0635,1,1,1,FINALIZED_WITHIN_C2_LIMIT,0.103919,2.401
3632,40000.0,0.1102,greedy,ZYZZYVA,8.0,1.0,0.0635,1,1,1,FINALIZED_WITHIN_C2_LIMIT,0.124431,1.789
3633,40000.0,0.1099,greedy,ZYZZYVA,8.0,1.0,0.0635,1,1,1,FINALIZED_WITHIN_C2_LIMIT,0.249284,1.92
3634,40000.0,0.1097,greedy,ZYZZYVA,8.0,1.0,0.0635,1,1,1,FINALIZED_WITHIN_C2_LIMIT,0.113681,1.894
3635,0.0,0.1094,explore,PBFT,7.6,1.0,0.1284,1,0,1,C2_DEADLINE_EXCEEDED,0.154397,1.987
3636,40000.0,0.1092,greedy,ZYZZYVA,8.0,1.0,0.0635,1,1,1,FINALIZED_WITHIN_C2_LIMIT,0.282775,1.892
3637,40000.0,0.1089,greedy,ZYZZYVA,8.0,1.0,0.0635,1,1,1,FINALIZED_WITHIN_C2_LIMIT,0.101736,1.853
3638,40000.0,0.1087,greedy,ZYZZYVA,8.0,1.0,0.0635,1,1,1,FINALIZED_WITHIN_C2_LIMIT,0.116851,1.947
3639,40000.0,0.1084,greedy,ZYZZYVA,8.0,1.0,0.0635,1,1,1,FINALIZED_WITHIN_C2_LIMIT,0.239221,1.718
3640,40000.0,0.1082,greedy,ZYZZYVA,8.0,1.0,0.0635,1,1,1,FINALIZED_WITHIN_C2_LIMIT,0.124308,2.038
3641,40000.0,0.108,greedy,ZYZZYVA,8.0,1.0,0.0635,1,1,1,FINALIZED_WITHIN_C2_LIMIT,0.182719,2.056
3642,40000.0,0.1077,greedy,ZYZZYVA,8.0,1.0,0.0635,1,1,1,FINALIZED_WITHIN_C2_LIMIT,0.304387,2.024
3643,40000.0,0.1075,greedy,ZYZZYVA,8.0,1.0,0.0635,1,1,1,FINALIZED_WITHIN_C2_LIMIT,0.1331,2.271
3644,3000.0,0.1072,explore,PBFT,0.6,1.0,0.0558,1,1,1,FINALIZED_WITHIN_C2_LIMIT,0.10742,0.612
3645,40000.0,0.107,greedy,ZYZZYVA,8.0,1.0,0.0635,1,1,1,FINALIZED_WITHIN_C2_LIMIT,0.347114,2.177
3646,40000.0,0.1067,greedy,ZYZZYVA,8.0,1.0,0.0635,1,1,1,FINALIZED_WITHIN_C2_LIMIT,0.060368,2.177
3647,40000.0,0.1065,greedy,ZYZZYVA,8.0,1.0,0.0635,1,1,1,FINALIZED_WITHIN_C2_LIMIT,0.141797,2.511
3648,3000.0,0.1062,explore,PBFT,0.6,1.0,0.0708,1,1,1,FINALIZED_WITHIN_C2_LIMIT,0.272971,0.452
3649,40000.0,0.106,greedy,ZYZZYVA,8.0,1.0,0.0635,1,1,1,FINALIZED_WITHIN_C2_LIMIT,0.078869,2.344
3650,40000.0,0.1058,greedy,ZYZZYVA,8.0,1.0,0.0635,1,1,1,FINALIZED_WITHIN_C2_LIMIT,0.137533,2.099
3651,16000.0,0.1055,explore,LIU_QUORUM,3.2,1.0,0.0694,1,1,1,FINALIZED_WITHIN_C2_LIMIT,0.240698,1.074
3652,40000.0,0.1053,greedy,ZYZZYVA,8.0,1.0,0.0729,1,1,1,FINALIZED_WITHIN_C2_LIMIT,0.085089,1.949
3653,40000.0,0.105,greedy,ZYZZYVA,8.0,1.0,0.0729,1,1,1,FINALIZED_WITHIN_C2_LIMIT,0.105971,1.999
3654,40000.0,0.1048,greedy,ZYZZYVA,8.0,1.0,0.0729,1,1,1,FINALIZED_WITHIN_C2_LIMIT,0.220794,2.198
3655,40000.0,0.1045,greedy,ZYZZYVA,8.0,1.0,0.0729,1,1,1,FINALIZED_WITHIN_C2_LIMIT,0.083975,1.871
3656,40000.0,0.1043,greedy,ZYZZYVA,8.0,1.0,0.0635,1,1,1,FINALIZED_WITHIN_C2_LIMIT,0.157197,1.67
3657,40000.0,0.104,greedy,ZYZZYVA,8.0,1.0,0.0635,1,1,1,FINALIZED_WITHIN_C2_LIMIT,0.400756,1.8
3658,40000.0,0.1038,greedy,ZYZZYVA,8.0,1.0,0.0635,1,1,1,FINALIZED_WITHIN_C2_LIMIT,0.14206,2.052
3659,40000.0,0.1035,greedy,ZYZZYVA,8.0,1.0,0.0635,1,1,1,FINALIZED_WITHIN_C2_LIMIT,0.110321,2.043
3660,21000.0,0.1033,explore,ZYZZYVA,4.2,1.0,0.1368,1,1,1,FINALIZED_WITHIN_C2_LIMIT,0.199687,1.158
3661,1000.0,0.1031,explore,PBFT,0.2,1.0,0.0683,1,1,1,FINALIZED_WITHIN_C2_LIMIT,0.084835,0.439
3662,40000.0,0.1028,greedy,ZYZZYVA,8.0,1.0,0.0635,1,1,1,FINALIZED_WITHIN_C2_LIMIT,0.153384,2.19
3663,40000.0,0.1026,greedy,ZYZZYVA,8.0,1.0,0.0635,1,1,1,FINALIZED_WITHIN_C2_LIMIT,0.316308,2.518
3664,40000.0,0.1023,greedy,ZYZZYVA,8.0,1.0,0.0635,1,1,1,FINALIZED_WITHIN_C2_LIMIT,0.097998,2.293
3665,40000.0,0.1021,greedy,ZYZZYVA,8.0,1.0,0.0635,1,1,1,FINALIZED_WITHIN_C2_LIMIT,0.134223,2.364
3666,40000.0,0.1018,greedy,ZYZZYVA,8.0,1.0,0.0635,1,1,1,FINALIZED_WITHIN_C2_LIMIT,0.227136,2.143
3667,32000.0,0.1016,explore,ZYZZYVA,6.4,1.0,0.0683,1,1,1,FINALIZED_WITHIN_C2_LIMIT,0.065833,1.723
3668,40000.0,0.1013,greedy,ZYZZYVA,8.0,1.0,0.0635,1,1,1,FINALIZED_WITHIN_C2_LIMIT,0.259856,1.883
3669,40000.0,0.1011,greedy,ZYZZYVA,8.0,1.0,0.0635,1,1,1,FINALIZED_WITHIN_C2_LIMIT,0.329952,1.899
3670,40000.0,0.1008,greedy,ZYZZYVA,8.0,1.0,0.0635,1,1,1,FINALIZED_WITHIN_C2_LIMIT,0.132746,2.173
3671,40000.0,0.1006,greedy,ZYZZYVA,8.0,1.0,0.0635,1,1,1,FINALIZED_WITHIN_C2_LIMIT,0.187522,2.057
3672,40000.0,0.1004,greedy,ZYZZYVA,8.0,1.0,0.0635,1,1,1,FINALIZED_WITHIN_C2_LIMIT,0.244917,1.987
3673,40000.0,0.1001,greedy,ZYZZYVA,8.0,1.0,0.0635,1,1,1,FINALIZED_WITHIN_C2_LIMIT,0.083622,2.093
3674,40000.0,0.0999,greedy,ZYZZYVA,8.0,1.0,0.0635,1,1,1,FINALIZED_WITHIN_C2_LIMIT,0.221315,1.981
3675,40000.0,0.0996,greedy,ZYZZYVA,8.0,1.0,0.0635,1,1,1,FINALIZED_WITHIN_C2_LIMIT,0.246888,2.132
3676,40000.0,0.0994,greedy,ZYZZYVA,8.0,1.0,0.0635,1,1,1,FINALIZED_WITHIN_C2_LIMIT,0.113835,1.883
3677,40000.0,0.0991,greedy,ZYZZYVA,8.0,1.0,0.0635,1,1,1,FINALIZED_WITHIN_C2_LIMIT,0.167313,1.857
3678,40000.0,0.0989,greedy,ZYZZYVA,8.0,1.0,0.0635,1,1,1,FINALIZED_WITHIN_C2_LIMIT,0.234971,2.083
3679,40000.0,0.0986,greedy,ZYZZYVA,8.0,1.0,0.0635,1,1,1,FINALIZED_WITHIN_C2_LIMIT,0.112386,2.436
3680,40000.0,0.0984,greedy,ZYZZYVA,8.0,1.0,0.0635,1,1,1,FINALIZED_WITHIN_C2_LIMIT,0.115136,2.361
3681,40000.0,0.0982,greedy,ZYZZYVA,8.0,1.0,0.0635,1,1,1,FINALIZED_WITHIN_C2_LIMIT,0.248906,2.222
3682,37000.0,0.0979,explore,PBFT,7.4,1.0,0.1582,1,1,1,FINALIZED_WITHIN_C2_LIMIT,0.129793,2.093
3683,40000.0,0.0977,greedy,ZYZZYVA,8.0,1.0,0.0635,1,1,1,FINALIZED_WITHIN_C2_LIMIT,0.195873,1.924
3684,40000.0,0.0974,greedy,ZYZZYVA,8.0,1.0,0.0635,1,1,1,FINALIZED_WITHIN_C2_LIMIT,0.259814,1.924
3685,40000.0,0.0972,greedy,ZYZZYVA,8.0,1.0,0.0635,1,1,1,FINALIZED_WITHIN_C2_LIMIT,0.122456,2.02
3686,40000.0,0.0969,greedy,ZYZZYVA,8.0,1.0,0.0635,1,1,1,FINALIZED_WITHIN_C2_LIMIT,0.105162,1.862
3687,40000.0,0.0967,greedy,ZYZZYVA,8.0,1.0,0.0635,1,1,1,FINALIZED_WITHIN_C2_LIMIT,0.211041,2.132
3688,40000.0,0.0964,greedy,ZYZZYVA,8.0,1.0,0.0635,1,1,1,FINALIZED_WITHIN_C2_LIMIT,0.085915,2.298
3689,40000.0,0.0962,greedy,ZYZZYVA,8.0,1.0,0.0635,1,1,1,FINALIZED_WITHIN_C2_LIMIT,0.136999,1.976
3690,40000.0,0.0959,greedy,ZYZZYVA,8.0,1.0,0.0635,1,1,1,FINALIZED_WITHIN_C2_LIMIT,0.301196,1.843
3691,40000.0,0.0957,greedy,ZYZZYVA,8.0,1.0,0.0635,1,1,1,FINALIZED_WITHIN_C2_LIMIT,0.092707,2.207
3692,40000.0,0.0955,greedy,ZYZZYVA,8.0,1.0,0.0635,1,1,1,FINALIZED_WITHIN_C2_LIMIT,0.115593,2.139
3693,40000.0,0.0952,greedy,ZYZZYVA,8.0,1.0,0.0635,1,1,1,FINALIZED_WITHIN_C2_LIMIT,0.199294,2.17
3694,40000.0,0.095,greedy,ZYZZYVA,8.0,1.0,0.0635,1,1,1,FINALIZED_WITHIN_C2_LIMIT,0.081522,2.267
3695,40000.0,0.0947,greedy,ZYZZYVA,8.0,1.0,0.0635,1,1,1,FINALIZED_WITHIN_C2_LIMIT,0.159011,2.148
3696,40000.0,0.0945,greedy,ZYZZYVA,8.0,1.0,0.0635,1,1,1,FINALIZED_WITHIN_C2_LIMIT,0.231462,1.918
3697,40000.0,0.0942,greedy,ZYZZYVA,8.0,1.0,0.0635,1,1,1,FINALIZED_WITHIN_C2_LIMIT,0.106329,2.073
3698,40000.0,0.094,greedy,ZYZZYVA,8.0,1.0,0.0635,1,1,1,FINALIZED_WITHIN_C2_LIMIT,0.122371,2.05
3699,40000.0,0.0937,greedy,ZYZZYVA,8.0,1.0,0.0635,1,1,1,FINALIZED_WITHIN_C2_LIMIT,0.062965,1.942
3700,40000.0,0.0935,greedy,ZYZZYVA,8.0,1.0,0.0635,1,1,1,FINALIZED_WITHIN_C2_LIMIT,0.111051,1.781
3701,40000.0,0.0933,greedy,ZYZZYVA,8.0,1.0,0.0729,1,1,1,FINALIZED_WITHIN_C2_LIMIT,0.172176,1.764
3702,40000.0,0.093,greedy,ZYZZYVA,8.0,1.0,0.0729,1,1,1,FINALIZED_WITHIN_C2_LIMIT,0.034883,2.451
3703,40000.0,0.0928,greedy,ZYZZYVA,8.0,1.0,0.0729,1,1,1,FINALIZED_WITHIN_C2_LIMIT,0.357688,1.978
3704,40000.0,0.0925,greedy,ZYZZYVA,8.0,1.0,0.0729,1,1,1,FINALIZED_WITHIN_C2_LIMIT,0.539712,1.882
3705,40000.0,0.0923,greedy,ZYZZYVA,8.0,1.0,0.0729,1,1,1,FINALIZED_WITHIN_C2_LIMIT,0.339878,1.813
3706,40000.0,0.092,greedy,ZYZZYVA,8.0,1.0,0.0635,1,1,1,FINALIZED_WITHIN_C2_LIMIT,0.018873,1.935
3707,40000.0,0.0918,greedy,ZYZZYVA,8.0,1.0,0.0729,1,1,1,FINALIZED_WITHIN_C2_LIMIT,0.890362,1.91
3708,40000.0,0.0915,greedy,ZYZZYVA,8.0,1.0,0.0729,1,1,1,FINALIZED_WITHIN_C2_LIMIT,1.620635,2.204
3709,40000.0,0.0913,greedy,ZYZZYVA,8.0,1.0,0.0729,1,1,1,FINALIZED_WITHIN_C2_LIMIT,1.629902,2.041
3710,40000.0,0.0911,greedy,ZYZZYVA,8.0,1.0,0.0729,1,1,1,FINALIZED_WITHIN_C2_LIMIT,0.846742,2.202
3711,40000.0,0.0908,greedy,ZYZZYVA,8.0,1.0,0.0729,1,1,1,FINALIZED_WITHIN_C2_LIMIT,0.056947,2.069
3712,40000.0,0.0906,greedy,ZYZZYVA,8.0,1.0,0.0729,1,1,1,FINALIZED_WITHIN_C2_LIMIT,0.651238,2.127
3713,40000.0,0.0903,greedy,ZYZZYVA,8.0,1.0,0.0635,1,1,1,FINALIZED_WITHIN_C2_LIMIT,1.827631,2.149
3714,22000.0,0.0901,explore,LIU_QUORUM,4.4,1.0,0.1982,1,1,1,FINALIZED_WITHIN_C2_LIMIT,2.03521,1.259
3715,40000.0,0.0898,greedy,ZYZZYVA,8.0,1.0,0.0635,1,1,1,FINALIZED_WITHIN_C2_LIMIT,1.246661,2.202
3716,40000.0,0.0896,greedy,ZYZZYVA,8.0,1.0,0.0635,1,1,1,FINALIZED_WITHIN_C2_LIMIT,0.307592,2.061
3717,40000.0,0.0893,greedy,ZYZZYVA,8.0,1.0,0.0635,1,1,1,FINALIZED_WITHIN_C2_LIMIT,0.120401,2.185
3718,40000.0,0.0891,greedy,ZYZZYVA,8.0,1.0,0.0635,1,1,1,FINALIZED_WITHIN_C2_LIMIT,0.663529,2.169
3719,40000.0,0.0888,greedy,ZYZZYVA,8.0,1.0,0.0635,1,1,1,FINALIZED_WITHIN_C2_LIMIT,1.050434,1.998
3720,40000.0,0.0886,greedy,ZYZZYVA,8.0,1.0,0.0635,1,1,1,FINALIZED_WITHIN_C2_LIMIT,0.388748,1.856
3721,40000.0,0.0884,greedy,LIU_QUORUM,8.0,1.0,0.0635,1,1,1,FINALIZED_WITHIN_C2_LIMIT,0.035191,2.236
3722,40000.0,0.0881,greedy,ZYZZYVA,8.0,1.0,0.0729,1,1,1,FINALIZED_WITHIN_C2_LIMIT,0.167543,2.017
3723,40000.0,0.0879,greedy,ZYZZYVA,8.0,1.0,0.0729,1,1,1,FINALIZED_WITHIN_C2_LIMIT,0.099547,1.985
3724,40000.0,0.0876,greedy,ZYZZYVA,8.0,1.0,0.0729,1,1,1,FINALIZED_WITHIN_C2_LIMIT,0.179704,1.783
3725,40000.0,0.0874,greedy,ZYZZYVA,8.0,1.0,0.0729,1,1,1,FINALIZED_WITHIN_C2_LIMIT,0.324864,2.003
3726,40000.0,0.0871,greedy,ZYZZYVA,8.0,1.0,0.0729,1,1,1,FINALIZED_WITHIN_C2_LIMIT,0.073764,1.935
3727,40000.0,0.0869,greedy,ZYZZYVA,8.0,1.0,0.0729,1,1,1,FINALIZED_WITHIN_C2_LIMIT,0.181973,2.078
3728,40000.0,0.0866,greedy,ZYZZYVA,8.0,1.0,0.0729,1,1,1,FINALIZED_WITHIN_C2_LIMIT,0.396014,2.326
3729,40000.0,0.0864,greedy,ZYZZYVA,8.0,1.0,0.0635,1,1,1,FINALIZED_WITHIN_C2_LIMIT,0.191798,1.837
3730,31000.0,0.0862,explore,ZYZZYVA,6.2,1.0,0.069,1,1,1,FINALIZED_WITHIN_C2_LIMIT,0.041683,1.411
3731,40000.0,0.0859,greedy,ZYZZYVA,8.0,1.0,0.0635,1,1,1,FINALIZED_WITHIN_C2_LIMIT,0.114665,2.175
3732,40000.0,0.0857,greedy,ZYZZYVA,8.0,1.0,0.0635,1,1,1,FINALIZED_WITHIN_C2_LIMIT,0.08512,2.101
3733,40000.0,0.0854,greedy,ZYZZYVA,8.0,1.0,0.0635,1,1,1,FINALIZED_WITHIN_C2_LIMIT,0.064997,1.767
3734,40000.0,0.0852,greedy,ZYZZYVA,8.0,1.0,0.0635,1,1,1,FINALIZED_WITHIN_C2_LIMIT,0.192513,1.987
3735,40000.0,0.0849,greedy,ZYZZYVA,8.0,1.0,0.0635,1,1,1,FINALIZED_WITHIN_C2_LIMIT,0.166207,2.21
3736,40000.0,0.0847,greedy,ZYZZYVA,8.0,1.0,0.0635,1,1,1,FINALIZED_WITHIN_C2_LIMIT,0.016575,2.046
3737,35000.0,0.0844,explore,ZYZZYVA,7.0,1.0,0.0288,1,1,1,FINALIZED_WITHIN_C2_LIMIT,0.441923,2.144
3738,40000.0,0.0842,greedy,ZYZZYVA,8.0,1.0,0.0635,1,1,1,FINALIZED_WITHIN_C2_LIMIT,0.831931,2.198
3739,40000.0,0.0839,greedy,ZYZZYVA,8.0,1.0,0.0635,1,1,1,FINALIZED_WITHIN_C2_LIMIT,0.61018,2.04
3740,0.0,0.0837,explore,PBFT,1.8,1.0,0.2536,0,1,1,FINALIZED_WITHIN_C2_LIMIT,0.08531,0.807
3741,40000.0,0.0835,greedy,ZYZZYVA,8.0,1.0,0.0603,1,1,1,FINALIZED_WITHIN_C2_LIMIT,0.412638,2.122
3742,40000.0,0.0832,greedy,ZYZZYVA,8.0,1.0,0.054,1,1,1,FINALIZED_WITHIN_C2_LIMIT,0.952437,1.979
3743,40000.0,0.083,greedy,ZYZZYVA,8.0,1.0,0.0638,1,1,1,FINALIZED_WITHIN_C2_LIMIT,0.864523,2.019
3744,40000.0,0.0827,greedy,ZYZZYVA,8.0,1.0,0.0603,1,1,1,FINALIZED_WITHIN_C2_LIMIT,0.290993,2.083
3745,40000.0,0.0825,greedy,ZYZZYVA,8.0,1.0,0.0635,1,1,1,FINALIZED_WITHIN_C2_LIMIT,0.07148,1.753
3746,40000.0,0.0822,greedy,ZYZZYVA,8.0,1.0,0.0635,1,1,1,FINALIZED_WITHIN_C2_LIMIT,0.275667,1.91
3747,40000.0,0.082,greedy,ZYZZYVA,8.0,1.0,0.0729,1,1,1,FINALIZED_WITHIN_C2_LIMIT,0.193303,2.108
3748,40000.0,0.0817,greedy,ZYZZYVA,8.0,1.0,0.0729,1,1,1,FINALIZED_WITHIN_C2_LIMIT,0.056844,2.169
3749,40000.0,0.0815,greedy,ZYZZYVA,8.0,1.0,0.0729,1,1,1,FINALIZED_WITHIN_C2_LIMIT,0.06075,2.039
3750,40000.0,0.0813,greedy,ZYZZYVA,8.0,1.0,0.0729,1,1,1,FINALIZED_WITHIN_C2_LIMIT,0.079458,1.834
3751,40000.0,0.081,greedy,ZYZZYVA,8.0,1.0,0.0729,1,1,1,FINALIZED_WITHIN_C2_LIMIT,0.097188,1.898
3752,40000.0,0.0808,greedy,ZYZZYVA,8.0,1.0,0.075,1,1,1,FINALIZED_WITHIN_C2_LIMIT,0.124407,1.998
3753,40000.0,0.0805,greedy,ZYZZYVA,8.0,1.0,0.075,1,1,1,FINALIZED_WITHIN_C2_LIMIT,0.139838,2.092
3754,40000.0,0.0803,greedy,ZYZZYVA,8.0,1.0,0.0729,1,1,1,FINALIZED_WITHIN_C2_LIMIT,0.062747,2.092
3755,40000.0,0.08,greedy,ZYZZYVA,8.0,1.0,0.0729,1,1,1,FINALIZED_WITHIN_C2_LIMIT,0.054746,2.136
3756,40000.0,0.0798,greedy,ZYZZYVA,8.0,1.0,0.075,1,1,1,FINALIZED_WITHIN_C2_LIMIT,0.086293,1.71
3757,40000.0,0.0795,greedy,ZYZZYVA,8.0,1.0,0.075,1,1,1,FINALIZED_WITHIN_C2_LIMIT,0.055297,1.974
3758,40000.0,0.0793,greedy,ZYZZYVA,8.0,1.0,0.0729,1,1,1,FINALIZED_WITHIN_C2_LIMIT,0.162241,2.122
3759,40000.0,0.079,greedy,ZYZZYVA,8.0,1.0,0.0729,1,1,1,FINALIZED_WITHIN_C2_LIMIT,0.152502,2.047
3760,29000.0,0.0788,explore,ZYZZYVA,5.8,1.0,0.0809,1,1,1,FINALIZED_WITHIN_C2_LIMIT,0.021827,1.482
3761,40000.0,0.0786,greedy,ZYZZYVA,8.0,1.0,0.0779,1,1,1,FINALIZED_WITHIN_C2_LIMIT,0.411757,1.883
3762,40000.0,0.0783,greedy,ZYZZYVA,8.0,1.0,0.0782,1,1,1,FINALIZED_WITHIN_C2_LIMIT,0.77297,1.777
3763,40000.0,0.0781,greedy,ZYZZYVA,8.0,1.0,0.0729,1,1,1,FINALIZED_WITHIN_C2_LIMIT,0.491034,1.878
3764,40000.0,0.0778,greedy,ZYZZYVA,8.0,1.0,0.0729,1,1,1,FINALIZED_WITHIN_C2_LIMIT,0.092967,2.036
3765,40000.0,0.0776,greedy,ZYZZYVA,8.0,1.0,0.0729,1,1,1,FINALIZED_WITHIN_C2_LIMIT,0.438847,2.349
3766,40000.0,0.0773,greedy,ZYZZYVA,8.0,1.0,0.0729,1,1,1,FINALIZED_WITHIN_C2_LIMIT,1.07143,1.918
3767,40000.0,0.0771,greedy,ZYZZYVA,8.0,1.0,0.0729,1,1,1,FINALIZED_WITHIN_C2_LIMIT,0.948861,2.38
3768,40000.0,0.0768,greedy,ZYZZYVA,8.0,1.0,0.0729,1,1,1,FINALIZED_WITHIN_C2_LIMIT,0.380112,2.418
3769,40000.0,0.0766,greedy,ZYZZYVA,8.0,1.0,0.0729,1,1,1,FINALIZED_WITHIN_C2_LIMIT,0.038276,2.465
3770,40000.0,0.0764,greedy,ZYZZYVA,8.0,1.0,0.0729,1,1,1,FINALIZED_WITHIN_C2_LIMIT,0.236513,2.044
3771,40000.0,0.0761,greedy,ZYZZYVA,8.0,1.0,0.0729,1,1,1,FINALIZED_WITHIN_C2_LIMIT,0.120428,2.231
3772,40000.0,0.0759,greedy,ZYZZYVA,8.0,1.0,0.0729,1,1,1,FINALIZED_WITHIN_C2_LIMIT,0.092893,2.052
3773,40000.0,0.0756,greedy,ZYZZYVA,8.0,1.0,0.0729,1,1,1,FINALIZED_WITHIN_C2_LIMIT,0.170959,2.356
3774,40000.0,0.0754,greedy,ZYZZYVA,8.0,1.0,0.0729,1,1,1,FINALIZED_WITHIN_C2_LIMIT,0.035633,1.957
3775,40000.0,0.0751,greedy,ZYZZYVA,8.0,1.0,0.0729,1,1,1,FINALIZED_WITHIN_C2_LIMIT,0.045031,2.042
3776,40000.0,0.0749,greedy,ZYZZYVA,8.0,1.0,0.0635,1,1,1,FINALIZED_WITHIN_C2_LIMIT,0.077527,1.923
3777,40000.0,0.0746,greedy,ZYZZYVA,8.0,1.0,0.0635,1,1,1,FINALIZED_WITHIN_C2_LIMIT,0.120783,1.946
3778,40000.0,0.0744,greedy,ZYZZYVA,8.0,1.0,0.0635,1,1,1,FINALIZED_WITHIN_C2_LIMIT,0.084599,1.804
3779,40000.0,0.0741,greedy,ZYZZYVA,8.0,1.0,0.0635,1,1,1,FINALIZED_WITHIN_C2_LIMIT,0.109993,1.93
3780,40000.0,0.0739,greedy,ZYZZYVA,8.0,1.0,0.0635,1,1,1,FINALIZED_WITHIN_C2_LIMIT,0.11214,1.914
3781,40000.0,0.0737,greedy,ZYZZYVA,8.0,1.0,0.0635,1,1,1,FINALIZED_WITHIN_C2_LIMIT,0.040897,2.173
3782,40000.0,0.0734,greedy,ZYZZYVA,8.0,1.0,0.0635,1,1,1,FINALIZED_WITHIN_C2_LIMIT,0.031605,2.003
3783,40000.0,0.0732,greedy,ZYZZYVA,8.0,1.0,0.0635,1,1,1,FINALIZED_WITHIN_C2_LIMIT,0.141069,2.215
3784,40000.0,0.0729,greedy,ZYZZYVA,8.0,1.0,0.0635,1,1,1,FINALIZED_WITHIN_C2_LIMIT,0.088464,1.836
3785,40000.0,0.0727,greedy,ZYZZYVA,8.0,1.0,0.0635,1,1,1,FINALIZED_WITHIN_C2_LIMIT,0.082071,1.959
3786,40000.0,0.0724,greedy,ZYZZYVA,8.0,1.0,0.0635,1,1,1,FINALIZED_WITHIN_C2_LIMIT,0.080484,1.801
3787,40000.0,0.0722,greedy,ZYZZYVA,8.0,1.0,0.0729,1,1,1,FINALIZED_WITHIN_C2_LIMIT,0.034825,2.27
3788,40000.0,0.0719,greedy,ZYZZYVA,8.0,1.0,0.0729,1,1,1,FINALIZED_WITHIN_C2_LIMIT,0.077756,1.928
3789,0.0,0.0717,explore,ZYZZYVA,0.2,1.0,0.2251,0,1,1,FINALIZED_WITHIN_C2_LIMIT,0.160718,0.314
3790,40000.0,0.0715,greedy,ZYZZYVA,8.0,1.0,0.0729,1,1,1,FINALIZED_WITHIN_C2_LIMIT,0.20718,2.745
3791,40000.0,0.0712,greedy,ZYZZYVA,8.0,1.0,0.0729,1,1,1,FINALIZED_WITHIN_C2_LIMIT,0.028598,2.041
3792,40000.0,0.071,greedy,ZYZZYVA,8.0,1.0,0.0729,1,1,1,FINALIZED_WITHIN_C2_LIMIT,0.478519,2.23
3793,40000.0,0.0707,greedy,ZYZZYVA,8.0,1.0,0.0729,1,1,1,FINALIZED_WITHIN_C2_LIMIT,0.859211,2.151
3794,40000.0,0.0705,greedy,ZYZZYVA,8.0,1.0,0.0729,1,1,1,FINALIZED_WITHIN_C2_LIMIT,0.716824,2.195
3795,40000.0,0.0702,greedy,ZYZZYVA,8.0,1.0,0.0729,1,1,1,FINALIZED_WITHIN_C2_LIMIT,0.140964,2.307
3796,40000.0,0.07,greedy,ZYZZYVA,8.0,1.0,0.0729,1,1,1,FINALIZED_WITHIN_C2_LIMIT,0.361566,2.391
3797,40000.0,0.0697,greedy,ZYZZYVA,8.0,1.0,0.0729,1,1,1,FINALIZED_WITHIN_C2_LIMIT,0.831087,2.233
3798,40000.0,0.0695,greedy,ZYZZYVA,8.0,1.0,0.0729,1,1,1,FINALIZED_WITHIN_C2_LIMIT,0.819678,2.73
3799,40000.0,0.0692,greedy,ZYZZYVA,8.0,1.0,0.0729,1,1,1,FINALIZED_WITHIN_C2_LIMIT,0.11183,2.378
3800,40000.0,0.069,greedy,ZYZZYVA,8.0,1.0,0.0729,1,1,1,FINALIZED_WITHIN_C2_LIMIT,0.279883,2.259
3801,40000.0,0.0688,greedy,ZYZZYVA,8.0,1.0,0.0729,1,1,1,FINALIZED_WITHIN_C2_LIMIT,0.729425,2.107
3802,40000.0,0.0685,greedy,ZYZZYVA,8.0,1.0,0.0729,1,1,1,FINALIZED_WITHIN_C2_LIMIT,0.633428,2.438
3803,40000.0,0.0683,greedy,ZYZZYVA,8.0,1.0,0.0635,1,1,1,FINALIZED_WITHIN_C2_LIMIT,0.076098,2.263
3804,40000.0,0.068,greedy,ZYZZYVA,8.0,1.0,0.0729,1,1,1,FINALIZED_WITHIN_C2_LIMIT,0.322101,2.139
3805,40000.0,0.0678,greedy,ZYZZYVA,8.0,1.0,0.0635,1,1,1,FINALIZED_WITHIN_C2_LIMIT,0.841695,2.218
3806,40000.0,0.0675,greedy,ZYZZYVA,8.0,1.0,0.0635,1,1,1,FINALIZED_WITHIN_C2_LIMIT,0.722426,2.462
3807,40000.0,0.0673,greedy,ZYZZYVA,8.0,1.0,0.0635,1,1,1,FINALIZED_WITHIN_C2_LIMIT,0.222356,2.025
3808,40000.0,0.067,greedy,ZYZZYVA,8.0,1.0,0.0635,1,1,1,FINALIZED_WITHIN_C2_LIMIT,0.241983,2.194
3809,40000.0,0.0668,greedy,ZYZZYVA,8.0,1.0,0.0635,1,1,1,FINALIZED_WITHIN_C2_LIMIT,0.467204,2.163
3810,40000.0,0.0665,greedy,ZYZZYVA,8.0,1.0,0.0635,1,1,1,FINALIZED_WITHIN_C2_LIMIT,0.317319,2.833
3811,40000.0,0.0663,greedy,ZYZZYVA,8.0,1.0,0.0635,1,1,1,FINALIZED_WITHIN_C2_LIMIT,0.092088,2.351
3812,40000.0,0.0661,greedy,ZYZZYVA,8.0,1.0,0.0635,1,1,1,FINALIZED_WITHIN_C2_LIMIT,0.407474,2.655
3813,17000.0,0.0658,explore,PBFT,3.4,1.0,0.0881,1,1,1,FINALIZED_WITHIN_C2_LIMIT,0.890187,1.089
3814,40000.0,0.0656,greedy,ZYZZYVA,8.0,1.0,0.0729,1,1,1,FINALIZED_WITHIN_C2_LIMIT,0.704362,2.296
3815,40000.0,0.0653,greedy,ZYZZYVA,8.0,1.0,0.0729,1,1,1,FINALIZED_WITHIN_C2_LIMIT,0.242325,2.207
3816,40000.0,0.0651,greedy,ZYZZYVA,8.0,1.0,0.0729,1,1,1,FINALIZED_WITHIN_C2_LIMIT,0.135235,2.325
3817,40000.0,0.0648,greedy,ZYZZYVA,8.0,1.0,0.0729,1,1,1,FINALIZED_WITHIN_C2_LIMIT,0.404938,2.149
3818,40000.0,0.0646,greedy,ZYZZYVA,8.0,1.0,0.0729,1,1,1,FINALIZED_WITHIN_C2_LIMIT,0.401712,2.29
3819,40000.0,0.0643,greedy,ZYZZYVA,8.0,1.0,0.0729,1,1,1,FINALIZED_WITHIN_C2_LIMIT,0.05615,2.048
3820,40000.0,0.0641,greedy,ZYZZYVA,8.0,1.0,0.0729,1,1,1,FINALIZED_WITHIN_C2_LIMIT,0.443619,2.179
3821,40000.0,0.0639,greedy,ZYZZYVA,8.0,1.0,0.0729,1,1,1,FINALIZED_WITHIN_C2_LIMIT,0.886843,2.001
3822,40000.0,0.0636,greedy,ZYZZYVA,8.0,1.0,0.0729,1,1,1,FINALIZED_WITHIN_C2_LIMIT,0.759846,2.328
3823,40000.0,0.0634,greedy,ZYZZYVA,8.0,1.0,0.0729,1,1,1,FINALIZED_WITHIN_C2_LIMIT,0.210421,2.134
3824,40000.0,0.0631,greedy,ZYZZYVA,8.0,1.0,0.0729,1,1,1,FINALIZED_WITHIN_C2_LIMIT,0.142844,2.633
3825,40000.0,0.0629,greedy,ZYZZYVA,8.0,1.0,0.0729,1,1,1,FINALIZED_WITHIN_C2_LIMIT,0.462697,2.252
3826,40000.0,0.0626,greedy,ZYZZYVA,8.0,1.0,0.0729,1,1,1,FINALIZED_WITHIN_C2_LIMIT,0.34515,2.545
3827,40000.0,0.0624,greedy,ZYZZYVA,8.0,1.0,0.0729,1,1,1,FINALIZED_WITHIN_C2_LIMIT,0.091654,2.157
3828,40000.0,0.0621,greedy,ZYZZYVA,8.0,1.0,0.0729,1,1,1,FINALIZED_WITHIN_C2_LIMIT,0.426122,2.186
3829,40000.0,0.0619,greedy,ZYZZYVA,8.0,1.0,0.0635,1,1,1,FINALIZED_WITHIN_C2_LIMIT,0.862051,2.131
3830,40000.0,0.0616,greedy,ZYZZYVA,8.0,1.0,0.0635,1,1,1,FINALIZED_WITHIN_C2_LIMIT,0.657742,2.048
3831,40000.0,0.0614,greedy,ZYZZYVA,8.0,1.0,0.0635,1,1,1,FINALIZED_WITHIN_C2_LIMIT,0.180765,2.124
3832,40000.0,0.0612,greedy,ZYZZYVA,8.0,1.0,0.0635,1,1,1,FINALIZED_WITHIN_C2_LIMIT,0.230583,2.266
3833,40000.0,0.0609,greedy,ZYZZYVA,8.0,1.0,0.0635,1,1,1,FINALIZED_WITHIN_C2_LIMIT,0.466693,2.088
3834,40000.0,0.0607,greedy,ZYZZYVA,8.0,1.0,0.0635,1,1,1,FINALIZED_WITHIN_C2_LIMIT,0.356891,2.313
3835,40000.0,0.0604,greedy,ZYZZYVA,8.0,1.0,0.0635,1,1,1,FINALIZED_WITHIN_C2_LIMIT,0.075133,1.922
3836,40000.0,0.0602,greedy,ZYZZYVA,8.0,1.0,0.0635,1,1,1,FINALIZED_WITHIN_C2_LIMIT,0.333571,2.073
3837,39000.0,0.0599,explore,LIU_QUORUM,7.8,1.0,0.0786,1,1,1,FINALIZED_WITHIN_C2_LIMIT,0.76711,1.916
3838,40000.0,0.0597,greedy,ZYZZYVA,8.0,1.0,0.0635,1,1,1,FINALIZED_WITHIN_C2_LIMIT,0.643897,2.359
3839,40000.0,0.0594,greedy,ZYZZYVA,8.0,1.0,0.0635,1,1,1,FINALIZED_WITHIN_C2_LIMIT,0.148803,2.032
3840,40000.0,0.0592,greedy,ZYZZYVA,8.0,1.0,0.0635,1,1,1,FINALIZED_WITHIN_C2_LIMIT,0.151276,2.155
3841,40000.0,0.059,greedy,ZYZZYVA,8.0,1.0,0.0729,1,1,1,FINALIZED_WITHIN_C2_LIMIT,0.65748,2.127
3842,4000.0,0.0587,explore,ZYZZYVA,0.8,1.0,0.0769,1,1,1,FINALIZED_WITHIN_C2_LIMIT,0.439005,0.607
3843,40000.0,0.0585,greedy,ZYZZYVA,8.0,1.0,0.0729,1,1,1,FINALIZED_WITHIN_C2_LIMIT,0.082818,2.681
3844,40000.0,0.0582,greedy,ZYZZYVA,8.0,1.0,0.0729,1,1,1,FINALIZED_WITHIN_C2_LIMIT,0.314135,2.272
3845,40000.0,0.058,greedy,ZYZZYVA,8.0,1.0,0.0729,1,1,1,FINALIZED_WITHIN_C2_LIMIT,0.745389,2.414
3846,40000.0,0.0577,greedy,ZYZZYVA,8.0,1.0,0.0729,1,1,1,FINALIZED_WITHIN_C2_LIMIT,0.57744,2.168
3847,40000.0,0.0575,greedy,ZYZZYVA,8.0,1.0,0.0729,1,1,1,FINALIZED_WITHIN_C2_LIMIT,0.127725,2.624
3848,40000.0,0.0572,greedy,ZYZZYVA,8.0,1.0,0.0729,1,1,1,FINALIZED_WITHIN_C2_LIMIT,0.211053,2.469
3849,40000.0,0.057,greedy,ZYZZYVA,8.0,1.0,0.0729,1,1,1,FINALIZED_WITHIN_C2_LIMIT,0.590357,2.4
3850,40000.0,0.0567,greedy,ZYZZYVA,8.0,1.0,0.0729,1,1,1,FINALIZED_WITHIN_C2_LIMIT,0.667491,2.194
3851,40000.0,0.0565,greedy,ZYZZYVA,8.0,1.0,0.0729,1,1,1,FINALIZED_WITHIN_C2_LIMIT,0.114175,2.345
3852,40000.0,0.0563,greedy,ZYZZYVA,8.0,1.0,0.0729,1,1,1,FINALIZED_WITHIN_C2_LIMIT,0.271646,2.175
3853,40000.0,0.056,greedy,ZYZZYVA,8.0,1.0,0.0729,1,1,1,FINALIZED_WITHIN_C2_LIMIT,0.634896,2.418
3854,40000.0,0.0558,greedy,ZYZZYVA,8.0,1.0,0.0635,1,1,1,FINALIZED_WITHIN_C2_LIMIT,0.519579,2.223
3855,40000.0,0.0555,greedy,ZYZZYVA,8.0,1.0,0.0635,1,1,1,FINALIZED_WITHIN_C2_LIMIT,0.132146,2.251
3856,40000.0,0.0553,greedy,ZYZZYVA,8.0,1.0,0.0635,1,1,1,FINALIZED_WITHIN_C2_LIMIT,0.239658,2.056
3857,40000.0,0.055,greedy,ZYZZYVA,8.0,1.0,0.0635,1,1,1,FINALIZED_WITHIN_C2_LIMIT,0.642522,2.396
3858,40000.0,0.0548,greedy,ZYZZYVA,8.0,1.0,0.0635,1,1,1,FINALIZED_WITHIN_C2_LIMIT,0.541765,2.134
3859,40000.0,0.0545,greedy,ZYZZYVA,8.0,1.0,0.0635,1,1,1,FINALIZED_WITHIN_C2_LIMIT,0.166845,2.379
3860,40000.0,0.0543,greedy,ZYZZYVA,8.0,1.0,0.0729,1,1,1,FINALIZED_WITHIN_C2_LIMIT,0.231375,2.335
3861,40000.0,0.0541,greedy,ZYZZYVA,8.0,1.0,0.0635,1,1,1,FINALIZED_WITHIN_C2_LIMIT,0.665783,2.864
3862,28000.0,0.0538,explore,ZYZZYVA,5.6,1.0,0.069,1,1,1,FINALIZED_WITHIN_C2_LIMIT,0.486877,1.709
3863,40000.0,0.0536,greedy,ZYZZYVA,8.0,1.0,0.0729,1,1,1,FINALIZED_WITHIN_C2_LIMIT,0.096328,2.214
3864,40000.0,0.0533,greedy,ZYZZYVA,8.0,1.0,0.0635,1,1,1,FINALIZED_WITHIN_C2_LIMIT,0.237253,1.867
3865,40000.0,0.0531,greedy,ZYZZYVA,8.0,1.0,0.0635,1,1,1,FINALIZED_WITHIN_C2_LIMIT,0.665112,2.38
3866,40000.0,0.0528,greedy,ZYZZYVA,8.0,1.0,0.0635,1,1,1,FINALIZED_WITHIN_C2_LIMIT,0.512303,1.934
3867,40000.0,0.0526,greedy,ZYZZYVA,8.0,1.0,0.0635,1,1,1,FINALIZED_WITHIN_C2_LIMIT,0.12078,1.971
3868,40000.0,0.0523,greedy,ZYZZYVA,8.0,1.0,0.0729,1,1,1,FINALIZED_WITHIN_C2_LIMIT,0.252153,2.377
3869,40000.0,0.0521,greedy,ZYZZYVA,8.0,1.0,0.0729,1,1,1,FINALIZED_WITHIN_C2_LIMIT,0.530706,2.505
3870,40000.0,0.0518,greedy,ZYZZYVA,8.0,1.0,0.0729,1,1,1,FINALIZED_WITHIN_C2_LIMIT,0.505535,2.422
3871,40000.0,0.0516,greedy,ZYZZYVA,8.0,1.0,0.0729,1,1,1,FINALIZED_WITHIN_C2_LIMIT,0.090186,2.162
3872,40000.0,0.0514,greedy,ZYZZYVA,8.0,1.0,0.0729,1,1,1,FINALIZED_WITHIN_C2_LIMIT,0.293492,1.95
3873,40000.0,0.0511,greedy,ZYZZYVA,8.0,1.0,0.0729,1,1,1,FINALIZED_WITHIN_C2_LIMIT,0.704147,2.219
3874,40000.0,0.0509,greedy,ZYZZYVA,8.0,1.0,0.0729,1,1,1,FINALIZED_WITHIN_C2_LIMIT,0.530584,2.108
3875,40000.0,0.0506,greedy,LIU_QUORUM,8.0,1.0,0.0729,1,1,1,FINALIZED_WITHIN_C2_LIMIT,0.103492,2.223
3876,40000.0,0.0504,greedy,LIU_QUORUM,8.0,1.0,0.0729,1,1,1,FINALIZED_WITHIN_C2_LIMIT,0.184407,1.988
3877,40000.0,0.0501,greedy,LIU_QUORUM,8.0,1.0,0.0729,1,1,1,FINALIZED_WITHIN_C2_LIMIT,0.499191,1.911
3878,40000.0,0.0499,greedy,LIU_QUORUM,8.0,1.0,0.0729,1,1,1,FINALIZED_WITHIN_C2_LIMIT,0.424966,1.913
3879,40000.0,0.0496,greedy,LIU_QUORUM,8.0,1.0,0.0729,1,1,1,FINALIZED_WITHIN_C2_LIMIT,0.055762,2.195
3880,40000.0,0.0494,greedy,LIU_QUORUM,8.0,1.0,0.0729,1,1,1,FINALIZED_WITHIN_C2_LIMIT,0.327495,1.937
3881,40000.0,0.0492,greedy,LIU_QUORUM,8.0,1.0,0.0729,1,1,1,FINALIZED_WITHIN_C2_LIMIT,0.750121,2.343
3882,40000.0,0.0489,greedy,ZYZZYVA,8.0,1.0,0.0729,1,1,1,FINALIZED_WITHIN_C2_LIMIT,0.655917,2.124
3883,40000.0,0.0487,greedy,ZYZZYVA,8.0,1.0,0.0729,1,1,1,FINALIZED_WITHIN_C2_LIMIT,0.148318,2.035
3884,40000.0,0.0484,greedy,ZYZZYVA,8.0,1.0,0.0729,1,1,1,FINALIZED_WITHIN_C2_LIMIT,0.11888,1.927
3885,40000.0,0.0482,greedy,ZYZZYVA,8.0,1.0,0.0729,1,1,1,FINALIZED_WITHIN_C2_LIMIT,0.429654,1.895
3886,40000.0,0.0479,greedy,ZYZZYVA,8.0,1.0,0.0729,1,1,1,FINALIZED_WITHIN_C2_LIMIT,0.33048,1.928
3887,40000.0,0.0477,greedy,ZYZZYVA,8.0,1.0,0.0729,1,1,1,FINALIZED_WITHIN_C2_LIMIT,0.058899,2.133
3888,40000.0,0.0474,greedy,ZYZZYVA,8.0,1.0,0.0635,1,1,1,FINALIZED_WITHIN_C2_LIMIT,0.384482,1.791
3889,40000.0,0.0472,greedy,ZYZZYVA,8.0,1.0,0.0635,1,1,1,FINALIZED_WITHIN_C2_LIMIT,0.832815,1.972
3890,40000.0,0.0469,greedy,ZYZZYVA,8.0,1.0,0.0635,1,1,1,FINALIZED_WITHIN_C2_LIMIT,0.890964,1.933
3891,40000.0,0.0467,greedy,ZYZZYVA,8.0,1.0,0.0635,1,1,1,FINALIZED_WITHIN_C2_LIMIT,0.182978,2.095
3892,40000.0,0.0465,greedy,ZYZZYVA,8.0,1.0,0.0635,1,1,1,FINALIZED_WITHIN_C2_LIMIT,0.134827,1.896
3893,40000.0,0.0462,greedy,ZYZZYVA,8.0,1.0,0.0729,1,1,1,FINALIZED_WITHIN_C2_LIMIT,0.34375,2.229
3894,40000.0,0.046,greedy,ZYZZYVA,8.0,1.0,0.0729,1,1,1,FINALIZED_WITHIN_C2_LIMIT,0.299772,2.132
3895,40000.0,0.0457,greedy,ZYZZYVA,8.0,1.0,0.0729,1,1,1,FINALIZED_WITHIN_C2_LIMIT,0.088974,2.406
3896,40000.0,0.0455,greedy,ZYZZYVA,8.0,1.0,0.0729,1,1,1,FINALIZED_WITHIN_C2_LIMIT,0.400474,2.328
3897,40000.0,0.0452,greedy,ZYZZYVA,8.0,1.0,0.0635,1,1,1,FINALIZED_WITHIN_C2_LIMIT,0.803231,2.079
3898,40000.0,0.045,greedy,ZYZZYVA,8.0,1.0,0.0635,1,1,1,FINALIZED_WITHIN_C2_LIMIT,0.590093,2.258
3899,40000.0,0.0447,greedy,ZYZZYVA,8.0,1.0,0.0635,1,1,1,FINALIZED_WITHIN_C2_LIMIT,0.08054,2.13
3900,40000.0,0.0445,greedy,ZYZZYVA,8.0,1.0,0.0635,1,1,1,FINALIZED_WITHIN_C2_LIMIT,0.124824,2.106
3901,40000.0,0.0443,greedy,LIU_QUORUM,8.0,1.0,0.0635,1,1,1,FINALIZED_WITHIN_C2_LIMIT,0.024245,2.006
3902,40000.0,0.044,greedy,LIU_QUORUM,8.0,1.0,0.0635,1,1,1,FINALIZED_WITHIN_C2_LIMIT,0.038516,2.064
3903,40000.0,0.0438,greedy,ZYZZYVA,8.0,1.0,0.0635,1,1,1,FINALIZED_WITHIN_C2_LIMIT,0.210414,2.088
3904,40000.0,0.0435,greedy,ZYZZYVA,8.0,1.0,0.0635,1,1,1,FINALIZED_WITHIN_C2_LIMIT,0.25474,2.242
3905,40000.0,0.0433,greedy,ZYZZYVA,8.0,1.0,0.0635,1,1,1,FINALIZED_WITHIN_C2_LIMIT,0.027492,2.161
3906,40000.0,0.043,greedy,ZYZZYVA,8.0,1.0,0.0635,1,1,1,FINALIZED_WITHIN_C2_LIMIT,0.406203,2.342
3907,40000.0,0.0428,greedy,ZYZZYVA,8.0,1.0,0.0635,1,1,1,FINALIZED_WITHIN_C2_LIMIT,0.882575,2.23
3908,40000.0,0.0425,greedy,ZYZZYVA,8.0,1.0,0.0635,1,1,1,FINALIZED_WITHIN_C2_LIMIT,0.56936,2.529
3909,40000.0,0.0423,greedy,ZYZZYVA,8.0,1.0,0.0635,1,1,1,FINALIZED_WITHIN_C2_LIMIT,0.14164,2.487
3910,40000.0,0.0421,greedy,ZYZZYVA,8.0,1.0,0.0543,1,1,1,FINALIZED_WITHIN_C2_LIMIT,0.340138,2.401
3911,40000.0,0.0418,greedy,ZYZZYVA,8.0,1.0,0.0543,1,1,1,FINALIZED_WITHIN_C2_LIMIT,0.869781,2.344
3912,40000.0,0.0416,greedy,ZYZZYVA,8.0,1.0,0.0603,1,1,1,FINALIZED_WITHIN_C2_LIMIT,0.732901,2.781
3913,40000.0,0.0413,greedy,ZYZZYVA,8.0,1.0,0.0729,1,1,1,FINALIZED_WITHIN_C2_LIMIT,0.208829,2.367
3914,40000.0,0.0411,greedy,ZYZZYVA,8.0,1.0,0.0729,1,1,1,FINALIZED_WITHIN_C2_LIMIT,0.12933,2.402
3915,40000.0,0.0408,greedy,ZYZZYVA,8.0,1.0,0.0729,1,1,1,FINALIZED_WITHIN_C2_LIMIT,0.362372,2.293
3916,40000.0,0.0406,greedy,ZYZZYVA,8.0,1.0,0.0729,1,1,1,FINALIZED_WITHIN_C2_LIMIT,0.305166,2.66
3917,40000.0,0.0403,greedy,ZYZZYVA,8.0,1.0,0.0729,1,1,1,FINALIZED_WITHIN_C2_LIMIT,0.03658,2.594
3918,40000.0,0.0401,greedy,ZYZZYVA,8.0,1.0,0.0729,1,1,1,FINALIZED_WITHIN_C2_LIMIT,0.584925,2.366
3919,40000.0,0.0398,greedy,ZYZZYVA,8.0,1.0,0.0729,1,1,1,FINALIZED_WITHIN_C2_LIMIT,1.128876,2.353
3920,40000.0,0.0396,greedy,ZYZZYVA,8.0,1.0,0.0635,1,1,1,FINALIZED_WITHIN_C2_LIMIT,0.968504,2.524
3921,40000.0,0.0394,greedy,ZYZZYVA,8.0,1.0,0.0635,1,1,1,FINALIZED_WITHIN_C2_LIMIT,0.359434,2.519
3922,40000.0,0.0391,greedy,ZYZZYVA,8.0,1.0,0.0635,1,1,1,FINALIZED_WITHIN_C2_LIMIT,0.077348,2.696
3923,40000.0,0.0389,greedy,ZYZZYVA,8.0,1.0,0.0729,1,1,1,FINALIZED_WITHIN_C2_LIMIT,0.277865,3.084
3924,40000.0,0.0386,greedy,ZYZZYVA,8.0,1.0,0.0635,1,1,1,FINALIZED_WITHIN_C2_LIMIT,0.239245,2.452
3925,40000.0,0.0384,greedy,ZYZZYVA,8.0,1.0,0.0635,1,1,1,FINALIZED_WITHIN_C2_LIMIT,0.034808,2.455
3926,40000.0,0.0381,greedy,ZYZZYVA,8.0,1.0,0.0635,1,1,1,FINALIZED_WITHIN_C2_LIMIT,0.032771,2.609
3927,40000.0,0.0379,greedy,ZYZZYVA,8.0,1.0,0.0635,1,1,1,FINALIZED_WITHIN_C2_LIMIT,0.167319,2.543
3928,40000.0,0.0376,greedy,ZYZZYVA,8.0,1.0,0.0635,1,1,1,FINALIZED_WITHIN_C2_LIMIT,0.065152,2.54
3929,40000.0,0.0374,greedy,ZYZZYVA,8.0,1.0,0.0603,1,1,1,FINALIZED_WITHIN_C2_LIMIT,0.104881,2.517
3930,40000.0,0.0372,greedy,ZYZZYVA,8.0,1.0,0.0603,1,1,1,FINALIZED_WITHIN_C2_LIMIT,0.073727,2.64
3931,40000.0,0.0369,greedy,ZYZZYVA,8.0,1.0,0.0635,1,1,1,FINALIZED_WITHIN_C2_LIMIT,0.168347,2.861
3932,40000.0,0.0367,greedy,ZYZZYVA,8.0,1.0,0.0635,1,1,1,FINALIZED_WITHIN_C2_LIMIT,0.038213,2.714
3933,40000.0,0.0364,greedy,ZYZZYVA,8.0,1.0,0.0635,1,1,1,FINALIZED_WITHIN_C2_LIMIT,0.131815,2.249
3934,40000.0,0.0362,greedy,ZYZZYVA,8.0,1.0,0.0635,1,1,1,FINALIZED_WITHIN_C2_LIMIT,0.143166,2.343
3935,40000.0,0.0359,greedy,ZYZZYVA,8.0,1.0,0.0635,1,1,1,FINALIZED_WITHIN_C2_LIMIT,0.031035,2.641
3936,40000.0,0.0357,greedy,ZYZZYVA,8.0,1.0,0.0603,1,1,1,FINALIZED_WITHIN_C2_LIMIT,0.647647,2.754
3937,40000.0,0.0354,greedy,ZYZZYVA,8.0,1.0,0.0603,1,1,1,FINALIZED_WITHIN_C2_LIMIT,0.858843,2.373
3938,40000.0,0.0352,greedy,ZYZZYVA,8.0,1.0,0.0603,1,1,1,FINALIZED_WITHIN_C2_LIMIT,0.755169,2.508
3939,40000.0,0.0349,greedy,LIU_QUORUM,8.0,1.0,0.0603,1,1,1,FINALIZED_WITHIN_C2_LIMIT,0.170512,2.375
3940,40000.0,0.0347,greedy,LIU_QUORUM,8.0,1.0,0.0635,1,1,1,FINALIZED_WITHIN_C2_LIMIT,0.243177,2.259
3941,40000.0,0.0345,greedy,LIU_QUORUM,8.0,1.0,0.0635,1,1,1,FINALIZED_WITHIN_C2_LIMIT,0.681968,2.156
3942,40000.0,0.0342,greedy,LIU_QUORUM,8.0,1.0,0.0635,1,1,1,FINALIZED_WITHIN_C2_LIMIT,0.646076,2.514
3943,40000.0,0.034,greedy,LIU_QUORUM,8.0,1.0,0.0635,1,1,1,FINALIZED_WITHIN_C2_LIMIT,0.162876,2.194
3944,40000.0,0.0337,greedy,LIU_QUORUM,8.0,1.0,0.0635,1,1,1,FINALIZED_WITHIN_C2_LIMIT,0.121488,2.579
3945,40000.0,0.0335,greedy,LIU_QUORUM,8.0,1.0,0.0635,1,1,1,FINALIZED_WITHIN_C2_LIMIT,0.423766,2.516
3946,40000.0,0.0332,greedy,LIU_QUORUM,8.0,1.0,0.0635,1,1,1,FINALIZED_WITHIN_C2_LIMIT,0.2752,2.704
3947,40000.0,0.033,greedy,LIU_QUORUM,8.0,1.0,0.0635,1,1,1,FINALIZED_WITHIN_C2_LIMIT,0.068029,2.737
3948,40000.0,0.0327,greedy,LIU_QUORUM,8.0,1.0,0.0635,1,1,1,FINALIZED_WITHIN_C2_LIMIT,0.453202,2.94
3949,40000.0,0.0325,greedy,LIU_QUORUM,8.0,1.0,0.0635,1,1,1,FINALIZED_WITHIN_C2_LIMIT,0.970952,2.764
3950,40000.0,0.0323,greedy,LIU_QUORUM,8.0,1.0,0.0635,1,1,1,FINALIZED_WITHIN_C2_LIMIT,0.861574,2.588
3951,40000.0,0.032,greedy,LIU_QUORUM,8.0,1.0,0.0635,1,1,1,FINALIZED_WITHIN_C2_LIMIT,0.278568,2.47
3952,40000.0,0.0318,greedy,LIU_QUORUM,8.0,1.0,0.0635,1,1,1,FINALIZED_WITHIN_C2_LIMIT,0.137728,2.489
3953,40000.0,0.0315,greedy,LIU_QUORUM,8.0,1.0,0.0635,1,1,1,FINALIZED_WITHIN_C2_LIMIT,0.384374,2.484
3954,40000.0,0.0313,greedy,LIU_QUORUM,8.0,1.0,0.0635,1,1,1,FINALIZED_WITHIN_C2_LIMIT,0.190891,2.418
3955,40000.0,0.031,greedy,LIU_QUORUM,8.0,1.0,0.0635,1,1,1,FINALIZED_WITHIN_C2_LIMIT,0.023984,2.391
3956,30000.0,0.0308,explore,PBFT,6.0,1.0,0.0688,1,1,1,FINALIZED_WITHIN_C2_LIMIT,0.075364,1.978
3957,40000.0,0.0305,greedy,ZYZZYVA,8.0,1.0,0.0635,1,1,1,FINALIZED_WITHIN_C2_LIMIT,0.134536,1.949
3958,40000.0,0.0303,greedy,ZYZZYVA,8.0,1.0,0.0635,1,1,1,FINALIZED_WITHIN_C2_LIMIT,0.063779,1.823
3959,28000.0,0.03,explore,ZYZZYVA,5.6,1.0,0.0708,1,1,1,FINALIZED_WITHIN_C2_LIMIT,0.102785,1.493
3960,23000.0,0.0298,explore,PBFT,4.6,1.0,0.0311,1,1,1,FINALIZED_WITHIN_C2_LIMIT,0.07323,1.458
3961,40000.0,0.0296,greedy,ZYZZYVA,8.0,1.0,0.0635,1,1,1,FINALIZED_WITHIN_C2_LIMIT,0.082456,2.392
3962,40000.0,0.0293,greedy,ZYZZYVA,8.0,1.0,0.0635,1,1,1,FINALIZED_WITHIN_C2_LIMIT,0.043411,1.767
3963,40000.0,0.0291,greedy,ZYZZYVA,8.0,1.0,0.0635,1,1,1,FINALIZED_WITHIN_C2_LIMIT,0.132464,1.982
3964,40000.0,0.0288,greedy,ZYZZYVA,8.0,1.0,0.0635,1,1,1,FINALIZED_WITHIN_C2_LIMIT,0.176591,1.858
3965,40000.0,0.0286,greedy,ZYZZYVA,8.0,1.0,0.0635,1,1,1,FINALIZED_WITHIN_C2_LIMIT,0.025721,2.13
3966,40000.0,0.0283,greedy,ZYZZYVA,8.0,1.0,0.0635,1,1,1,FINALIZED_WITHIN_C2_LIMIT,0.040134,1.968
3967,40000.0,0.0281,greedy,ZYZZYVA,8.0,1.0,0.0635,1,1,1,FINALIZED_WITHIN_C2_LIMIT,0.098456,2.265
3968,40000.0,0.0278,greedy,ZYZZYVA,8.0,1.0,0.0635,1,1,1,FINALIZED_WITHIN_C2_LIMIT,0.057443,2.158
3969,40000.0,0.0276,greedy,ZYZZYVA,8.0,1.0,0.0635,1,1,1,FINALIZED_WITHIN_C2_LIMIT,0.271424,2.197
3970,40000.0,0.0273,greedy,ZYZZYVA,8.0,1.0,0.0635,1,1,1,FINALIZED_WITHIN_C2_LIMIT,0.366528,2.241
3971,40000.0,0.0271,greedy,ZYZZYVA,8.0,1.0,0.0635,1,1,1,FINALIZED_WITHIN_C2_LIMIT,0.110819,2.197
3972,40000.0,0.0269,greedy,ZYZZYVA,8.0,1.0,0.0635,1,1,1,FINALIZED_WITHIN_C2_LIMIT,0.203006,2.019
3973,40000.0,0.0266,greedy,ZYZZYVA,8.0,1.0,0.0635,1,1,1,FINALIZED_WITHIN_C2_LIMIT,0.284089,2.282
3974,40000.0,0.0264,greedy,ZYZZYVA,8.0,1.0,0.0635,1,1,1,FINALIZED_WITHIN_C2_LIMIT,0.104483,1.852
3975,40000.0,0.0261,greedy,ZYZZYVA,8.0,1.0,0.0635,1,1,1,FINALIZED_WITHIN_C2_LIMIT,0.076672,2.163
3976,40000.0,0.0259,greedy,ZYZZYVA,8.0,1.0,0.0635,1,1,1,FINALIZED_WITHIN_C2_LIMIT,0.162922,1.872
3977,40000.0,0.0256,greedy,ZYZZYVA,8.0,1.0,0.0635,1,1,1,FINALIZED_WITHIN_C2_LIMIT,0.064255,1.92
3978,40000.0,0.0254,greedy,ZYZZYVA,8.0,1.0,0.0635,1,1,1,FINALIZED_WITHIN_C2_LIMIT,0.28093,1.93
3979,40000.0,0.0251,greedy,ZYZZYVA,8.0,1.0,0.0635,1,1,1,FINALIZED_WITHIN_C2_LIMIT,0.450807,2.155
3980,40000.0,0.0249,greedy,ZYZZYVA,8.0,1.0,0.0635,1,1,1,FINALIZED_WITHIN_C2_LIMIT,0.345289,1.922
3981,40000.0,0.0247,greedy,ZYZZYVA,8.0,1.0,0.0635,1,1,1,FINALIZED_WITHIN_C2_LIMIT,0.057444,2.149
3982,40000.0,0.0244,greedy,ZYZZYVA,8.0,1.0,0.0635,1,1,1,FINALIZED_WITHIN_C2_LIMIT,0.066504,1.912
3983,40000.0,0.0242,greedy,ZYZZYVA,8.0,1.0,0.0635,1,1,1,FINALIZED_WITHIN_C2_LIMIT,0.06315,2.099
3984,40000.0,0.0239,greedy,ZYZZYVA,8.0,1.0,0.0635,1,1,1,FINALIZED_WITHIN_C2_LIMIT,0.038713,2.174
3985,40000.0,0.0237,greedy,ZYZZYVA,8.0,1.0,0.0603,1,1,1,FINALIZED_WITHIN_C2_LIMIT,0.026532,2.588
3986,40000.0,0.0234,greedy,ZYZZYVA,8.0,1.0,0.0503,1,1,1,FINALIZED_WITHIN_C2_LIMIT,0.03159,2.088
3987,40000.0,0.0232,greedy,ZYZZYVA,8.0,1.0,0.051,1,1,1,FINALIZED_WITHIN_C2_LIMIT,0.048634,2.027
3988,40000.0,0.0229,greedy,ZYZZYVA,8.0,1.0,0.0503,1,1,1,FINALIZED_WITHIN_C2_LIMIT,0.034883,2.071
3989,40000.0,0.0227,greedy,ZYZZYVA,8.0,1.0,0.0503,1,1,1,FINALIZED_WITHIN_C2_LIMIT,0.263147,2.197
3990,40000.0,0.0224,greedy,ZYZZYVA,8.0,1.0,0.0503,1,1,1,FINALIZED_WITHIN_C2_LIMIT,0.320367,2.647
3991,40000.0,0.0222,greedy,ZYZZYVA,8.0,1.0,0.0503,1,1,1,FINALIZED_WITHIN_C2_LIMIT,0.135923,2.317
3992,40000.0,0.022,greedy,ZYZZYVA,8.0,1.0,0.051,1,1,1,FINALIZED_WITHIN_C2_LIMIT,0.224456,2.021
3993,40000.0,0.0217,greedy,ZYZZYVA,8.0,1.0,0.051,1,1,1,FINALIZED_WITHIN_C2_LIMIT,0.432901,1.973
3994,40000.0,0.0215,greedy,ZYZZYVA,8.0,1.0,0.051,1,1,1,FINALIZED_WITHIN_C2_LIMIT,0.247121,2.076
3995,40000.0,0.0212,greedy,ZYZZYVA,8.0,1.0,0.051,1,1,1,FINALIZED_WITHIN_C2_LIMIT,0.11267,2.077
3996,40000.0,0.021,greedy,ZYZZYVA,8.0,1.0,0.051,1,1,1,FINALIZED_WITHIN_C2_LIMIT,0.596054,1.802
3997,40000.0,0.0207,greedy,ZYZZYVA,8.0,1.0,0.051,1,1,1,FINALIZED_WITHIN_C2_LIMIT,1.008744,1.987
3998,40000.0,0.0205,greedy,ZYZZYVA,8.0,1.0,0.051,1,1,1,FINALIZED_WITHIN_C2_LIMIT,0.622423,1.896
3999,40000.0,0.0202,greedy,ZYZZYVA,8.0,1.0,0.051,1,1,1,FINALIZED_WITHIN_C2_LIMIT,0.096246,2.147
4000,40000.0,0.02,greedy,ZYZZYVA,8.0,1.0,0.0543,1,1,1,FINALIZED_WITHIN_C2_LIMIT,0.381513,1.973
4001,40000.0,0.02,greedy,ZYZZYVA,8.0,1.0,0.0543,1,1,1,FINALIZED_WITHIN_C2_LIMIT,1.031855,2.225
4002,40000.0,0.02,greedy,ZYZZYVA,8.0,1.0,0.0543,1,1,1,FINALIZED_WITHIN_C2_LIMIT,0.855361,2.069
4003,40000.0,0.02,greedy,ZYZZYVA,8.0,1.0,0.0543,1,1,1,FINALIZED_WITHIN_C2_LIMIT,0.371471,2.362
4004,40000.0,0.02,greedy,ZYZZYVA,8.0,1.0,0.0543,1,1,1,FINALIZED_WITHIN_C2_LIMIT,0.060741,2.225
4005,40000.0,0.02,greedy,ZYZZYVA,8.0,1.0,0.0635,1,1,1,FINALIZED_WITHIN_C2_LIMIT,0.219462,2.111
4006,40000.0,0.02,greedy,ZYZZYVA,8.0,1.0,0.0635,1,1,1,FINALIZED_WITHIN_C2_LIMIT,0.149621,1.822
4007,40000.0,0.02,greedy,ZYZZYVA,8.0,1.0,0.0543,1,1,1,FINALIZED_WITHIN_C2_LIMIT,0.109528,2.091
4008,40000.0,0.02,greedy,ZYZZYVA,8.0,1.0,0.0543,1,1,1,FINALIZED_WITHIN_C2_LIMIT,0.100403,1.972
4009,40000.0,0.02,greedy,ZYZZYVA,8.0,1.0,0.0635,1,1,1,FINALIZED_WITHIN_C2_LIMIT,0.064329,2.126
4010,39000.0,0.02,explore,ZYZZYVA,7.8,1.0,0.0708,1,1,1,FINALIZED_WITHIN_C2_LIMIT,0.102435,2.062
4011,40000.0,0.02,greedy,ZYZZYVA,8.0,1.0,0.0635,1,1,1,FINALIZED_WITHIN_C2_LIMIT,0.031472,2.39
4012,40000.0,0.02,greedy,ZYZZYVA,8.0,1.0,0.0543,1,1,1,FINALIZED_WITHIN_C2_LIMIT,0.186008,2.435
4013,40000.0,0.02,greedy,ZYZZYVA,8.0,1.0,0.0674,1,1,1,FINALIZED_WITHIN_C2_LIMIT,0.101819,2.305
4014,40000.0,0.02,greedy,ZYZZYVA,8.0,1.0,0.0641,1,1,1,FINALIZED_WITHIN_C2_LIMIT,0.072675,2.039
4015,40000.0,0.02,greedy,ZYZZYVA,8.0,1.0,0.0641,1,1,1,FINALIZED_WITHIN_C2_LIMIT,0.027467,2.1
4016,40000.0,0.02,greedy,ZYZZYVA,8.0,1.0,0.0641,1,1,1,FINALIZED_WITHIN_C2_LIMIT,0.155965,1.822
4017,40000.0,0.02,greedy,ZYZZYVA,8.0,1.0,0.0635,1,1,1,FINALIZED_WITHIN_C2_LIMIT,0.084638,2.197
4018,40000.0,0.02,greedy,ZYZZYVA,8.0,1.0,0.0635,1,1,1,FINALIZED_WITHIN_C2_LIMIT,0.044339,1.746
4019,40000.0,0.02,greedy,ZYZZYVA,8.0,1.0,0.0635,1,1,1,FINALIZED_WITHIN_C2_LIMIT,0.063289,1.941
4020,40000.0,0.02,greedy,ZYZZYVA,8.0,1.0,0.0635,1,1,1,FINALIZED_WITHIN_C2_LIMIT,0.078475,1.755
4021,40000.0,0.02,greedy,ZYZZYVA,8.0,1.0,0.0603,1,1,1,FINALIZED_WITHIN_C2_LIMIT,0.08619,2.368
4022,40000.0,0.02,greedy,ZYZZYVA,8.0,1.0,0.0603,1,1,1,FINALIZED_WITHIN_C2_LIMIT,0.102336,2.049
4023,40000.0,0.02,greedy,ZYZZYVA,8.0,1.0,0.0603,1,1,1,FINALIZED_WITHIN_C2_LIMIT,0.109496,2.278
4024,40000.0,0.02,greedy,ZYZZYVA,8.0,1.0,0.0603,1,1,1,FINALIZED_WITHIN_C2_LIMIT,0.045748,2.018
4025,40000.0,0.02,greedy,ZYZZYVA,8.0,1.0,0.0635,1,1,1,FINALIZED_WITHIN_C2_LIMIT,0.050262,2.255
4026,10000.0,0.02,explore,PBFT,2.0,1.0,0.0933,1,1,1,FINALIZED_WITHIN_C2_LIMIT,0.197474,0.971
4027,40000.0,0.02,greedy,ZYZZYVA,8.0,1.0,0.0635,1,1,1,FINALIZED_WITHIN_C2_LIMIT,0.220633,2.916
4028,40000.0,0.02,greedy,ZYZZYVA,8.0,1.0,0.0498,1,1,1,FINALIZED_WITHIN_C2_LIMIT,0.067879,2.48
4029,40000.0,0.02,greedy,ZYZZYVA,8.0,1.0,0.0503,1,1,1,FINALIZED_WITHIN_C2_LIMIT,0.425907,2.853
4030,40000.0,0.02,greedy,ZYZZYVA,8.0,1.0,0.0503,1,1,1,FINALIZED_WITHIN_C2_LIMIT,0.808884,2.758
4031,40000.0,0.02,greedy,ZYZZYVA,8.0,1.0,0.0498,1,1,1,FINALIZED_WITHIN_C2_LIMIT,0.536633,2.07
4032,40000.0,0.02,greedy,ZYZZYVA,8.0,1.0,0.0635,1,1,1,FINALIZED_WITHIN_C2_LIMIT,0.072664,2.101
4033,40000.0,0.02,greedy,ZYZZYVA,8.0,1.0,0.0635,1,1,1,FINALIZED_WITHIN_C2_LIMIT,0.460861,2.157
4034,40000.0,0.02,greedy,ZYZZYVA,8.0,1.0,0.0635,1,1,1,FINALIZED_WITHIN_C2_LIMIT,0.983595,2.303
4035,40000.0,0.02,greedy,ZYZZYVA,8.0,1.0,0.0635,1,1,1,FINALIZED_WITHIN_C2_LIMIT,0.849455,1.91
4036,40000.0,0.02,greedy,ZYZZYVA,8.0,1.0,0.0635,1,1,1,FINALIZED_WITHIN_C2_LIMIT,0.329247,2.274
4037,40000.0,0.02,greedy,ZYZZYVA,8.0,1.0,0.0635,1,1,1,FINALIZED_WITHIN_C2_LIMIT,0.061824,2.162
4038,40000.0,0.02,greedy,ZYZZYVA,8.0,1.0,0.0635,1,1,1,FINALIZED_WITHIN_C2_LIMIT,0.24198,2.38
4039,40000.0,0.02,greedy,ZYZZYVA,8.0,1.0,0.0635,1,1,1,FINALIZED_WITHIN_C2_LIMIT,0.139537,1.976
4040,40000.0,0.02,greedy,ZYZZYVA,8.0,1.0,0.0635,1,1,1,FINALIZED_WITHIN_C2_LIMIT,0.044119,2.355
4041,40000.0,0.02,greedy,ZYZZYVA,8.0,1.0,0.0635,1,1,1,FINALIZED_WITHIN_C2_LIMIT,0.094318,1.878
4042,40000.0,0.02,greedy,ZYZZYVA,8.0,1.0,0.0635,1,1,1,FINALIZED_WITHIN_C2_LIMIT,0.08518,2.086
4043,40000.0,0.02,greedy,ZYZZYVA,8.0,1.0,0.0635,1,1,1,FINALIZED_WITHIN_C2_LIMIT,0.026816,1.889
4044,40000.0,0.02,greedy,ZYZZYVA,8.0,1.0,0.0729,1,1,1,FINALIZED_WITHIN_C2_LIMIT,0.115019,2.014
4045,40000.0,0.02,greedy,ZYZZYVA,8.0,1.0,0.0729,1,1,1,FINALIZED_WITHIN_C2_LIMIT,0.147797,2.179
4046,40000.0,0.02,greedy,ZYZZYVA,8.0,1.0,0.0729,1,1,1,FINALIZED_WITHIN_C2_LIMIT,0.066201,1.715
4047,40000.0,0.02,greedy,ZYZZYVA,8.0,1.0,0.0729,1,1,1,FINALIZED_WITHIN_C2_LIMIT,0.030694,1.94
4048,40000.0,0.02,greedy,ZYZZYVA,8.0,1.0,0.0729,1,1,1,FINALIZED_WITHIN_C2_LIMIT,0.151904,1.921
4049,40000.0,0.02,greedy,ZYZZYVA,8.0,1.0,0.0729,1,1,1,FINALIZED_WITHIN_C2_LIMIT,0.118048,2.015
4050,40000.0,0.02,greedy,ZYZZYVA,8.0,1.0,0.0729,1,1,1,FINALIZED_WITHIN_C2_LIMIT,0.120704,1.996
4051,40000.0,0.02,greedy,ZYZZYVA,8.0,1.0,0.0729,1,1,1,FINALIZED_WITHIN_C2_LIMIT,0.118627,2.155
4052,40000.0,0.02,greedy,ZYZZYVA,8.0,1.0,0.0729,1,1,1,FINALIZED_WITHIN_C2_LIMIT,0.032958,2.317
4053,40000.0,0.02,greedy,ZYZZYVA,8.0,1.0,0.0729,1,1,1,FINALIZED_WITHIN_C2_LIMIT,0.060889,2.073
4054,40000.0,0.02,greedy,ZYZZYVA,8.0,1.0,0.0729,1,1,1,FINALIZED_WITHIN_C2_LIMIT,0.101526,2.022
4055,40000.0,0.02,greedy,ZYZZYVA,8.0,1.0,0.0729,1,1,1,FINALIZED_WITHIN_C2_LIMIT,0.034288,2.248
4056,40000.0,0.02,greedy,ZYZZYVA,8.0,1.0,0.0729,1,1,1,FINALIZED_WITHIN_C2_LIMIT,0.239363,1.868
4057,40000.0,0.02,greedy,ZYZZYVA,8.0,1.0,0.0729,1,1,1,FINALIZED_WITHIN_C2_LIMIT,0.355015,2.224
4058,40000.0,0.02,greedy,ZYZZYVA,8.0,1.0,0.0729,1,1,1,FINALIZED_WITHIN_C2_LIMIT,0.066123,1.907
4059,40000.0,0.02,greedy,ZYZZYVA,8.0,1.0,0.0603,1,1,1,FINALIZED_WITHIN_C2_LIMIT,0.25189,2.119
4060,40000.0,0.02,greedy,ZYZZYVA,8.0,1.0,0.0729,1,1,1,FINALIZED_WITHIN_C2_LIMIT,0.379368,1.925
4061,40000.0,0.02,greedy,ZYZZYVA,8.0,1.0,0.0729,1,1,1,FINALIZED_WITHIN_C2_LIMIT,0.147919,2.193
4062,40000.0,0.02,greedy,ZYZZYVA,8.0,1.0,0.0729,1,1,1,FINALIZED_WITHIN_C2_LIMIT,0.03377,2.024
4063,40000.0,0.02,greedy,ZYZZYVA,8.0,1.0,0.0729,1,1,1,FINALIZED_WITHIN_C2_LIMIT,0.102575,1.948
4064,40000.0,0.02,greedy,ZYZZYVA,8.0,1.0,0.0729,1,1,1,FINALIZED_WITHIN_C2_LIMIT,0.111259,1.998
4065,40000.0,0.02,greedy,ZYZZYVA,8.0,1.0,0.0729,1,1,1,FINALIZED_WITHIN_C2_LIMIT,0.392136,2.188
4066,40000.0,0.02,greedy,ZYZZYVA,8.0,1.0,0.0729,1,1,1,FINALIZED_WITHIN_C2_LIMIT,0.584997,2.011
4067,40000.0,0.02,greedy,ZYZZYVA,8.0,1.0,0.0729,1,1,1,FINALIZED_WITHIN_C2_LIMIT,0.306251,2.083
4068,40000.0,0.02,greedy,ZYZZYVA,8.0,1.0,0.0729,1,1,1,FINALIZED_WITHIN_C2_LIMIT,0.02164,1.964
4069,40000.0,0.02,greedy,ZYZZYVA,8.0,1.0,0.0729,1,1,1,FINALIZED_WITHIN_C2_LIMIT,0.044768,2.321
4070,40000.0,0.02,greedy,ZYZZYVA,8.0,1.0,0.0729,1,1,1,FINALIZED_WITHIN_C2_LIMIT,0.028536,2.204
4071,40000.0,0.02,greedy,ZYZZYVA,8.0,1.0,0.0729,1,1,1,FINALIZED_WITHIN_C2_LIMIT,0.027279,2.128
4072,40000.0,0.02,greedy,ZYZZYVA,8.0,1.0,0.0729,1,1,1,FINALIZED_WITHIN_C2_LIMIT,0.051741,2.111
4073,40000.0,0.02,greedy,ZYZZYVA,8.0,1.0,0.0729,1,1,1,FINALIZED_WITHIN_C2_LIMIT,0.021021,2.12
4074,40000.0,0.02,greedy,ZYZZYVA,8.0,1.0,0.0729,1,1,1,FINALIZED_WITHIN_C2_LIMIT,0.038095,2.141
4075,40000.0,0.02,greedy,ZYZZYVA,8.0,1.0,0.0729,1,1,1,FINALIZED_WITHIN_C2_LIMIT,0.139586,2.107
4076,40000.0,0.02,greedy,ZYZZYVA,8.0,1.0,0.0729,1,1,1,FINALIZED_WITHIN_C2_LIMIT,0.174993,1.857
4077,40000.0,0.02,greedy,ZYZZYVA,8.0,1.0,0.0729,1,1,1,FINALIZED_WITHIN_C2_LIMIT,0.112146,2.01
4078,40000.0,0.02,greedy,ZYZZYVA,8.0,1.0,0.0729,1,1,1,FINALIZED_WITHIN_C2_LIMIT,0.053537,2.24
4079,40000.0,0.02,greedy,ZYZZYVA,8.0,1.0,0.0729,1,1,1,FINALIZED_WITHIN_C2_LIMIT,0.053722,2.176
4080,40000.0,0.02,greedy,ZYZZYVA,8.0,1.0,0.0729,1,1,1,FINALIZED_WITHIN_C2_LIMIT,0.075389,2.021
4081,40000.0,0.02,greedy,ZYZZYVA,8.0,1.0,0.0729,1,1,1,FINALIZED_WITHIN_C2_LIMIT,0.103616,2.21
4082,40000.0,0.02,greedy,ZYZZYVA,8.0,1.0,0.0729,1,1,1,FINALIZED_WITHIN_C2_LIMIT,0.097548,2.343
4083,40000.0,0.02,greedy,ZYZZYVA,8.0,1.0,0.0729,1,1,1,FINALIZED_WITHIN_C2_LIMIT,0.029484,2.241
4084,40000.0,0.02,greedy,ZYZZYVA,8.0,1.0,0.0729,1,1,1,FINALIZED_WITHIN_C2_LIMIT,0.045647,2.004
4085,40000.0,0.02,greedy,ZYZZYVA,8.0,1.0,0.0729,1,1,1,FINALIZED_WITHIN_C2_LIMIT,0.13564,2.096
4086,40000.0,0.02,greedy,ZYZZYVA,8.0,1.0,0.0729,1,1,1,FINALIZED_WITHIN_C2_LIMIT,0.158424,1.9
4087,40000.0,0.02,greedy,ZYZZYVA,8.0,1.0,0.0729,1,1,1,FINALIZED_WITHIN_C2_LIMIT,0.067246,1.954
4088,40000.0,0.02,greedy,ZYZZYVA,8.0,1.0,0.0729,1,1,1,FINALIZED_WITHIN_C2_LIMIT,0.026097,2.122
4089,40000.0,0.02,greedy,ZYZZYVA,8.0,1.0,0.0729,1,1,1,FINALIZED_WITHIN_C2_LIMIT,0.108097,2.058
4090,40000.0,0.02,greedy,ZYZZYVA,8.0,1.0,0.0729,1,1,1,FINALIZED_WITHIN_C2_LIMIT,0.09988,1.949
4091,40000.0,0.02,greedy,ZYZZYVA,8.0,1.0,0.0729,1,1,1,FINALIZED_WITHIN_C2_LIMIT,0.089797,1.93
4092,40000.0,0.02,greedy,ZYZZYVA,8.0,1.0,0.0729,1,1,1,FINALIZED_WITHIN_C2_LIMIT,0.108405,1.844
4093,40000.0,0.02,greedy,ZYZZYVA,8.0,1.0,0.0729,1,1,1,FINALIZED_WITHIN_C2_LIMIT,0.086797,1.916
4094,40000.0,0.02,greedy,ZYZZYVA,8.0,1.0,0.0729,1,1,1,FINALIZED_WITHIN_C2_LIMIT,0.061351,2.086
4095,40000.0,0.02,greedy,ZYZZYVA,8.0,1.0,0.0603,1,1,1,FINALIZED_WITHIN_C2_LIMIT,0.150118,2.077
4096,40000.0,0.02,greedy,ZYZZYVA,8.0,1.0,0.0603,1,1,1,FINALIZED_WITHIN_C2_LIMIT,0.137977,2.104
4097,40000.0,0.02,greedy,ZYZZYVA,8.0,1.0,0.0603,1,1,1,FINALIZED_WITHIN_C2_LIMIT,0.02713,2.381
4098,40000.0,0.02,greedy,ZYZZYVA,8.0,1.0,0.0603,1,1,1,FINALIZED_WITHIN_C2_LIMIT,0.071113,2.255
4099,40000.0,0.02,greedy,ZYZZYVA,8.0,1.0,0.0603,1,1,1,FINALIZED_WITHIN_C2_LIMIT,0.062043,2.434
4100,40000.0,0.02,greedy,ZYZZYVA,8.0,1.0,0.0603,1,1,1,FINALIZED_WITHIN_C2_LIMIT,0.031433,2.094
4101,40000.0,0.02,greedy,ZYZZYVA,8.0,1.0,0.0603,1,1,1,FINALIZED_WITHIN_C2_LIMIT,0.231219,2.257
4102,40000.0,0.02,greedy,ZYZZYVA,8.0,1.0,0.0603,1,1,1,FINALIZED_WITHIN_C2_LIMIT,0.357825,2.424
4103,40000.0,0.02,greedy,LIU_QUORUM,8.0,1.0,0.0603,1,1,1,FINALIZED_WITHIN_C2_LIMIT,0.111189,2.375
4104,40000.0,0.02,greedy,LIU_QUORUM,8.0,1.0,0.0603,1,1,1,FINALIZED_WITHIN_C2_LIMIT,0.171337,2.176
4105,40000.0,0.02,greedy,LIU_QUORUM,8.0,1.0,0.0603,1,1,1,FINALIZED_WITHIN_C2_LIMIT,0.380088,2.448
4106,40000.0,0.02,greedy,LIU_QUORUM,8.0,1.0,0.0603,1,1,1,FINALIZED_WITHIN_C2_LIMIT,0.212773,2.492
4107,40000.0,0.02,greedy,LIU_QUORUM,8.0,1.0,0.0603,1,1,1,FINALIZED_WITHIN_C2_LIMIT,0.089553,2.495
4108,40000.0,0.02,greedy,LIU_QUORUM,8.0,1.0,0.0603,1,1,1,FINALIZED_WITHIN_C2_LIMIT,0.068212,2.065
4109,40000.0,0.02,greedy,LIU_QUORUM,8.0,1.0,0.0603,1,1,1,FINALIZED_WITHIN_C2_LIMIT,0.07045,2.274
4110,40000.0,0.02,greedy,LIU_QUORUM,8.0,1.0,0.0603,1,1,1,FINALIZED_WITHIN_C2_LIMIT,0.049435,2.081
4111,40000.0,0.02,greedy,LIU_QUORUM,8.0,1.0,0.0603,1,1,1,FINALIZED_WITHIN_C2_LIMIT,0.052172,2.41
4112,40000.0,0.02,greedy,LIU_QUORUM,8.0,1.0,0.0603,1,1,1,FINALIZED_WITHIN_C2_LIMIT,0.071429,2.155
4113,40000.0,0.02,greedy,ZYZZYVA,8.0,1.0,0.0603,1,1,1,FINALIZED_WITHIN_C2_LIMIT,0.179072,2.073
4114,40000.0,0.02,greedy,ZYZZYVA,8.0,1.0,0.0603,1,1,1,FINALIZED_WITHIN_C2_LIMIT,0.279584,2.09
4115,40000.0,0.02,greedy,ZYZZYVA,8.0,1.0,0.0603,1,1,1,FINALIZED_WITHIN_C2_LIMIT,0.066168,2.224
4116,40000.0,0.02,greedy,ZYZZYVA,8.0,1.0,0.0603,1,1,1,FINALIZED_WITHIN_C2_LIMIT,0.248755,1.932
4117,40000.0,0.02,greedy,ZYZZYVA,8.0,1.0,0.0603,1,1,1,FINALIZED_WITHIN_C2_LIMIT,0.525484,1.976
4118,40000.0,0.02,greedy,ZYZZYVA,8.0,1.0,0.0603,1,1,1,FINALIZED_WITHIN_C2_LIMIT,0.349269,2.154
4119,40000.0,0.02,greedy,ZYZZYVA,8.0,1.0,0.0603,1,1,1,FINALIZED_WITHIN_C2_LIMIT,0.034338,2.182
4120,40000.0,0.02,greedy,ZYZZYVA,8.0,1.0,0.0603,1,1,1,FINALIZED_WITHIN_C2_LIMIT,0.057714,2.042
4121,40000.0,0.02,greedy,ZYZZYVA,8.0,1.0,0.0603,1,1,1,FINALIZED_WITHIN_C2_LIMIT,0.061696,2.002
4122,40000.0,0.02,greedy,ZYZZYVA,8.0,1.0,0.0603,1,1,1,FINALIZED_WITHIN_C2_LIMIT,0.048882,2.092
4123,40000.0,0.02,greedy,ZYZZYVA,8.0,1.0,0.0603,1,1,1,FINALIZED_WITHIN_C2_LIMIT,0.046701,2.089
4124,40000.0,0.02,greedy,ZYZZYVA,8.0,1.0,0.0603,1,1,1,FINALIZED_WITHIN_C2_LIMIT,0.036218,2.006
4125,40000.0,0.02,greedy,ZYZZYVA,8.0,1.0,0.0603,1,1,1,FINALIZED_WITHIN_C2_LIMIT,0.049131,2.396
4126,40000.0,0.02,greedy,ZYZZYVA,8.0,1.0,0.0603,1,1,1,FINALIZED_WITHIN_C2_LIMIT,0.048707,2.223
4127,40000.0,0.02,greedy,ZYZZYVA,8.0,1.0,0.0603,1,1,1,FINALIZED_WITHIN_C2_LIMIT,0.031992,2.002
4128,40000.0,0.02,greedy,ZYZZYVA,8.0,1.0,0.0603,1,1,1,FINALIZED_WITHIN_C2_LIMIT,0.103703,2.067
4129,40000.0,0.02,greedy,ZYZZYVA,8.0,1.0,0.0603,1,1,1,FINALIZED_WITHIN_C2_LIMIT,0.047989,2.097
4130,40000.0,0.02,greedy,ZYZZYVA,8.0,1.0,0.0603,1,1,1,FINALIZED_WITHIN_C2_LIMIT,0.035273,2.166
4131,40000.0,0.02,greedy,ZYZZYVA,8.0,1.0,0.0603,1,1,1,FINALIZED_WITHIN_C2_LIMIT,0.116681,2.191
4132,40000.0,0.02,greedy,ZYZZYVA,8.0,1.0,0.0603,1,1,1,FINALIZED_WITHIN_C2_LIMIT,0.137568,2.067
4133,40000.0,0.02,greedy,ZYZZYVA,8.0,1.0,0.0603,1,1,1,FINALIZED_WITHIN_C2_LIMIT,0.036236,2.059
4134,40000.0,0.02,greedy,ZYZZYVA,8.0,1.0,0.0603,1,1,1,FINALIZED_WITHIN_C2_LIMIT,0.029321,2.052
4135,40000.0,0.02,greedy,ZYZZYVA,8.0,1.0,0.0603,1,1,1,FINALIZED_WITHIN_C2_LIMIT,0.130997,1.984
4136,40000.0,0.02,greedy,ZYZZYVA,8.0,1.0,0.0603,1,1,1,FINALIZED_WITHIN_C2_LIMIT,0.108658,1.902
4137,40000.0,0.02,greedy,ZYZZYVA,8.0,1.0,0.0603,1,1,1,FINALIZED_WITHIN_C2_LIMIT,0.043716,2.161
4138,40000.0,0.02,greedy,ZYZZYVA,8.0,1.0,0.0603,1,1,1,FINALIZED_WITHIN_C2_LIMIT,0.051288,1.943
4139,40000.0,0.02,greedy,ZYZZYVA,8.0,1.0,0.0603,1,1,1,FINALIZED_WITHIN_C2_LIMIT,0.121592,2.003
4140,40000.0,0.02,greedy,ZYZZYVA,8.0,1.0,0.0603,1,1,1,FINALIZED_WITHIN_C2_LIMIT,0.116993,2.498
4141,40000.0,0.02,greedy,ZYZZYVA,8.0,1.0,0.0603,1,1,1,FINALIZED_WITHIN_C2_LIMIT,0.061102,2.244
4142,40000.0,0.02,greedy,ZYZZYVA,8.0,1.0,0.0603,1,1,1,FINALIZED_WITHIN_C2_LIMIT,0.058019,2.217
4143,40000.0,0.02,greedy,ZYZZYVA,8.0,1.0,0.0603,1,1,1,FINALIZED_WITHIN_C2_LIMIT,0.120251,2.311
4144,40000.0,0.02,greedy,ZYZZYVA,8.0,1.0,0.0603,1,1,1,FINALIZED_WITHIN_C2_LIMIT,0.08478,2.3
4145,40000.0,0.02,greedy,ZYZZYVA,8.0,1.0,0.0603,1,1,1,FINALIZED_WITHIN_C2_LIMIT,0.061889,2.408
4146,40000.0,0.02,greedy,LIU_QUORUM,8.0,1.0,0.0603,1,1,1,FINALIZED_WITHIN_C2_LIMIT,0.044778,2.272
4147,40000.0,0.02,greedy,LIU_QUORUM,8.0,1.0,0.0603,1,1,1,FINALIZED_WITHIN_C2_LIMIT,0.204553,2.33
4148,40000.0,0.02,greedy,ZYZZYVA,8.0,1.0,0.0603,1,1,1,FINALIZED_WITHIN_C2_LIMIT,0.066515,2.649
4149,40000.0,0.02,greedy,ZYZZYVA,8.0,1.0,0.0603,1,1,1,FINALIZED_WITHIN_C2_LIMIT,0.061146,2.427
4150,40000.0,0.02,greedy,ZYZZYVA,8.0,1.0,0.0603,1,1,1,FINALIZED_WITHIN_C2_LIMIT,0.062037,2.013
4151,40000.0,0.02,greedy,ZYZZYVA,8.0,1.0,0.0603,1,1,1,FINALIZED_WITHIN_C2_LIMIT,0.119578,2.128
4152,40000.0,0.02,greedy,ZYZZYVA,8.0,1.0,0.0603,1,1,1,FINALIZED_WITHIN_C2_LIMIT,0.06826,2.442
4153,40000.0,0.02,greedy,ZYZZYVA,8.0,1.0,0.0603,1,1,1,FINALIZED_WITHIN_C2_LIMIT,0.070374,2.334
4154,40000.0,0.02,greedy,ZYZZYVA,8.0,1.0,0.0603,1,1,1,FINALIZED_WITHIN_C2_LIMIT,0.057261,2.275
4155,40000.0,0.02,greedy,ZYZZYVA,8.0,1.0,0.0603,1,1,1,FINALIZED_WITHIN_C2_LIMIT,0.089517,2.19
4156,40000.0,0.02,greedy,ZYZZYVA,8.0,1.0,0.0603,1,1,1,FINALIZED_WITHIN_C2_LIMIT,0.068842,2.161
4157,40000.0,0.02,greedy,ZYZZYVA,8.0,1.0,0.0603,1,1,1,FINALIZED_WITHIN_C2_LIMIT,0.082726,2.325
4158,40000.0,0.02,greedy,ZYZZYVA,8.0,1.0,0.0603,1,1,1,FINALIZED_WITHIN_C2_LIMIT,0.076729,2.274
4159,40000.0,0.02,greedy,ZYZZYVA,8.0,1.0,0.0603,1,1,1,FINALIZED_WITHIN_C2_LIMIT,0.078364,2.038
4160,4000.0,0.02,explore,PBFT,0.8,1.0,0.0697,1,1,1,FINALIZED_WITHIN_C2_LIMIT,0.047566,0.649
4161,40000.0,0.02,greedy,ZYZZYVA,8.0,1.0,0.0603,1,1,1,FINALIZED_WITHIN_C2_LIMIT,0.09009,2.399
4162,40000.0,0.02,greedy,ZYZZYVA,8.0,1.0,0.0603,1,1,1,FINALIZED_WITHIN_C2_LIMIT,0.087276,2.335
4163,40000.0,0.02,greedy,ZYZZYVA,8.0,1.0,0.0603,1,1,1,FINALIZED_WITHIN_C2_LIMIT,0.055506,2.693
4164,40000.0,0.02,greedy,ZYZZYVA,8.0,1.0,0.0603,1,1,1,FINALIZED_WITHIN_C2_LIMIT,0.035802,2.315
4165,40000.0,0.02,greedy,ZYZZYVA,8.0,1.0,0.0603,1,1,1,FINALIZED_WITHIN_C2_LIMIT,0.130197,2.647
4166,40000.0,0.02,greedy,ZYZZYVA,8.0,1.0,0.0603,1,1,1,FINALIZED_WITHIN_C2_LIMIT,0.097696,2.902
4167,40000.0,0.02,greedy,ZYZZYVA,8.0,1.0,0.0603,1,1,1,FINALIZED_WITHIN_C2_LIMIT,0.066539,2.453
4168,40000.0,0.02,greedy,ZYZZYVA,8.0,1.0,0.0603,1,1,1,FINALIZED_WITHIN_C2_LIMIT,0.050898,2.286
4169,40000.0,0.02,greedy,ZYZZYVA,8.0,1.0,0.0603,1,1,1,FINALIZED_WITHIN_C2_LIMIT,0.100478,2.597
4170,40000.0,0.02,greedy,ZYZZYVA,8.0,1.0,0.0603,1,1,1,FINALIZED_WITHIN_C2_LIMIT,0.072697,2.521
4171,40000.0,0.02,greedy,ZYZZYVA,8.0,1.0,0.0603,1,1,1,FINALIZED_WITHIN_C2_LIMIT,0.032171,2.395
4172,40000.0,0.02,greedy,ZYZZYVA,8.0,1.0,0.0603,1,1,1,FINALIZED_WITHIN_C2_LIMIT,0.063142,1.982
4173,40000.0,0.02,greedy,ZYZZYVA,8.0,1.0,0.0603,1,1,1,FINALIZED_WITHIN_C2_LIMIT,0.112665,2.508
4174,40000.0,0.02,greedy,ZYZZYVA,8.0,1.0,0.0603,1,1,1,FINALIZED_WITHIN_C2_LIMIT,0.096882,2.392
4175,40000.0,0.02,greedy,ZYZZYVA,8.0,1.0,0.0603,1,1,1,FINALIZED_WITHIN_C2_LIMIT,0.08185,2.603
4176,40000.0,0.02,greedy,ZYZZYVA,8.0,1.0,0.0603,1,1,1,FINALIZED_WITHIN_C2_LIMIT,0.035188,2.269
4177,40000.0,0.02,greedy,ZYZZYVA,8.0,1.0,0.0603,1,1,1,FINALIZED_WITHIN_C2_LIMIT,0.129164,2.715
4178,40000.0,0.02,greedy,ZYZZYVA,8.0,1.0,0.0603,1,1,1,FINALIZED_WITHIN_C2_LIMIT,0.123729,2.68
4179,40000.0,0.02,greedy,ZYZZYVA,8.0,1.0,0.0603,1,1,1,FINALIZED_WITHIN_C2_LIMIT,0.079897,2.392
4180,40000.0,0.02,greedy,ZYZZYVA,8.0,1.0,0.0603,1,1,1,FINALIZED_WITHIN_C2_LIMIT,0.062033,2.661
4181,40000.0,0.02,greedy,ZYZZYVA,8.0,1.0,0.0603,1,1,1,FINALIZED_WITHIN_C2_LIMIT,0.094902,2.936
4182,40000.0,0.02,greedy,ZYZZYVA,8.0,1.0,0.0603,1,1,1,FINALIZED_WITHIN_C2_LIMIT,0.094734,2.415
4183,40000.0,0.02,greedy,ZYZZYVA,8.0,1.0,0.0603,1,1,1,FINALIZED_WITHIN_C2_LIMIT,0.034751,2.538
4184,40000.0,0.02,greedy,ZYZZYVA,8.0,1.0,0.0603,1,1,1,FINALIZED_WITHIN_C2_LIMIT,0.095315,2.364
4185,40000.0,0.02,greedy,ZYZZYVA,8.0,1.0,0.051,1,1,1,FINALIZED_WITHIN_C2_LIMIT,0.126934,2.122
4186,40000.0,0.02,greedy,ZYZZYVA,8.0,1.0,0.051,1,1,1,FINALIZED_WITHIN_C2_LIMIT,0.143825,2.163
4187,40000.0,0.02,greedy,ZYZZYVA,8.0,1.0,0.0603,1,1,1,FINALIZED_WITHIN_C2_LIMIT,0.042229,2.129
4188,40000.0,0.02,greedy,ZYZZYVA,8.0,1.0,0.0603,1,1,1,FINALIZED_WITHIN_C2_LIMIT,0.026889,1.809
4189,40000.0,0.02,greedy,ZYZZYVA,8.0,1.0,0.051,1,1,1,FINALIZED_WITHIN_C2_LIMIT,0.106504,2.033
4190,40000.0,0.02,greedy,ZYZZYVA,8.0,1.0,0.0603,1,1,1,FINALIZED_WITHIN_C2_LIMIT,0.114774,2.678
4191,40000.0,0.02,greedy,ZYZZYVA,8.0,1.0,0.0603,1,1,1,FINALIZED_WITHIN_C2_LIMIT,0.050965,2.032
4192,40000.0,0.02,greedy,ZYZZYVA,8.0,1.0,0.0603,1,1,1,FINALIZED_WITHIN_C2_LIMIT,0.050056,2.553
4193,40000.0,0.02,greedy,ZYZZYVA,8.0,1.0,0.0603,1,1,1,FINALIZED_WITHIN_C2_LIMIT,0.149179,2.579
4194,40000.0,0.02,greedy,ZYZZYVA,8.0,1.0,0.0603,1,1,1,FINALIZED_WITHIN_C2_LIMIT,0.120758,2.234
4195,40000.0,0.02,greedy,ZYZZYVA,8.0,1.0,0.0603,1,1,1,FINALIZED_WITHIN_C2_LIMIT,0.038252,2.586
4196,40000.0,0.02,greedy,ZYZZYVA,8.0,1.0,0.0603,1,1,1,FINALIZED_WITHIN_C2_LIMIT,0.02744,2.549
4197,40000.0,0.02,greedy,ZYZZYVA,8.0,1.0,0.0603,1,1,1,FINALIZED_WITHIN_C2_LIMIT,0.110559,2.233
4198,40000.0,0.02,greedy,ZYZZYVA,8.0,1.0,0.0603,1,1,1,FINALIZED_WITHIN_C2_LIMIT,0.129307,2.405
4199,40000.0,0.02,greedy,ZYZZYVA,8.0,1.0,0.0603,1,1,1,FINALIZED_WITHIN_C2_LIMIT,0.054049,2.29
4200,40000.0,0.02,greedy,ZYZZYVA,8.0,1.0,0.0603,1,1,1,FINALIZED_WITHIN_C2_LIMIT,0.465058,2.527
4201,40000.0,0.02,greedy,ZYZZYVA,8.0,1.0,0.0603,1,1,1,FINALIZED_WITHIN_C2_LIMIT,0.86418,2.056
4202,40000.0,0.02,greedy,ZYZZYVA,8.0,1.0,0.0603,1,1,1,FINALIZED_WITHIN_C2_LIMIT,0.848292,2.375
4203,40000.0,0.02,greedy,ZYZZYVA,8.0,1.0,0.0603,1,1,1,FINALIZED_WITHIN_C2_LIMIT,0.129285,2.426
4204,40000.0,0.02,greedy,ZYZZYVA,8.0,1.0,0.0603,1,1,1,FINALIZED_WITHIN_C2_LIMIT,0.281768,2.38
4205,40000.0,0.02,greedy,ZYZZYVA,8.0,1.0,0.0603,1,1,1,FINALIZED_WITHIN_C2_LIMIT,0.731485,2.251
4206,40000.0,0.02,greedy,ZYZZYVA,8.0,1.0,0.0603,1,1,1,FINALIZED_WITHIN_C2_LIMIT,0.706478,2.165
4207,40000.0,0.02,greedy,ZYZZYVA,8.0,1.0,0.0603,1,1,1,FINALIZED_WITHIN_C2_LIMIT,0.182084,2.123
4208,40000.0,0.02,greedy,ZYZZYVA,8.0,1.0,0.0603,1,1,1,FINALIZED_WITHIN_C2_LIMIT,0.161993,2.58
4209,40000.0,0.02,greedy,ZYZZYVA,8.0,1.0,0.0543,1,1,1,FINALIZED_WITHIN_C2_LIMIT,0.481032,2.119
4210,40000.0,0.02,greedy,ZYZZYVA,8.0,1.0,0.0543,1,1,1,FINALIZED_WITHIN_C2_LIMIT,0.440121,2.26
4211,40000.0,0.02,greedy,ZYZZYVA,8.0,1.0,0.0543,1,1,1,FINALIZED_WITHIN_C2_LIMIT,0.067838,1.821
4212,40000.0,0.02,greedy,ZYZZYVA,8.0,1.0,0.0543,1,1,1,FINALIZED_WITHIN_C2_LIMIT,0.500357,2.304
4213,40000.0,0.02,greedy,ZYZZYVA,8.0,1.0,0.0543,1,1,1,FINALIZED_WITHIN_C2_LIMIT,1.042332,1.933
4214,40000.0,0.02,greedy,ZYZZYVA,8.0,1.0,0.0543,1,1,1,FINALIZED_WITHIN_C2_LIMIT,0.847287,2.182
4215,40000.0,0.02,greedy,ZYZZYVA,8.0,1.0,0.0543,1,1,1,FINALIZED_WITHIN_C2_LIMIT,0.354957,1.786
4216,40000.0,0.02,greedy,ZYZZYVA,8.0,1.0,0.0543,1,1,1,FINALIZED_WITHIN_C2_LIMIT,0.067859,1.994
4217,40000.0,0.02,greedy,ZYZZYVA,8.0,1.0,0.0543,1,1,1,FINALIZED_WITHIN_C2_LIMIT,0.371057,2.225
4218,40000.0,0.02,greedy,ZYZZYVA,8.0,1.0,0.0543,1,1,1,FINALIZED_WITHIN_C2_LIMIT,0.232564,2.095
4219,40000.0,0.02,greedy,ZYZZYVA,8.0,1.0,0.0543,1,1,1,FINALIZED_WITHIN_C2_LIMIT,0.03065,2.207
4220,40000.0,0.02,greedy,ZYZZYVA,8.0,1.0,0.0603,1,1,1,FINALIZED_WITHIN_C2_LIMIT,0.567623,2.286
4221,15000.0,0.02,explore,LIU_QUORUM,3.0,1.0,0.0739,1,1,1,FINALIZED_WITHIN_C2_LIMIT,1.02993,1.009
4222,40000.0,0.02,greedy,ZYZZYVA,8.0,1.0,0.0603,1,1,1,FINALIZED_WITHIN_C2_LIMIT,0.919848,2.625
4223,40000.0,0.02,greedy,ZYZZYVA,8.0,1.0,0.0603,1,1,1,FINALIZED_WITHIN_C2_LIMIT,0.330548,2.865
4224,40000.0,0.02,greedy,ZYZZYVA,8.0,1.0,0.0603,1,1,1,FINALIZED_WITHIN_C2_LIMIT,0.086849,2.568
4225,40000.0,0.02,greedy,ZYZZYVA,8.0,1.0,0.0603,1,1,1,FINALIZED_WITHIN_C2_LIMIT,0.372766,2.328
4226,40000.0,0.02,greedy,ZYZZYVA,8.0,1.0,0.0603,1,1,1,FINALIZED_WITHIN_C2_LIMIT,0.323552,2.502
4227,40000.0,0.02,greedy,ZYZZYVA,8.0,1.0,0.0603,1,1,1,FINALIZED_WITHIN_C2_LIMIT,0.024122,2.167
4228,40000.0,0.02,greedy,ZYZZYVA,8.0,1.0,0.0603,1,1,1,FINALIZED_WITHIN_C2_LIMIT,0.454417,2.351
4229,40000.0,0.02,greedy,ZYZZYVA,8.0,1.0,0.0635,1,1,1,FINALIZED_WITHIN_C2_LIMIT,0.90986,2.356
4230,40000.0,0.02,greedy,ZYZZYVA,8.0,1.0,0.0635,1,1,1,FINALIZED_WITHIN_C2_LIMIT,0.737075,2.773
4231,40000.0,0.02,greedy,ZYZZYVA,8.0,1.0,0.0635,1,1,1,FINALIZED_WITHIN_C2_LIMIT,0.180874,2.547
4232,40000.0,0.02,greedy,ZYZZYVA,8.0,1.0,0.0603,1,1,1,FINALIZED_WITHIN_C2_LIMIT,0.158908,2.551
4233,40000.0,0.02,greedy,ZYZZYVA,8.0,1.0,0.0603,1,1,1,FINALIZED_WITHIN_C2_LIMIT,0.473564,2.324
4234,40000.0,0.02,greedy,ZYZZYVA,8.0,1.0,0.0603,1,1,1,FINALIZED_WITHIN_C2_LIMIT,0.431919,2.928
4235,40000.0,0.02,greedy,ZYZZYVA,8.0,1.0,0.0635,1,1,1,FINALIZED_WITHIN_C2_LIMIT,0.085232,2.548
4236,40000.0,0.02,greedy,ZYZZYVA,8.0,1.0,0.0635,1,1,1,FINALIZED_WITHIN_C2_LIMIT,0.359388,2.75
4237,40000.0,0.02,greedy,ZYZZYVA,8.0,1.0,0.0635,1,1,1,FINALIZED_WITHIN_C2_LIMIT,0.806136,2.581
4238,40000.0,0.02,greedy,ZYZZYVA,8.0,1.0,0.0635,1,1,1,FINALIZED_WITHIN_C2_LIMIT,0.639926,3.162
4239,40000.0,0.02,greedy,ZYZZYVA,8.0,1.0,0.0635,1,1,1,FINALIZED_WITHIN_C2_LIMIT,0.191737,2.546
4240,40000.0,0.02,greedy,ZYZZYVA,8.0,1.0,0.0635,1,1,1,FINALIZED_WITHIN_C2_LIMIT,0.188857,2.6
4241,40000.0,0.02,greedy,ZYZZYVA,8.0,1.0,0.0635,1,1,1,FINALIZED_WITHIN_C2_LIMIT,0.507858,2.93
4242,40000.0,0.02,greedy,ZYZZYVA,8.0,1.0,0.0635,1,1,1,FINALIZED_WITHIN_C2_LIMIT,0.444453,2.825
4243,40000.0,0.02,greedy,ZYZZYVA,8.0,1.0,0.0635,1,1,1,FINALIZED_WITHIN_C2_LIMIT,0.087566,2.702
4244,40000.0,0.02,greedy,ZYZZYVA,8.0,1.0,0.0635,1,1,1,FINALIZED_WITHIN_C2_LIMIT,0.312431,2.693
4245,40000.0,0.02,greedy,ZYZZYVA,8.0,1.0,0.0635,1,1,1,FINALIZED_WITHIN_C2_LIMIT,0.751725,2.341
4246,40000.0,0.02,greedy,ZYZZYVA,8.0,1.0,0.0635,1,1,1,FINALIZED_WITHIN_C2_LIMIT,0.554219,2.536
4247,40000.0,0.02,greedy,ZYZZYVA,8.0,1.0,0.0635,1,1,1,FINALIZED_WITHIN_C2_LIMIT,0.136782,2.54
4248,40000.0,0.02,greedy,ZYZZYVA,8.0,1.0,0.0635,1,1,1,FINALIZED_WITHIN_C2_LIMIT,0.261401,2.435
4249,40000.0,0.02,greedy,ZYZZYVA,8.0,1.0,0.0635,1,1,1,FINALIZED_WITHIN_C2_LIMIT,0.60456,2.376
4250,40000.0,0.02,greedy,ZYZZYVA,8.0,1.0,0.0635,1,1,1,FINALIZED_WITHIN_C2_LIMIT,0.459409,2.381
4251,40000.0,0.02,greedy,ZYZZYVA,8.0,1.0,0.0635,1,1,1,FINALIZED_WITHIN_C2_LIMIT,0.081223,2.598
4252,40000.0,0.02,greedy,ZYZZYVA,8.0,1.0,0.0635,1,1,1,FINALIZED_WITHIN_C2_LIMIT,0.277838,2.561
4253,40000.0,0.02,greedy,ZYZZYVA,8.0,1.0,0.0635,1,1,1,FINALIZED_WITHIN_C2_LIMIT,0.660989,2.908
4254,40000.0,0.02,greedy,ZYZZYVA,8.0,1.0,0.0635,1,1,1,FINALIZED_WITHIN_C2_LIMIT,0.532272,2.572
4255,40000.0,0.02,greedy,ZYZZYVA,8.0,1.0,0.0635,1,1,1,FINALIZED_WITHIN_C2_LIMIT,0.091466,2.457
4256,40000.0,0.02,greedy,ZYZZYVA,8.0,1.0,0.0635,1,1,1,FINALIZED_WITHIN_C2_LIMIT,0.297365,2.587
4257,40000.0,0.02,greedy,ZYZZYVA,8.0,1.0,0.0635,1,1,1,FINALIZED_WITHIN_C2_LIMIT,0.639721,2.496
4258,40000.0,0.02,greedy,ZYZZYVA,8.0,1.0,0.0635,1,1,1,FINALIZED_WITHIN_C2_LIMIT,0.606079,2.521
4259,40000.0,0.02,greedy,ZYZZYVA,8.0,1.0,0.0635,1,1,1,FINALIZED_WITHIN_C2_LIMIT,0.11784,2.394
4260,40000.0,0.02,greedy,ZYZZYVA,8.0,1.0,0.0635,1,1,1,FINALIZED_WITHIN_C2_LIMIT,0.20369,2.601
4261,40000.0,0.02,greedy,ZYZZYVA,8.0,1.0,0.0635,1,1,1,FINALIZED_WITHIN_C2_LIMIT,0.584901,2.815
4262,40000.0,0.02,greedy,ZYZZYVA,8.0,1.0,0.0635,1,1,1,FINALIZED_WITHIN_C2_LIMIT,0.482624,2.695
4263,40000.0,0.02,greedy,ZYZZYVA,8.0,1.0,0.0635,1,1,1,FINALIZED_WITHIN_C2_LIMIT,0.127675,2.133
4264,40000.0,0.02,greedy,ZYZZYVA,8.0,1.0,0.0635,1,1,1,FINALIZED_WITHIN_C2_LIMIT,0.282609,2.379
4265,40000.0,0.02,greedy,ZYZZYVA,8.0,1.0,0.0635,1,1,1,FINALIZED_WITHIN_C2_LIMIT,0.664452,2.657
4266,40000.0,0.02,greedy,ZYZZYVA,8.0,1.0,0.0635,1,1,1,FINALIZED_WITHIN_C2_LIMIT,0.656289,2.812
4267,40000.0,0.02,greedy,ZYZZYVA,8.0,1.0,0.0635,1,1,1,FINALIZED_WITHIN_C2_LIMIT,0.132296,2.517
4268,40000.0,0.02,greedy,ZYZZYVA,8.0,1.0,0.0635,1,1,1,FINALIZED_WITHIN_C2_LIMIT,0.173536,2.503
4269,40000.0,0.02,greedy,ZYZZYVA,8.0,1.0,0.0635,1,1,1,FINALIZED_WITHIN_C2_LIMIT,0.51182,2.333
4270,40000.0,0.02,greedy,ZYZZYVA,8.0,1.0,0.0635,1,1,1,FINALIZED_WITHIN_C2_LIMIT,0.456718,2.495
4271,40000.0,0.02,greedy,ZYZZYVA,8.0,1.0,0.0635,1,1,1,FINALIZED_WITHIN_C2_LIMIT,0.078513,2.62
4272,40000.0,0.02,greedy,ZYZZYVA,8.0,1.0,0.0635,1,1,1,FINALIZED_WITHIN_C2_LIMIT,0.372204,2.635
4273,40000.0,0.02,greedy,ZYZZYVA,8.0,1.0,0.0635,1,1,1,FINALIZED_WITHIN_C2_LIMIT,0.774083,2.286
4274,40000.0,0.02,greedy,ZYZZYVA,8.0,1.0,0.0635,1,1,1,FINALIZED_WITHIN_C2_LIMIT,0.686277,2.486
4275,40000.0,0.02,greedy,ZYZZYVA,8.0,1.0,0.0635,1,1,1,FINALIZED_WITHIN_C2_LIMIT,0.250289,2.464
4276,40000.0,0.02,greedy,ZYZZYVA,8.0,1.0,0.0635,1,1,1,FINALIZED_WITHIN_C2_LIMIT,0.154047,2.701
4277,40000.0,0.02,greedy,ZYZZYVA,8.0,1.0,0.0635,1,1,1,FINALIZED_WITHIN_C2_LIMIT,0.447823,2.996
4278,40000.0,0.02,greedy,ZYZZYVA,8.0,1.0,0.0635,1,1,1,FINALIZED_WITHIN_C2_LIMIT,0.420721,2.507
4279,40000.0,0.02,greedy,ZYZZYVA,8.0,1.0,0.0635,1,1,1,FINALIZED_WITHIN_C2_LIMIT,0.091847,2.488
4280,40000.0,0.02,greedy,ZYZZYVA,8.0,1.0,0.0635,1,1,1,FINALIZED_WITHIN_C2_LIMIT,0.379232,2.532
4281,40000.0,0.02,greedy,ZYZZYVA,8.0,1.0,0.0635,1,1,1,FINALIZED_WITHIN_C2_LIMIT,0.761225,2.67
4282,40000.0,0.02,greedy,ZYZZYVA,8.0,1.0,0.0635,1,1,1,FINALIZED_WITHIN_C2_LIMIT,0.732504,2.686
4283,40000.0,0.02,greedy,ZYZZYVA,8.0,1.0,0.0635,1,1,1,FINALIZED_WITHIN_C2_LIMIT,0.153836,2.558
4284,40000.0,0.02,greedy,ZYZZYVA,8.0,1.0,0.0635,1,1,1,FINALIZED_WITHIN_C2_LIMIT,0.174577,2.524
4285,40000.0,0.02,greedy,ZYZZYVA,8.0,1.0,0.0635,1,1,1,FINALIZED_WITHIN_C2_LIMIT,0.448177,2.732
4286,40000.0,0.02,greedy,ZYZZYVA,8.0,1.0,0.0635,1,1,1,FINALIZED_WITHIN_C2_LIMIT,0.329898,2.381
4287,40000.0,0.02,greedy,ZYZZYVA,8.0,1.0,0.0635,1,1,1,FINALIZED_WITHIN_C2_LIMIT,0.071605,2.639
4288,40000.0,0.02,greedy,ZYZZYVA,8.0,1.0,0.0635,1,1,1,FINALIZED_WITHIN_C2_LIMIT,0.369141,2.532
4289,40000.0,0.02,greedy,ZYZZYVA,8.0,1.0,0.0635,1,1,1,FINALIZED_WITHIN_C2_LIMIT,0.912596,2.917
4290,40000.0,0.02,greedy,ZYZZYVA,8.0,1.0,0.0635,1,1,1,FINALIZED_WITHIN_C2_LIMIT,0.808918,2.543
4291,40000.0,0.02,greedy,ZYZZYVA,8.0,1.0,0.0635,1,1,1,FINALIZED_WITHIN_C2_LIMIT,0.288848,2.514
4292,40000.0,0.02,greedy,ZYZZYVA,8.0,1.0,0.0635,1,1,1,FINALIZED_WITHIN_C2_LIMIT,0.125064,2.478
4293,40000.0,0.02,greedy,ZYZZYVA,8.0,1.0,0.0635,1,1,1,FINALIZED_WITHIN_C2_LIMIT,0.399104,2.441
4294,40000.0,0.02,greedy,ZYZZYVA,8.0,1.0,0.0635,1,1,1,FINALIZED_WITHIN_C2_LIMIT,0.295865,2.534
4295,40000.0,0.02,greedy,ZYZZYVA,8.0,1.0,0.0635,1,1,1,FINALIZED_WITHIN_C2_LIMIT,0.081375,2.74
4296,40000.0,0.02,greedy,ZYZZYVA,8.0,1.0,0.0635,1,1,1,FINALIZED_WITHIN_C2_LIMIT,0.462385,2.819
4297,40000.0,0.02,greedy,ZYZZYVA,8.0,1.0,0.0635,1,1,1,FINALIZED_WITHIN_C2_LIMIT,0.891476,2.729
4298,40000.0,0.02,greedy,ZYZZYVA,8.0,1.0,0.0635,1,1,1,FINALIZED_WITHIN_C2_LIMIT,0.778708,2.255
4299,40000.0,0.02,greedy,ZYZZYVA,8.0,1.0,0.0635,1,1,1,FINALIZED_WITHIN_C2_LIMIT,0.086316,2.358
4300,40000.0,0.02,greedy,ZYZZYVA,8.0,1.0,0.0635,1,1,1,FINALIZED_WITHIN_C2_LIMIT,0.058551,2.423
4301,40000.0,0.02,greedy,ZYZZYVA,8.0,1.0,0.0635,1,1,1,FINALIZED_WITHIN_C2_LIMIT,0.060622,2.561
4302,40000.0,0.02,greedy,ZYZZYVA,8.0,1.0,0.0635,1,1,1,FINALIZED_WITHIN_C2_LIMIT,0.066786,2.28
4303,40000.0,0.02,greedy,ZYZZYVA,8.0,1.0,0.0635,1,1,1,FINALIZED_WITHIN_C2_LIMIT,0.111122,2.565
4304,17000.0,0.02,explore,LIU_QUORUM,3.4,1.0,0.0739,1,1,1,FINALIZED_WITHIN_C2_LIMIT,0.122972,1.053
4305,40000.0,0.02,greedy,ZYZZYVA,8.0,1.0,0.0635,1,1,1,FINALIZED_WITHIN_C2_LIMIT,0.025665,2.373
4306,40000.0,0.02,greedy,ZYZZYVA,8.0,1.0,0.0635,1,1,1,FINALIZED_WITHIN_C2_LIMIT,0.268924,2.122
4307,40000.0,0.02,greedy,ZYZZYVA,8.0,1.0,0.0635,1,1,1,FINALIZED_WITHIN_C2_LIMIT,0.415093,2.234
4308,40000.0,0.02,greedy,ZYZZYVA,8.0,1.0,0.0603,1,1,1,FINALIZED_WITHIN_C2_LIMIT,0.152065,2.283
4309,40000.0,0.02,greedy,ZYZZYVA,8.0,1.0,0.0603,1,1,1,FINALIZED_WITHIN_C2_LIMIT,0.168381,2.298
4310,40000.0,0.02,greedy,ZYZZYVA,8.0,1.0,0.0603,1,1,1,FINALIZED_WITHIN_C2_LIMIT,0.295263,2.297
4311,40000.0,0.02,greedy,ZYZZYVA,8.0,1.0,0.0635,1,1,1,FINALIZED_WITHIN_C2_LIMIT,0.125162,2.406
4312,40000.0,0.02,greedy,ZYZZYVA,8.0,1.0,0.0635,1,1,1,FINALIZED_WITHIN_C2_LIMIT,0.086842,2.307
4313,40000.0,0.02,greedy,ZYZZYVA,8.0,1.0,0.0635,1,1,1,FINALIZED_WITHIN_C2_LIMIT,0.19493,2.785
4314,40000.0,0.02,greedy,ZYZZYVA,8.0,1.0,0.0635,1,1,1,FINALIZED_WITHIN_C2_LIMIT,0.019141,2.35
4315,40000.0,0.02,greedy,ZYZZYVA,8.0,1.0,0.0635,1,1,1,FINALIZED_WITHIN_C2_LIMIT,0.051539,2.436
4316,40000.0,0.02,greedy,ZYZZYVA,8.0,1.0,0.0635,1,1,1,FINALIZED_WITHIN_C2_LIMIT,0.035545,2.346
4317,40000.0,0.02,greedy,ZYZZYVA,8.0,1.0,0.0635,1,1,1,FINALIZED_WITHIN_C2_LIMIT,0.033276,2.436
4318,40000.0,0.02,greedy,ZYZZYVA,8.0,1.0,0.0635,1,1,1,FINALIZED_WITHIN_C2_LIMIT,0.036327,1.999
4319,40000.0,0.02,greedy,ZYZZYVA,8.0,1.0,0.0635,1,1,1,FINALIZED_WITHIN_C2_LIMIT,0.065891,2.236
4320,40000.0,0.02,greedy,ZYZZYVA,8.0,1.0,0.0635,1,1,1,FINALIZED_WITHIN_C2_LIMIT,0.018236,2.529
4321,40000.0,0.02,greedy,ZYZZYVA,8.0,1.0,0.0635,1,1,1,FINALIZED_WITHIN_C2_LIMIT,0.061779,2.57
4322,40000.0,0.02,greedy,ZYZZYVA,8.0,1.0,0.0635,1,1,1,FINALIZED_WITHIN_C2_LIMIT,0.030517,2.507
4323,40000.0,0.02,greedy,ZYZZYVA,8.0,1.0,0.0635,1,1,1,FINALIZED_WITHIN_C2_LIMIT,0.050409,2.388
4324,40000.0,0.02,greedy,ZYZZYVA,8.0,1.0,0.0635,1,1,1,FINALIZED_WITHIN_C2_LIMIT,0.045003,2.62
4325,40000.0,0.02,greedy,ZYZZYVA,8.0,1.0,0.0635,1,1,1,FINALIZED_WITHIN_C2_LIMIT,0.035448,2.271
4326,40000.0,0.02,greedy,ZYZZYVA,8.0,1.0,0.0635,1,1,1,FINALIZED_WITHIN_C2_LIMIT,0.058499,2.103
4327,40000.0,0.02,greedy,ZYZZYVA,8.0,1.0,0.0635,1,1,1,FINALIZED_WITHIN_C2_LIMIT,0.02714,2.32
4328,40000.0,0.02,greedy,ZYZZYVA,8.0,1.0,0.0635,1,1,1,FINALIZED_WITHIN_C2_LIMIT,0.060912,2.614
4329,40000.0,0.02,greedy,ZYZZYVA,8.0,1.0,0.0603,1,1,1,FINALIZED_WITHIN_C2_LIMIT,0.032612,2.553
4330,40000.0,0.02,greedy,ZYZZYVA,8.0,1.0,0.0603,1,1,1,FINALIZED_WITHIN_C2_LIMIT,0.199254,2.916
4331,40000.0,0.02,greedy,ZYZZYVA,8.0,1.0,0.0603,1,1,1,FINALIZED_WITHIN_C2_LIMIT,0.248567,2.505
4332,40000.0,0.02,greedy,ZYZZYVA,8.0,1.0,0.0603,1,1,1,FINALIZED_WITHIN_C2_LIMIT,0.08234,2.701
4333,40000.0,0.02,greedy,ZYZZYVA,8.0,1.0,0.0635,1,1,1,FINALIZED_WITHIN_C2_LIMIT,0.20486,2.821
4334,40000.0,0.02,greedy,ZYZZYVA,8.0,1.0,0.0603,1,1,1,FINALIZED_WITHIN_C2_LIMIT,0.487004,2.404
4335,40000.0,0.02,greedy,ZYZZYVA,8.0,1.0,0.0635,1,1,1,FINALIZED_WITHIN_C2_LIMIT,0.332155,2.399
4336,40000.0,0.02,greedy,ZYZZYVA,8.0,1.0,0.0635,1,1,1,FINALIZED_WITHIN_C2_LIMIT,0.067274,2.204
4337,40000.0,0.02,greedy,ZYZZYVA,8.0,1.0,0.0635,1,1,1,FINALIZED_WITHIN_C2_LIMIT,0.084514,2.755
4338,40000.0,0.02,greedy,ZYZZYVA,8.0,1.0,0.0635,1,1,1,FINALIZED_WITHIN_C2_LIMIT,0.063,2.485
4339,40000.0,0.02,greedy,ZYZZYVA,8.0,1.0,0.0635,1,1,1,FINALIZED_WITHIN_C2_LIMIT,0.064312,2.525
4340,40000.0,0.02,greedy,ZYZZYVA,8.0,1.0,0.0603,1,1,1,FINALIZED_WITHIN_C2_LIMIT,0.031574,2.303
4341,40000.0,0.02,greedy,ZYZZYVA,8.0,1.0,0.0603,1,1,1,FINALIZED_WITHIN_C2_LIMIT,0.038142,2.457
4342,40000.0,0.02,greedy,ZYZZYVA,8.0,1.0,0.0603,1,1,1,FINALIZED_WITHIN_C2_LIMIT,0.099476,2.778
4343,40000.0,0.02,greedy,ZYZZYVA,8.0,1.0,0.0603,1,1,1,FINALIZED_WITHIN_C2_LIMIT,0.01923,2.49
4344,40000.0,0.02,greedy,ZYZZYVA,8.0,1.0,0.0603,1,1,1,FINALIZED_WITHIN_C2_LIMIT,0.262071,2.634
4345,40000.0,0.02,greedy,ZYZZYVA,8.0,1.0,0.0603,1,1,1,FINALIZED_WITHIN_C2_LIMIT,0.376333,2.335
4346,40000.0,0.02,greedy,ZYZZYVA,8.0,1.0,0.0603,1,1,1,FINALIZED_WITHIN_C2_LIMIT,0.121452,2.459
4347,40000.0,0.02,greedy,LIU_QUORUM,8.0,1.0,0.0603,1,1,1,FINALIZED_WITHIN_C2_LIMIT,0.090729,2.533
4348,40000.0,0.02,greedy,LIU_QUORUM,8.0,1.0,0.0603,1,1,1,FINALIZED_WITHIN_C2_LIMIT,0.240007,2.208
4349,40000.0,0.02,greedy,LIU_QUORUM,8.0,1.0,0.0603,1,1,1,FINALIZED_WITHIN_C2_LIMIT,0.123494,2.288
4350,40000.0,0.02,greedy,LIU_QUORUM,8.0,1.0,0.0603,1,1,1,FINALIZED_WITHIN_C2_LIMIT,0.10731,2.66
4351,40000.0,0.02,greedy,LIU_QUORUM,8.0,1.0,0.0603,1,1,1,FINALIZED_WITHIN_C2_LIMIT,0.167242,2.41
4352,40000.0,0.02,greedy,LIU_QUORUM,8.0,1.0,0.0603,1,1,1,FINALIZED_WITHIN_C2_LIMIT,0.062887,2.369
4353,40000.0,0.02,greedy,LIU_QUORUM,8.0,1.0,0.0603,1,1,1,FINALIZED_WITHIN_C2_LIMIT,0.249908,2.548
4354,40000.0,0.02,greedy,LIU_QUORUM,8.0,1.0,0.0603,1,1,1,FINALIZED_WITHIN_C2_LIMIT,0.496042,2.438
4355,40000.0,0.02,greedy,LIU_QUORUM,8.0,1.0,0.0603,1,1,1,FINALIZED_WITHIN_C2_LIMIT,0.214433,2.617
4356,40000.0,0.02,greedy,ZYZZYVA,8.0,1.0,0.0635,1,1,1,FINALIZED_WITHIN_C2_LIMIT,0.053862,2.307
4357,40000.0,0.02,greedy,ZYZZYVA,8.0,1.0,0.0635,1,1,1,FINALIZED_WITHIN_C2_LIMIT,0.107936,2.336
4358,40000.0,0.02,greedy,ZYZZYVA,8.0,1.0,0.0635,1,1,1,FINALIZED_WITHIN_C2_LIMIT,0.0313,2.139
4359,40000.0,0.02,greedy,ZYZZYVA,8.0,1.0,0.0635,1,1,1,FINALIZED_WITHIN_C2_LIMIT,0.36781,2.336
4360,40000.0,0.02,greedy,ZYZZYVA,8.0,1.0,0.0635,1,1,1,FINALIZED_WITHIN_C2_LIMIT,0.51591,2.44
4361,40000.0,0.02,greedy,ZYZZYVA,8.0,1.0,0.0635,1,1,1,FINALIZED_WITHIN_C2_LIMIT,0.29849,2.491
4362,40000.0,0.02,greedy,ZYZZYVA,8.0,1.0,0.0635,1,1,1,FINALIZED_WITHIN_C2_LIMIT,0.036395,2.587
4363,40000.0,0.02,greedy,ZYZZYVA,8.0,1.0,0.0635,1,1,1,FINALIZED_WITHIN_C2_LIMIT,0.087304,2.397
4364,40000.0,0.02,greedy,ZYZZYVA,8.0,1.0,0.0635,1,1,1,FINALIZED_WITHIN_C2_LIMIT,0.019499,2.461
4365,40000.0,0.02,greedy,ZYZZYVA,8.0,1.0,0.0603,1,1,1,FINALIZED_WITHIN_C2_LIMIT,0.110708,2.254
4366,40000.0,0.02,greedy,ZYZZYVA,8.0,1.0,0.0603,1,1,1,FINALIZED_WITHIN_C2_LIMIT,0.046454,2.298
4367,40000.0,0.02,greedy,ZYZZYVA,8.0,1.0,0.0603,1,1,1,FINALIZED_WITHIN_C2_LIMIT,0.021342,2.431
4368,40000.0,0.02,greedy,ZYZZYVA,8.0,1.0,0.0603,1,1,1,FINALIZED_WITHIN_C2_LIMIT,0.301331,2.317
4369,40000.0,0.02,greedy,ZYZZYVA,8.0,1.0,0.0603,1,1,1,FINALIZED_WITHIN_C2_LIMIT,0.36205,2.308
4370,40000.0,0.02,greedy,ZYZZYVA,8.0,1.0,0.0603,1,1,1,FINALIZED_WITHIN_C2_LIMIT,0.099515,2.404
4371,40000.0,0.02,greedy,ZYZZYVA,8.0,1.0,0.0603,1,1,1,FINALIZED_WITHIN_C2_LIMIT,0.158963,2.3
4372,40000.0,0.02,greedy,ZYZZYVA,8.0,1.0,0.0603,1,1,1,FINALIZED_WITHIN_C2_LIMIT,0.311626,2.275
4373,40000.0,0.02,greedy,ZYZZYVA,8.0,1.0,0.0603,1,1,1,FINALIZED_WITHIN_C2_LIMIT,0.155356,2.086
4374,40000.0,0.02,greedy,ZYZZYVA,8.0,1.0,0.0603,1,1,1,FINALIZED_WITHIN_C2_LIMIT,0.048284,2.702
4375,40000.0,0.02,greedy,ZYZZYVA,8.0,1.0,0.0603,1,1,1,FINALIZED_WITHIN_C2_LIMIT,0.091407,2.783
4376,40000.0,0.02,greedy,ZYZZYVA,8.0,1.0,0.0603,1,1,1,FINALIZED_WITHIN_C2_LIMIT,0.056094,2.3
4377,40000.0,0.02,greedy,ZYZZYVA,8.0,1.0,0.0603,1,1,1,FINALIZED_WITHIN_C2_LIMIT,0.235483,2.268
4378,40000.0,0.02,greedy,LIU_QUORUM,8.0,1.0,0.0603,1,1,1,FINALIZED_WITHIN_C2_LIMIT,0.304909,2.291
4379,40000.0,0.02,greedy,LIU_QUORUM,8.0,1.0,0.0603,1,1,1,FINALIZED_WITHIN_C2_LIMIT,0.120165,2.383
4380,40000.0,0.02,greedy,LIU_QUORUM,8.0,1.0,0.0603,1,1,1,FINALIZED_WITHIN_C2_LIMIT,0.181393,2.126
4381,40000.0,0.02,greedy,LIU_QUORUM,8.0,1.0,0.0603,1,1,1,FINALIZED_WITHIN_C2_LIMIT,0.419545,2.325
4382,40000.0,0.02,greedy,LIU_QUORUM,8.0,1.0,0.0603,1,1,1,FINALIZED_WITHIN_C2_LIMIT,0.191474,2.427
4383,40000.0,0.02,greedy,LIU_QUORUM,8.0,1.0,0.0635,1,1,1,FINALIZED_WITHIN_C2_LIMIT,0.042965,2.351
4384,40000.0,0.02,greedy,LIU_QUORUM,8.0,1.0,0.0635,1,1,1,FINALIZED_WITHIN_C2_LIMIT,0.090088,2.534
4385,40000.0,0.02,greedy,LIU_QUORUM,8.0,1.0,0.0635,1,1,1,FINALIZED_WITHIN_C2_LIMIT,0.036285,2.566
4386,40000.0,0.02,greedy,LIU_QUORUM,8.0,1.0,0.0635,1,1,1,FINALIZED_WITHIN_C2_LIMIT,0.029906,2.476
4387,40000.0,0.02,greedy,LIU_QUORUM,8.0,1.0,0.0635,1,1,1,FINALIZED_WITHIN_C2_LIMIT,0.06679,2.426
4388,40000.0,0.02,greedy,LIU_QUORUM,8.0,1.0,0.0603,1,1,1,FINALIZED_WITHIN_C2_LIMIT,0.090247,2.8
4389,40000.0,0.02,greedy,LIU_QUORUM,8.0,1.0,0.0635,1,1,1,FINALIZED_WITHIN_C2_LIMIT,0.167414,2.083
4390,40000.0,0.02,greedy,ZYZZYVA,8.0,1.0,0.0635,1,1,1,FINALIZED_WITHIN_C2_LIMIT,0.208844,2.307
4391,40000.0,0.02,greedy,ZYZZYVA,8.0,1.0,0.0635,1,1,1,FINALIZED_WITHIN_C2_LIMIT,0.038722,2.474
4392,40000.0,0.02,greedy,ZYZZYVA,8.0,1.0,0.0603,1,1,1,FINALIZED_WITHIN_C2_LIMIT,0.31344,2.365
4393,40000.0,0.02,greedy,ZYZZYVA,8.0,1.0,0.0603,1,1,1,FINALIZED_WITHIN_C2_LIMIT,0.562491,2.384
4394,40000.0,0.02,greedy,ZYZZYVA,8.0,1.0,0.0603,1,1,1,FINALIZED_WITHIN_C2_LIMIT,0.337897,2.305
4395,40000.0,0.02,greedy,ZYZZYVA,8.0,1.0,0.0603,1,1,1,FINALIZED_WITHIN_C2_LIMIT,0.016398,2.475
4396,40000.0,0.02,greedy,ZYZZYVA,8.0,1.0,0.0635,1,1,1,FINALIZED_WITHIN_C2_LIMIT,0.464078,2.396
4397,40000.0,0.02,greedy,ZYZZYVA,8.0,1.0,0.0635,1,1,1,FINALIZED_WITHIN_C2_LIMIT,0.810415,2.308
4398,40000.0,0.02,greedy,ZYZZYVA,8.0,1.0,0.0603,1,1,1,FINALIZED_WITHIN_C2_LIMIT,0.580915,2.385
4399,40000.0,0.02,greedy,ZYZZYVA,8.0,1.0,0.0635,1,1,1,FINALIZED_WITHIN_C2_LIMIT,0.045255,2.394
4400,40000.0,0.02,greedy,ZYZZYVA,8.0,1.0,0.0603,1,1,1,FINALIZED_WITHIN_C2_LIMIT,0.522738,2.599
4401,40000.0,0.02,greedy,ZYZZYVA,8.0,1.0,0.0603,1,1,1,FINALIZED_WITHIN_C2_LIMIT,1.060715,2.614
4402,40000.0,0.02,greedy,ZYZZYVA,8.0,1.0,0.0603,1,1,1,FINALIZED_WITHIN_C2_LIMIT,1.116019,2.275
4403,40000.0,0.02,greedy,ZYZZYVA,8.0,1.0,0.0635,1,1,1,FINALIZED_WITHIN_C2_LIMIT,0.350284,2.4
4404,40000.0,0.02,greedy,ZYZZYVA,8.0,1.0,0.0729,1,1,1,FINALIZED_WITHIN_C2_LIMIT,0.077697,2.271
4405,40000.0,0.02,greedy,ZYZZYVA,8.0,1.0,0.0729,1,1,1,FINALIZED_WITHIN_C2_LIMIT,0.209629,2.445
4406,40000.0,0.02,greedy,ZYZZYVA,8.0,1.0,0.0729,1,1,1,FINALIZED_WITHIN_C2_LIMIT,0.154735,2.043
4407,40000.0,0.02,greedy,ZYZZYVA,8.0,1.0,0.0729,1,1,1,FINALIZED_WITHIN_C2_LIMIT,0.024606,2.039
4408,40000.0,0.02,greedy,ZYZZYVA,8.0,1.0,0.0729,1,1,1,FINALIZED_WITHIN_C2_LIMIT,0.051589,2.172
4409,40000.0,0.02,greedy,ZYZZYVA,8.0,1.0,0.0729,1,1,1,FINALIZED_WITHIN_C2_LIMIT,0.056297,2.348
4410,40000.0,0.02,greedy,ZYZZYVA,8.0,1.0,0.0729,1,1,1,FINALIZED_WITHIN_C2_LIMIT,0.089475,2.115
4411,40000.0,0.02,greedy,ZYZZYVA,8.0,1.0,0.0729,1,1,1,FINALIZED_WITHIN_C2_LIMIT,0.174432,2.243
4412,40000.0,0.02,greedy,ZYZZYVA,8.0,1.0,0.0729,1,1,1,FINALIZED_WITHIN_C2_LIMIT,0.140165,2.53
4413,40000.0,0.02,greedy,ZYZZYVA,8.0,1.0,0.0729,1,1,1,FINALIZED_WITHIN_C2_LIMIT,0.018831,2.452
4414,40000.0,0.02,greedy,ZYZZYVA,8.0,1.0,0.0603,1,1,1,FINALIZED_WITHIN_C2_LIMIT,0.30432,2.268
4415,40000.0,0.02,greedy,ZYZZYVA,8.0,1.0,0.0603,1,1,1,FINALIZED_WITHIN_C2_LIMIT,0.53619,2.246
4416,40000.0,0.02,greedy,ZYZZYVA,8.0,1.0,0.0729,1,1,1,FINALIZED_WITHIN_C2_LIMIT,0.256506,2.163
4417,40000.0,0.02,greedy,ZYZZYVA,8.0,1.0,0.0729,1,1,1,FINALIZED_WITHIN_C2_LIMIT,0.016003,2.166
4418,40000.0,0.02,greedy,ZYZZYVA,8.0,1.0,0.0729,1,1,1,FINALIZED_WITHIN_C2_LIMIT,0.169521,2.639
4419,40000.0,0.02,greedy,ZYZZYVA,8.0,1.0,0.0729,1,1,1,FINALIZED_WITHIN_C2_LIMIT,0.215483,2.489
4420,40000.0,0.02,greedy,ZYZZYVA,8.0,1.0,0.0729,1,1,1,FINALIZED_WITHIN_C2_LIMIT,0.017368,2.4
4421,40000.0,0.02,greedy,ZYZZYVA,8.0,1.0,0.0729,1,1,1,FINALIZED_WITHIN_C2_LIMIT,0.3461,2.415
4422,40000.0,0.02,greedy,ZYZZYVA,8.0,1.0,0.0729,1,1,1,FINALIZED_WITHIN_C2_LIMIT,0.712225,2.738
4423,40000.0,0.02,greedy,ZYZZYVA,8.0,1.0,0.0729,1,1,1,FINALIZED_WITHIN_C2_LIMIT,0.570356,2.332
4424,40000.0,0.02,greedy,ZYZZYVA,8.0,1.0,0.0729,1,1,1,FINALIZED_WITHIN_C2_LIMIT,0.077332,2.5
4425,40000.0,0.02,greedy,ZYZZYVA,8.0,1.0,0.0729,1,1,1,FINALIZED_WITHIN_C2_LIMIT,0.302458,2.803
4426,40000.0,0.02,greedy,ZYZZYVA,8.0,1.0,0.0729,1,1,1,FINALIZED_WITHIN_C2_LIMIT,0.788937,2.524
4427,40000.0,0.02,greedy,ZYZZYVA,8.0,1.0,0.0729,1,1,1,FINALIZED_WITHIN_C2_LIMIT,0.716251,2.404
4428,40000.0,0.02,greedy,ZYZZYVA,8.0,1.0,0.0729,1,1,1,FINALIZED_WITHIN_C2_LIMIT,0.191179,2.544
4429,40000.0,0.02,greedy,ZYZZYVA,8.0,1.0,0.0729,1,1,1,FINALIZED_WITHIN_C2_LIMIT,0.103191,2.416
4430,40000.0,0.02,greedy,ZYZZYVA,8.0,1.0,0.0729,1,1,1,FINALIZED_WITHIN_C2_LIMIT,0.328848,2.219
4431,40000.0,0.02,greedy,ZYZZYVA,8.0,1.0,0.0729,1,1,1,FINALIZED_WITHIN_C2_LIMIT,0.209327,2.255
4432,40000.0,0.02,greedy,ZYZZYVA,8.0,1.0,0.0729,1,1,1,FINALIZED_WITHIN_C2_LIMIT,0.0278,2.349
4433,40000.0,0.02,greedy,ZYZZYVA,8.0,1.0,0.0729,1,1,1,FINALIZED_WITHIN_C2_LIMIT,0.035463,2.269
4434,40000.0,0.02,greedy,ZYZZYVA,8.0,1.0,0.0729,1,1,1,FINALIZED_WITHIN_C2_LIMIT,0.079295,2.382
4435,40000.0,0.02,greedy,ZYZZYVA,8.0,1.0,0.0729,1,1,1,FINALIZED_WITHIN_C2_LIMIT,0.047932,2.457
4436,40000.0,0.02,greedy,ZYZZYVA,8.0,1.0,0.0729,1,1,1,FINALIZED_WITHIN_C2_LIMIT,0.124503,2.284
4437,40000.0,0.02,greedy,ZYZZYVA,8.0,1.0,0.0729,1,1,1,FINALIZED_WITHIN_C2_LIMIT,0.159483,2.481
4438,40000.0,0.02,greedy,ZYZZYVA,8.0,1.0,0.0729,1,1,1,FINALIZED_WITHIN_C2_LIMIT,0.035119,2.381
4439,40000.0,0.02,greedy,ZYZZYVA,8.0,1.0,0.0729,1,1,1,FINALIZED_WITHIN_C2_LIMIT,0.024735,2.552
4440,40000.0,0.02,greedy,ZYZZYVA,8.0,1.0,0.0729,1,1,1,FINALIZED_WITHIN_C2_LIMIT,0.064906,2.8
4441,40000.0,0.02,greedy,ZYZZYVA,8.0,1.0,0.0729,1,1,1,FINALIZED_WITHIN_C2_LIMIT,0.158964,2.421
4442,40000.0,0.02,greedy,ZYZZYVA,8.0,1.0,0.0729,1,1,1,FINALIZED_WITHIN_C2_LIMIT,0.10598,2.55
4443,40000.0,0.02,greedy,ZYZZYVA,8.0,1.0,0.0603,1,1,1,FINALIZED_WITHIN_C2_LIMIT,0.154991,2.349
4444,40000.0,0.02,greedy,ZYZZYVA,8.0,1.0,0.0603,1,1,1,FINALIZED_WITHIN_C2_LIMIT,0.138763,2.319
4445,40000.0,0.02,greedy,ZYZZYVA,8.0,1.0,0.0603,1,1,1,FINALIZED_WITHIN_C2_LIMIT,0.019985,2.378
4446,40000.0,0.02,greedy,ZYZZYVA,8.0,1.0,0.0603,1,1,1,FINALIZED_WITHIN_C2_LIMIT,0.336249,2.328
4447,40000.0,0.02,greedy,ZYZZYVA,8.0,1.0,0.0603,1,1,1,FINALIZED_WITHIN_C2_LIMIT,0.434695,2.303
4448,40000.0,0.02,greedy,ZYZZYVA,8.0,1.0,0.0603,1,1,1,FINALIZED_WITHIN_C2_LIMIT,0.142154,2.198
4449,40000.0,0.02,greedy,ZYZZYVA,8.0,1.0,0.0603,1,1,1,FINALIZED_WITHIN_C2_LIMIT,0.080686,2.322
4450,40000.0,0.02,greedy,ZYZZYVA,8.0,1.0,0.0603,1,1,1,FINALIZED_WITHIN_C2_LIMIT,0.16109,2.228
4451,40000.0,0.02,greedy,ZYZZYVA,8.0,1.0,0.0603,1,1,1,FINALIZED_WITHIN_C2_LIMIT,0.054935,2.805
4452,40000.0,0.02,greedy,ZYZZYVA,8.0,1.0,0.0603,1,1,1,FINALIZED_WITHIN_C2_LIMIT,0.233306,2.73
4453,40000.0,0.02,greedy,ZYZZYVA,8.0,1.0,0.0603,1,1,1,FINALIZED_WITHIN_C2_LIMIT,0.339323,2.601
4454,40000.0,0.02,greedy,ZYZZYVA,8.0,1.0,0.0603,1,1,1,FINALIZED_WITHIN_C2_LIMIT,0.101668,2.635
4455,40000.0,0.02,greedy,ZYZZYVA,8.0,1.0,0.0603,1,1,1,FINALIZED_WITHIN_C2_LIMIT,0.098599,2.325
4456,40000.0,0.02,greedy,ZYZZYVA,8.0,1.0,0.0603,1,1,1,FINALIZED_WITHIN_C2_LIMIT,0.222569,2.802
4457,40000.0,0.02,greedy,ZYZZYVA,8.0,1.0,0.0603,1,1,1,FINALIZED_WITHIN_C2_LIMIT,0.068455,2.319
4458,40000.0,0.02,greedy,ZYZZYVA,8.0,1.0,0.0603,1,1,1,FINALIZED_WITHIN_C2_LIMIT,0.156979,2.485
4459,40000.0,0.02,greedy,ZYZZYVA,8.0,1.0,0.0603,1,1,1,FINALIZED_WITHIN_C2_LIMIT,0.282327,2.171
4460,40000.0,0.02,greedy,ZYZZYVA,8.0,1.0,0.0603,1,1,1,FINALIZED_WITHIN_C2_LIMIT,0.090186,2.294
4461,40000.0,0.02,greedy,ZYZZYVA,8.0,1.0,0.0603,1,1,1,FINALIZED_WITHIN_C2_LIMIT,0.113037,2.331
4462,40000.0,0.02,greedy,ZYZZYVA,8.0,1.0,0.0729,1,1,1,FINALIZED_WITHIN_C2_LIMIT,0.252129,2.493
4463,40000.0,0.02,greedy,ZYZZYVA,8.0,1.0,0.0603,1,1,1,FINALIZED_WITHIN_C2_LIMIT,0.08775,2.31
4464,40000.0,0.02,greedy,ZYZZYVA,8.0,1.0,0.0603,1,1,1,FINALIZED_WITHIN_C2_LIMIT,0.125284,2.699
4465,40000.0,0.02,greedy,ZYZZYVA,8.0,1.0,0.0603,1,1,1,FINALIZED_WITHIN_C2_LIMIT,0.293573,2.401
4466,40000.0,0.02,greedy,ZYZZYVA,8.0,1.0,0.0603,1,1,1,FINALIZED_WITHIN_C2_LIMIT,0.1325,2.671
4467,40000.0,0.02,greedy,ZYZZYVA,8.0,1.0,0.0729,1,1,1,FINALIZED_WITHIN_C2_LIMIT,0.125492,2.51
4468,40000.0,0.02,greedy,ZYZZYVA,8.0,1.0,0.0729,1,1,1,FINALIZED_WITHIN_C2_LIMIT,0.221655,2.502
4469,40000.0,0.02,greedy,ZYZZYVA,8.0,1.0,0.0729,1,1,1,FINALIZED_WITHIN_C2_LIMIT,0.090206,2.426
4470,40000.0,0.02,greedy,ZYZZYVA,8.0,1.0,0.0603,1,1,1,FINALIZED_WITHIN_C2_LIMIT,0.189026,2.366
4471,40000.0,0.02,greedy,ZYZZYVA,8.0,1.0,0.0603,1,1,1,FINALIZED_WITHIN_C2_LIMIT,0.240921,2.211
4472,40000.0,0.02,greedy,ZYZZYVA,8.0,1.0,0.0603,1,1,1,FINALIZED_WITHIN_C2_LIMIT,0.103044,2.246
4473,40000.0,0.02,greedy,ZYZZYVA,8.0,1.0,0.0729,1,1,1,FINALIZED_WITHIN_C2_LIMIT,0.159523,2.434
4474,40000.0,0.02,greedy,ZYZZYVA,8.0,1.0,0.0729,1,1,1,FINALIZED_WITHIN_C2_LIMIT,0.205147,2.245
4475,40000.0,0.02,greedy,ZYZZYVA,8.0,1.0,0.0729,1,1,1,FINALIZED_WITHIN_C2_LIMIT,0.065195,2.469
4476,40000.0,0.02,greedy,ZYZZYVA,8.0,1.0,0.0603,1,1,1,FINALIZED_WITHIN_C2_LIMIT,0.161198,2.621
4477,40000.0,0.02,greedy,ZYZZYVA,8.0,1.0,0.0603,1,1,1,FINALIZED_WITHIN_C2_LIMIT,0.269788,2.55
4478,17000.0,0.02,explore,PBFT,3.4,1.0,0.0362,1,1,1,FINALIZED_WITHIN_C2_LIMIT,0.09564,1.138
4479,40000.0,0.02,greedy,ZYZZYVA,8.0,1.0,0.0729,1,1,1,FINALIZED_WITHIN_C2_LIMIT,0.104257,2.287
4480,40000.0,0.02,greedy,ZYZZYVA,8.0,1.0,0.0729,1,1,1,FINALIZED_WITHIN_C2_LIMIT,0.197299,2.576
4481,40000.0,0.02,greedy,ZYZZYVA,8.0,1.0,0.0729,1,1,1,FINALIZED_WITHIN_C2_LIMIT,0.055945,2.718
4482,40000.0,0.02,greedy,ZYZZYVA,8.0,1.0,0.0729,1,1,1,FINALIZED_WITHIN_C2_LIMIT,0.147521,2.69
4483,40000.0,0.02,greedy,ZYZZYVA,8.0,1.0,0.0729,1,1,1,FINALIZED_WITHIN_C2_LIMIT,0.311767,2.579
4484,40000.0,0.02,greedy,LIU_QUORUM,8.0,1.0,0.0729,1,1,1,FINALIZED_WITHIN_C2_LIMIT,0.240832,2.698
4485,40000.0,0.02,greedy,LIU_QUORUM,8.0,1.0,0.0729,1,1,1,FINALIZED_WITHIN_C2_LIMIT,0.092117,2.305
4486,40000.0,0.02,greedy,ZYZZYVA,8.0,1.0,0.0729,1,1,1,FINALIZED_WITHIN_C2_LIMIT,0.14861,2.265
4487,40000.0,0.02,greedy,ZYZZYVA,8.0,1.0,0.0729,1,1,1,FINALIZED_WITHIN_C2_LIMIT,0.045356,2.56
4488,40000.0,0.02,greedy,ZYZZYVA,8.0,1.0,0.0729,1,1,1,FINALIZED_WITHIN_C2_LIMIT,0.203278,2.268
4489,40000.0,0.02,greedy,ZYZZYVA,8.0,1.0,0.0729,1,1,1,FINALIZED_WITHIN_C2_LIMIT,0.319184,2.214
4490,40000.0,0.02,greedy,ZYZZYVA,8.0,1.0,0.0729,1,1,1,FINALIZED_WITHIN_C2_LIMIT,0.126325,2.494
4491,40000.0,0.02,greedy,ZYZZYVA,8.0,1.0,0.0729,1,1,1,FINALIZED_WITHIN_C2_LIMIT,0.096135,2.235
4492,40000.0,0.02,greedy,ZYZZYVA,8.0,1.0,0.0729,1,1,1,FINALIZED_WITHIN_C2_LIMIT,0.171241,2.287
4493,40000.0,0.02,greedy,ZYZZYVA,8.0,1.0,0.0729,1,1,1,FINALIZED_WITHIN_C2_LIMIT,0.05165,2.47
4494,40000.0,0.02,greedy,ZYZZYVA,8.0,1.0,0.0729,1,1,1,FINALIZED_WITHIN_C2_LIMIT,0.199076,2.256
4495,40000.0,0.02,greedy,ZYZZYVA,8.0,1.0,0.0729,1,1,1,FINALIZED_WITHIN_C2_LIMIT,0.311043,2.118
4496,40000.0,0.02,greedy,ZYZZYVA,8.0,1.0,0.0729,1,1,1,FINALIZED_WITHIN_C2_LIMIT,0.124968,2.563
4497,40000.0,0.02,greedy,ZYZZYVA,8.0,1.0,0.0729,1,1,1,FINALIZED_WITHIN_C2_LIMIT,0.079773,2.196
4498,40000.0,0.02,greedy,ZYZZYVA,8.0,1.0,0.0729,1,1,1,FINALIZED_WITHIN_C2_LIMIT,0.22473,2.249
4499,40000.0,0.02,greedy,ZYZZYVA,8.0,1.0,0.0729,1,1,1,FINALIZED_WITHIN_C2_LIMIT,0.050582,2.494
4500,40000.0,0.02,greedy,ZYZZYVA,8.0,1.0,0.0729,1,1,1,FINALIZED_WITHIN_C2_LIMIT,0.259011,2.089
4501,40000.0,0.02,greedy,ZYZZYVA,8.0,1.0,0.0729,1,1,1,FINALIZED_WITHIN_C2_LIMIT,0.373885,2.136
4502,40000.0,0.02,greedy,ZYZZYVA,8.0,1.0,0.0729,1,1,1,FINALIZED_WITHIN_C2_LIMIT,0.17847,2.366
4503,40000.0,0.02,greedy,ZYZZYVA,8.0,1.0,0.0729,1,1,1,FINALIZED_WITHIN_C2_LIMIT,0.072812,2.277
4504,40000.0,0.02,greedy,ZYZZYVA,8.0,1.0,0.0729,1,1,1,FINALIZED_WITHIN_C2_LIMIT,0.130051,2.144
4505,40000.0,0.02,greedy,ZYZZYVA,8.0,1.0,0.0729,1,1,1,FINALIZED_WITHIN_C2_LIMIT,0.085875,2.011
4506,40000.0,0.02,greedy,ZYZZYVA,8.0,1.0,0.0729,1,1,1,FINALIZED_WITHIN_C2_LIMIT,0.160775,2.198
4507,40000.0,0.02,greedy,ZYZZYVA,8.0,1.0,0.0729,1,1,1,FINALIZED_WITHIN_C2_LIMIT,0.301019,1.992
4508,40000.0,0.02,greedy,ZYZZYVA,8.0,1.0,0.0729,1,1,1,FINALIZED_WITHIN_C2_LIMIT,0.115304,1.934
4509,40000.0,0.02,greedy,ZYZZYVA,8.0,1.0,0.0729,1,1,1,FINALIZED_WITHIN_C2_LIMIT,0.067972,2.086
4510,40000.0,0.02,greedy,ZYZZYVA,8.0,1.0,0.0729,1,1,1,FINALIZED_WITHIN_C2_LIMIT,0.16462,2.046
4511,40000.0,0.02,greedy,ZYZZYVA,8.0,1.0,0.0729,1,1,1,FINALIZED_WITHIN_C2_LIMIT,0.066025,2.351
4512,40000.0,0.02,greedy,ZYZZYVA,8.0,1.0,0.0729,1,1,1,FINALIZED_WITHIN_C2_LIMIT,0.214251,2.578
4513,40000.0,0.02,greedy,ZYZZYVA,8.0,1.0,0.0729,1,1,1,FINALIZED_WITHIN_C2_LIMIT,0.279787,2.59
4514,40000.0,0.02,greedy,ZYZZYVA,8.0,1.0,0.0729,1,1,1,FINALIZED_WITHIN_C2_LIMIT,0.161193,2.336
4515,40000.0,0.02,greedy,ZYZZYVA,8.0,1.0,0.0729,1,1,1,FINALIZED_WITHIN_C2_LIMIT,0.079389,2.575
4516,40000.0,0.02,greedy,ZYZZYVA,8.0,1.0,0.0729,1,1,1,FINALIZED_WITHIN_C2_LIMIT,0.166712,2.498
4517,40000.0,0.02,greedy,ZYZZYVA,8.0,1.0,0.0729,1,1,1,FINALIZED_WITHIN_C2_LIMIT,0.06815,2.418
4518,40000.0,0.02,greedy,ZYZZYVA,8.0,1.0,0.0729,1,1,1,FINALIZED_WITHIN_C2_LIMIT,0.21083,2.434
4519,40000.0,0.02,greedy,ZYZZYVA,8.0,1.0,0.0729,1,1,1,FINALIZED_WITHIN_C2_LIMIT,0.282035,2.313
4520,40000.0,0.02,greedy,ZYZZYVA,8.0,1.0,0.0729,1,1,1,FINALIZED_WITHIN_C2_LIMIT,0.149331,2.368
4521,40000.0,0.02,greedy,ZYZZYVA,8.0,1.0,0.0729,1,1,1,FINALIZED_WITHIN_C2_LIMIT,0.081966,2.491
4522,40000.0,0.02,greedy,ZYZZYVA,8.0,1.0,0.0729,1,1,1,FINALIZED_WITHIN_C2_LIMIT,0.138759,2.372
4523,40000.0,0.02,greedy,ZYZZYVA,8.0,1.0,0.0729,1,1,1,FINALIZED_WITHIN_C2_LIMIT,0.035624,2.517
4524,40000.0,0.02,greedy,ZYZZYVA,8.0,1.0,0.0729,1,1,1,FINALIZED_WITHIN_C2_LIMIT,0.279741,2.466
4525,40000.0,0.02,greedy,ZYZZYVA,8.0,1.0,0.0729,1,1,1,FINALIZED_WITHIN_C2_LIMIT,0.358659,2.521
4526,40000.0,0.02,greedy,ZYZZYVA,8.0,1.0,0.0729,1,1,1,FINALIZED_WITHIN_C2_LIMIT,0.216927,2.414
4527,40000.0,0.02,greedy,ZYZZYVA,8.0,1.0,0.0729,1,1,1,FINALIZED_WITHIN_C2_LIMIT,0.071788,2.102
4528,40000.0,0.02,greedy,ZYZZYVA,8.0,1.0,0.0729,1,1,1,FINALIZED_WITHIN_C2_LIMIT,0.136689,2.505
4529,40000.0,0.02,greedy,ZYZZYVA,8.0,1.0,0.0729,1,1,1,FINALIZED_WITHIN_C2_LIMIT,0.042506,2.549
4530,40000.0,0.02,greedy,ZYZZYVA,8.0,1.0,0.0729,1,1,1,FINALIZED_WITHIN_C2_LIMIT,0.271702,2.431
4531,40000.0,0.02,greedy,ZYZZYVA,8.0,1.0,0.0729,1,1,1,FINALIZED_WITHIN_C2_LIMIT,0.458483,2.354
4532,40000.0,0.02,greedy,ZYZZYVA,8.0,1.0,0.0729,1,1,1,FINALIZED_WITHIN_C2_LIMIT,0.249641,2.559
4533,30000.0,0.02,explore,LIU_QUORUM,6.0,1.0,0.0787,1,1,1,FINALIZED_WITHIN_C2_LIMIT,0.06254,1.799
4534,40000.0,0.02,greedy,ZYZZYVA,8.0,1.0,0.0729,1,1,1,FINALIZED_WITHIN_C2_LIMIT,0.128141,2.128
4535,40000.0,0.02,greedy,ZYZZYVA,8.0,1.0,0.0729,1,1,1,FINALIZED_WITHIN_C2_LIMIT,0.031143,2.008
4536,40000.0,0.02,greedy,ZYZZYVA,8.0,1.0,0.0729,1,1,1,FINALIZED_WITHIN_C2_LIMIT,0.226565,2.246
4537,40000.0,0.02,greedy,ZYZZYVA,8.0,1.0,0.0729,1,1,1,FINALIZED_WITHIN_C2_LIMIT,0.383755,2.145
4538,40000.0,0.02,greedy,ZYZZYVA,8.0,1.0,0.0729,1,1,1,FINALIZED_WITHIN_C2_LIMIT,0.153508,3.106
4539,40000.0,0.02,greedy,ZYZZYVA,8.0,1.0,0.0729,1,1,1,FINALIZED_WITHIN_C2_LIMIT,0.048882,1.947
4540,40000.0,0.02,greedy,ZYZZYVA,8.0,1.0,0.0729,1,1,1,FINALIZED_WITHIN_C2_LIMIT,0.148646,2.33
4541,40000.0,0.02,greedy,ZYZZYVA,8.0,1.0,0.0729,1,1,1,FINALIZED_WITHIN_C2_LIMIT,0.037883,2.258
4542,40000.0,0.02,greedy,ZYZZYVA,8.0,1.0,0.0729,1,1,1,FINALIZED_WITHIN_C2_LIMIT,0.226187,2.267
4543,40000.0,0.02,greedy,ZYZZYVA,8.0,1.0,0.0729,1,1,1,FINALIZED_WITHIN_C2_LIMIT,0.386468,2.171
4544,40000.0,0.02,greedy,ZYZZYVA,8.0,1.0,0.0729,1,1,1,FINALIZED_WITHIN_C2_LIMIT,0.183718,2.453
4545,40000.0,0.02,greedy,ZYZZYVA,8.0,1.0,0.0729,1,1,1,FINALIZED_WITHIN_C2_LIMIT,0.052158,2.251
4546,40000.0,0.02,greedy,ZYZZYVA,8.0,1.0,0.0729,1,1,1,FINALIZED_WITHIN_C2_LIMIT,0.151484,2.445
4547,40000.0,0.02,greedy,ZYZZYVA,8.0,1.0,0.0729,1,1,1,FINALIZED_WITHIN_C2_LIMIT,0.043718,2.382
4548,40000.0,0.02,greedy,ZYZZYVA,8.0,1.0,0.0729,1,1,1,FINALIZED_WITHIN_C2_LIMIT,0.214412,2.261
4549,40000.0,0.02,greedy,ZYZZYVA,8.0,1.0,0.0729,1,1,1,FINALIZED_WITHIN_C2_LIMIT,0.59878,2.275
4550,40000.0,0.02,greedy,ZYZZYVA,8.0,1.0,0.0729,1,1,1,FINALIZED_WITHIN_C2_LIMIT,0.258197,2.64
4551,40000.0,0.02,greedy,ZYZZYVA,8.0,1.0,0.0729,1,1,1,FINALIZED_WITHIN_C2_LIMIT,0.074364,2.288
4552,0.0,0.02,explore,ZYZZYVA,7.6,1.0,0.2811,0,1,1,FINALIZED_WITHIN_C2_LIMIT,0.112768,2.051
4553,40000.0,0.02,greedy,ZYZZYVA,8.0,1.0,0.0729,1,1,1,FINALIZED_WITHIN_C2_LIMIT,0.033992,2.198
4554,40000.0,0.02,greedy,ZYZZYVA,8.0,1.0,0.0729,1,1,1,FINALIZED_WITHIN_C2_LIMIT,0.257787,2.07
4555,40000.0,0.02,greedy,ZYZZYVA,8.0,1.0,0.0729,1,1,1,FINALIZED_WITHIN_C2_LIMIT,0.431033,2.297
4556,40000.0,0.02,greedy,ZYZZYVA,8.0,1.0,0.0729,1,1,1,FINALIZED_WITHIN_C2_LIMIT,0.192379,2.028
4557,40000.0,0.02,greedy,ZYZZYVA,8.0,1.0,0.0729,1,1,1,FINALIZED_WITHIN_C2_LIMIT,0.097988,2.151
4558,40000.0,0.02,greedy,ZYZZYVA,8.0,1.0,0.0729,1,1,1,FINALIZED_WITHIN_C2_LIMIT,0.143817,1.901
4559,40000.0,0.02,explore,ZYZZYVA,8.0,1.0,0.0298,1,1,1,FINALIZED_WITHIN_C2_LIMIT,0.03224,2.395
4560,40000.0,0.02,greedy,ZYZZYVA,8.0,1.0,0.0729,1,1,1,FINALIZED_WITHIN_C2_LIMIT,0.284994,2.113
4561,40000.0,0.02,greedy,ZYZZYVA,8.0,1.0,0.0729,1,1,1,FINALIZED_WITHIN_C2_LIMIT,0.403263,2.135
4562,40000.0,0.02,greedy,ZYZZYVA,8.0,1.0,0.0729,1,1,1,FINALIZED_WITHIN_C2_LIMIT,0.165979,2.303
4563,40000.0,0.02,greedy,ZYZZYVA,8.0,1.0,0.0729,1,1,1,FINALIZED_WITHIN_C2_LIMIT,0.061751,2.386
4564,40000.0,0.02,greedy,ZYZZYVA,8.0,1.0,0.0729,1,1,1,FINALIZED_WITHIN_C2_LIMIT,0.144439,2.29
4565,40000.0,0.02,greedy,ZYZZYVA,8.0,1.0,0.0729,1,1,1,FINALIZED_WITHIN_C2_LIMIT,0.05592,2.107
4566,40000.0,0.02,greedy,ZYZZYVA,8.0,1.0,0.0729,1,1,1,FINALIZED_WITHIN_C2_LIMIT,0.247435,2.313
4567,40000.0,0.02,greedy,ZYZZYVA,8.0,1.0,0.0729,1,1,1,FINALIZED_WITHIN_C2_LIMIT,0.374798,2.035
4568,40000.0,0.02,greedy,ZYZZYVA,8.0,1.0,0.0729,1,1,1,FINALIZED_WITHIN_C2_LIMIT,0.217425,2.285
4569,40000.0,0.02,greedy,ZYZZYVA,8.0,1.0,0.0729,1,1,1,FINALIZED_WITHIN_C2_LIMIT,0.068915,2.185
4570,40000.0,0.02,greedy,ZYZZYVA,8.0,1.0,0.0729,1,1,1,FINALIZED_WITHIN_C2_LIMIT,0.123398,2.498
4571,40000.0,0.02,greedy,ZYZZYVA,8.0,1.0,0.0729,1,1,1,FINALIZED_WITHIN_C2_LIMIT,0.039621,2.35
4572,40000.0,0.02,greedy,ZYZZYVA,8.0,1.0,0.0729,1,1,1,FINALIZED_WITHIN_C2_LIMIT,0.216776,2.221
4573,40000.0,0.02,greedy,ZYZZYVA,8.0,1.0,0.0729,1,1,1,FINALIZED_WITHIN_C2_LIMIT,0.354302,2.142
4574,40000.0,0.02,greedy,ZYZZYVA,8.0,1.0,0.0729,1,1,1,FINALIZED_WITHIN_C2_LIMIT,0.194268,2.571
4575,40000.0,0.02,greedy,ZYZZYVA,8.0,1.0,0.0729,1,1,1,FINALIZED_WITHIN_C2_LIMIT,0.07798,2.365
4576,40000.0,0.02,greedy,ZYZZYVA,8.0,1.0,0.0729,1,1,1,FINALIZED_WITHIN_C2_LIMIT,0.116552,2.437
4577,40000.0,0.02,greedy,ZYZZYVA,8.0,1.0,0.0729,1,1,1,FINALIZED_WITHIN_C2_LIMIT,0.087578,2.505
4578,40000.0,0.02,greedy,ZYZZYVA,8.0,1.0,0.0729,1,1,1,FINALIZED_WITHIN_C2_LIMIT,0.176383,2.563
4579,40000.0,0.02,greedy,ZYZZYVA,8.0,1.0,0.0725,1,1,1,FINALIZED_WITHIN_C2_LIMIT,0.290899,2.294
4580,40000.0,0.02,greedy,ZYZZYVA,8.0,1.0,0.0603,1,1,1,FINALIZED_WITHIN_C2_LIMIT,0.101036,2.515
4581,40000.0,0.02,greedy,ZYZZYVA,8.0,1.0,0.0603,1,1,1,FINALIZED_WITHIN_C2_LIMIT,0.15445,2.18
4582,40000.0,0.02,greedy,ZYZZYVA,8.0,1.0,0.0603,1,1,1,FINALIZED_WITHIN_C2_LIMIT,0.362142,2.496
4583,40000.0,0.02,greedy,ZYZZYVA,8.0,1.0,0.0603,1,1,1,FINALIZED_WITHIN_C2_LIMIT,0.140088,2.082
4584,40000.0,0.02,greedy,ZYZZYVA,8.0,1.0,0.0603,1,1,1,FINALIZED_WITHIN_C2_LIMIT,0.078967,2.46
4585,40000.0,0.02,greedy,ZYZZYVA,8.0,1.0,0.0603,1,1,1,FINALIZED_WITHIN_C2_LIMIT,0.117233,2.281
4586,40000.0,0.02,greedy,ZYZZYVA,8.0,1.0,0.0603,1,1,1,FINALIZED_WITHIN_C2_LIMIT,0.075184,2.426
4587,40000.0,0.02,greedy,ZYZZYVA,8.0,1.0,0.0603,1,1,1,FINALIZED_WITHIN_C2_LIMIT,0.290022,2.317
4588,40000.0,0.02,greedy,ZYZZYVA,8.0,1.0,0.0603,1,1,1,FINALIZED_WITHIN_C2_LIMIT,0.510942,2.584
4589,40000.0,0.02,greedy,ZYZZYVA,8.0,1.0,0.0603,1,1,1,FINALIZED_WITHIN_C2_LIMIT,0.293871,2.225
4590,40000.0,0.02,greedy,ZYZZYVA,8.0,1.0,0.0603,1,1,1,FINALIZED_WITHIN_C2_LIMIT,0.065251,2.164
4591,40000.0,0.02,greedy,ZYZZYVA,8.0,1.0,0.0603,1,1,1,FINALIZED_WITHIN_C2_LIMIT,0.069551,2.443
4592,40000.0,0.02,greedy,ZYZZYVA,8.0,1.0,0.0603,1,1,1,FINALIZED_WITHIN_C2_LIMIT,0.059879,2.273
4593,40000.0,0.02,greedy,ZYZZYVA,8.0,1.0,0.0603,1,1,1,FINALIZED_WITHIN_C2_LIMIT,0.041595,2.235
4594,40000.0,0.02,greedy,ZYZZYVA,8.0,1.0,0.0603,1,1,1,FINALIZED_WITHIN_C2_LIMIT,0.035664,2.236
4595,40000.0,0.02,greedy,ZYZZYVA,8.0,1.0,0.0603,1,1,1,FINALIZED_WITHIN_C2_LIMIT,0.048847,2.354
4596,40000.0,0.02,greedy,ZYZZYVA,8.0,1.0,0.0603,1,1,1,FINALIZED_WITHIN_C2_LIMIT,0.076976,2.595
4597,40000.0,0.02,greedy,ZYZZYVA,8.0,1.0,0.0603,1,1,1,FINALIZED_WITHIN_C2_LIMIT,0.059116,2.661
4598,10000.0,0.02,explore,ZYZZYVA,2.0,1.0,0.068,1,1,1,FINALIZED_WITHIN_C2_LIMIT,0.205902,0.954
4599,40000.0,0.02,greedy,ZYZZYVA,8.0,1.0,0.0603,1,1,1,FINALIZED_WITHIN_C2_LIMIT,0.043008,2.443
4600,40000.0,0.02,greedy,ZYZZYVA,8.0,1.0,0.0603,1,1,1,FINALIZED_WITHIN_C2_LIMIT,0.166283,2.692
4601,40000.0,0.02,greedy,ZYZZYVA,8.0,1.0,0.0603,1,1,1,FINALIZED_WITHIN_C2_LIMIT,0.198344,2.53
4602,40000.0,0.02,greedy,ZYZZYVA,8.0,1.0,0.0603,1,1,1,FINALIZED_WITHIN_C2_LIMIT,0.029548,2.396
4603,40000.0,0.02,greedy,ZYZZYVA,8.0,1.0,0.0603,1,1,1,FINALIZED_WITHIN_C2_LIMIT,0.362996,2.519
4604,40000.0,0.02,greedy,ZYZZYVA,8.0,1.0,0.0603,1,1,1,FINALIZED_WITHIN_C2_LIMIT,0.717831,2.66
4605,40000.0,0.02,greedy,ZYZZYVA,8.0,1.0,0.0603,1,1,1,FINALIZED_WITHIN_C2_LIMIT,0.432746,2.38
4606,40000.0,0.02,greedy,ZYZZYVA,8.0,1.0,0.0603,1,1,1,FINALIZED_WITHIN_C2_LIMIT,0.065733,2.135
4607,40000.0,0.02,greedy,ZYZZYVA,8.0,1.0,0.0603,1,1,1,FINALIZED_WITHIN_C2_LIMIT,0.471889,2.492
4608,40000.0,0.02,greedy,ZYZZYVA,8.0,1.0,0.0603,1,1,1,FINALIZED_WITHIN_C2_LIMIT,1.124311,2.48
4609,40000.0,0.02,greedy,ZYZZYVA,8.0,1.0,0.0603,1,1,1,FINALIZED_WITHIN_C2_LIMIT,1.086282,2.338
4610,40000.0,0.02,greedy,ZYZZYVA,8.0,1.0,0.0603,1,1,1,FINALIZED_WITHIN_C2_LIMIT,0.419441,2.376
4611,3000.0,0.02,explore,ZYZZYVA,0.6,1.0,0.0684,1,1,1,FINALIZED_WITHIN_C2_LIMIT,0.025731,0.374
4612,40000.0,0.02,greedy,ZYZZYVA,8.0,1.0,0.0603,1,1,1,FINALIZED_WITHIN_C2_LIMIT,0.183998,2.526
4613,40000.0,0.02,greedy,ZYZZYVA,8.0,1.0,0.0603,1,1,1,FINALIZED_WITHIN_C2_LIMIT,0.092282,2.302
4614,40000.0,0.02,greedy,ZYZZYVA,8.0,1.0,0.0603,1,1,1,FINALIZED_WITHIN_C2_LIMIT,0.072485,2.11
4615,40000.0,0.02,greedy,ZYZZYVA,8.0,1.0,0.0603,1,1,1,FINALIZED_WITHIN_C2_LIMIT,0.148231,2.067
4616,40000.0,0.02,greedy,ZYZZYVA,8.0,1.0,0.0603,1,1,1,FINALIZED_WITHIN_C2_LIMIT,0.045838,2.83
4617,40000.0,0.02,greedy,ZYZZYVA,8.0,1.0,0.0603,1,1,1,FINALIZED_WITHIN_C2_LIMIT,0.027469,2.606
4618,40000.0,0.02,greedy,ZYZZYVA,8.0,1.0,0.0603,1,1,1,FINALIZED_WITHIN_C2_LIMIT,0.128532,2.658
4619,40000.0,0.02,greedy,ZYZZYVA,8.0,1.0,0.0603,1,1,1,FINALIZED_WITHIN_C2_LIMIT,0.082515,2.534
4620,40000.0,0.02,greedy,ZYZZYVA,8.0,1.0,0.0603,1,1,1,FINALIZED_WITHIN_C2_LIMIT,0.106343,2.367
4621,40000.0,0.02,greedy,ZYZZYVA,8.0,1.0,0.0603,1,1,1,FINALIZED_WITHIN_C2_LIMIT,0.09956,2.376
4622,40000.0,0.02,greedy,ZYZZYVA,8.0,1.0,0.0603,1,1,1,FINALIZED_WITHIN_C2_LIMIT,0.026639,2.285
4623,40000.0,0.02,greedy,ZYZZYVA,8.0,1.0,0.0603,1,1,1,FINALIZED_WITHIN_C2_LIMIT,0.04407,2.219
4624,40000.0,0.02,greedy,ZYZZYVA,8.0,1.0,0.0603,1,1,1,FINALIZED_WITHIN_C2_LIMIT,0.090589,2.115
4625,40000.0,0.02,greedy,ZYZZYVA,8.0,1.0,0.0603,1,1,1,FINALIZED_WITHIN_C2_LIMIT,0.069695,2.374
4626,40000.0,0.02,greedy,ZYZZYVA,8.0,1.0,0.0603,1,1,1,FINALIZED_WITHIN_C2_LIMIT,0.140899,2.53
4627,40000.0,0.02,greedy,ZYZZYVA,8.0,1.0,0.0603,1,1,1,FINALIZED_WITHIN_C2_LIMIT,0.195064,2.511
4628,40000.0,0.02,greedy,ZYZZYVA,8.0,1.0,0.0603,1,1,1,FINALIZED_WITHIN_C2_LIMIT,0.026215,2.465
4629,40000.0,0.02,greedy,ZYZZYVA,8.0,1.0,0.0603,1,1,1,FINALIZED_WITHIN_C2_LIMIT,0.192609,2.313
4630,40000.0,0.02,greedy,ZYZZYVA,8.0,1.0,0.0603,1,1,1,FINALIZED_WITHIN_C2_LIMIT,0.15987,2.36
4631,40000.0,0.02,greedy,ZYZZYVA,8.0,1.0,0.0603,1,1,1,FINALIZED_WITHIN_C2_LIMIT,0.027068,2.457
4632,40000.0,0.02,greedy,ZYZZYVA,8.0,1.0,0.0603,1,1,1,FINALIZED_WITHIN_C2_LIMIT,0.029285,2.336
4633,40000.0,0.02,greedy,ZYZZYVA,8.0,1.0,0.0603,1,1,1,FINALIZED_WITHIN_C2_LIMIT,0.083894,2.332
4634,40000.0,0.02,greedy,ZYZZYVA,8.0,1.0,0.0603,1,1,1,FINALIZED_WITHIN_C2_LIMIT,0.02729,2.04
4635,40000.0,0.02,greedy,ZYZZYVA,8.0,1.0,0.0603,1,1,1,FINALIZED_WITHIN_C2_LIMIT,0.166878,2.369
4636,40000.0,0.02,greedy,ZYZZYVA,8.0,1.0,0.0603,1,1,1,FINALIZED_WITHIN_C2_LIMIT,0.174447,2.579
4637,40000.0,0.02,greedy,ZYZZYVA,8.0,1.0,0.0603,1,1,1,FINALIZED_WITHIN_C2_LIMIT,0.039096,2.423
4638,40000.0,0.02,greedy,ZYZZYVA,8.0,1.0,0.0603,1,1,1,FINALIZED_WITHIN_C2_LIMIT,0.324511,2.463
4639,40000.0,0.02,greedy,ZYZZYVA,8.0,1.0,0.0603,1,1,1,FINALIZED_WITHIN_C2_LIMIT,0.601333,2.351
4640,40000.0,0.02,greedy,ZYZZYVA,8.0,1.0,0.0603,1,1,1,FINALIZED_WITHIN_C2_LIMIT,0.402644,2.422
4641,40000.0,0.02,greedy,ZYZZYVA,8.0,1.0,0.0603,1,1,1,FINALIZED_WITHIN_C2_LIMIT,0.02871,2.89
4642,40000.0,0.02,greedy,ZYZZYVA,8.0,1.0,0.0603,1,1,1,FINALIZED_WITHIN_C2_LIMIT,0.527166,3.076
4643,40000.0,0.02,greedy,ZYZZYVA,8.0,1.0,0.0603,1,1,1,FINALIZED_WITHIN_C2_LIMIT,1.152629,2.773
4644,22000.0,0.02,explore,ZYZZYVA,4.4,1.0,0.0881,1,1,1,FINALIZED_WITHIN_C2_LIMIT,1.19494,1.33
4645,40000.0,0.02,greedy,ZYZZYVA,8.0,1.0,0.0603,1,1,1,FINALIZED_WITHIN_C2_LIMIT,0.486181,2.586
4646,40000.0,0.02,greedy,ZYZZYVA,8.0,1.0,0.0603,1,1,1,FINALIZED_WITHIN_C2_LIMIT,0.027339,2.264
4647,40000.0,0.02,greedy,ZYZZYVA,8.0,1.0,0.0603,1,1,1,FINALIZED_WITHIN_C2_LIMIT,0.593033,2.45
4648,40000.0,0.02,greedy,ZYZZYVA,8.0,1.0,0.0603,1,1,1,FINALIZED_WITHIN_C2_LIMIT,1.130615,2.43
4649,40000.0,0.02,greedy,ZYZZYVA,8.0,1.0,0.0603,1,1,1,FINALIZED_WITHIN_C2_LIMIT,0.944633,2.523
4650,40000.0,0.02,greedy,ZYZZYVA,8.0,1.0,0.0603,1,1,1,FINALIZED_WITHIN_C2_LIMIT,0.323208,2.324
4651,40000.0,0.02,greedy,ZYZZYVA,8.0,1.0,0.0603,1,1,1,FINALIZED_WITHIN_C2_LIMIT,0.086854,2.203
4652,40000.0,0.02,greedy,ZYZZYVA,8.0,1.0,0.0603,1,1,1,FINALIZED_WITHIN_C2_LIMIT,0.291018,2.115
4653,40000.0,0.02,greedy,ZYZZYVA,8.0,1.0,0.0603,1,1,1,FINALIZED_WITHIN_C2_LIMIT,0.217423,2.663
4654,40000.0,0.02,greedy,ZYZZYVA,8.0,1.0,0.0603,1,1,1,FINALIZED_WITHIN_C2_LIMIT,0.068015,2.716
4655,40000.0,0.02,greedy,ZYZZYVA,8.0,1.0,0.0729,1,1,1,FINALIZED_WITHIN_C2_LIMIT,0.492778,2.541
4656,40000.0,0.02,greedy,ZYZZYVA,8.0,1.0,0.0729,1,1,1,FINALIZED_WITHIN_C2_LIMIT,1.09701,2.37
4657,40000.0,0.02,greedy,ZYZZYVA,8.0,1.0,0.0603,1,1,1,FINALIZED_WITHIN_C2_LIMIT,0.896806,2.739
4658,40000.0,0.02,greedy,ZYZZYVA,8.0,1.0,0.0603,1,1,1,FINALIZED_WITHIN_C2_LIMIT,0.300815,2.287
4659,40000.0,0.02,greedy,ZYZZYVA,8.0,1.0,0.0603,1,1,1,FINALIZED_WITHIN_C2_LIMIT,0.069257,2.26
4660,40000.0,0.02,greedy,ZYZZYVA,8.0,1.0,0.0603,1,1,1,FINALIZED_WITHIN_C2_LIMIT,0.315829,2.305
4661,40000.0,0.02,greedy,ZYZZYVA,8.0,1.0,0.0603,1,1,1,FINALIZED_WITHIN_C2_LIMIT,0.229744,2.516
4662,40000.0,0.02,greedy,ZYZZYVA,8.0,1.0,0.0603,1,1,1,FINALIZED_WITHIN_C2_LIMIT,0.069573,2.513
4663,40000.0,0.02,greedy,ZYZZYVA,8.0,1.0,0.0603,1,1,1,FINALIZED_WITHIN_C2_LIMIT,0.449589,2.534
4664,40000.0,0.02,greedy,ZYZZYVA,8.0,1.0,0.0603,1,1,1,FINALIZED_WITHIN_C2_LIMIT,1.011578,2.514
4665,40000.0,0.02,greedy,ZYZZYVA,8.0,1.0,0.0603,1,1,1,FINALIZED_WITHIN_C2_LIMIT,0.803666,2.901
4666,40000.0,0.02,greedy,ZYZZYVA,8.0,1.0,0.0603,1,1,1,FINALIZED_WITHIN_C2_LIMIT,0.230772,2.349
4667,40000.0,0.02,greedy,ZYZZYVA,8.0,1.0,0.0603,1,1,1,FINALIZED_WITHIN_C2_LIMIT,0.146758,2.489
4668,40000.0,0.02,greedy,ZYZZYVA,8.0,1.0,0.0603,1,1,1,FINALIZED_WITHIN_C2_LIMIT,0.366899,2.427
4669,40000.0,0.02,greedy,ZYZZYVA,8.0,1.0,0.0603,1,1,1,FINALIZED_WITHIN_C2_LIMIT,0.240817,2.656
4670,40000.0,0.02,greedy,ZYZZYVA,8.0,1.0,0.0603,1,1,1,FINALIZED_WITHIN_C2_LIMIT,0.063119,2.188
4671,40000.0,0.02,greedy,ZYZZYVA,8.0,1.0,0.0603,1,1,1,FINALIZED_WITHIN_C2_LIMIT,0.401128,2.102
4672,40000.0,0.02,greedy,ZYZZYVA,8.0,1.0,0.0603,1,1,1,FINALIZED_WITHIN_C2_LIMIT,0.754273,2.157
4673,40000.0,0.02,greedy,ZYZZYVA,8.0,1.0,0.0603,1,1,1,FINALIZED_WITHIN_C2_LIMIT,0.690269,2.398
4674,40000.0,0.02,greedy,ZYZZYVA,8.0,1.0,0.0603,1,1,1,FINALIZED_WITHIN_C2_LIMIT,0.190976,1.921
4675,40000.0,0.02,greedy,ZYZZYVA,8.0,1.0,0.0603,1,1,1,FINALIZED_WITHIN_C2_LIMIT,0.156837,2.451
4676,40000.0,0.02,greedy,ZYZZYVA,8.0,1.0,0.0603,1,1,1,FINALIZED_WITHIN_C2_LIMIT,0.435352,2.209
4677,40000.0,0.02,greedy,LIU_QUORUM,8.0,1.0,0.0603,1,1,1,FINALIZED_WITHIN_C2_LIMIT,0.376589,2.504
4678,40000.0,0.02,greedy,LIU_QUORUM,8.0,1.0,0.0603,1,1,1,FINALIZED_WITHIN_C2_LIMIT,0.06655,2.602
4679,40000.0,0.02,greedy,LIU_QUORUM,8.0,1.0,0.0603,1,1,1,FINALIZED_WITHIN_C2_LIMIT,0.364492,2.55
4680,40000.0,0.02,greedy,ZYZZYVA,8.0,1.0,0.0603,1,1,1,FINALIZED_WITHIN_C2_LIMIT,0.798421,2.473
4681,40000.0,0.02,greedy,ZYZZYVA,8.0,1.0,0.0603,1,1,1,FINALIZED_WITHIN_C2_LIMIT,0.676375,2.833
4682,40000.0,0.02,greedy,ZYZZYVA,8.0,1.0,0.0603,1,1,1,FINALIZED_WITHIN_C2_LIMIT,0.19547,2.929
4683,40000.0,0.02,greedy,ZYZZYVA,8.0,1.0,0.0603,1,1,1,FINALIZED_WITHIN_C2_LIMIT,0.126132,2.713
4684,40000.0,0.02,greedy,ZYZZYVA,8.0,1.0,0.0603,1,1,1,FINALIZED_WITHIN_C2_LIMIT,0.448127,2.695
4685,40000.0,0.02,greedy,ZYZZYVA,8.0,1.0,0.0603,1,1,1,FINALIZED_WITHIN_C2_LIMIT,0.345285,2.536
4686,40000.0,0.02,greedy,ZYZZYVA,8.0,1.0,0.0603,1,1,1,FINALIZED_WITHIN_C2_LIMIT,0.041494,2.41
4687,40000.0,0.02,greedy,ZYZZYVA,8.0,1.0,0.0603,1,1,1,FINALIZED_WITHIN_C2_LIMIT,0.353602,2.676
4688,40000.0,0.02,greedy,ZYZZYVA,8.0,1.0,0.0603,1,1,1,FINALIZED_WITHIN_C2_LIMIT,0.734391,2.446
4689,40000.0,0.02,greedy,ZYZZYVA,8.0,1.0,0.0603,1,1,1,FINALIZED_WITHIN_C2_LIMIT,0.625552,2.489
4690,40000.0,0.02,greedy,ZYZZYVA,8.0,1.0,0.0603,1,1,1,FINALIZED_WITHIN_C2_LIMIT,0.162297,2.597
4691,40000.0,0.02,greedy,ZYZZYVA,8.0,1.0,0.0603,1,1,1,FINALIZED_WITHIN_C2_LIMIT,0.172495,2.389
4692,40000.0,0.02,greedy,ZYZZYVA,8.0,1.0,0.0603,1,1,1,FINALIZED_WITHIN_C2_LIMIT,0.469677,2.431
4693,40000.0,0.02,greedy,ZYZZYVA,8.0,1.0,0.0603,1,1,1,FINALIZED_WITHIN_C2_LIMIT,0.444994,2.566
4694,40000.0,0.02,greedy,ZYZZYVA,8.0,1.0,0.0603,1,1,1,FINALIZED_WITHIN_C2_LIMIT,0.113429,2.572
4695,40000.0,0.02,greedy,ZYZZYVA,8.0,1.0,0.0603,1,1,1,FINALIZED_WITHIN_C2_LIMIT,0.321897,2.414
4696,40000.0,0.02,greedy,ZYZZYVA,8.0,1.0,0.0603,1,1,1,FINALIZED_WITHIN_C2_LIMIT,0.67193,2.424
4697,40000.0,0.02,greedy,ZYZZYVA,8.0,1.0,0.0603,1,1,1,FINALIZED_WITHIN_C2_LIMIT,0.575799,2.372
4698,40000.0,0.02,greedy,ZYZZYVA,8.0,1.0,0.0603,1,1,1,FINALIZED_WITHIN_C2_LIMIT,0.138976,2.322
4699,40000.0,0.02,greedy,ZYZZYVA,8.0,1.0,0.0603,1,1,1,FINALIZED_WITHIN_C2_LIMIT,0.023608,2.403
4700,40000.0,0.02,greedy,ZYZZYVA,8.0,1.0,0.0603,1,1,1,FINALIZED_WITHIN_C2_LIMIT,1.031843,2.248
4701,40000.0,0.02,greedy,ZYZZYVA,8.0,1.0,0.0603,1,1,1,FINALIZED_WITHIN_C2_LIMIT,2.564337,2.437
4702,40000.0,0.02,greedy,ZYZZYVA,8.0,1.0,0.0603,1,1,1,FINALIZED_WITHIN_C2_LIMIT,3.09091,2.483
4703,40000.0,0.02,greedy,ZYZZYVA,8.0,1.0,0.0603,1,1,1,FINALIZED_WITHIN_C2_LIMIT,2.249868,2.556
4704,40000.0,0.02,greedy,ZYZZYVA,8.0,1.0,0.0603,1,1,1,FINALIZED_WITHIN_C2_LIMIT,1.024997,2.515
4705,40000.0,0.02,greedy,ZYZZYVA,8.0,1.0,0.0603,1,1,1,FINALIZED_WITHIN_C2_LIMIT,0.068946,2.418
4706,40000.0,0.02,greedy,ZYZZYVA,8.0,1.0,0.0603,1,1,1,FINALIZED_WITHIN_C2_LIMIT,0.914109,2.477
4707,40000.0,0.02,greedy,ZYZZYVA,8.0,1.0,0.0603,1,1,1,FINALIZED_WITHIN_C2_LIMIT,2.418673,2.31
4708,40000.0,0.02,greedy,ZYZZYVA,8.0,1.0,0.0603,1,1,1,FINALIZED_WITHIN_C2_LIMIT,3.097862,2.329
4709,40000.0,0.02,greedy,ZYZZYVA,8.0,1.0,0.0603,1,1,1,FINALIZED_WITHIN_C2_LIMIT,2.798562,2.642
4710,19000.0,0.02,explore,ZYZZYVA,3.8,1.0,0.1368,1,1,1,FINALIZED_WITHIN_C2_LIMIT,1.389569,1.205
4711,40000.0,0.02,greedy,ZYZZYVA,8.0,1.0,0.0603,1,1,1,FINALIZED_WITHIN_C2_LIMIT,0.190893,2.173
4712,40000.0,0.02,greedy,ZYZZYVA,8.0,1.0,0.0603,1,1,1,FINALIZED_WITHIN_C2_LIMIT,0.512562,1.96
4713,40000.0,0.02,greedy,ZYZZYVA,8.0,1.0,0.0603,1,1,1,FINALIZED_WITHIN_C2_LIMIT,1.64325,2.077
4714,40000.0,0.02,greedy,ZYZZYVA,8.0,1.0,0.0603,1,1,1,FINALIZED_WITHIN_C2_LIMIT,2.341695,1.864
4715,40000.0,0.02,greedy,ZYZZYVA,8.0,1.0,0.0603,1,1,1,FINALIZED_WITHIN_C2_LIMIT,1.660818,2.201
4716,40000.0,0.02,greedy,ZYZZYVA,8.0,1.0,0.0603,1,1,1,FINALIZED_WITHIN_C2_LIMIT,0.766014,2.198
4717,40000.0,0.02,greedy,ZYZZYVA,8.0,1.0,0.0603,1,1,1,FINALIZED_WITHIN_C2_LIMIT,0.035702,2.401
4718,40000.0,0.02,greedy,ZYZZYVA,8.0,1.0,0.0603,1,1,1,FINALIZED_WITHIN_C2_LIMIT,0.994349,1.955
4719,40000.0,0.02,greedy,ZYZZYVA,8.0,1.0,0.0603,1,1,1,FINALIZED_WITHIN_C2_LIMIT,2.180784,2.216
4720,40000.0,0.02,greedy,ZYZZYVA,8.0,1.0,0.0603,1,1,1,FINALIZED_WITHIN_C2_LIMIT,2.342251,1.92
4721,40000.0,0.02,greedy,ZYZZYVA,8.0,1.0,0.0603,1,1,1,FINALIZED_WITHIN_C2_LIMIT,1.736534,2.132
4722,40000.0,0.02,greedy,ZYZZYVA,8.0,1.0,0.0603,1,1,1,FINALIZED_WITHIN_C2_LIMIT,0.656179,2.035
4723,40000.0,0.02,greedy,ZYZZYVA,8.0,1.0,0.0603,1,1,1,FINALIZED_WITHIN_C2_LIMIT,0.026065,2.307
4724,40000.0,0.02,greedy,ZYZZYVA,8.0,1.0,0.0603,1,1,1,FINALIZED_WITHIN_C2_LIMIT,0.261864,1.946
4725,40000.0,0.02,greedy,ZYZZYVA,8.0,1.0,0.0603,1,1,1,FINALIZED_WITHIN_C2_LIMIT,0.339505,2.123
4726,40000.0,0.02,greedy,ZYZZYVA,8.0,1.0,0.0603,1,1,1,FINALIZED_WITHIN_C2_LIMIT,0.065836,2.059
4727,40000.0,0.02,greedy,ZYZZYVA,8.0,1.0,0.0603,1,1,1,FINALIZED_WITHIN_C2_LIMIT,0.164899,2.165
4728,40000.0,0.02,greedy,ZYZZYVA,8.0,1.0,0.0603,1,1,1,FINALIZED_WITHIN_C2_LIMIT,0.362653,1.97
4729,40000.0,0.02,greedy,ZYZZYVA,8.0,1.0,0.0603,1,1,1,FINALIZED_WITHIN_C2_LIMIT,0.224414,2.192
4730,40000.0,0.02,greedy,ZYZZYVA,8.0,1.0,0.0603,1,1,1,FINALIZED_WITHIN_C2_LIMIT,0.013114,2.197
4731,40000.0,0.02,greedy,ZYZZYVA,8.0,1.0,0.0603,1,1,1,FINALIZED_WITHIN_C2_LIMIT,0.118645,2.095
4732,40000.0,0.02,greedy,ZYZZYVA,8.0,1.0,0.0603,1,1,1,FINALIZED_WITHIN_C2_LIMIT,0.0664,1.896
4733,40000.0,0.02,greedy,ZYZZYVA,8.0,1.0,0.0603,1,1,1,FINALIZED_WITHIN_C2_LIMIT,0.081046,2.406
4734,40000.0,0.02,greedy,ZYZZYVA,8.0,1.0,0.0603,1,1,1,FINALIZED_WITHIN_C2_LIMIT,0.132752,2.082
4735,40000.0,0.02,greedy,ZYZZYVA,8.0,1.0,0.0603,1,1,1,FINALIZED_WITHIN_C2_LIMIT,0.05071,2.643
4736,40000.0,0.02,greedy,ZYZZYVA,8.0,1.0,0.0603,1,1,1,FINALIZED_WITHIN_C2_LIMIT,0.040391,2.297
4737,40000.0,0.02,greedy,ZYZZYVA,8.0,1.0,0.0603,1,1,1,FINALIZED_WITHIN_C2_LIMIT,0.115478,2.053
4738,40000.0,0.02,greedy,ZYZZYVA,8.0,1.0,0.0603,1,1,1,FINALIZED_WITHIN_C2_LIMIT,0.044461,2.124
4739,40000.0,0.02,greedy,ZYZZYVA,8.0,1.0,0.0603,1,1,1,FINALIZED_WITHIN_C2_LIMIT,0.149534,2.114
4740,40000.0,0.02,greedy,ZYZZYVA,8.0,1.0,0.0603,1,1,1,FINALIZED_WITHIN_C2_LIMIT,0.16313,2.075
4741,40000.0,0.02,greedy,ZYZZYVA,8.0,1.0,0.0603,1,1,1,FINALIZED_WITHIN_C2_LIMIT,0.029045,1.931
4742,40000.0,0.02,greedy,ZYZZYVA,8.0,1.0,0.0603,1,1,1,FINALIZED_WITHIN_C2_LIMIT,0.29124,1.993
4743,40000.0,0.02,greedy,ZYZZYVA,8.0,1.0,0.0603,1,1,1,FINALIZED_WITHIN_C2_LIMIT,0.582242,2.176
4744,40000.0,0.02,greedy,ZYZZYVA,8.0,1.0,0.0603,1,1,1,FINALIZED_WITHIN_C2_LIMIT,0.362564,2.422
4745,38000.0,0.02,explore,LIU_QUORUM,7.6,1.0,0.0739,1,1,1,FINALIZED_WITHIN_C2_LIMIT,0.034043,2.083
4746,40000.0,0.02,greedy,ZYZZYVA,8.0,1.0,0.0603,1,1,1,FINALIZED_WITHIN_C2_LIMIT,0.520192,2.086
4747,40000.0,0.02,greedy,ZYZZYVA,8.0,1.0,0.0603,1,1,1,FINALIZED_WITHIN_C2_LIMIT,1.054449,2.146
4748,40000.0,0.02,greedy,ZYZZYVA,8.0,1.0,0.0603,1,1,1,FINALIZED_WITHIN_C2_LIMIT,1.003409,2.716
4749,31000.0,0.02,explore,LIU_QUORUM,6.2,1.0,0.104,1,1,1,FINALIZED_WITHIN_C2_LIMIT,0.430917,1.904
4750,40000.0,0.02,greedy,ZYZZYVA,8.0,1.0,0.0603,1,1,1,FINALIZED_WITHIN_C2_LIMIT,0.017938,2.357
4751,40000.0,0.02,greedy,ZYZZYVA,8.0,1.0,0.0603,1,1,1,FINALIZED_WITHIN_C2_LIMIT,0.302659,2.436
4752,40000.0,0.02,greedy,ZYZZYVA,8.0,1.0,0.0603,1,1,1,FINALIZED_WITHIN_C2_LIMIT,0.494383,2.318
4753,40000.0,0.02,greedy,ZYZZYVA,8.0,1.0,0.0603,1,1,1,FINALIZED_WITHIN_C2_LIMIT,0.133983,2.51
4754,40000.0,0.02,greedy,ZYZZYVA,8.0,1.0,0.0603,1,1,1,FINALIZED_WITHIN_C2_LIMIT,0.063125,2.439
4755,40000.0,0.02,greedy,ZYZZYVA,8.0,1.0,0.0603,1,1,1,FINALIZED_WITHIN_C2_LIMIT,0.147325,2.54
4756,40000.0,0.02,greedy,ZYZZYVA,8.0,1.0,0.0603,1,1,1,FINALIZED_WITHIN_C2_LIMIT,0.071393,2.485
4757,40000.0,0.02,greedy,ZYZZYVA,8.0,1.0,0.0603,1,1,1,FINALIZED_WITHIN_C2_LIMIT,0.122973,2.305
4758,40000.0,0.02,greedy,ZYZZYVA,8.0,1.0,0.0603,1,1,1,FINALIZED_WITHIN_C2_LIMIT,0.225346,2.199
4759,40000.0,0.02,greedy,LIU_QUORUM,8.0,1.0,0.0603,1,1,1,FINALIZED_WITHIN_C2_LIMIT,0.091233,2.209
4760,40000.0,0.02,greedy,ZYZZYVA,8.0,1.0,0.0603,1,1,1,FINALIZED_WITHIN_C2_LIMIT,0.151463,2.461
4761,40000.0,0.02,greedy,ZYZZYVA,8.0,1.0,0.0603,1,1,1,FINALIZED_WITHIN_C2_LIMIT,0.244386,2.449
4762,40000.0,0.02,greedy,ZYZZYVA,8.0,1.0,0.0603,1,1,1,FINALIZED_WITHIN_C2_LIMIT,0.122924,2.352
4763,40000.0,0.02,greedy,ZYZZYVA,8.0,1.0,0.0603,1,1,1,FINALIZED_WITHIN_C2_LIMIT,0.088255,2.179
4764,40000.0,0.02,greedy,ZYZZYVA,8.0,1.0,0.0603,1,1,1,FINALIZED_WITHIN_C2_LIMIT,0.158399,2.064
4765,40000.0,0.02,greedy,ZYZZYVA,8.0,1.0,0.0603,1,1,1,FINALIZED_WITHIN_C2_LIMIT,0.065897,2.371
4766,40000.0,0.02,greedy,ZYZZYVA,8.0,1.0,0.0603,1,1,1,FINALIZED_WITHIN_C2_LIMIT,0.19136,2.267
4767,40000.0,0.02,greedy,ZYZZYVA,8.0,1.0,0.0603,1,1,1,FINALIZED_WITHIN_C2_LIMIT,0.321222,2.415
4768,40000.0,0.02,greedy,ZYZZYVA,8.0,1.0,0.0603,1,1,1,FINALIZED_WITHIN_C2_LIMIT,0.157471,2.427
4769,40000.0,0.02,greedy,ZYZZYVA,8.0,1.0,0.0603,1,1,1,FINALIZED_WITHIN_C2_LIMIT,0.085647,2.185
4770,40000.0,0.02,greedy,ZYZZYVA,8.0,1.0,0.0603,1,1,1,FINALIZED_WITHIN_C2_LIMIT,0.170123,2.318
4771,40000.0,0.02,greedy,ZYZZYVA,8.0,1.0,0.0603,1,1,1,FINALIZED_WITHIN_C2_LIMIT,0.04115,2.411
4772,40000.0,0.02,greedy,ZYZZYVA,8.0,1.0,0.0603,1,1,1,FINALIZED_WITHIN_C2_LIMIT,0.231423,2.465
4773,40000.0,0.02,greedy,ZYZZYVA,8.0,1.0,0.0603,1,1,1,FINALIZED_WITHIN_C2_LIMIT,0.361099,2.185
4774,40000.0,0.02,greedy,ZYZZYVA,8.0,1.0,0.0603,1,1,1,FINALIZED_WITHIN_C2_LIMIT,0.190101,2.168
4775,40000.0,0.02,greedy,ZYZZYVA,8.0,1.0,0.0603,1,1,1,FINALIZED_WITHIN_C2_LIMIT,0.041896,2.16
4776,40000.0,0.02,greedy,ZYZZYVA,8.0,1.0,0.0603,1,1,1,FINALIZED_WITHIN_C2_LIMIT,0.117454,2.421
4777,40000.0,0.02,greedy,ZYZZYVA,8.0,1.0,0.0603,1,1,1,FINALIZED_WITHIN_C2_LIMIT,0.070304,2.443
4778,40000.0,0.02,greedy,ZYZZYVA,8.0,1.0,0.0603,1,1,1,FINALIZED_WITHIN_C2_LIMIT,0.253573,2.353
4779,40000.0,0.02,greedy,ZYZZYVA,8.0,1.0,0.0603,1,1,1,FINALIZED_WITHIN_C2_LIMIT,0.421223,2.302
4780,40000.0,0.02,greedy,ZYZZYVA,8.0,1.0,0.0603,1,1,1,FINALIZED_WITHIN_C2_LIMIT,0.187848,2.341
4781,40000.0,0.02,greedy,ZYZZYVA,8.0,1.0,0.0603,1,1,1,FINALIZED_WITHIN_C2_LIMIT,0.051715,2.479
4782,40000.0,0.02,greedy,ZYZZYVA,8.0,1.0,0.0603,1,1,1,FINALIZED_WITHIN_C2_LIMIT,0.234289,2.311
4783,40000.0,0.02,greedy,ZYZZYVA,8.0,1.0,0.0603,1,1,1,FINALIZED_WITHIN_C2_LIMIT,0.023885,2.329
4784,40000.0,0.02,greedy,ZYZZYVA,8.0,1.0,0.0603,1,1,1,FINALIZED_WITHIN_C2_LIMIT,0.064807,2.142
4785,40000.0,0.02,greedy,ZYZZYVA,8.0,1.0,0.0603,1,1,1,FINALIZED_WITHIN_C2_LIMIT,0.064608,2.179
4786,40000.0,0.02,greedy,ZYZZYVA,8.0,1.0,0.0603,1,1,1,FINALIZED_WITHIN_C2_LIMIT,0.07458,2.287
4787,40000.0,0.02,greedy,ZYZZYVA,8.0,1.0,0.0603,1,1,1,FINALIZED_WITHIN_C2_LIMIT,0.138848,2.287
4788,40000.0,0.02,greedy,ZYZZYVA,8.0,1.0,0.0603,1,1,1,FINALIZED_WITHIN_C2_LIMIT,0.031015,2.529
4789,40000.0,0.02,greedy,ZYZZYVA,8.0,1.0,0.0603,1,1,1,FINALIZED_WITHIN_C2_LIMIT,0.085998,2.144
4790,40000.0,0.02,greedy,ZYZZYVA,8.0,1.0,0.0603,1,1,1,FINALIZED_WITHIN_C2_LIMIT,0.10588,2.187
4791,40000.0,0.02,greedy,ZYZZYVA,8.0,1.0,0.0603,1,1,1,FINALIZED_WITHIN_C2_LIMIT,0.076308,2.356
4792,40000.0,0.02,greedy,ZYZZYVA,8.0,1.0,0.0603,1,1,1,FINALIZED_WITHIN_C2_LIMIT,0.066127,2.246
4793,40000.0,0.02,greedy,ZYZZYVA,8.0,1.0,0.0603,1,1,1,FINALIZED_WITHIN_C2_LIMIT,0.279668,2.216
4794,40000.0,0.02,greedy,ZYZZYVA,8.0,1.0,0.0603,1,1,1,FINALIZED_WITHIN_C2_LIMIT,0.333182,2.189
4795,40000.0,0.02,greedy,ZYZZYVA,8.0,1.0,0.0603,1,1,1,FINALIZED_WITHIN_C2_LIMIT,0.106833,2.065
4796,40000.0,0.02,greedy,ZYZZYVA,8.0,1.0,0.0603,1,1,1,FINALIZED_WITHIN_C2_LIMIT,0.121766,2.731
4797,40000.0,0.02,greedy,ZYZZYVA,8.0,1.0,0.0603,1,1,1,FINALIZED_WITHIN_C2_LIMIT,0.200659,2.175
4798,40000.0,0.02,greedy,ZYZZYVA,8.0,1.0,0.0603,1,1,1,FINALIZED_WITHIN_C2_LIMIT,0.098854,2.339
4799,14000.0,0.02,explore,LIU_QUORUM,2.8,1.0,0.0647,1,1,1,FINALIZED_WITHIN_C2_LIMIT,0.025826,0.969
4800,40000.0,0.02,greedy,ZYZZYVA,8.0,1.0,0.0603,1,1,1,FINALIZED_WITHIN_C2_LIMIT,0.703995,1.937
4801,40000.0,0.02,greedy,ZYZZYVA,8.0,1.0,0.0603,1,1,1,FINALIZED_WITHIN_C2_LIMIT,1.579513,2.181
4802,40000.0,0.02,greedy,ZYZZYVA,8.0,1.0,0.0603,1,1,1,FINALIZED_WITHIN_C2_LIMIT,1.409413,2.098
4803,40000.0,0.02,greedy,ZYZZYVA,8.0,1.0,0.0603,1,1,1,FINALIZED_WITHIN_C2_LIMIT,0.811236,2.201
4804,40000.0,0.02,greedy,ZYZZYVA,8.0,1.0,0.0603,1,1,1,FINALIZED_WITHIN_C2_LIMIT,0.107743,2.124
4805,40000.0,0.02,greedy,ZYZZYVA,8.0,1.0,0.0603,1,1,1,FINALIZED_WITHIN_C2_LIMIT,0.574562,2.228
4806,20000.0,0.02,explore,PBFT,4.0,1.0,0.1982,1,1,1,FINALIZED_WITHIN_C2_LIMIT,1.437876,1.245
4807,40000.0,0.02,greedy,ZYZZYVA,8.0,1.0,0.0603,1,1,1,FINALIZED_WITHIN_C2_LIMIT,1.666758,2.375
4808,40000.0,0.02,greedy,ZYZZYVA,8.0,1.0,0.0603,1,1,1,FINALIZED_WITHIN_C2_LIMIT,1.089451,2.157
4809,40000.0,0.02,greedy,ZYZZYVA,8.0,1.0,0.0603,1,1,1,FINALIZED_WITHIN_C2_LIMIT,0.277307,2.425
4810,40000.0,0.02,greedy,ZYZZYVA,8.0,1.0,0.0603,1,1,1,FINALIZED_WITHIN_C2_LIMIT,0.183218,2.46
4811,40000.0,0.02,greedy,ZYZZYVA,8.0,1.0,0.0603,1,1,1,FINALIZED_WITHIN_C2_LIMIT,0.81449,2.9
4812,40000.0,0.02,greedy,ZYZZYVA,8.0,1.0,0.0603,1,1,1,FINALIZED_WITHIN_C2_LIMIT,0.776296,2.449
4813,40000.0,0.02,greedy,ZYZZYVA,8.0,1.0,0.0603,1,1,1,FINALIZED_WITHIN_C2_LIMIT,0.322148,2.295
4814,40000.0,0.02,greedy,ZYZZYVA,8.0,1.0,0.0603,1,1,1,FINALIZED_WITHIN_C2_LIMIT,0.05581,2.089
4815,11000.0,0.02,explore,ZYZZYVA,2.2,1.0,0.0809,1,1,1,FINALIZED_WITHIN_C2_LIMIT,0.119468,0.936
4816,40000.0,0.02,greedy,ZYZZYVA,8.0,1.0,0.0603,1,1,1,FINALIZED_WITHIN_C2_LIMIT,0.042826,2.27
4817,40000.0,0.02,greedy,ZYZZYVA,8.0,1.0,0.0635,1,1,1,FINALIZED_WITHIN_C2_LIMIT,0.100572,2.426
4818,40000.0,0.02,greedy,ZYZZYVA,8.0,1.0,0.0635,1,1,1,FINALIZED_WITHIN_C2_LIMIT,0.148838,2.239
4819,40000.0,0.02,greedy,ZYZZYVA,8.0,1.0,0.0635,1,1,1,FINALIZED_WITHIN_C2_LIMIT,0.03142,1.891
4820,40000.0,0.02,greedy,ZYZZYVA,8.0,1.0,0.0429,1,1,1,FINALIZED_WITHIN_C2_LIMIT,0.33861,2.042
4821,40000.0,0.02,greedy,ZYZZYVA,8.0,1.0,0.051,1,1,1,FINALIZED_WITHIN_C2_LIMIT,0.582002,2.055
4822,40000.0,0.02,greedy,ZYZZYVA,8.0,1.0,0.0635,1,1,1,FINALIZED_WITHIN_C2_LIMIT,0.339008,1.904
4823,40000.0,0.02,greedy,ZYZZYVA,8.0,1.0,0.0635,1,1,1,FINALIZED_WITHIN_C2_LIMIT,0.03187,2.111
4824,40000.0,0.02,greedy,ZYZZYVA,8.0,1.0,0.0603,1,1,1,FINALIZED_WITHIN_C2_LIMIT,0.565729,2.053
4825,40000.0,0.02,greedy,ZYZZYVA,8.0,1.0,0.0603,1,1,1,FINALIZED_WITHIN_C2_LIMIT,1.446808,2.078
4826,40000.0,0.02,greedy,ZYZZYVA,8.0,1.0,0.0603,1,1,1,FINALIZED_WITHIN_C2_LIMIT,1.307056,1.9
4827,40000.0,0.02,greedy,ZYZZYVA,8.0,1.0,0.0603,1,1,1,FINALIZED_WITHIN_C2_LIMIT,0.674703,2.123
4828,40000.0,0.02,greedy,ZYZZYVA,8.0,1.0,0.0603,1,1,1,FINALIZED_WITHIN_C2_LIMIT,0.03845,1.998
4829,40000.0,0.02,greedy,ZYZZYVA,8.0,1.0,0.0603,1,1,1,FINALIZED_WITHIN_C2_LIMIT,0.708575,2.152
4830,40000.0,0.02,greedy,ZYZZYVA,8.0,1.0,0.0603,1,1,1,FINALIZED_WITHIN_C2_LIMIT,1.6129,1.984
4831,40000.0,0.02,greedy,ZYZZYVA,8.0,1.0,0.0603,1,1,1,FINALIZED_WITHIN_C2_LIMIT,2.158669,2.167
4832,40000.0,0.02,greedy,ZYZZYVA,8.0,1.0,0.0603,1,1,1,FINALIZED_WITHIN_C2_LIMIT,1.432036,2.081
4833,40000.0,0.02,greedy,ZYZZYVA,8.0,1.0,0.0603,1,1,1,FINALIZED_WITHIN_C2_LIMIT,0.380446,2.217
4834,40000.0,0.02,greedy,ZYZZYVA,8.0,1.0,0.0603,1,1,1,FINALIZED_WITHIN_C2_LIMIT,0.110948,2.26
4835,40000.0,0.02,greedy,ZYZZYVA,8.0,1.0,0.0603,1,1,1,FINALIZED_WITHIN_C2_LIMIT,0.44845,2.271
4836,40000.0,0.02,greedy,ZYZZYVA,8.0,1.0,0.0603,1,1,1,FINALIZED_WITHIN_C2_LIMIT,0.445217,2.019
4837,40000.0,0.02,greedy,ZYZZYVA,8.0,1.0,0.0603,1,1,1,FINALIZED_WITHIN_C2_LIMIT,0.184937,2.294
4838,40000.0,0.02,greedy,ZYZZYVA,8.0,1.0,0.0603,1,1,1,FINALIZED_WITHIN_C2_LIMIT,0.092397,2.338
4839,40000.0,0.02,greedy,ZYZZYVA,8.0,1.0,0.0603,1,1,1,FINALIZED_WITHIN_C2_LIMIT,0.227866,2.449
4840,40000.0,0.02,greedy,ZYZZYVA,8.0,1.0,0.0603,1,1,1,FINALIZED_WITHIN_C2_LIMIT,0.141936,2.128
4841,40000.0,0.02,greedy,ZYZZYVA,8.0,1.0,0.0603,1,1,1,FINALIZED_WITHIN_C2_LIMIT,0.073695,2.167
4842,40000.0,0.02,greedy,ZYZZYVA,8.0,1.0,0.0603,1,1,1,FINALIZED_WITHIN_C2_LIMIT,0.074309,2.011
4843,40000.0,0.02,greedy,ZYZZYVA,8.0,1.0,0.0603,1,1,1,FINALIZED_WITHIN_C2_LIMIT,0.036632,2.227
4844,40000.0,0.02,greedy,ZYZZYVA,8.0,1.0,0.0603,1,1,1,FINALIZED_WITHIN_C2_LIMIT,0.034901,2.097
4845,40000.0,0.02,greedy,ZYZZYVA,8.0,1.0,0.0603,1,1,1,FINALIZED_WITHIN_C2_LIMIT,0.102219,1.874
4846,40000.0,0.02,greedy,ZYZZYVA,8.0,1.0,0.0603,1,1,1,FINALIZED_WITHIN_C2_LIMIT,0.057003,2.012
4847,40000.0,0.02,greedy,ZYZZYVA,8.0,1.0,0.0603,1,1,1,FINALIZED_WITHIN_C2_LIMIT,0.164469,2.185
4848,40000.0,0.02,greedy,ZYZZYVA,8.0,1.0,0.0603,1,1,1,FINALIZED_WITHIN_C2_LIMIT,0.170397,2.108
4849,40000.0,0.02,greedy,ZYZZYVA,8.0,1.0,0.0603,1,1,1,FINALIZED_WITHIN_C2_LIMIT,0.040836,2.08
4850,40000.0,0.02,greedy,ZYZZYVA,8.0,1.0,0.0603,1,1,1,FINALIZED_WITHIN_C2_LIMIT,0.294903,2.029
4851,28000.0,0.02,explore,ZYZZYVA,5.6,1.0,0.104,1,1,1,FINALIZED_WITHIN_C2_LIMIT,0.484344,1.839
4852,40000.0,0.02,greedy,ZYZZYVA,8.0,1.0,0.0603,1,1,1,FINALIZED_WITHIN_C2_LIMIT,0.346591,2.37
4853,40000.0,0.02,greedy,ZYZZYVA,8.0,1.0,0.0603,1,1,1,FINALIZED_WITHIN_C2_LIMIT,0.040372,2.195
4854,40000.0,0.02,greedy,ZYZZYVA,8.0,1.0,0.0603,1,1,1,FINALIZED_WITHIN_C2_LIMIT,0.56431,2.108
4855,40000.0,0.02,greedy,ZYZZYVA,8.0,1.0,0.0603,1,1,1,FINALIZED_WITHIN_C2_LIMIT,1.185708,2.076
4856,40000.0,0.02,greedy,ZYZZYVA,8.0,1.0,0.0603,1,1,1,FINALIZED_WITHIN_C2_LIMIT,1.059521,2.304
4857,40000.0,0.02,greedy,ZYZZYVA,8.0,1.0,0.0603,1,1,1,FINALIZED_WITHIN_C2_LIMIT,0.477198,2.089
4858,40000.0,0.02,greedy,ZYZZYVA,8.0,1.0,0.0603,1,1,1,FINALIZED_WITHIN_C2_LIMIT,0.027077,2.225
4859,40000.0,0.02,greedy,ZYZZYVA,8.0,1.0,0.0603,1,1,1,FINALIZED_WITHIN_C2_LIMIT,0.613258,2.06
4860,40000.0,0.02,greedy,ZYZZYVA,8.0,1.0,0.0603,1,1,1,FINALIZED_WITHIN_C2_LIMIT,1.313824,2.126
4861,40000.0,0.02,greedy,ZYZZYVA,8.0,1.0,0.0603,1,1,1,FINALIZED_WITHIN_C2_LIMIT,1.334006,2.069
4862,40000.0,0.02,greedy,ZYZZYVA,8.0,1.0,0.0603,1,1,1,FINALIZED_WITHIN_C2_LIMIT,0.707858,2.34
4863,40000.0,0.02,greedy,ZYZZYVA,8.0,1.0,0.0603,1,1,1,FINALIZED_WITHIN_C2_LIMIT,0.06592,1.898
4864,40000.0,0.02,greedy,ZYZZYVA,8.0,1.0,0.0603,1,1,1,FINALIZED_WITHIN_C2_LIMIT,0.602754,2.002
4865,40000.0,0.02,greedy,ZYZZYVA,8.0,1.0,0.0603,1,1,1,FINALIZED_WITHIN_C2_LIMIT,1.652772,2.075
4866,40000.0,0.02,greedy,ZYZZYVA,8.0,1.0,0.0603,1,1,1,FINALIZED_WITHIN_C2_LIMIT,1.888952,2.079
4867,40000.0,0.02,greedy,ZYZZYVA,8.0,1.0,0.0603,1,1,1,FINALIZED_WITHIN_C2_LIMIT,1.148073,2.158
4868,40000.0,0.02,greedy,ZYZZYVA,8.0,1.0,0.0603,1,1,1,FINALIZED_WITHIN_C2_LIMIT,0.258562,2.308
4869,40000.0,0.02,greedy,ZYZZYVA,8.0,1.0,0.0603,1,1,1,FINALIZED_WITHIN_C2_LIMIT,0.142679,2.03
4870,40000.0,0.02,greedy,ZYZZYVA,8.0,1.0,0.0603,1,1,1,FINALIZED_WITHIN_C2_LIMIT,0.567054,2.237
4871,40000.0,0.02,greedy,ZYZZYVA,8.0,1.0,0.0603,1,1,1,FINALIZED_WITHIN_C2_LIMIT,0.639115,1.989
4872,40000.0,0.02,greedy,ZYZZYVA,8.0,1.0,0.0603,1,1,1,FINALIZED_WITHIN_C2_LIMIT,0.265634,2.196
4873,40000.0,0.02,greedy,ZYZZYVA,8.0,1.0,0.0603,1,1,1,FINALIZED_WITHIN_C2_LIMIT,0.048807,1.952
4874,40000.0,0.02,greedy,ZYZZYVA,8.0,1.0,0.0603,1,1,1,FINALIZED_WITHIN_C2_LIMIT,0.112963,2.073
4875,40000.0,0.02,greedy,ZYZZYVA,8.0,1.0,0.0603,1,1,1,FINALIZED_WITHIN_C2_LIMIT,0.071732,2.11
4876,40000.0,0.02,greedy,ZYZZYVA,8.0,1.0,0.0603,1,1,1,FINALIZED_WITHIN_C2_LIMIT,0.101516,2.444
4877,40000.0,0.02,greedy,ZYZZYVA,8.0,1.0,0.0603,1,1,1,FINALIZED_WITHIN_C2_LIMIT,0.153303,1.978
4878,40000.0,0.02,greedy,ZYZZYVA,8.0,1.0,0.0603,1,1,1,FINALIZED_WITHIN_C2_LIMIT,0.031977,2.408
4879,40000.0,0.02,greedy,ZYZZYVA,8.0,1.0,0.0603,1,1,1,FINALIZED_WITHIN_C2_LIMIT,0.216884,2.331
4880,40000.0,0.02,greedy,ZYZZYVA,8.0,1.0,0.0603,1,1,1,FINALIZED_WITHIN_C2_LIMIT,0.513895,2.323
4881,40000.0,0.02,greedy,ZYZZYVA,8.0,1.0,0.0603,1,1,1,FINALIZED_WITHIN_C2_LIMIT,0.229477,2.076
4882,40000.0,0.02,greedy,ZYZZYVA,8.0,1.0,0.0603,1,1,1,FINALIZED_WITHIN_C2_LIMIT,0.021956,2.215
4883,40000.0,0.02,greedy,ZYZZYVA,8.0,1.0,0.0603,1,1,1,FINALIZED_WITHIN_C2_LIMIT,0.036005,2.212
4884,40000.0,0.02,greedy,ZYZZYVA,8.0,1.0,0.0603,1,1,1,FINALIZED_WITHIN_C2_LIMIT,0.041667,2.162
4885,40000.0,0.02,greedy,ZYZZYVA,8.0,1.0,0.0603,1,1,1,FINALIZED_WITHIN_C2_LIMIT,0.049931,2.136
4886,40000.0,0.02,greedy,ZYZZYVA,8.0,1.0,0.0603,1,1,1,FINALIZED_WITHIN_C2_LIMIT,0.224528,2.389
4887,40000.0,0.02,greedy,ZYZZYVA,8.0,1.0,0.0603,1,1,1,FINALIZED_WITHIN_C2_LIMIT,0.248901,2.151
4888,40000.0,0.02,greedy,ZYZZYVA,8.0,1.0,0.0603,1,1,1,FINALIZED_WITHIN_C2_LIMIT,0.044232,2.149
4889,40000.0,0.02,greedy,ZYZZYVA,8.0,1.0,0.0603,1,1,1,FINALIZED_WITHIN_C2_LIMIT,0.174845,2.0
4890,40000.0,0.02,greedy,ZYZZYVA,8.0,1.0,0.0603,1,1,1,FINALIZED_WITHIN_C2_LIMIT,0.360642,2.21
4891,40000.0,0.02,greedy,ZYZZYVA,8.0,1.0,0.0603,1,1,1,FINALIZED_WITHIN_C2_LIMIT,0.27801,2.11
4892,40000.0,0.02,greedy,ZYZZYVA,8.0,1.0,0.0603,1,1,1,FINALIZED_WITHIN_C2_LIMIT,0.069079,2.275
4893,40000.0,0.02,greedy,ZYZZYVA,8.0,1.0,0.0603,1,1,1,FINALIZED_WITHIN_C2_LIMIT,0.383375,2.125
4894,40000.0,0.02,greedy,ZYZZYVA,8.0,1.0,0.0603,1,1,1,FINALIZED_WITHIN_C2_LIMIT,0.681218,2.373
4895,40000.0,0.02,greedy,ZYZZYVA,8.0,1.0,0.0603,1,1,1,FINALIZED_WITHIN_C2_LIMIT,0.40792,1.971
4896,40000.0,0.02,greedy,ZYZZYVA,8.0,1.0,0.0603,1,1,1,FINALIZED_WITHIN_C2_LIMIT,0.050705,2.333
4897,40000.0,0.02,greedy,ZYZZYVA,8.0,1.0,0.0603,1,1,1,FINALIZED_WITHIN_C2_LIMIT,0.483059,2.223
4898,40000.0,0.02,greedy,ZYZZYVA,8.0,1.0,0.0603,1,1,1,FINALIZED_WITHIN_C2_LIMIT,1.189422,2.787
4899,40000.0,0.02,greedy,ZYZZYVA,8.0,1.0,0.0603,1,1,1,FINALIZED_WITHIN_C2_LIMIT,0.039793,2.449
4900,40000.0,0.02,greedy,ZYZZYVA,8.0,1.0,0.0603,1,1,1,FINALIZED_WITHIN_C2_LIMIT,0.116109,2.197
4901,40000.0,0.02,greedy,ZYZZYVA,8.0,1.0,0.0603,1,1,1,FINALIZED_WITHIN_C2_LIMIT,0.100777,2.254
4902,40000.0,0.02,greedy,ZYZZYVA,8.0,1.0,0.0603,1,1,1,FINALIZED_WITHIN_C2_LIMIT,0.036101,2.132
4903,40000.0,0.02,greedy,ZYZZYVA,8.0,1.0,0.0603,1,1,1,FINALIZED_WITHIN_C2_LIMIT,0.053888,2.228
4904,40000.0,0.02,greedy,ZYZZYVA,8.0,1.0,0.0603,1,1,1,FINALIZED_WITHIN_C2_LIMIT,0.089501,2.259
4905,40000.0,0.02,greedy,ZYZZYVA,8.0,1.0,0.0603,1,1,1,FINALIZED_WITHIN_C2_LIMIT,0.118198,2.144
4906,40000.0,0.02,greedy,LIU_QUORUM,8.0,1.0,0.0603,1,1,1,FINALIZED_WITHIN_C2_LIMIT,0.070954,2.149
4907,40000.0,0.02,greedy,LIU_QUORUM,8.0,1.0,0.0603,1,1,1,FINALIZED_WITHIN_C2_LIMIT,0.067143,2.37
4908,40000.0,0.02,greedy,LIU_QUORUM,8.0,1.0,0.0603,1,1,1,FINALIZED_WITHIN_C2_LIMIT,0.093663,1.974
4909,40000.0,0.02,greedy,LIU_QUORUM,8.0,1.0,0.0603,1,1,1,FINALIZED_WITHIN_C2_LIMIT,0.061061,2.195
4910,40000.0,0.02,greedy,LIU_QUORUM,8.0,1.0,0.0603,1,1,1,FINALIZED_WITHIN_C2_LIMIT,0.068122,2.418
4911,40000.0,0.02,greedy,LIU_QUORUM,8.0,1.0,0.0603,1,1,1,FINALIZED_WITHIN_C2_LIMIT,0.073232,2.37
4912,40000.0,0.02,greedy,LIU_QUORUM,8.0,1.0,0.0603,1,1,1,FINALIZED_WITHIN_C2_LIMIT,0.086392,2.487
4913,40000.0,0.02,greedy,LIU_QUORUM,8.0,1.0,0.0603,1,1,1,FINALIZED_WITHIN_C2_LIMIT,0.056695,2.264
4914,40000.0,0.02,greedy,LIU_QUORUM,8.0,1.0,0.0603,1,1,1,FINALIZED_WITHIN_C2_LIMIT,0.066555,2.225
4915,40000.0,0.02,greedy,LIU_QUORUM,8.0,1.0,0.0603,1,1,1,FINALIZED_WITHIN_C2_LIMIT,0.073087,2.252
4916,40000.0,0.02,greedy,LIU_QUORUM,8.0,1.0,0.0603,1,1,1,FINALIZED_WITHIN_C2_LIMIT,0.084504,2.215
4917,40000.0,0.02,greedy,LIU_QUORUM,8.0,1.0,0.0603,1,1,1,FINALIZED_WITHIN_C2_LIMIT,0.068549,2.464
4918,40000.0,0.02,greedy,LIU_QUORUM,8.0,1.0,0.0603,1,1,1,FINALIZED_WITHIN_C2_LIMIT,0.054365,2.214
4919,40000.0,0.02,greedy,LIU_QUORUM,8.0,1.0,0.0603,1,1,1,FINALIZED_WITHIN_C2_LIMIT,0.048584,2.269
4920,40000.0,0.02,greedy,LIU_QUORUM,8.0,1.0,0.0603,1,1,1,FINALIZED_WITHIN_C2_LIMIT,0.074948,2.422
4921,40000.0,0.02,greedy,LIU_QUORUM,8.0,1.0,0.0603,1,1,1,FINALIZED_WITHIN_C2_LIMIT,0.053665,2.581
4922,40000.0,0.02,greedy,LIU_QUORUM,8.0,1.0,0.0603,1,1,1,FINALIZED_WITHIN_C2_LIMIT,0.115945,2.767
4923,40000.0,0.02,greedy,LIU_QUORUM,8.0,1.0,0.0603,1,1,1,FINALIZED_WITHIN_C2_LIMIT,0.038178,2.549
4924,40000.0,0.02,greedy,LIU_QUORUM,8.0,1.0,0.0603,1,1,1,FINALIZED_WITHIN_C2_LIMIT,0.077499,2.387
4925,40000.0,0.02,greedy,LIU_QUORUM,8.0,1.0,0.0603,1,1,1,FINALIZED_WITHIN_C2_LIMIT,0.068386,2.68
4926,40000.0,0.02,greedy,LIU_QUORUM,8.0,1.0,0.0603,1,1,1,FINALIZED_WITHIN_C2_LIMIT,0.063936,2.511
4927,40000.0,0.02,greedy,LIU_QUORUM,8.0,1.0,0.0603,1,1,1,FINALIZED_WITHIN_C2_LIMIT,0.042325,2.596
4928,40000.0,0.02,greedy,LIU_QUORUM,8.0,1.0,0.0603,1,1,1,FINALIZED_WITHIN_C2_LIMIT,0.066761,2.604
4929,40000.0,0.02,greedy,LIU_QUORUM,8.0,1.0,0.0603,1,1,1,FINALIZED_WITHIN_C2_LIMIT,0.066167,2.844
4930,40000.0,0.02,greedy,LIU_QUORUM,8.0,1.0,0.0603,1,1,1,FINALIZED_WITHIN_C2_LIMIT,0.081255,2.458
4931,40000.0,0.02,greedy,LIU_QUORUM,8.0,1.0,0.0603,1,1,1,FINALIZED_WITHIN_C2_LIMIT,0.09855,2.392
4932,40000.0,0.02,greedy,ZYZZYVA,8.0,1.0,0.0603,1,1,1,FINALIZED_WITHIN_C2_LIMIT,0.074321,2.481
4933,40000.0,0.02,greedy,ZYZZYVA,8.0,1.0,0.0603,1,1,1,FINALIZED_WITHIN_C2_LIMIT,0.079327,2.416
4934,40000.0,0.02,greedy,ZYZZYVA,8.0,1.0,0.0603,1,1,1,FINALIZED_WITHIN_C2_LIMIT,0.063412,2.065
4935,40000.0,0.02,greedy,ZYZZYVA,8.0,1.0,0.0603,1,1,1,FINALIZED_WITHIN_C2_LIMIT,0.043144,2.022
4936,40000.0,0.02,greedy,ZYZZYVA,8.0,1.0,0.0603,1,1,1,FINALIZED_WITHIN_C2_LIMIT,0.058672,2.33
4937,40000.0,0.02,greedy,ZYZZYVA,8.0,1.0,0.0603,1,1,1,FINALIZED_WITHIN_C2_LIMIT,0.049234,2.329
4938,40000.0,0.02,greedy,ZYZZYVA,8.0,1.0,0.0603,1,1,1,FINALIZED_WITHIN_C2_LIMIT,0.107888,2.4
4939,40000.0,0.02,greedy,ZYZZYVA,8.0,1.0,0.0603,1,1,1,FINALIZED_WITHIN_C2_LIMIT,0.063889,2.08
4940,40000.0,0.02,greedy,ZYZZYVA,8.0,1.0,0.0603,1,1,1,FINALIZED_WITHIN_C2_LIMIT,0.06387,2.425
4941,40000.0,0.02,greedy,ZYZZYVA,8.0,1.0,0.0603,1,1,1,FINALIZED_WITHIN_C2_LIMIT,0.055524,2.094
4942,40000.0,0.02,greedy,ZYZZYVA,8.0,1.0,0.0603,1,1,1,FINALIZED_WITHIN_C2_LIMIT,0.03661,2.339
4943,40000.0,0.02,greedy,ZYZZYVA,8.0,1.0,0.0603,1,1,1,FINALIZED_WITHIN_C2_LIMIT,0.071313,2.38
4944,40000.0,0.02,greedy,ZYZZYVA,8.0,1.0,0.0603,1,1,1,FINALIZED_WITHIN_C2_LIMIT,0.10239,2.298
4945,40000.0,0.02,greedy,ZYZZYVA,8.0,1.0,0.0603,1,1,1,FINALIZED_WITHIN_C2_LIMIT,0.070617,2.46
4946,40000.0,0.02,greedy,ZYZZYVA,8.0,1.0,0.0603,1,1,1,FINALIZED_WITHIN_C2_LIMIT,0.048743,2.127
4947,3000.0,0.02,explore,PBFT,0.6,1.0,0.0702,1,1,1,FINALIZED_WITHIN_C2_LIMIT,0.03427,0.408
4948,40000.0,0.02,greedy,ZYZZYVA,8.0,1.0,0.0603,1,1,1,FINALIZED_WITHIN_C2_LIMIT,0.093608,2.923
4949,40000.0,0.02,greedy,ZYZZYVA,8.0,1.0,0.0603,1,1,1,FINALIZED_WITHIN_C2_LIMIT,0.105129,2.18
4950,40000.0,0.02,greedy,ZYZZYVA,8.0,1.0,0.0603,1,1,1,FINALIZED_WITHIN_C2_LIMIT,0.048096,2.83
4951,40000.0,0.02,greedy,ZYZZYVA,8.0,1.0,0.0603,1,1,1,FINALIZED_WITHIN_C2_LIMIT,0.057528,2.717
4952,40000.0,0.02,greedy,ZYZZYVA,8.0,1.0,0.0603,1,1,1,FINALIZED_WITHIN_C2_LIMIT,0.145763,2.759
4953,40000.0,0.02,greedy,ZYZZYVA,8.0,1.0,0.0603,1,1,1,FINALIZED_WITHIN_C2_LIMIT,0.086079,2.725
4954,40000.0,0.02,greedy,ZYZZYVA,8.0,1.0,0.0603,1,1,1,FINALIZED_WITHIN_C2_LIMIT,0.047489,2.94
4955,40000.0,0.02,greedy,ZYZZYVA,8.0,1.0,0.0603,1,1,1,FINALIZED_WITHIN_C2_LIMIT,0.076295,2.419
4956,40000.0,0.02,greedy,ZYZZYVA,8.0,1.0,0.0603,1,1,1,FINALIZED_WITHIN_C2_LIMIT,0.092698,2.525
4957,40000.0,0.02,greedy,ZYZZYVA,8.0,1.0,0.0603,1,1,1,FINALIZED_WITHIN_C2_LIMIT,0.092192,2.383
4958,40000.0,0.02,greedy,ZYZZYVA,8.0,1.0,0.0603,1,1,1,FINALIZED_WITHIN_C2_LIMIT,0.033908,2.822
4959,40000.0,0.02,greedy,ZYZZYVA,8.0,1.0,0.0603,1,1,1,FINALIZED_WITHIN_C2_LIMIT,0.02868,2.783
4960,40000.0,0.02,greedy,ZYZZYVA,8.0,1.0,0.0603,1,1,1,FINALIZED_WITHIN_C2_LIMIT,0.119516,2.857
4961,40000.0,0.02,greedy,ZYZZYVA,8.0,1.0,0.0603,1,1,1,FINALIZED_WITHIN_C2_LIMIT,0.103803,2.723
4962,40000.0,0.02,greedy,ZYZZYVA,8.0,1.0,0.0603,1,1,1,FINALIZED_WITHIN_C2_LIMIT,0.030676,2.855
4963,40000.0,0.02,greedy,ZYZZYVA,8.0,1.0,0.0603,1,1,1,FINALIZED_WITHIN_C2_LIMIT,0.034532,2.481
4964,40000.0,0.02,greedy,ZYZZYVA,8.0,1.0,0.0603,1,1,1,FINALIZED_WITHIN_C2_LIMIT,0.095242,2.561
4965,40000.0,0.02,greedy,ZYZZYVA,8.0,1.0,0.0603,1,1,1,FINALIZED_WITHIN_C2_LIMIT,0.093809,2.573
4966,40000.0,0.02,greedy,ZYZZYVA,8.0,1.0,0.0603,1,1,1,FINALIZED_WITHIN_C2_LIMIT,0.024379,2.533
4967,40000.0,0.02,greedy,ZYZZYVA,8.0,1.0,0.0603,1,1,1,FINALIZED_WITHIN_C2_LIMIT,0.03186,2.245
4968,40000.0,0.02,greedy,ZYZZYVA,8.0,1.0,0.0603,1,1,1,FINALIZED_WITHIN_C2_LIMIT,0.113429,2.558
4969,40000.0,0.02,greedy,ZYZZYVA,8.0,1.0,0.0603,1,1,1,FINALIZED_WITHIN_C2_LIMIT,0.112503,2.462
4970,40000.0,0.02,greedy,ZYZZYVA,8.0,1.0,0.0603,1,1,1,FINALIZED_WITHIN_C2_LIMIT,0.040578,2.412
4971,40000.0,0.02,greedy,ZYZZYVA,8.0,1.0,0.0603,1,1,1,FINALIZED_WITHIN_C2_LIMIT,0.021864,2.402
4972,40000.0,0.02,greedy,ZYZZYVA,8.0,1.0,0.0603,1,1,1,FINALIZED_WITHIN_C2_LIMIT,0.095371,2.519
4973,40000.0,0.02,greedy,ZYZZYVA,8.0,1.0,0.0603,1,1,1,FINALIZED_WITHIN_C2_LIMIT,0.079965,2.501
4974,40000.0,0.02,greedy,LIU_QUORUM,8.0,1.0,0.0603,1,1,1,FINALIZED_WITHIN_C2_LIMIT,0.075687,2.532
4975,40000.0,0.02,greedy,LIU_QUORUM,8.0,1.0,0.0603,1,1,1,FINALIZED_WITHIN_C2_LIMIT,0.035608,2.534
4976,40000.0,0.02,greedy,LIU_QUORUM,8.0,1.0,0.0603,1,1,1,FINALIZED_WITHIN_C2_LIMIT,0.089605,2.681
4977,40000.0,0.02,greedy,ZYZZYVA,8.0,1.0,0.0603,1,1,1,FINALIZED_WITHIN_C2_LIMIT,0.09505,2.513
4978,40000.0,0.02,greedy,ZYZZYVA,8.0,1.0,0.0603,1,1,1,FINALIZED_WITHIN_C2_LIMIT,0.026167,2.676
4979,40000.0,0.02,greedy,ZYZZYVA,8.0,1.0,0.0603,1,1,1,FINALIZED_WITHIN_C2_LIMIT,0.027638,2.712
4980,40000.0,0.02,greedy,ZYZZYVA,8.0,1.0,0.0603,1,1,1,FINALIZED_WITHIN_C2_LIMIT,0.080998,2.527
4981,40000.0,0.02,greedy,ZYZZYVA,8.0,1.0,0.0603,1,1,1,FINALIZED_WITHIN_C2_LIMIT,0.087753,2.908
4982,40000.0,0.02,greedy,ZYZZYVA,8.0,1.0,0.0603,1,1,1,FINALIZED_WITHIN_C2_LIMIT,0.044696,2.623
4983,40000.0,0.02,greedy,ZYZZYVA,8.0,1.0,0.0603,1,1,1,FINALIZED_WITHIN_C2_LIMIT,0.032921,2.585
4984,40000.0,0.02,greedy,ZYZZYVA,8.0,1.0,0.0603,1,1,1,FINALIZED_WITHIN_C2_LIMIT,0.083864,3.081
4985,40000.0,0.02,greedy,ZYZZYVA,8.0,1.0,0.0603,1,1,1,FINALIZED_WITHIN_C2_LIMIT,0.075917,3.362
4986,40000.0,0.02,greedy,ZYZZYVA,8.0,1.0,0.0603,1,1,1,FINALIZED_WITHIN_C2_LIMIT,0.042312,3.053
4987,40000.0,0.02,greedy,LIU_QUORUM,8.0,1.0,0.0603,1,1,1,FINALIZED_WITHIN_C2_LIMIT,0.046809,2.943
4988,40000.0,0.02,greedy,LIU_QUORUM,8.0,1.0,0.0603,1,1,1,FINALIZED_WITHIN_C2_LIMIT,0.092173,2.826
4989,40000.0,0.02,greedy,LIU_QUORUM,8.0,1.0,0.0603,1,1,1,FINALIZED_WITHIN_C2_LIMIT,0.061947,2.708
4990,40000.0,0.02,greedy,LIU_QUORUM,8.0,1.0,0.0603,1,1,1,FINALIZED_WITHIN_C2_LIMIT,0.071141,2.941
4991,40000.0,0.02,greedy,LIU_QUORUM,8.0,1.0,0.0603,1,1,1,FINALIZED_WITHIN_C2_LIMIT,0.045583,3.036
4992,40000.0,0.02,greedy,LIU_QUORUM,8.0,1.0,0.0603,1,1,1,FINALIZED_WITHIN_C2_LIMIT,0.108478,2.927
4993,40000.0,0.02,greedy,LIU_QUORUM,8.0,1.0,0.0603,1,1,1,FINALIZED_WITHIN_C2_LIMIT,0.108691,2.172
4994,40000.0,0.02,greedy,ZYZZYVA,8.0,1.0,0.0603,1,1,1,FINALIZED_WITHIN_C2_LIMIT,0.052644,2.539
4995,40000.0,0.02,greedy,ZYZZYVA,8.0,1.0,0.0603,1,1,1,FINALIZED_WITHIN_C2_LIMIT,0.062022,2.504
4996,40000.0,0.02,greedy,ZYZZYVA,8.0,1.0,0.0603,1,1,1,FINALIZED_WITHIN_C2_LIMIT,0.084865,2.839
4997,40000.0,0.02,greedy,ZYZZYVA,8.0,1.0,0.0603,1,1,1,FINALIZED_WITHIN_C2_LIMIT,0.078095,2.416
4998,40000.0,0.02,greedy,ZYZZYVA,8.0,1.0,0.0603,1,1,1,FINALIZED_WITHIN_C2_LIMIT,0.046596,2.813
4999,40000.0,0.02,greedy,ZYZZYVA,8.0,1.0,0.0603,1,1,1,FINALIZED_WITHIN_C2_LIMIT,0.043549,2.901
5000,40000.0,0.02,greedy,ZYZZYVA,8.0,1.0,0.0603,1,1,1,FINALIZED_WITHIN_C2_LIMIT,0.075138,2.985
5001,40000.0,0.02,greedy,ZYZZYVA,8.0,1.0,0.0603,1,1,1,FINALIZED_WITHIN_C2_LIMIT,0.108719,3.379
5002,40000.0,0.02,greedy,ZYZZYVA,8.0,1.0,0.0603,1,1,1,FINALIZED_WITHIN_C2_LIMIT,0.056687,2.725
5003,40000.0,0.02,greedy,ZYZZYVA,8.0,1.0,0.0603,1,1,1,FINALIZED_WITHIN_C2_LIMIT,0.046836,2.946
5004,40000.0,0.02,greedy,ZYZZYVA,8.0,1.0,0.0603,1,1,1,FINALIZED_WITHIN_C2_LIMIT,0.077564,3.196
5005,40000.0,0.02,greedy,ZYZZYVA,8.0,1.0,0.0603,1,1,1,FINALIZED_WITHIN_C2_LIMIT,0.090729,2.921
5006,40000.0,0.02,greedy,ZYZZYVA,8.0,1.0,0.0603,1,1,1,FINALIZED_WITHIN_C2_LIMIT,0.045731,2.903
5007,40000.0,0.02,greedy,ZYZZYVA,8.0,1.0,0.0603,1,1,1,FINALIZED_WITHIN_C2_LIMIT,0.042065,2.688
5008,40000.0,0.02,greedy,ZYZZYVA,8.0,1.0,0.0603,1,1,1,FINALIZED_WITHIN_C2_LIMIT,0.093226,3.067
5009,40000.0,0.02,greedy,ZYZZYVA,8.0,1.0,0.0603,1,1,1,FINALIZED_WITHIN_C2_LIMIT,0.099544,2.76
5010,40000.0,0.02,greedy,ZYZZYVA,8.0,1.0,0.0603,1,1,1,FINALIZED_WITHIN_C2_LIMIT,0.059904,2.792
5011,40000.0,0.02,greedy,ZYZZYVA,8.0,1.0,0.0603,1,1,1,FINALIZED_WITHIN_C2_LIMIT,0.045097,2.859
5012,40000.0,0.02,greedy,ZYZZYVA,8.0,1.0,0.0603,1,1,1,FINALIZED_WITHIN_C2_LIMIT,0.095664,3.301
5013,40000.0,0.02,greedy,ZYZZYVA,8.0,1.0,0.0603,1,1,1,FINALIZED_WITHIN_C2_LIMIT,0.076625,2.846
5014,40000.0,0.02,greedy,ZYZZYVA,8.0,1.0,0.0603,1,1,1,FINALIZED_WITHIN_C2_LIMIT,0.078958,2.855
5015,40000.0,0.02,greedy,ZYZZYVA,8.0,1.0,0.0603,1,1,1,FINALIZED_WITHIN_C2_LIMIT,0.064625,2.884
5016,40000.0,0.02,greedy,ZYZZYVA,8.0,1.0,0.0603,1,1,1,FINALIZED_WITHIN_C2_LIMIT,0.107494,2.644
5017,40000.0,0.02,greedy,ZYZZYVA,8.0,1.0,0.0603,1,1,1,FINALIZED_WITHIN_C2_LIMIT,0.069686,2.519
5018,40000.0,0.02,greedy,ZYZZYVA,8.0,1.0,0.0603,1,1,1,FINALIZED_WITHIN_C2_LIMIT,0.033152,2.731
5019,40000.0,0.02,greedy,ZYZZYVA,8.0,1.0,0.0603,1,1,1,FINALIZED_WITHIN_C2_LIMIT,0.051848,2.739
5020,40000.0,0.02,greedy,ZYZZYVA,8.0,1.0,0.0603,1,1,1,FINALIZED_WITHIN_C2_LIMIT,0.090937,2.758
5021,40000.0,0.02,greedy,ZYZZYVA,8.0,1.0,0.0603,1,1,1,FINALIZED_WITHIN_C2_LIMIT,0.070286,2.723
5022,40000.0,0.02,greedy,ZYZZYVA,8.0,1.0,0.0603,1,1,1,FINALIZED_WITHIN_C2_LIMIT,0.059526,3.093
5023,40000.0,0.02,greedy,ZYZZYVA,8.0,1.0,0.0603,1,1,1,FINALIZED_WITHIN_C2_LIMIT,0.038494,3.403
5024,40000.0,0.02,greedy,ZYZZYVA,8.0,1.0,0.0603,1,1,1,FINALIZED_WITHIN_C2_LIMIT,0.118064,3.513
5025,40000.0,0.02,greedy,ZYZZYVA,8.0,1.0,0.0603,1,1,1,FINALIZED_WITHIN_C2_LIMIT,0.098526,3.839
5026,40000.0,0.02,greedy,ZYZZYVA,8.0,1.0,0.0603,1,1,1,FINALIZED_WITHIN_C2_LIMIT,0.041809,3.321
5027,40000.0,0.02,greedy,ZYZZYVA,8.0,1.0,0.0603,1,1,1,FINALIZED_WITHIN_C2_LIMIT,0.025515,2.811
5028,40000.0,0.02,greedy,ZYZZYVA,8.0,1.0,0.0603,1,1,1,FINALIZED_WITHIN_C2_LIMIT,0.110861,2.866
5029,40000.0,0.02,greedy,ZYZZYVA,8.0,1.0,0.0603,1,1,1,FINALIZED_WITHIN_C2_LIMIT,0.120401,2.621
5030,40000.0,0.02,greedy,ZYZZYVA,8.0,1.0,0.0603,1,1,1,FINALIZED_WITHIN_C2_LIMIT,0.049117,2.755
5031,40000.0,0.02,greedy,ZYZZYVA,8.0,1.0,0.0603,1,1,1,FINALIZED_WITHIN_C2_LIMIT,0.024747,2.858
5032,40000.0,0.02,greedy,ZYZZYVA,8.0,1.0,0.0603,1,1,1,FINALIZED_WITHIN_C2_LIMIT,0.128446,2.736
5033,40000.0,0.02,greedy,ZYZZYVA,8.0,1.0,0.0603,1,1,1,FINALIZED_WITHIN_C2_LIMIT,0.120213,3.08
5034,40000.0,0.02,greedy,ZYZZYVA,8.0,1.0,0.0603,1,1,1,FINALIZED_WITHIN_C2_LIMIT,0.01894,2.97
5035,40000.0,0.02,greedy,ZYZZYVA,8.0,1.0,0.0603,1,1,1,FINALIZED_WITHIN_C2_LIMIT,0.040805,2.617
5036,40000.0,0.02,greedy,ZYZZYVA,8.0,1.0,0.0603,1,1,1,FINALIZED_WITHIN_C2_LIMIT,0.127149,2.937
5037,40000.0,0.02,greedy,ZYZZYVA,8.0,1.0,0.0603,1,1,1,FINALIZED_WITHIN_C2_LIMIT,0.122082,2.558
5038,40000.0,0.02,greedy,ZYZZYVA,8.0,1.0,0.0603,1,1,1,FINALIZED_WITHIN_C2_LIMIT,0.030903,2.692
5039,40000.0,0.02,greedy,ZYZZYVA,8.0,1.0,0.0603,1,1,1,FINALIZED_WITHIN_C2_LIMIT,0.039513,2.76
5040,40000.0,0.02,greedy,ZYZZYVA,8.0,1.0,0.0603,1,1,1,FINALIZED_WITHIN_C2_LIMIT,0.135082,2.777
5041,40000.0,0.02,greedy,ZYZZYVA,8.0,1.0,0.0603,1,1,1,FINALIZED_WITHIN_C2_LIMIT,0.119232,2.313
5042,40000.0,0.02,greedy,ZYZZYVA,8.0,1.0,0.0603,1,1,1,FINALIZED_WITHIN_C2_LIMIT,0.0544,2.719
5043,40000.0,0.02,greedy,ZYZZYVA,8.0,1.0,0.0603,1,1,1,FINALIZED_WITHIN_C2_LIMIT,0.035676,3.125
5044,40000.0,0.02,greedy,ZYZZYVA,8.0,1.0,0.0603,1,1,1,FINALIZED_WITHIN_C2_LIMIT,0.09622,3.451
5045,40000.0,0.02,greedy,ZYZZYVA,8.0,1.0,0.0603,1,1,1,FINALIZED_WITHIN_C2_LIMIT,0.085321,3.103
5046,40000.0,0.02,greedy,ZYZZYVA,8.0,1.0,0.0603,1,1,1,FINALIZED_WITHIN_C2_LIMIT,0.037219,3.281
5047,40000.0,0.02,greedy,ZYZZYVA,8.0,1.0,0.0603,1,1,1,FINALIZED_WITHIN_C2_LIMIT,0.032821,3.325
5048,40000.0,0.02,greedy,ZYZZYVA,8.0,1.0,0.0603,1,1,1,FINALIZED_WITHIN_C2_LIMIT,0.090648,3.05
5049,40000.0,0.02,greedy,ZYZZYVA,8.0,1.0,0.0603,1,1,1,FINALIZED_WITHIN_C2_LIMIT,0.081119,3.111
5050,40000.0,0.02,greedy,ZYZZYVA,8.0,1.0,0.0603,1,1,1,FINALIZED_WITHIN_C2_LIMIT,0.067651,2.811
5051,40000.0,0.02,greedy,ZYZZYVA,8.0,1.0,0.0603,1,1,1,FINALIZED_WITHIN_C2_LIMIT,0.062549,2.991
5052,40000.0,0.02,greedy,ZYZZYVA,8.0,1.0,0.0603,1,1,1,FINALIZED_WITHIN_C2_LIMIT,0.100279,3.188
5053,40000.0,0.02,greedy,ZYZZYVA,8.0,1.0,0.0603,1,1,1,FINALIZED_WITHIN_C2_LIMIT,0.085621,3.352
5054,40000.0,0.02,greedy,ZYZZYVA,8.0,1.0,0.0603,1,1,1,FINALIZED_WITHIN_C2_LIMIT,0.041059,2.891
5055,40000.0,0.02,greedy,ZYZZYVA,8.0,1.0,0.0603,1,1,1,FINALIZED_WITHIN_C2_LIMIT,0.050605,3.18
5056,40000.0,0.02,greedy,ZYZZYVA,8.0,1.0,0.0603,1,1,1,FINALIZED_WITHIN_C2_LIMIT,0.088917,2.893
5057,40000.0,0.02,greedy,ZYZZYVA,8.0,1.0,0.0603,1,1,1,FINALIZED_WITHIN_C2_LIMIT,0.089491,2.815
5058,40000.0,0.02,greedy,ZYZZYVA,8.0,1.0,0.0603,1,1,1,FINALIZED_WITHIN_C2_LIMIT,0.054333,2.909
5059,40000.0,0.02,greedy,ZYZZYVA,8.0,1.0,0.0603,1,1,1,FINALIZED_WITHIN_C2_LIMIT,0.036131,2.935
5060,40000.0,0.02,greedy,ZYZZYVA,8.0,1.0,0.0603,1,1,1,FINALIZED_WITHIN_C2_LIMIT,0.101613,3.006
5061,40000.0,0.02,greedy,ZYZZYVA,8.0,1.0,0.0603,1,1,1,FINALIZED_WITHIN_C2_LIMIT,0.087158,2.777
5062,40000.0,0.02,greedy,ZYZZYVA,8.0,1.0,0.0603,1,1,1,FINALIZED_WITHIN_C2_LIMIT,0.059502,2.812
5063,40000.0,0.02,greedy,ZYZZYVA,8.0,1.0,0.0603,1,1,1,FINALIZED_WITHIN_C2_LIMIT,0.040524,3.262
5064,40000.0,0.02,greedy,ZYZZYVA,8.0,1.0,0.0603,1,1,1,FINALIZED_WITHIN_C2_LIMIT,0.123787,2.983
5065,40000.0,0.02,greedy,ZYZZYVA,8.0,1.0,0.0603,1,1,1,FINALIZED_WITHIN_C2_LIMIT,0.079221,3.229
5066,40000.0,0.02,greedy,ZYZZYVA,8.0,1.0,0.0603,1,1,1,FINALIZED_WITHIN_C2_LIMIT,0.024795,3.186
5067,40000.0,0.02,greedy,ZYZZYVA,8.0,1.0,0.0603,1,1,1,FINALIZED_WITHIN_C2_LIMIT,0.031588,2.764
5068,40000.0,0.02,greedy,ZYZZYVA,8.0,1.0,0.0603,1,1,1,FINALIZED_WITHIN_C2_LIMIT,0.12386,2.779
5069,40000.0,0.02,greedy,ZYZZYVA,8.0,1.0,0.0603,1,1,1,FINALIZED_WITHIN_C2_LIMIT,0.132475,2.787
5070,40000.0,0.02,greedy,ZYZZYVA,8.0,1.0,0.0603,1,1,1,FINALIZED_WITHIN_C2_LIMIT,0.034173,3.128
5071,40000.0,0.02,greedy,ZYZZYVA,8.0,1.0,0.0603,1,1,1,FINALIZED_WITHIN_C2_LIMIT,0.024904,3.072
5072,40000.0,0.02,greedy,ZYZZYVA,8.0,1.0,0.0603,1,1,1,FINALIZED_WITHIN_C2_LIMIT,0.029734,3.094
5073,40000.0,0.02,greedy,LIU_QUORUM,8.0,1.0,0.0603,1,1,1,FINALIZED_WITHIN_C2_LIMIT,0.077799,3.025
5074,40000.0,0.02,greedy,LIU_QUORUM,8.0,1.0,0.0603,1,1,1,FINALIZED_WITHIN_C2_LIMIT,0.030934,2.701
5075,40000.0,0.02,greedy,LIU_QUORUM,8.0,1.0,0.0603,1,1,1,FINALIZED_WITHIN_C2_LIMIT,0.047597,2.68
5076,40000.0,0.02,greedy,LIU_QUORUM,8.0,1.0,0.0603,1,1,1,FINALIZED_WITHIN_C2_LIMIT,0.071648,2.773
5077,24000.0,0.02,explore,PBFT,4.8,1.0,0.0401,1,1,1,FINALIZED_WITHIN_C2_LIMIT,0.04579,1.843
5078,40000.0,0.02,greedy,LIU_QUORUM,8.0,1.0,0.0603,1,1,1,FINALIZED_WITHIN_C2_LIMIT,0.050588,2.771
5079,40000.0,0.02,greedy,LIU_QUORUM,8.0,1.0,0.0603,1,1,1,FINALIZED_WITHIN_C2_LIMIT,0.021496,2.565
5080,40000.0,0.02,greedy,LIU_QUORUM,8.0,1.0,0.0603,1,1,1,FINALIZED_WITHIN_C2_LIMIT,0.058221,2.814
5081,40000.0,0.02,greedy,ZYZZYVA,8.0,1.0,0.0603,1,1,1,FINALIZED_WITHIN_C2_LIMIT,0.011695,2.825
5082,40000.0,0.02,greedy,ZYZZYVA,8.0,1.0,0.0603,1,1,1,FINALIZED_WITHIN_C2_LIMIT,0.100816,2.665
5083,40000.0,0.02,greedy,ZYZZYVA,8.0,1.0,0.0603,1,1,1,FINALIZED_WITHIN_C2_LIMIT,0.05019,2.673
5084,40000.0,0.02,greedy,ZYZZYVA,8.0,1.0,0.0603,1,1,1,FINALIZED_WITHIN_C2_LIMIT,0.146912,2.895
5085,40000.0,0.02,greedy,ZYZZYVA,8.0,1.0,0.0603,1,1,1,FINALIZED_WITHIN_C2_LIMIT,0.192929,2.677
5086,40000.0,0.02,greedy,ZYZZYVA,8.0,1.0,0.0603,1,1,1,FINALIZED_WITHIN_C2_LIMIT,0.05946,2.935
5087,40000.0,0.02,greedy,ZYZZYVA,8.0,1.0,0.0603,1,1,1,FINALIZED_WITHIN_C2_LIMIT,0.293343,3.121
5088,40000.0,0.02,greedy,ZYZZYVA,8.0,1.0,0.0603,1,1,1,FINALIZED_WITHIN_C2_LIMIT,0.546657,2.794
5089,28000.0,0.02,explore,LIU_QUORUM,5.6,1.0,0.0686,1,1,1,FINALIZED_WITHIN_C2_LIMIT,0.322202,1.707
5090,40000.0,0.02,greedy,ZYZZYVA,8.0,1.0,0.0603,1,1,1,FINALIZED_WITHIN_C2_LIMIT,0.053508,2.204
5091,40000.0,0.02,greedy,ZYZZYVA,8.0,1.0,0.0603,1,1,1,FINALIZED_WITHIN_C2_LIMIT,0.65814,2.1
5092,40000.0,0.02,greedy,ZYZZYVA,8.0,1.0,0.0603,1,1,1,FINALIZED_WITHIN_C2_LIMIT,1.308348,2.578
5093,40000.0,0.02,greedy,ZYZZYVA,8.0,1.0,0.0603,1,1,1,FINALIZED_WITHIN_C2_LIMIT,1.393304,2.168
5094,40000.0,0.02,greedy,ZYZZYVA,8.0,1.0,0.0603,1,1,1,FINALIZED_WITHIN_C2_LIMIT,0.613345,2.619
5095,40000.0,0.02,greedy,ZYZZYVA,8.0,1.0,0.0603,1,1,1,FINALIZED_WITHIN_C2_LIMIT,0.05584,2.555
5096,40000.0,0.02,greedy,ZYZZYVA,8.0,1.0,0.0603,1,1,1,FINALIZED_WITHIN_C2_LIMIT,0.759657,2.905
5097,40000.0,0.02,greedy,ZYZZYVA,8.0,1.0,0.0603,1,1,1,FINALIZED_WITHIN_C2_LIMIT,2.007316,2.139
5098,40000.0,0.02,greedy,ZYZZYVA,8.0,1.0,0.0603,1,1,1,FINALIZED_WITHIN_C2_LIMIT,2.259078,2.519
5099,40000.0,0.02,greedy,ZYZZYVA,8.0,1.0,0.0603,1,1,1,FINALIZED_WITHIN_C2_LIMIT,0.025363,2.201
5100,40000.0,0.02,greedy,ZYZZYVA,8.0,1.0,0.0603,1,1,1,FINALIZED_WITHIN_C2_LIMIT,0.037668,2.417
5101,40000.0,0.02,greedy,ZYZZYVA,8.0,1.0,0.0603,1,1,1,FINALIZED_WITHIN_C2_LIMIT,0.040344,2.048
5102,40000.0,0.02,greedy,ZYZZYVA,8.0,1.0,0.0603,1,1,1,FINALIZED_WITHIN_C2_LIMIT,0.03141,2.336
5103,40000.0,0.02,greedy,ZYZZYVA,8.0,1.0,0.0603,1,1,1,FINALIZED_WITHIN_C2_LIMIT,0.071155,2.045
5104,40000.0,0.02,greedy,ZYZZYVA,8.0,1.0,0.0603,1,1,1,FINALIZED_WITHIN_C2_LIMIT,0.037935,2.6
5105,40000.0,0.02,greedy,ZYZZYVA,8.0,1.0,0.0603,1,1,1,FINALIZED_WITHIN_C2_LIMIT,0.178867,2.203
5106,40000.0,0.02,greedy,ZYZZYVA,8.0,1.0,0.0603,1,1,1,FINALIZED_WITHIN_C2_LIMIT,0.258586,2.53
5107,40000.0,0.02,greedy,ZYZZYVA,8.0,1.0,0.0603,1,1,1,FINALIZED_WITHIN_C2_LIMIT,0.068812,2.373
5108,40000.0,0.02,greedy,ZYZZYVA,8.0,1.0,0.0603,1,1,1,FINALIZED_WITHIN_C2_LIMIT,0.14814,2.5
5109,40000.0,0.02,greedy,ZYZZYVA,8.0,1.0,0.0603,1,1,1,FINALIZED_WITHIN_C2_LIMIT,0.341777,2.275
5110,40000.0,0.02,greedy,LIU_QUORUM,8.0,1.0,0.0603,1,1,1,FINALIZED_WITHIN_C2_LIMIT,0.146137,2.4
5111,40000.0,0.02,greedy,LIU_QUORUM,8.0,1.0,0.0603,1,1,1,FINALIZED_WITHIN_C2_LIMIT,0.060138,2.2
5112,40000.0,0.02,greedy,PBFT,8.0,1.0,0.0603,1,1,1,FINALIZED_WITHIN_C2_LIMIT,0.163405,2.206
5113,40000.0,0.02,greedy,PBFT,8.0,1.0,0.0603,1,1,1,FINALIZED_WITHIN_C2_LIMIT,0.017249,2.418
5114,40000.0,0.02,greedy,ZYZZYVA,8.0,1.0,0.0603,1,1,1,FINALIZED_WITHIN_C2_LIMIT,0.03647,2.542
5115,40000.0,0.02,greedy,ZYZZYVA,8.0,1.0,0.0603,1,1,1,FINALIZED_WITHIN_C2_LIMIT,0.036352,2.117
5116,40000.0,0.02,greedy,ZYZZYVA,8.0,1.0,0.0603,1,1,1,FINALIZED_WITHIN_C2_LIMIT,0.05546,2.249
5117,40000.0,0.02,greedy,ZYZZYVA,8.0,1.0,0.0603,1,1,1,FINALIZED_WITHIN_C2_LIMIT,0.041517,2.333
5118,40000.0,0.02,greedy,ZYZZYVA,8.0,1.0,0.0603,1,1,1,FINALIZED_WITHIN_C2_LIMIT,0.035125,2.363
5119,40000.0,0.02,greedy,ZYZZYVA,8.0,1.0,0.0603,1,1,1,FINALIZED_WITHIN_C2_LIMIT,0.057359,1.997
5120,40000.0,0.02,greedy,ZYZZYVA,8.0,1.0,0.0603,1,1,1,FINALIZED_WITHIN_C2_LIMIT,0.033454,2.153
5121,40000.0,0.02,greedy,ZYZZYVA,8.0,1.0,0.0603,1,1,1,FINALIZED_WITHIN_C2_LIMIT,0.047975,2.032
5122,40000.0,0.02,greedy,ZYZZYVA,8.0,1.0,0.0603,1,1,1,FINALIZED_WITHIN_C2_LIMIT,0.031104,2.551
5123,40000.0,0.02,greedy,ZYZZYVA,8.0,1.0,0.0603,1,1,1,FINALIZED_WITHIN_C2_LIMIT,0.044357,2.014
5124,40000.0,0.02,greedy,ZYZZYVA,8.0,1.0,0.0603,1,1,1,FINALIZED_WITHIN_C2_LIMIT,0.058822,2.285
5125,40000.0,0.02,greedy,ZYZZYVA,8.0,1.0,0.0603,1,1,1,FINALIZED_WITHIN_C2_LIMIT,0.264081,1.958
5126,40000.0,0.02,greedy,ZYZZYVA,8.0,1.0,0.0603,1,1,1,FINALIZED_WITHIN_C2_LIMIT,0.36107,2.371
5127,40000.0,0.02,greedy,ZYZZYVA,8.0,1.0,0.0603,1,1,1,FINALIZED_WITHIN_C2_LIMIT,0.109248,2.255
5128,40000.0,0.02,greedy,ZYZZYVA,8.0,1.0,0.0603,1,1,1,FINALIZED_WITHIN_C2_LIMIT,0.098411,2.225
5129,40000.0,0.02,greedy,ZYZZYVA,8.0,1.0,0.0603,1,1,1,FINALIZED_WITHIN_C2_LIMIT,0.265344,2.106
5130,40000.0,0.02,greedy,ZYZZYVA,8.0,1.0,0.0603,1,1,1,FINALIZED_WITHIN_C2_LIMIT,0.119887,2.176
5131,40000.0,0.02,greedy,ZYZZYVA,8.0,1.0,0.0603,1,1,1,FINALIZED_WITHIN_C2_LIMIT,0.097068,2.103
5132,40000.0,0.02,greedy,ZYZZYVA,8.0,1.0,0.0603,1,1,1,FINALIZED_WITHIN_C2_LIMIT,0.122389,2.354
5133,40000.0,0.02,greedy,ZYZZYVA,8.0,1.0,0.0603,1,1,1,FINALIZED_WITHIN_C2_LIMIT,0.041091,1.968
5134,40000.0,0.02,greedy,ZYZZYVA,8.0,1.0,0.0603,1,1,1,FINALIZED_WITHIN_C2_LIMIT,0.286249,2.269
5135,40000.0,0.02,greedy,ZYZZYVA,8.0,1.0,0.0603,1,1,1,FINALIZED_WITHIN_C2_LIMIT,0.460341,2.443
5136,40000.0,0.02,greedy,ZYZZYVA,8.0,1.0,0.0603,1,1,1,FINALIZED_WITHIN_C2_LIMIT,0.251823,2.572
5137,40000.0,0.02,greedy,ZYZZYVA,8.0,1.0,0.0603,1,1,1,FINALIZED_WITHIN_C2_LIMIT,0.049603,2.113
5138,40000.0,0.02,greedy,ZYZZYVA,8.0,1.0,0.0603,1,1,1,FINALIZED_WITHIN_C2_LIMIT,0.058927,2.651
5139,40000.0,0.02,greedy,ZYZZYVA,8.0,1.0,0.0603,1,1,1,FINALIZED_WITHIN_C2_LIMIT,0.030437,2.21
5140,40000.0,0.02,greedy,ZYZZYVA,8.0,1.0,0.0603,1,1,1,FINALIZED_WITHIN_C2_LIMIT,0.02484,2.333
5141,40000.0,0.02,greedy,ZYZZYVA,8.0,1.0,0.0603,1,1,1,FINALIZED_WITHIN_C2_LIMIT,0.060288,2.329
5142,40000.0,0.02,greedy,ZYZZYVA,8.0,1.0,0.0603,1,1,1,FINALIZED_WITHIN_C2_LIMIT,0.032166,2.578
5143,40000.0,0.02,greedy,ZYZZYVA,8.0,1.0,0.0603,1,1,1,FINALIZED_WITHIN_C2_LIMIT,0.183661,2.351
5144,40000.0,0.02,greedy,ZYZZYVA,8.0,1.0,0.0603,1,1,1,FINALIZED_WITHIN_C2_LIMIT,0.22852,2.901
5145,40000.0,0.02,greedy,ZYZZYVA,8.0,1.0,0.0603,1,1,1,FINALIZED_WITHIN_C2_LIMIT,0.050837,2.427
5146,40000.0,0.02,greedy,LIU_QUORUM,8.0,1.0,0.0603,1,1,1,FINALIZED_WITHIN_C2_LIMIT,0.260766,2.649
5147,40000.0,0.02,greedy,LIU_QUORUM,8.0,1.0,0.0603,1,1,1,FINALIZED_WITHIN_C2_LIMIT,0.466895,2.384
5148,40000.0,0.02,greedy,LIU_QUORUM,8.0,1.0,0.0603,1,1,1,FINALIZED_WITHIN_C2_LIMIT,0.281401,2.814
5149,40000.0,0.02,greedy,LIU_QUORUM,8.0,1.0,0.0603,1,1,1,FINALIZED_WITHIN_C2_LIMIT,0.071053,2.655
5150,40000.0,0.02,greedy,ZYZZYVA,8.0,1.0,0.0603,1,1,1,FINALIZED_WITHIN_C2_LIMIT,0.100186,2.918
5151,40000.0,0.02,greedy,ZYZZYVA,8.0,1.0,0.0603,1,1,1,FINALIZED_WITHIN_C2_LIMIT,0.073247,3.007
5152,40000.0,0.02,greedy,ZYZZYVA,8.0,1.0,0.0603,1,1,1,FINALIZED_WITHIN_C2_LIMIT,0.113225,3.338
5153,40000.0,0.02,greedy,ZYZZYVA,8.0,1.0,0.0603,1,1,1,FINALIZED_WITHIN_C2_LIMIT,0.126486,2.894
5154,40000.0,0.02,greedy,ZYZZYVA,8.0,1.0,0.0603,1,1,1,FINALIZED_WITHIN_C2_LIMIT,0.017586,2.574
5155,40000.0,0.02,greedy,ZYZZYVA,8.0,1.0,0.0603,1,1,1,FINALIZED_WITHIN_C2_LIMIT,0.271454,2.769
5156,40000.0,0.02,greedy,ZYZZYVA,8.0,1.0,0.0603,1,1,1,FINALIZED_WITHIN_C2_LIMIT,0.447041,2.642
5157,8000.0,0.02,explore,LIU_QUORUM,1.6,1.0,0.1982,1,1,1,FINALIZED_WITHIN_C2_LIMIT,0.168951,0.803
5158,40000.0,0.02,greedy,ZYZZYVA,8.0,1.0,0.0603,1,1,1,FINALIZED_WITHIN_C2_LIMIT,0.062398,3.503
5159,40000.0,0.02,greedy,ZYZZYVA,8.0,1.0,0.0603,1,1,1,FINALIZED_WITHIN_C2_LIMIT,0.180315,2.986
5160,40000.0,0.02,greedy,LIU_QUORUM,8.0,1.0,0.0603,1,1,1,FINALIZED_WITHIN_C2_LIMIT,0.037319,3.682
5161,40000.0,0.02,greedy,LIU_QUORUM,8.0,1.0,0.0603,1,1,1,FINALIZED_WITHIN_C2_LIMIT,0.188942,3.484
5162,40000.0,0.02,greedy,ZYZZYVA,8.0,1.0,0.0603,1,1,1,FINALIZED_WITHIN_C2_LIMIT,0.276695,3.523
5163,40000.0,0.02,greedy,ZYZZYVA,8.0,1.0,0.0603,1,1,1,FINALIZED_WITHIN_C2_LIMIT,0.118723,3.02
5164,40000.0,0.02,greedy,LIU_QUORUM,8.0,1.0,0.0603,1,1,1,FINALIZED_WITHIN_C2_LIMIT,0.074211,2.686
5165,40000.0,0.02,greedy,LIU_QUORUM,8.0,1.0,0.0603,1,1,1,FINALIZED_WITHIN_C2_LIMIT,0.200831,2.905
5166,40000.0,0.02,greedy,LIU_QUORUM,8.0,1.0,0.0603,1,1,1,FINALIZED_WITHIN_C2_LIMIT,0.050096,3.51
5167,40000.0,0.02,greedy,LIU_QUORUM,8.0,1.0,0.0603,1,1,1,FINALIZED_WITHIN_C2_LIMIT,0.163442,2.7
5168,40000.0,0.02,greedy,LIU_QUORUM,8.0,1.0,0.0603,1,1,1,FINALIZED_WITHIN_C2_LIMIT,0.269481,3.719
5169,40000.0,0.02,greedy,LIU_QUORUM,8.0,1.0,0.0603,1,1,1,FINALIZED_WITHIN_C2_LIMIT,0.108082,2.603
5170,40000.0,0.02,greedy,LIU_QUORUM,8.0,1.0,0.0603,1,1,1,FINALIZED_WITHIN_C2_LIMIT,0.116663,2.709
5171,40000.0,0.02,greedy,LIU_QUORUM,8.0,1.0,0.0603,1,1,1,FINALIZED_WITHIN_C2_LIMIT,0.232799,2.95
5172,40000.0,0.02,greedy,LIU_QUORUM,8.0,1.0,0.0603,1,1,1,FINALIZED_WITHIN_C2_LIMIT,0.075178,2.968
5173,40000.0,0.02,greedy,ZYZZYVA,8.0,1.0,0.0603,1,1,1,FINALIZED_WITHIN_C2_LIMIT,0.136951,2.943
5174,40000.0,0.02,greedy,ZYZZYVA,8.0,1.0,0.0603,1,1,1,FINALIZED_WITHIN_C2_LIMIT,0.195199,3.083
5175,40000.0,0.02,greedy,ZYZZYVA,8.0,1.0,0.0603,1,1,1,FINALIZED_WITHIN_C2_LIMIT,0.096904,3.119
5176,40000.0,0.02,greedy,ZYZZYVA,8.0,1.0,0.0603,1,1,1,FINALIZED_WITHIN_C2_LIMIT,0.151339,2.999
5177,40000.0,0.02,greedy,ZYZZYVA,8.0,1.0,0.0603,1,1,1,FINALIZED_WITHIN_C2_LIMIT,0.228344,3.245
5178,40000.0,0.02,greedy,ZYZZYVA,8.0,1.0,0.0603,1,1,1,FINALIZED_WITHIN_C2_LIMIT,0.122439,3.387
5179,40000.0,0.02,greedy,ZYZZYVA,8.0,1.0,0.0603,1,1,1,FINALIZED_WITHIN_C2_LIMIT,0.117669,2.868
5180,40000.0,0.02,greedy,ZYZZYVA,8.0,1.0,0.0603,1,1,1,FINALIZED_WITHIN_C2_LIMIT,0.22252,2.927
5181,40000.0,0.02,greedy,ZYZZYVA,8.0,1.0,0.0603,1,1,1,FINALIZED_WITHIN_C2_LIMIT,0.067566,2.76
5182,40000.0,0.02,greedy,ZYZZYVA,8.0,1.0,0.0603,1,1,1,FINALIZED_WITHIN_C2_LIMIT,0.15914,2.89
5183,40000.0,0.02,greedy,ZYZZYVA,8.0,1.0,0.0603,1,1,1,FINALIZED_WITHIN_C2_LIMIT,0.241717,2.746
5184,40000.0,0.02,greedy,ZYZZYVA,8.0,1.0,0.0603,1,1,1,FINALIZED_WITHIN_C2_LIMIT,0.08316,2.703
5185,40000.0,0.02,greedy,ZYZZYVA,8.0,1.0,0.0603,1,1,1,FINALIZED_WITHIN_C2_LIMIT,0.121155,3.289
5186,40000.0,0.02,greedy,ZYZZYVA,8.0,1.0,0.0603,1,1,1,FINALIZED_WITHIN_C2_LIMIT,0.192089,2.836
5187,40000.0,0.02,greedy,ZYZZYVA,8.0,1.0,0.0603,1,1,1,FINALIZED_WITHIN_C2_LIMIT,0.060516,2.889
5188,40000.0,0.02,greedy,ZYZZYVA,8.0,1.0,0.0603,1,1,1,FINALIZED_WITHIN_C2_LIMIT,0.12238,3.187
5189,40000.0,0.02,greedy,LIU_QUORUM,8.0,1.0,0.0603,1,1,1,FINALIZED_WITHIN_C2_LIMIT,0.287138,2.92
5190,40000.0,0.02,greedy,LIU_QUORUM,8.0,1.0,0.0603,1,1,1,FINALIZED_WITHIN_C2_LIMIT,0.093314,3.397
5191,40000.0,0.02,greedy,ZYZZYVA,8.0,1.0,0.0603,1,1,1,FINALIZED_WITHIN_C2_LIMIT,0.083026,3.088
5192,40000.0,0.02,greedy,LIU_QUORUM,8.0,1.0,0.0603,1,1,1,FINALIZED_WITHIN_C2_LIMIT,0.167099,3.29
5193,40000.0,0.02,greedy,LIU_QUORUM,8.0,1.0,0.0603,1,1,1,FINALIZED_WITHIN_C2_LIMIT,0.047984,2.777
5194,40000.0,0.02,greedy,LIU_QUORUM,8.0,1.0,0.0603,1,1,1,FINALIZED_WITHIN_C2_LIMIT,0.214285,3.853
5195,40000.0,0.02,greedy,LIU_QUORUM,8.0,1.0,0.0603,1,1,1,FINALIZED_WITHIN_C2_LIMIT,0.283624,3.616
5196,40000.0,0.02,greedy,LIU_QUORUM,8.0,1.0,0.0603,1,1,1,FINALIZED_WITHIN_C2_LIMIT,0.083532,3.441
5197,40000.0,0.02,greedy,LIU_QUORUM,8.0,1.0,0.0603,1,1,1,FINALIZED_WITHIN_C2_LIMIT,0.077261,3.699
5198,40000.0,0.02,greedy,LIU_QUORUM,8.0,1.0,0.0603,1,1,1,FINALIZED_WITHIN_C2_LIMIT,0.16297,3.054
5199,40000.0,0.02,greedy,LIU_QUORUM,8.0,1.0,0.0603,1,1,1,FINALIZED_WITHIN_C2_LIMIT,0.022994,3.614
5200,40000.0,0.02,greedy,ZYZZYVA,8.0,1.0,0.0603,1,1,1,FINALIZED_WITHIN_C2_LIMIT,0.294212,3.985
5201,40000.0,0.02,greedy,ZYZZYVA,8.0,1.0,0.0603,1,1,1,FINALIZED_WITHIN_C2_LIMIT,0.461496,3.089
5202,40000.0,0.02,greedy,ZYZZYVA,8.0,1.0,0.0603,1,1,1,FINALIZED_WITHIN_C2_LIMIT,0.21114,3.191
5203,40000.0,0.02,greedy,ZYZZYVA,8.0,1.0,0.0603,1,1,1,FINALIZED_WITHIN_C2_LIMIT,0.061294,3.856
5204,40000.0,0.02,greedy,ZYZZYVA,8.0,1.0,0.0603,1,1,1,FINALIZED_WITHIN_C2_LIMIT,0.107329,3.558
5205,40000.0,0.02,greedy,ZYZZYVA,8.0,1.0,0.0603,1,1,1,FINALIZED_WITHIN_C2_LIMIT,0.042855,2.824
5206,24000.0,0.02,explore,LIU_QUORUM,4.8,1.0,0.1001,1,1,1,FINALIZED_WITHIN_C2_LIMIT,0.269849,1.86
5207,40000.0,0.02,greedy,ZYZZYVA,8.0,1.0,0.0603,1,1,1,FINALIZED_WITHIN_C2_LIMIT,0.42057,2.521
5208,40000.0,0.02,greedy,ZYZZYVA,8.0,1.0,0.0603,1,1,1,FINALIZED_WITHIN_C2_LIMIT,0.227549,2.943
5209,40000.0,0.02,greedy,ZYZZYVA,8.0,1.0,0.0603,1,1,1,FINALIZED_WITHIN_C2_LIMIT,0.042684,3.233
5210,40000.0,0.02,greedy,ZYZZYVA,8.0,1.0,0.0603,1,1,1,FINALIZED_WITHIN_C2_LIMIT,0.091555,2.82
5211,40000.0,0.02,greedy,ZYZZYVA,8.0,1.0,0.0603,1,1,1,FINALIZED_WITHIN_C2_LIMIT,0.029094,3.332
5212,40000.0,0.02,greedy,ZYZZYVA,8.0,1.0,0.0603,1,1,1,FINALIZED_WITHIN_C2_LIMIT,0.244447,3.091
5213,40000.0,0.02,greedy,ZYZZYVA,8.0,1.0,0.0603,1,1,1,FINALIZED_WITHIN_C2_LIMIT,0.430285,2.972
5214,40000.0,0.02,greedy,ZYZZYVA,8.0,1.0,0.0603,1,1,1,FINALIZED_WITHIN_C2_LIMIT,0.220378,2.631
5215,40000.0,0.02,greedy,ZYZZYVA,8.0,1.0,0.0603,1,1,1,FINALIZED_WITHIN_C2_LIMIT,0.038755,2.876
5216,40000.0,0.02,greedy,ZYZZYVA,8.0,1.0,0.0603,1,1,1,FINALIZED_WITHIN_C2_LIMIT,0.09827,3.023
5217,40000.0,0.02,greedy,ZYZZYVA,8.0,1.0,0.0603,1,1,1,FINALIZED_WITHIN_C2_LIMIT,0.048868,2.983
5218,40000.0,0.02,greedy,LIU_QUORUM,8.0,1.0,0.0603,1,1,1,FINALIZED_WITHIN_C2_LIMIT,0.270282,2.702
5219,40000.0,0.02,greedy,LIU_QUORUM,8.0,1.0,0.0603,1,1,1,FINALIZED_WITHIN_C2_LIMIT,0.237152,2.933
5220,40000.0,0.02,greedy,LIU_QUORUM,8.0,1.0,0.0727,1,1,1,FINALIZED_WITHIN_C2_LIMIT,0.058828,3.101
5221,40000.0,0.02,greedy,LIU_QUORUM,8.0,1.0,0.0638,1,1,1,FINALIZED_WITHIN_C2_LIMIT,0.266988,3.492
5222,40000.0,0.02,greedy,LIU_QUORUM,8.0,1.0,0.0727,1,1,1,FINALIZED_WITHIN_C2_LIMIT,0.405945,2.732
5223,40000.0,0.02,greedy,LIU_QUORUM,8.0,1.0,0.0603,1,1,1,FINALIZED_WITHIN_C2_LIMIT,0.317795,2.514
5224,40000.0,0.02,greedy,LIU_QUORUM,8.0,1.0,0.0603,1,1,1,FINALIZED_WITHIN_C2_LIMIT,0.035737,2.517
5225,40000.0,0.02,greedy,LIU_QUORUM,8.0,1.0,0.0603,1,1,1,FINALIZED_WITHIN_C2_LIMIT,0.56325,2.769
5226,40000.0,0.02,greedy,LIU_QUORUM,8.0,1.0,0.0603,1,1,1,FINALIZED_WITHIN_C2_LIMIT,1.295533,2.361
5227,40000.0,0.02,greedy,LIU_QUORUM,8.0,1.0,0.0603,1,1,1,FINALIZED_WITHIN_C2_LIMIT,1.214124,3.11
5228,40000.0,0.02,greedy,LIU_QUORUM,8.0,1.0,0.0603,1,1,1,FINALIZED_WITHIN_C2_LIMIT,0.53018,3.195
5229,40000.0,0.02,greedy,LIU_QUORUM,8.0,1.0,0.0603,1,1,1,FINALIZED_WITHIN_C2_LIMIT,0.03215,3.053
5230,40000.0,0.02,greedy,LIU_QUORUM,8.0,1.0,0.0603,1,1,1,FINALIZED_WITHIN_C2_LIMIT,0.735264,2.997
5231,40000.0,0.02,greedy,ZYZZYVA,8.0,1.0,0.0603,1,1,1,FINALIZED_WITHIN_C2_LIMIT,1.734814,2.776
5232,40000.0,0.02,greedy,ZYZZYVA,8.0,1.0,0.0603,1,1,1,FINALIZED_WITHIN_C2_LIMIT,2.163619,2.47
5233,40000.0,0.02,greedy,ZYZZYVA,8.0,1.0,0.0603,1,1,1,FINALIZED_WITHIN_C2_LIMIT,1.489856,2.729
5234,40000.0,0.02,greedy,ZYZZYVA,8.0,1.0,0.0603,1,1,1,FINALIZED_WITHIN_C2_LIMIT,0.453932,2.708
5235,40000.0,0.02,greedy,ZYZZYVA,8.0,1.0,0.0603,1,1,1,FINALIZED_WITHIN_C2_LIMIT,0.050827,2.959
5236,40000.0,0.02,greedy,ZYZZYVA,8.0,1.0,0.0603,1,1,1,FINALIZED_WITHIN_C2_LIMIT,0.488997,2.77
5237,40000.0,0.02,greedy,ZYZZYVA,8.0,1.0,0.0603,1,1,1,FINALIZED_WITHIN_C2_LIMIT,0.448967,2.723
5238,40000.0,0.02,greedy,ZYZZYVA,8.0,1.0,0.0603,1,1,1,FINALIZED_WITHIN_C2_LIMIT,0.194992,2.777
5239,40000.0,0.02,greedy,ZYZZYVA,8.0,1.0,0.0603,1,1,1,FINALIZED_WITHIN_C2_LIMIT,0.057879,2.381
5240,40000.0,0.02,greedy,ZYZZYVA,8.0,1.0,0.0603,1,1,1,FINALIZED_WITHIN_C2_LIMIT,0.160678,2.556
5241,40000.0,0.02,greedy,ZYZZYVA,8.0,1.0,0.0603,1,1,1,FINALIZED_WITHIN_C2_LIMIT,0.088957,2.535
5242,40000.0,0.02,greedy,ZYZZYVA,8.0,1.0,0.0603,1,1,1,FINALIZED_WITHIN_C2_LIMIT,0.076935,2.703
5243,40000.0,0.02,greedy,ZYZZYVA,8.0,1.0,0.0603,1,1,1,FINALIZED_WITHIN_C2_LIMIT,0.141059,2.434
5244,40000.0,0.02,greedy,ZYZZYVA,8.0,1.0,0.0603,1,1,1,FINALIZED_WITHIN_C2_LIMIT,0.043014,2.293
5245,40000.0,0.02,greedy,ZYZZYVA,8.0,1.0,0.0603,1,1,1,FINALIZED_WITHIN_C2_LIMIT,0.340205,2.343
5246,40000.0,0.02,greedy,ZYZZYVA,8.0,1.0,0.0603,1,1,1,FINALIZED_WITHIN_C2_LIMIT,0.512511,2.5
5247,40000.0,0.02,greedy,ZYZZYVA,8.0,1.0,0.0603,1,1,1,FINALIZED_WITHIN_C2_LIMIT,0.289291,2.464
5248,40000.0,0.02,greedy,ZYZZYVA,8.0,1.0,0.0603,1,1,1,FINALIZED_WITHIN_C2_LIMIT,0.026633,2.442
5249,40000.0,0.02,greedy,ZYZZYVA,8.0,1.0,0.0603,1,1,1,FINALIZED_WITHIN_C2_LIMIT,0.297437,2.229
5250,40000.0,0.02,greedy,ZYZZYVA,8.0,1.0,0.0603,1,1,1,FINALIZED_WITHIN_C2_LIMIT,0.537892,2.469
5251,40000.0,0.02,greedy,ZYZZYVA,8.0,1.0,0.0603,1,1,1,FINALIZED_WITHIN_C2_LIMIT,0.222165,2.664
5252,40000.0,0.02,greedy,ZYZZYVA,8.0,1.0,0.0603,1,1,1,FINALIZED_WITHIN_C2_LIMIT,0.020908,3.111
5253,40000.0,0.02,greedy,LIU_QUORUM,8.0,1.0,0.0603,1,1,1,FINALIZED_WITHIN_C2_LIMIT,0.093164,2.396
5254,40000.0,0.02,greedy,LIU_QUORUM,8.0,1.0,0.0603,1,1,1,FINALIZED_WITHIN_C2_LIMIT,0.033049,2.837
5255,40000.0,0.02,greedy,LIU_QUORUM,8.0,1.0,0.0603,1,1,1,FINALIZED_WITHIN_C2_LIMIT,0.028847,2.815
5256,40000.0,0.02,greedy,LIU_QUORUM,8.0,1.0,0.0603,1,1,1,FINALIZED_WITHIN_C2_LIMIT,0.061659,2.402
5257,40000.0,0.02,greedy,ZYZZYVA,8.0,1.0,0.0603,1,1,1,FINALIZED_WITHIN_C2_LIMIT,0.023744,2.44
5258,40000.0,0.02,greedy,ZYZZYVA,8.0,1.0,0.0603,1,1,1,FINALIZED_WITHIN_C2_LIMIT,0.090582,2.283
5259,40000.0,0.02,greedy,ZYZZYVA,8.0,1.0,0.0603,1,1,1,FINALIZED_WITHIN_C2_LIMIT,0.022691,2.307
5260,40000.0,0.02,greedy,ZYZZYVA,8.0,1.0,0.0603,1,1,1,FINALIZED_WITHIN_C2_LIMIT,0.237319,2.239
5261,40000.0,0.02,greedy,ZYZZYVA,8.0,1.0,0.0603,1,1,1,FINALIZED_WITHIN_C2_LIMIT,0.3226,2.136
5262,40000.0,0.02,greedy,ZYZZYVA,8.0,1.0,0.0603,1,1,1,FINALIZED_WITHIN_C2_LIMIT,0.10506,2.679
5263,40000.0,0.02,greedy,ZYZZYVA,8.0,1.0,0.0603,1,1,1,FINALIZED_WITHIN_C2_LIMIT,0.10513,2.193
5264,40000.0,0.02,greedy,ZYZZYVA,8.0,1.0,0.0603,1,1,1,FINALIZED_WITHIN_C2_LIMIT,0.274876,2.629
5265,40000.0,0.02,greedy,ZYZZYVA,8.0,1.0,0.0603,1,1,1,FINALIZED_WITHIN_C2_LIMIT,0.096192,2.572
5266,40000.0,0.02,greedy,ZYZZYVA,8.0,1.0,0.0603,1,1,1,FINALIZED_WITHIN_C2_LIMIT,0.102296,2.612
5267,40000.0,0.02,greedy,ZYZZYVA,8.0,1.0,0.0603,1,1,1,FINALIZED_WITHIN_C2_LIMIT,0.13733,2.56
5268,40000.0,0.02,greedy,ZYZZYVA,8.0,1.0,0.0603,1,1,1,FINALIZED_WITHIN_C2_LIMIT,0.040866,2.441
5269,40000.0,0.02,greedy,ZYZZYVA,8.0,1.0,0.0603,1,1,1,FINALIZED_WITHIN_C2_LIMIT,0.194719,2.501
5270,40000.0,0.02,greedy,ZYZZYVA,8.0,1.0,0.0603,1,1,1,FINALIZED_WITHIN_C2_LIMIT,0.332018,2.356
5271,40000.0,0.02,greedy,ZYZZYVA,8.0,1.0,0.0603,1,1,1,FINALIZED_WITHIN_C2_LIMIT,0.184176,2.425
5272,40000.0,0.02,greedy,ZYZZYVA,8.0,1.0,0.0603,1,1,1,FINALIZED_WITHIN_C2_LIMIT,0.088213,2.36
5273,40000.0,0.02,greedy,ZYZZYVA,8.0,1.0,0.0603,1,1,1,FINALIZED_WITHIN_C2_LIMIT,0.121777,2.456
5274,40000.0,0.02,greedy,ZYZZYVA,8.0,1.0,0.0603,1,1,1,FINALIZED_WITHIN_C2_LIMIT,0.079019,2.547
5275,40000.0,0.02,greedy,ZYZZYVA,8.0,1.0,0.0603,1,1,1,FINALIZED_WITHIN_C2_LIMIT,0.038594,2.656
5276,40000.0,0.02,greedy,ZYZZYVA,8.0,1.0,0.0603,1,1,1,FINALIZED_WITHIN_C2_LIMIT,0.058603,2.344
5277,40000.0,0.02,greedy,ZYZZYVA,8.0,1.0,0.0603,1,1,1,FINALIZED_WITHIN_C2_LIMIT,0.022708,2.422
5278,40000.0,0.02,greedy,ZYZZYVA,8.0,1.0,0.0603,1,1,1,FINALIZED_WITHIN_C2_LIMIT,0.041807,2.279
5279,40000.0,0.02,greedy,ZYZZYVA,8.0,1.0,0.0603,1,1,1,FINALIZED_WITHIN_C2_LIMIT,0.046562,2.686
5280,40000.0,0.02,greedy,ZYZZYVA,8.0,1.0,0.0603,1,1,1,FINALIZED_WITHIN_C2_LIMIT,0.041091,2.502
5281,40000.0,0.02,greedy,ZYZZYVA,8.0,1.0,0.0603,1,1,1,FINALIZED_WITHIN_C2_LIMIT,0.032078,2.421
5282,40000.0,0.02,greedy,ZYZZYVA,8.0,1.0,0.0603,1,1,1,FINALIZED_WITHIN_C2_LIMIT,0.03468,2.113
5283,40000.0,0.02,greedy,ZYZZYVA,8.0,1.0,0.0603,1,1,1,FINALIZED_WITHIN_C2_LIMIT,0.037318,2.299
5284,40000.0,0.02,greedy,ZYZZYVA,8.0,1.0,0.0603,1,1,1,FINALIZED_WITHIN_C2_LIMIT,0.026382,2.166
5285,40000.0,0.02,greedy,ZYZZYVA,8.0,1.0,0.0603,1,1,1,FINALIZED_WITHIN_C2_LIMIT,0.032399,2.456
5286,40000.0,0.02,greedy,ZYZZYVA,8.0,1.0,0.0603,1,1,1,FINALIZED_WITHIN_C2_LIMIT,0.099504,2.651
5287,40000.0,0.02,greedy,ZYZZYVA,8.0,1.0,0.054,1,1,1,FINALIZED_WITHIN_C2_LIMIT,0.050133,2.352
5288,40000.0,0.02,greedy,ZYZZYVA,8.0,1.0,0.054,1,1,1,FINALIZED_WITHIN_C2_LIMIT,0.129866,2.062
5289,40000.0,0.02,greedy,ZYZZYVA,8.0,1.0,0.054,1,1,1,FINALIZED_WITHIN_C2_LIMIT,0.125851,1.991
5290,40000.0,0.02,greedy,ZYZZYVA,8.0,1.0,0.054,1,1,1,FINALIZED_WITHIN_C2_LIMIT,0.029702,2.218
5291,40000.0,0.02,greedy,ZYZZYVA,8.0,1.0,0.054,1,1,1,FINALIZED_WITHIN_C2_LIMIT,0.027177,2.081
5292,40000.0,0.02,greedy,ZYZZYVA,8.0,1.0,0.054,1,1,1,FINALIZED_WITHIN_C2_LIMIT,0.025322,2.158
5293,40000.0,0.02,greedy,ZYZZYVA,8.0,1.0,0.054,1,1,1,FINALIZED_WITHIN_C2_LIMIT,0.075131,1.963
5294,40000.0,0.02,greedy,LIU_QUORUM,8.0,1.0,0.0638,1,1,1,FINALIZED_WITHIN_C2_LIMIT,0.021851,1.886
5295,40000.0,0.02,greedy,LIU_QUORUM,8.0,1.0,0.0603,1,1,1,FINALIZED_WITHIN_C2_LIMIT,0.154658,1.808
5296,40000.0,0.02,greedy,LIU_QUORUM,8.0,1.0,0.0603,1,1,1,FINALIZED_WITHIN_C2_LIMIT,0.108324,2.073
5297,40000.0,0.02,greedy,LIU_QUORUM,8.0,1.0,0.0603,1,1,1,FINALIZED_WITHIN_C2_LIMIT,0.037901,1.973
5298,40000.0,0.02,greedy,LIU_QUORUM,8.0,1.0,0.0603,1,1,1,FINALIZED_WITHIN_C2_LIMIT,0.031985,2.231
5299,40000.0,0.02,greedy,LIU_QUORUM,8.0,1.0,0.0603,1,1,1,FINALIZED_WITHIN_C2_LIMIT,0.038244,1.917
5300,40000.0,0.02,greedy,LIU_QUORUM,8.0,1.0,0.0603,1,1,1,FINALIZED_WITHIN_C2_LIMIT,0.472527,2.163
5301,40000.0,0.02,greedy,LIU_QUORUM,8.0,1.0,0.0603,1,1,1,FINALIZED_WITHIN_C2_LIMIT,0.769195,1.998
5302,40000.0,0.02,greedy,LIU_QUORUM,8.0,1.0,0.0603,1,1,1,FINALIZED_WITHIN_C2_LIMIT,0.586732,2.222
5303,40000.0,0.02,greedy,LIU_QUORUM,8.0,1.0,0.0603,1,1,1,FINALIZED_WITHIN_C2_LIMIT,0.101843,1.877
5304,40000.0,0.02,greedy,LIU_QUORUM,8.0,1.0,0.0603,1,1,1,FINALIZED_WITHIN_C2_LIMIT,0.283967,2.051
5305,40000.0,0.02,greedy,LIU_QUORUM,8.0,1.0,0.0603,1,1,1,FINALIZED_WITHIN_C2_LIMIT,0.786678,2.066
5306,40000.0,0.02,greedy,LIU_QUORUM,8.0,1.0,0.0603,1,1,1,FINALIZED_WITHIN_C2_LIMIT,0.729516,2.643
5307,40000.0,0.02,greedy,LIU_QUORUM,8.0,1.0,0.0603,1,1,1,FINALIZED_WITHIN_C2_LIMIT,0.231087,2.28
5308,40000.0,0.02,greedy,LIU_QUORUM,8.0,1.0,0.06,1,1,1,FINALIZED_WITHIN_C2_LIMIT,0.084023,2.459
5309,40000.0,0.02,greedy,LIU_QUORUM,8.0,1.0,0.06,1,1,1,FINALIZED_WITHIN_C2_LIMIT,0.353772,2.153
5310,40000.0,0.02,greedy,LIU_QUORUM,8.0,1.0,0.0603,1,1,1,FINALIZED_WITHIN_C2_LIMIT,0.294192,2.659
5311,40000.0,0.02,greedy,LIU_QUORUM,8.0,1.0,0.0603,1,1,1,FINALIZED_WITHIN_C2_LIMIT,0.051707,2.175
5312,40000.0,0.02,greedy,ZYZZYVA,8.0,1.0,0.0608,1,1,1,FINALIZED_WITHIN_C2_LIMIT,0.206967,2.536
5313,40000.0,0.02,greedy,ZYZZYVA,8.0,1.0,0.0608,1,1,1,FINALIZED_WITHIN_C2_LIMIT,0.204389,2.155
5314,40000.0,0.02,greedy,ZYZZYVA,8.0,1.0,0.0603,1,1,1,FINALIZED_WITHIN_C2_LIMIT,0.039556,2.324
5315,40000.0,0.02,greedy,ZYZZYVA,8.0,1.0,0.0727,1,1,1,FINALIZED_WITHIN_C2_LIMIT,0.389824,2.167
5316,40000.0,0.02,greedy,ZYZZYVA,8.0,1.0,0.0608,1,1,1,FINALIZED_WITHIN_C2_LIMIT,0.677845,2.195
5317,40000.0,0.02,greedy,ZYZZYVA,8.0,1.0,0.0638,1,1,1,FINALIZED_WITHIN_C2_LIMIT,0.382666,2.261
5318,40000.0,0.02,greedy,ZYZZYVA,8.0,1.0,0.0629,1,1,1,FINALIZED_WITHIN_C2_LIMIT,0.028209,2.668
5319,40000.0,0.02,greedy,ZYZZYVA,8.0,1.0,0.0629,1,1,1,FINALIZED_WITHIN_C2_LIMIT,0.70476,2.083
5320,40000.0,0.02,greedy,ZYZZYVA,8.0,1.0,0.0629,1,1,1,FINALIZED_WITHIN_C2_LIMIT,1.471811,2.343
5321,40000.0,0.02,greedy,ZYZZYVA,8.0,1.0,0.0629,1,1,1,FINALIZED_WITHIN_C2_LIMIT,1.42368,2.408
5322,40000.0,0.02,greedy,ZYZZYVA,8.0,1.0,0.0629,1,1,1,FINALIZED_WITHIN_C2_LIMIT,0.543864,2.652
5323,40000.0,0.02,greedy,ZYZZYVA,8.0,1.0,0.06,1,1,1,FINALIZED_WITHIN_C2_LIMIT,0.033165,2.009
5324,40000.0,0.02,greedy,ZYZZYVA,8.0,1.0,0.06,1,1,1,FINALIZED_WITHIN_C2_LIMIT,0.259293,1.968
5325,40000.0,0.02,greedy,ZYZZYVA,8.0,1.0,0.06,1,1,1,FINALIZED_WITHIN_C2_LIMIT,0.106212,1.96
5326,40000.0,0.02,greedy,ZYZZYVA,8.0,1.0,0.06,1,1,1,FINALIZED_WITHIN_C2_LIMIT,0.060558,2.668
5327,40000.0,0.02,greedy,ZYZZYVA,8.0,1.0,0.06,1,1,1,FINALIZED_WITHIN_C2_LIMIT,0.065544,2.579
5328,40000.0,0.02,greedy,ZYZZYVA,8.0,1.0,0.06,1,1,1,FINALIZED_WITHIN_C2_LIMIT,0.049418,2.746
5329,40000.0,0.02,greedy,ZYZZYVA,8.0,1.0,0.06,1,1,1,FINALIZED_WITHIN_C2_LIMIT,0.022031,2.242
5330,40000.0,0.02,greedy,ZYZZYVA,8.0,1.0,0.06,1,1,1,FINALIZED_WITHIN_C2_LIMIT,0.150242,2.221
5331,40000.0,0.02,greedy,ZYZZYVA,8.0,1.0,0.06,1,1,1,FINALIZED_WITHIN_C2_LIMIT,0.186974,2.091
5332,40000.0,0.02,greedy,ZYZZYVA,8.0,1.0,0.0638,1,1,1,FINALIZED_WITHIN_C2_LIMIT,0.017988,2.422
5333,40000.0,0.02,greedy,LIU_QUORUM,8.0,1.0,0.0603,1,1,1,FINALIZED_WITHIN_C2_LIMIT,0.318293,2.143
5334,40000.0,0.02,greedy,LIU_QUORUM,8.0,1.0,0.0603,1,1,1,FINALIZED_WITHIN_C2_LIMIT,0.451349,2.716
5335,40000.0,0.02,greedy,LIU_QUORUM,8.0,1.0,0.0603,1,1,1,FINALIZED_WITHIN_C2_LIMIT,0.155427,2.229
5336,40000.0,0.02,greedy,LIU_QUORUM,8.0,1.0,0.0603,1,1,1,FINALIZED_WITHIN_C2_LIMIT,0.105361,2.558
5337,40000.0,0.02,greedy,LIU_QUORUM,8.0,1.0,0.0603,1,1,1,FINALIZED_WITHIN_C2_LIMIT,0.248008,2.461
5338,40000.0,0.02,greedy,LIU_QUORUM,8.0,1.0,0.0603,1,1,1,FINALIZED_WITHIN_C2_LIMIT,0.109951,2.82
5339,40000.0,0.02,greedy,LIU_QUORUM,8.0,1.0,0.0603,1,1,1,FINALIZED_WITHIN_C2_LIMIT,0.11984,2.548
5340,40000.0,0.02,greedy,LIU_QUORUM,8.0,1.0,0.0603,1,1,1,FINALIZED_WITHIN_C2_LIMIT,0.148045,2.906
5341,40000.0,0.02,greedy,LIU_QUORUM,8.0,1.0,0.0603,1,1,1,FINALIZED_WITHIN_C2_LIMIT,0.06238,2.128
5342,40000.0,0.02,greedy,LIU_QUORUM,8.0,1.0,0.0603,1,1,1,FINALIZED_WITHIN_C2_LIMIT,0.251033,2.467
5343,40000.0,0.02,greedy,LIU_QUORUM,8.0,1.0,0.0603,1,1,1,FINALIZED_WITHIN_C2_LIMIT,0.429562,2.348
5344,40000.0,0.02,greedy,LIU_QUORUM,8.0,1.0,0.0603,1,1,1,FINALIZED_WITHIN_C2_LIMIT,0.206518,2.342
5345,40000.0,0.02,greedy,LIU_QUORUM,8.0,1.0,0.0603,1,1,1,FINALIZED_WITHIN_C2_LIMIT,0.032519,2.165
5346,40000.0,0.02,greedy,LIU_QUORUM,8.0,1.0,0.0603,1,1,1,FINALIZED_WITHIN_C2_LIMIT,0.068062,2.141
5347,40000.0,0.02,greedy,LIU_QUORUM,8.0,1.0,0.0603,1,1,1,FINALIZED_WITHIN_C2_LIMIT,0.029292,2.313
5348,40000.0,0.02,greedy,LIU_QUORUM,8.0,1.0,0.0603,1,1,1,FINALIZED_WITHIN_C2_LIMIT,0.054156,2.311
5349,40000.0,0.02,greedy,LIU_QUORUM,8.0,1.0,0.0603,1,1,1,FINALIZED_WITHIN_C2_LIMIT,0.060274,2.188
5350,40000.0,0.02,greedy,ZYZZYVA,8.0,1.0,0.0603,1,1,1,FINALIZED_WITHIN_C2_LIMIT,0.046425,2.427
5351,40000.0,0.02,greedy,ZYZZYVA,8.0,1.0,0.0603,1,1,1,FINALIZED_WITHIN_C2_LIMIT,0.07234,2.241
5352,40000.0,0.02,greedy,ZYZZYVA,8.0,1.0,0.0603,1,1,1,FINALIZED_WITHIN_C2_LIMIT,0.031156,3.014
5353,40000.0,0.02,greedy,ZYZZYVA,8.0,1.0,0.0603,1,1,1,FINALIZED_WITHIN_C2_LIMIT,0.116795,2.528
5354,40000.0,0.02,greedy,ZYZZYVA,8.0,1.0,0.0603,1,1,1,FINALIZED_WITHIN_C2_LIMIT,0.157657,2.709
5355,40000.0,0.02,greedy,ZYZZYVA,8.0,1.0,0.0603,1,1,1,FINALIZED_WITHIN_C2_LIMIT,0.04364,2.585
5356,40000.0,0.02,greedy,ZYZZYVA,8.0,1.0,0.0603,1,1,1,FINALIZED_WITHIN_C2_LIMIT,0.042132,2.549
5357,40000.0,0.02,greedy,ZYZZYVA,8.0,1.0,0.0603,1,1,1,FINALIZED_WITHIN_C2_LIMIT,0.102393,2.512
5358,40000.0,0.02,greedy,ZYZZYVA,8.0,1.0,0.0603,1,1,1,FINALIZED_WITHIN_C2_LIMIT,0.063257,2.516
5359,40000.0,0.02,greedy,ZYZZYVA,8.0,1.0,0.0603,1,1,1,FINALIZED_WITHIN_C2_LIMIT,0.097674,2.595
5360,40000.0,0.02,greedy,ZYZZYVA,8.0,1.0,0.0603,1,1,1,FINALIZED_WITHIN_C2_LIMIT,0.140451,2.982
5361,40000.0,0.02,greedy,ZYZZYVA,8.0,1.0,0.0603,1,1,1,FINALIZED_WITHIN_C2_LIMIT,0.026063,2.805
5362,40000.0,0.02,greedy,ZYZZYVA,8.0,1.0,0.0603,1,1,1,FINALIZED_WITHIN_C2_LIMIT,0.039408,2.981
5363,40000.0,0.02,greedy,ZYZZYVA,8.0,1.0,0.0603,1,1,1,FINALIZED_WITHIN_C2_LIMIT,0.109091,3.028
5364,40000.0,0.02,greedy,ZYZZYVA,8.0,1.0,0.0603,1,1,1,FINALIZED_WITHIN_C2_LIMIT,0.064454,2.821
5365,40000.0,0.02,greedy,ZYZZYVA,8.0,1.0,0.0603,1,1,1,FINALIZED_WITHIN_C2_LIMIT,0.103072,2.547
5366,40000.0,0.02,greedy,ZYZZYVA,8.0,1.0,0.0603,1,1,1,FINALIZED_WITHIN_C2_LIMIT,0.130473,2.422
5367,40000.0,0.02,greedy,ZYZZYVA,8.0,1.0,0.0603,1,1,1,FINALIZED_WITHIN_C2_LIMIT,0.028686,2.629
5368,40000.0,0.02,greedy,ZYZZYVA,8.0,1.0,0.0603,1,1,1,FINALIZED_WITHIN_C2_LIMIT,0.033786,2.419
5369,40000.0,0.02,greedy,ZYZZYVA,8.0,1.0,0.0603,1,1,1,FINALIZED_WITHIN_C2_LIMIT,0.041026,2.372
5370,40000.0,0.02,greedy,ZYZZYVA,8.0,1.0,0.0603,1,1,1,FINALIZED_WITHIN_C2_LIMIT,0.026595,2.259
5371,40000.0,0.02,greedy,LIU_QUORUM,8.0,1.0,0.0603,1,1,1,FINALIZED_WITHIN_C2_LIMIT,0.078126,2.334
5372,40000.0,0.02,greedy,LIU_QUORUM,8.0,1.0,0.0603,1,1,1,FINALIZED_WITHIN_C2_LIMIT,0.02982,2.418
5373,40000.0,0.02,greedy,LIU_QUORUM,8.0,1.0,0.0603,1,1,1,FINALIZED_WITHIN_C2_LIMIT,0.038795,2.282
5374,40000.0,0.02,greedy,LIU_QUORUM,8.0,1.0,0.0603,1,1,1,FINALIZED_WITHIN_C2_LIMIT,0.027613,2.57
5375,40000.0,0.02,greedy,LIU_QUORUM,8.0,1.0,0.0603,1,1,1,FINALIZED_WITHIN_C2_LIMIT,0.038217,2.454
5376,40000.0,0.02,greedy,LIU_QUORUM,8.0,1.0,0.0603,1,1,1,FINALIZED_WITHIN_C2_LIMIT,0.047846,2.328
5377,40000.0,0.02,greedy,LIU_QUORUM,8.0,1.0,0.0603,1,1,1,FINALIZED_WITHIN_C2_LIMIT,0.079325,2.302
5378,40000.0,0.02,greedy,LIU_QUORUM,8.0,1.0,0.0603,1,1,1,FINALIZED_WITHIN_C2_LIMIT,0.032971,2.174
5379,40000.0,0.02,greedy,LIU_QUORUM,8.0,1.0,0.0603,1,1,1,FINALIZED_WITHIN_C2_LIMIT,0.033429,2.345
5380,40000.0,0.02,greedy,LIU_QUORUM,8.0,1.0,0.0603,1,1,1,FINALIZED_WITHIN_C2_LIMIT,0.042487,2.39
5381,40000.0,0.02,greedy,ZYZZYVA,8.0,1.0,0.0603,1,1,1,FINALIZED_WITHIN_C2_LIMIT,0.049491,2.421
5382,40000.0,0.02,greedy,ZYZZYVA,8.0,1.0,0.0603,1,1,1,FINALIZED_WITHIN_C2_LIMIT,0.055825,2.561
5383,40000.0,0.02,greedy,ZYZZYVA,8.0,1.0,0.0603,1,1,1,FINALIZED_WITHIN_C2_LIMIT,0.033313,2.566
5384,40000.0,0.02,greedy,ZYZZYVA,8.0,1.0,0.0603,1,1,1,FINALIZED_WITHIN_C2_LIMIT,0.059429,2.238
5385,40000.0,0.02,greedy,ZYZZYVA,8.0,1.0,0.0603,1,1,1,FINALIZED_WITHIN_C2_LIMIT,0.026336,2.497
5386,40000.0,0.02,greedy,ZYZZYVA,8.0,1.0,0.0603,1,1,1,FINALIZED_WITHIN_C2_LIMIT,0.036687,2.356
5387,40000.0,0.02,greedy,ZYZZYVA,8.0,1.0,0.0603,1,1,1,FINALIZED_WITHIN_C2_LIMIT,0.085396,2.38
5388,40000.0,0.02,greedy,LIU_QUORUM,8.0,1.0,0.0603,1,1,1,FINALIZED_WITHIN_C2_LIMIT,0.051959,2.388
5389,40000.0,0.02,greedy,LIU_QUORUM,8.0,1.0,0.0603,1,1,1,FINALIZED_WITHIN_C2_LIMIT,0.097027,2.332
5390,40000.0,0.02,greedy,LIU_QUORUM,8.0,1.0,0.0603,1,1,1,FINALIZED_WITHIN_C2_LIMIT,0.125508,2.553
5391,40000.0,0.02,greedy,LIU_QUORUM,8.0,1.0,0.0603,1,1,1,FINALIZED_WITHIN_C2_LIMIT,0.057921,2.14
5392,40000.0,0.02,greedy,LIU_QUORUM,8.0,1.0,0.0603,1,1,1,FINALIZED_WITHIN_C2_LIMIT,0.488246,2.408
5393,40000.0,0.02,greedy,LIU_QUORUM,8.0,1.0,0.0603,1,1,1,FINALIZED_WITHIN_C2_LIMIT,0.794833,2.255
5394,40000.0,0.02,greedy,LIU_QUORUM,8.0,1.0,0.0603,1,1,1,FINALIZED_WITHIN_C2_LIMIT,0.520601,2.311
5395,15000.0,0.02,explore,LIU_QUORUM,3.0,1.0,0.0689,1,1,1,FINALIZED_WITHIN_C2_LIMIT,0.098359,1.024
5396,40000.0,0.02,greedy,LIU_QUORUM,8.0,1.0,0.0603,1,1,1,FINALIZED_WITHIN_C2_LIMIT,0.317444,2.476
5397,40000.0,0.02,greedy,LIU_QUORUM,8.0,1.0,0.0603,1,1,1,FINALIZED_WITHIN_C2_LIMIT,1.034708,2.572
5398,40000.0,0.02,greedy,LIU_QUORUM,8.0,1.0,0.0603,1,1,1,FINALIZED_WITHIN_C2_LIMIT,0.837006,2.661
5399,40000.0,0.02,greedy,LIU_QUORUM,8.0,1.0,0.0603,1,1,1,FINALIZED_WITHIN_C2_LIMIT,0.080144,2.405
5400,40000.0,0.02,greedy,ZYZZYVA,8.0,1.0,0.0603,1,1,1,FINALIZED_WITHIN_C2_LIMIT,0.414806,2.57
5401,40000.0,0.02,greedy,ZYZZYVA,8.0,1.0,0.0603,1,1,1,FINALIZED_WITHIN_C2_LIMIT,0.850174,2.717
5402,40000.0,0.02,greedy,ZYZZYVA,8.0,1.0,0.0603,1,1,1,FINALIZED_WITHIN_C2_LIMIT,0.708753,3.17
5403,40000.0,0.02,greedy,ZYZZYVA,8.0,1.0,0.0603,1,1,1,FINALIZED_WITHIN_C2_LIMIT,0.148585,2.903
5404,40000.0,0.02,greedy,ZYZZYVA,8.0,1.0,0.0603,1,1,1,FINALIZED_WITHIN_C2_LIMIT,0.262902,2.663
5405,40000.0,0.02,greedy,ZYZZYVA,8.0,1.0,0.0603,1,1,1,FINALIZED_WITHIN_C2_LIMIT,0.651119,2.525
5406,40000.0,0.02,greedy,ZYZZYVA,8.0,1.0,0.0603,1,1,1,FINALIZED_WITHIN_C2_LIMIT,0.559999,2.468
5407,40000.0,0.02,greedy,ZYZZYVA,8.0,1.0,0.0603,1,1,1,FINALIZED_WITHIN_C2_LIMIT,0.093401,2.467
5408,40000.0,0.02,greedy,ZYZZYVA,8.0,1.0,0.0603,1,1,1,FINALIZED_WITHIN_C2_LIMIT,0.197141,2.97
5409,40000.0,0.02,greedy,ZYZZYVA,8.0,1.0,0.0603,1,1,1,FINALIZED_WITHIN_C2_LIMIT,0.530297,2.467
5410,40000.0,0.02,greedy,ZYZZYVA,8.0,1.0,0.0603,1,1,1,FINALIZED_WITHIN_C2_LIMIT,0.385692,2.42
5411,40000.0,0.02,greedy,ZYZZYVA,8.0,1.0,0.0603,1,1,1,FINALIZED_WITHIN_C2_LIMIT,0.058514,2.502
5412,40000.0,0.02,greedy,ZYZZYVA,8.0,1.0,0.0603,1,1,1,FINALIZED_WITHIN_C2_LIMIT,0.375504,2.624
5413,40000.0,0.02,greedy,ZYZZYVA,8.0,1.0,0.0603,1,1,1,FINALIZED_WITHIN_C2_LIMIT,0.88678,2.736
5414,40000.0,0.02,greedy,ZYZZYVA,8.0,1.0,0.0603,1,1,1,FINALIZED_WITHIN_C2_LIMIT,0.739915,2.616
5415,40000.0,0.02,greedy,ZYZZYVA,8.0,1.0,0.0603,1,1,1,FINALIZED_WITHIN_C2_LIMIT,0.195333,2.342
5416,40000.0,0.02,greedy,ZYZZYVA,8.0,1.0,0.0603,1,1,1,FINALIZED_WITHIN_C2_LIMIT,0.11926,2.683
5417,40000.0,0.02,greedy,ZYZZYVA,8.0,1.0,0.0603,1,1,1,FINALIZED_WITHIN_C2_LIMIT,0.39252,3.02
5418,40000.0,0.02,greedy,ZYZZYVA,8.0,1.0,0.0603,1,1,1,FINALIZED_WITHIN_C2_LIMIT,0.279409,2.549
5419,40000.0,0.02,greedy,ZYZZYVA,8.0,1.0,0.0603,1,1,1,FINALIZED_WITHIN_C2_LIMIT,0.081399,2.316
5420,40000.0,0.02,greedy,ZYZZYVA,8.0,1.0,0.0603,1,1,1,FINALIZED_WITHIN_C2_LIMIT,0.480577,2.395
5421,40000.0,0.02,greedy,ZYZZYVA,8.0,1.0,0.0603,1,1,1,FINALIZED_WITHIN_C2_LIMIT,1.012498,3.143
5422,40000.0,0.02,greedy,ZYZZYVA,8.0,1.0,0.0603,1,1,1,FINALIZED_WITHIN_C2_LIMIT,0.848862,2.669
5423,40000.0,0.02,greedy,ZYZZYVA,8.0,1.0,0.0603,1,1,1,FINALIZED_WITHIN_C2_LIMIT,0.328217,2.598
5424,40000.0,0.02,greedy,ZYZZYVA,8.0,1.0,0.0603,1,1,1,FINALIZED_WITHIN_C2_LIMIT,0.117935,2.629
5425,40000.0,0.02,greedy,ZYZZYVA,8.0,1.0,0.0603,1,1,1,FINALIZED_WITHIN_C2_LIMIT,0.31827,2.574
5426,40000.0,0.02,greedy,ZYZZYVA,8.0,1.0,0.0603,1,1,1,FINALIZED_WITHIN_C2_LIMIT,0.224968,2.349
5427,40000.0,0.02,greedy,ZYZZYVA,8.0,1.0,0.0603,1,1,1,FINALIZED_WITHIN_C2_LIMIT,0.093217,2.203
5428,40000.0,0.02,greedy,ZYZZYVA,8.0,1.0,0.0603,1,1,1,FINALIZED_WITHIN_C2_LIMIT,0.150525,2.39
5429,40000.0,0.02,greedy,ZYZZYVA,8.0,1.0,0.0603,1,1,1,FINALIZED_WITHIN_C2_LIMIT,0.112283,2.76
5430,40000.0,0.02,greedy,ZYZZYVA,8.0,1.0,0.0603,1,1,1,FINALIZED_WITHIN_C2_LIMIT,0.031636,2.712
5431,40000.0,0.02,greedy,ZYZZYVA,8.0,1.0,0.0603,1,1,1,FINALIZED_WITHIN_C2_LIMIT,0.038103,2.885
5432,40000.0,0.02,greedy,ZYZZYVA,8.0,1.0,0.0603,1,1,1,FINALIZED_WITHIN_C2_LIMIT,0.175075,2.551
5433,40000.0,0.02,greedy,ZYZZYVA,8.0,1.0,0.0603,1,1,1,FINALIZED_WITHIN_C2_LIMIT,0.126347,2.587
5434,40000.0,0.02,greedy,ZYZZYVA,8.0,1.0,0.0603,1,1,1,FINALIZED_WITHIN_C2_LIMIT,0.051272,2.152
5435,40000.0,0.02,greedy,ZYZZYVA,8.0,1.0,0.0603,1,1,1,FINALIZED_WITHIN_C2_LIMIT,0.025762,2.619
5436,40000.0,0.02,greedy,ZYZZYVA,8.0,1.0,0.0603,1,1,1,FINALIZED_WITHIN_C2_LIMIT,0.147136,2.528
5437,40000.0,0.02,greedy,ZYZZYVA,8.0,1.0,0.0603,1,1,1,FINALIZED_WITHIN_C2_LIMIT,0.1125,2.457
5438,40000.0,0.02,greedy,ZYZZYVA,8.0,1.0,0.0603,1,1,1,FINALIZED_WITHIN_C2_LIMIT,0.056904,2.126
5439,40000.0,0.02,greedy,LIU_QUORUM,8.0,1.0,0.0603,1,1,1,FINALIZED_WITHIN_C2_LIMIT,0.035538,2.228
5440,40000.0,0.02,greedy,LIU_QUORUM,8.0,1.0,0.0603,1,1,1,FINALIZED_WITHIN_C2_LIMIT,0.128283,2.353
5441,40000.0,0.02,greedy,LIU_QUORUM,8.0,1.0,0.0603,1,1,1,FINALIZED_WITHIN_C2_LIMIT,0.105737,2.539
5442,40000.0,0.02,greedy,LIU_QUORUM,8.0,1.0,0.0603,1,1,1,FINALIZED_WITHIN_C2_LIMIT,0.034071,2.681
5443,40000.0,0.02,greedy,LIU_QUORUM,8.0,1.0,0.0603,1,1,1,FINALIZED_WITHIN_C2_LIMIT,0.044878,2.82
5444,40000.0,0.02,greedy,LIU_QUORUM,8.0,1.0,0.0603,1,1,1,FINALIZED_WITHIN_C2_LIMIT,0.091096,2.707
5445,40000.0,0.02,greedy,LIU_QUORUM,8.0,1.0,0.0603,1,1,1,FINALIZED_WITHIN_C2_LIMIT,0.141674,2.69
5446,40000.0,0.02,greedy,LIU_QUORUM,8.0,1.0,0.0603,1,1,1,FINALIZED_WITHIN_C2_LIMIT,0.038487,2.672
5447,40000.0,0.02,greedy,LIU_QUORUM,8.0,1.0,0.0603,1,1,1,FINALIZED_WITHIN_C2_LIMIT,0.062757,2.784
5448,40000.0,0.02,greedy,LIU_QUORUM,8.0,1.0,0.0603,1,1,1,FINALIZED_WITHIN_C2_LIMIT,0.099713,2.893
5449,40000.0,0.02,greedy,LIU_QUORUM,8.0,1.0,0.0603,1,1,1,FINALIZED_WITHIN_C2_LIMIT,0.129437,2.512
5450,40000.0,0.02,greedy,LIU_QUORUM,8.0,1.0,0.0603,1,1,1,FINALIZED_WITHIN_C2_LIMIT,0.059396,2.595
5451,40000.0,0.02,greedy,LIU_QUORUM,8.0,1.0,0.0603,1,1,1,FINALIZED_WITHIN_C2_LIMIT,0.063192,2.862
5452,40000.0,0.02,greedy,LIU_QUORUM,8.0,1.0,0.0603,1,1,1,FINALIZED_WITHIN_C2_LIMIT,0.073953,2.308
5453,40000.0,0.02,greedy,LIU_QUORUM,8.0,1.0,0.0603,1,1,1,FINALIZED_WITHIN_C2_LIMIT,0.087415,3.019
5454,40000.0,0.02,greedy,LIU_QUORUM,8.0,1.0,0.0603,1,1,1,FINALIZED_WITHIN_C2_LIMIT,0.071891,2.443
5455,40000.0,0.02,greedy,LIU_QUORUM,8.0,1.0,0.0603,1,1,1,FINALIZED_WITHIN_C2_LIMIT,0.049604,2.293
5456,40000.0,0.02,greedy,LIU_QUORUM,8.0,1.0,0.0603,1,1,1,FINALIZED_WITHIN_C2_LIMIT,0.07427,2.413
5457,40000.0,0.02,greedy,ZYZZYVA,8.0,1.0,0.0603,1,1,1,FINALIZED_WITHIN_C2_LIMIT,0.046146,2.744
5458,40000.0,0.02,greedy,ZYZZYVA,8.0,1.0,0.0603,1,1,1,FINALIZED_WITHIN_C2_LIMIT,0.07837,2.412
5459,40000.0,0.02,greedy,ZYZZYVA,8.0,1.0,0.0603,1,1,1,FINALIZED_WITHIN_C2_LIMIT,0.057796,2.749
5460,40000.0,0.02,greedy,ZYZZYVA,8.0,1.0,0.0603,1,1,1,FINALIZED_WITHIN_C2_LIMIT,0.044793,2.599
5461,40000.0,0.02,greedy,ZYZZYVA,8.0,1.0,0.0603,1,1,1,FINALIZED_WITHIN_C2_LIMIT,0.06612,2.593
5462,40000.0,0.02,greedy,ZYZZYVA,8.0,1.0,0.0603,1,1,1,FINALIZED_WITHIN_C2_LIMIT,0.106669,2.501
5463,40000.0,0.02,greedy,ZYZZYVA,8.0,1.0,0.0603,1,1,1,FINALIZED_WITHIN_C2_LIMIT,0.079755,2.83
5464,8000.0,0.02,explore,ZYZZYVA,1.6,1.0,0.1416,1,1,1,FINALIZED_WITHIN_C2_LIMIT,0.036316,0.811
5465,40000.0,0.02,greedy,ZYZZYVA,8.0,1.0,0.0603,1,1,1,FINALIZED_WITHIN_C2_LIMIT,0.038768,2.799
5466,40000.0,0.02,greedy,ZYZZYVA,8.0,1.0,0.0603,1,1,1,FINALIZED_WITHIN_C2_LIMIT,0.115059,2.85
5467,40000.0,0.02,greedy,ZYZZYVA,8.0,1.0,0.0603,1,1,1,FINALIZED_WITHIN_C2_LIMIT,0.061298,2.647
5468,15000.0,0.02,explore,LIU_QUORUM,3.0,1.0,0.0739,1,1,1,FINALIZED_WITHIN_C2_LIMIT,0.039701,1.088
5469,40000.0,0.02,greedy,ZYZZYVA,8.0,1.0,0.0603,1,1,1,FINALIZED_WITHIN_C2_LIMIT,0.060938,3.002
5470,40000.0,0.02,greedy,ZYZZYVA,8.0,1.0,0.0603,1,1,1,FINALIZED_WITHIN_C2_LIMIT,0.098738,2.375
5471,40000.0,0.02,greedy,ZYZZYVA,8.0,1.0,0.0603,1,1,1,FINALIZED_WITHIN_C2_LIMIT,0.058869,3.01
5472,40000.0,0.02,greedy,ZYZZYVA,8.0,1.0,0.0603,1,1,1,FINALIZED_WITHIN_C2_LIMIT,0.038035,2.466
5473,28000.0,0.02,explore,ZYZZYVA,5.6,1.0,0.0362,1,1,1,FINALIZED_WITHIN_C2_LIMIT,0.04104,1.628
5474,40000.0,0.02,greedy,ZYZZYVA,8.0,1.0,0.0603,1,1,1,FINALIZED_WITHIN_C2_LIMIT,0.093795,2.412
5475,40000.0,0.02,greedy,ZYZZYVA,8.0,1.0,0.0603,1,1,1,FINALIZED_WITHIN_C2_LIMIT,0.097586,2.437
5476,40000.0,0.02,greedy,ZYZZYVA,8.0,1.0,0.0603,1,1,1,FINALIZED_WITHIN_C2_LIMIT,0.053676,2.659
5477,40000.0,0.02,greedy,ZYZZYVA,8.0,1.0,0.0603,1,1,1,FINALIZED_WITHIN_C2_LIMIT,0.027728,2.577
5478,40000.0,0.02,greedy,ZYZZYVA,8.0,1.0,0.0603,1,1,1,FINALIZED_WITHIN_C2_LIMIT,0.119638,2.278
5479,40000.0,0.02,greedy,ZYZZYVA,8.0,1.0,0.0603,1,1,1,FINALIZED_WITHIN_C2_LIMIT,0.085865,2.414
5480,40000.0,0.02,greedy,ZYZZYVA,8.0,1.0,0.0603,1,1,1,FINALIZED_WITHIN_C2_LIMIT,0.037985,2.648
5481,40000.0,0.02,greedy,ZYZZYVA,8.0,1.0,0.0603,1,1,1,FINALIZED_WITHIN_C2_LIMIT,0.028688,2.128
5482,40000.0,0.02,greedy,ZYZZYVA,8.0,1.0,0.0603,1,1,1,FINALIZED_WITHIN_C2_LIMIT,0.100962,2.368
5483,40000.0,0.02,greedy,ZYZZYVA,8.0,1.0,0.0603,1,1,1,FINALIZED_WITHIN_C2_LIMIT,0.106695,2.186
5484,40000.0,0.02,greedy,ZYZZYVA,8.0,1.0,0.0603,1,1,1,FINALIZED_WITHIN_C2_LIMIT,0.044719,2.261
5485,40000.0,0.02,greedy,ZYZZYVA,8.0,1.0,0.0603,1,1,1,FINALIZED_WITHIN_C2_LIMIT,0.069468,2.11
5486,40000.0,0.02,greedy,ZYZZYVA,8.0,1.0,0.0603,1,1,1,FINALIZED_WITHIN_C2_LIMIT,0.110582,2.522
5487,40000.0,0.02,greedy,ZYZZYVA,8.0,1.0,0.0603,1,1,1,FINALIZED_WITHIN_C2_LIMIT,0.110523,2.368
5488,40000.0,0.02,greedy,ZYZZYVA,8.0,1.0,0.0603,1,1,1,FINALIZED_WITHIN_C2_LIMIT,0.043247,3.022
5489,40000.0,0.02,greedy,ZYZZYVA,8.0,1.0,0.0603,1,1,1,FINALIZED_WITHIN_C2_LIMIT,0.02711,2.196
5490,40000.0,0.02,greedy,ZYZZYVA,8.0,1.0,0.0603,1,1,1,FINALIZED_WITHIN_C2_LIMIT,0.096871,2.242
5491,40000.0,0.02,greedy,ZYZZYVA,8.0,1.0,0.0603,1,1,1,FINALIZED_WITHIN_C2_LIMIT,0.107199,2.256
5492,40000.0,0.02,greedy,ZYZZYVA,8.0,1.0,0.0603,1,1,1,FINALIZED_WITHIN_C2_LIMIT,0.031974,2.681
5493,40000.0,0.02,greedy,ZYZZYVA,8.0,1.0,0.0603,1,1,1,FINALIZED_WITHIN_C2_LIMIT,0.025057,2.536
5494,40000.0,0.02,greedy,ZYZZYVA,8.0,1.0,0.0603,1,1,1,FINALIZED_WITHIN_C2_LIMIT,0.119985,2.433
5495,40000.0,0.02,greedy,ZYZZYVA,8.0,1.0,0.0603,1,1,1,FINALIZED_WITHIN_C2_LIMIT,0.092942,2.283
5496,23000.0,0.02,explore,PBFT,4.6,1.0,0.1723,1,1,1,FINALIZED_WITHIN_C2_LIMIT,0.039792,2.006
5497,40000.0,0.02,greedy,ZYZZYVA,8.0,1.0,0.0603,1,1,1,FINALIZED_WITHIN_C2_LIMIT,0.036664,2.568
5498,40000.0,0.02,greedy,ZYZZYVA,8.0,1.0,0.0603,1,1,1,FINALIZED_WITHIN_C2_LIMIT,0.105825,2.306
5499,40000.0,0.02,greedy,ZYZZYVA,8.0,1.0,0.0603,1,1,1,FINALIZED_WITHIN_C2_LIMIT,0.030305,2.394
5500,40000.0,0.02,greedy,ZYZZYVA,8.0,1.0,0.0603,1,1,1,FINALIZED_WITHIN_C2_LIMIT,0.126768,2.23
5501,40000.0,0.02,greedy,LIU_QUORUM,8.0,1.0,0.0603,1,1,1,FINALIZED_WITHIN_C2_LIMIT,0.088296,2.254
5502,40000.0,0.02,greedy,LIU_QUORUM,8.0,1.0,0.0603,1,1,1,FINALIZED_WITHIN_C2_LIMIT,0.052588,2.114
5503,40000.0,0.02,greedy,ZYZZYVA,8.0,1.0,0.0603,1,1,1,FINALIZED_WITHIN_C2_LIMIT,0.033695,2.364
5504,40000.0,0.02,greedy,ZYZZYVA,8.0,1.0,0.0603,1,1,1,FINALIZED_WITHIN_C2_LIMIT,0.053684,1.993
5505,40000.0,0.02,greedy,ZYZZYVA,8.0,1.0,0.0603,1,1,1,FINALIZED_WITHIN_C2_LIMIT,0.066539,2.524
5506,40000.0,0.02,greedy,LIU_QUORUM,8.0,1.0,0.0603,1,1,1,FINALIZED_WITHIN_C2_LIMIT,0.089854,2.013
5507,40000.0,0.02,greedy,LIU_QUORUM,8.0,1.0,0.0603,1,1,1,FINALIZED_WITHIN_C2_LIMIT,0.115387,2.2
5508,40000.0,0.02,greedy,LIU_QUORUM,8.0,1.0,0.0603,1,1,1,FINALIZED_WITHIN_C2_LIMIT,0.045631,2.131
5509,40000.0,0.02,greedy,LIU_QUORUM,8.0,1.0,0.0603,1,1,1,FINALIZED_WITHIN_C2_LIMIT,0.026789,1.945
5510,40000.0,0.02,greedy,LIU_QUORUM,8.0,1.0,0.0603,1,1,1,FINALIZED_WITHIN_C2_LIMIT,0.150444,2.054
5511,34000.0,0.02,explore,LIU_QUORUM,6.8,1.0,0.0282,1,1,1,FINALIZED_WITHIN_C2_LIMIT,0.109224,2.134
5512,40000.0,0.02,greedy,LIU_QUORUM,8.0,1.0,0.0603,1,1,1,FINALIZED_WITHIN_C2_LIMIT,0.041889,2.533
5513,40000.0,0.02,greedy,ZYZZYVA,8.0,1.0,0.0603,1,1,1,FINALIZED_WITHIN_C2_LIMIT,0.03854,2.153
5514,40000.0,0.02,greedy,ZYZZYVA,8.0,1.0,0.0603,1,1,1,FINALIZED_WITHIN_C2_LIMIT,0.104562,2.344
5515,40000.0,0.02,greedy,ZYZZYVA,8.0,1.0,0.0603,1,1,1,FINALIZED_WITHIN_C2_LIMIT,0.035623,2.02
5516,40000.0,0.02,greedy,ZYZZYVA,8.0,1.0,0.0603,1,1,1,FINALIZED_WITHIN_C2_LIMIT,0.185031,2.151
5517,40000.0,0.02,greedy,ZYZZYVA,8.0,1.0,0.0603,1,1,1,FINALIZED_WITHIN_C2_LIMIT,0.320453,2.209
5518,40000.0,0.02,greedy,ZYZZYVA,8.0,1.0,0.0603,1,1,1,FINALIZED_WITHIN_C2_LIMIT,0.075983,2.383
5519,40000.0,0.02,greedy,ZYZZYVA,8.0,1.0,0.0603,1,1,1,FINALIZED_WITHIN_C2_LIMIT,0.150065,1.961
5520,40000.0,0.02,greedy,ZYZZYVA,8.0,1.0,0.0603,1,1,1,FINALIZED_WITHIN_C2_LIMIT,0.297066,2.077
5521,40000.0,0.02,greedy,ZYZZYVA,8.0,1.0,0.0603,1,1,1,FINALIZED_WITHIN_C2_LIMIT,0.152785,2.042
5522,40000.0,0.02,greedy,ZYZZYVA,8.0,1.0,0.0603,1,1,1,FINALIZED_WITHIN_C2_LIMIT,0.049804,2.482
5523,40000.0,0.02,greedy,ZYZZYVA,8.0,1.0,0.0603,1,1,1,FINALIZED_WITHIN_C2_LIMIT,0.112856,2.201
5524,40000.0,0.02,greedy,ZYZZYVA,8.0,1.0,0.0603,1,1,1,FINALIZED_WITHIN_C2_LIMIT,0.036649,2.363
5525,40000.0,0.02,greedy,ZYZZYVA,8.0,1.0,0.0603,1,1,1,FINALIZED_WITHIN_C2_LIMIT,0.284156,1.811
5526,40000.0,0.02,greedy,ZYZZYVA,8.0,1.0,0.0603,1,1,1,FINALIZED_WITHIN_C2_LIMIT,0.442776,1.889
5527,40000.0,0.02,greedy,ZYZZYVA,8.0,1.0,0.0603,1,1,1,FINALIZED_WITHIN_C2_LIMIT,0.208834,1.936
5528,40000.0,0.02,greedy,ZYZZYVA,8.0,1.0,0.0603,1,1,1,FINALIZED_WITHIN_C2_LIMIT,0.02719,2.271
5529,40000.0,0.02,greedy,ZYZZYVA,8.0,1.0,0.0603,1,1,1,FINALIZED_WITHIN_C2_LIMIT,0.077342,2.151
5530,40000.0,0.02,greedy,ZYZZYVA,8.0,1.0,0.0603,1,1,1,FINALIZED_WITHIN_C2_LIMIT,0.02688,2.406
5531,40000.0,0.02,greedy,ZYZZYVA,8.0,1.0,0.0603,1,1,1,FINALIZED_WITHIN_C2_LIMIT,0.049641,2.155
5532,40000.0,0.02,greedy,ZYZZYVA,8.0,1.0,0.0603,1,1,1,FINALIZED_WITHIN_C2_LIMIT,0.025811,2.281
5533,40000.0,0.02,greedy,ZYZZYVA,8.0,1.0,0.0603,1,1,1,FINALIZED_WITHIN_C2_LIMIT,0.060832,2.258
5534,40000.0,0.02,greedy,ZYZZYVA,8.0,1.0,0.0603,1,1,1,FINALIZED_WITHIN_C2_LIMIT,0.047265,2.285
5535,40000.0,0.02,greedy,ZYZZYVA,8.0,1.0,0.0603,1,1,1,FINALIZED_WITHIN_C2_LIMIT,0.033532,2.317
5536,40000.0,0.02,greedy,ZYZZYVA,8.0,1.0,0.0603,1,1,1,FINALIZED_WITHIN_C2_LIMIT,0.06626,2.481
5537,40000.0,0.02,greedy,ZYZZYVA,8.0,1.0,0.0603,1,1,1,FINALIZED_WITHIN_C2_LIMIT,0.022934,2.32
5538,40000.0,0.02,greedy,ZYZZYVA,8.0,1.0,0.0603,1,1,1,FINALIZED_WITHIN_C2_LIMIT,0.031966,2.68
5539,40000.0,0.02,greedy,ZYZZYVA,8.0,1.0,0.0603,1,1,1,FINALIZED_WITHIN_C2_LIMIT,0.023621,1.984
5540,40000.0,0.02,greedy,ZYZZYVA,8.0,1.0,0.0603,1,1,1,FINALIZED_WITHIN_C2_LIMIT,0.036695,2.3
5541,40000.0,0.02,greedy,ZYZZYVA,8.0,1.0,0.0603,1,1,1,FINALIZED_WITHIN_C2_LIMIT,0.036959,2.204
5542,40000.0,0.02,greedy,ZYZZYVA,8.0,1.0,0.0603,1,1,1,FINALIZED_WITHIN_C2_LIMIT,0.045583,2.43
5543,40000.0,0.02,greedy,ZYZZYVA,8.0,1.0,0.0603,1,1,1,FINALIZED_WITHIN_C2_LIMIT,0.072268,2.175
5544,40000.0,0.02,greedy,ZYZZYVA,8.0,1.0,0.0603,1,1,1,FINALIZED_WITHIN_C2_LIMIT,0.061125,2.265
5545,40000.0,0.02,greedy,LIU_QUORUM,8.0,1.0,0.0603,1,1,1,FINALIZED_WITHIN_C2_LIMIT,0.196884,2.117
5546,40000.0,0.02,greedy,LIU_QUORUM,8.0,1.0,0.0603,1,1,1,FINALIZED_WITHIN_C2_LIMIT,0.303352,2.272
5547,40000.0,0.02,greedy,LIU_QUORUM,8.0,1.0,0.0603,1,1,1,FINALIZED_WITHIN_C2_LIMIT,0.070134,2.072
5548,40000.0,0.02,greedy,LIU_QUORUM,8.0,1.0,0.0603,1,1,1,FINALIZED_WITHIN_C2_LIMIT,0.204518,2.445
5549,40000.0,0.02,greedy,LIU_QUORUM,8.0,1.0,0.0603,1,1,1,FINALIZED_WITHIN_C2_LIMIT,0.350845,2.429
5550,40000.0,0.02,greedy,LIU_QUORUM,8.0,1.0,0.0603,1,1,1,FINALIZED_WITHIN_C2_LIMIT,0.17221,2.313
5551,40000.0,0.02,greedy,LIU_QUORUM,8.0,1.0,0.0603,1,1,1,FINALIZED_WITHIN_C2_LIMIT,0.045416,2.353
5552,40000.0,0.02,greedy,LIU_QUORUM,8.0,1.0,0.0603,1,1,1,FINALIZED_WITHIN_C2_LIMIT,0.110952,2.377
5553,40000.0,0.02,greedy,LIU_QUORUM,8.0,1.0,0.0603,1,1,1,FINALIZED_WITHIN_C2_LIMIT,0.05382,2.016
5554,40000.0,0.02,greedy,LIU_QUORUM,8.0,1.0,0.0603,1,1,1,FINALIZED_WITHIN_C2_LIMIT,0.325939,2.574
5555,40000.0,0.02,greedy,LIU_QUORUM,8.0,1.0,0.0603,1,1,1,FINALIZED_WITHIN_C2_LIMIT,0.53512,2.478
5556,40000.0,0.02,greedy,LIU_QUORUM,8.0,1.0,0.0603,1,1,1,FINALIZED_WITHIN_C2_LIMIT,0.300751,2.457
5557,40000.0,0.02,greedy,LIU_QUORUM,8.0,1.0,0.0603,1,1,1,FINALIZED_WITHIN_C2_LIMIT,0.023375,2.278
5558,40000.0,0.02,greedy,LIU_QUORUM,8.0,1.0,0.0603,1,1,1,FINALIZED_WITHIN_C2_LIMIT,0.047363,2.491
5559,40000.0,0.02,greedy,LIU_QUORUM,8.0,1.0,0.0603,1,1,1,FINALIZED_WITHIN_C2_LIMIT,0.027069,2.301
5560,40000.0,0.02,greedy,LIU_QUORUM,8.0,1.0,0.0603,1,1,1,FINALIZED_WITHIN_C2_LIMIT,0.041135,2.196
5561,40000.0,0.02,greedy,LIU_QUORUM,8.0,1.0,0.0603,1,1,1,FINALIZED_WITHIN_C2_LIMIT,0.055608,1.986
5562,40000.0,0.02,greedy,LIU_QUORUM,8.0,1.0,0.0603,1,1,1,FINALIZED_WITHIN_C2_LIMIT,0.029554,2.306
5563,40000.0,0.02,greedy,LIU_QUORUM,8.0,1.0,0.0603,1,1,1,FINALIZED_WITHIN_C2_LIMIT,0.064205,2.042
5564,40000.0,0.02,greedy,LIU_QUORUM,8.0,1.0,0.0603,1,1,1,FINALIZED_WITHIN_C2_LIMIT,0.043817,2.21
5565,40000.0,0.02,greedy,ZYZZYVA,8.0,1.0,0.0603,1,1,1,FINALIZED_WITHIN_C2_LIMIT,0.217344,2.128
5566,40000.0,0.02,greedy,ZYZZYVA,8.0,1.0,0.0603,1,1,1,FINALIZED_WITHIN_C2_LIMIT,0.290189,2.71
5567,40000.0,0.02,greedy,ZYZZYVA,8.0,1.0,0.0603,1,1,1,FINALIZED_WITHIN_C2_LIMIT,0.076874,2.501
5568,40000.0,0.02,greedy,ZYZZYVA,8.0,1.0,0.0603,1,1,1,FINALIZED_WITHIN_C2_LIMIT,0.151406,2.41
5569,40000.0,0.02,greedy,ZYZZYVA,8.0,1.0,0.0603,1,1,1,FINALIZED_WITHIN_C2_LIMIT,0.330112,2.238
5570,40000.0,0.02,greedy,ZYZZYVA,8.0,1.0,0.0603,1,1,1,FINALIZED_WITHIN_C2_LIMIT,0.147403,2.321
5571,40000.0,0.02,greedy,ZYZZYVA,8.0,1.0,0.0603,1,1,1,FINALIZED_WITHIN_C2_LIMIT,0.051686,2.28
5572,40000.0,0.02,greedy,ZYZZYVA,8.0,1.0,0.0603,1,1,1,FINALIZED_WITHIN_C2_LIMIT,0.115821,2.505
5573,40000.0,0.02,greedy,ZYZZYVA,8.0,1.0,0.0603,1,1,1,FINALIZED_WITHIN_C2_LIMIT,0.030047,2.132
5574,40000.0,0.02,greedy,ZYZZYVA,8.0,1.0,0.0603,1,1,1,FINALIZED_WITHIN_C2_LIMIT,0.317684,2.221
5575,13000.0,0.02,explore,PBFT,2.6,1.0,0.0288,1,1,1,FINALIZED_WITHIN_C2_LIMIT,0.459455,1.099
5576,40000.0,0.02,greedy,ZYZZYVA,8.0,1.0,0.0603,1,1,1,FINALIZED_WITHIN_C2_LIMIT,0.27529,2.628
5577,40000.0,0.02,greedy,ZYZZYVA,8.0,1.0,0.0603,1,1,1,FINALIZED_WITHIN_C2_LIMIT,0.053501,2.33
5578,40000.0,0.02,greedy,ZYZZYVA,8.0,1.0,0.0603,1,1,1,FINALIZED_WITHIN_C2_LIMIT,0.03997,2.232
5579,40000.0,0.02,greedy,ZYZZYVA,8.0,1.0,0.0603,1,1,1,FINALIZED_WITHIN_C2_LIMIT,0.028715,2.233
5580,40000.0,0.02,greedy,ZYZZYVA,8.0,1.0,0.0603,1,1,1,FINALIZED_WITHIN_C2_LIMIT,0.054576,2.436
5581,40000.0,0.02,greedy,ZYZZYVA,8.0,1.0,0.0603,1,1,1,FINALIZED_WITHIN_C2_LIMIT,0.056744,2.297
5582,40000.0,0.02,greedy,ZYZZYVA,8.0,1.0,0.0603,1,1,1,FINALIZED_WITHIN_C2_LIMIT,0.019051,2.212
5583,40000.0,0.02,greedy,LIU_QUORUM,8.0,1.0,0.0603,1,1,1,FINALIZED_WITHIN_C2_LIMIT,0.178966,2.24
5584,40000.0,0.02,greedy,LIU_QUORUM,8.0,1.0,0.0603,1,1,1,FINALIZED_WITHIN_C2_LIMIT,0.141848,2.213
5585,40000.0,0.02,greedy,LIU_QUORUM,8.0,1.0,0.0603,1,1,1,FINALIZED_WITHIN_C2_LIMIT,0.017961,2.407
5586,40000.0,0.02,greedy,LIU_QUORUM,8.0,1.0,0.0603,1,1,1,FINALIZED_WITHIN_C2_LIMIT,0.106083,2.132
5587,40000.0,0.02,greedy,LIU_QUORUM,8.0,1.0,0.0603,1,1,1,FINALIZED_WITHIN_C2_LIMIT,0.080036,2.062
5588,40000.0,0.02,greedy,LIU_QUORUM,8.0,1.0,0.0603,1,1,1,FINALIZED_WITHIN_C2_LIMIT,0.115928,2.26
5589,40000.0,0.02,greedy,LIU_QUORUM,8.0,1.0,0.0603,1,1,1,FINALIZED_WITHIN_C2_LIMIT,0.144848,2.413
5590,21000.0,0.02,explore,PBFT,4.2,1.0,0.0308,1,1,1,FINALIZED_WITHIN_C2_LIMIT,0.034494,1.46
5591,40000.0,0.02,greedy,LIU_QUORUM,8.0,1.0,0.0603,1,1,1,FINALIZED_WITHIN_C2_LIMIT,0.035059,2.318
5592,40000.0,0.02,greedy,LIU_QUORUM,8.0,1.0,0.0603,1,1,1,FINALIZED_WITHIN_C2_LIMIT,0.081824,2.384
5593,40000.0,0.02,greedy,LIU_QUORUM,8.0,1.0,0.0603,1,1,1,FINALIZED_WITHIN_C2_LIMIT,0.067593,2.679
5594,40000.0,0.02,greedy,ZYZZYVA,8.0,1.0,0.0603,1,1,1,FINALIZED_WITHIN_C2_LIMIT,0.138504,2.344
5595,40000.0,0.02,greedy,ZYZZYVA,8.0,1.0,0.0603,1,1,1,FINALIZED_WITHIN_C2_LIMIT,0.081627,2.528
5596,40000.0,0.02,greedy,ZYZZYVA,8.0,1.0,0.0603,1,1,1,FINALIZED_WITHIN_C2_LIMIT,0.018489,2.491
5597,40000.0,0.02,greedy,ZYZZYVA,8.0,1.0,0.0603,1,1,1,FINALIZED_WITHIN_C2_LIMIT,0.091941,2.43
5598,40000.0,0.02,greedy,ZYZZYVA,8.0,1.0,0.0603,1,1,1,FINALIZED_WITHIN_C2_LIMIT,0.02109,2.927
5599,40000.0,0.02,greedy,ZYZZYVA,8.0,1.0,0.0603,1,1,1,FINALIZED_WITHIN_C2_LIMIT,0.024598,2.379
5600,40000.0,0.02,greedy,ZYZZYVA,8.0,1.0,0.0603,1,1,1,FINALIZED_WITHIN_C2_LIMIT,0.091062,2.439
5601,40000.0,0.02,greedy,ZYZZYVA,8.0,1.0,0.0603,1,1,1,FINALIZED_WITHIN_C2_LIMIT,0.029244,2.863
5602,40000.0,0.02,greedy,ZYZZYVA,8.0,1.0,0.0603,1,1,1,FINALIZED_WITHIN_C2_LIMIT,0.18146,2.608
5603,40000.0,0.02,greedy,LIU_QUORUM,8.0,1.0,0.0603,1,1,1,FINALIZED_WITHIN_C2_LIMIT,0.215542,2.366
5604,40000.0,0.02,greedy,LIU_QUORUM,8.0,1.0,0.0603,1,1,1,FINALIZED_WITHIN_C2_LIMIT,0.064803,2.427
5605,40000.0,0.02,greedy,LIU_QUORUM,8.0,1.0,0.0603,1,1,1,FINALIZED_WITHIN_C2_LIMIT,0.204144,2.525
5606,40000.0,0.02,greedy,LIU_QUORUM,8.0,1.0,0.0603,1,1,1,FINALIZED_WITHIN_C2_LIMIT,0.349908,2.615
5607,40000.0,0.02,greedy,LIU_QUORUM,8.0,1.0,0.0603,1,1,1,FINALIZED_WITHIN_C2_LIMIT,0.170368,2.291
5608,40000.0,0.02,greedy,LIU_QUORUM,8.0,1.0,0.0603,1,1,1,FINALIZED_WITHIN_C2_LIMIT,0.046499,2.267
5609,40000.0,0.02,greedy,LIU_QUORUM,8.0,1.0,0.0603,1,1,1,FINALIZED_WITHIN_C2_LIMIT,0.114865,2.381
5610,40000.0,0.02,greedy,LIU_QUORUM,8.0,1.0,0.0603,1,1,1,FINALIZED_WITHIN_C2_LIMIT,0.065988,2.334
5611,40000.0,0.02,greedy,ZYZZYVA,8.0,1.0,0.0603,1,1,1,FINALIZED_WITHIN_C2_LIMIT,0.071924,2.377
5612,2000.0,0.02,explore,ZYZZYVA,0.4,1.0,0.0741,1,1,1,FINALIZED_WITHIN_C2_LIMIT,0.055807,0.566
5613,40000.0,0.02,greedy,ZYZZYVA,8.0,1.0,0.0603,1,1,1,FINALIZED_WITHIN_C2_LIMIT,0.025014,2.387
5614,40000.0,0.02,greedy,ZYZZYVA,8.0,1.0,0.0603,1,1,1,FINALIZED_WITHIN_C2_LIMIT,0.06245,2.074
5615,40000.0,0.02,greedy,ZYZZYVA,8.0,1.0,0.0603,1,1,1,FINALIZED_WITHIN_C2_LIMIT,0.038082,2.292
5616,20000.0,0.02,explore,ZYZZYVA,4.0,1.0,0.0809,1,1,1,FINALIZED_WITHIN_C2_LIMIT,0.199566,1.23
5617,40000.0,0.02,greedy,ZYZZYVA,8.0,1.0,0.0603,1,1,1,FINALIZED_WITHIN_C2_LIMIT,0.281034,2.236
5618,40000.0,0.02,greedy,ZYZZYVA,8.0,1.0,0.0603,1,1,1,FINALIZED_WITHIN_C2_LIMIT,0.06895,2.319
5619,40000.0,0.02,greedy,ZYZZYVA,8.0,1.0,0.0603,1,1,1,FINALIZED_WITHIN_C2_LIMIT,0.147758,2.538
5620,40000.0,0.02,greedy,ZYZZYVA,8.0,1.0,0.0603,1,1,1,FINALIZED_WITHIN_C2_LIMIT,0.329494,2.131
5621,40000.0,0.02,greedy,ZYZZYVA,8.0,1.0,0.0603,1,1,1,FINALIZED_WITHIN_C2_LIMIT,0.184089,2.619
5622,40000.0,0.02,greedy,ZYZZYVA,8.0,1.0,0.0603,1,1,1,FINALIZED_WITHIN_C2_LIMIT,0.091092,2.356
5623,24000.0,0.02,explore,ZYZZYVA,4.8,1.0,0.0787,1,1,1,FINALIZED_WITHIN_C2_LIMIT,0.119058,1.397
5624,40000.0,0.02,greedy,ZYZZYVA,8.0,1.0,0.0603,1,1,1,FINALIZED_WITHIN_C2_LIMIT,0.033003,2.546
5625,40000.0,0.02,greedy,ZYZZYVA,8.0,1.0,0.0603,1,1,1,FINALIZED_WITHIN_C2_LIMIT,0.06567,2.361
5626,40000.0,0.02,greedy,ZYZZYVA,8.0,1.0,0.0603,1,1,1,FINALIZED_WITHIN_C2_LIMIT,0.030363,2.846
5627,40000.0,0.02,greedy,ZYZZYVA,8.0,1.0,0.0603,1,1,1,FINALIZED_WITHIN_C2_LIMIT,0.031508,2.375
5628,40000.0,0.02,greedy,ZYZZYVA,8.0,1.0,0.0603,1,1,1,FINALIZED_WITHIN_C2_LIMIT,0.050457,2.644
5629,40000.0,0.02,greedy,ZYZZYVA,8.0,1.0,0.0603,1,1,1,FINALIZED_WITHIN_C2_LIMIT,0.032438,2.371
5630,40000.0,0.02,greedy,ZYZZYVA,8.0,1.0,0.0603,1,1,1,FINALIZED_WITHIN_C2_LIMIT,0.064935,2.2
5631,40000.0,0.02,greedy,LIU_QUORUM,8.0,1.0,0.0603,1,1,1,FINALIZED_WITHIN_C2_LIMIT,0.025733,2.164
5632,40000.0,0.02,greedy,LIU_QUORUM,8.0,1.0,0.0603,1,1,1,FINALIZED_WITHIN_C2_LIMIT,0.023527,2.351
5633,40000.0,0.02,greedy,LIU_QUORUM,8.0,1.0,0.0603,1,1,1,FINALIZED_WITHIN_C2_LIMIT,0.087095,2.141
5634,24000.0,0.02,explore,ZYZZYVA,4.8,1.0,0.0688,1,1,1,FINALIZED_WITHIN_C2_LIMIT,0.053899,1.243
5635,40000.0,0.02,greedy,LIU_QUORUM,8.0,1.0,0.0603,1,1,1,FINALIZED_WITHIN_C2_LIMIT,0.097984,2.16
5636,40000.0,0.02,greedy,LIU_QUORUM,8.0,1.0,0.0603,1,1,1,FINALIZED_WITHIN_C2_LIMIT,0.092326,2.063
5637,40000.0,0.02,greedy,LIU_QUORUM,8.0,1.0,0.0603,1,1,1,FINALIZED_WITHIN_C2_LIMIT,0.04018,2.261
5638,40000.0,0.02,greedy,LIU_QUORUM,8.0,1.0,0.0603,1,1,1,FINALIZED_WITHIN_C2_LIMIT,0.044568,2.487
5639,40000.0,0.02,greedy,ZYZZYVA,8.0,1.0,0.0603,1,1,1,FINALIZED_WITHIN_C2_LIMIT,0.106565,2.198
5640,40000.0,0.02,greedy,ZYZZYVA,8.0,1.0,0.0603,1,1,1,FINALIZED_WITHIN_C2_LIMIT,0.060258,2.006
5641,40000.0,0.02,greedy,ZYZZYVA,8.0,1.0,0.0603,1,1,1,FINALIZED_WITHIN_C2_LIMIT,0.083415,2.537
5642,40000.0,0.02,greedy,ZYZZYVA,8.0,1.0,0.0603,1,1,1,FINALIZED_WITHIN_C2_LIMIT,0.092484,2.003
5643,40000.0,0.02,greedy,ZYZZYVA,8.0,1.0,0.0603,1,1,1,FINALIZED_WITHIN_C2_LIMIT,0.022786,2.413
5644,40000.0,0.02,greedy,ZYZZYVA,8.0,1.0,0.0603,1,1,1,FINALIZED_WITHIN_C2_LIMIT,0.039665,2.146
5645,40000.0,0.02,greedy,ZYZZYVA,8.0,1.0,0.0603,1,1,1,FINALIZED_WITHIN_C2_LIMIT,0.159466,2.084
5646,40000.0,0.02,greedy,ZYZZYVA,8.0,1.0,0.0603,1,1,1,FINALIZED_WITHIN_C2_LIMIT,0.223243,2.196
5647,40000.0,0.02,greedy,ZYZZYVA,8.0,1.0,0.0603,1,1,1,FINALIZED_WITHIN_C2_LIMIT,0.038917,2.535
5648,40000.0,0.02,greedy,ZYZZYVA,8.0,1.0,0.0603,1,1,1,FINALIZED_WITHIN_C2_LIMIT,0.426148,2.268
5649,40000.0,0.02,greedy,ZYZZYVA,8.0,1.0,0.0603,1,1,1,FINALIZED_WITHIN_C2_LIMIT,0.733116,2.144
5650,40000.0,0.02,greedy,ZYZZYVA,8.0,1.0,0.0603,1,1,1,FINALIZED_WITHIN_C2_LIMIT,0.556111,2.232
5651,40000.0,0.02,greedy,ZYZZYVA,8.0,1.0,0.0603,1,1,1,FINALIZED_WITHIN_C2_LIMIT,0.060022,2.225
5652,40000.0,0.02,greedy,ZYZZYVA,8.0,1.0,0.0603,1,1,1,FINALIZED_WITHIN_C2_LIMIT,0.378765,2.345
5653,40000.0,0.02,greedy,ZYZZYVA,8.0,1.0,0.0603,1,1,1,FINALIZED_WITHIN_C2_LIMIT,0.927259,2.345
5654,40000.0,0.02,greedy,ZYZZYVA,8.0,1.0,0.0603,1,1,1,FINALIZED_WITHIN_C2_LIMIT,0.857661,2.328
5655,40000.0,0.02,greedy,ZYZZYVA,8.0,1.0,0.0603,1,1,1,FINALIZED_WITHIN_C2_LIMIT,0.336706,2.285
5656,40000.0,0.02,greedy,ZYZZYVA,8.0,1.0,0.0603,1,1,1,FINALIZED_WITHIN_C2_LIMIT,0.056705,2.393
5657,40000.0,0.02,greedy,ZYZZYVA,8.0,1.0,0.0603,1,1,1,FINALIZED_WITHIN_C2_LIMIT,0.240495,2.532
5658,40000.0,0.02,greedy,ZYZZYVA,8.0,1.0,0.0603,1,1,1,FINALIZED_WITHIN_C2_LIMIT,0.16686,2.344
5659,40000.0,0.02,greedy,ZYZZYVA,8.0,1.0,0.0603,1,1,1,FINALIZED_WITHIN_C2_LIMIT,0.028174,2.763
5660,40000.0,0.02,greedy,ZYZZYVA,8.0,1.0,0.0603,1,1,1,FINALIZED_WITHIN_C2_LIMIT,0.046164,2.279
5661,40000.0,0.02,greedy,ZYZZYVA,8.0,1.0,0.0603,1,1,1,FINALIZED_WITHIN_C2_LIMIT,0.085575,2.246
5662,40000.0,0.02,greedy,ZYZZYVA,8.0,1.0,0.0603,1,1,1,FINALIZED_WITHIN_C2_LIMIT,0.029073,2.417
5663,40000.0,0.02,greedy,ZYZZYVA,8.0,1.0,0.0603,1,1,1,FINALIZED_WITHIN_C2_LIMIT,0.12413,2.95
5664,40000.0,0.02,greedy,ZYZZYVA,8.0,1.0,0.0603,1,1,1,FINALIZED_WITHIN_C2_LIMIT,0.122874,2.593
5665,40000.0,0.02,greedy,ZYZZYVA,8.0,1.0,0.0603,1,1,1,FINALIZED_WITHIN_C2_LIMIT,0.021429,2.435
5666,40000.0,0.02,greedy,ZYZZYVA,8.0,1.0,0.0603,1,1,1,FINALIZED_WITHIN_C2_LIMIT,0.302939,2.356
5667,40000.0,0.02,greedy,ZYZZYVA,8.0,1.0,0.0603,1,1,1,FINALIZED_WITHIN_C2_LIMIT,0.370664,2.51
5668,40000.0,0.02,greedy,ZYZZYVA,8.0,1.0,0.0603,1,1,1,FINALIZED_WITHIN_C2_LIMIT,0.127981,2.374
5669,40000.0,0.02,greedy,ZYZZYVA,8.0,1.0,0.0603,1,1,1,FINALIZED_WITHIN_C2_LIMIT,0.153721,2.377
5670,40000.0,0.02,greedy,LIU_QUORUM,8.0,1.0,0.0603,1,1,1,FINALIZED_WITHIN_C2_LIMIT,0.295338,2.241
5671,40000.0,0.02,greedy,LIU_QUORUM,8.0,1.0,0.0603,1,1,1,FINALIZED_WITHIN_C2_LIMIT,0.167924,2.268
5672,40000.0,0.02,greedy,LIU_QUORUM,8.0,1.0,0.0603,1,1,1,FINALIZED_WITHIN_C2_LIMIT,0.044328,2.161
5673,40000.0,0.02,greedy,LIU_QUORUM,8.0,1.0,0.0603,1,1,1,FINALIZED_WITHIN_C2_LIMIT,0.098071,2.226
5674,40000.0,0.02,greedy,LIU_QUORUM,8.0,1.0,0.0603,1,1,1,FINALIZED_WITHIN_C2_LIMIT,0.045299,2.203
5675,40000.0,0.02,greedy,LIU_QUORUM,8.0,1.0,0.0603,1,1,1,FINALIZED_WITHIN_C2_LIMIT,0.084336,2.159
5676,40000.0,0.02,greedy,ZYZZYVA,8.0,1.0,0.0603,1,1,1,FINALIZED_WITHIN_C2_LIMIT,0.048305,2.097
5677,40000.0,0.02,greedy,ZYZZYVA,8.0,1.0,0.0603,1,1,1,FINALIZED_WITHIN_C2_LIMIT,0.102833,2.149
5678,40000.0,0.02,greedy,ZYZZYVA,8.0,1.0,0.0603,1,1,1,FINALIZED_WITHIN_C2_LIMIT,0.132029,1.959
5679,40000.0,0.02,greedy,ZYZZYVA,8.0,1.0,0.0603,1,1,1,FINALIZED_WITHIN_C2_LIMIT,0.024817,2.088
5680,40000.0,0.02,greedy,ZYZZYVA,8.0,1.0,0.0603,1,1,1,FINALIZED_WITHIN_C2_LIMIT,0.285477,2.412
5681,40000.0,0.02,greedy,ZYZZYVA,8.0,1.0,0.0603,1,1,1,FINALIZED_WITHIN_C2_LIMIT,0.416533,2.471
5682,40000.0,0.02,greedy,ZYZZYVA,8.0,1.0,0.0603,1,1,1,FINALIZED_WITHIN_C2_LIMIT,0.214413,2.435
5683,40000.0,0.02,greedy,ZYZZYVA,8.0,1.0,0.0603,1,1,1,FINALIZED_WITHIN_C2_LIMIT,0.101075,2.292
5684,40000.0,0.02,greedy,ZYZZYVA,8.0,1.0,0.0603,1,1,1,FINALIZED_WITHIN_C2_LIMIT,0.120135,2.357
5685,40000.0,0.02,greedy,ZYZZYVA,8.0,1.0,0.0603,1,1,1,FINALIZED_WITHIN_C2_LIMIT,0.041379,2.435
5686,40000.0,0.02,greedy,ZYZZYVA,8.0,1.0,0.0603,1,1,1,FINALIZED_WITHIN_C2_LIMIT,0.183313,2.211
5687,40000.0,0.02,greedy,ZYZZYVA,8.0,1.0,0.0603,1,1,1,FINALIZED_WITHIN_C2_LIMIT,0.323056,2.355
5688,40000.0,0.02,greedy,ZYZZYVA,8.0,1.0,0.0603,1,1,1,FINALIZED_WITHIN_C2_LIMIT,0.133807,2.212
5689,40000.0,0.02,greedy,ZYZZYVA,8.0,1.0,0.0603,1,1,1,FINALIZED_WITHIN_C2_LIMIT,0.087985,2.237
5690,40000.0,0.02,greedy,ZYZZYVA,8.0,1.0,0.0603,1,1,1,FINALIZED_WITHIN_C2_LIMIT,0.234608,2.226
5691,40000.0,0.02,greedy,ZYZZYVA,8.0,1.0,0.0603,1,1,1,FINALIZED_WITHIN_C2_LIMIT,0.065803,2.535
5692,40000.0,0.02,greedy,ZYZZYVA,8.0,1.0,0.0603,1,1,1,FINALIZED_WITHIN_C2_LIMIT,0.142387,2.208
5693,40000.0,0.02,greedy,ZYZZYVA,8.0,1.0,0.0603,1,1,1,FINALIZED_WITHIN_C2_LIMIT,0.277292,2.428
5694,40000.0,0.02,greedy,ZYZZYVA,8.0,1.0,0.0603,1,1,1,FINALIZED_WITHIN_C2_LIMIT,0.103185,2.299
5695,40000.0,0.02,greedy,ZYZZYVA,8.0,1.0,0.0603,1,1,1,FINALIZED_WITHIN_C2_LIMIT,0.105835,2.178
5696,40000.0,0.02,greedy,ZYZZYVA,8.0,1.0,0.0603,1,1,1,FINALIZED_WITHIN_C2_LIMIT,0.218599,2.272
5697,40000.0,0.02,greedy,ZYZZYVA,8.0,1.0,0.0603,1,1,1,FINALIZED_WITHIN_C2_LIMIT,0.064102,2.405
5698,40000.0,0.02,greedy,ZYZZYVA,8.0,1.0,0.0603,1,1,1,FINALIZED_WITHIN_C2_LIMIT,0.141731,2.536
5699,40000.0,0.02,greedy,ZYZZYVA,8.0,1.0,0.0603,1,1,1,FINALIZED_WITHIN_C2_LIMIT,0.034756,2.17
5700,40000.0,0.02,greedy,ZYZZYVA,8.0,1.0,0.0603,1,1,1,FINALIZED_WITHIN_C2_LIMIT,0.22951,2.143
5701,40000.0,0.02,greedy,ZYZZYVA,8.0,1.0,0.0603,1,1,1,FINALIZED_WITHIN_C2_LIMIT,0.249692,2.436
5702,40000.0,0.02,greedy,ZYZZYVA,8.0,1.0,0.0603,1,1,1,FINALIZED_WITHIN_C2_LIMIT,0.083034,2.591
5703,40000.0,0.02,greedy,ZYZZYVA,8.0,1.0,0.0603,1,1,1,FINALIZED_WITHIN_C2_LIMIT,0.12862,2.316
5704,40000.0,0.02,greedy,ZYZZYVA,8.0,1.0,0.0603,1,1,1,FINALIZED_WITHIN_C2_LIMIT,0.330309,2.251
5705,40000.0,0.02,greedy,ZYZZYVA,8.0,1.0,0.0603,1,1,1,FINALIZED_WITHIN_C2_LIMIT,0.131407,2.453
5706,40000.0,0.02,greedy,ZYZZYVA,8.0,1.0,0.0603,1,1,1,FINALIZED_WITHIN_C2_LIMIT,0.049557,2.574
5707,40000.0,0.02,greedy,ZYZZYVA,8.0,1.0,0.0603,1,1,1,FINALIZED_WITHIN_C2_LIMIT,0.085394,2.417
5708,40000.0,0.02,greedy,ZYZZYVA,8.0,1.0,0.0603,1,1,1,FINALIZED_WITHIN_C2_LIMIT,0.032949,2.309
5709,40000.0,0.02,greedy,ZYZZYVA,8.0,1.0,0.0603,1,1,1,FINALIZED_WITHIN_C2_LIMIT,0.048762,2.426
5710,40000.0,0.02,greedy,ZYZZYVA,8.0,1.0,0.0603,1,1,1,FINALIZED_WITHIN_C2_LIMIT,0.026046,2.507
5711,40000.0,0.02,greedy,ZYZZYVA,8.0,1.0,0.0603,1,1,1,FINALIZED_WITHIN_C2_LIMIT,0.230741,2.235
5712,40000.0,0.02,greedy,ZYZZYVA,8.0,1.0,0.0603,1,1,1,FINALIZED_WITHIN_C2_LIMIT,0.33687,2.516
5713,40000.0,0.02,greedy,ZYZZYVA,8.0,1.0,0.0603,1,1,1,FINALIZED_WITHIN_C2_LIMIT,0.112586,2.467
5714,40000.0,0.02,greedy,ZYZZYVA,8.0,1.0,0.0603,1,1,1,FINALIZED_WITHIN_C2_LIMIT,0.102646,2.295
5715,40000.0,0.02,greedy,ZYZZYVA,8.0,1.0,0.0603,1,1,1,FINALIZED_WITHIN_C2_LIMIT,0.196029,2.311
5716,40000.0,0.02,greedy,ZYZZYVA,8.0,1.0,0.0603,1,1,1,FINALIZED_WITHIN_C2_LIMIT,0.088324,2.315
5717,40000.0,0.02,greedy,ZYZZYVA,8.0,1.0,0.0603,1,1,1,FINALIZED_WITHIN_C2_LIMIT,0.106305,2.456
5718,40000.0,0.02,greedy,ZYZZYVA,8.0,1.0,0.0603,1,1,1,FINALIZED_WITHIN_C2_LIMIT,0.164572,2.58
5719,40000.0,0.02,greedy,ZYZZYVA,8.0,1.0,0.0603,1,1,1,FINALIZED_WITHIN_C2_LIMIT,0.052906,2.306
5720,40000.0,0.02,greedy,ZYZZYVA,8.0,1.0,0.0603,1,1,1,FINALIZED_WITHIN_C2_LIMIT,0.189114,2.493
5721,40000.0,0.02,greedy,ZYZZYVA,8.0,1.0,0.0603,1,1,1,FINALIZED_WITHIN_C2_LIMIT,0.360746,2.208
5722,40000.0,0.02,greedy,ZYZZYVA,8.0,1.0,0.0603,1,1,1,FINALIZED_WITHIN_C2_LIMIT,0.135233,2.551
5723,40000.0,0.02,greedy,ZYZZYVA,8.0,1.0,0.0603,1,1,1,FINALIZED_WITHIN_C2_LIMIT,0.072277,2.521
5724,40000.0,0.02,greedy,ZYZZYVA,8.0,1.0,0.0603,1,1,1,FINALIZED_WITHIN_C2_LIMIT,0.129188,2.112
5725,40000.0,0.02,greedy,ZYZZYVA,8.0,1.0,0.0603,1,1,1,FINALIZED_WITHIN_C2_LIMIT,0.017498,2.178
5726,40000.0,0.02,greedy,ZYZZYVA,8.0,1.0,0.0603,1,1,1,FINALIZED_WITHIN_C2_LIMIT,0.260687,2.374
5727,40000.0,0.02,greedy,LIU_QUORUM,8.0,1.0,0.0603,1,1,1,FINALIZED_WITHIN_C2_LIMIT,0.49976,2.36
5728,40000.0,0.02,greedy,LIU_QUORUM,8.0,1.0,0.0603,1,1,1,FINALIZED_WITHIN_C2_LIMIT,0.203783,2.493
5729,40000.0,0.02,greedy,LIU_QUORUM,8.0,1.0,0.0603,1,1,1,FINALIZED_WITHIN_C2_LIMIT,0.033072,2.56
5730,40000.0,0.02,greedy,LIU_QUORUM,8.0,1.0,0.0603,1,1,1,FINALIZED_WITHIN_C2_LIMIT,0.077746,2.296
5731,40000.0,0.02,greedy,LIU_QUORUM,8.0,1.0,0.0603,1,1,1,FINALIZED_WITHIN_C2_LIMIT,0.023941,2.414
5732,40000.0,0.02,greedy,LIU_QUORUM,8.0,1.0,0.0603,1,1,1,FINALIZED_WITHIN_C2_LIMIT,0.343394,2.352
5733,40000.0,0.02,greedy,LIU_QUORUM,8.0,1.0,0.0603,1,1,1,FINALIZED_WITHIN_C2_LIMIT,0.537119,2.048
5734,40000.0,0.02,greedy,LIU_QUORUM,8.0,1.0,0.0603,1,1,1,FINALIZED_WITHIN_C2_LIMIT,0.213187,2.013
5735,40000.0,0.02,greedy,LIU_QUORUM,8.0,1.0,0.0603,1,1,1,FINALIZED_WITHIN_C2_LIMIT,0.034511,2.02
5736,40000.0,0.02,greedy,LIU_QUORUM,8.0,1.0,0.0603,1,1,1,FINALIZED_WITHIN_C2_LIMIT,0.044317,2.444
5737,40000.0,0.02,greedy,LIU_QUORUM,8.0,1.0,0.0603,1,1,1,FINALIZED_WITHIN_C2_LIMIT,0.016007,2.463
5738,40000.0,0.02,greedy,LIU_QUORUM,8.0,1.0,0.0603,1,1,1,FINALIZED_WITHIN_C2_LIMIT,0.043006,2.327
5739,40000.0,0.02,greedy,ZYZZYVA,8.0,1.0,0.0603,1,1,1,FINALIZED_WITHIN_C2_LIMIT,0.041689,2.325
5740,40000.0,0.02,greedy,ZYZZYVA,8.0,1.0,0.0603,1,1,1,FINALIZED_WITHIN_C2_LIMIT,0.048553,2.4
5741,40000.0,0.02,greedy,ZYZZYVA,8.0,1.0,0.0603,1,1,1,FINALIZED_WITHIN_C2_LIMIT,0.037783,2.435
5742,40000.0,0.02,greedy,ZYZZYVA,8.0,1.0,0.0603,1,1,1,FINALIZED_WITHIN_C2_LIMIT,0.028614,2.358
5743,40000.0,0.02,greedy,ZYZZYVA,8.0,1.0,0.0603,1,1,1,FINALIZED_WITHIN_C2_LIMIT,0.056788,2.549
5744,40000.0,0.02,greedy,ZYZZYVA,8.0,1.0,0.0603,1,1,1,FINALIZED_WITHIN_C2_LIMIT,0.021009,2.62
5745,40000.0,0.02,greedy,ZYZZYVA,8.0,1.0,0.0603,1,1,1,FINALIZED_WITHIN_C2_LIMIT,0.174438,2.338
5746,40000.0,0.02,greedy,ZYZZYVA,8.0,1.0,0.0603,1,1,1,FINALIZED_WITHIN_C2_LIMIT,0.104999,2.017
5747,40000.0,0.02,greedy,ZYZZYVA,8.0,1.0,0.0603,1,1,1,FINALIZED_WITHIN_C2_LIMIT,0.05334,2.094
5748,40000.0,0.02,greedy,ZYZZYVA,8.0,1.0,0.0603,1,1,1,FINALIZED_WITHIN_C2_LIMIT,0.036104,2.132
5749,40000.0,0.02,greedy,ZYZZYVA,8.0,1.0,0.0603,1,1,1,FINALIZED_WITHIN_C2_LIMIT,0.05751,2.406
5750,40000.0,0.02,greedy,LIU_QUORUM,8.0,1.0,0.0603,1,1,1,FINALIZED_WITHIN_C2_LIMIT,0.058138,2.372
5751,40000.0,0.02,greedy,LIU_QUORUM,8.0,1.0,0.0603,1,1,1,FINALIZED_WITHIN_C2_LIMIT,0.064781,2.338
5752,40000.0,0.02,greedy,LIU_QUORUM,8.0,1.0,0.0603,1,1,1,FINALIZED_WITHIN_C2_LIMIT,0.055786,2.686
5753,40000.0,0.02,greedy,LIU_QUORUM,8.0,1.0,0.0603,1,1,1,FINALIZED_WITHIN_C2_LIMIT,0.052042,2.56
5754,40000.0,0.02,greedy,LIU_QUORUM,8.0,1.0,0.0603,1,1,1,FINALIZED_WITHIN_C2_LIMIT,0.042776,2.354
5755,40000.0,0.02,greedy,LIU_QUORUM,8.0,1.0,0.0603,1,1,1,FINALIZED_WITHIN_C2_LIMIT,0.103388,2.382
5756,40000.0,0.02,greedy,LIU_QUORUM,8.0,1.0,0.0603,1,1,1,FINALIZED_WITHIN_C2_LIMIT,0.122869,2.639
5757,40000.0,0.02,greedy,LIU_QUORUM,8.0,1.0,0.0603,1,1,1,FINALIZED_WITHIN_C2_LIMIT,0.030249,2.766
5758,40000.0,0.02,greedy,LIU_QUORUM,8.0,1.0,0.0603,1,1,1,FINALIZED_WITHIN_C2_LIMIT,0.026082,2.369
5759,40000.0,0.02,greedy,LIU_QUORUM,8.0,1.0,0.0603,1,1,1,FINALIZED_WITHIN_C2_LIMIT,0.1502,2.737
5760,40000.0,0.02,greedy,LIU_QUORUM,8.0,1.0,0.0603,1,1,1,FINALIZED_WITHIN_C2_LIMIT,0.134546,2.373
5761,40000.0,0.02,greedy,LIU_QUORUM,8.0,1.0,0.0603,1,1,1,FINALIZED_WITHIN_C2_LIMIT,0.021949,2.407
5762,40000.0,0.02,greedy,LIU_QUORUM,8.0,1.0,0.0603,1,1,1,FINALIZED_WITHIN_C2_LIMIT,0.087222,2.491
5763,40000.0,0.02,greedy,ZYZZYVA,8.0,1.0,0.0603,1,1,1,FINALIZED_WITHIN_C2_LIMIT,0.04727,2.493
5764,40000.0,0.02,greedy,ZYZZYVA,8.0,1.0,0.0603,1,1,1,FINALIZED_WITHIN_C2_LIMIT,0.193665,2.633
5765,40000.0,0.02,greedy,ZYZZYVA,8.0,1.0,0.0603,1,1,1,FINALIZED_WITHIN_C2_LIMIT,0.260039,2.404
5766,40000.0,0.02,greedy,ZYZZYVA,8.0,1.0,0.0603,1,1,1,FINALIZED_WITHIN_C2_LIMIT,0.070582,2.254
5767,40000.0,0.02,greedy,ZYZZYVA,8.0,1.0,0.0603,1,1,1,FINALIZED_WITHIN_C2_LIMIT,0.173761,2.526
5768,40000.0,0.02,greedy,ZYZZYVA,8.0,1.0,0.06,1,1,1,FINALIZED_WITHIN_C2_LIMIT,0.314646,2.758
5769,40000.0,0.02,greedy,ZYZZYVA,8.0,1.0,0.0603,1,1,1,FINALIZED_WITHIN_C2_LIMIT,0.17032,2.603
5770,40000.0,0.02,greedy,ZYZZYVA,8.0,1.0,0.0603,1,1,1,FINALIZED_WITHIN_C2_LIMIT,0.039241,2.551
5771,40000.0,0.02,greedy,ZYZZYVA,8.0,1.0,0.0603,1,1,1,FINALIZED_WITHIN_C2_LIMIT,0.151723,2.67
5772,40000.0,0.02,greedy,ZYZZYVA,8.0,1.0,0.0603,1,1,1,FINALIZED_WITHIN_C2_LIMIT,0.02637,2.676
5773,40000.0,0.02,greedy,ZYZZYVA,8.0,1.0,0.0603,1,1,1,FINALIZED_WITHIN_C2_LIMIT,0.302695,2.364
5774,40000.0,0.02,greedy,ZYZZYVA,8.0,1.0,0.0603,1,1,1,FINALIZED_WITHIN_C2_LIMIT,0.490069,2.542
5775,40000.0,0.02,greedy,ZYZZYVA,8.0,1.0,0.0603,1,1,1,FINALIZED_WITHIN_C2_LIMIT,0.279022,2.661
5776,40000.0,0.02,greedy,ZYZZYVA,8.0,1.0,0.0603,1,1,1,FINALIZED_WITHIN_C2_LIMIT,0.049275,2.563
5777,40000.0,0.02,greedy,ZYZZYVA,8.0,1.0,0.0603,1,1,1,FINALIZED_WITHIN_C2_LIMIT,0.163627,2.616
5778,40000.0,0.02,greedy,ZYZZYVA,8.0,1.0,0.0603,1,1,1,FINALIZED_WITHIN_C2_LIMIT,0.094323,2.602
5779,40000.0,0.02,greedy,ZYZZYVA,8.0,1.0,0.0603,1,1,1,FINALIZED_WITHIN_C2_LIMIT,0.052047,2.75
5780,40000.0,0.02,greedy,ZYZZYVA,8.0,1.0,0.0603,1,1,1,FINALIZED_WITHIN_C2_LIMIT,0.074803,2.445
5781,40000.0,0.02,greedy,ZYZZYVA,8.0,1.0,0.0603,1,1,1,FINALIZED_WITHIN_C2_LIMIT,0.025141,2.693
5782,40000.0,0.02,greedy,ZYZZYVA,8.0,1.0,0.0603,1,1,1,FINALIZED_WITHIN_C2_LIMIT,0.031721,2.513
5783,29000.0,0.02,explore,PBFT,5.8,1.0,0.0715,1,1,1,FINALIZED_WITHIN_C2_LIMIT,0.159424,1.847
5784,40000.0,0.02,greedy,ZYZZYVA,8.0,1.0,0.0603,1,1,1,FINALIZED_WITHIN_C2_LIMIT,0.165365,2.5
5785,40000.0,0.02,greedy,ZYZZYVA,8.0,1.0,0.0603,1,1,1,FINALIZED_WITHIN_C2_LIMIT,0.059602,2.369
5786,40000.0,0.02,greedy,ZYZZYVA,8.0,1.0,0.0603,1,1,1,FINALIZED_WITHIN_C2_LIMIT,0.428006,2.777
5787,40000.0,0.02,greedy,ZYZZYVA,8.0,1.0,0.0603,1,1,1,FINALIZED_WITHIN_C2_LIMIT,0.74773,2.84
5788,40000.0,0.02,greedy,ZYZZYVA,8.0,1.0,0.0603,1,1,1,FINALIZED_WITHIN_C2_LIMIT,0.466303,2.654
5789,40000.0,0.02,greedy,ZYZZYVA,8.0,1.0,0.0603,1,1,1,FINALIZED_WITHIN_C2_LIMIT,0.056317,2.445
5790,40000.0,0.02,greedy,ZYZZYVA,8.0,1.0,0.0603,1,1,1,FINALIZED_WITHIN_C2_LIMIT,0.333066,2.447
5791,40000.0,0.02,greedy,ZYZZYVA,8.0,1.0,0.0603,1,1,1,FINALIZED_WITHIN_C2_LIMIT,0.800389,2.364
5792,40000.0,0.02,greedy,ZYZZYVA,8.0,1.0,0.0603,1,1,1,FINALIZED_WITHIN_C2_LIMIT,0.773755,2.38
5793,40000.0,0.02,greedy,ZYZZYVA,8.0,1.0,0.0603,1,1,1,FINALIZED_WITHIN_C2_LIMIT,0.259445,2.381
5794,40000.0,0.02,greedy,ZYZZYVA,8.0,1.0,0.0603,1,1,1,FINALIZED_WITHIN_C2_LIMIT,0.065109,2.366
5795,40000.0,0.02,greedy,ZYZZYVA,8.0,1.0,0.0603,1,1,1,FINALIZED_WITHIN_C2_LIMIT,0.272299,2.341
5796,40000.0,0.02,greedy,ZYZZYVA,8.0,1.0,0.0603,1,1,1,FINALIZED_WITHIN_C2_LIMIT,0.153512,2.794
5797,40000.0,0.02,greedy,ZYZZYVA,8.0,1.0,0.0603,1,1,1,FINALIZED_WITHIN_C2_LIMIT,0.025178,2.642
5798,40000.0,0.02,greedy,ZYZZYVA,8.0,1.0,0.0603,1,1,1,FINALIZED_WITHIN_C2_LIMIT,0.044617,2.563
5799,40000.0,0.02,greedy,ZYZZYVA,8.0,1.0,0.0603,1,1,1,FINALIZED_WITHIN_C2_LIMIT,0.024991,2.441
5800,40000.0,0.02,greedy,ZYZZYVA,8.0,1.0,0.0603,1,1,1,FINALIZED_WITHIN_C2_LIMIT,0.046922,2.671
5801,40000.0,0.02,greedy,ZYZZYVA,8.0,1.0,0.0603,1,1,1,FINALIZED_WITHIN_C2_LIMIT,0.036848,2.281
5802,40000.0,0.02,greedy,LIU_QUORUM,8.0,1.0,0.0603,1,1,1,FINALIZED_WITHIN_C2_LIMIT,0.029158,3.113
5803,40000.0,0.02,greedy,LIU_QUORUM,8.0,1.0,0.0603,1,1,1,FINALIZED_WITHIN_C2_LIMIT,0.046142,2.723
5804,40000.0,0.02,greedy,LIU_QUORUM,8.0,1.0,0.0603,1,1,1,FINALIZED_WITHIN_C2_LIMIT,0.017478,2.68
5805,40000.0,0.02,greedy,LIU_QUORUM,8.0,1.0,0.0603,1,1,1,FINALIZED_WITHIN_C2_LIMIT,0.109692,2.242
5806,40000.0,0.02,greedy,LIU_QUORUM,8.0,1.0,0.0603,1,1,1,FINALIZED_WITHIN_C2_LIMIT,0.135764,2.001
5807,40000.0,0.02,greedy,LIU_QUORUM,8.0,1.0,0.0603,1,1,1,FINALIZED_WITHIN_C2_LIMIT,0.039958,2.141
5808,40000.0,0.02,greedy,LIU_QUORUM,8.0,1.0,0.0603,1,1,1,FINALIZED_WITHIN_C2_LIMIT,0.036759,2.514
5809,40000.0,0.02,greedy,LIU_QUORUM,8.0,1.0,0.0603,1,1,1,FINALIZED_WITHIN_C2_LIMIT,0.069376,2.581
5810,40000.0,0.02,greedy,LIU_QUORUM,8.0,1.0,0.0603,1,1,1,FINALIZED_WITHIN_C2_LIMIT,0.055603,2.475
5811,40000.0,0.02,greedy,LIU_QUORUM,8.0,1.0,0.0603,1,1,1,FINALIZED_WITHIN_C2_LIMIT,0.051574,2.547
5812,40000.0,0.02,greedy,LIU_QUORUM,8.0,1.0,0.0603,1,1,1,FINALIZED_WITHIN_C2_LIMIT,0.060514,2.439
5813,40000.0,0.02,greedy,ZYZZYVA,8.0,1.0,0.0603,1,1,1,FINALIZED_WITHIN_C2_LIMIT,0.113569,2.36
5814,40000.0,0.02,greedy,ZYZZYVA,8.0,1.0,0.0603,1,1,1,FINALIZED_WITHIN_C2_LIMIT,0.023625,2.445
5815,40000.0,0.02,greedy,ZYZZYVA,8.0,1.0,0.0603,1,1,1,FINALIZED_WITHIN_C2_LIMIT,0.139019,2.525
5816,40000.0,0.02,greedy,ZYZZYVA,8.0,1.0,0.0603,1,1,1,FINALIZED_WITHIN_C2_LIMIT,0.109066,1.963
5817,40000.0,0.02,greedy,ZYZZYVA,8.0,1.0,0.0603,1,1,1,FINALIZED_WITHIN_C2_LIMIT,0.030801,2.098
5818,40000.0,0.02,greedy,ZYZZYVA,8.0,1.0,0.0603,1,1,1,FINALIZED_WITHIN_C2_LIMIT,0.025133,2.543
5819,40000.0,0.02,greedy,ZYZZYVA,8.0,1.0,0.0603,1,1,1,FINALIZED_WITHIN_C2_LIMIT,0.098193,2.723
5820,40000.0,0.02,greedy,ZYZZYVA,8.0,1.0,0.0603,1,1,1,FINALIZED_WITHIN_C2_LIMIT,0.088444,2.767
5821,40000.0,0.02,greedy,ZYZZYVA,8.0,1.0,0.0603,1,1,1,FINALIZED_WITHIN_C2_LIMIT,0.026575,2.294
5822,40000.0,0.02,greedy,ZYZZYVA,8.0,1.0,0.0603,1,1,1,FINALIZED_WITHIN_C2_LIMIT,0.044238,2.344
5823,40000.0,0.02,greedy,ZYZZYVA,8.0,1.0,0.0603,1,1,1,FINALIZED_WITHIN_C2_LIMIT,0.107052,2.161
5824,40000.0,0.02,greedy,ZYZZYVA,8.0,1.0,0.0603,1,1,1,FINALIZED_WITHIN_C2_LIMIT,0.079657,2.437
5825,40000.0,0.02,greedy,ZYZZYVA,8.0,1.0,0.0603,1,1,1,FINALIZED_WITHIN_C2_LIMIT,0.038437,2.299
5826,40000.0,0.02,greedy,ZYZZYVA,8.0,1.0,0.0603,1,1,1,FINALIZED_WITHIN_C2_LIMIT,0.028934,2.293
5827,40000.0,0.02,greedy,ZYZZYVA,8.0,1.0,0.0603,1,1,1,FINALIZED_WITHIN_C2_LIMIT,0.076352,2.252
5828,40000.0,0.02,greedy,ZYZZYVA,8.0,1.0,0.0603,1,1,1,FINALIZED_WITHIN_C2_LIMIT,0.078759,1.993
5829,40000.0,0.02,greedy,ZYZZYVA,8.0,1.0,0.0603,1,1,1,FINALIZED_WITHIN_C2_LIMIT,0.045211,2.139
5830,40000.0,0.02,greedy,ZYZZYVA,8.0,1.0,0.0603,1,1,1,FINALIZED_WITHIN_C2_LIMIT,0.04028,2.271
5831,40000.0,0.02,greedy,ZYZZYVA,8.0,1.0,0.0603,1,1,1,FINALIZED_WITHIN_C2_LIMIT,0.059459,2.333
5832,40000.0,0.02,greedy,ZYZZYVA,8.0,1.0,0.0603,1,1,1,FINALIZED_WITHIN_C2_LIMIT,0.054056,2.095
5833,40000.0,0.02,greedy,ZYZZYVA,8.0,1.0,0.0603,1,1,1,FINALIZED_WITHIN_C2_LIMIT,0.068988,2.088
5834,40000.0,0.02,greedy,ZYZZYVA,8.0,1.0,0.0603,1,1,1,FINALIZED_WITHIN_C2_LIMIT,0.106642,2.397
5835,40000.0,0.02,greedy,ZYZZYVA,8.0,1.0,0.0603,1,1,1,FINALIZED_WITHIN_C2_LIMIT,0.0596,2.103
5836,40000.0,0.02,greedy,ZYZZYVA,8.0,1.0,0.0603,1,1,1,FINALIZED_WITHIN_C2_LIMIT,0.045266,2.292
5837,40000.0,0.02,greedy,ZYZZYVA,8.0,1.0,0.0603,1,1,1,FINALIZED_WITHIN_C2_LIMIT,0.06099,2.385
5838,40000.0,0.02,greedy,ZYZZYVA,8.0,1.0,0.0603,1,1,1,FINALIZED_WITHIN_C2_LIMIT,0.067664,2.137
5839,40000.0,0.02,greedy,ZYZZYVA,8.0,1.0,0.0603,1,1,1,FINALIZED_WITHIN_C2_LIMIT,0.080754,2.114
5840,40000.0,0.02,greedy,ZYZZYVA,8.0,1.0,0.0603,1,1,1,FINALIZED_WITHIN_C2_LIMIT,0.052052,2.157
5841,40000.0,0.02,greedy,LIU_QUORUM,8.0,1.0,0.0603,1,1,1,FINALIZED_WITHIN_C2_LIMIT,0.083498,1.987
5842,40000.0,0.02,greedy,ZYZZYVA,8.0,1.0,0.0603,1,1,1,FINALIZED_WITHIN_C2_LIMIT,0.087719,1.952
5843,40000.0,0.02,greedy,ZYZZYVA,8.0,1.0,0.0603,1,1,1,FINALIZED_WITHIN_C2_LIMIT,0.057532,2.326
5844,40000.0,0.02,greedy,ZYZZYVA,8.0,1.0,0.0603,1,1,1,FINALIZED_WITHIN_C2_LIMIT,0.060555,2.501
5845,40000.0,0.02,greedy,ZYZZYVA,8.0,1.0,0.0603,1,1,1,FINALIZED_WITHIN_C2_LIMIT,0.115143,2.469
5846,40000.0,0.02,greedy,ZYZZYVA,8.0,1.0,0.0603,1,1,1,FINALIZED_WITHIN_C2_LIMIT,0.070385,2.469
5847,40000.0,0.02,greedy,ZYZZYVA,8.0,1.0,0.0603,1,1,1,FINALIZED_WITHIN_C2_LIMIT,0.04726,2.461
5848,40000.0,0.02,greedy,ZYZZYVA,8.0,1.0,0.0603,1,1,1,FINALIZED_WITHIN_C2_LIMIT,0.037045,2.517
5849,40000.0,0.02,greedy,ZYZZYVA,8.0,1.0,0.0603,1,1,1,FINALIZED_WITHIN_C2_LIMIT,0.054146,2.684
5850,40000.0,0.02,greedy,ZYZZYVA,8.0,1.0,0.0603,1,1,1,FINALIZED_WITHIN_C2_LIMIT,0.058045,2.653
5851,40000.0,0.02,greedy,ZYZZYVA,8.0,1.0,0.0603,1,1,1,FINALIZED_WITHIN_C2_LIMIT,0.044565,2.683
5852,40000.0,0.02,greedy,ZYZZYVA,8.0,1.0,0.0603,1,1,1,FINALIZED_WITHIN_C2_LIMIT,0.045408,2.46
5853,40000.0,0.02,greedy,ZYZZYVA,8.0,1.0,0.0603,1,1,1,FINALIZED_WITHIN_C2_LIMIT,0.063185,2.292
5854,40000.0,0.02,greedy,ZYZZYVA,8.0,1.0,0.0603,1,1,1,FINALIZED_WITHIN_C2_LIMIT,0.048944,2.985
5855,40000.0,0.02,greedy,ZYZZYVA,8.0,1.0,0.0603,1,1,1,FINALIZED_WITHIN_C2_LIMIT,0.060319,2.64
5856,40000.0,0.02,greedy,ZYZZYVA,8.0,1.0,0.0603,1,1,1,FINALIZED_WITHIN_C2_LIMIT,0.079489,2.374
5857,40000.0,0.02,greedy,ZYZZYVA,8.0,1.0,0.0603,1,1,1,FINALIZED_WITHIN_C2_LIMIT,0.065084,2.497
5858,40000.0,0.02,greedy,ZYZZYVA,8.0,1.0,0.0603,1,1,1,FINALIZED_WITHIN_C2_LIMIT,0.045572,2.267
5859,40000.0,0.02,greedy,ZYZZYVA,8.0,1.0,0.0603,1,1,1,FINALIZED_WITHIN_C2_LIMIT,0.046215,2.486
5860,40000.0,0.02,greedy,ZYZZYVA,8.0,1.0,0.0603,1,1,1,FINALIZED_WITHIN_C2_LIMIT,0.047025,2.422
5861,40000.0,0.02,greedy,ZYZZYVA,8.0,1.0,0.0603,1,1,1,FINALIZED_WITHIN_C2_LIMIT,0.072656,2.412
5862,40000.0,0.02,greedy,ZYZZYVA,8.0,1.0,0.0603,1,1,1,FINALIZED_WITHIN_C2_LIMIT,0.054069,2.505
5863,40000.0,0.02,greedy,ZYZZYVA,8.0,1.0,0.0603,1,1,1,FINALIZED_WITHIN_C2_LIMIT,0.058962,2.307
5864,40000.0,0.02,greedy,ZYZZYVA,8.0,1.0,0.0603,1,1,1,FINALIZED_WITHIN_C2_LIMIT,0.027925,2.835
5865,40000.0,0.02,greedy,ZYZZYVA,8.0,1.0,0.0603,1,1,1,FINALIZED_WITHIN_C2_LIMIT,0.065247,2.377
5866,40000.0,0.02,greedy,ZYZZYVA,8.0,1.0,0.0603,1,1,1,FINALIZED_WITHIN_C2_LIMIT,0.080843,2.577
5867,40000.0,0.02,greedy,ZYZZYVA,8.0,1.0,0.0603,1,1,1,FINALIZED_WITHIN_C2_LIMIT,0.052174,2.753
5868,40000.0,0.02,greedy,ZYZZYVA,8.0,1.0,0.0603,1,1,1,FINALIZED_WITHIN_C2_LIMIT,0.03434,2.726
5869,40000.0,0.02,greedy,ZYZZYVA,8.0,1.0,0.0603,1,1,1,FINALIZED_WITHIN_C2_LIMIT,0.062086,2.572
5870,40000.0,0.02,greedy,ZYZZYVA,8.0,1.0,0.0603,1,1,1,FINALIZED_WITHIN_C2_LIMIT,0.059974,3.063
5871,40000.0,0.02,greedy,ZYZZYVA,8.0,1.0,0.0603,1,1,1,FINALIZED_WITHIN_C2_LIMIT,0.075561,2.646
5872,40000.0,0.02,greedy,ZYZZYVA,8.0,1.0,0.0603,1,1,1,FINALIZED_WITHIN_C2_LIMIT,0.058997,2.613
5873,40000.0,0.02,greedy,ZYZZYVA,8.0,1.0,0.0603,1,1,1,FINALIZED_WITHIN_C2_LIMIT,0.067425,2.454
5874,40000.0,0.02,greedy,ZYZZYVA,8.0,1.0,0.0603,1,1,1,FINALIZED_WITHIN_C2_LIMIT,0.053145,2.651
5875,40000.0,0.02,greedy,ZYZZYVA,8.0,1.0,0.0603,1,1,1,FINALIZED_WITHIN_C2_LIMIT,0.060726,2.602
5876,40000.0,0.02,greedy,ZYZZYVA,8.0,1.0,0.0603,1,1,1,FINALIZED_WITHIN_C2_LIMIT,0.033485,2.439
5877,40000.0,0.02,greedy,ZYZZYVA,8.0,1.0,0.0603,1,1,1,FINALIZED_WITHIN_C2_LIMIT,0.094792,2.436
5878,40000.0,0.02,greedy,LIU_QUORUM,8.0,1.0,0.0603,1,1,1,FINALIZED_WITHIN_C2_LIMIT,0.068503,2.699
5879,40000.0,0.02,greedy,ZYZZYVA,8.0,1.0,0.0603,1,1,1,FINALIZED_WITHIN_C2_LIMIT,0.049205,2.451
5880,40000.0,0.02,greedy,ZYZZYVA,8.0,1.0,0.0603,1,1,1,FINALIZED_WITHIN_C2_LIMIT,0.049385,2.595
5881,40000.0,0.02,greedy,ZYZZYVA,8.0,1.0,0.0603,1,1,1,FINALIZED_WITHIN_C2_LIMIT,0.072847,2.484
5882,40000.0,0.02,greedy,ZYZZYVA,8.0,1.0,0.0603,1,1,1,FINALIZED_WITHIN_C2_LIMIT,0.058047,2.623
5883,40000.0,0.02,greedy,ZYZZYVA,8.0,1.0,0.0603,1,1,1,FINALIZED_WITHIN_C2_LIMIT,0.041729,2.607
5884,40000.0,0.02,greedy,ZYZZYVA,8.0,1.0,0.0603,1,1,1,FINALIZED_WITHIN_C2_LIMIT,0.043225,2.387
5885,40000.0,0.02,greedy,ZYZZYVA,8.0,1.0,0.0603,1,1,1,FINALIZED_WITHIN_C2_LIMIT,0.062885,2.478
5886,40000.0,0.02,greedy,ZYZZYVA,8.0,1.0,0.0603,1,1,1,FINALIZED_WITHIN_C2_LIMIT,0.062258,2.556
5887,40000.0,0.02,greedy,ZYZZYVA,8.0,1.0,0.0603,1,1,1,FINALIZED_WITHIN_C2_LIMIT,0.093777,2.457
5888,40000.0,0.02,greedy,ZYZZYVA,8.0,1.0,0.0603,1,1,1,FINALIZED_WITHIN_C2_LIMIT,0.046866,2.552
5889,40000.0,0.02,greedy,ZYZZYVA,8.0,1.0,0.0603,1,1,1,FINALIZED_WITHIN_C2_LIMIT,0.076702,2.303
5890,40000.0,0.02,greedy,ZYZZYVA,8.0,1.0,0.0603,1,1,1,FINALIZED_WITHIN_C2_LIMIT,0.041186,2.473
5891,40000.0,0.02,greedy,ZYZZYVA,8.0,1.0,0.0603,1,1,1,FINALIZED_WITHIN_C2_LIMIT,0.089664,2.493
5892,40000.0,0.02,greedy,LIU_QUORUM,8.0,1.0,0.0603,1,1,1,FINALIZED_WITHIN_C2_LIMIT,0.075368,2.421
5893,40000.0,0.02,greedy,ZYZZYVA,8.0,1.0,0.0603,1,1,1,FINALIZED_WITHIN_C2_LIMIT,0.052167,2.473
5894,40000.0,0.02,greedy,ZYZZYVA,8.0,1.0,0.0603,1,1,1,FINALIZED_WITHIN_C2_LIMIT,0.037552,2.332
5895,40000.0,0.02,explore,PBFT,8.0,1.0,0.0708,1,1,1,FINALIZED_WITHIN_C2_LIMIT,0.091438,2.287
5896,40000.0,0.02,greedy,ZYZZYVA,8.0,1.0,0.0603,1,1,1,FINALIZED_WITHIN_C2_LIMIT,0.063481,2.074
5897,40000.0,0.02,greedy,ZYZZYVA,8.0,1.0,0.0603,1,1,1,FINALIZED_WITHIN_C2_LIMIT,0.071034,2.163
5898,40000.0,0.02,greedy,ZYZZYVA,8.0,1.0,0.0603,1,1,1,FINALIZED_WITHIN_C2_LIMIT,0.054768,2.191
5899,40000.0,0.02,greedy,ZYZZYVA,8.0,1.0,0.0603,1,1,1,FINALIZED_WITHIN_C2_LIMIT,0.022299,2.38
5900,40000.0,0.02,greedy,ZYZZYVA,8.0,1.0,0.0603,1,1,1,FINALIZED_WITHIN_C2_LIMIT,0.13956,2.198
5901,40000.0,0.02,greedy,ZYZZYVA,8.0,1.0,0.0603,1,1,1,FINALIZED_WITHIN_C2_LIMIT,0.141925,2.022
5902,40000.0,0.02,greedy,ZYZZYVA,8.0,1.0,0.0603,1,1,1,FINALIZED_WITHIN_C2_LIMIT,0.021659,2.455
5903,40000.0,0.02,greedy,ZYZZYVA,8.0,1.0,0.06,1,1,1,FINALIZED_WITHIN_C2_LIMIT,0.222841,2.533
5904,40000.0,0.02,greedy,ZYZZYVA,8.0,1.0,0.06,1,1,1,FINALIZED_WITHIN_C2_LIMIT,0.279954,2.717
5905,40000.0,0.02,greedy,ZYZZYVA,8.0,1.0,0.0603,1,1,1,FINALIZED_WITHIN_C2_LIMIT,0.067495,2.317
5906,40000.0,0.02,greedy,ZYZZYVA,8.0,1.0,0.0603,1,1,1,FINALIZED_WITHIN_C2_LIMIT,0.150969,2.118
5907,40000.0,0.02,greedy,ZYZZYVA,8.0,1.0,0.0603,1,1,1,FINALIZED_WITHIN_C2_LIMIT,0.315357,2.401
5908,40000.0,0.02,greedy,ZYZZYVA,8.0,1.0,0.0603,1,1,1,FINALIZED_WITHIN_C2_LIMIT,0.183509,2.48
5909,40000.0,0.02,greedy,ZYZZYVA,8.0,1.0,0.0603,1,1,1,FINALIZED_WITHIN_C2_LIMIT,0.071598,2.277
5910,40000.0,0.02,greedy,ZYZZYVA,8.0,1.0,0.0603,1,1,1,FINALIZED_WITHIN_C2_LIMIT,0.125364,2.22
5911,40000.0,0.02,greedy,ZYZZYVA,8.0,1.0,0.0603,1,1,1,FINALIZED_WITHIN_C2_LIMIT,0.044933,2.263
5912,40000.0,0.02,greedy,ZYZZYVA,8.0,1.0,0.0603,1,1,1,FINALIZED_WITHIN_C2_LIMIT,0.04768,2.385
5913,40000.0,0.02,greedy,ZYZZYVA,8.0,1.0,0.0603,1,1,1,FINALIZED_WITHIN_C2_LIMIT,0.066506,2.159
5914,40000.0,0.02,greedy,ZYZZYVA,8.0,1.0,0.0603,1,1,1,FINALIZED_WITHIN_C2_LIMIT,0.019934,2.444
5915,40000.0,0.02,greedy,ZYZZYVA,8.0,1.0,0.0603,1,1,1,FINALIZED_WITHIN_C2_LIMIT,0.174968,2.563
5916,40000.0,0.02,greedy,ZYZZYVA,8.0,1.0,0.0603,1,1,1,FINALIZED_WITHIN_C2_LIMIT,0.302292,2.365
5917,40000.0,0.02,greedy,ZYZZYVA,8.0,1.0,0.0603,1,1,1,FINALIZED_WITHIN_C2_LIMIT,0.133592,2.359
5918,40000.0,0.02,greedy,ZYZZYVA,8.0,1.0,0.0603,1,1,1,FINALIZED_WITHIN_C2_LIMIT,0.170065,2.248
5919,40000.0,0.02,greedy,ZYZZYVA,8.0,1.0,0.0603,1,1,1,FINALIZED_WITHIN_C2_LIMIT,0.359811,2.501
5920,40000.0,0.02,greedy,ZYZZYVA,8.0,1.0,0.0603,1,1,1,FINALIZED_WITHIN_C2_LIMIT,0.198408,2.671
5921,40000.0,0.02,greedy,ZYZZYVA,8.0,1.0,0.0603,1,1,1,FINALIZED_WITHIN_C2_LIMIT,0.030001,2.462
5922,9000.0,0.02,explore,PBFT,1.8,1.0,0.0933,1,1,1,FINALIZED_WITHIN_C2_LIMIT,0.063717,0.841
5923,40000.0,0.02,greedy,ZYZZYVA,8.0,1.0,0.0603,1,1,1,FINALIZED_WITHIN_C2_LIMIT,0.037548,2.517
5924,40000.0,0.02,greedy,ZYZZYVA,8.0,1.0,0.0603,1,1,1,FINALIZED_WITHIN_C2_LIMIT,0.030284,2.52
5925,40000.0,0.02,greedy,ZYZZYVA,8.0,1.0,0.0603,1,1,1,FINALIZED_WITHIN_C2_LIMIT,0.075836,2.556
5926,40000.0,0.02,greedy,ZYZZYVA,8.0,1.0,0.0603,1,1,1,FINALIZED_WITHIN_C2_LIMIT,0.036817,2.757
5927,40000.0,0.02,greedy,LIU_QUORUM,8.0,1.0,0.06,1,1,1,FINALIZED_WITHIN_C2_LIMIT,0.161537,2.711
5928,40000.0,0.02,greedy,LIU_QUORUM,8.0,1.0,0.06,1,1,1,FINALIZED_WITHIN_C2_LIMIT,0.23023,2.427
5929,40000.0,0.02,greedy,LIU_QUORUM,8.0,1.0,0.06,1,1,1,FINALIZED_WITHIN_C2_LIMIT,0.041254,2.761
5930,40000.0,0.02,greedy,LIU_QUORUM,8.0,1.0,0.0603,1,1,1,FINALIZED_WITHIN_C2_LIMIT,0.19442,2.571
5931,40000.0,0.02,greedy,LIU_QUORUM,8.0,1.0,0.0603,1,1,1,FINALIZED_WITHIN_C2_LIMIT,0.390208,2.44
5932,40000.0,0.02,greedy,ZYZZYVA,8.0,1.0,0.0603,1,1,1,FINALIZED_WITHIN_C2_LIMIT,0.206097,2.778
5933,40000.0,0.02,greedy,LIU_QUORUM,8.0,1.0,0.06,1,1,1,FINALIZED_WITHIN_C2_LIMIT,0.024884,2.474
5934,40000.0,0.02,greedy,ZYZZYVA,8.0,1.0,0.06,1,1,1,FINALIZED_WITHIN_C2_LIMIT,0.038585,2.328
5935,40000.0,0.02,greedy,LIU_QUORUM,8.0,1.0,0.06,1,1,1,FINALIZED_WITHIN_C2_LIMIT,0.037204,2.617
5936,40000.0,0.02,greedy,LIU_QUORUM,8.0,1.0,0.06,1,1,1,FINALIZED_WITHIN_C2_LIMIT,0.015651,2.623
5937,40000.0,0.02,greedy,ZYZZYVA,8.0,1.0,0.06,1,1,1,FINALIZED_WITHIN_C2_LIMIT,0.180336,2.547
5938,40000.0,0.02,greedy,ZYZZYVA,8.0,1.0,0.06,1,1,1,FINALIZED_WITHIN_C2_LIMIT,0.140746,2.325
5939,40000.0,0.02,greedy,ZYZZYVA,8.0,1.0,0.06,1,1,1,FINALIZED_WITHIN_C2_LIMIT,0.037848,2.223
5940,40000.0,0.02,greedy,ZYZZYVA,8.0,1.0,0.0603,1,1,1,FINALIZED_WITHIN_C2_LIMIT,0.250144,2.582
5941,40000.0,0.02,greedy,ZYZZYVA,8.0,1.0,0.0603,1,1,1,FINALIZED_WITHIN_C2_LIMIT,0.379559,2.696
5942,40000.0,0.02,greedy,ZYZZYVA,8.0,1.0,0.0603,1,1,1,FINALIZED_WITHIN_C2_LIMIT,0.117152,2.432
5943,40000.0,0.02,greedy,ZYZZYVA,8.0,1.0,0.0603,1,1,1,FINALIZED_WITHIN_C2_LIMIT,0.060847,2.44
5944,40000.0,0.02,greedy,ZYZZYVA,8.0,1.0,0.06,1,1,1,FINALIZED_WITHIN_C2_LIMIT,0.177871,2.497
5945,40000.0,0.02,greedy,ZYZZYVA,8.0,1.0,0.0603,1,1,1,FINALIZED_WITHIN_C2_LIMIT,0.056796,2.679
5946,40000.0,0.02,greedy,ZYZZYVA,8.0,1.0,0.06,1,1,1,FINALIZED_WITHIN_C2_LIMIT,0.123347,2.356
5947,40000.0,0.02,greedy,ZYZZYVA,8.0,1.0,0.0603,1,1,1,FINALIZED_WITHIN_C2_LIMIT,0.252579,2.393
5948,40000.0,0.02,greedy,ZYZZYVA,8.0,1.0,0.0603,1,1,1,FINALIZED_WITHIN_C2_LIMIT,0.093802,2.791
5949,40000.0,0.02,greedy,ZYZZYVA,8.0,1.0,0.0603,1,1,1,FINALIZED_WITHIN_C2_LIMIT,0.109986,2.801
5950,40000.0,0.02,greedy,ZYZZYVA,8.0,1.0,0.0603,1,1,1,FINALIZED_WITHIN_C2_LIMIT,0.261375,2.279
5951,40000.0,0.02,greedy,ZYZZYVA,8.0,1.0,0.0603,1,1,1,FINALIZED_WITHIN_C2_LIMIT,0.145128,2.364
5952,40000.0,0.02,greedy,ZYZZYVA,8.0,1.0,0.0603,1,1,1,FINALIZED_WITHIN_C2_LIMIT,0.088773,2.233
5953,40000.0,0.02,greedy,ZYZZYVA,8.0,1.0,0.0603,1,1,1,FINALIZED_WITHIN_C2_LIMIT,0.138663,2.299
5954,4000.0,0.02,explore,LIU_QUORUM,0.8,1.0,0.0933,1,1,1,FINALIZED_WITHIN_C2_LIMIT,0.040875,0.59
5955,40000.0,0.02,greedy,ZYZZYVA,8.0,1.0,0.0603,1,1,1,FINALIZED_WITHIN_C2_LIMIT,0.176923,2.377
5956,40000.0,0.02,greedy,ZYZZYVA,8.0,1.0,0.0603,1,1,1,FINALIZED_WITHIN_C2_LIMIT,0.338568,2.198
5957,40000.0,0.02,greedy,ZYZZYVA,8.0,1.0,0.0603,1,1,1,FINALIZED_WITHIN_C2_LIMIT,0.150605,2.263
5958,40000.0,0.02,greedy,ZYZZYVA,8.0,1.0,0.0603,1,1,1,FINALIZED_WITHIN_C2_LIMIT,0.054177,2.355
5959,40000.0,0.02,greedy,ZYZZYVA,8.0,1.0,0.0603,1,1,1,FINALIZED_WITHIN_C2_LIMIT,0.115607,2.623
5960,40000.0,0.02,greedy,ZYZZYVA,8.0,1.0,0.0603,1,1,1,FINALIZED_WITHIN_C2_LIMIT,0.027961,2.108
5961,40000.0,0.02,greedy,ZYZZYVA,8.0,1.0,0.0603,1,1,1,FINALIZED_WITHIN_C2_LIMIT,0.206491,2.051
5962,40000.0,0.02,greedy,ZYZZYVA,8.0,1.0,0.0603,1,1,1,FINALIZED_WITHIN_C2_LIMIT,0.33315,2.275
5963,5000.0,0.02,explore,PBFT,1.0,1.0,0.0651,1,1,1,FINALIZED_WITHIN_C2_LIMIT,0.144535,0.739
5964,40000.0,0.02,greedy,ZYZZYVA,8.0,1.0,0.0603,1,1,1,FINALIZED_WITHIN_C2_LIMIT,0.049002,2.111
5965,40000.0,0.02,greedy,ZYZZYVA,8.0,1.0,0.0603,1,1,1,FINALIZED_WITHIN_C2_LIMIT,0.117303,2.049
5966,40000.0,0.02,greedy,LIU_QUORUM,8.0,1.0,0.0603,1,1,1,FINALIZED_WITHIN_C2_LIMIT,0.028702,2.463
5967,40000.0,0.02,greedy,LIU_QUORUM,8.0,1.0,0.0603,1,1,1,FINALIZED_WITHIN_C2_LIMIT,0.252137,2.537
5968,40000.0,0.02,greedy,LIU_QUORUM,8.0,1.0,0.0603,1,1,1,FINALIZED_WITHIN_C2_LIMIT,0.351795,2.25
5969,40000.0,0.02,greedy,ZYZZYVA,8.0,1.0,0.0603,1,1,1,FINALIZED_WITHIN_C2_LIMIT,0.161862,2.339
5970,40000.0,0.02,greedy,ZYZZYVA,8.0,1.0,0.0603,1,1,1,FINALIZED_WITHIN_C2_LIMIT,0.043726,2.027
5971,40000.0,0.02,greedy,ZYZZYVA,8.0,1.0,0.0603,1,1,1,FINALIZED_WITHIN_C2_LIMIT,0.103831,2.302
5972,40000.0,0.02,greedy,ZYZZYVA,8.0,1.0,0.0603,1,1,1,FINALIZED_WITHIN_C2_LIMIT,0.053993,2.447
5973,40000.0,0.02,greedy,ZYZZYVA,8.0,1.0,0.0603,1,1,1,FINALIZED_WITHIN_C2_LIMIT,0.237926,2.075
5974,40000.0,0.02,greedy,ZYZZYVA,8.0,1.0,0.0603,1,1,1,FINALIZED_WITHIN_C2_LIMIT,0.403999,2.083
5975,40000.0,0.02,greedy,ZYZZYVA,8.0,1.0,0.0603,1,1,1,FINALIZED_WITHIN_C2_LIMIT,0.190817,2.282
5976,40000.0,0.02,greedy,ZYZZYVA,8.0,1.0,0.0603,1,1,1,FINALIZED_WITHIN_C2_LIMIT,0.064319,2.361
5977,40000.0,0.02,greedy,ZYZZYVA,8.0,1.0,0.0603,1,1,1,FINALIZED_WITHIN_C2_LIMIT,0.102863,2.295
5978,40000.0,0.02,greedy,ZYZZYVA,8.0,1.0,0.0603,1,1,1,FINALIZED_WITHIN_C2_LIMIT,0.025992,1.986
5979,40000.0,0.02,greedy,ZYZZYVA,8.0,1.0,0.0603,1,1,1,FINALIZED_WITHIN_C2_LIMIT,0.215314,2.433
5980,40000.0,0.02,greedy,ZYZZYVA,8.0,1.0,0.0603,1,1,1,FINALIZED_WITHIN_C2_LIMIT,0.387066,2.588
5981,40000.0,0.02,greedy,ZYZZYVA,8.0,1.0,0.0603,1,1,1,FINALIZED_WITHIN_C2_LIMIT,0.138173,2.378
5982,40000.0,0.02,greedy,ZYZZYVA,8.0,1.0,0.0603,1,1,1,FINALIZED_WITHIN_C2_LIMIT,0.040523,2.402
5983,40000.0,0.02,greedy,ZYZZYVA,8.0,1.0,0.0603,1,1,1,FINALIZED_WITHIN_C2_LIMIT,0.115343,2.065
5984,40000.0,0.02,greedy,ZYZZYVA,8.0,1.0,0.0603,1,1,1,FINALIZED_WITHIN_C2_LIMIT,0.027044,2.094
5985,40000.0,0.02,greedy,ZYZZYVA,8.0,1.0,0.0603,1,1,1,FINALIZED_WITHIN_C2_LIMIT,0.194518,2.413
5986,40000.0,0.02,greedy,ZYZZYVA,8.0,1.0,0.0603,1,1,1,FINALIZED_WITHIN_C2_LIMIT,0.34962,2.319
5987,40000.0,0.02,greedy,ZYZZYVA,8.0,1.0,0.0603,1,1,1,FINALIZED_WITHIN_C2_LIMIT,0.166009,2.638
5988,40000.0,0.02,greedy,ZYZZYVA,8.0,1.0,0.0603,1,1,1,FINALIZED_WITHIN_C2_LIMIT,0.047154,2.252
5989,40000.0,0.02,greedy,ZYZZYVA,8.0,1.0,0.0603,1,1,1,FINALIZED_WITHIN_C2_LIMIT,0.109391,2.464
5990,40000.0,0.02,greedy,ZYZZYVA,8.0,1.0,0.0603,1,1,1,FINALIZED_WITHIN_C2_LIMIT,0.028728,2.186
5991,40000.0,0.02,greedy,ZYZZYVA,8.0,1.0,0.0603,1,1,1,FINALIZED_WITHIN_C2_LIMIT,0.280238,2.258
5992,40000.0,0.02,greedy,ZYZZYVA,8.0,1.0,0.0603,1,1,1,FINALIZED_WITHIN_C2_LIMIT,0.377221,2.275
5993,40000.0,0.02,greedy,ZYZZYVA,8.0,1.0,0.0603,1,1,1,FINALIZED_WITHIN_C2_LIMIT,0.260588,1.996
5994,40000.0,0.02,greedy,ZYZZYVA,8.0,1.0,0.0603,1,1,1,FINALIZED_WITHIN_C2_LIMIT,0.037947,2.311
5995,40000.0,0.02,greedy,ZYZZYVA,8.0,1.0,0.0603,1,1,1,FINALIZED_WITHIN_C2_LIMIT,0.084569,2.365
5996,40000.0,0.02,greedy,ZYZZYVA,8.0,1.0,0.0603,1,1,1,FINALIZED_WITHIN_C2_LIMIT,0.024193,2.398
5997,40000.0,0.02,greedy,ZYZZYVA,8.0,1.0,0.0603,1,1,1,FINALIZED_WITHIN_C2_LIMIT,0.264553,2.502
5998,40000.0,0.02,greedy,ZYZZYVA,8.0,1.0,0.0603,1,1,1,FINALIZED_WITHIN_C2_LIMIT,0.42205,2.243
5999,40000.0,0.02,greedy,ZYZZYVA,8.0,1.0,0.0603,1,1,1,FINALIZED_WITHIN_C2_LIMIT,0.048842,2.711
6000,0.0,0.02,explore,ZYZZYVA,1.6,1.0,0.2811,0,1,1,FINALIZED_WITHIN_C2_LIMIT,0.270752,0.993
6001,40000.0,0.02,greedy,ZYZZYVA,8.0,1.0,0.0603,1,1,1,FINALIZED_WITHIN_C2_LIMIT,0.4208,2.513
6002,40000.0,0.02,greedy,ZYZZYVA,8.0,1.0,0.0603,1,1,1,FINALIZED_WITHIN_C2_LIMIT,0.195257,2.109
6003,40000.0,0.02,greedy,ZYZZYVA,8.0,1.0,0.0603,1,1,1,FINALIZED_WITHIN_C2_LIMIT,0.034611,2.52
6004,40000.0,0.02,greedy,ZYZZYVA,8.0,1.0,0.0603,1,1,1,FINALIZED_WITHIN_C2_LIMIT,0.088996,2.175
6005,40000.0,0.02,greedy,ZYZZYVA,8.0,1.0,0.0603,1,1,1,FINALIZED_WITHIN_C2_LIMIT,0.024019,2.497
6006,40000.0,0.02,greedy,ZYZZYVA,8.0,1.0,0.0603,1,1,1,FINALIZED_WITHIN_C2_LIMIT,0.165571,2.224
6007,40000.0,0.02,greedy,ZYZZYVA,8.0,1.0,0.0603,1,1,1,FINALIZED_WITHIN_C2_LIMIT,0.137922,1.981
6008,40000.0,0.02,greedy,ZYZZYVA,8.0,1.0,0.0603,1,1,1,FINALIZED_WITHIN_C2_LIMIT,0.020113,2.281
6009,40000.0,0.02,greedy,LIU_QUORUM,8.0,1.0,0.0603,1,1,1,FINALIZED_WITHIN_C2_LIMIT,0.31211,2.308
6010,40000.0,0.02,greedy,LIU_QUORUM,8.0,1.0,0.0603,1,1,1,FINALIZED_WITHIN_C2_LIMIT,0.551964,2.123
6011,40000.0,0.02,greedy,LIU_QUORUM,8.0,1.0,0.0603,1,1,1,FINALIZED_WITHIN_C2_LIMIT,0.333926,2.49
6012,4000.0,0.02,explore,ZYZZYVA,0.8,1.0,0.0362,1,1,1,FINALIZED_WITHIN_C2_LIMIT,0.016913,0.602
6013,40000.0,0.02,greedy,LIU_QUORUM,8.0,1.0,0.0603,1,1,1,FINALIZED_WITHIN_C2_LIMIT,0.597249,2.357
6014,40000.0,0.02,greedy,LIU_QUORUM,8.0,1.0,0.0603,1,1,1,FINALIZED_WITHIN_C2_LIMIT,1.269289,2.195
6015,40000.0,0.02,greedy,LIU_QUORUM,8.0,1.0,0.0603,1,1,1,FINALIZED_WITHIN_C2_LIMIT,1.219043,2.538
6016,40000.0,0.02,greedy,LIU_QUORUM,8.0,1.0,0.0603,1,1,1,FINALIZED_WITHIN_C2_LIMIT,0.617196,2.061
6017,40000.0,0.02,greedy,LIU_QUORUM,8.0,1.0,0.0603,1,1,1,FINALIZED_WITHIN_C2_LIMIT,0.031032,2.365
6018,40000.0,0.02,greedy,LIU_QUORUM,8.0,1.0,0.0603,1,1,1,FINALIZED_WITHIN_C2_LIMIT,0.613578,2.155
6019,40000.0,0.02,greedy,LIU_QUORUM,8.0,1.0,0.0603,1,1,1,FINALIZED_WITHIN_C2_LIMIT,1.772655,2.456
6020,7000.0,0.02,explore,LIU_QUORUM,1.4,1.0,0.0685,1,1,1,FINALIZED_WITHIN_C2_LIMIT,2.024611,0.661
6021,40000.0,0.02,greedy,LIU_QUORUM,8.0,1.0,0.0603,1,1,1,FINALIZED_WITHIN_C2_LIMIT,1.426522,2.244
6022,40000.0,0.02,greedy,LIU_QUORUM,8.0,1.0,0.0603,1,1,1,FINALIZED_WITHIN_C2_LIMIT,0.347608,2.196
6023,40000.0,0.02,greedy,LIU_QUORUM,8.0,1.0,0.0603,1,1,1,FINALIZED_WITHIN_C2_LIMIT,0.082322,2.246
6024,40000.0,0.02,greedy,ZYZZYVA,8.0,1.0,0.0603,1,1,1,FINALIZED_WITHIN_C2_LIMIT,0.416935,2.199
6025,40000.0,0.02,greedy,ZYZZYVA,8.0,1.0,0.0603,1,1,1,FINALIZED_WITHIN_C2_LIMIT,0.466384,2.256
6026,40000.0,0.02,greedy,ZYZZYVA,8.0,1.0,0.0603,1,1,1,FINALIZED_WITHIN_C2_LIMIT,0.174979,2.107
6027,40000.0,0.02,greedy,ZYZZYVA,8.0,1.0,0.0603,1,1,1,FINALIZED_WITHIN_C2_LIMIT,0.071786,2.089
6028,40000.0,0.02,greedy,ZYZZYVA,8.0,1.0,0.0603,1,1,1,FINALIZED_WITHIN_C2_LIMIT,0.177799,2.013
6029,40000.0,0.02,greedy,ZYZZYVA,8.0,1.0,0.0603,1,1,1,FINALIZED_WITHIN_C2_LIMIT,0.092273,2.278
6030,40000.0,0.02,greedy,ZYZZYVA,8.0,1.0,0.0603,1,1,1,FINALIZED_WITHIN_C2_LIMIT,0.075684,2.326
6031,40000.0,0.02,greedy,ZYZZYVA,8.0,1.0,0.0603,1,1,1,FINALIZED_WITHIN_C2_LIMIT,0.110428,2.412
6032,40000.0,0.02,greedy,ZYZZYVA,8.0,1.0,0.0603,1,1,1,FINALIZED_WITHIN_C2_LIMIT,0.020877,2.373
6033,40000.0,0.02,greedy,ZYZZYVA,8.0,1.0,0.0603,1,1,1,FINALIZED_WITHIN_C2_LIMIT,0.159766,2.632
6034,40000.0,0.02,greedy,ZYZZYVA,8.0,1.0,0.0727,1,1,1,FINALIZED_WITHIN_C2_LIMIT,0.119241,2.454
6035,40000.0,0.02,greedy,ZYZZYVA,8.0,1.0,0.0603,1,1,1,FINALIZED_WITHIN_C2_LIMIT,0.024396,2.827
6036,40000.0,0.02,greedy,ZYZZYVA,8.0,1.0,0.0727,1,1,1,FINALIZED_WITHIN_C2_LIMIT,0.017876,2.725
6037,40000.0,0.02,greedy,ZYZZYVA,8.0,1.0,0.0727,1,1,1,FINALIZED_WITHIN_C2_LIMIT,0.070539,2.547
6038,40000.0,0.02,greedy,LIU_QUORUM,8.0,1.0,0.0727,1,1,1,FINALIZED_WITHIN_C2_LIMIT,0.036389,2.144
6039,40000.0,0.02,greedy,LIU_QUORUM,8.0,1.0,0.0727,1,1,1,FINALIZED_WITHIN_C2_LIMIT,0.190409,2.287
6040,11000.0,0.02,explore,LIU_QUORUM,2.2,1.0,0.0282,1,1,1,FINALIZED_WITHIN_C2_LIMIT,0.223655,0.763
6041,40000.0,0.02,greedy,LIU_QUORUM,8.0,1.0,0.0727,1,1,1,FINALIZED_WITHIN_C2_LIMIT,0.056299,1.85
6042,40000.0,0.02,greedy,PBFT,8.0,1.0,0.0727,1,1,1,FINALIZED_WITHIN_C2_LIMIT,0.230109,1.928
6043,40000.0,0.02,greedy,PBFT,8.0,1.0,0.0727,1,1,1,FINALIZED_WITHIN_C2_LIMIT,0.349935,2.29
6044,40000.0,0.02,greedy,PBFT,8.0,1.0,0.0727,1,1,1,FINALIZED_WITHIN_C2_LIMIT,0.186442,2.038
6045,40000.0,0.02,greedy,PBFT,8.0,1.0,0.0727,1,1,1,FINALIZED_WITHIN_C2_LIMIT,0.027365,2.22
6046,40000.0,0.02,greedy,PBFT,8.0,1.0,0.0727,1,1,1,FINALIZED_WITHIN_C2_LIMIT,0.057781,2.171
6047,40000.0,0.02,greedy,LIU_QUORUM,8.0,1.0,0.0727,1,1,1,FINALIZED_WITHIN_C2_LIMIT,0.018873,2.48
6048,40000.0,0.02,greedy,ZYZZYVA,8.0,1.0,0.0727,1,1,1,FINALIZED_WITHIN_C2_LIMIT,0.026005,2.125
6049,40000.0,0.02,greedy,ZYZZYVA,8.0,1.0,0.0727,1,1,1,FINALIZED_WITHIN_C2_LIMIT,0.096844,2.313
6050,40000.0,0.02,greedy,ZYZZYVA,8.0,1.0,0.0727,1,1,1,FINALIZED_WITHIN_C2_LIMIT,0.026312,2.003
6051,40000.0,0.02,greedy,ZYZZYVA,8.0,1.0,0.0727,1,1,1,FINALIZED_WITHIN_C2_LIMIT,0.187916,2.536
6052,40000.0,0.02,greedy,ZYZZYVA,8.0,1.0,0.0727,1,1,1,FINALIZED_WITHIN_C2_LIMIT,0.260701,2.464
6053,40000.0,0.02,greedy,ZYZZYVA,8.0,1.0,0.0727,1,1,1,FINALIZED_WITHIN_C2_LIMIT,0.065119,2.151
6054,40000.0,0.02,greedy,ZYZZYVA,8.0,1.0,0.0727,1,1,1,FINALIZED_WITHIN_C2_LIMIT,0.172897,2.134
6055,40000.0,0.02,greedy,ZYZZYVA,8.0,1.0,0.0727,1,1,1,FINALIZED_WITHIN_C2_LIMIT,0.337026,2.599
6056,40000.0,0.02,greedy,ZYZZYVA,8.0,1.0,0.0727,1,1,1,FINALIZED_WITHIN_C2_LIMIT,0.199974,2.096
6057,26000.0,0.02,explore,ZYZZYVA,5.2,1.0,0.0708,1,1,1,FINALIZED_WITHIN_C2_LIMIT,0.037073,1.337
6058,40000.0,0.02,greedy,ZYZZYVA,8.0,1.0,0.0727,1,1,1,FINALIZED_WITHIN_C2_LIMIT,0.059682,2.149
6059,20000.0,0.02,explore,PBFT,4.0,1.0,0.0316,1,1,1,FINALIZED_WITHIN_C2_LIMIT,0.04165,1.145
6060,40000.0,0.02,greedy,ZYZZYVA,8.0,1.0,0.0727,1,1,1,FINALIZED_WITHIN_C2_LIMIT,0.02576,2.103
6061,40000.0,0.02,greedy,ZYZZYVA,8.0,1.0,0.0727,1,1,1,FINALIZED_WITHIN_C2_LIMIT,0.057633,2.08
6062,40000.0,0.02,greedy,ZYZZYVA,8.0,1.0,0.0727,1,1,1,FINALIZED_WITHIN_C2_LIMIT,0.029144,2.314
6063,22000.0,0.02,explore,PBFT,4.4,1.0,0.0316,1,1,1,FINALIZED_WITHIN_C2_LIMIT,0.193345,1.238
6064,40000.0,0.02,greedy,ZYZZYVA,8.0,1.0,0.0727,1,1,1,FINALIZED_WITHIN_C2_LIMIT,0.259393,2.22
6065,40000.0,0.02,greedy,ZYZZYVA,8.0,1.0,0.0727,1,1,1,FINALIZED_WITHIN_C2_LIMIT,0.065219,2.082
6066,40000.0,0.02,greedy,ZYZZYVA,8.0,1.0,0.0727,1,1,1,FINALIZED_WITHIN_C2_LIMIT,0.121719,2.765
6067,40000.0,0.02,greedy,ZYZZYVA,8.0,1.0,0.0727,1,1,1,FINALIZED_WITHIN_C2_LIMIT,0.306044,2.066
6068,40000.0,0.02,greedy,LIU_QUORUM,8.0,1.0,0.0727,1,1,1,FINALIZED_WITHIN_C2_LIMIT,0.194951,2.13
6069,40000.0,0.02,greedy,LIU_QUORUM,8.0,1.0,0.0727,1,1,1,FINALIZED_WITHIN_C2_LIMIT,0.038036,2.033
6070,40000.0,0.02,greedy,LIU_QUORUM,8.0,1.0,0.0727,1,1,1,FINALIZED_WITHIN_C2_LIMIT,0.099361,2.115
6071,0.0,0.02,explore,LIU_QUORUM,5.2,1.0,0.2103,0,1,1,FINALIZED_WITHIN_C2_LIMIT,0.032619,1.418
6072,40000.0,0.02,greedy,LIU_QUORUM,8.0,1.0,0.0727,1,1,1,FINALIZED_WITHIN_C2_LIMIT,0.039522,2.187
6073,40000.0,0.02,greedy,LIU_QUORUM,8.0,1.0,0.0727,1,1,1,FINALIZED_WITHIN_C2_LIMIT,0.06099,1.923
6074,40000.0,0.02,greedy,ZYZZYVA,8.0,1.0,0.0727,1,1,1,FINALIZED_WITHIN_C2_LIMIT,0.026609,1.886
6075,40000.0,0.02,greedy,ZYZZYVA,8.0,1.0,0.0727,1,1,1,FINALIZED_WITHIN_C2_LIMIT,0.136982,1.992
6076,40000.0,0.02,greedy,ZYZZYVA,8.0,1.0,0.0727,1,1,1,FINALIZED_WITHIN_C2_LIMIT,0.154181,2.248
6077,40000.0,0.02,greedy,ZYZZYVA,8.0,1.0,0.0727,1,1,1,FINALIZED_WITHIN_C2_LIMIT,0.018727,1.754
6078,40000.0,0.02,greedy,ZYZZYVA,8.0,1.0,0.0727,1,1,1,FINALIZED_WITHIN_C2_LIMIT,0.375958,2.082
6079,40000.0,0.02,greedy,ZYZZYVA,8.0,1.0,0.0727,1,1,1,FINALIZED_WITHIN_C2_LIMIT,0.695107,1.913
6080,40000.0,0.02,greedy,ZYZZYVA,8.0,1.0,0.0727,1,1,1,FINALIZED_WITHIN_C2_LIMIT,0.475681,1.969
6081,40000.0,0.02,greedy,ZYZZYVA,8.0,1.0,0.06,1,1,1,FINALIZED_WITHIN_C2_LIMIT,0.076603,1.957
6082,40000.0,0.02,greedy,ZYZZYVA,8.0,1.0,0.06,1,1,1,FINALIZED_WITHIN_C2_LIMIT,0.320937,2.192
6083,40000.0,0.02,greedy,ZYZZYVA,8.0,1.0,0.06,1,1,1,FINALIZED_WITHIN_C2_LIMIT,0.723844,1.839
6084,40000.0,0.02,greedy,ZYZZYVA,8.0,1.0,0.06,1,1,1,FINALIZED_WITHIN_C2_LIMIT,0.665318,1.935
6085,40000.0,0.02,greedy,ZYZZYVA,8.0,1.0,0.0603,1,1,1,FINALIZED_WITHIN_C2_LIMIT,0.188492,1.822
6086,40000.0,0.02,greedy,ZYZZYVA,8.0,1.0,0.0727,1,1,1,FINALIZED_WITHIN_C2_LIMIT,0.074666,2.004
6087,40000.0,0.02,greedy,ZYZZYVA,8.0,1.0,0.0727,1,1,1,FINALIZED_WITHIN_C2_LIMIT,0.287806,1.728
6088,40000.0,0.02,greedy,ZYZZYVA,8.0,1.0,0.0727,1,1,1,FINALIZED_WITHIN_C2_LIMIT,0.214494,1.974
6089,40000.0,0.02,greedy,ZYZZYVA,8.0,1.0,0.0727,1,1,1,FINALIZED_WITHIN_C2_LIMIT,0.027632,1.952
6090,40000.0,0.02,greedy,ZYZZYVA,8.0,1.0,0.0727,1,1,1,FINALIZED_WITHIN_C2_LIMIT,0.511754,2.023
6091,40000.0,0.02,greedy,ZYZZYVA,8.0,1.0,0.0727,1,1,1,FINALIZED_WITHIN_C2_LIMIT,1.01326,2.015
6092,40000.0,0.02,greedy,ZYZZYVA,8.0,1.0,0.0727,1,1,1,FINALIZED_WITHIN_C2_LIMIT,0.839896,2.074
6093,40000.0,0.02,greedy,ZYZZYVA,8.0,1.0,0.0727,1,1,1,FINALIZED_WITHIN_C2_LIMIT,0.328124,1.995
6094,40000.0,0.02,greedy,ZYZZYVA,8.0,1.0,0.0727,1,1,1,FINALIZED_WITHIN_C2_LIMIT,0.050056,2.086
6095,40000.0,0.02,greedy,LIU_QUORUM,8.0,1.0,0.0727,1,1,1,FINALIZED_WITHIN_C2_LIMIT,0.255102,1.882
6096,40000.0,0.02,greedy,LIU_QUORUM,8.0,1.0,0.0727,1,1,1,FINALIZED_WITHIN_C2_LIMIT,0.225073,2.099
6097,40000.0,0.02,greedy,LIU_QUORUM,8.0,1.0,0.0727,1,1,1,FINALIZED_WITHIN_C2_LIMIT,0.034881,2.163
6098,40000.0,0.02,greedy,LIU_QUORUM,8.0,1.0,0.0727,1,1,1,FINALIZED_WITHIN_C2_LIMIT,0.490426,2.275
6099,40000.0,0.02,greedy,LIU_QUORUM,8.0,1.0,0.0727,1,1,1,FINALIZED_WITHIN_C2_LIMIT,0.027669,2.346
6100,40000.0,0.02,greedy,ZYZZYVA,8.0,1.0,0.0727,1,1,1,FINALIZED_WITHIN_C2_LIMIT,0.117569,1.99
6101,40000.0,0.02,greedy,ZYZZYVA,8.0,1.0,0.0603,1,1,1,FINALIZED_WITHIN_C2_LIMIT,0.044713,2.304
6102,40000.0,0.02,greedy,ZYZZYVA,8.0,1.0,0.0727,1,1,1,FINALIZED_WITHIN_C2_LIMIT,0.10671,2.306
6103,40000.0,0.02,greedy,ZYZZYVA,8.0,1.0,0.0603,1,1,1,FINALIZED_WITHIN_C2_LIMIT,0.125911,2.073
6104,40000.0,0.02,greedy,ZYZZYVA,8.0,1.0,0.06,1,1,1,FINALIZED_WITHIN_C2_LIMIT,0.025856,1.877
6105,40000.0,0.02,greedy,ZYZZYVA,8.0,1.0,0.06,1,1,1,FINALIZED_WITHIN_C2_LIMIT,0.316626,2.344
6106,40000.0,0.02,greedy,ZYZZYVA,8.0,1.0,0.06,1,1,1,FINALIZED_WITHIN_C2_LIMIT,0.432147,1.943
6107,40000.0,0.02,greedy,ZYZZYVA,8.0,1.0,0.0727,1,1,1,FINALIZED_WITHIN_C2_LIMIT,0.277062,1.849
6108,40000.0,0.02,greedy,ZYZZYVA,8.0,1.0,0.0727,1,1,1,FINALIZED_WITHIN_C2_LIMIT,0.058127,2.155
6109,40000.0,0.02,greedy,ZYZZYVA,8.0,1.0,0.0727,1,1,1,FINALIZED_WITHIN_C2_LIMIT,0.176889,1.969
6110,40000.0,0.02,greedy,ZYZZYVA,8.0,1.0,0.0727,1,1,1,FINALIZED_WITHIN_C2_LIMIT,0.253441,2.135
6111,40000.0,0.02,greedy,ZYZZYVA,8.0,1.0,0.0727,1,1,1,FINALIZED_WITHIN_C2_LIMIT,0.039678,1.999
6112,40000.0,0.02,greedy,ZYZZYVA,8.0,1.0,0.0727,1,1,1,FINALIZED_WITHIN_C2_LIMIT,0.225843,1.971
6113,40000.0,0.02,greedy,ZYZZYVA,8.0,1.0,0.0727,1,1,1,FINALIZED_WITHIN_C2_LIMIT,0.445896,1.825
6114,40000.0,0.02,greedy,ZYZZYVA,8.0,1.0,0.0727,1,1,1,FINALIZED_WITHIN_C2_LIMIT,0.264432,1.937
6115,0.0,0.02,explore,ZYZZYVA,5.0,1.0,0.2536,0,1,1,FINALIZED_WITHIN_C2_LIMIT,0.050885,1.161
6116,40000.0,0.02,greedy,ZYZZYVA,8.0,1.0,0.0727,1,1,1,FINALIZED_WITHIN_C2_LIMIT,0.540048,2.022
6117,40000.0,0.02,greedy,ZYZZYVA,8.0,1.0,0.0727,1,1,1,FINALIZED_WITHIN_C2_LIMIT,1.083761,1.945
6118,40000.0,0.02,greedy,ZYZZYVA,8.0,1.0,0.0727,1,1,1,FINALIZED_WITHIN_C2_LIMIT,1.034028,1.972
6119,40000.0,0.02,greedy,ZYZZYVA,8.0,1.0,0.0727,1,1,1,FINALIZED_WITHIN_C2_LIMIT,0.478209,1.982
6120,40000.0,0.02,greedy,ZYZZYVA,8.0,1.0,0.0727,1,1,1,FINALIZED_WITHIN_C2_LIMIT,0.01875,1.934
6121,40000.0,0.02,greedy,ZYZZYVA,8.0,1.0,0.0727,1,1,1,FINALIZED_WITHIN_C2_LIMIT,0.720894,2.253
6122,40000.0,0.02,greedy,ZYZZYVA,8.0,1.0,0.0727,1,1,1,FINALIZED_WITHIN_C2_LIMIT,1.6382,2.033
6123,40000.0,0.02,greedy,ZYZZYVA,8.0,1.0,0.0727,1,1,1,FINALIZED_WITHIN_C2_LIMIT,2.00211,1.798
6124,40000.0,0.02,greedy,ZYZZYVA,8.0,1.0,0.0727,1,1,1,FINALIZED_WITHIN_C2_LIMIT,1.306852,1.779
6125,40000.0,0.02,greedy,ZYZZYVA,8.0,1.0,0.0727,1,1,1,FINALIZED_WITHIN_C2_LIMIT,0.429122,2.106
6126,40000.0,0.02,greedy,ZYZZYVA,8.0,1.0,0.0727,1,1,1,FINALIZED_WITHIN_C2_LIMIT,0.05587,2.137
6127,40000.0,0.02,greedy,ZYZZYVA,8.0,1.0,0.0727,1,1,1,FINALIZED_WITHIN_C2_LIMIT,0.431591,1.963
6128,40000.0,0.02,greedy,ZYZZYVA,8.0,1.0,0.0727,1,1,1,FINALIZED_WITHIN_C2_LIMIT,0.363602,1.887
6129,40000.0,0.02,greedy,ZYZZYVA,8.0,1.0,0.0727,1,1,1,FINALIZED_WITHIN_C2_LIMIT,0.123526,1.788
6130,40000.0,0.02,greedy,ZYZZYVA,8.0,1.0,0.0727,1,1,1,FINALIZED_WITHIN_C2_LIMIT,0.089426,2.152
6131,40000.0,0.02,greedy,ZYZZYVA,8.0,1.0,0.0727,1,1,1,FINALIZED_WITHIN_C2_LIMIT,0.254475,2.083
6132,40000.0,0.02,greedy,ZYZZYVA,8.0,1.0,0.0727,1,1,1,FINALIZED_WITHIN_C2_LIMIT,0.128146,2.044
6133,40000.0,0.02,greedy,ZYZZYVA,8.0,1.0,0.0727,1,1,1,FINALIZED_WITHIN_C2_LIMIT,0.033914,1.954
6134,40000.0,0.02,greedy,ZYZZYVA,8.0,1.0,0.0727,1,1,1,FINALIZED_WITHIN_C2_LIMIT,0.067718,2.3
6135,40000.0,0.02,greedy,ZYZZYVA,8.0,1.0,0.0727,1,1,1,FINALIZED_WITHIN_C2_LIMIT,0.01822,2.026
6136,40000.0,0.02,greedy,ZYZZYVA,8.0,1.0,0.0727,1,1,1,FINALIZED_WITHIN_C2_LIMIT,0.016794,2.226
6137,40000.0,0.02,greedy,ZYZZYVA,8.0,1.0,0.0727,1,1,1,FINALIZED_WITHIN_C2_LIMIT,0.066591,2.149
6138,40000.0,0.02,greedy,ZYZZYVA,8.0,1.0,0.0727,1,1,1,FINALIZED_WITHIN_C2_LIMIT,0.048752,2.225
6139,18000.0,0.02,explore,ZYZZYVA,3.6,1.0,0.104,1,1,1,FINALIZED_WITHIN_C2_LIMIT,0.15774,1.114
6140,40000.0,0.02,greedy,ZYZZYVA,8.0,1.0,0.0727,1,1,1,FINALIZED_WITHIN_C2_LIMIT,0.219972,2.212
6141,40000.0,0.02,greedy,ZYZZYVA,8.0,1.0,0.0727,1,1,1,FINALIZED_WITHIN_C2_LIMIT,0.075063,2.168
6142,40000.0,0.02,greedy,ZYZZYVA,8.0,1.0,0.0727,1,1,1,FINALIZED_WITHIN_C2_LIMIT,0.184395,2.053
6143,40000.0,0.02,greedy,ZYZZYVA,8.0,1.0,0.0727,1,1,1,FINALIZED_WITHIN_C2_LIMIT,0.385139,1.932
6144,40000.0,0.02,greedy,ZYZZYVA,8.0,1.0,0.0727,1,1,1,FINALIZED_WITHIN_C2_LIMIT,0.221274,2.304
6145,40000.0,0.02,greedy,ZYZZYVA,8.0,1.0,0.0727,1,1,1,FINALIZED_WITHIN_C2_LIMIT,0.037764,2.05
6146,40000.0,0.02,greedy,ZYZZYVA,8.0,1.0,0.0727,1,1,1,FINALIZED_WITHIN_C2_LIMIT,0.15875,2.236
6147,40000.0,0.02,greedy,ZYZZYVA,8.0,1.0,0.0727,1,1,1,FINALIZED_WITHIN_C2_LIMIT,0.141156,2.355
6148,40000.0,0.02,greedy,ZYZZYVA,8.0,1.0,0.0727,1,1,1,FINALIZED_WITHIN_C2_LIMIT,0.037679,2.329
6149,40000.0,0.02,greedy,ZYZZYVA,8.0,1.0,0.0727,1,1,1,FINALIZED_WITHIN_C2_LIMIT,0.03452,2.34
6150,40000.0,0.02,greedy,ZYZZYVA,8.0,1.0,0.0727,1,1,1,FINALIZED_WITHIN_C2_LIMIT,0.066238,2.149
6151,40000.0,0.02,greedy,ZYZZYVA,8.0,1.0,0.0727,1,1,1,FINALIZED_WITHIN_C2_LIMIT,0.072296,2.177
6152,40000.0,0.02,greedy,ZYZZYVA,8.0,1.0,0.0727,1,1,1,FINALIZED_WITHIN_C2_LIMIT,0.051756,2.185
6153,40000.0,0.02,greedy,ZYZZYVA,8.0,1.0,0.0727,1,1,1,FINALIZED_WITHIN_C2_LIMIT,0.027689,2.188
6154,40000.0,0.02,greedy,ZYZZYVA,8.0,1.0,0.0727,1,1,1,FINALIZED_WITHIN_C2_LIMIT,0.078004,2.374
6155,40000.0,0.02,greedy,ZYZZYVA,8.0,1.0,0.0727,1,1,1,FINALIZED_WITHIN_C2_LIMIT,0.058347,2.316
6156,14000.0,0.02,explore,LIU_QUORUM,2.8,1.0,0.0702,1,1,1,FINALIZED_WITHIN_C2_LIMIT,0.057411,0.947
6157,40000.0,0.02,greedy,ZYZZYVA,8.0,1.0,0.0727,1,1,1,FINALIZED_WITHIN_C2_LIMIT,0.047549,2.419
6158,40000.0,0.02,greedy,ZYZZYVA,8.0,1.0,0.0727,1,1,1,FINALIZED_WITHIN_C2_LIMIT,0.046945,2.102
6159,40000.0,0.02,greedy,ZYZZYVA,8.0,1.0,0.0727,1,1,1,FINALIZED_WITHIN_C2_LIMIT,0.038461,2.39
6160,40000.0,0.02,greedy,ZYZZYVA,8.0,1.0,0.0727,1,1,1,FINALIZED_WITHIN_C2_LIMIT,0.053298,2.135
6161,40000.0,0.02,greedy,LIU_QUORUM,8.0,1.0,0.0727,1,1,1,FINALIZED_WITHIN_C2_LIMIT,0.061612,2.487
6162,40000.0,0.02,greedy,LIU_QUORUM,8.0,1.0,0.0727,1,1,1,FINALIZED_WITHIN_C2_LIMIT,0.033383,2.259
6163,40000.0,0.02,greedy,LIU_QUORUM,8.0,1.0,0.0727,1,1,1,FINALIZED_WITHIN_C2_LIMIT,0.038526,2.094
6164,40000.0,0.02,greedy,LIU_QUORUM,8.0,1.0,0.0727,1,1,1,FINALIZED_WITHIN_C2_LIMIT,0.067255,2.373
6165,40000.0,0.02,greedy,LIU_QUORUM,8.0,1.0,0.0727,1,1,1,FINALIZED_WITHIN_C2_LIMIT,0.08498,2.348
6166,40000.0,0.02,greedy,LIU_QUORUM,8.0,1.0,0.0727,1,1,1,FINALIZED_WITHIN_C2_LIMIT,0.035689,2.24
6167,40000.0,0.02,greedy,LIU_QUORUM,8.0,1.0,0.0727,1,1,1,FINALIZED_WITHIN_C2_LIMIT,0.03995,2.256
6168,40000.0,0.02,greedy,LIU_QUORUM,8.0,1.0,0.0727,1,1,1,FINALIZED_WITHIN_C2_LIMIT,0.068889,2.771
6169,40000.0,0.02,greedy,LIU_QUORUM,8.0,1.0,0.0727,1,1,1,FINALIZED_WITHIN_C2_LIMIT,0.076563,2.51
6170,40000.0,0.02,greedy,LIU_QUORUM,8.0,1.0,0.0727,1,1,1,FINALIZED_WITHIN_C2_LIMIT,0.046184,2.275
6171,40000.0,0.02,greedy,LIU_QUORUM,8.0,1.0,0.0727,1,1,1,FINALIZED_WITHIN_C2_LIMIT,0.026067,2.654
6172,40000.0,0.02,greedy,LIU_QUORUM,8.0,1.0,0.0727,1,1,1,FINALIZED_WITHIN_C2_LIMIT,0.056928,2.115
6173,40000.0,0.02,greedy,ZYZZYVA,8.0,1.0,0.0727,1,1,1,FINALIZED_WITHIN_C2_LIMIT,0.073438,2.249
6174,40000.0,0.02,greedy,ZYZZYVA,8.0,1.0,0.0727,1,1,1,FINALIZED_WITHIN_C2_LIMIT,0.037503,2.136
6175,40000.0,0.02,greedy,ZYZZYVA,8.0,1.0,0.0727,1,1,1,FINALIZED_WITHIN_C2_LIMIT,0.072535,2.485
6176,40000.0,0.02,greedy,ZYZZYVA,8.0,1.0,0.0727,1,1,1,FINALIZED_WITHIN_C2_LIMIT,0.071944,2.537
6177,40000.0,0.02,greedy,ZYZZYVA,8.0,1.0,0.0727,1,1,1,FINALIZED_WITHIN_C2_LIMIT,0.062183,2.51
6178,40000.0,0.02,greedy,ZYZZYVA,8.0,1.0,0.0727,1,1,1,FINALIZED_WITHIN_C2_LIMIT,0.036347,2.137
6179,40000.0,0.02,greedy,ZYZZYVA,8.0,1.0,0.0727,1,1,1,FINALIZED_WITHIN_C2_LIMIT,0.034387,2.274
6180,40000.0,0.02,greedy,ZYZZYVA,8.0,1.0,0.0727,1,1,1,FINALIZED_WITHIN_C2_LIMIT,0.091174,2.32
6181,40000.0,0.02,greedy,ZYZZYVA,8.0,1.0,0.0727,1,1,1,FINALIZED_WITHIN_C2_LIMIT,0.067887,2.676
6182,40000.0,0.02,greedy,ZYZZYVA,8.0,1.0,0.0727,1,1,1,FINALIZED_WITHIN_C2_LIMIT,0.029973,2.291
6183,40000.0,0.02,greedy,ZYZZYVA,8.0,1.0,0.0727,1,1,1,FINALIZED_WITHIN_C2_LIMIT,0.026243,2.31
6184,40000.0,0.02,greedy,ZYZZYVA,8.0,1.0,0.0727,1,1,1,FINALIZED_WITHIN_C2_LIMIT,0.080477,2.474
6185,40000.0,0.02,greedy,ZYZZYVA,8.0,1.0,0.0727,1,1,1,FINALIZED_WITHIN_C2_LIMIT,0.096151,2.34
6186,40000.0,0.02,greedy,ZYZZYVA,8.0,1.0,0.0727,1,1,1,FINALIZED_WITHIN_C2_LIMIT,0.055041,2.188
6187,40000.0,0.02,explore,ZYZZYVA,8.0,1.0,0.104,1,1,1,FINALIZED_WITHIN_C2_LIMIT,0.026431,2.074
6188,40000.0,0.02,greedy,LIU_QUORUM,8.0,1.0,0.0727,1,1,1,FINALIZED_WITHIN_C2_LIMIT,0.08958,2.271
6189,40000.0,0.02,greedy,LIU_QUORUM,8.0,1.0,0.0727,1,1,1,FINALIZED_WITHIN_C2_LIMIT,0.076712,2.155
6190,40000.0,0.02,greedy,LIU_QUORUM,8.0,1.0,0.0727,1,1,1,FINALIZED_WITHIN_C2_LIMIT,0.061957,2.383
6191,40000.0,0.02,greedy,LIU_QUORUM,8.0,1.0,0.0727,1,1,1,FINALIZED_WITHIN_C2_LIMIT,0.02003,2.024
6192,40000.0,0.02,greedy,ZYZZYVA,8.0,1.0,0.0727,1,1,1,FINALIZED_WITHIN_C2_LIMIT,0.10255,2.335
6193,40000.0,0.02,greedy,ZYZZYVA,8.0,1.0,0.0727,1,1,1,FINALIZED_WITHIN_C2_LIMIT,0.073046,2.066
6194,40000.0,0.02,greedy,ZYZZYVA,8.0,1.0,0.0727,1,1,1,FINALIZED_WITHIN_C2_LIMIT,0.030063,2.573
6195,40000.0,0.02,greedy,ZYZZYVA,8.0,1.0,0.0727,1,1,1,FINALIZED_WITHIN_C2_LIMIT,0.0296,2.127
6196,40000.0,0.02,greedy,ZYZZYVA,8.0,1.0,0.0727,1,1,1,FINALIZED_WITHIN_C2_LIMIT,0.080069,2.101
6197,40000.0,0.02,greedy,ZYZZYVA,8.0,1.0,0.0727,1,1,1,FINALIZED_WITHIN_C2_LIMIT,0.104647,2.159
6198,40000.0,0.02,greedy,ZYZZYVA,8.0,1.0,0.0727,1,1,1,FINALIZED_WITHIN_C2_LIMIT,0.033209,2.151
6199,40000.0,0.02,greedy,ZYZZYVA,8.0,1.0,0.0727,1,1,1,FINALIZED_WITHIN_C2_LIMIT,0.023847,2.177
6200,40000.0,0.02,greedy,ZYZZYVA,8.0,1.0,0.0727,1,1,1,FINALIZED_WITHIN_C2_LIMIT,0.061379,2.147
6201,17000.0,0.02,explore,ZYZZYVA,3.4,1.0,0.0308,1,1,1,FINALIZED_WITHIN_C2_LIMIT,0.087034,1.064
6202,40000.0,0.02,greedy,ZYZZYVA,8.0,1.0,0.0727,1,1,1,FINALIZED_WITHIN_C2_LIMIT,0.083306,2.216
6203,40000.0,0.02,greedy,ZYZZYVA,8.0,1.0,0.0727,1,1,1,FINALIZED_WITHIN_C2_LIMIT,0.071881,1.798
6204,40000.0,0.02,greedy,ZYZZYVA,8.0,1.0,0.0727,1,1,1,FINALIZED_WITHIN_C2_LIMIT,0.073138,2.183
6205,40000.0,0.02,greedy,ZYZZYVA,8.0,1.0,0.0727,1,1,1,FINALIZED_WITHIN_C2_LIMIT,0.026787,2.212
6206,40000.0,0.02,greedy,ZYZZYVA,8.0,1.0,0.0727,1,1,1,FINALIZED_WITHIN_C2_LIMIT,0.104862,2.388
6207,40000.0,0.02,greedy,ZYZZYVA,8.0,1.0,0.0727,1,1,1,FINALIZED_WITHIN_C2_LIMIT,0.092687,2.095
6208,40000.0,0.02,greedy,ZYZZYVA,8.0,1.0,0.0727,1,1,1,FINALIZED_WITHIN_C2_LIMIT,0.031371,2.317
6209,40000.0,0.02,greedy,ZYZZYVA,8.0,1.0,0.0727,1,1,1,FINALIZED_WITHIN_C2_LIMIT,0.024522,2.072
6210,40000.0,0.02,greedy,ZYZZYVA,8.0,1.0,0.0727,1,1,1,FINALIZED_WITHIN_C2_LIMIT,0.119942,2.01
6211,40000.0,0.02,greedy,LIU_QUORUM,8.0,1.0,0.0727,1,1,1,FINALIZED_WITHIN_C2_LIMIT,0.108163,2.026
6212,40000.0,0.02,greedy,LIU_QUORUM,8.0,1.0,0.0727,1,1,1,FINALIZED_WITHIN_C2_LIMIT,0.047996,2.012
6213,40000.0,0.02,greedy,LIU_QUORUM,8.0,1.0,0.0727,1,1,1,FINALIZED_WITHIN_C2_LIMIT,0.01904,2.066
6214,40000.0,0.02,greedy,ZYZZYVA,8.0,1.0,0.0727,1,1,1,FINALIZED_WITHIN_C2_LIMIT,0.127905,2.388
6215,40000.0,0.02,greedy,ZYZZYVA,8.0,1.0,0.0727,1,1,1,FINALIZED_WITHIN_C2_LIMIT,0.131186,2.095
6216,40000.0,0.02,greedy,ZYZZYVA,8.0,1.0,0.0727,1,1,1,FINALIZED_WITHIN_C2_LIMIT,0.016988,2.007
6217,40000.0,0.02,greedy,ZYZZYVA,8.0,1.0,0.0727,1,1,1,FINALIZED_WITHIN_C2_LIMIT,0.02975,1.996
6218,40000.0,0.02,greedy,ZYZZYVA,8.0,1.0,0.0727,1,1,1,FINALIZED_WITHIN_C2_LIMIT,0.04432,2.085
6219,40000.0,0.02,greedy,ZYZZYVA,8.0,1.0,0.0727,1,1,1,FINALIZED_WITHIN_C2_LIMIT,0.067613,1.869
6220,40000.0,0.02,greedy,ZYZZYVA,8.0,1.0,0.0727,1,1,1,FINALIZED_WITHIN_C2_LIMIT,0.048598,1.998
6221,40000.0,0.02,greedy,ZYZZYVA,8.0,1.0,0.0727,1,1,1,FINALIZED_WITHIN_C2_LIMIT,0.072011,1.884
6222,40000.0,0.02,greedy,ZYZZYVA,8.0,1.0,0.0727,1,1,1,FINALIZED_WITHIN_C2_LIMIT,0.221074,2.043
6223,40000.0,0.02,greedy,ZYZZYVA,8.0,1.0,0.06,1,1,1,FINALIZED_WITHIN_C2_LIMIT,0.233341,1.857
6224,40000.0,0.02,greedy,ZYZZYVA,8.0,1.0,0.0727,1,1,1,FINALIZED_WITHIN_C2_LIMIT,0.093454,2.112
6225,40000.0,0.02,greedy,ZYZZYVA,8.0,1.0,0.0727,1,1,1,FINALIZED_WITHIN_C2_LIMIT,0.169335,1.94
6226,40000.0,0.02,greedy,ZYZZYVA,8.0,1.0,0.0727,1,1,1,FINALIZED_WITHIN_C2_LIMIT,0.323575,2.138
6227,40000.0,0.02,greedy,ZYZZYVA,8.0,1.0,0.0727,1,1,1,FINALIZED_WITHIN_C2_LIMIT,0.154381,2.134
6228,40000.0,0.02,greedy,ZYZZYVA,8.0,1.0,0.0727,1,1,1,FINALIZED_WITHIN_C2_LIMIT,0.034382,2.192
6229,40000.0,0.02,greedy,ZYZZYVA,8.0,1.0,0.0727,1,1,1,FINALIZED_WITHIN_C2_LIMIT,0.132425,2.075
6230,40000.0,0.02,greedy,ZYZZYVA,8.0,1.0,0.0727,1,1,1,FINALIZED_WITHIN_C2_LIMIT,0.039021,2.289
6231,40000.0,0.02,greedy,ZYZZYVA,8.0,1.0,0.0727,1,1,1,FINALIZED_WITHIN_C2_LIMIT,0.046865,2.018
6232,40000.0,0.02,greedy,ZYZZYVA,8.0,1.0,0.0727,1,1,1,FINALIZED_WITHIN_C2_LIMIT,0.047614,2.152
6233,40000.0,0.02,greedy,LIU_QUORUM,8.0,1.0,0.0727,1,1,1,FINALIZED_WITHIN_C2_LIMIT,0.032761,2.027
6234,40000.0,0.02,greedy,LIU_QUORUM,8.0,1.0,0.0727,1,1,1,FINALIZED_WITHIN_C2_LIMIT,0.18278,2.217
6235,40000.0,0.02,greedy,LIU_QUORUM,8.0,1.0,0.0727,1,1,1,FINALIZED_WITHIN_C2_LIMIT,0.210842,2.452
6236,40000.0,0.02,greedy,LIU_QUORUM,8.0,1.0,0.06,1,1,1,FINALIZED_WITHIN_C2_LIMIT,0.092127,2.203
6237,40000.0,0.02,greedy,LIU_QUORUM,8.0,1.0,0.0727,1,1,1,FINALIZED_WITHIN_C2_LIMIT,0.22096,2.5
6238,40000.0,0.02,greedy,LIU_QUORUM,8.0,1.0,0.0727,1,1,1,FINALIZED_WITHIN_C2_LIMIT,0.410137,2.413
6239,40000.0,0.02,greedy,LIU_QUORUM,8.0,1.0,0.0727,1,1,1,FINALIZED_WITHIN_C2_LIMIT,0.225972,2.26
6240,40000.0,0.02,greedy,LIU_QUORUM,8.0,1.0,0.0727,1,1,1,FINALIZED_WITHIN_C2_LIMIT,0.031238,2.059
6241,40000.0,0.02,greedy,LIU_QUORUM,8.0,1.0,0.0727,1,1,1,FINALIZED_WITHIN_C2_LIMIT,0.05244,2.297
6242,40000.0,0.02,greedy,LIU_QUORUM,8.0,1.0,0.0727,1,1,1,FINALIZED_WITHIN_C2_LIMIT,0.045455,2.11
6243,40000.0,0.02,greedy,LIU_QUORUM,8.0,1.0,0.0727,1,1,1,FINALIZED_WITHIN_C2_LIMIT,0.04094,2.046
6244,40000.0,0.02,greedy,LIU_QUORUM,8.0,1.0,0.0727,1,1,1,FINALIZED_WITHIN_C2_LIMIT,0.190367,2.302
6245,40000.0,0.02,greedy,LIU_QUORUM,8.0,1.0,0.0727,1,1,1,FINALIZED_WITHIN_C2_LIMIT,0.212458,2.29
6246,40000.0,0.02,greedy,LIU_QUORUM,8.0,1.0,0.0727,1,1,1,FINALIZED_WITHIN_C2_LIMIT,0.051722,2.422
6247,40000.0,0.02,greedy,LIU_QUORUM,8.0,1.0,0.0727,1,1,1,FINALIZED_WITHIN_C2_LIMIT,0.228801,2.166
6248,40000.0,0.02,greedy,LIU_QUORUM,8.0,1.0,0.0727,1,1,1,FINALIZED_WITHIN_C2_LIMIT,0.427258,2.145
6249,40000.0,0.02,greedy,LIU_QUORUM,8.0,1.0,0.0727,1,1,1,FINALIZED_WITHIN_C2_LIMIT,0.203346,2.174
6250,40000.0,0.02,greedy,ZYZZYVA,8.0,1.0,0.0727,1,1,1,FINALIZED_WITHIN_C2_LIMIT,0.016718,2.328
6251,40000.0,0.02,greedy,ZYZZYVA,8.0,1.0,0.0727,1,1,1,FINALIZED_WITHIN_C2_LIMIT,0.039918,2.186
6252,40000.0,0.02,greedy,ZYZZYVA,8.0,1.0,0.0727,1,1,1,FINALIZED_WITHIN_C2_LIMIT,0.034123,2.122
6253,40000.0,0.02,greedy,ZYZZYVA,8.0,1.0,0.0727,1,1,1,FINALIZED_WITHIN_C2_LIMIT,0.048866,1.95
6254,40000.0,0.02,greedy,ZYZZYVA,8.0,1.0,0.0727,1,1,1,FINALIZED_WITHIN_C2_LIMIT,0.018231,2.256
6255,40000.0,0.02,greedy,ZYZZYVA,8.0,1.0,0.0727,1,1,1,FINALIZED_WITHIN_C2_LIMIT,0.043342,2.023
6256,40000.0,0.02,greedy,ZYZZYVA,8.0,1.0,0.0727,1,1,1,FINALIZED_WITHIN_C2_LIMIT,0.061467,2.45
6257,40000.0,0.02,greedy,ZYZZYVA,8.0,1.0,0.0727,1,1,1,FINALIZED_WITHIN_C2_LIMIT,0.025555,2.135
6258,40000.0,0.02,greedy,ZYZZYVA,8.0,1.0,0.06,1,1,1,FINALIZED_WITHIN_C2_LIMIT,0.040777,2.418
6259,40000.0,0.02,greedy,ZYZZYVA,8.0,1.0,0.06,1,1,1,FINALIZED_WITHIN_C2_LIMIT,0.030289,2.851
6260,40000.0,0.02,greedy,ZYZZYVA,8.0,1.0,0.06,1,1,1,FINALIZED_WITHIN_C2_LIMIT,0.023405,2.73
6261,40000.0,0.02,greedy,ZYZZYVA,8.0,1.0,0.06,1,1,1,FINALIZED_WITHIN_C2_LIMIT,0.037098,2.254
6262,40000.0,0.02,greedy,ZYZZYVA,8.0,1.0,0.06,1,1,1,FINALIZED_WITHIN_C2_LIMIT,0.042738,2.389
6263,40000.0,0.02,greedy,ZYZZYVA,8.0,1.0,0.06,1,1,1,FINALIZED_WITHIN_C2_LIMIT,0.057529,2.037
6264,40000.0,0.02,greedy,ZYZZYVA,8.0,1.0,0.06,1,1,1,FINALIZED_WITHIN_C2_LIMIT,0.025045,2.338
6265,40000.0,0.02,greedy,ZYZZYVA,8.0,1.0,0.06,1,1,1,FINALIZED_WITHIN_C2_LIMIT,0.18844,2.119
6266,40000.0,0.02,greedy,ZYZZYVA,8.0,1.0,0.06,1,1,1,FINALIZED_WITHIN_C2_LIMIT,0.251908,2.285
6267,40000.0,0.02,greedy,ZYZZYVA,8.0,1.0,0.06,1,1,1,FINALIZED_WITHIN_C2_LIMIT,0.098855,2.236
6268,40000.0,0.02,greedy,ZYZZYVA,8.0,1.0,0.06,1,1,1,FINALIZED_WITHIN_C2_LIMIT,0.13197,2.071
6269,40000.0,0.02,greedy,ZYZZYVA,8.0,1.0,0.06,1,1,1,FINALIZED_WITHIN_C2_LIMIT,0.235849,1.982
6270,40000.0,0.02,greedy,ZYZZYVA,8.0,1.0,0.06,1,1,1,FINALIZED_WITHIN_C2_LIMIT,0.118051,2.285
6271,40000.0,0.02,greedy,ZYZZYVA,8.0,1.0,0.06,1,1,1,FINALIZED_WITHIN_C2_LIMIT,0.059059,1.993
6272,40000.0,0.02,greedy,ZYZZYVA,8.0,1.0,0.06,1,1,1,FINALIZED_WITHIN_C2_LIMIT,0.11743,2.625
6273,40000.0,0.02,greedy,ZYZZYVA,8.0,1.0,0.06,1,1,1,FINALIZED_WITHIN_C2_LIMIT,0.026675,2.159
6274,40000.0,0.02,greedy,ZYZZYVA,8.0,1.0,0.06,1,1,1,FINALIZED_WITHIN_C2_LIMIT,0.229255,1.904
6275,40000.0,0.02,greedy,ZYZZYVA,8.0,1.0,0.06,1,1,1,FINALIZED_WITHIN_C2_LIMIT,0.390842,2.079
6276,40000.0,0.02,greedy,ZYZZYVA,8.0,1.0,0.06,1,1,1,FINALIZED_WITHIN_C2_LIMIT,0.19084,2.127
6277,40000.0,0.02,greedy,ZYZZYVA,8.0,1.0,0.06,1,1,1,FINALIZED_WITHIN_C2_LIMIT,0.029825,2.13
6278,40000.0,0.02,greedy,ZYZZYVA,8.0,1.0,0.06,1,1,1,FINALIZED_WITHIN_C2_LIMIT,0.084074,2.515
6279,40000.0,0.02,greedy,ZYZZYVA,8.0,1.0,0.06,1,1,1,FINALIZED_WITHIN_C2_LIMIT,0.031531,2.27
6280,40000.0,0.02,greedy,ZYZZYVA,8.0,1.0,0.06,1,1,1,FINALIZED_WITHIN_C2_LIMIT,0.068279,2.525
6281,40000.0,0.02,greedy,ZYZZYVA,8.0,1.0,0.06,1,1,1,FINALIZED_WITHIN_C2_LIMIT,0.046998,2.223
6282,40000.0,0.02,greedy,ZYZZYVA,8.0,1.0,0.06,1,1,1,FINALIZED_WITHIN_C2_LIMIT,0.175927,2.29
6283,40000.0,0.02,greedy,LIU_QUORUM,8.0,1.0,0.06,1,1,1,FINALIZED_WITHIN_C2_LIMIT,0.236967,2.163
6284,40000.0,0.02,greedy,LIU_QUORUM,8.0,1.0,0.06,1,1,1,FINALIZED_WITHIN_C2_LIMIT,0.078854,1.995
6285,40000.0,0.02,greedy,LIU_QUORUM,8.0,1.0,0.06,1,1,1,FINALIZED_WITHIN_C2_LIMIT,0.123706,2.283
6286,40000.0,0.02,greedy,LIU_QUORUM,8.0,1.0,0.06,1,1,1,FINALIZED_WITHIN_C2_LIMIT,0.260229,2.26
6287,40000.0,0.02,greedy,LIU_QUORUM,8.0,1.0,0.06,1,1,1,FINALIZED_WITHIN_C2_LIMIT,0.139215,2.292
6288,40000.0,0.02,greedy,LIU_QUORUM,8.0,1.0,0.06,1,1,1,FINALIZED_WITHIN_C2_LIMIT,0.080642,2.246
6289,40000.0,0.02,greedy,LIU_QUORUM,8.0,1.0,0.06,1,1,1,FINALIZED_WITHIN_C2_LIMIT,0.102741,2.278
6290,40000.0,0.02,greedy,LIU_QUORUM,8.0,1.0,0.06,1,1,1,FINALIZED_WITHIN_C2_LIMIT,0.036305,2.289
6291,40000.0,0.02,greedy,LIU_QUORUM,8.0,1.0,0.06,1,1,1,FINALIZED_WITHIN_C2_LIMIT,0.247146,2.342
6292,40000.0,0.02,greedy,LIU_QUORUM,8.0,1.0,0.06,1,1,1,FINALIZED_WITHIN_C2_LIMIT,0.397392,2.164
6293,40000.0,0.02,greedy,LIU_QUORUM,8.0,1.0,0.06,1,1,1,FINALIZED_WITHIN_C2_LIMIT,0.237462,1.957
6294,40000.0,0.02,greedy,LIU_QUORUM,8.0,1.0,0.06,1,1,1,FINALIZED_WITHIN_C2_LIMIT,0.044722,2.197
6295,40000.0,0.02,greedy,LIU_QUORUM,8.0,1.0,0.06,1,1,1,FINALIZED_WITHIN_C2_LIMIT,0.042941,2.237
6296,40000.0,0.02,greedy,LIU_QUORUM,8.0,1.0,0.06,1,1,1,FINALIZED_WITHIN_C2_LIMIT,0.032349,2.366
6297,40000.0,0.02,greedy,LIU_QUORUM,8.0,1.0,0.06,1,1,1,FINALIZED_WITHIN_C2_LIMIT,0.022127,2.585
6298,40000.0,0.02,greedy,LIU_QUORUM,8.0,1.0,0.06,1,1,1,FINALIZED_WITHIN_C2_LIMIT,0.065925,2.523
6299,40000.0,0.02,greedy,LIU_QUORUM,8.0,1.0,0.06,1,1,1,FINALIZED_WITHIN_C2_LIMIT,0.040382,2.439
6300,40000.0,0.02,greedy,ZYZZYVA,8.0,1.0,0.06,1,1,1,FINALIZED_WITHIN_C2_LIMIT,0.021368,1.924
6301,40000.0,0.02,greedy,ZYZZYVA,8.0,1.0,0.06,1,1,1,FINALIZED_WITHIN_C2_LIMIT,0.092811,2.099
6302,40000.0,0.02,greedy,ZYZZYVA,8.0,1.0,0.06,1,1,1,FINALIZED_WITHIN_C2_LIMIT,0.08525,2.221
6303,40000.0,0.02,greedy,ZYZZYVA,8.0,1.0,0.06,1,1,1,FINALIZED_WITHIN_C2_LIMIT,0.045587,2.19
6304,40000.0,0.02,greedy,ZYZZYVA,8.0,1.0,0.06,1,1,1,FINALIZED_WITHIN_C2_LIMIT,0.04853,2.3
6305,40000.0,0.02,greedy,ZYZZYVA,8.0,1.0,0.06,1,1,1,FINALIZED_WITHIN_C2_LIMIT,0.084379,2.293
6306,40000.0,0.02,greedy,ZYZZYVA,8.0,1.0,0.06,1,1,1,FINALIZED_WITHIN_C2_LIMIT,0.044634,2.199
6307,40000.0,0.02,greedy,ZYZZYVA,8.0,1.0,0.06,1,1,1,FINALIZED_WITHIN_C2_LIMIT,0.055566,2.274
6308,40000.0,0.02,greedy,ZYZZYVA,8.0,1.0,0.06,1,1,1,FINALIZED_WITHIN_C2_LIMIT,0.053711,2.411
6309,40000.0,0.02,greedy,ZYZZYVA,8.0,1.0,0.06,1,1,1,FINALIZED_WITHIN_C2_LIMIT,0.065565,2.333
6310,40000.0,0.02,greedy,ZYZZYVA,8.0,1.0,0.06,1,1,1,FINALIZED_WITHIN_C2_LIMIT,0.030852,2.436
6311,40000.0,0.02,greedy,ZYZZYVA,8.0,1.0,0.06,1,1,1,FINALIZED_WITHIN_C2_LIMIT,0.079687,2.327
6312,40000.0,0.02,greedy,ZYZZYVA,8.0,1.0,0.06,1,1,1,FINALIZED_WITHIN_C2_LIMIT,0.085317,2.595
6313,40000.0,0.02,greedy,ZYZZYVA,8.0,1.0,0.06,1,1,1,FINALIZED_WITHIN_C2_LIMIT,0.029919,2.678
6314,40000.0,0.02,greedy,ZYZZYVA,8.0,1.0,0.06,1,1,1,FINALIZED_WITHIN_C2_LIMIT,0.056811,2.329
6315,40000.0,0.02,greedy,ZYZZYVA,8.0,1.0,0.06,1,1,1,FINALIZED_WITHIN_C2_LIMIT,0.114103,2.098
6316,40000.0,0.02,greedy,ZYZZYVA,8.0,1.0,0.06,1,1,1,FINALIZED_WITHIN_C2_LIMIT,0.083883,1.974
6317,40000.0,0.02,greedy,ZYZZYVA,8.0,1.0,0.06,1,1,1,FINALIZED_WITHIN_C2_LIMIT,0.022868,2.368
6318,40000.0,0.02,greedy,ZYZZYVA,8.0,1.0,0.06,1,1,1,FINALIZED_WITHIN_C2_LIMIT,0.023326,2.027
6319,40000.0,0.02,greedy,ZYZZYVA,8.0,1.0,0.06,1,1,1,FINALIZED_WITHIN_C2_LIMIT,0.101742,2.374
6320,1000.0,0.02,explore,PBFT,0.2,1.0,0.1284,1,1,1,FINALIZED_WITHIN_C2_LIMIT,0.101107,0.346
6321,21000.0,0.02,explore,PBFT,4.2,1.0,0.072,1,1,1,FINALIZED_WITHIN_C2_LIMIT,0.049302,1.302
6322,40000.0,0.02,greedy,ZYZZYVA,8.0,1.0,0.06,1,1,1,FINALIZED_WITHIN_C2_LIMIT,0.053078,2.431
6323,40000.0,0.02,greedy,ZYZZYVA,8.0,1.0,0.06,1,1,1,FINALIZED_WITHIN_C2_LIMIT,0.107165,2.043
6324,40000.0,0.02,greedy,ZYZZYVA,8.0,1.0,0.06,1,1,1,FINALIZED_WITHIN_C2_LIMIT,0.095401,2.214
6325,40000.0,0.02,greedy,LIU_QUORUM,8.0,1.0,0.06,1,1,1,FINALIZED_WITHIN_C2_LIMIT,0.032416,2.044
6326,40000.0,0.02,greedy,LIU_QUORUM,8.0,1.0,0.06,1,1,1,FINALIZED_WITHIN_C2_LIMIT,0.037064,2.265
6327,25000.0,0.02,explore,ZYZZYVA,5.0,1.0,0.19,1,1,1,FINALIZED_WITHIN_C2_LIMIT,0.12793,1.333
6328,40000.0,0.02,greedy,LIU_QUORUM,8.0,1.0,0.06,1,1,1,FINALIZED_WITHIN_C2_LIMIT,0.128434,2.449
6329,40000.0,0.02,greedy,LIU_QUORUM,8.0,1.0,0.06,1,1,1,FINALIZED_WITHIN_C2_LIMIT,0.017727,1.929
6330,40000.0,0.02,greedy,LIU_QUORUM,8.0,1.0,0.06,1,1,1,FINALIZED_WITHIN_C2_LIMIT,0.056655,2.111
6331,40000.0,0.02,greedy,ZYZZYVA,8.0,1.0,0.06,1,1,1,FINALIZED_WITHIN_C2_LIMIT,0.092936,1.811
6332,40000.0,0.02,greedy,ZYZZYVA,8.0,1.0,0.06,1,1,1,FINALIZED_WITHIN_C2_LIMIT,0.034611,2.166
6333,40000.0,0.02,greedy,ZYZZYVA,8.0,1.0,0.06,1,1,1,FINALIZED_WITHIN_C2_LIMIT,0.071816,2.001
6334,40000.0,0.02,greedy,ZYZZYVA,8.0,1.0,0.06,1,1,1,FINALIZED_WITHIN_C2_LIMIT,0.106024,1.951
6335,40000.0,0.02,greedy,ZYZZYVA,8.0,1.0,0.06,1,1,1,FINALIZED_WITHIN_C2_LIMIT,0.040368,1.777
6336,40000.0,0.02,greedy,ZYZZYVA,8.0,1.0,0.06,1,1,1,FINALIZED_WITHIN_C2_LIMIT,0.049929,2.162
6337,40000.0,0.02,greedy,ZYZZYVA,8.0,1.0,0.06,1,1,1,FINALIZED_WITHIN_C2_LIMIT,0.084118,2.22
6338,40000.0,0.02,greedy,ZYZZYVA,8.0,1.0,0.06,1,1,1,FINALIZED_WITHIN_C2_LIMIT,0.042467,1.857
6339,40000.0,0.02,greedy,ZYZZYVA,8.0,1.0,0.06,1,1,1,FINALIZED_WITHIN_C2_LIMIT,0.072182,2.202
6340,40000.0,0.02,greedy,ZYZZYVA,8.0,1.0,0.06,1,1,1,FINALIZED_WITHIN_C2_LIMIT,0.066873,1.938
6341,40000.0,0.02,greedy,ZYZZYVA,8.0,1.0,0.06,1,1,1,FINALIZED_WITHIN_C2_LIMIT,0.032293,1.807
6342,40000.0,0.02,greedy,ZYZZYVA,8.0,1.0,0.06,1,1,1,FINALIZED_WITHIN_C2_LIMIT,0.055396,2.175
6343,40000.0,0.02,greedy,ZYZZYVA,8.0,1.0,0.06,1,1,1,FINALIZED_WITHIN_C2_LIMIT,0.121173,2.049
6344,40000.0,0.02,greedy,ZYZZYVA,8.0,1.0,0.06,1,1,1,FINALIZED_WITHIN_C2_LIMIT,0.149061,2.34
6345,40000.0,0.02,greedy,ZYZZYVA,8.0,1.0,0.06,1,1,1,FINALIZED_WITHIN_C2_LIMIT,0.042823,2.105
6346,40000.0,0.02,greedy,ZYZZYVA,8.0,1.0,0.06,1,1,1,FINALIZED_WITHIN_C2_LIMIT,0.061621,2.068
6347,40000.0,0.02,greedy,ZYZZYVA,8.0,1.0,0.06,1,1,1,FINALIZED_WITHIN_C2_LIMIT,0.066911,1.977
6348,40000.0,0.02,greedy,ZYZZYVA,8.0,1.0,0.06,1,1,1,FINALIZED_WITHIN_C2_LIMIT,0.016594,2.128
6349,40000.0,0.02,greedy,ZYZZYVA,8.0,1.0,0.06,1,1,1,FINALIZED_WITHIN_C2_LIMIT,0.125762,2.06
6350,40000.0,0.02,greedy,ZYZZYVA,8.0,1.0,0.06,1,1,1,FINALIZED_WITHIN_C2_LIMIT,0.191923,2.252
6351,40000.0,0.02,greedy,LIU_QUORUM,8.0,1.0,0.06,1,1,1,FINALIZED_WITHIN_C2_LIMIT,0.037417,2.026
6352,40000.0,0.02,greedy,LIU_QUORUM,8.0,1.0,0.06,1,1,1,FINALIZED_WITHIN_C2_LIMIT,0.321601,2.112
6353,40000.0,0.02,greedy,LIU_QUORUM,8.0,1.0,0.06,1,1,1,FINALIZED_WITHIN_C2_LIMIT,0.509848,1.982
6354,40000.0,0.02,greedy,LIU_QUORUM,8.0,1.0,0.06,1,1,1,FINALIZED_WITHIN_C2_LIMIT,0.335696,2.037
6355,40000.0,0.02,greedy,LIU_QUORUM,8.0,1.0,0.06,1,1,1,FINALIZED_WITHIN_C2_LIMIT,0.043708,1.936
6356,40000.0,0.02,greedy,LIU_QUORUM,8.0,1.0,0.06,1,1,1,FINALIZED_WITHIN_C2_LIMIT,0.457953,2.178
6357,40000.0,0.02,greedy,LIU_QUORUM,8.0,1.0,0.06,1,1,1,FINALIZED_WITHIN_C2_LIMIT,1.104441,2.065
6358,40000.0,0.02,greedy,LIU_QUORUM,8.0,1.0,0.06,1,1,1,FINALIZED_WITHIN_C2_LIMIT,0.978765,2.149
6359,40000.0,0.02,greedy,LIU_QUORUM,8.0,1.0,0.06,1,1,1,FINALIZED_WITHIN_C2_LIMIT,0.434542,2.069
6360,40000.0,0.02,greedy,LIU_QUORUM,8.0,1.0,0.06,1,1,1,FINALIZED_WITHIN_C2_LIMIT,0.021111,1.958
6361,40000.0,0.02,greedy,LIU_QUORUM,8.0,1.0,0.06,1,1,1,FINALIZED_WITHIN_C2_LIMIT,0.21306,2.074
6362,40000.0,0.02,greedy,LIU_QUORUM,8.0,1.0,0.06,1,1,1,FINALIZED_WITHIN_C2_LIMIT,0.200936,2.239
6363,40000.0,0.02,greedy,LIU_QUORUM,8.0,1.0,0.06,1,1,1,FINALIZED_WITHIN_C2_LIMIT,0.057138,2.05
6364,40000.0,0.02,greedy,LIU_QUORUM,8.0,1.0,0.06,1,1,1,FINALIZED_WITHIN_C2_LIMIT,0.193187,2.062
6365,40000.0,0.02,greedy,LIU_QUORUM,8.0,1.0,0.06,1,1,1,FINALIZED_WITHIN_C2_LIMIT,0.385749,2.055
6366,40000.0,0.02,greedy,ZYZZYVA,8.0,1.0,0.06,1,1,1,FINALIZED_WITHIN_C2_LIMIT,0.250999,2.162
6367,40000.0,0.02,greedy,ZYZZYVA,8.0,1.0,0.06,1,1,1,FINALIZED_WITHIN_C2_LIMIT,0.017564,1.902
6368,40000.0,0.02,greedy,ZYZZYVA,8.0,1.0,0.06,1,1,1,FINALIZED_WITHIN_C2_LIMIT,0.562378,2.153
6369,40000.0,0.02,greedy,ZYZZYVA,8.0,1.0,0.06,1,1,1,FINALIZED_WITHIN_C2_LIMIT,1.240703,2.153
6370,40000.0,0.02,greedy,ZYZZYVA,8.0,1.0,0.06,1,1,1,FINALIZED_WITHIN_C2_LIMIT,1.030227,2.079
6371,40000.0,0.02,greedy,ZYZZYVA,8.0,1.0,0.06,1,1,1,FINALIZED_WITHIN_C2_LIMIT,0.578849,2.052
6372,40000.0,0.02,greedy,ZYZZYVA,8.0,1.0,0.0603,1,1,1,FINALIZED_WITHIN_C2_LIMIT,0.039369,2.219
6373,40000.0,0.02,greedy,ZYZZYVA,8.0,1.0,0.0727,1,1,1,FINALIZED_WITHIN_C2_LIMIT,0.667737,2.016
6374,40000.0,0.02,greedy,ZYZZYVA,8.0,1.0,0.0727,1,1,1,FINALIZED_WITHIN_C2_LIMIT,1.619231,2.038
6375,40000.0,0.02,greedy,ZYZZYVA,8.0,1.0,0.0727,1,1,1,FINALIZED_WITHIN_C2_LIMIT,1.881263,1.919
6376,40000.0,0.02,greedy,ZYZZYVA,8.0,1.0,0.0727,1,1,1,FINALIZED_WITHIN_C2_LIMIT,1.337695,2.072
6377,40000.0,0.02,greedy,ZYZZYVA,8.0,1.0,0.0727,1,1,1,FINALIZED_WITHIN_C2_LIMIT,0.413824,2.092
6378,40000.0,0.02,greedy,ZYZZYVA,8.0,1.0,0.0727,1,1,1,FINALIZED_WITHIN_C2_LIMIT,0.050391,1.984
6379,40000.0,0.02,greedy,ZYZZYVA,8.0,1.0,0.0727,1,1,1,FINALIZED_WITHIN_C2_LIMIT,0.381466,2.192
6380,40000.0,0.02,greedy,ZYZZYVA,8.0,1.0,0.0727,1,1,1,FINALIZED_WITHIN_C2_LIMIT,0.414454,2.197
6381,40000.0,0.02,greedy,ZYZZYVA,8.0,1.0,0.0727,1,1,1,FINALIZED_WITHIN_C2_LIMIT,0.11199,1.967
6382,40000.0,0.02,greedy,ZYZZYVA,8.0,1.0,0.0727,1,1,1,FINALIZED_WITHIN_C2_LIMIT,0.107683,1.956
6383,40000.0,0.02,greedy,ZYZZYVA,8.0,1.0,0.0603,1,1,1,FINALIZED_WITHIN_C2_LIMIT,0.268244,2.025
6384,40000.0,0.02,greedy,ZYZZYVA,8.0,1.0,0.0603,1,1,1,FINALIZED_WITHIN_C2_LIMIT,0.149086,1.988
6385,40000.0,0.02,greedy,ZYZZYVA,8.0,1.0,0.0603,1,1,1,FINALIZED_WITHIN_C2_LIMIT,0.037781,1.962
6386,40000.0,0.02,greedy,ZYZZYVA,8.0,1.0,0.0603,1,1,1,FINALIZED_WITHIN_C2_LIMIT,0.059092,2.191
6387,40000.0,0.02,greedy,ZYZZYVA,8.0,1.0,0.0603,1,1,1,FINALIZED_WITHIN_C2_LIMIT,0.023177,2.16
6388,40000.0,0.02,greedy,ZYZZYVA,8.0,1.0,0.0603,1,1,1,FINALIZED_WITHIN_C2_LIMIT,0.0383,2.054
6389,40000.0,0.02,greedy,ZYZZYVA,8.0,1.0,0.0727,1,1,1,FINALIZED_WITHIN_C2_LIMIT,0.060357,1.925
6390,40000.0,0.02,greedy,ZYZZYVA,8.0,1.0,0.0727,1,1,1,FINALIZED_WITHIN_C2_LIMIT,0.021041,2.233
6391,40000.0,0.02,greedy,ZYZZYVA,8.0,1.0,0.0727,1,1,1,FINALIZED_WITHIN_C2_LIMIT,0.137453,2.116
6392,40000.0,0.02,greedy,LIU_QUORUM,8.0,1.0,0.0727,1,1,1,FINALIZED_WITHIN_C2_LIMIT,0.162354,2.225
6393,40000.0,0.02,greedy,LIU_QUORUM,8.0,1.0,0.0727,1,1,1,FINALIZED_WITHIN_C2_LIMIT,0.05067,1.912
6394,40000.0,0.02,greedy,LIU_QUORUM,8.0,1.0,0.0727,1,1,1,FINALIZED_WITHIN_C2_LIMIT,0.230676,2.144
6395,40000.0,0.02,greedy,LIU_QUORUM,8.0,1.0,0.0727,1,1,1,FINALIZED_WITHIN_C2_LIMIT,0.403404,2.194
6396,40000.0,0.02,greedy,LIU_QUORUM,8.0,1.0,0.0727,1,1,1,FINALIZED_WITHIN_C2_LIMIT,0.265503,2.06
6397,40000.0,0.02,greedy,LIU_QUORUM,8.0,1.0,0.0727,1,1,1,FINALIZED_WITHIN_C2_LIMIT,0.019048,1.912
6398,40000.0,0.02,greedy,LIU_QUORUM,8.0,1.0,0.0727,1,1,1,FINALIZED_WITHIN_C2_LIMIT,0.237142,2.132
6399,40000.0,0.02,greedy,LIU_QUORUM,8.0,1.0,0.0727,1,1,1,FINALIZED_WITHIN_C2_LIMIT,0.019385,2.131
6400,40000.0,0.02,greedy,LIU_QUORUM,8.0,1.0,0.0727,1,1,1,FINALIZED_WITHIN_C2_LIMIT,0.081407,2.42
6401,40000.0,0.02,greedy,LIU_QUORUM,8.0,1.0,0.0603,1,1,1,FINALIZED_WITHIN_C2_LIMIT,0.042869,2.056
6402,40000.0,0.02,greedy,LIU_QUORUM,8.0,1.0,0.06,1,1,1,FINALIZED_WITHIN_C2_LIMIT,0.13956,2.047
6403,40000.0,0.02,greedy,LIU_QUORUM,8.0,1.0,0.06,1,1,1,FINALIZED_WITHIN_C2_LIMIT,0.227474,2.025
6404,40000.0,0.02,greedy,LIU_QUORUM,8.0,1.0,0.0727,1,1,1,FINALIZED_WITHIN_C2_LIMIT,0.039112,2.271
6405,40000.0,0.02,greedy,LIU_QUORUM,8.0,1.0,0.0727,1,1,1,FINALIZED_WITHIN_C2_LIMIT,0.23017,2.254
6406,40000.0,0.02,greedy,LIU_QUORUM,8.0,1.0,0.0727,1,1,1,FINALIZED_WITHIN_C2_LIMIT,0.373479,2.134
6407,40000.0,0.02,greedy,LIU_QUORUM,8.0,1.0,0.0727,1,1,1,FINALIZED_WITHIN_C2_LIMIT,0.219897,2.129
6408,40000.0,0.02,greedy,LIU_QUORUM,8.0,1.0,0.0727,1,1,1,FINALIZED_WITHIN_C2_LIMIT,0.013391,2.244
6409,40000.0,0.02,greedy,LIU_QUORUM,8.0,1.0,0.0727,1,1,1,FINALIZED_WITHIN_C2_LIMIT,0.031338,2.258
6410,40000.0,0.02,greedy,LIU_QUORUM,8.0,1.0,0.0727,1,1,1,FINALIZED_WITHIN_C2_LIMIT,0.0551,2.254
6411,40000.0,0.02,greedy,LIU_QUORUM,8.0,1.0,0.0727,1,1,1,FINALIZED_WITHIN_C2_LIMIT,0.029299,2.135
6412,40000.0,0.02,greedy,LIU_QUORUM,8.0,1.0,0.0727,1,1,1,FINALIZED_WITHIN_C2_LIMIT,0.021198,2.205
6413,40000.0,0.02,greedy,ZYZZYVA,8.0,1.0,0.0727,1,1,1,FINALIZED_WITHIN_C2_LIMIT,0.052153,2.404
6414,40000.0,0.02,greedy,ZYZZYVA,8.0,1.0,0.0727,1,1,1,FINALIZED_WITHIN_C2_LIMIT,0.020921,2.51
6415,40000.0,0.02,greedy,ZYZZYVA,8.0,1.0,0.0727,1,1,1,FINALIZED_WITHIN_C2_LIMIT,0.141846,2.486
6416,40000.0,0.02,greedy,ZYZZYVA,8.0,1.0,0.0727,1,1,1,FINALIZED_WITHIN_C2_LIMIT,0.233976,2.169
6417,40000.0,0.02,greedy,ZYZZYVA,8.0,1.0,0.0727,1,1,1,FINALIZED_WITHIN_C2_LIMIT,0.050917,2.383
6418,40000.0,0.02,greedy,ZYZZYVA,8.0,1.0,0.0727,1,1,1,FINALIZED_WITHIN_C2_LIMIT,0.212613,2.627
6419,40000.0,0.02,greedy,ZYZZYVA,8.0,1.0,0.0727,1,1,1,FINALIZED_WITHIN_C2_LIMIT,0.405021,2.402
6420,40000.0,0.02,greedy,ZYZZYVA,8.0,1.0,0.0727,1,1,1,FINALIZED_WITHIN_C2_LIMIT,0.237317,2.671
6421,40000.0,0.02,greedy,ZYZZYVA,8.0,1.0,0.0727,1,1,1,FINALIZED_WITHIN_C2_LIMIT,0.018571,2.364
6422,40000.0,0.02,greedy,ZYZZYVA,8.0,1.0,0.0727,1,1,1,FINALIZED_WITHIN_C2_LIMIT,0.494835,2.228
6423,40000.0,0.02,greedy,ZYZZYVA,8.0,1.0,0.0727,1,1,1,FINALIZED_WITHIN_C2_LIMIT,0.761908,2.294
6424,40000.0,0.02,greedy,ZYZZYVA,8.0,1.0,0.0727,1,1,1,FINALIZED_WITHIN_C2_LIMIT,0.575766,2.654
6425,40000.0,0.02,greedy,ZYZZYVA,8.0,1.0,0.0727,1,1,1,FINALIZED_WITHIN_C2_LIMIT,0.159448,2.724
6426,40000.0,0.02,greedy,ZYZZYVA,8.0,1.0,0.0727,1,1,1,FINALIZED_WITHIN_C2_LIMIT,0.222044,2.582
6427,40000.0,0.02,greedy,ZYZZYVA,8.0,1.0,0.0727,1,1,1,FINALIZED_WITHIN_C2_LIMIT,0.563616,2.129
6428,40000.0,0.02,greedy,ZYZZYVA,8.0,1.0,0.0727,1,1,1,FINALIZED_WITHIN_C2_LIMIT,0.535796,2.334
6429,40000.0,0.02,greedy,ZYZZYVA,8.0,1.0,0.0727,1,1,1,FINALIZED_WITHIN_C2_LIMIT,0.15841,2.514
6430,40000.0,0.02,greedy,ZYZZYVA,8.0,1.0,0.0727,1,1,1,FINALIZED_WITHIN_C2_LIMIT,0.121705,2.552
6431,40000.0,0.02,greedy,ZYZZYVA,8.0,1.0,0.0727,1,1,1,FINALIZED_WITHIN_C2_LIMIT,0.35171,2.262
6432,40000.0,0.02,greedy,ZYZZYVA,8.0,1.0,0.0727,1,1,1,FINALIZED_WITHIN_C2_LIMIT,0.287686,2.246
6433,40000.0,0.02,greedy,ZYZZYVA,8.0,1.0,0.0727,1,1,1,FINALIZED_WITHIN_C2_LIMIT,0.033787,2.189
6434,40000.0,0.02,greedy,ZYZZYVA,8.0,1.0,0.0727,1,1,1,FINALIZED_WITHIN_C2_LIMIT,0.401995,2.286
6435,40000.0,0.02,greedy,ZYZZYVA,8.0,1.0,0.0727,1,1,1,FINALIZED_WITHIN_C2_LIMIT,0.780757,2.321
6436,40000.0,0.02,greedy,ZYZZYVA,8.0,1.0,0.0727,1,1,1,FINALIZED_WITHIN_C2_LIMIT,0.729421,2.818
6437,40000.0,0.02,greedy,ZYZZYVA,8.0,1.0,0.0727,1,1,1,FINALIZED_WITHIN_C2_LIMIT,0.21734,2.514
6438,35000.0,0.02,explore,LIU_QUORUM,7.0,1.0,0.0558,1,1,1,FINALIZED_WITHIN_C2_LIMIT,0.064524,2.182
6439,40000.0,0.02,greedy,ZYZZYVA,8.0,1.0,0.0727,1,1,1,FINALIZED_WITHIN_C2_LIMIT,0.249191,2.406
6440,40000.0,0.02,greedy,ZYZZYVA,8.0,1.0,0.0727,1,1,1,FINALIZED_WITHIN_C2_LIMIT,0.24925,2.161
6441,40000.0,0.02,greedy,ZYZZYVA,8.0,1.0,0.0727,1,1,1,FINALIZED_WITHIN_C2_LIMIT,0.025359,2.46
6442,40000.0,0.02,greedy,ZYZZYVA,8.0,1.0,0.0727,1,1,1,FINALIZED_WITHIN_C2_LIMIT,0.036643,2.412
6443,40000.0,0.02,greedy,ZYZZYVA,8.0,1.0,0.0727,1,1,1,FINALIZED_WITHIN_C2_LIMIT,0.03096,2.419
6444,40000.0,0.02,greedy,ZYZZYVA,8.0,1.0,0.0727,1,1,1,FINALIZED_WITHIN_C2_LIMIT,0.067293,2.122
6445,40000.0,0.02,greedy,ZYZZYVA,8.0,1.0,0.0727,1,1,1,FINALIZED_WITHIN_C2_LIMIT,0.028149,2.136
6446,40000.0,0.02,greedy,ZYZZYVA,8.0,1.0,0.0727,1,1,1,FINALIZED_WITHIN_C2_LIMIT,0.030292,2.196
6447,40000.0,0.02,greedy,ZYZZYVA,8.0,1.0,0.0727,1,1,1,FINALIZED_WITHIN_C2_LIMIT,0.015726,2.526
6448,40000.0,0.02,greedy,ZYZZYVA,8.0,1.0,0.0727,1,1,1,FINALIZED_WITHIN_C2_LIMIT,0.028767,2.081
6449,40000.0,0.02,greedy,ZYZZYVA,8.0,1.0,0.0727,1,1,1,FINALIZED_WITHIN_C2_LIMIT,0.038137,1.928
6450,40000.0,0.02,greedy,ZYZZYVA,8.0,1.0,0.0727,1,1,1,FINALIZED_WITHIN_C2_LIMIT,0.071169,2.203
6451,40000.0,0.02,greedy,ZYZZYVA,8.0,1.0,0.0727,1,1,1,FINALIZED_WITHIN_C2_LIMIT,0.029237,2.424
6452,40000.0,0.02,greedy,ZYZZYVA,8.0,1.0,0.0727,1,1,1,FINALIZED_WITHIN_C2_LIMIT,0.128725,2.369
6453,40000.0,0.02,greedy,ZYZZYVA,8.0,1.0,0.0727,1,1,1,FINALIZED_WITHIN_C2_LIMIT,0.098877,2.539
6454,40000.0,0.02,greedy,ZYZZYVA,8.0,1.0,0.06,1,1,1,FINALIZED_WITHIN_C2_LIMIT,0.033649,2.142
6455,40000.0,0.02,greedy,ZYZZYVA,8.0,1.0,0.0727,1,1,1,FINALIZED_WITHIN_C2_LIMIT,0.031342,2.473
6456,40000.0,0.02,greedy,ZYZZYVA,8.0,1.0,0.0727,1,1,1,FINALIZED_WITHIN_C2_LIMIT,0.112235,2.271
6457,40000.0,0.02,greedy,ZYZZYVA,8.0,1.0,0.0727,1,1,1,FINALIZED_WITHIN_C2_LIMIT,0.090241,1.943
6458,40000.0,0.02,greedy,ZYZZYVA,8.0,1.0,0.0727,1,1,1,FINALIZED_WITHIN_C2_LIMIT,0.026461,2.084
6459,40000.0,0.02,greedy,ZYZZYVA,8.0,1.0,0.0727,1,1,1,FINALIZED_WITHIN_C2_LIMIT,0.037012,2.055
6460,40000.0,0.02,greedy,ZYZZYVA,8.0,1.0,0.0727,1,1,1,FINALIZED_WITHIN_C2_LIMIT,0.11431,2.069
6461,40000.0,0.02,greedy,ZYZZYVA,8.0,1.0,0.0727,1,1,1,FINALIZED_WITHIN_C2_LIMIT,0.096315,2.095
6462,40000.0,0.02,greedy,ZYZZYVA,8.0,1.0,0.0727,1,1,1,FINALIZED_WITHIN_C2_LIMIT,0.022723,1.967
6463,40000.0,0.02,greedy,ZYZZYVA,8.0,1.0,0.0727,1,1,1,FINALIZED_WITHIN_C2_LIMIT,0.015561,2.11
6464,40000.0,0.02,greedy,ZYZZYVA,8.0,1.0,0.0727,1,1,1,FINALIZED_WITHIN_C2_LIMIT,0.098218,2.283
6465,40000.0,0.02,greedy,ZYZZYVA,8.0,1.0,0.0727,1,1,1,FINALIZED_WITHIN_C2_LIMIT,0.073327,2.607
6466,40000.0,0.02,greedy,LIU_QUORUM,8.0,1.0,0.0727,1,1,1,FINALIZED_WITHIN_C2_LIMIT,0.019132,2.317
6467,40000.0,0.02,greedy,LIU_QUORUM,8.0,1.0,0.0727,1,1,1,FINALIZED_WITHIN_C2_LIMIT,0.029642,2.23
6468,40000.0,0.02,greedy,LIU_QUORUM,8.0,1.0,0.0727,1,1,1,FINALIZED_WITHIN_C2_LIMIT,0.042085,2.333
6469,40000.0,0.02,greedy,ZYZZYVA,8.0,1.0,0.0727,1,1,1,FINALIZED_WITHIN_C2_LIMIT,0.096567,2.484
6470,40000.0,0.02,greedy,ZYZZYVA,8.0,1.0,0.0727,1,1,1,FINALIZED_WITHIN_C2_LIMIT,0.075961,2.432
6471,40000.0,0.02,greedy,ZYZZYVA,8.0,1.0,0.06,1,1,1,FINALIZED_WITHIN_C2_LIMIT,0.049278,2.443
6472,40000.0,0.02,greedy,ZYZZYVA,8.0,1.0,0.06,1,1,1,FINALIZED_WITHIN_C2_LIMIT,0.036758,2.612
6473,40000.0,0.02,greedy,ZYZZYVA,8.0,1.0,0.06,1,1,1,FINALIZED_WITHIN_C2_LIMIT,0.063292,2.341
6474,40000.0,0.02,greedy,ZYZZYVA,8.0,1.0,0.06,1,1,1,FINALIZED_WITHIN_C2_LIMIT,0.045423,2.443
6475,40000.0,0.02,greedy,ZYZZYVA,8.0,1.0,0.06,1,1,1,FINALIZED_WITHIN_C2_LIMIT,0.062421,2.211
6476,40000.0,0.02,greedy,ZYZZYVA,8.0,1.0,0.06,1,1,1,FINALIZED_WITHIN_C2_LIMIT,0.076129,2.288
6477,40000.0,0.02,greedy,ZYZZYVA,8.0,1.0,0.06,1,1,1,FINALIZED_WITHIN_C2_LIMIT,0.04618,2.491
6478,40000.0,0.02,greedy,ZYZZYVA,8.0,1.0,0.06,1,1,1,FINALIZED_WITHIN_C2_LIMIT,0.034749,2.575
6479,40000.0,0.02,greedy,ZYZZYVA,8.0,1.0,0.06,1,1,1,FINALIZED_WITHIN_C2_LIMIT,0.103912,2.34
6480,40000.0,0.02,greedy,ZYZZYVA,8.0,1.0,0.06,1,1,1,FINALIZED_WITHIN_C2_LIMIT,0.087448,2.309
6481,40000.0,0.02,greedy,ZYZZYVA,8.0,1.0,0.06,1,1,1,FINALIZED_WITHIN_C2_LIMIT,0.027303,2.137
6482,40000.0,0.02,greedy,ZYZZYVA,8.0,1.0,0.06,1,1,1,FINALIZED_WITHIN_C2_LIMIT,0.042853,2.56
6483,40000.0,0.02,greedy,ZYZZYVA,8.0,1.0,0.06,1,1,1,FINALIZED_WITHIN_C2_LIMIT,0.111153,2.386
6484,40000.0,0.02,greedy,ZYZZYVA,8.0,1.0,0.06,1,1,1,FINALIZED_WITHIN_C2_LIMIT,0.150104,2.126
6485,40000.0,0.02,greedy,ZYZZYVA,8.0,1.0,0.06,1,1,1,FINALIZED_WITHIN_C2_LIMIT,0.02546,2.256
6486,40000.0,0.02,greedy,ZYZZYVA,8.0,1.0,0.06,1,1,1,FINALIZED_WITHIN_C2_LIMIT,0.026507,2.391
6487,40000.0,0.02,greedy,ZYZZYVA,8.0,1.0,0.06,1,1,1,FINALIZED_WITHIN_C2_LIMIT,0.121834,2.34
6488,40000.0,0.02,greedy,ZYZZYVA,8.0,1.0,0.06,1,1,1,FINALIZED_WITHIN_C2_LIMIT,0.061376,2.356
6489,40000.0,0.02,greedy,ZYZZYVA,8.0,1.0,0.06,1,1,1,FINALIZED_WITHIN_C2_LIMIT,0.073059,2.562
6490,40000.0,0.02,greedy,ZYZZYVA,8.0,1.0,0.06,1,1,1,FINALIZED_WITHIN_C2_LIMIT,0.059704,2.749
6491,40000.0,0.02,greedy,ZYZZYVA,8.0,1.0,0.06,1,1,1,FINALIZED_WITHIN_C2_LIMIT,0.03205,2.566
6492,40000.0,0.02,greedy,PBFT,8.0,1.0,0.06,1,1,1,FINALIZED_WITHIN_C2_LIMIT,0.054992,2.831
6493,40000.0,0.02,greedy,PBFT,8.0,1.0,0.06,1,1,1,FINALIZED_WITHIN_C2_LIMIT,0.151065,2.607
6494,40000.0,0.02,greedy,PBFT,8.0,1.0,0.06,1,1,1,FINALIZED_WITHIN_C2_LIMIT,0.104704,2.643
6495,40000.0,0.02,greedy,PBFT,8.0,1.0,0.06,1,1,1,FINALIZED_WITHIN_C2_LIMIT,0.018969,2.863
6496,40000.0,0.02,greedy,PBFT,8.0,1.0,0.06,1,1,1,FINALIZED_WITHIN_C2_LIMIT,0.106185,2.595
6497,40000.0,0.02,greedy,PBFT,8.0,1.0,0.06,1,1,1,FINALIZED_WITHIN_C2_LIMIT,0.070013,2.652
6498,40000.0,0.02,greedy,ZYZZYVA,8.0,1.0,0.06,1,1,1,FINALIZED_WITHIN_C2_LIMIT,0.063204,2.293
6499,40000.0,0.02,greedy,ZYZZYVA,8.0,1.0,0.06,1,1,1,FINALIZED_WITHIN_C2_LIMIT,0.014955,2.254
6500,40000.0,0.02,greedy,ZYZZYVA,8.0,1.0,0.06,1,1,1,FINALIZED_WITHIN_C2_LIMIT,0.102838,2.09
6501,40000.0,0.02,greedy,ZYZZYVA,8.0,1.0,0.06,1,1,1,FINALIZED_WITHIN_C2_LIMIT,0.076563,2.069
6502,40000.0,0.02,greedy,ZYZZYVA,8.0,1.0,0.06,1,1,1,FINALIZED_WITHIN_C2_LIMIT,0.053637,1.815
6503,40000.0,0.02,greedy,ZYZZYVA,8.0,1.0,0.06,1,1,1,FINALIZED_WITHIN_C2_LIMIT,0.03642,1.683
6504,40000.0,0.02,greedy,ZYZZYVA,8.0,1.0,0.06,1,1,1,FINALIZED_WITHIN_C2_LIMIT,0.04941,1.778
6505,40000.0,0.02,greedy,ZYZZYVA,8.0,1.0,0.06,1,1,1,FINALIZED_WITHIN_C2_LIMIT,0.034262,1.955
6506,40000.0,0.02,greedy,ZYZZYVA,8.0,1.0,0.06,1,1,1,FINALIZED_WITHIN_C2_LIMIT,0.077284,1.698
6507,40000.0,0.02,greedy,ZYZZYVA,8.0,1.0,0.06,1,1,1,FINALIZED_WITHIN_C2_LIMIT,0.06015,1.806
6508,40000.0,0.02,greedy,ZYZZYVA,8.0,1.0,0.06,1,1,1,FINALIZED_WITHIN_C2_LIMIT,0.051966,1.749
6509,40000.0,0.02,greedy,ZYZZYVA,8.0,1.0,0.06,1,1,1,FINALIZED_WITHIN_C2_LIMIT,0.028929,1.776
6510,40000.0,0.02,greedy,ZYZZYVA,8.0,1.0,0.06,1,1,1,FINALIZED_WITHIN_C2_LIMIT,0.074842,1.73
6511,40000.0,0.02,greedy,ZYZZYVA,8.0,1.0,0.06,1,1,1,FINALIZED_WITHIN_C2_LIMIT,0.076499,1.669
6512,40000.0,0.02,greedy,ZYZZYVA,8.0,1.0,0.06,1,1,1,FINALIZED_WITHIN_C2_LIMIT,0.035841,1.698
6513,40000.0,0.02,greedy,ZYZZYVA,8.0,1.0,0.06,1,1,1,FINALIZED_WITHIN_C2_LIMIT,0.022798,1.79
6514,40000.0,0.02,greedy,ZYZZYVA,8.0,1.0,0.06,1,1,1,FINALIZED_WITHIN_C2_LIMIT,0.124926,1.806
6515,40000.0,0.02,greedy,ZYZZYVA,8.0,1.0,0.06,1,1,1,FINALIZED_WITHIN_C2_LIMIT,0.093831,1.681
6516,40000.0,0.02,greedy,ZYZZYVA,8.0,1.0,0.06,1,1,1,FINALIZED_WITHIN_C2_LIMIT,0.030558,1.646
6517,40000.0,0.02,greedy,ZYZZYVA,8.0,1.0,0.06,1,1,1,FINALIZED_WITHIN_C2_LIMIT,0.047124,1.797
6518,40000.0,0.02,greedy,ZYZZYVA,8.0,1.0,0.06,1,1,1,FINALIZED_WITHIN_C2_LIMIT,0.091877,1.865
6519,40000.0,0.02,greedy,ZYZZYVA,8.0,1.0,0.06,1,1,1,FINALIZED_WITHIN_C2_LIMIT,0.076132,1.821
6520,40000.0,0.02,greedy,ZYZZYVA,8.0,1.0,0.06,1,1,1,FINALIZED_WITHIN_C2_LIMIT,0.039994,2.061
6521,40000.0,0.02,greedy,ZYZZYVA,8.0,1.0,0.06,1,1,1,FINALIZED_WITHIN_C2_LIMIT,0.048953,1.69
6522,40000.0,0.02,greedy,ZYZZYVA,8.0,1.0,0.06,1,1,1,FINALIZED_WITHIN_C2_LIMIT,0.131905,1.737
6523,40000.0,0.02,greedy,LIU_QUORUM,8.0,1.0,0.06,1,1,1,FINALIZED_WITHIN_C2_LIMIT,0.110094,1.804
6524,40000.0,0.02,greedy,LIU_QUORUM,8.0,1.0,0.06,1,1,1,FINALIZED_WITHIN_C2_LIMIT,0.03768,1.851
6525,40000.0,0.02,greedy,LIU_QUORUM,8.0,1.0,0.06,1,1,1,FINALIZED_WITHIN_C2_LIMIT,0.025073,1.967
6526,40000.0,0.02,greedy,LIU_QUORUM,8.0,1.0,0.06,1,1,1,FINALIZED_WITHIN_C2_LIMIT,0.09102,1.87
6527,40000.0,0.02,greedy,LIU_QUORUM,8.0,1.0,0.06,1,1,1,FINALIZED_WITHIN_C2_LIMIT,0.093346,2.18
6528,40000.0,0.02,greedy,LIU_QUORUM,8.0,1.0,0.06,1,1,1,FINALIZED_WITHIN_C2_LIMIT,0.035295,2.002
6529,40000.0,0.02,greedy,LIU_QUORUM,8.0,1.0,0.06,1,1,1,FINALIZED_WITHIN_C2_LIMIT,0.048901,1.814
6530,40000.0,0.02,greedy,LIU_QUORUM,8.0,1.0,0.06,1,1,1,FINALIZED_WITHIN_C2_LIMIT,0.122728,1.903
6531,40000.0,0.02,greedy,LIU_QUORUM,8.0,1.0,0.06,1,1,1,FINALIZED_WITHIN_C2_LIMIT,0.078308,1.737
6532,40000.0,0.02,greedy,LIU_QUORUM,8.0,1.0,0.06,1,1,1,FINALIZED_WITHIN_C2_LIMIT,0.058286,1.719
6533,40000.0,0.02,greedy,LIU_QUORUM,8.0,1.0,0.06,1,1,1,FINALIZED_WITHIN_C2_LIMIT,0.040676,1.838
6534,40000.0,0.02,greedy,LIU_QUORUM,8.0,1.0,0.06,1,1,1,FINALIZED_WITHIN_C2_LIMIT,0.103096,1.71
6535,40000.0,0.02,greedy,ZYZZYVA,8.0,1.0,0.06,1,1,1,FINALIZED_WITHIN_C2_LIMIT,0.082842,1.97
6536,40000.0,0.02,greedy,ZYZZYVA,8.0,1.0,0.06,1,1,1,FINALIZED_WITHIN_C2_LIMIT,0.051379,1.844
6537,40000.0,0.02,greedy,ZYZZYVA,8.0,1.0,0.06,1,1,1,FINALIZED_WITHIN_C2_LIMIT,0.023799,1.93
6538,40000.0,0.02,greedy,ZYZZYVA,8.0,1.0,0.06,1,1,1,FINALIZED_WITHIN_C2_LIMIT,0.086824,1.794
6539,40000.0,0.02,greedy,ZYZZYVA,8.0,1.0,0.06,1,1,1,FINALIZED_WITHIN_C2_LIMIT,0.08037,1.918
6540,40000.0,0.02,greedy,ZYZZYVA,8.0,1.0,0.06,1,1,1,FINALIZED_WITHIN_C2_LIMIT,0.048624,1.723
6541,40000.0,0.02,greedy,ZYZZYVA,8.0,1.0,0.06,1,1,1,FINALIZED_WITHIN_C2_LIMIT,0.038492,1.934
6542,40000.0,0.02,greedy,ZYZZYVA,8.0,1.0,0.06,1,1,1,FINALIZED_WITHIN_C2_LIMIT,0.07905,1.791
6543,40000.0,0.02,greedy,ZYZZYVA,8.0,1.0,0.06,1,1,1,FINALIZED_WITHIN_C2_LIMIT,0.064437,1.7
6544,40000.0,0.02,greedy,ZYZZYVA,8.0,1.0,0.06,1,1,1,FINALIZED_WITHIN_C2_LIMIT,0.050291,1.841
6545,40000.0,0.02,greedy,ZYZZYVA,8.0,1.0,0.06,1,1,1,FINALIZED_WITHIN_C2_LIMIT,0.062877,1.821
6546,40000.0,0.02,greedy,ZYZZYVA,8.0,1.0,0.06,1,1,1,FINALIZED_WITHIN_C2_LIMIT,0.070634,1.97
6547,40000.0,0.02,greedy,ZYZZYVA,8.0,1.0,0.06,1,1,1,FINALIZED_WITHIN_C2_LIMIT,0.046789,1.791
6548,40000.0,0.02,greedy,ZYZZYVA,8.0,1.0,0.06,1,1,1,FINALIZED_WITHIN_C2_LIMIT,0.070306,1.788
6549,40000.0,0.02,greedy,ZYZZYVA,8.0,1.0,0.06,1,1,1,FINALIZED_WITHIN_C2_LIMIT,0.037661,1.816
6550,40000.0,0.02,greedy,ZYZZYVA,8.0,1.0,0.06,1,1,1,FINALIZED_WITHIN_C2_LIMIT,0.059321,1.72
6551,40000.0,0.02,greedy,ZYZZYVA,8.0,1.0,0.06,1,1,1,FINALIZED_WITHIN_C2_LIMIT,0.044104,1.86
6552,40000.0,0.02,greedy,ZYZZYVA,8.0,1.0,0.06,1,1,1,FINALIZED_WITHIN_C2_LIMIT,0.083919,1.889
6553,40000.0,0.02,greedy,ZYZZYVA,8.0,1.0,0.06,1,1,1,FINALIZED_WITHIN_C2_LIMIT,0.055756,2.092
6554,40000.0,0.02,greedy,ZYZZYVA,8.0,1.0,0.06,1,1,1,FINALIZED_WITHIN_C2_LIMIT,0.045501,1.82
6555,40000.0,0.02,greedy,ZYZZYVA,8.0,1.0,0.06,1,1,1,FINALIZED_WITHIN_C2_LIMIT,0.06512,1.743
6556,40000.0,0.02,greedy,ZYZZYVA,8.0,1.0,0.06,1,1,1,FINALIZED_WITHIN_C2_LIMIT,0.058727,1.945
6557,40000.0,0.02,greedy,ZYZZYVA,8.0,1.0,0.06,1,1,1,FINALIZED_WITHIN_C2_LIMIT,0.043358,1.961
6558,40000.0,0.02,greedy,ZYZZYVA,8.0,1.0,0.06,1,1,1,FINALIZED_WITHIN_C2_LIMIT,0.045324,2.081
6559,40000.0,0.02,greedy,ZYZZYVA,8.0,1.0,0.06,1,1,1,FINALIZED_WITHIN_C2_LIMIT,0.050035,1.874
6560,40000.0,0.02,greedy,ZYZZYVA,8.0,1.0,0.06,1,1,1,FINALIZED_WITHIN_C2_LIMIT,0.081619,1.985
6561,40000.0,0.02,greedy,ZYZZYVA,8.0,1.0,0.06,1,1,1,FINALIZED_WITHIN_C2_LIMIT,0.073283,1.868
6562,40000.0,0.02,greedy,ZYZZYVA,8.0,1.0,0.06,1,1,1,FINALIZED_WITHIN_C2_LIMIT,0.032358,1.696
6563,40000.0,0.02,greedy,ZYZZYVA,8.0,1.0,0.06,1,1,1,FINALIZED_WITHIN_C2_LIMIT,0.046399,1.91
6564,40000.0,0.02,greedy,ZYZZYVA,8.0,1.0,0.06,1,1,1,FINALIZED_WITHIN_C2_LIMIT,0.067073,1.933
6565,40000.0,0.02,greedy,ZYZZYVA,8.0,1.0,0.06,1,1,1,FINALIZED_WITHIN_C2_LIMIT,0.058133,1.827
6566,40000.0,0.02,greedy,ZYZZYVA,8.0,1.0,0.06,1,1,1,FINALIZED_WITHIN_C2_LIMIT,0.043085,1.753
6567,40000.0,0.02,greedy,ZYZZYVA,8.0,1.0,0.06,1,1,1,FINALIZED_WITHIN_C2_LIMIT,0.057266,2.043
6568,40000.0,0.02,greedy,ZYZZYVA,8.0,1.0,0.06,1,1,1,FINALIZED_WITHIN_C2_LIMIT,0.088114,2.153
6569,40000.0,0.02,greedy,ZYZZYVA,8.0,1.0,0.06,1,1,1,FINALIZED_WITHIN_C2_LIMIT,0.06929,1.728
6570,40000.0,0.02,greedy,ZYZZYVA,8.0,1.0,0.06,1,1,1,FINALIZED_WITHIN_C2_LIMIT,0.035165,1.791
6571,40000.0,0.02,greedy,ZYZZYVA,8.0,1.0,0.06,1,1,1,FINALIZED_WITHIN_C2_LIMIT,0.023986,1.859
6572,40000.0,0.02,greedy,ZYZZYVA,8.0,1.0,0.06,1,1,1,FINALIZED_WITHIN_C2_LIMIT,0.075841,1.942
6573,40000.0,0.02,greedy,ZYZZYVA,8.0,1.0,0.06,1,1,1,FINALIZED_WITHIN_C2_LIMIT,0.075501,2.014
6574,40000.0,0.02,greedy,ZYZZYVA,8.0,1.0,0.06,1,1,1,FINALIZED_WITHIN_C2_LIMIT,0.022625,1.831
6575,40000.0,0.02,greedy,ZYZZYVA,8.0,1.0,0.06,1,1,1,FINALIZED_WITHIN_C2_LIMIT,0.034579,1.793
6576,40000.0,0.02,greedy,ZYZZYVA,8.0,1.0,0.06,1,1,1,FINALIZED_WITHIN_C2_LIMIT,0.083133,2.056
6577,10000.0,0.02,explore,LIU_QUORUM,2.0,1.0,0.1982,1,1,1,FINALIZED_WITHIN_C2_LIMIT,0.069696,0.825
6578,40000.0,0.02,greedy,ZYZZYVA,8.0,1.0,0.06,1,1,1,FINALIZED_WITHIN_C2_LIMIT,0.031001,1.763
6579,40000.0,0.02,greedy,ZYZZYVA,8.0,1.0,0.06,1,1,1,FINALIZED_WITHIN_C2_LIMIT,0.044067,1.706
6580,40000.0,0.02,greedy,ZYZZYVA,8.0,1.0,0.06,1,1,1,FINALIZED_WITHIN_C2_LIMIT,0.093492,1.761
6581,40000.0,0.02,greedy,ZYZZYVA,8.0,1.0,0.06,1,1,1,FINALIZED_WITHIN_C2_LIMIT,0.084631,1.759
6582,40000.0,0.02,greedy,ZYZZYVA,8.0,1.0,0.06,1,1,1,FINALIZED_WITHIN_C2_LIMIT,0.03732,1.743
6583,40000.0,0.02,greedy,ZYZZYVA,8.0,1.0,0.06,1,1,1,FINALIZED_WITHIN_C2_LIMIT,0.033317,1.67
6584,40000.0,0.02,greedy,ZYZZYVA,8.0,1.0,0.06,1,1,1,FINALIZED_WITHIN_C2_LIMIT,0.074151,1.822
6585,40000.0,0.02,greedy,ZYZZYVA,8.0,1.0,0.06,1,1,1,FINALIZED_WITHIN_C2_LIMIT,0.074295,1.827
6586,40000.0,0.02,greedy,ZYZZYVA,8.0,1.0,0.06,1,1,1,FINALIZED_WITHIN_C2_LIMIT,0.049859,1.947
6587,40000.0,0.02,greedy,ZYZZYVA,8.0,1.0,0.06,1,1,1,FINALIZED_WITHIN_C2_LIMIT,0.078284,1.873
6588,40000.0,0.02,greedy,ZYZZYVA,8.0,1.0,0.06,1,1,1,FINALIZED_WITHIN_C2_LIMIT,0.065146,1.894
6589,40000.0,0.02,greedy,ZYZZYVA,8.0,1.0,0.06,1,1,1,FINALIZED_WITHIN_C2_LIMIT,0.072636,1.811
6590,40000.0,0.02,greedy,ZYZZYVA,8.0,1.0,0.06,1,1,1,FINALIZED_WITHIN_C2_LIMIT,0.030255,1.874
6591,40000.0,0.02,greedy,ZYZZYVA,8.0,1.0,0.06,1,1,1,FINALIZED_WITHIN_C2_LIMIT,0.023547,1.919
6592,40000.0,0.02,greedy,ZYZZYVA,8.0,1.0,0.06,1,1,1,FINALIZED_WITHIN_C2_LIMIT,0.08781,1.683
6593,40000.0,0.02,greedy,ZYZZYVA,8.0,1.0,0.06,1,1,1,FINALIZED_WITHIN_C2_LIMIT,0.06775,1.708
6594,40000.0,0.02,greedy,ZYZZYVA,8.0,1.0,0.06,1,1,1,FINALIZED_WITHIN_C2_LIMIT,0.02829,1.735
6595,40000.0,0.02,greedy,ZYZZYVA,8.0,1.0,0.06,1,1,1,FINALIZED_WITHIN_C2_LIMIT,0.018764,1.786
6596,40000.0,0.02,greedy,ZYZZYVA,8.0,1.0,0.06,1,1,1,FINALIZED_WITHIN_C2_LIMIT,0.077631,1.777
6597,40000.0,0.02,greedy,ZYZZYVA,8.0,1.0,0.06,1,1,1,FINALIZED_WITHIN_C2_LIMIT,0.076944,1.824
6598,40000.0,0.02,greedy,ZYZZYVA,8.0,1.0,0.06,1,1,1,FINALIZED_WITHIN_C2_LIMIT,0.031164,2.079
6599,40000.0,0.02,greedy,ZYZZYVA,8.0,1.0,0.06,1,1,1,FINALIZED_WITHIN_C2_LIMIT,0.038087,1.696
6600,40000.0,0.02,greedy,LIU_QUORUM,8.0,1.0,0.06,1,1,1,FINALIZED_WITHIN_C2_LIMIT,0.095375,1.817
6601,40000.0,0.02,greedy,LIU_QUORUM,8.0,1.0,0.06,1,1,1,FINALIZED_WITHIN_C2_LIMIT,0.046211,2.018
6602,40000.0,0.02,greedy,LIU_QUORUM,8.0,1.0,0.06,1,1,1,FINALIZED_WITHIN_C2_LIMIT,0.063361,2.044
6603,40000.0,0.02,greedy,LIU_QUORUM,8.0,1.0,0.06,1,1,1,FINALIZED_WITHIN_C2_LIMIT,0.097056,1.873
6604,40000.0,0.02,greedy,LIU_QUORUM,8.0,1.0,0.06,1,1,1,FINALIZED_WITHIN_C2_LIMIT,0.048592,1.989
6605,40000.0,0.02,greedy,LIU_QUORUM,8.0,1.0,0.06,1,1,1,FINALIZED_WITHIN_C2_LIMIT,0.030859,1.832
6606,40000.0,0.02,greedy,LIU_QUORUM,8.0,1.0,0.06,1,1,1,FINALIZED_WITHIN_C2_LIMIT,0.101362,1.912
6607,40000.0,0.02,greedy,LIU_QUORUM,8.0,1.0,0.06,1,1,1,FINALIZED_WITHIN_C2_LIMIT,0.070339,1.823
6608,40000.0,0.02,greedy,ZYZZYVA,8.0,1.0,0.06,1,1,1,FINALIZED_WITHIN_C2_LIMIT,0.090821,1.804
6609,40000.0,0.02,greedy,ZYZZYVA,8.0,1.0,0.06,1,1,1,FINALIZED_WITHIN_C2_LIMIT,0.136139,1.687
6610,40000.0,0.02,greedy,ZYZZYVA,8.0,1.0,0.06,1,1,1,FINALIZED_WITHIN_C2_LIMIT,0.020562,1.697
6611,40000.0,0.02,greedy,ZYZZYVA,8.0,1.0,0.06,1,1,1,FINALIZED_WITHIN_C2_LIMIT,0.025363,1.68
6612,40000.0,0.02,greedy,ZYZZYVA,8.0,1.0,0.06,1,1,1,FINALIZED_WITHIN_C2_LIMIT,0.034858,1.843
6613,40000.0,0.02,greedy,ZYZZYVA,8.0,1.0,0.06,1,1,1,FINALIZED_WITHIN_C2_LIMIT,0.030419,1.681
6614,40000.0,0.02,greedy,ZYZZYVA,8.0,1.0,0.06,1,1,1,FINALIZED_WITHIN_C2_LIMIT,0.031677,1.955
6615,3000.0,0.02,explore,LIU_QUORUM,0.6,1.0,0.1723,1,1,1,FINALIZED_WITHIN_C2_LIMIT,0.033266,0.629
6616,40000.0,0.02,greedy,ZYZZYVA,8.0,1.0,0.06,1,1,1,FINALIZED_WITHIN_C2_LIMIT,0.104531,1.906
6617,40000.0,0.02,greedy,ZYZZYVA,8.0,1.0,0.06,1,1,1,FINALIZED_WITHIN_C2_LIMIT,0.092805,1.828
6618,40000.0,0.02,greedy,ZYZZYVA,8.0,1.0,0.06,1,1,1,FINALIZED_WITHIN_C2_LIMIT,0.036867,2.251
6619,40000.0,0.02,greedy,ZYZZYVA,8.0,1.0,0.06,1,1,1,FINALIZED_WITHIN_C2_LIMIT,0.029582,2.245
6620,40000.0,0.02,greedy,ZYZZYVA,8.0,1.0,0.06,1,1,1,FINALIZED_WITHIN_C2_LIMIT,0.055008,1.982
6621,40000.0,0.02,greedy,ZYZZYVA,8.0,1.0,0.06,1,1,1,FINALIZED_WITHIN_C2_LIMIT,0.053536,2.053
6622,40000.0,0.02,greedy,ZYZZYVA,8.0,1.0,0.06,1,1,1,FINALIZED_WITHIN_C2_LIMIT,0.066681,2.378
6623,17000.0,0.02,explore,PBFT,3.4,1.0,0.0708,1,1,1,FINALIZED_WITHIN_C2_LIMIT,0.094501,1.142
6624,40000.0,0.02,greedy,ZYZZYVA,8.0,1.0,0.06,1,1,1,FINALIZED_WITHIN_C2_LIMIT,0.045579,1.806
6625,40000.0,0.02,greedy,ZYZZYVA,8.0,1.0,0.06,1,1,1,FINALIZED_WITHIN_C2_LIMIT,0.039894,1.831
6626,40000.0,0.02,greedy,ZYZZYVA,8.0,1.0,0.06,1,1,1,FINALIZED_WITHIN_C2_LIMIT,0.077964,1.841
6627,40000.0,0.02,greedy,ZYZZYVA,8.0,1.0,0.06,1,1,1,FINALIZED_WITHIN_C2_LIMIT,0.136225,1.712
6628,40000.0,0.02,greedy,ZYZZYVA,8.0,1.0,0.06,1,1,1,FINALIZED_WITHIN_C2_LIMIT,0.030914,1.895
6629,40000.0,0.02,greedy,ZYZZYVA,8.0,1.0,0.06,1,1,1,FINALIZED_WITHIN_C2_LIMIT,0.02652,1.961
6630,40000.0,0.02,greedy,ZYZZYVA,8.0,1.0,0.06,1,1,1,FINALIZED_WITHIN_C2_LIMIT,0.142446,2.009
6631,40000.0,0.02,greedy,ZYZZYVA,8.0,1.0,0.06,1,1,1,FINALIZED_WITHIN_C2_LIMIT,0.120649,1.812
6632,40000.0,0.02,greedy,LIU_QUORUM,8.0,1.0,0.06,1,1,1,FINALIZED_WITHIN_C2_LIMIT,0.048457,2.242
6633,40000.0,0.02,greedy,LIU_QUORUM,8.0,1.0,0.06,1,1,1,FINALIZED_WITHIN_C2_LIMIT,0.048032,2.008
6634,40000.0,0.02,greedy,LIU_QUORUM,8.0,1.0,0.06,1,1,1,FINALIZED_WITHIN_C2_LIMIT,0.025027,2.164
6635,40000.0,0.02,greedy,LIU_QUORUM,8.0,1.0,0.06,1,1,1,FINALIZED_WITHIN_C2_LIMIT,0.033015,1.86
6636,40000.0,0.02,greedy,LIU_QUORUM,8.0,1.0,0.06,1,1,1,FINALIZED_WITHIN_C2_LIMIT,0.056013,2.188
6637,40000.0,0.02,greedy,LIU_QUORUM,8.0,1.0,0.06,1,1,1,FINALIZED_WITHIN_C2_LIMIT,0.022139,1.921
6638,40000.0,0.02,greedy,ZYZZYVA,8.0,1.0,0.06,1,1,1,FINALIZED_WITHIN_C2_LIMIT,0.226,2.041
6639,40000.0,0.02,greedy,ZYZZYVA,8.0,1.0,0.06,1,1,1,FINALIZED_WITHIN_C2_LIMIT,0.291802,2.225
6640,40000.0,0.02,greedy,ZYZZYVA,8.0,1.0,0.06,1,1,1,FINALIZED_WITHIN_C2_LIMIT,0.080342,1.99
6641,40000.0,0.02,greedy,ZYZZYVA,8.0,1.0,0.06,1,1,1,FINALIZED_WITHIN_C2_LIMIT,0.16049,1.854
6642,40000.0,0.02,greedy,ZYZZYVA,8.0,1.0,0.06,1,1,1,FINALIZED_WITHIN_C2_LIMIT,0.291806,1.863
6643,40000.0,0.02,greedy,ZYZZYVA,8.0,1.0,0.06,1,1,1,FINALIZED_WITHIN_C2_LIMIT,0.172518,1.649
6644,40000.0,0.02,greedy,ZYZZYVA,8.0,1.0,0.06,1,1,1,FINALIZED_WITHIN_C2_LIMIT,0.040089,2.227
6645,40000.0,0.02,greedy,ZYZZYVA,8.0,1.0,0.06,1,1,1,FINALIZED_WITHIN_C2_LIMIT,0.08383,1.663
6646,40000.0,0.02,greedy,ZYZZYVA,8.0,1.0,0.06,1,1,1,FINALIZED_WITHIN_C2_LIMIT,0.027088,1.712
6647,40000.0,0.02,greedy,ZYZZYVA,8.0,1.0,0.06,1,1,1,FINALIZED_WITHIN_C2_LIMIT,0.118311,1.745
6648,40000.0,0.02,greedy,ZYZZYVA,8.0,1.0,0.06,1,1,1,FINALIZED_WITHIN_C2_LIMIT,0.045668,1.719
6649,37000.0,0.02,explore,ZYZZYVA,7.4,1.0,0.0288,1,1,1,FINALIZED_WITHIN_C2_LIMIT,0.060932,1.921
6650,40000.0,0.02,greedy,ZYZZYVA,8.0,1.0,0.06,1,1,1,FINALIZED_WITHIN_C2_LIMIT,0.105591,1.886
6651,40000.0,0.02,greedy,ZYZZYVA,8.0,1.0,0.06,1,1,1,FINALIZED_WITHIN_C2_LIMIT,0.016831,1.791
6652,40000.0,0.02,greedy,LIU_QUORUM,8.0,1.0,0.06,1,1,1,FINALIZED_WITHIN_C2_LIMIT,0.066485,1.861
6653,40000.0,0.02,greedy,LIU_QUORUM,8.0,1.0,0.06,1,1,1,FINALIZED_WITHIN_C2_LIMIT,0.023947,1.755
6654,40000.0,0.02,greedy,LIU_QUORUM,8.0,1.0,0.06,1,1,1,FINALIZED_WITHIN_C2_LIMIT,0.120746,1.745
6655,40000.0,0.02,greedy,LIU_QUORUM,8.0,1.0,0.06,1,1,1,FINALIZED_WITHIN_C2_LIMIT,0.153056,1.632
6656,40000.0,0.02,greedy,LIU_QUORUM,8.0,1.0,0.06,1,1,1,FINALIZED_WITHIN_C2_LIMIT,0.037133,2.083
6657,40000.0,0.02,greedy,LIU_QUORUM,8.0,1.0,0.06,1,1,1,FINALIZED_WITHIN_C2_LIMIT,0.21003,2.02
6658,40000.0,0.02,greedy,LIU_QUORUM,8.0,1.0,0.06,1,1,1,FINALIZED_WITHIN_C2_LIMIT,0.496012,1.902
6659,40000.0,0.02,greedy,LIU_QUORUM,8.0,1.0,0.06,1,1,1,FINALIZED_WITHIN_C2_LIMIT,0.238125,1.704
6660,40000.0,0.02,greedy,LIU_QUORUM,8.0,1.0,0.06,1,1,1,FINALIZED_WITHIN_C2_LIMIT,0.024324,2.015
6661,40000.0,0.02,greedy,LIU_QUORUM,8.0,1.0,0.06,1,1,1,FINALIZED_WITHIN_C2_LIMIT,0.297583,1.744
6662,40000.0,0.02,greedy,ZYZZYVA,8.0,1.0,0.06,1,1,1,FINALIZED_WITHIN_C2_LIMIT,0.60695,1.93
6663,40000.0,0.02,greedy,ZYZZYVA,8.0,1.0,0.06,1,1,1,FINALIZED_WITHIN_C2_LIMIT,0.308632,1.68
6664,40000.0,0.02,greedy,ZYZZYVA,8.0,1.0,0.06,1,1,1,FINALIZED_WITHIN_C2_LIMIT,0.024223,1.856
6665,40000.0,0.02,greedy,ZYZZYVA,8.0,1.0,0.06,1,1,1,FINALIZED_WITHIN_C2_LIMIT,0.466873,2.056
6666,40000.0,0.02,greedy,ZYZZYVA,8.0,1.0,0.06,1,1,1,FINALIZED_WITHIN_C2_LIMIT,1.166677,1.952
6667,40000.0,0.02,greedy,ZYZZYVA,8.0,1.0,0.06,1,1,1,FINALIZED_WITHIN_C2_LIMIT,1.095693,1.823
6668,40000.0,0.02,greedy,ZYZZYVA,8.0,1.0,0.06,1,1,1,FINALIZED_WITHIN_C2_LIMIT,0.571513,1.767
6669,40000.0,0.02,greedy,ZYZZYVA,8.0,1.0,0.06,1,1,1,FINALIZED_WITHIN_C2_LIMIT,0.029924,1.741
6670,40000.0,0.02,greedy,ZYZZYVA,8.0,1.0,0.06,1,1,1,FINALIZED_WITHIN_C2_LIMIT,0.585389,1.944
6671,40000.0,0.02,greedy,ZYZZYVA,8.0,1.0,0.06,1,1,1,FINALIZED_WITHIN_C2_LIMIT,1.431984,1.875
6672,40000.0,0.02,greedy,ZYZZYVA,8.0,1.0,0.06,1,1,1,FINALIZED_WITHIN_C2_LIMIT,1.689002,1.976
6673,40000.0,0.02,greedy,ZYZZYVA,8.0,1.0,0.06,1,1,1,FINALIZED_WITHIN_C2_LIMIT,1.269103,1.684
6674,40000.0,0.02,greedy,ZYZZYVA,8.0,1.0,0.06,1,1,1,FINALIZED_WITHIN_C2_LIMIT,0.279234,1.894
6675,40000.0,0.02,greedy,ZYZZYVA,8.0,1.0,0.06,1,1,1,FINALIZED_WITHIN_C2_LIMIT,0.093348,1.763
6676,40000.0,0.02,greedy,ZYZZYVA,8.0,1.0,0.06,1,1,1,FINALIZED_WITHIN_C2_LIMIT,0.470284,1.668
6677,40000.0,0.02,greedy,ZYZZYVA,8.0,1.0,0.06,1,1,1,FINALIZED_WITHIN_C2_LIMIT,0.51204,1.869
6678,40000.0,0.02,greedy,ZYZZYVA,8.0,1.0,0.06,1,1,1,FINALIZED_WITHIN_C2_LIMIT,0.189704,1.992
6679,40000.0,0.02,greedy,ZYZZYVA,8.0,1.0,0.06,1,1,1,FINALIZED_WITHIN_C2_LIMIT,0.037601,1.705
6680,40000.0,0.02,greedy,ZYZZYVA,8.0,1.0,0.06,1,1,1,FINALIZED_WITHIN_C2_LIMIT,0.117916,2.076
6681,40000.0,0.02,greedy,ZYZZYVA,8.0,1.0,0.06,1,1,1,FINALIZED_WITHIN_C2_LIMIT,0.067815,1.925
6682,40000.0,0.02,greedy,ZYZZYVA,8.0,1.0,0.06,1,1,1,FINALIZED_WITHIN_C2_LIMIT,0.079941,1.996
6683,40000.0,0.02,greedy,ZYZZYVA,8.0,1.0,0.06,1,1,1,FINALIZED_WITHIN_C2_LIMIT,0.162279,1.726
6684,40000.0,0.02,greedy,ZYZZYVA,8.0,1.0,0.06,1,1,1,FINALIZED_WITHIN_C2_LIMIT,0.048438,1.788
6685,40000.0,0.02,greedy,ZYZZYVA,8.0,1.0,0.06,1,1,1,FINALIZED_WITHIN_C2_LIMIT,0.187069,1.886
6686,40000.0,0.02,greedy,ZYZZYVA,8.0,1.0,0.06,1,1,1,FINALIZED_WITHIN_C2_LIMIT,0.330854,1.762
6687,40000.0,0.02,greedy,ZYZZYVA,8.0,1.0,0.06,1,1,1,FINALIZED_WITHIN_C2_LIMIT,0.173495,1.868
6688,40000.0,0.02,greedy,ZYZZYVA,8.0,1.0,0.06,1,1,1,FINALIZED_WITHIN_C2_LIMIT,0.032135,1.865
6689,40000.0,0.02,greedy,ZYZZYVA,8.0,1.0,0.06,1,1,1,FINALIZED_WITHIN_C2_LIMIT,0.05073,1.655
6690,40000.0,0.02,greedy,ZYZZYVA,8.0,1.0,0.06,1,1,1,FINALIZED_WITHIN_C2_LIMIT,0.034157,1.966
6691,40000.0,0.02,greedy,LIU_QUORUM,8.0,1.0,0.06,1,1,1,FINALIZED_WITHIN_C2_LIMIT,0.046174,1.768
6692,40000.0,0.02,greedy,LIU_QUORUM,8.0,1.0,0.06,1,1,1,FINALIZED_WITHIN_C2_LIMIT,0.041284,1.91
6693,40000.0,0.02,greedy,LIU_QUORUM,8.0,1.0,0.06,1,1,1,FINALIZED_WITHIN_C2_LIMIT,0.028787,1.839
6694,40000.0,0.02,greedy,LIU_QUORUM,8.0,1.0,0.06,1,1,1,FINALIZED_WITHIN_C2_LIMIT,0.15968,2.106
6695,40000.0,0.02,greedy,LIU_QUORUM,8.0,1.0,0.06,1,1,1,FINALIZED_WITHIN_C2_LIMIT,0.163076,1.763
6696,40000.0,0.02,greedy,LIU_QUORUM,8.0,1.0,0.06,1,1,1,FINALIZED_WITHIN_C2_LIMIT,0.029921,2.095
6697,40000.0,0.02,greedy,LIU_QUORUM,8.0,1.0,0.06,1,1,1,FINALIZED_WITHIN_C2_LIMIT,0.250439,1.914
6698,40000.0,0.02,greedy,LIU_QUORUM,8.0,1.0,0.06,1,1,1,FINALIZED_WITHIN_C2_LIMIT,0.564859,2.124
6699,40000.0,0.02,greedy,LIU_QUORUM,8.0,1.0,0.06,1,1,1,FINALIZED_WITHIN_C2_LIMIT,0.022213,2.038
6700,40000.0,0.02,greedy,LIU_QUORUM,8.0,1.0,0.06,1,1,1,FINALIZED_WITHIN_C2_LIMIT,0.201643,1.821
6701,1000.0,0.02,explore,ZYZZYVA,0.2,1.0,0.0299,1,1,1,FINALIZED_WITHIN_C2_LIMIT,0.281121,0.364
6702,40000.0,0.02,greedy,LIU_QUORUM,8.0,1.0,0.06,1,1,1,FINALIZED_WITHIN_C2_LIMIT,0.096213,1.926
6703,40000.0,0.02,greedy,LIU_QUORUM,8.0,1.0,0.06,1,1,1,FINALIZED_WITHIN_C2_LIMIT,0.153804,2.263
6704,40000.0,0.02,greedy,LIU_QUORUM,8.0,1.0,0.06,1,1,1,FINALIZED_WITHIN_C2_LIMIT,0.252597,1.959
6705,40000.0,0.02,greedy,LIU_QUORUM,8.0,1.0,0.06,1,1,1,FINALIZED_WITHIN_C2_LIMIT,0.111681,1.969
6706,40000.0,0.02,greedy,LIU_QUORUM,8.0,1.0,0.06,1,1,1,FINALIZED_WITHIN_C2_LIMIT,0.077156,1.951
6707,40000.0,0.02,greedy,LIU_QUORUM,8.0,1.0,0.06,1,1,1,FINALIZED_WITHIN_C2_LIMIT,0.110433,2.019
6708,40000.0,0.02,greedy,LIU_QUORUM,8.0,1.0,0.06,1,1,1,FINALIZED_WITHIN_C2_LIMIT,0.02232,1.93
6709,40000.0,0.02,greedy,ZYZZYVA,8.0,1.0,0.06,1,1,1,FINALIZED_WITHIN_C2_LIMIT,0.228384,2.094
6710,40000.0,0.02,greedy,ZYZZYVA,8.0,1.0,0.06,1,1,1,FINALIZED_WITHIN_C2_LIMIT,0.370469,1.891
6711,40000.0,0.02,greedy,ZYZZYVA,8.0,1.0,0.06,1,1,1,FINALIZED_WITHIN_C2_LIMIT,0.223661,1.971
6712,40000.0,0.02,greedy,ZYZZYVA,8.0,1.0,0.06,1,1,1,FINALIZED_WITHIN_C2_LIMIT,0.0293,1.767
6713,40000.0,0.02,greedy,ZYZZYVA,8.0,1.0,0.06,1,1,1,FINALIZED_WITHIN_C2_LIMIT,0.051807,1.843
6714,40000.0,0.02,greedy,ZYZZYVA,8.0,1.0,0.06,1,1,1,FINALIZED_WITHIN_C2_LIMIT,0.04503,2.037
6715,40000.0,0.02,greedy,ZYZZYVA,8.0,1.0,0.06,1,1,1,FINALIZED_WITHIN_C2_LIMIT,0.024062,1.893
6716,40000.0,0.02,greedy,ZYZZYVA,8.0,1.0,0.06,1,1,1,FINALIZED_WITHIN_C2_LIMIT,0.028023,1.88
6717,40000.0,0.02,greedy,ZYZZYVA,8.0,1.0,0.06,1,1,1,FINALIZED_WITHIN_C2_LIMIT,0.017503,1.941
6718,5000.0,0.02,explore,PBFT,1.0,1.0,0.0702,1,1,1,FINALIZED_WITHIN_C2_LIMIT,0.047162,0.646
6719,40000.0,0.02,greedy,ZYZZYVA,8.0,1.0,0.06,1,1,1,FINALIZED_WITHIN_C2_LIMIT,0.0231,2.139
6720,40000.0,0.02,greedy,ZYZZYVA,8.0,1.0,0.06,1,1,1,FINALIZED_WITHIN_C2_LIMIT,0.185296,1.973
6721,40000.0,0.02,greedy,ZYZZYVA,8.0,1.0,0.06,1,1,1,FINALIZED_WITHIN_C2_LIMIT,0.287822,2.198
6722,40000.0,0.02,greedy,ZYZZYVA,8.0,1.0,0.06,1,1,1,FINALIZED_WITHIN_C2_LIMIT,0.077246,1.923
6723,40000.0,0.02,greedy,ZYZZYVA,8.0,1.0,0.06,1,1,1,FINALIZED_WITHIN_C2_LIMIT,0.1177,1.974
6724,40000.0,0.02,greedy,ZYZZYVA,8.0,1.0,0.06,1,1,1,FINALIZED_WITHIN_C2_LIMIT,0.214114,1.89
6725,40000.0,0.02,greedy,LIU_QUORUM,8.0,1.0,0.06,1,1,1,FINALIZED_WITHIN_C2_LIMIT,0.088213,1.864
6726,40000.0,0.02,greedy,LIU_QUORUM,8.0,1.0,0.06,1,1,1,FINALIZED_WITHIN_C2_LIMIT,0.039839,2.067
6727,40000.0,0.02,greedy,LIU_QUORUM,8.0,1.0,0.06,1,1,1,FINALIZED_WITHIN_C2_LIMIT,0.0741,2.071
6728,40000.0,0.02,greedy,LIU_QUORUM,8.0,1.0,0.06,1,1,1,FINALIZED_WITHIN_C2_LIMIT,0.012968,2.155
6729,40000.0,0.02,greedy,LIU_QUORUM,8.0,1.0,0.06,1,1,1,FINALIZED_WITHIN_C2_LIMIT,0.122619,2.108
6730,40000.0,0.02,greedy,LIU_QUORUM,8.0,1.0,0.06,1,1,1,FINALIZED_WITHIN_C2_LIMIT,0.147389,1.98
6731,40000.0,0.02,greedy,LIU_QUORUM,8.0,1.0,0.06,1,1,1,FINALIZED_WITHIN_C2_LIMIT,0.049762,1.992
6732,40000.0,0.02,greedy,LIU_QUORUM,8.0,1.0,0.06,1,1,1,FINALIZED_WITHIN_C2_LIMIT,0.277818,1.786
6733,40000.0,0.02,greedy,LIU_QUORUM,8.0,1.0,0.06,1,1,1,FINALIZED_WITHIN_C2_LIMIT,0.513616,2.086
6734,40000.0,0.02,greedy,LIU_QUORUM,8.0,1.0,0.06,1,1,1,FINALIZED_WITHIN_C2_LIMIT,0.349991,1.848
6735,40000.0,0.02,greedy,LIU_QUORUM,8.0,1.0,0.06,1,1,1,FINALIZED_WITHIN_C2_LIMIT,0.036786,2.172
6736,40000.0,0.02,greedy,LIU_QUORUM,8.0,1.0,0.06,1,1,1,FINALIZED_WITHIN_C2_LIMIT,0.301802,2.011
6737,40000.0,0.02,greedy,LIU_QUORUM,8.0,1.0,0.06,1,1,1,FINALIZED_WITHIN_C2_LIMIT,0.876454,2.168
6738,40000.0,0.02,greedy,LIU_QUORUM,8.0,1.0,0.06,1,1,1,FINALIZED_WITHIN_C2_LIMIT,0.783283,1.852
6739,40000.0,0.02,greedy,LIU_QUORUM,8.0,1.0,0.06,1,1,1,FINALIZED_WITHIN_C2_LIMIT,0.29647,1.857
6740,40000.0,0.02,greedy,LIU_QUORUM,8.0,1.0,0.06,1,1,1,FINALIZED_WITHIN_C2_LIMIT,0.035147,1.975
6741,40000.0,0.02,greedy,LIU_QUORUM,8.0,1.0,0.06,1,1,1,FINALIZED_WITHIN_C2_LIMIT,0.15787,1.857
6742,40000.0,0.02,greedy,LIU_QUORUM,8.0,1.0,0.06,1,1,1,FINALIZED_WITHIN_C2_LIMIT,0.094265,1.919
6743,40000.0,0.02,greedy,LIU_QUORUM,8.0,1.0,0.06,1,1,1,FINALIZED_WITHIN_C2_LIMIT,0.085052,1.905
6744,40000.0,0.02,greedy,ZYZZYVA,8.0,1.0,0.06,1,1,1,FINALIZED_WITHIN_C2_LIMIT,0.057694,2.053
6745,40000.0,0.02,greedy,ZYZZYVA,8.0,1.0,0.06,1,1,1,FINALIZED_WITHIN_C2_LIMIT,0.040489,2.278
6746,40000.0,0.02,greedy,ZYZZYVA,8.0,1.0,0.06,1,1,1,FINALIZED_WITHIN_C2_LIMIT,0.01812,2.024
6747,40000.0,0.02,greedy,ZYZZYVA,8.0,1.0,0.06,1,1,1,FINALIZED_WITHIN_C2_LIMIT,0.012642,2.248
6748,40000.0,0.02,greedy,ZYZZYVA,8.0,1.0,0.06,1,1,1,FINALIZED_WITHIN_C2_LIMIT,0.072729,1.975
6749,40000.0,0.02,greedy,LIU_QUORUM,8.0,1.0,0.06,1,1,1,FINALIZED_WITHIN_C2_LIMIT,0.029502,2.026
6750,40000.0,0.02,greedy,ZYZZYVA,8.0,1.0,0.06,1,1,1,FINALIZED_WITHIN_C2_LIMIT,0.122505,1.88
6751,40000.0,0.02,greedy,ZYZZYVA,8.0,1.0,0.06,1,1,1,FINALIZED_WITHIN_C2_LIMIT,0.156933,2.058
6752,40000.0,0.02,greedy,LIU_QUORUM,8.0,1.0,0.06,1,1,1,FINALIZED_WITHIN_C2_LIMIT,0.047306,2.022
6753,40000.0,0.02,greedy,LIU_QUORUM,8.0,1.0,0.06,1,1,1,FINALIZED_WITHIN_C2_LIMIT,0.258389,2.101
6754,40000.0,0.02,greedy,LIU_QUORUM,8.0,1.0,0.06,1,1,1,FINALIZED_WITHIN_C2_LIMIT,0.427423,2.31
6755,40000.0,0.02,greedy,LIU_QUORUM,8.0,1.0,0.06,1,1,1,FINALIZED_WITHIN_C2_LIMIT,0.242754,2.218
6756,40000.0,0.02,greedy,LIU_QUORUM,8.0,1.0,0.06,1,1,1,FINALIZED_WITHIN_C2_LIMIT,0.02995,2.254
6757,40000.0,0.02,greedy,LIU_QUORUM,8.0,1.0,0.06,1,1,1,FINALIZED_WITHIN_C2_LIMIT,0.324854,2.196
6758,40000.0,0.02,greedy,LIU_QUORUM,8.0,1.0,0.06,1,1,1,FINALIZED_WITHIN_C2_LIMIT,0.602492,2.272
6759,40000.0,0.02,greedy,LIU_QUORUM,8.0,1.0,0.06,1,1,1,FINALIZED_WITHIN_C2_LIMIT,0.38163,2.094
6760,40000.0,0.02,greedy,LIU_QUORUM,8.0,1.0,0.06,1,1,1,FINALIZED_WITHIN_C2_LIMIT,0.059666,1.981
6761,40000.0,0.02,greedy,LIU_QUORUM,8.0,1.0,0.06,1,1,1,FINALIZED_WITHIN_C2_LIMIT,0.289408,2.046
6762,40000.0,0.02,greedy,LIU_QUORUM,8.0,1.0,0.06,1,1,1,FINALIZED_WITHIN_C2_LIMIT,0.765242,1.907
6763,40000.0,0.02,greedy,LIU_QUORUM,8.0,1.0,0.06,1,1,1,FINALIZED_WITHIN_C2_LIMIT,0.729636,2.047
6764,40000.0,0.02,greedy,LIU_QUORUM,8.0,1.0,0.06,1,1,1,FINALIZED_WITHIN_C2_LIMIT,0.205733,1.965
6765,40000.0,0.02,greedy,LIU_QUORUM,8.0,1.0,0.06,1,1,1,FINALIZED_WITHIN_C2_LIMIT,0.038797,1.981
6766,40000.0,0.02,greedy,LIU_QUORUM,8.0,1.0,0.0727,1,1,1,FINALIZED_WITHIN_C2_LIMIT,0.176146,1.877
6767,40000.0,0.02,greedy,LIU_QUORUM,8.0,1.0,0.06,1,1,1,FINALIZED_WITHIN_C2_LIMIT,0.098646,1.947
6768,40000.0,0.02,greedy,LIU_QUORUM,8.0,1.0,0.06,1,1,1,FINALIZED_WITHIN_C2_LIMIT,0.018388,1.821
6769,40000.0,0.02,greedy,LIU_QUORUM,8.0,1.0,0.06,1,1,1,FINALIZED_WITHIN_C2_LIMIT,0.045425,2.042
6770,40000.0,0.02,greedy,LIU_QUORUM,8.0,1.0,0.06,1,1,1,FINALIZED_WITHIN_C2_LIMIT,0.030729,1.927
6771,40000.0,0.02,greedy,LIU_QUORUM,8.0,1.0,0.06,1,1,1,FINALIZED_WITHIN_C2_LIMIT,0.021786,1.827
6772,40000.0,0.02,greedy,LIU_QUORUM,8.0,1.0,0.06,1,1,1,FINALIZED_WITHIN_C2_LIMIT,0.139002,1.777
6773,40000.0,0.02,greedy,ZYZZYVA,8.0,1.0,0.06,1,1,1,FINALIZED_WITHIN_C2_LIMIT,0.151711,2.001
6774,40000.0,0.02,greedy,ZYZZYVA,8.0,1.0,0.06,1,1,1,FINALIZED_WITHIN_C2_LIMIT,0.02072,1.884
6775,40000.0,0.02,greedy,ZYZZYVA,8.0,1.0,0.06,1,1,1,FINALIZED_WITHIN_C2_LIMIT,0.252307,1.921
6776,40000.0,0.02,greedy,ZYZZYVA,8.0,1.0,0.0727,1,1,1,FINALIZED_WITHIN_C2_LIMIT,0.471484,2.088
6777,40000.0,0.02,greedy,ZYZZYVA,8.0,1.0,0.06,1,1,1,FINALIZED_WITHIN_C2_LIMIT,0.319256,1.93
6778,40000.0,0.02,greedy,ZYZZYVA,8.0,1.0,0.06,1,1,1,FINALIZED_WITHIN_C2_LIMIT,0.02949,1.81
6779,40000.0,0.02,greedy,ZYZZYVA,8.0,1.0,0.06,1,1,1,FINALIZED_WITHIN_C2_LIMIT,0.361398,2.168
6780,40000.0,0.02,greedy,ZYZZYVA,8.0,1.0,0.06,1,1,1,FINALIZED_WITHIN_C2_LIMIT,0.836471,1.962
6781,40000.0,0.02,greedy,ZYZZYVA,8.0,1.0,0.06,1,1,1,FINALIZED_WITHIN_C2_LIMIT,0.917809,1.991
6782,40000.0,0.02,greedy,ZYZZYVA,8.0,1.0,0.06,1,1,1,FINALIZED_WITHIN_C2_LIMIT,0.329714,2.128
6783,40000.0,0.02,greedy,ZYZZYVA,8.0,1.0,0.06,1,1,1,FINALIZED_WITHIN_C2_LIMIT,0.017325,1.971
6784,40000.0,0.02,greedy,ZYZZYVA,8.0,1.0,0.06,1,1,1,FINALIZED_WITHIN_C2_LIMIT,0.108258,2.047
6785,40000.0,0.02,greedy,ZYZZYVA,8.0,1.0,0.06,1,1,1,FINALIZED_WITHIN_C2_LIMIT,0.089599,2.121
6786,14000.0,0.02,explore,PBFT,2.8,1.0,0.0715,1,1,1,FINALIZED_WITHIN_C2_LIMIT,0.057126,0.971
6787,40000.0,0.02,greedy,ZYZZYVA,8.0,1.0,0.06,1,1,1,FINALIZED_WITHIN_C2_LIMIT,0.071912,1.87
6788,40000.0,0.02,greedy,ZYZZYVA,8.0,1.0,0.0727,1,1,1,FINALIZED_WITHIN_C2_LIMIT,0.03511,1.71
6789,40000.0,0.02,greedy,ZYZZYVA,8.0,1.0,0.0727,1,1,1,FINALIZED_WITHIN_C2_LIMIT,0.226922,2.029
6790,40000.0,0.02,greedy,ZYZZYVA,8.0,1.0,0.0727,1,1,1,FINALIZED_WITHIN_C2_LIMIT,0.300802,1.957
6791,40000.0,0.02,greedy,ZYZZYVA,8.0,1.0,0.06,1,1,1,FINALIZED_WITHIN_C2_LIMIT,0.087741,2.123
6792,40000.0,0.02,greedy,ZYZZYVA,8.0,1.0,0.06,1,1,1,FINALIZED_WITHIN_C2_LIMIT,0.123805,1.759
6793,40000.0,0.02,greedy,ZYZZYVA,8.0,1.0,0.06,1,1,1,FINALIZED_WITHIN_C2_LIMIT,0.274132,2.056
6794,40000.0,0.02,greedy,ZYZZYVA,8.0,1.0,0.06,1,1,1,FINALIZED_WITHIN_C2_LIMIT,0.123125,1.75
6795,40000.0,0.02,greedy,ZYZZYVA,8.0,1.0,0.06,1,1,1,FINALIZED_WITHIN_C2_LIMIT,0.047198,2.011
6796,40000.0,0.02,greedy,ZYZZYVA,8.0,1.0,0.06,1,1,1,FINALIZED_WITHIN_C2_LIMIT,0.084318,1.943
6797,40000.0,0.02,greedy,ZYZZYVA,8.0,1.0,0.06,1,1,1,FINALIZED_WITHIN_C2_LIMIT,0.033015,1.661
6798,40000.0,0.02,greedy,ZYZZYVA,8.0,1.0,0.06,1,1,1,FINALIZED_WITHIN_C2_LIMIT,0.022786,1.824
6799,40000.0,0.02,greedy,ZYZZYVA,8.0,1.0,0.06,1,1,1,FINALIZED_WITHIN_C2_LIMIT,0.020598,1.828
6800,40000.0,0.02,greedy,ZYZZYVA,8.0,1.0,0.06,1,1,1,FINALIZED_WITHIN_C2_LIMIT,0.320963,1.864
6801,40000.0,0.02,greedy,LIU_QUORUM,8.0,1.0,0.0727,1,1,1,FINALIZED_WITHIN_C2_LIMIT,0.55116,1.712
6802,40000.0,0.02,greedy,LIU_QUORUM,8.0,1.0,0.0727,1,1,1,FINALIZED_WITHIN_C2_LIMIT,0.350223,1.762
6803,40000.0,0.02,greedy,LIU_QUORUM,8.0,1.0,0.06,1,1,1,FINALIZED_WITHIN_C2_LIMIT,0.037568,1.995
6804,40000.0,0.02,greedy,LIU_QUORUM,8.0,1.0,0.06,1,1,1,FINALIZED_WITHIN_C2_LIMIT,0.367592,1.803
6805,40000.0,0.02,greedy,LIU_QUORUM,8.0,1.0,0.06,1,1,1,FINALIZED_WITHIN_C2_LIMIT,0.866636,1.797
6806,40000.0,0.02,greedy,LIU_QUORUM,8.0,1.0,0.06,1,1,1,FINALIZED_WITHIN_C2_LIMIT,0.827158,1.813
6807,40000.0,0.02,greedy,LIU_QUORUM,8.0,1.0,0.06,1,1,1,FINALIZED_WITHIN_C2_LIMIT,0.402653,1.831
6808,40000.0,0.02,greedy,LIU_QUORUM,8.0,1.0,0.06,1,1,1,FINALIZED_WITHIN_C2_LIMIT,0.021664,1.822
6809,40000.0,0.02,greedy,LIU_QUORUM,8.0,1.0,0.06,1,1,1,FINALIZED_WITHIN_C2_LIMIT,0.094711,1.883
6810,40000.0,0.02,greedy,LIU_QUORUM,8.0,1.0,0.06,1,1,1,FINALIZED_WITHIN_C2_LIMIT,0.055694,1.804
6811,40000.0,0.02,greedy,LIU_QUORUM,8.0,1.0,0.06,1,1,1,FINALIZED_WITHIN_C2_LIMIT,0.089949,1.703
6812,40000.0,0.02,greedy,LIU_QUORUM,8.0,1.0,0.06,1,1,1,FINALIZED_WITHIN_C2_LIMIT,0.11645,1.74
6813,40000.0,0.02,greedy,LIU_QUORUM,8.0,1.0,0.06,1,1,1,FINALIZED_WITHIN_C2_LIMIT,0.022925,1.732
6814,40000.0,0.02,greedy,LIU_QUORUM,8.0,1.0,0.06,1,1,1,FINALIZED_WITHIN_C2_LIMIT,0.273718,1.811
6815,40000.0,0.02,greedy,LIU_QUORUM,8.0,1.0,0.06,1,1,1,FINALIZED_WITHIN_C2_LIMIT,0.511676,1.831
6816,40000.0,0.02,greedy,LIU_QUORUM,8.0,1.0,0.06,1,1,1,FINALIZED_WITHIN_C2_LIMIT,0.303762,1.946
6817,40000.0,0.02,greedy,LIU_QUORUM,8.0,1.0,0.06,1,1,1,FINALIZED_WITHIN_C2_LIMIT,0.03474,2.07
6818,40000.0,0.02,greedy,LIU_QUORUM,8.0,1.0,0.06,1,1,1,FINALIZED_WITHIN_C2_LIMIT,0.398344,1.883
6819,40000.0,0.02,greedy,LIU_QUORUM,8.0,1.0,0.06,1,1,1,FINALIZED_WITHIN_C2_LIMIT,0.966326,1.91
6820,40000.0,0.02,greedy,ZYZZYVA,8.0,1.0,0.06,1,1,1,FINALIZED_WITHIN_C2_LIMIT,0.953094,1.837
6821,40000.0,0.02,greedy,ZYZZYVA,8.0,1.0,0.06,1,1,1,FINALIZED_WITHIN_C2_LIMIT,0.422985,1.849
6822,40000.0,0.02,greedy,ZYZZYVA,8.0,1.0,0.06,1,1,1,FINALIZED_WITHIN_C2_LIMIT,0.015875,1.968
6823,40000.0,0.02,greedy,ZYZZYVA,8.0,1.0,0.06,1,1,1,FINALIZED_WITHIN_C2_LIMIT,0.309828,1.966
6824,40000.0,0.02,greedy,ZYZZYVA,8.0,1.0,0.0727,1,1,1,FINALIZED_WITHIN_C2_LIMIT,0.490252,2.057
6825,40000.0,0.02,greedy,ZYZZYVA,8.0,1.0,0.06,1,1,1,FINALIZED_WITHIN_C2_LIMIT,0.291282,2.022
6826,40000.0,0.02,greedy,ZYZZYVA,8.0,1.0,0.06,1,1,1,FINALIZED_WITHIN_C2_LIMIT,0.021398,2.236
6827,40000.0,0.02,greedy,ZYZZYVA,8.0,1.0,0.06,1,1,1,FINALIZED_WITHIN_C2_LIMIT,0.470427,2.004
6828,40000.0,0.02,greedy,ZYZZYVA,8.0,1.0,0.06,1,1,1,FINALIZED_WITHIN_C2_LIMIT,1.130308,1.903
6829,40000.0,0.02,greedy,ZYZZYVA,8.0,1.0,0.06,1,1,1,FINALIZED_WITHIN_C2_LIMIT,1.069438,1.791
6830,40000.0,0.02,greedy,ZYZZYVA,8.0,1.0,0.06,1,1,1,FINALIZED_WITHIN_C2_LIMIT,0.605839,1.924
6831,40000.0,0.02,greedy,ZYZZYVA,8.0,1.0,0.0727,1,1,1,FINALIZED_WITHIN_C2_LIMIT,0.028973,2.025
6832,40000.0,0.02,greedy,ZYZZYVA,8.0,1.0,0.0727,1,1,1,FINALIZED_WITHIN_C2_LIMIT,0.516498,2.125
6833,40000.0,0.02,greedy,ZYZZYVA,8.0,1.0,0.0727,1,1,1,FINALIZED_WITHIN_C2_LIMIT,1.327453,2.14
6834,40000.0,0.02,greedy,ZYZZYVA,8.0,1.0,0.0727,1,1,1,FINALIZED_WITHIN_C2_LIMIT,1.536547,2.023
6835,40000.0,0.02,greedy,ZYZZYVA,8.0,1.0,0.0727,1,1,1,FINALIZED_WITHIN_C2_LIMIT,1.037178,1.926
6836,40000.0,0.02,greedy,ZYZZYVA,8.0,1.0,0.0727,1,1,1,FINALIZED_WITHIN_C2_LIMIT,0.243811,2.04
6837,40000.0,0.02,greedy,ZYZZYVA,8.0,1.0,0.0725,1,1,1,FINALIZED_WITHIN_C2_LIMIT,0.147752,2.045
6838,40000.0,0.02,greedy,ZYZZYVA,8.0,1.0,0.0727,1,1,1,FINALIZED_WITHIN_C2_LIMIT,0.471857,1.924
6839,40000.0,0.02,greedy,ZYZZYVA,8.0,1.0,0.0727,1,1,1,FINALIZED_WITHIN_C2_LIMIT,0.566742,2.059
6840,40000.0,0.02,greedy,ZYZZYVA,8.0,1.0,0.0727,1,1,1,FINALIZED_WITHIN_C2_LIMIT,0.236451,2.037
6841,40000.0,0.02,greedy,ZYZZYVA,8.0,1.0,0.0727,1,1,1,FINALIZED_WITHIN_C2_LIMIT,0.020442,2.077
6842,40000.0,0.02,greedy,ZYZZYVA,8.0,1.0,0.0727,1,1,1,FINALIZED_WITHIN_C2_LIMIT,0.110237,2.075
6843,40000.0,0.02,greedy,ZYZZYVA,8.0,1.0,0.0727,1,1,1,FINALIZED_WITHIN_C2_LIMIT,0.040452,2.031
6844,40000.0,0.02,greedy,ZYZZYVA,8.0,1.0,0.0727,1,1,1,FINALIZED_WITHIN_C2_LIMIT,0.082705,1.99
6845,40000.0,0.02,greedy,ZYZZYVA,8.0,1.0,0.0727,1,1,1,FINALIZED_WITHIN_C2_LIMIT,0.124803,2.083
6846,40000.0,0.02,greedy,ZYZZYVA,8.0,1.0,0.0727,1,1,1,FINALIZED_WITHIN_C2_LIMIT,0.02629,2.294
6847,40000.0,0.02,greedy,ZYZZYVA,8.0,1.0,0.0727,1,1,1,FINALIZED_WITHIN_C2_LIMIT,0.187343,2.181
6848,40000.0,0.02,greedy,ZYZZYVA,8.0,1.0,0.0727,1,1,1,FINALIZED_WITHIN_C2_LIMIT,0.303479,2.048
6849,40000.0,0.02,greedy,ZYZZYVA,8.0,1.0,0.0727,1,1,1,FINALIZED_WITHIN_C2_LIMIT,0.163873,2.034
6850,40000.0,0.02,greedy,ZYZZYVA,8.0,1.0,0.0727,1,1,1,FINALIZED_WITHIN_C2_LIMIT,0.061352,1.993
6851,40000.0,0.02,greedy,ZYZZYVA,8.0,1.0,0.0727,1,1,1,FINALIZED_WITHIN_C2_LIMIT,0.042796,2.063
6852,40000.0,0.02,greedy,ZYZZYVA,8.0,1.0,0.0727,1,1,1,FINALIZED_WITHIN_C2_LIMIT,0.032451,1.923
6853,40000.0,0.02,greedy,ZYZZYVA,8.0,1.0,0.0727,1,1,1,FINALIZED_WITHIN_C2_LIMIT,0.022561,2.151
6854,40000.0,0.02,greedy,ZYZZYVA,8.0,1.0,0.0727,1,1,1,FINALIZED_WITHIN_C2_LIMIT,0.056345,2.212
6855,40000.0,0.02,greedy,ZYZZYVA,8.0,1.0,0.0727,1,1,1,FINALIZED_WITHIN_C2_LIMIT,0.021194,1.845
6856,40000.0,0.02,greedy,ZYZZYVA,8.0,1.0,0.0727,1,1,1,FINALIZED_WITHIN_C2_LIMIT,0.135584,1.95
6857,40000.0,0.02,greedy,ZYZZYVA,8.0,1.0,0.0727,1,1,1,FINALIZED_WITHIN_C2_LIMIT,0.14619,2.072
6858,40000.0,0.02,greedy,ZYZZYVA,8.0,1.0,0.0727,1,1,1,FINALIZED_WITHIN_C2_LIMIT,0.023428,1.979
6859,40000.0,0.02,greedy,ZYZZYVA,8.0,1.0,0.0727,1,1,1,FINALIZED_WITHIN_C2_LIMIT,0.233759,2.082
6860,23000.0,0.02,explore,PBFT,4.6,1.0,0.0316,1,1,1,FINALIZED_WITHIN_C2_LIMIT,0.476842,1.263
6861,40000.0,0.02,greedy,ZYZZYVA,8.0,1.0,0.0727,1,1,1,FINALIZED_WITHIN_C2_LIMIT,0.297686,1.856
6862,40000.0,0.02,greedy,ZYZZYVA,8.0,1.0,0.0727,1,1,1,FINALIZED_WITHIN_C2_LIMIT,0.031304,1.853
6863,40000.0,0.02,greedy,LIU_QUORUM,8.0,1.0,0.0727,1,1,1,FINALIZED_WITHIN_C2_LIMIT,0.405162,1.977
6864,40000.0,0.02,greedy,LIU_QUORUM,8.0,1.0,0.0727,1,1,1,FINALIZED_WITHIN_C2_LIMIT,0.886172,1.903
6865,40000.0,0.02,greedy,LIU_QUORUM,8.0,1.0,0.0727,1,1,1,FINALIZED_WITHIN_C2_LIMIT,0.799034,1.918
6866,40000.0,0.02,greedy,LIU_QUORUM,8.0,1.0,0.0727,1,1,1,FINALIZED_WITHIN_C2_LIMIT,0.329954,1.683
6867,40000.0,0.02,greedy,LIU_QUORUM,8.0,1.0,0.0727,1,1,1,FINALIZED_WITHIN_C2_LIMIT,0.05209,1.826
6868,40000.0,0.02,greedy,LIU_QUORUM,8.0,1.0,0.0727,1,1,1,FINALIZED_WITHIN_C2_LIMIT,0.080012,1.803
6869,40000.0,0.02,greedy,LIU_QUORUM,8.0,1.0,0.0727,1,1,1,FINALIZED_WITHIN_C2_LIMIT,0.06313,2.362
6870,40000.0,0.02,greedy,LIU_QUORUM,8.0,1.0,0.0727,1,1,1,FINALIZED_WITHIN_C2_LIMIT,0.071562,1.608
6871,40000.0,0.02,greedy,LIU_QUORUM,8.0,1.0,0.0727,1,1,1,FINALIZED_WITHIN_C2_LIMIT,0.100854,1.732
6872,40000.0,0.02,greedy,LIU_QUORUM,8.0,1.0,0.0727,1,1,1,FINALIZED_WITHIN_C2_LIMIT,0.017678,1.696
6873,40000.0,0.02,greedy,LIU_QUORUM,8.0,1.0,0.0727,1,1,1,FINALIZED_WITHIN_C2_LIMIT,0.315391,2.044
6874,40000.0,0.02,greedy,LIU_QUORUM,8.0,1.0,0.0727,1,1,1,FINALIZED_WITHIN_C2_LIMIT,0.479435,1.808
6875,40000.0,0.02,greedy,LIU_QUORUM,8.0,1.0,0.0727,1,1,1,FINALIZED_WITHIN_C2_LIMIT,0.316417,1.772
6876,40000.0,0.02,greedy,LIU_QUORUM,8.0,1.0,0.0727,1,1,1,FINALIZED_WITHIN_C2_LIMIT,0.051496,1.752
6877,40000.0,0.02,greedy,ZYZZYVA,8.0,1.0,0.0727,1,1,1,FINALIZED_WITHIN_C2_LIMIT,0.361399,1.897
6878,40000.0,0.02,greedy,ZYZZYVA,8.0,1.0,0.0727,1,1,1,FINALIZED_WITHIN_C2_LIMIT,0.8288,1.74
6879,40000.0,0.02,greedy,ZYZZYVA,8.0,1.0,0.0727,1,1,1,FINALIZED_WITHIN_C2_LIMIT,0.791118,1.886
6880,40000.0,0.02,greedy,ZYZZYVA,8.0,1.0,0.0727,1,1,1,FINALIZED_WITHIN_C2_LIMIT,0.29868,1.641
6881,40000.0,0.02,greedy,ZYZZYVA,8.0,1.0,0.0727,1,1,1,FINALIZED_WITHIN_C2_LIMIT,0.033928,1.838
6882,40000.0,0.02,greedy,ZYZZYVA,8.0,1.0,0.0727,1,1,1,FINALIZED_WITHIN_C2_LIMIT,0.079871,1.999
6883,40000.0,0.02,greedy,ZYZZYVA,8.0,1.0,0.0727,1,1,1,FINALIZED_WITHIN_C2_LIMIT,0.087616,2.206
6884,40000.0,0.02,greedy,ZYZZYVA,8.0,1.0,0.0727,1,1,1,FINALIZED_WITHIN_C2_LIMIT,0.064051,1.777
6885,40000.0,0.02,greedy,ZYZZYVA,8.0,1.0,0.0727,1,1,1,FINALIZED_WITHIN_C2_LIMIT,0.084453,2.006
6886,40000.0,0.02,greedy,ZYZZYVA,8.0,1.0,0.0727,1,1,1,FINALIZED_WITHIN_C2_LIMIT,0.039188,1.839
6887,40000.0,0.02,greedy,ZYZZYVA,8.0,1.0,0.0727,1,1,1,FINALIZED_WITHIN_C2_LIMIT,0.035451,1.923
6888,40000.0,0.02,greedy,ZYZZYVA,8.0,1.0,0.0727,1,1,1,FINALIZED_WITHIN_C2_LIMIT,0.053213,1.849
6889,40000.0,0.02,greedy,ZYZZYVA,8.0,1.0,0.0727,1,1,1,FINALIZED_WITHIN_C2_LIMIT,0.027763,2.249
6890,40000.0,0.02,greedy,ZYZZYVA,8.0,1.0,0.0727,1,1,1,FINALIZED_WITHIN_C2_LIMIT,0.100642,1.726
6891,40000.0,0.02,greedy,ZYZZYVA,8.0,1.0,0.0727,1,1,1,FINALIZED_WITHIN_C2_LIMIT,0.114274,1.847
6892,40000.0,0.02,greedy,ZYZZYVA,8.0,1.0,0.0727,1,1,1,FINALIZED_WITHIN_C2_LIMIT,0.016576,1.873
6893,40000.0,0.02,greedy,ZYZZYVA,8.0,1.0,0.0727,1,1,1,FINALIZED_WITHIN_C2_LIMIT,0.247789,1.854
6894,40000.0,0.02,greedy,ZYZZYVA,8.0,1.0,0.0727,1,1,1,FINALIZED_WITHIN_C2_LIMIT,0.538759,1.962
6895,40000.0,0.02,greedy,PBFT,8.0,1.0,0.0727,1,1,1,FINALIZED_WITHIN_C2_LIMIT,0.384991,2.11
6896,40000.0,0.02,greedy,PBFT,8.0,1.0,0.0727,1,1,1,FINALIZED_WITHIN_C2_LIMIT,0.059196,1.888
6897,40000.0,0.02,greedy,PBFT,8.0,1.0,0.0727,1,1,1,FINALIZED_WITHIN_C2_LIMIT,0.300513,1.882
6898,0.0,0.02,greedy,PBFT,8.0,1.0,0.0727,1,0,1,C2_DEADLINE_EXCEEDED,0.701705,1.914
6899,0.0,0.02,greedy,PBFT,8.0,1.0,0.0727,1,0,1,C2_DEADLINE_EXCEEDED,0.041956,1.968
6900,0.0,0.02,greedy,PBFT,8.0,1.0,0.0727,1,0,1,C2_DEADLINE_EXCEEDED,0.033264,1.845
6901,40000.0,0.02,greedy,PBFT,8.0,1.0,0.0727,1,1,1,FINALIZED_WITHIN_C2_LIMIT,0.048569,1.903
6902,40000.0,0.02,greedy,PBFT,8.0,1.0,0.0727,1,1,1,FINALIZED_WITHIN_C2_LIMIT,0.04978,1.894
6903,40000.0,0.02,greedy,PBFT,8.0,1.0,0.0727,1,1,1,FINALIZED_WITHIN_C2_LIMIT,0.06687,2.028
6904,40000.0,0.02,greedy,PBFT,8.0,1.0,0.0727,1,1,1,FINALIZED_WITHIN_C2_LIMIT,0.054976,1.88
6905,40000.0,0.02,greedy,PBFT,8.0,1.0,0.0727,1,1,1,FINALIZED_WITHIN_C2_LIMIT,0.083708,1.797
6906,40000.0,0.02,greedy,PBFT,8.0,1.0,0.0727,1,1,1,FINALIZED_WITHIN_C2_LIMIT,0.050417,1.92
6907,40000.0,0.02,greedy,PBFT,8.0,1.0,0.0727,1,1,1,FINALIZED_WITHIN_C2_LIMIT,0.039229,1.953
6908,40000.0,0.02,greedy,PBFT,8.0,1.0,0.0727,1,1,1,FINALIZED_WITHIN_C2_LIMIT,0.086938,1.967
6909,40000.0,0.02,greedy,ZYZZYVA,8.0,1.0,0.0727,1,1,1,FINALIZED_WITHIN_C2_LIMIT,0.064695,1.958
6910,40000.0,0.02,greedy,ZYZZYVA,8.0,1.0,0.0727,1,1,1,FINALIZED_WITHIN_C2_LIMIT,0.105714,1.944
6911,40000.0,0.02,greedy,ZYZZYVA,8.0,1.0,0.0727,1,1,1,FINALIZED_WITHIN_C2_LIMIT,0.039139,1.869
6912,40000.0,0.02,greedy,ZYZZYVA,8.0,1.0,0.0727,1,1,1,FINALIZED_WITHIN_C2_LIMIT,0.080138,1.866
6913,40000.0,0.02,greedy,ZYZZYVA,8.0,1.0,0.0727,1,1,1,FINALIZED_WITHIN_C2_LIMIT,0.083144,1.878
6914,40000.0,0.02,greedy,ZYZZYVA,8.0,1.0,0.0727,1,1,1,FINALIZED_WITHIN_C2_LIMIT,0.038191,2.178
6915,40000.0,0.02,greedy,ZYZZYVA,8.0,1.0,0.0727,1,1,1,FINALIZED_WITHIN_C2_LIMIT,0.03355,2.354
6916,40000.0,0.02,greedy,ZYZZYVA,8.0,1.0,0.0727,1,1,1,FINALIZED_WITHIN_C2_LIMIT,0.057175,2.165
6917,40000.0,0.02,greedy,ZYZZYVA,8.0,1.0,0.0727,1,1,1,FINALIZED_WITHIN_C2_LIMIT,0.059751,1.994
6918,40000.0,0.02,greedy,ZYZZYVA,8.0,1.0,0.0727,1,1,1,FINALIZED_WITHIN_C2_LIMIT,0.056114,1.934
6919,40000.0,0.02,greedy,ZYZZYVA,8.0,1.0,0.0727,1,1,1,FINALIZED_WITHIN_C2_LIMIT,0.03249,1.871
6920,40000.0,0.02,greedy,ZYZZYVA,8.0,1.0,0.0727,1,1,1,FINALIZED_WITHIN_C2_LIMIT,0.044357,1.973
6921,40000.0,0.02,greedy,ZYZZYVA,8.0,1.0,0.0727,1,1,1,FINALIZED_WITHIN_C2_LIMIT,0.042044,2.114
6922,40000.0,0.02,greedy,ZYZZYVA,8.0,1.0,0.0727,1,1,1,FINALIZED_WITHIN_C2_LIMIT,0.047446,1.83
6923,40000.0,0.02,greedy,ZYZZYVA,8.0,1.0,0.0727,1,1,1,FINALIZED_WITHIN_C2_LIMIT,0.039876,2.02
6924,40000.0,0.02,greedy,ZYZZYVA,8.0,1.0,0.0727,1,1,1,FINALIZED_WITHIN_C2_LIMIT,0.068123,2.117
6925,40000.0,0.02,greedy,ZYZZYVA,8.0,1.0,0.0727,1,1,1,FINALIZED_WITHIN_C2_LIMIT,0.044706,1.893
6926,40000.0,0.02,greedy,ZYZZYVA,8.0,1.0,0.0727,1,1,1,FINALIZED_WITHIN_C2_LIMIT,0.051098,1.973
6927,40000.0,0.02,greedy,ZYZZYVA,8.0,1.0,0.0727,1,1,1,FINALIZED_WITHIN_C2_LIMIT,0.043773,2.038
6928,0.0,0.02,explore,PBFT,5.2,1.0,0.2536,0,1,1,FINALIZED_WITHIN_C2_LIMIT,0.086406,1.242
6929,40000.0,0.02,greedy,LIU_QUORUM,8.0,1.0,0.0727,1,1,1,FINALIZED_WITHIN_C2_LIMIT,0.074391,1.769
6930,40000.0,0.02,greedy,LIU_QUORUM,8.0,1.0,0.0727,1,1,1,FINALIZED_WITHIN_C2_LIMIT,0.044004,2.065
6931,40000.0,0.02,greedy,LIU_QUORUM,8.0,1.0,0.0727,1,1,1,FINALIZED_WITHIN_C2_LIMIT,0.043044,2.039
6932,40000.0,0.02,greedy,LIU_QUORUM,8.0,1.0,0.0727,1,1,1,FINALIZED_WITHIN_C2_LIMIT,0.041623,1.792
6933,40000.0,0.02,greedy,LIU_QUORUM,8.0,1.0,0.0727,1,1,1,FINALIZED_WITHIN_C2_LIMIT,0.048227,2.025
6934,40000.0,0.02,greedy,LIU_QUORUM,8.0,1.0,0.0727,1,1,1,FINALIZED_WITHIN_C2_LIMIT,0.055486,1.666
6935,40000.0,0.02,greedy,LIU_QUORUM,8.0,1.0,0.0727,1,1,1,FINALIZED_WITHIN_C2_LIMIT,0.052907,2.229
6936,40000.0,0.02,greedy,LIU_QUORUM,8.0,1.0,0.0727,1,1,1,FINALIZED_WITHIN_C2_LIMIT,0.082882,1.787
6937,40000.0,0.02,greedy,LIU_QUORUM,8.0,1.0,0.0727,1,1,1,FINALIZED_WITHIN_C2_LIMIT,0.064738,2.074
6938,40000.0,0.02,greedy,LIU_QUORUM,8.0,1.0,0.0727,1,1,1,FINALIZED_WITHIN_C2_LIMIT,0.049409,1.738
6939,40000.0,0.02,greedy,LIU_QUORUM,8.0,1.0,0.0727,1,1,1,FINALIZED_WITHIN_C2_LIMIT,0.052396,1.873
6940,40000.0,0.02,greedy,LIU_QUORUM,8.0,1.0,0.0727,1,1,1,FINALIZED_WITHIN_C2_LIMIT,0.040572,1.844
6941,40000.0,0.02,greedy,LIU_QUORUM,8.0,1.0,0.0727,1,1,1,FINALIZED_WITHIN_C2_LIMIT,0.041347,1.982
6942,40000.0,0.02,greedy,LIU_QUORUM,8.0,1.0,0.0727,1,1,1,FINALIZED_WITHIN_C2_LIMIT,0.043297,1.718
6943,40000.0,0.02,greedy,LIU_QUORUM,8.0,1.0,0.0727,1,1,1,FINALIZED_WITHIN_C2_LIMIT,0.044797,1.843
6944,40000.0,0.02,greedy,LIU_QUORUM,8.0,1.0,0.0727,1,1,1,FINALIZED_WITHIN_C2_LIMIT,0.041277,1.918
6945,40000.0,0.02,greedy,LIU_QUORUM,8.0,1.0,0.0727,1,1,1,FINALIZED_WITHIN_C2_LIMIT,0.083966,1.955
6946,40000.0,0.02,greedy,LIU_QUORUM,8.0,1.0,0.0727,1,1,1,FINALIZED_WITHIN_C2_LIMIT,0.034507,2.042
6947,40000.0,0.02,greedy,LIU_QUORUM,8.0,1.0,0.0727,1,1,1,FINALIZED_WITHIN_C2_LIMIT,0.033679,2.124
6948,40000.0,0.02,greedy,LIU_QUORUM,8.0,1.0,0.0727,1,1,1,FINALIZED_WITHIN_C2_LIMIT,0.092801,1.877
6949,40000.0,0.02,greedy,LIU_QUORUM,8.0,1.0,0.0722,1,1,1,FINALIZED_WITHIN_C2_LIMIT,0.035503,2.052
6950,40000.0,0.02,greedy,LIU_QUORUM,8.0,1.0,0.0727,1,1,1,FINALIZED_WITHIN_C2_LIMIT,0.041924,1.93
6951,40000.0,0.02,greedy,LIU_QUORUM,8.0,1.0,0.0727,1,1,1,FINALIZED_WITHIN_C2_LIMIT,0.065405,1.89
6952,40000.0,0.02,greedy,LIU_QUORUM,8.0,1.0,0.0727,1,1,1,FINALIZED_WITHIN_C2_LIMIT,0.038282,1.802
6953,40000.0,0.02,greedy,LIU_QUORUM,8.0,1.0,0.0727,1,1,1,FINALIZED_WITHIN_C2_LIMIT,0.043498,1.91
6954,40000.0,0.02,greedy,LIU_QUORUM,8.0,1.0,0.0727,1,1,1,FINALIZED_WITHIN_C2_LIMIT,0.046729,2.035
6955,40000.0,0.02,greedy,LIU_QUORUM,8.0,1.0,0.0727,1,1,1,FINALIZED_WITHIN_C2_LIMIT,0.02857,2.18
6956,40000.0,0.02,greedy,LIU_QUORUM,8.0,1.0,0.0727,1,1,1,FINALIZED_WITHIN_C2_LIMIT,0.054235,1.938
6957,40000.0,0.02,greedy,LIU_QUORUM,8.0,1.0,0.0727,1,1,1,FINALIZED_WITHIN_C2_LIMIT,0.06225,1.989
6958,40000.0,0.02,greedy,LIU_QUORUM,8.0,1.0,0.0727,1,1,1,FINALIZED_WITHIN_C2_LIMIT,0.038529,1.798
6959,40000.0,0.02,greedy,ZYZZYVA,8.0,1.0,0.0727,1,1,1,FINALIZED_WITHIN_C2_LIMIT,0.038262,1.818
6960,40000.0,0.02,greedy,ZYZZYVA,8.0,1.0,0.0727,1,1,1,FINALIZED_WITHIN_C2_LIMIT,0.053445,1.826
6961,40000.0,0.02,greedy,ZYZZYVA,8.0,1.0,0.0727,1,1,1,FINALIZED_WITHIN_C2_LIMIT,0.035672,2.06
6962,40000.0,0.02,greedy,ZYZZYVA,8.0,1.0,0.0727,1,1,1,FINALIZED_WITHIN_C2_LIMIT,0.047763,1.947
6963,40000.0,0.02,greedy,ZYZZYVA,8.0,1.0,0.0727,1,1,1,FINALIZED_WITHIN_C2_LIMIT,0.044938,2.013
6964,40000.0,0.02,greedy,ZYZZYVA,8.0,1.0,0.0727,1,1,1,FINALIZED_WITHIN_C2_LIMIT,0.064755,1.946
6965,40000.0,0.02,greedy,LIU_QUORUM,8.0,1.0,0.0727,1,1,1,FINALIZED_WITHIN_C2_LIMIT,0.056007,1.934
6966,40000.0,0.02,greedy,ZYZZYVA,8.0,1.0,0.0727,1,1,1,FINALIZED_WITHIN_C2_LIMIT,0.049257,1.958
6967,40000.0,0.02,greedy,LIU_QUORUM,8.0,1.0,0.0727,1,1,1,FINALIZED_WITHIN_C2_LIMIT,0.04082,1.941
6968,40000.0,0.02,greedy,LIU_QUORUM,8.0,1.0,0.0722,1,1,1,FINALIZED_WITHIN_C2_LIMIT,0.043573,2.001
6969,40000.0,0.02,greedy,LIU_QUORUM,8.0,1.0,0.0727,1,1,1,FINALIZED_WITHIN_C2_LIMIT,0.059686,1.818
6970,40000.0,0.02,greedy,LIU_QUORUM,8.0,1.0,0.0722,1,1,1,FINALIZED_WITHIN_C2_LIMIT,0.051562,2.087
6971,40000.0,0.02,greedy,LIU_QUORUM,8.0,1.0,0.0722,1,1,1,FINALIZED_WITHIN_C2_LIMIT,0.035396,1.866
6972,40000.0,0.02,greedy,LIU_QUORUM,8.0,1.0,0.0722,1,1,1,FINALIZED_WITHIN_C2_LIMIT,0.031773,1.914
6973,40000.0,0.02,greedy,LIU_QUORUM,8.0,1.0,0.0722,1,1,1,FINALIZED_WITHIN_C2_LIMIT,0.027281,2.161
6974,40000.0,0.02,greedy,LIU_QUORUM,8.0,1.0,0.0722,1,1,1,FINALIZED_WITHIN_C2_LIMIT,0.043265,1.835
6975,40000.0,0.02,greedy,LIU_QUORUM,8.0,1.0,0.0722,1,1,1,FINALIZED_WITHIN_C2_LIMIT,0.029555,1.884
6976,40000.0,0.02,greedy,LIU_QUORUM,8.0,1.0,0.0722,1,1,1,FINALIZED_WITHIN_C2_LIMIT,0.043596,2.094
6977,36000.0,0.02,explore,LIU_QUORUM,7.2,1.0,0.0686,1,1,1,FINALIZED_WITHIN_C2_LIMIT,0.038976,1.849
6978,40000.0,0.02,greedy,LIU_QUORUM,8.0,1.0,0.0722,1,1,1,FINALIZED_WITHIN_C2_LIMIT,0.055293,2.016
6979,40000.0,0.02,greedy,LIU_QUORUM,8.0,1.0,0.0727,1,1,1,FINALIZED_WITHIN_C2_LIMIT,0.062431,1.699
6980,40000.0,0.02,greedy,LIU_QUORUM,8.0,1.0,0.0722,1,1,1,FINALIZED_WITHIN_C2_LIMIT,0.059388,1.987
6981,40000.0,0.02,greedy,LIU_QUORUM,8.0,1.0,0.0722,1,1,1,FINALIZED_WITHIN_C2_LIMIT,0.037293,1.692
6982,40000.0,0.02,greedy,LIU_QUORUM,8.0,1.0,0.0722,1,1,1,FINALIZED_WITHIN_C2_LIMIT,0.115241,2.073
6983,40000.0,0.02,greedy,LIU_QUORUM,8.0,1.0,0.0722,1,1,1,FINALIZED_WITHIN_C2_LIMIT,0.037651,1.841
6984,40000.0,0.02,greedy,LIU_QUORUM,8.0,1.0,0.0722,1,1,1,FINALIZED_WITHIN_C2_LIMIT,0.058782,1.977
6985,40000.0,0.02,greedy,ZYZZYVA,8.0,1.0,0.0722,1,1,1,FINALIZED_WITHIN_C2_LIMIT,0.031683,1.813
6986,40000.0,0.02,greedy,ZYZZYVA,8.0,1.0,0.06,1,1,1,FINALIZED_WITHIN_C2_LIMIT,0.04538,2.029
6987,40000.0,0.02,greedy,ZYZZYVA,8.0,1.0,0.06,1,1,1,FINALIZED_WITHIN_C2_LIMIT,0.04521,2.012
6988,40000.0,0.02,greedy,ZYZZYVA,8.0,1.0,0.0722,1,1,1,FINALIZED_WITHIN_C2_LIMIT,0.069822,1.882
6989,40000.0,0.02,greedy,ZYZZYVA,8.0,1.0,0.0722,1,1,1,FINALIZED_WITHIN_C2_LIMIT,0.062292,1.667
6990,40000.0,0.02,greedy,ZYZZYVA,8.0,1.0,0.0722,1,1,1,FINALIZED_WITHIN_C2_LIMIT,0.051922,2.063
6991,40000.0,0.02,greedy,ZYZZYVA,8.0,1.0,0.0722,1,1,1,FINALIZED_WITHIN_C2_LIMIT,0.072965,1.706
6992,40000.0,0.02,greedy,ZYZZYVA,8.0,1.0,0.0722,1,1,1,FINALIZED_WITHIN_C2_LIMIT,0.035781,2.037
6993,23000.0,0.02,explore,ZYZZYVA,4.6,1.0,0.072,1,1,1,FINALIZED_WITHIN_C2_LIMIT,0.042053,1.143
6994,40000.0,0.02,greedy,ZYZZYVA,8.0,1.0,0.0722,1,1,1,FINALIZED_WITHIN_C2_LIMIT,0.050763,2.084
6995,40000.0,0.02,greedy,ZYZZYVA,8.0,1.0,0.0722,1,1,1,FINALIZED_WITHIN_C2_LIMIT,0.054188,2.153
6996,40000.0,0.02,greedy,ZYZZYVA,8.0,1.0,0.0722,1,1,1,FINALIZED_WITHIN_C2_LIMIT,0.034932,2.246
6997,40000.0,0.02,greedy,ZYZZYVA,8.0,1.0,0.0722,1,1,1,FINALIZED_WITHIN_C2_LIMIT,0.03767,2.145
6998,40000.0,0.02,greedy,ZYZZYVA,8.0,1.0,0.0722,1,1,1,FINALIZED_WITHIN_C2_LIMIT,0.044844,2.415
6999,40000.0,0.02,greedy,LIU_QUORUM,8.0,1.0,0.0722,1,1,1,FINALIZED_WITHIN_C2_LIMIT,0.018652,2.184
7000,40000.0,0.02,greedy,LIU_QUORUM,8.0,1.0,0.0722,1,1,1,FINALIZED_WITHIN_C2_LIMIT,0.086686,2.226
7001,40000.0,0.02,greedy,LIU_QUORUM,8.0,1.0,0.0722,1,1,1,FINALIZED_WITHIN_C2_LIMIT,0.07798,2.11
7002,40000.0,0.02,greedy,LIU_QUORUM,8.0,1.0,0.0722,1,1,1,FINALIZED_WITHIN_C2_LIMIT,0.015713,2.142
7003,40000.0,0.02,greedy,LIU_QUORUM,8.0,1.0,0.0722,1,1,1,FINALIZED_WITHIN_C2_LIMIT,0.039957,2.185
7004,40000.0,0.02,greedy,ZYZZYVA,8.0,1.0,0.0722,1,1,1,FINALIZED_WITHIN_C2_LIMIT,0.077538,2.465
7005,40000.0,0.02,greedy,ZYZZYVA,8.0,1.0,0.06,1,1,1,FINALIZED_WITHIN_C2_LIMIT,0.108553,2.358
7006,40000.0,0.02,greedy,ZYZZYVA,8.0,1.0,0.06,1,1,1,FINALIZED_WITHIN_C2_LIMIT,0.01674,2.267
7007,40000.0,0.02,greedy,ZYZZYVA,8.0,1.0,0.06,1,1,1,FINALIZED_WITHIN_C2_LIMIT,0.013742,2.118
7008,40000.0,0.02,greedy,ZYZZYVA,8.0,1.0,0.0722,1,1,1,FINALIZED_WITHIN_C2_LIMIT,0.095833,2.012
7009,40000.0,0.02,greedy,ZYZZYVA,8.0,1.0,0.0722,1,1,1,FINALIZED_WITHIN_C2_LIMIT,0.072758,2.081
7010,40000.0,0.02,greedy,ZYZZYVA,8.0,1.0,0.0722,1,1,1,FINALIZED_WITHIN_C2_LIMIT,0.034608,2.222
7011,40000.0,0.02,greedy,ZYZZYVA,8.0,1.0,0.0722,1,1,1,FINALIZED_WITHIN_C2_LIMIT,0.017074,2.05
7012,40000.0,0.02,greedy,ZYZZYVA,8.0,1.0,0.0722,1,1,1,FINALIZED_WITHIN_C2_LIMIT,0.093072,2.146
7013,40000.0,0.02,greedy,ZYZZYVA,8.0,1.0,0.0722,1,1,1,FINALIZED_WITHIN_C2_LIMIT,0.182989,2.009
7014,40000.0,0.02,greedy,ZYZZYVA,8.0,1.0,0.0722,1,1,1,FINALIZED_WITHIN_C2_LIMIT,0.039736,1.979
7015,40000.0,0.02,greedy,ZYZZYVA,8.0,1.0,0.0722,1,1,1,FINALIZED_WITHIN_C2_LIMIT,0.084412,2.188
7016,40000.0,0.02,greedy,ZYZZYVA,8.0,1.0,0.0722,1,1,1,FINALIZED_WITHIN_C2_LIMIT,0.09554,2.256
7017,40000.0,0.02,greedy,ZYZZYVA,8.0,1.0,0.0722,1,1,1,FINALIZED_WITHIN_C2_LIMIT,0.042681,2.107
7018,40000.0,0.02,greedy,ZYZZYVA,8.0,1.0,0.0722,1,1,1,FINALIZED_WITHIN_C2_LIMIT,0.031636,2.257
7019,40000.0,0.02,greedy,ZYZZYVA,8.0,1.0,0.0722,1,1,1,FINALIZED_WITHIN_C2_LIMIT,0.046541,2.541
7020,40000.0,0.02,greedy,ZYZZYVA,8.0,1.0,0.0722,1,1,1,FINALIZED_WITHIN_C2_LIMIT,0.061465,2.469
7021,40000.0,0.02,greedy,ZYZZYVA,8.0,1.0,0.0722,1,1,1,FINALIZED_WITHIN_C2_LIMIT,0.042771,2.314
7022,40000.0,0.02,greedy,ZYZZYVA,8.0,1.0,0.0722,1,1,1,FINALIZED_WITHIN_C2_LIMIT,0.059221,2.123
7023,40000.0,0.02,greedy,ZYZZYVA,8.0,1.0,0.0722,1,1,1,FINALIZED_WITHIN_C2_LIMIT,0.05215,2.132
7024,40000.0,0.02,greedy,ZYZZYVA,8.0,1.0,0.0722,1,1,1,FINALIZED_WITHIN_C2_LIMIT,0.051501,2.261
7025,40000.0,0.02,greedy,ZYZZYVA,8.0,1.0,0.0722,1,1,1,FINALIZED_WITHIN_C2_LIMIT,0.049557,2.135
7026,40000.0,0.02,greedy,ZYZZYVA,8.0,1.0,0.0722,1,1,1,FINALIZED_WITHIN_C2_LIMIT,0.044145,2.475
7027,40000.0,0.02,greedy,ZYZZYVA,8.0,1.0,0.0722,1,1,1,FINALIZED_WITHIN_C2_LIMIT,0.040137,2.174
7028,40000.0,0.02,greedy,ZYZZYVA,8.0,1.0,0.0722,1,1,1,FINALIZED_WITHIN_C2_LIMIT,0.027627,2.232
7029,40000.0,0.02,greedy,ZYZZYVA,8.0,1.0,0.0722,1,1,1,FINALIZED_WITHIN_C2_LIMIT,0.032999,2.058
7030,40000.0,0.02,greedy,ZYZZYVA,8.0,1.0,0.0722,1,1,1,FINALIZED_WITHIN_C2_LIMIT,0.061797,1.983
7031,40000.0,0.02,greedy,LIU_QUORUM,8.0,1.0,0.0722,1,1,1,FINALIZED_WITHIN_C2_LIMIT,0.056255,1.919
7032,40000.0,0.02,greedy,LIU_QUORUM,8.0,1.0,0.0722,1,1,1,FINALIZED_WITHIN_C2_LIMIT,0.066394,2.082
7033,40000.0,0.02,greedy,LIU_QUORUM,8.0,1.0,0.0722,1,1,1,FINALIZED_WITHIN_C2_LIMIT,0.03941,1.813
7034,40000.0,0.02,greedy,LIU_QUORUM,8.0,1.0,0.0722,1,1,1,FINALIZED_WITHIN_C2_LIMIT,0.049767,2.088
7035,40000.0,0.02,greedy,LIU_QUORUM,8.0,1.0,0.0722,1,1,1,FINALIZED_WITHIN_C2_LIMIT,0.046534,2.151
7036,40000.0,0.02,greedy,LIU_QUORUM,8.0,1.0,0.0722,1,1,1,FINALIZED_WITHIN_C2_LIMIT,0.04866,2.178
7037,40000.0,0.02,greedy,LIU_QUORUM,8.0,1.0,0.0722,1,1,1,FINALIZED_WITHIN_C2_LIMIT,0.036235,2.306
7038,40000.0,0.02,greedy,LIU_QUORUM,8.0,1.0,0.0722,1,1,1,FINALIZED_WITHIN_C2_LIMIT,0.044298,2.062
7039,40000.0,0.02,greedy,LIU_QUORUM,8.0,1.0,0.0722,1,1,1,FINALIZED_WITHIN_C2_LIMIT,0.037501,2.201
7040,31000.0,0.02,explore,PBFT,6.2,1.0,0.0401,1,1,1,FINALIZED_WITHIN_C2_LIMIT,0.042967,1.767
7041,40000.0,0.02,greedy,LIU_QUORUM,8.0,1.0,0.0722,1,1,1,FINALIZED_WITHIN_C2_LIMIT,0.054478,2.15
7042,40000.0,0.02,greedy,LIU_QUORUM,8.0,1.0,0.0727,1,1,1,FINALIZED_WITHIN_C2_LIMIT,0.044618,1.976
7043,40000.0,0.02,greedy,LIU_QUORUM,8.0,1.0,0.0727,1,1,1,FINALIZED_WITHIN_C2_LIMIT,0.042276,2.306
7044,40000.0,0.02,greedy,LIU_QUORUM,8.0,1.0,0.0727,1,1,1,FINALIZED_WITHIN_C2_LIMIT,0.062498,1.973
7045,40000.0,0.02,greedy,ZYZZYVA,8.0,1.0,0.0727,1,1,1,FINALIZED_WITHIN_C2_LIMIT,0.02946,2.264
7046,40000.0,0.02,greedy,ZYZZYVA,8.0,1.0,0.0727,1,1,1,FINALIZED_WITHIN_C2_LIMIT,0.048631,2.198
7047,40000.0,0.02,greedy,ZYZZYVA,8.0,1.0,0.0727,1,1,1,FINALIZED_WITHIN_C2_LIMIT,0.040262,2.354
7048,40000.0,0.02,greedy,ZYZZYVA,8.0,1.0,0.0727,1,1,1,FINALIZED_WITHIN_C2_LIMIT,0.036829,1.968
7049,40000.0,0.02,greedy,ZYZZYVA,8.0,1.0,0.0722,1,1,1,FINALIZED_WITHIN_C2_LIMIT,0.0399,1.795
7050,40000.0,0.02,greedy,ZYZZYVA,8.0,1.0,0.0722,1,1,1,FINALIZED_WITHIN_C2_LIMIT,0.038656,1.934
7051,40000.0,0.02,greedy,ZYZZYVA,8.0,1.0,0.0722,1,1,1,FINALIZED_WITHIN_C2_LIMIT,0.037787,1.914
7052,40000.0,0.02,greedy,ZYZZYVA,8.0,1.0,0.0727,1,1,1,FINALIZED_WITHIN_C2_LIMIT,0.04292,1.991
7053,40000.0,0.02,greedy,ZYZZYVA,8.0,1.0,0.0722,1,1,1,FINALIZED_WITHIN_C2_LIMIT,0.027235,2.14
7054,40000.0,0.02,greedy,ZYZZYVA,8.0,1.0,0.0727,1,1,1,FINALIZED_WITHIN_C2_LIMIT,0.043516,1.759
7055,40000.0,0.02,greedy,ZYZZYVA,8.0,1.0,0.0727,1,1,1,FINALIZED_WITHIN_C2_LIMIT,0.055388,1.741
7056,40000.0,0.02,greedy,ZYZZYVA,8.0,1.0,0.0722,1,1,1,FINALIZED_WITHIN_C2_LIMIT,0.062824,2.026
7057,40000.0,0.02,greedy,ZYZZYVA,8.0,1.0,0.0727,1,1,1,FINALIZED_WITHIN_C2_LIMIT,0.042978,2.315
7058,40000.0,0.02,greedy,ZYZZYVA,8.0,1.0,0.0727,1,1,1,FINALIZED_WITHIN_C2_LIMIT,0.037127,2.091
7059,40000.0,0.02,greedy,ZYZZYVA,8.0,1.0,0.0727,1,1,1,FINALIZED_WITHIN_C2_LIMIT,0.054864,2.341
7060,40000.0,0.02,greedy,ZYZZYVA,8.0,1.0,0.0727,1,1,1,FINALIZED_WITHIN_C2_LIMIT,0.039481,2.134
7061,40000.0,0.02,greedy,ZYZZYVA,8.0,1.0,0.0727,1,1,1,FINALIZED_WITHIN_C2_LIMIT,0.035702,2.325
7062,40000.0,0.02,greedy,ZYZZYVA,8.0,1.0,0.0727,1,1,1,FINALIZED_WITHIN_C2_LIMIT,0.043541,2.4
7063,40000.0,0.02,greedy,ZYZZYVA,8.0,1.0,0.0722,1,1,1,FINALIZED_WITHIN_C2_LIMIT,0.028513,2.271
7064,40000.0,0.02,greedy,ZYZZYVA,8.0,1.0,0.0727,1,1,1,FINALIZED_WITHIN_C2_LIMIT,0.03791,2.265
7065,40000.0,0.02,greedy,ZYZZYVA,8.0,1.0,0.0727,1,1,1,FINALIZED_WITHIN_C2_LIMIT,0.054468,2.582
7066,40000.0,0.02,greedy,ZYZZYVA,8.0,1.0,0.0722,1,1,1,FINALIZED_WITHIN_C2_LIMIT,0.049219,2.233
7067,40000.0,0.02,greedy,ZYZZYVA,8.0,1.0,0.0722,1,1,1,FINALIZED_WITHIN_C2_LIMIT,0.040664,2.187
7068,40000.0,0.02,greedy,ZYZZYVA,8.0,1.0,0.0722,1,1,1,FINALIZED_WITHIN_C2_LIMIT,0.050017,2.027
7069,40000.0,0.02,greedy,ZYZZYVA,8.0,1.0,0.0722,1,1,1,FINALIZED_WITHIN_C2_LIMIT,0.052692,2.019
7070,40000.0,0.02,greedy,ZYZZYVA,8.0,1.0,0.0727,1,1,1,FINALIZED_WITHIN_C2_LIMIT,0.045814,2.054
7071,40000.0,0.02,greedy,ZYZZYVA,8.0,1.0,0.0727,1,1,1,FINALIZED_WITHIN_C2_LIMIT,0.055833,2.229
7072,40000.0,0.02,greedy,ZYZZYVA,8.0,1.0,0.0727,1,1,1,FINALIZED_WITHIN_C2_LIMIT,0.039179,1.873
7073,40000.0,0.02,greedy,ZYZZYVA,8.0,1.0,0.0727,1,1,1,FINALIZED_WITHIN_C2_LIMIT,0.034877,2.061
7074,40000.0,0.02,greedy,LIU_QUORUM,8.0,1.0,0.0727,1,1,1,FINALIZED_WITHIN_C2_LIMIT,0.047086,1.917
7075,40000.0,0.02,greedy,LIU_QUORUM,8.0,1.0,0.0727,1,1,1,FINALIZED_WITHIN_C2_LIMIT,0.046738,2.067
7076,40000.0,0.02,greedy,LIU_QUORUM,8.0,1.0,0.0727,1,1,1,FINALIZED_WITHIN_C2_LIMIT,0.040775,2.207
7077,40000.0,0.02,greedy,LIU_QUORUM,8.0,1.0,0.0727,1,1,1,FINALIZED_WITHIN_C2_LIMIT,0.028228,2.384
7078,40000.0,0.02,greedy,LIU_QUORUM,8.0,1.0,0.0727,1,1,1,FINALIZED_WITHIN_C2_LIMIT,0.04392,2.066
7079,40000.0,0.02,greedy,LIU_QUORUM,8.0,1.0,0.0727,1,1,1,FINALIZED_WITHIN_C2_LIMIT,0.046018,2.116
7080,40000.0,0.02,greedy,LIU_QUORUM,8.0,1.0,0.0722,1,1,1,FINALIZED_WITHIN_C2_LIMIT,0.065122,2.25
7081,40000.0,0.02,greedy,ZYZZYVA,8.0,1.0,0.0727,1,1,1,FINALIZED_WITHIN_C2_LIMIT,0.041522,2.302
7082,40000.0,0.02,greedy,ZYZZYVA,8.0,1.0,0.0727,1,1,1,FINALIZED_WITHIN_C2_LIMIT,0.03743,1.976
7083,40000.0,0.02,greedy,ZYZZYVA,8.0,1.0,0.0727,1,1,1,FINALIZED_WITHIN_C2_LIMIT,0.041328,2.14
7084,40000.0,0.02,greedy,ZYZZYVA,8.0,1.0,0.0727,1,1,1,FINALIZED_WITHIN_C2_LIMIT,0.034298,1.978
7085,40000.0,0.02,greedy,ZYZZYVA,8.0,1.0,0.0727,1,1,1,FINALIZED_WITHIN_C2_LIMIT,0.045425,2.053
7086,40000.0,0.02,greedy,ZYZZYVA,8.0,1.0,0.0722,1,1,1,FINALIZED_WITHIN_C2_LIMIT,0.05534,2.112
7087,40000.0,0.02,greedy,ZYZZYVA,8.0,1.0,0.0727,1,1,1,FINALIZED_WITHIN_C2_LIMIT,0.04326,2.544
7088,40000.0,0.02,greedy,ZYZZYVA,8.0,1.0,0.0722,1,1,1,FINALIZED_WITHIN_C2_LIMIT,0.061461,2.176
7089,40000.0,0.02,greedy,ZYZZYVA,8.0,1.0,0.0722,1,1,1,FINALIZED_WITHIN_C2_LIMIT,0.03105,2.166
7090,40000.0,0.02,greedy,ZYZZYVA,8.0,1.0,0.0722,1,1,1,FINALIZED_WITHIN_C2_LIMIT,0.055297,2.421
7091,40000.0,0.02,greedy,ZYZZYVA,8.0,1.0,0.0722,1,1,1,FINALIZED_WITHIN_C2_LIMIT,0.037049,2.337
7092,40000.0,0.02,greedy,ZYZZYVA,8.0,1.0,0.0722,1,1,1,FINALIZED_WITHIN_C2_LIMIT,0.031431,2.18
7093,40000.0,0.02,greedy,ZYZZYVA,8.0,1.0,0.0722,1,1,1,FINALIZED_WITHIN_C2_LIMIT,0.05024,2.497
7094,40000.0,0.02,greedy,ZYZZYVA,8.0,1.0,0.0722,1,1,1,FINALIZED_WITHIN_C2_LIMIT,0.048982,1.989
7095,40000.0,0.02,greedy,ZYZZYVA,8.0,1.0,0.0722,1,1,1,FINALIZED_WITHIN_C2_LIMIT,0.032133,2.046
7096,40000.0,0.02,greedy,ZYZZYVA,8.0,1.0,0.0722,1,1,1,FINALIZED_WITHIN_C2_LIMIT,0.037622,2.019
7097,40000.0,0.02,greedy,ZYZZYVA,8.0,1.0,0.0722,1,1,1,FINALIZED_WITHIN_C2_LIMIT,0.044143,1.992
7098,40000.0,0.02,greedy,ZYZZYVA,8.0,1.0,0.0722,1,1,1,FINALIZED_WITHIN_C2_LIMIT,0.037836,1.893
7099,40000.0,0.02,greedy,ZYZZYVA,8.0,1.0,0.0722,1,1,1,FINALIZED_WITHIN_C2_LIMIT,0.017214,2.129
7100,40000.0,0.02,greedy,ZYZZYVA,8.0,1.0,0.0722,1,1,1,FINALIZED_WITHIN_C2_LIMIT,0.082247,2.154
7101,40000.0,0.02,greedy,ZYZZYVA,8.0,1.0,0.0722,1,1,1,FINALIZED_WITHIN_C2_LIMIT,0.063305,2.165
7102,40000.0,0.02,greedy,ZYZZYVA,8.0,1.0,0.0722,1,1,1,FINALIZED_WITHIN_C2_LIMIT,0.038976,2.03
7103,40000.0,0.02,greedy,ZYZZYVA,8.0,1.0,0.0722,1,1,1,FINALIZED_WITHIN_C2_LIMIT,0.0253,1.986
7104,40000.0,0.02,greedy,ZYZZYVA,8.0,1.0,0.0722,1,1,1,FINALIZED_WITHIN_C2_LIMIT,0.067978,2.193
7105,40000.0,0.02,greedy,ZYZZYVA,8.0,1.0,0.0722,1,1,1,FINALIZED_WITHIN_C2_LIMIT,0.067048,2.227
7106,40000.0,0.02,greedy,ZYZZYVA,8.0,1.0,0.06,1,1,1,FINALIZED_WITHIN_C2_LIMIT,0.031802,1.993
7107,40000.0,0.02,greedy,ZYZZYVA,8.0,1.0,0.0722,1,1,1,FINALIZED_WITHIN_C2_LIMIT,0.034844,2.126
7108,40000.0,0.02,greedy,ZYZZYVA,8.0,1.0,0.0722,1,1,1,FINALIZED_WITHIN_C2_LIMIT,0.086351,2.267
7109,40000.0,0.02,greedy,ZYZZYVA,8.0,1.0,0.06,1,1,1,FINALIZED_WITHIN_C2_LIMIT,0.056981,2.135
7110,40000.0,0.02,greedy,ZYZZYVA,8.0,1.0,0.06,1,1,1,FINALIZED_WITHIN_C2_LIMIT,0.052573,1.876
7111,40000.0,0.02,greedy,ZYZZYVA,8.0,1.0,0.06,1,1,1,FINALIZED_WITHIN_C2_LIMIT,0.028811,2.243
7112,40000.0,0.02,greedy,ZYZZYVA,8.0,1.0,0.0722,1,1,1,FINALIZED_WITHIN_C2_LIMIT,0.065124,2.037
7113,40000.0,0.02,greedy,ZYZZYVA,8.0,1.0,0.0722,1,1,1,FINALIZED_WITHIN_C2_LIMIT,0.047689,2.119
7114,40000.0,0.02,greedy,ZYZZYVA,8.0,1.0,0.0722,1,1,1,FINALIZED_WITHIN_C2_LIMIT,0.039717,2.232
7115,40000.0,0.02,greedy,ZYZZYVA,8.0,1.0,0.0722,1,1,1,FINALIZED_WITHIN_C2_LIMIT,0.027784,2.034
7116,40000.0,0.02,greedy,ZYZZYVA,8.0,1.0,0.0722,1,1,1,FINALIZED_WITHIN_C2_LIMIT,0.138826,2.264
7117,40000.0,0.02,greedy,ZYZZYVA,8.0,1.0,0.0722,1,1,1,FINALIZED_WITHIN_C2_LIMIT,0.061968,2.681
7118,40000.0,0.02,greedy,ZYZZYVA,8.0,1.0,0.06,1,1,1,FINALIZED_WITHIN_C2_LIMIT,0.052036,2.048
7119,40000.0,0.02,greedy,ZYZZYVA,8.0,1.0,0.06,1,1,1,FINALIZED_WITHIN_C2_LIMIT,0.038431,1.965
7120,40000.0,0.02,greedy,ZYZZYVA,8.0,1.0,0.06,1,1,1,FINALIZED_WITHIN_C2_LIMIT,0.045805,2.217
7121,40000.0,0.02,greedy,ZYZZYVA,8.0,1.0,0.06,1,1,1,FINALIZED_WITHIN_C2_LIMIT,0.069042,2.143
7122,40000.0,0.02,greedy,ZYZZYVA,8.0,1.0,0.06,1,1,1,FINALIZED_WITHIN_C2_LIMIT,0.028241,2.069
7123,40000.0,0.02,greedy,ZYZZYVA,8.0,1.0,0.06,1,1,1,FINALIZED_WITHIN_C2_LIMIT,0.026581,2.292
7124,40000.0,0.02,greedy,LIU_QUORUM,8.0,1.0,0.0722,1,1,1,FINALIZED_WITHIN_C2_LIMIT,0.052904,2.099
7125,40000.0,0.02,greedy,LIU_QUORUM,8.0,1.0,0.0722,1,1,1,FINALIZED_WITHIN_C2_LIMIT,0.047531,2.397
7126,40000.0,0.02,greedy,LIU_QUORUM,8.0,1.0,0.0722,1,1,1,FINALIZED_WITHIN_C2_LIMIT,0.029531,2.524
7127,40000.0,0.02,greedy,LIU_QUORUM,8.0,1.0,0.0722,1,1,1,FINALIZED_WITHIN_C2_LIMIT,0.029805,2.214
7128,40000.0,0.02,greedy,LIU_QUORUM,8.0,1.0,0.0722,1,1,1,FINALIZED_WITHIN_C2_LIMIT,0.056147,2.615
7129,40000.0,0.02,greedy,LIU_QUORUM,8.0,1.0,0.0722,1,1,1,FINALIZED_WITHIN_C2_LIMIT,0.046876,2.311
7130,40000.0,0.02,greedy,LIU_QUORUM,8.0,1.0,0.0722,1,1,1,FINALIZED_WITHIN_C2_LIMIT,0.026513,2.316
7131,40000.0,0.02,greedy,LIU_QUORUM,8.0,1.0,0.0722,1,1,1,FINALIZED_WITHIN_C2_LIMIT,0.026754,2.621
7132,40000.0,0.02,greedy,LIU_QUORUM,8.0,1.0,0.0722,1,1,1,FINALIZED_WITHIN_C2_LIMIT,0.089847,2.196
7133,40000.0,0.02,greedy,LIU_QUORUM,8.0,1.0,0.0722,1,1,1,FINALIZED_WITHIN_C2_LIMIT,0.064982,2.119
7134,40000.0,0.02,greedy,LIU_QUORUM,8.0,1.0,0.0722,1,1,1,FINALIZED_WITHIN_C2_LIMIT,0.026209,2.268
7135,40000.0,0.02,greedy,LIU_QUORUM,8.0,1.0,0.0722,1,1,1,FINALIZED_WITHIN_C2_LIMIT,0.045234,2.287
7136,40000.0,0.02,greedy,LIU_QUORUM,8.0,1.0,0.0722,1,1,1,FINALIZED_WITHIN_C2_LIMIT,0.056575,2.319
7137,40000.0,0.02,greedy,LIU_QUORUM,8.0,1.0,0.0722,1,1,1,FINALIZED_WITHIN_C2_LIMIT,0.049249,2.615
7138,40000.0,0.02,greedy,LIU_QUORUM,8.0,1.0,0.0722,1,1,1,FINALIZED_WITHIN_C2_LIMIT,0.099093,2.498
7139,40000.0,0.02,greedy,LIU_QUORUM,8.0,1.0,0.0722,1,1,1,FINALIZED_WITHIN_C2_LIMIT,0.020006,2.145
7140,40000.0,0.02,greedy,ZYZZYVA,8.0,1.0,0.0722,1,1,1,FINALIZED_WITHIN_C2_LIMIT,0.067002,2.79
7141,40000.0,0.02,greedy,ZYZZYVA,8.0,1.0,0.0722,1,1,1,FINALIZED_WITHIN_C2_LIMIT,0.160308,2.253
7142,40000.0,0.02,greedy,ZYZZYVA,8.0,1.0,0.0722,1,1,1,FINALIZED_WITHIN_C2_LIMIT,0.029035,2.27
7143,40000.0,0.02,greedy,ZYZZYVA,8.0,1.0,0.0722,1,1,1,FINALIZED_WITHIN_C2_LIMIT,0.046694,2.347
7144,40000.0,0.02,greedy,ZYZZYVA,8.0,1.0,0.0722,1,1,1,FINALIZED_WITHIN_C2_LIMIT,0.074925,2.53
7145,40000.0,0.02,greedy,ZYZZYVA,8.0,1.0,0.0722,1,1,1,FINALIZED_WITHIN_C2_LIMIT,0.060714,2.276
7146,40000.0,0.02,greedy,ZYZZYVA,8.0,1.0,0.0722,1,1,1,FINALIZED_WITHIN_C2_LIMIT,0.039999,2.34
7147,40000.0,0.02,greedy,ZYZZYVA,8.0,1.0,0.0722,1,1,1,FINALIZED_WITHIN_C2_LIMIT,0.033934,2.519
7148,40000.0,0.02,greedy,ZYZZYVA,8.0,1.0,0.0722,1,1,1,FINALIZED_WITHIN_C2_LIMIT,0.088742,2.27
7149,40000.0,0.02,greedy,ZYZZYVA,8.0,1.0,0.0722,1,1,1,FINALIZED_WITHIN_C2_LIMIT,0.036433,2.114
7150,40000.0,0.02,greedy,ZYZZYVA,8.0,1.0,0.0722,1,1,1,FINALIZED_WITHIN_C2_LIMIT,0.031983,2.143
7151,40000.0,0.02,greedy,ZYZZYVA,8.0,1.0,0.0722,1,1,1,FINALIZED_WITHIN_C2_LIMIT,0.052808,2.349
7152,40000.0,0.02,greedy,ZYZZYVA,8.0,1.0,0.0722,1,1,1,FINALIZED_WITHIN_C2_LIMIT,0.148242,2.468
7153,40000.0,0.02,greedy,ZYZZYVA,8.0,1.0,0.0722,1,1,1,FINALIZED_WITHIN_C2_LIMIT,0.045483,2.094
7154,40000.0,0.02,greedy,ZYZZYVA,8.0,1.0,0.0722,1,1,1,FINALIZED_WITHIN_C2_LIMIT,0.036087,2.15
7155,40000.0,0.02,greedy,ZYZZYVA,8.0,1.0,0.0722,1,1,1,FINALIZED_WITHIN_C2_LIMIT,0.023989,2.398
7156,40000.0,0.02,greedy,ZYZZYVA,8.0,1.0,0.0722,1,1,1,FINALIZED_WITHIN_C2_LIMIT,0.053072,2.199
7157,40000.0,0.02,greedy,ZYZZYVA,8.0,1.0,0.0722,1,1,1,FINALIZED_WITHIN_C2_LIMIT,0.062048,2.157
7158,40000.0,0.02,greedy,ZYZZYVA,8.0,1.0,0.0722,1,1,1,FINALIZED_WITHIN_C2_LIMIT,0.044792,2.275
7159,40000.0,0.02,greedy,ZYZZYVA,8.0,1.0,0.0722,1,1,1,FINALIZED_WITHIN_C2_LIMIT,0.032136,2.235
7160,40000.0,0.02,greedy,ZYZZYVA,8.0,1.0,0.0722,1,1,1,FINALIZED_WITHIN_C2_LIMIT,0.049307,2.24
7161,40000.0,0.02,greedy,LIU_QUORUM,8.0,1.0,0.0722,1,1,1,FINALIZED_WITHIN_C2_LIMIT,0.045276,2.179
7162,40000.0,0.02,greedy,LIU_QUORUM,8.0,1.0,0.0722,1,1,1,FINALIZED_WITHIN_C2_LIMIT,0.02934,2.468
7163,40000.0,0.02,greedy,LIU_QUORUM,8.0,1.0,0.0722,1,1,1,FINALIZED_WITHIN_C2_LIMIT,0.033532,2.478
7164,40000.0,0.02,greedy,LIU_QUORUM,8.0,1.0,0.0722,1,1,1,FINALIZED_WITHIN_C2_LIMIT,0.054775,2.511
7165,40000.0,0.02,greedy,LIU_QUORUM,8.0,1.0,0.0722,1,1,1,FINALIZED_WITHIN_C2_LIMIT,0.052421,2.288
7166,40000.0,0.02,greedy,LIU_QUORUM,8.0,1.0,0.0722,1,1,1,FINALIZED_WITHIN_C2_LIMIT,0.056801,2.096
7167,40000.0,0.02,greedy,LIU_QUORUM,8.0,1.0,0.0722,1,1,1,FINALIZED_WITHIN_C2_LIMIT,0.032116,2.027
7168,40000.0,0.02,greedy,LIU_QUORUM,8.0,1.0,0.0722,1,1,1,FINALIZED_WITHIN_C2_LIMIT,0.047742,2.138
7169,40000.0,0.02,greedy,LIU_QUORUM,8.0,1.0,0.0722,1,1,1,FINALIZED_WITHIN_C2_LIMIT,0.047001,2.298
7170,40000.0,0.02,greedy,LIU_QUORUM,8.0,1.0,0.0722,1,1,1,FINALIZED_WITHIN_C2_LIMIT,0.052103,2.62
7171,40000.0,0.02,greedy,LIU_QUORUM,8.0,1.0,0.0722,1,1,1,FINALIZED_WITHIN_C2_LIMIT,0.03224,2.451
7172,40000.0,0.02,greedy,LIU_QUORUM,8.0,1.0,0.0722,1,1,1,FINALIZED_WITHIN_C2_LIMIT,0.058364,2.038
7173,40000.0,0.02,greedy,LIU_QUORUM,8.0,1.0,0.0722,1,1,1,FINALIZED_WITHIN_C2_LIMIT,0.072506,1.979
7174,40000.0,0.02,greedy,LIU_QUORUM,8.0,1.0,0.0722,1,1,1,FINALIZED_WITHIN_C2_LIMIT,0.030139,2.172
7175,40000.0,0.02,greedy,LIU_QUORUM,8.0,1.0,0.0722,1,1,1,FINALIZED_WITHIN_C2_LIMIT,0.030726,2.34
7176,40000.0,0.02,greedy,LIU_QUORUM,8.0,1.0,0.0722,1,1,1,FINALIZED_WITHIN_C2_LIMIT,0.075711,2.222
7177,40000.0,0.02,greedy,LIU_QUORUM,8.0,1.0,0.0722,1,1,1,FINALIZED_WITHIN_C2_LIMIT,0.087979,2.242
7178,40000.0,0.02,greedy,LIU_QUORUM,8.0,1.0,0.0722,1,1,1,FINALIZED_WITHIN_C2_LIMIT,0.025996,2.505
7179,40000.0,0.02,greedy,ZYZZYVA,8.0,1.0,0.0722,1,1,1,FINALIZED_WITHIN_C2_LIMIT,0.028692,2.31
7180,40000.0,0.02,greedy,ZYZZYVA,8.0,1.0,0.0722,1,1,1,FINALIZED_WITHIN_C2_LIMIT,0.085417,2.052
7181,40000.0,0.02,greedy,ZYZZYVA,8.0,1.0,0.0722,1,1,1,FINALIZED_WITHIN_C2_LIMIT,0.07457,2.144
7182,40000.0,0.02,greedy,ZYZZYVA,8.0,1.0,0.0722,1,1,1,FINALIZED_WITHIN_C2_LIMIT,0.034545,2.312
7183,40000.0,0.02,greedy,ZYZZYVA,8.0,1.0,0.0722,1,1,1,FINALIZED_WITHIN_C2_LIMIT,0.025311,2.247
7184,40000.0,0.02,greedy,ZYZZYVA,8.0,1.0,0.0722,1,1,1,FINALIZED_WITHIN_C2_LIMIT,0.05694,2.412
7185,40000.0,0.02,greedy,ZYZZYVA,8.0,1.0,0.0722,1,1,1,FINALIZED_WITHIN_C2_LIMIT,0.049563,2.237
7186,40000.0,0.02,greedy,ZYZZYVA,8.0,1.0,0.0722,1,1,1,FINALIZED_WITHIN_C2_LIMIT,0.031684,2.098
7187,40000.0,0.02,greedy,ZYZZYVA,8.0,1.0,0.0722,1,1,1,FINALIZED_WITHIN_C2_LIMIT,0.0618,2.32
7188,40000.0,0.02,greedy,ZYZZYVA,8.0,1.0,0.0722,1,1,1,FINALIZED_WITHIN_C2_LIMIT,0.046419,2.246
7189,40000.0,0.02,greedy,ZYZZYVA,8.0,1.0,0.0722,1,1,1,FINALIZED_WITHIN_C2_LIMIT,0.094609,2.349
7190,40000.0,0.02,greedy,ZYZZYVA,8.0,1.0,0.0722,1,1,1,FINALIZED_WITHIN_C2_LIMIT,0.049624,2.365
7191,40000.0,0.02,greedy,ZYZZYVA,8.0,1.0,0.0722,1,1,1,FINALIZED_WITHIN_C2_LIMIT,0.046939,2.562
7192,40000.0,0.02,greedy,ZYZZYVA,8.0,1.0,0.0722,1,1,1,FINALIZED_WITHIN_C2_LIMIT,0.055798,2.525
7193,40000.0,0.02,greedy,ZYZZYVA,8.0,1.0,0.0722,1,1,1,FINALIZED_WITHIN_C2_LIMIT,0.051029,2.294
7194,40000.0,0.02,greedy,ZYZZYVA,8.0,1.0,0.0722,1,1,1,FINALIZED_WITHIN_C2_LIMIT,0.046059,2.2
7195,40000.0,0.02,greedy,ZYZZYVA,8.0,1.0,0.0722,1,1,1,FINALIZED_WITHIN_C2_LIMIT,0.034664,2.635
7196,40000.0,0.02,greedy,ZYZZYVA,8.0,1.0,0.0722,1,1,1,FINALIZED_WITHIN_C2_LIMIT,0.05251,2.631
7197,40000.0,0.02,greedy,ZYZZYVA,8.0,1.0,0.0722,1,1,1,FINALIZED_WITHIN_C2_LIMIT,0.04235,2.445
7198,40000.0,0.02,greedy,ZYZZYVA,8.0,1.0,0.0722,1,1,1,FINALIZED_WITHIN_C2_LIMIT,0.039693,2.602
7199,40000.0,0.02,greedy,ZYZZYVA,8.0,1.0,0.0722,1,1,1,FINALIZED_WITHIN_C2_LIMIT,0.065285,2.824
7200,40000.0,0.02,greedy,ZYZZYVA,8.0,1.0,0.0722,1,1,1,FINALIZED_WITHIN_C2_LIMIT,0.02944,2.745
7201,40000.0,0.02,greedy,ZYZZYVA,8.0,1.0,0.0722,1,1,1,FINALIZED_WITHIN_C2_LIMIT,0.013112,2.669
7202,40000.0,0.02,greedy,ZYZZYVA,8.0,1.0,0.0722,1,1,1,FINALIZED_WITHIN_C2_LIMIT,0.026302,2.544
7203,40000.0,0.02,greedy,ZYZZYVA,8.0,1.0,0.0722,1,1,1,FINALIZED_WITHIN_C2_LIMIT,0.06409,2.386
7204,40000.0,0.02,greedy,ZYZZYVA,8.0,1.0,0.0722,1,1,1,FINALIZED_WITHIN_C2_LIMIT,0.044502,2.229
7205,40000.0,0.02,greedy,ZYZZYVA,8.0,1.0,0.0722,1,1,1,FINALIZED_WITHIN_C2_LIMIT,0.08108,2.496
7206,40000.0,0.02,greedy,ZYZZYVA,8.0,1.0,0.0722,1,1,1,FINALIZED_WITHIN_C2_LIMIT,0.10864,2.381
7207,40000.0,0.02,greedy,ZYZZYVA,8.0,1.0,0.0722,1,1,1,FINALIZED_WITHIN_C2_LIMIT,0.035153,2.487
7208,40000.0,0.02,greedy,ZYZZYVA,8.0,1.0,0.0722,1,1,1,FINALIZED_WITHIN_C2_LIMIT,0.011358,2.524
7209,40000.0,0.02,greedy,ZYZZYVA,8.0,1.0,0.0722,1,1,1,FINALIZED_WITHIN_C2_LIMIT,0.040954,2.551
7210,40000.0,0.02,greedy,LIU_QUORUM,8.0,1.0,0.0722,1,1,1,FINALIZED_WITHIN_C2_LIMIT,0.058003,2.191
7211,40000.0,0.02,greedy,LIU_QUORUM,8.0,1.0,0.0722,1,1,1,FINALIZED_WITHIN_C2_LIMIT,0.168718,2.316
7212,40000.0,0.02,greedy,LIU_QUORUM,8.0,1.0,0.0722,1,1,1,FINALIZED_WITHIN_C2_LIMIT,0.209296,2.335
7213,40000.0,0.02,greedy,PBFT,8.0,1.0,0.0722,1,1,1,FINALIZED_WITHIN_C2_LIMIT,0.048298,2.545
7214,40000.0,0.02,greedy,PBFT,8.0,1.0,0.0722,1,1,1,FINALIZED_WITHIN_C2_LIMIT,0.132595,2.631
7215,40000.0,0.02,greedy,PBFT,8.0,1.0,0.06,1,1,1,FINALIZED_WITHIN_C2_LIMIT,0.285193,2.427
7216,40000.0,0.02,greedy,PBFT,8.0,1.0,0.0722,1,1,1,FINALIZED_WITHIN_C2_LIMIT,0.114951,2.58
7217,40000.0,0.02,greedy,PBFT,8.0,1.0,0.0722,1,1,1,FINALIZED_WITHIN_C2_LIMIT,0.049822,2.598
7218,0.0,0.02,greedy,PBFT,8.0,1.0,0.0722,1,0,1,C2_DEADLINE_EXCEEDED,0.051964,2.789
7219,40000.0,0.02,greedy,PBFT,8.0,1.0,0.0722,1,1,1,FINALIZED_WITHIN_C2_LIMIT,0.016727,2.677
7220,40000.0,0.02,greedy,PBFT,8.0,1.0,0.0722,1,1,1,FINALIZED_WITHIN_C2_LIMIT,0.050042,2.699
7221,40000.0,0.02,greedy,PBFT,8.0,1.0,0.0722,1,1,1,FINALIZED_WITHIN_C2_LIMIT,0.013047,2.854
7222,40000.0,0.02,greedy,ZYZZYVA,8.0,1.0,0.0722,1,1,1,FINALIZED_WITHIN_C2_LIMIT,0.180883,2.632
7223,40000.0,0.02,greedy,ZYZZYVA,8.0,1.0,0.0722,1,1,1,FINALIZED_WITHIN_C2_LIMIT,0.266168,3.049
7224,40000.0,0.02,greedy,ZYZZYVA,8.0,1.0,0.0722,1,1,1,FINALIZED_WITHIN_C2_LIMIT,0.095536,2.697
7225,40000.0,0.02,greedy,ZYZZYVA,8.0,1.0,0.0722,1,1,1,FINALIZED_WITHIN_C2_LIMIT,0.105873,2.857
7226,40000.0,0.02,greedy,ZYZZYVA,8.0,1.0,0.0722,1,1,1,FINALIZED_WITHIN_C2_LIMIT,0.133393,2.733
7227,40000.0,0.02,greedy,ZYZZYVA,8.0,1.0,0.0722,1,1,1,FINALIZED_WITHIN_C2_LIMIT,0.035247,2.577
7228,40000.0,0.02,greedy,ZYZZYVA,8.0,1.0,0.0722,1,1,1,FINALIZED_WITHIN_C2_LIMIT,0.111875,2.604
7229,40000.0,0.02,greedy,ZYZZYVA,8.0,1.0,0.0722,1,1,1,FINALIZED_WITHIN_C2_LIMIT,0.197198,2.832
7230,40000.0,0.02,greedy,ZYZZYVA,8.0,1.0,0.0722,1,1,1,FINALIZED_WITHIN_C2_LIMIT,0.07658,2.592
7231,40000.0,0.02,greedy,ZYZZYVA,8.0,1.0,0.0722,1,1,1,FINALIZED_WITHIN_C2_LIMIT,0.086842,2.581
7232,40000.0,0.02,greedy,ZYZZYVA,8.0,1.0,0.0722,1,1,1,FINALIZED_WITHIN_C2_LIMIT,0.241569,2.461
7233,40000.0,0.02,greedy,ZYZZYVA,8.0,1.0,0.0722,1,1,1,FINALIZED_WITHIN_C2_LIMIT,0.105695,2.661
7234,40000.0,0.02,greedy,ZYZZYVA,8.0,1.0,0.0722,1,1,1,FINALIZED_WITHIN_C2_LIMIT,0.059671,2.832
7235,40000.0,0.02,greedy,ZYZZYVA,8.0,1.0,0.0722,1,1,1,FINALIZED_WITHIN_C2_LIMIT,0.127165,2.646
7236,40000.0,0.02,greedy,ZYZZYVA,8.0,1.0,0.0722,1,1,1,FINALIZED_WITHIN_C2_LIMIT,0.045718,2.397
7237,40000.0,0.02,greedy,ZYZZYVA,8.0,1.0,0.0722,1,1,1,FINALIZED_WITHIN_C2_LIMIT,0.124085,2.619
7238,30000.0,0.02,explore,LIU_QUORUM,6.0,1.0,0.0362,1,1,1,FINALIZED_WITHIN_C2_LIMIT,0.324219,1.817
7239,40000.0,0.02,greedy,ZYZZYVA,8.0,1.0,0.0722,1,1,1,FINALIZED_WITHIN_C2_LIMIT,0.081496,2.198
7240,40000.0,0.02,greedy,ZYZZYVA,8.0,1.0,0.0722,1,1,1,FINALIZED_WITHIN_C2_LIMIT,0.06101,1.898
7241,40000.0,0.02,greedy,ZYZZYVA,8.0,1.0,0.0722,1,1,1,FINALIZED_WITHIN_C2_LIMIT,0.11572,1.98
7242,40000.0,0.02,greedy,ZYZZYVA,8.0,1.0,0.0722,1,1,1,FINALIZED_WITHIN_C2_LIMIT,0.024721,2.045
7243,10000.0,0.02,explore,PBFT,2.0,1.0,0.0769,1,1,1,FINALIZED_WITHIN_C2_LIMIT,0.182998,0.939
7244,40000.0,0.02,greedy,ZYZZYVA,8.0,1.0,0.0722,1,1,1,FINALIZED_WITHIN_C2_LIMIT,0.269366,2.464
7245,40000.0,0.02,greedy,ZYZZYVA,8.0,1.0,0.0722,1,1,1,FINALIZED_WITHIN_C2_LIMIT,0.121522,2.405
7246,40000.0,0.02,greedy,ZYZZYVA,8.0,1.0,0.0722,1,1,1,FINALIZED_WITHIN_C2_LIMIT,0.03713,2.52
7247,40000.0,0.02,greedy,ZYZZYVA,8.0,1.0,0.0722,1,1,1,FINALIZED_WITHIN_C2_LIMIT,0.078717,2.618
7248,40000.0,0.02,greedy,ZYZZYVA,8.0,1.0,0.0722,1,1,1,FINALIZED_WITHIN_C2_LIMIT,0.019183,2.57
7249,40000.0,0.02,greedy,ZYZZYVA,8.0,1.0,0.0722,1,1,1,FINALIZED_WITHIN_C2_LIMIT,0.171211,2.368
7250,40000.0,0.02,greedy,ZYZZYVA,8.0,1.0,0.0722,1,1,1,FINALIZED_WITHIN_C2_LIMIT,0.274488,2.436
7251,40000.0,0.02,greedy,LIU_QUORUM,8.0,1.0,0.0722,1,1,1,FINALIZED_WITHIN_C2_LIMIT,0.167761,2.294
7252,27000.0,0.02,explore,LIU_QUORUM,5.4,1.0,0.0311,1,1,1,FINALIZED_WITHIN_C2_LIMIT,0.035066,1.724
7253,40000.0,0.02,greedy,LIU_QUORUM,8.0,1.0,0.0722,1,1,1,FINALIZED_WITHIN_C2_LIMIT,0.076591,2.314
7254,40000.0,0.02,greedy,LIU_QUORUM,8.0,1.0,0.0722,1,1,1,FINALIZED_WITHIN_C2_LIMIT,0.036251,1.896
7255,40000.0,0.02,greedy,LIU_QUORUM,8.0,1.0,0.0722,1,1,1,FINALIZED_WITHIN_C2_LIMIT,0.182752,2.06
7256,40000.0,0.02,greedy,LIU_QUORUM,8.0,1.0,0.0722,1,1,1,FINALIZED_WITHIN_C2_LIMIT,0.302885,1.912
7257,40000.0,0.02,greedy,LIU_QUORUM,8.0,1.0,0.0722,1,1,1,FINALIZED_WITHIN_C2_LIMIT,0.135296,2.186
7258,40000.0,0.02,greedy,LIU_QUORUM,8.0,1.0,0.0722,1,1,1,FINALIZED_WITHIN_C2_LIMIT,0.020906,2.14
7259,40000.0,0.02,greedy,LIU_QUORUM,8.0,1.0,0.0722,1,1,1,FINALIZED_WITHIN_C2_LIMIT,0.065774,2.124
7260,40000.0,0.02,greedy,LIU_QUORUM,8.0,1.0,0.0722,1,1,1,FINALIZED_WITHIN_C2_LIMIT,0.015512,2.016
7261,40000.0,0.02,greedy,LIU_QUORUM,8.0,1.0,0.0722,1,1,1,FINALIZED_WITHIN_C2_LIMIT,0.275327,2.06
7262,40000.0,0.02,greedy,LIU_QUORUM,8.0,1.0,0.0722,1,1,1,FINALIZED_WITHIN_C2_LIMIT,0.319807,2.136
7263,40000.0,0.02,greedy,LIU_QUORUM,8.0,1.0,0.0722,1,1,1,FINALIZED_WITHIN_C2_LIMIT,0.162078,2.154
7264,40000.0,0.02,greedy,LIU_QUORUM,8.0,1.0,0.0722,1,1,1,FINALIZED_WITHIN_C2_LIMIT,0.018069,1.935
7265,40000.0,0.02,greedy,LIU_QUORUM,8.0,1.0,0.0722,1,1,1,FINALIZED_WITHIN_C2_LIMIT,0.071272,2.231
7266,38000.0,0.02,explore,PBFT,7.6,1.0,0.0683,1,1,1,FINALIZED_WITHIN_C2_LIMIT,0.018666,1.935
7267,40000.0,0.02,greedy,LIU_QUORUM,8.0,1.0,0.0722,1,1,1,FINALIZED_WITHIN_C2_LIMIT,0.021684,1.955
7268,40000.0,0.02,greedy,LIU_QUORUM,8.0,1.0,0.0722,1,1,1,FINALIZED_WITHIN_C2_LIMIT,0.01846,1.729
7269,40000.0,0.02,greedy,ZYZZYVA,8.0,1.0,0.0722,1,1,1,FINALIZED_WITHIN_C2_LIMIT,0.127658,1.97
7270,40000.0,0.02,greedy,ZYZZYVA,8.0,1.0,0.0722,1,1,1,FINALIZED_WITHIN_C2_LIMIT,0.019669,1.879
7271,40000.0,0.02,greedy,ZYZZYVA,8.0,1.0,0.0722,1,1,1,FINALIZED_WITHIN_C2_LIMIT,0.01671,1.948
7272,40000.0,0.02,greedy,ZYZZYVA,8.0,1.0,0.0722,1,1,1,FINALIZED_WITHIN_C2_LIMIT,0.031723,1.936
7273,40000.0,0.02,greedy,ZYZZYVA,8.0,1.0,0.0722,1,1,1,FINALIZED_WITHIN_C2_LIMIT,0.016537,2.069
7274,40000.0,0.02,greedy,ZYZZYVA,8.0,1.0,0.0722,1,1,1,FINALIZED_WITHIN_C2_LIMIT,0.027563,1.753
7275,40000.0,0.02,greedy,ZYZZYVA,8.0,1.0,0.0722,1,1,1,FINALIZED_WITHIN_C2_LIMIT,0.015351,1.822
7276,40000.0,0.02,greedy,ZYZZYVA,8.0,1.0,0.0722,1,1,1,FINALIZED_WITHIN_C2_LIMIT,0.029482,1.852
7277,12000.0,0.02,explore,ZYZZYVA,2.4,1.0,0.067,1,1,1,FINALIZED_WITHIN_C2_LIMIT,0.019505,0.841
7278,40000.0,0.02,greedy,ZYZZYVA,8.0,1.0,0.0722,1,1,1,FINALIZED_WITHIN_C2_LIMIT,0.017302,2.171
7279,40000.0,0.02,greedy,LIU_QUORUM,8.0,1.0,0.0722,1,1,1,FINALIZED_WITHIN_C2_LIMIT,0.030539,2.097
7280,40000.0,0.02,greedy,LIU_QUORUM,8.0,1.0,0.0722,1,1,1,FINALIZED_WITHIN_C2_LIMIT,0.042372,2.374
7281,40000.0,0.02,greedy,LIU_QUORUM,8.0,1.0,0.0722,1,1,1,FINALIZED_WITHIN_C2_LIMIT,0.182041,2.12
7282,40000.0,0.02,greedy,LIU_QUORUM,8.0,1.0,0.0722,1,1,1,FINALIZED_WITHIN_C2_LIMIT,0.231035,2.374
7283,40000.0,0.02,greedy,ZYZZYVA,8.0,1.0,0.0722,1,1,1,FINALIZED_WITHIN_C2_LIMIT,0.092385,2.246
7284,40000.0,0.02,greedy,ZYZZYVA,8.0,1.0,0.0722,1,1,1,FINALIZED_WITHIN_C2_LIMIT,0.070765,2.414
7285,40000.0,0.02,greedy,ZYZZYVA,8.0,1.0,0.0722,1,1,1,FINALIZED_WITHIN_C2_LIMIT,0.15291,2.121
7286,40000.0,0.02,greedy,ZYZZYVA,8.0,1.0,0.0722,1,1,1,FINALIZED_WITHIN_C2_LIMIT,0.077055,2.481
7287,40000.0,0.02,greedy,ZYZZYVA,8.0,1.0,0.0722,1,1,1,FINALIZED_WITHIN_C2_LIMIT,0.054232,2.282
7288,40000.0,0.02,greedy,ZYZZYVA,8.0,1.0,0.0722,1,1,1,FINALIZED_WITHIN_C2_LIMIT,0.089977,2.078
7289,40000.0,0.02,greedy,ZYZZYVA,8.0,1.0,0.0722,1,1,1,FINALIZED_WITHIN_C2_LIMIT,0.019737,1.975
7290,40000.0,0.02,greedy,ZYZZYVA,8.0,1.0,0.0722,1,1,1,FINALIZED_WITHIN_C2_LIMIT,0.19851,2.09
7291,40000.0,0.02,greedy,ZYZZYVA,8.0,1.0,0.0722,1,1,1,FINALIZED_WITHIN_C2_LIMIT,0.391495,2.159
7292,40000.0,0.02,greedy,ZYZZYVA,8.0,1.0,0.0722,1,1,1,FINALIZED_WITHIN_C2_LIMIT,0.140036,2.41
7293,40000.0,0.02,greedy,ZYZZYVA,8.0,1.0,0.0722,1,1,1,FINALIZED_WITHIN_C2_LIMIT,0.017325,2.179
7294,40000.0,0.02,greedy,ZYZZYVA,8.0,1.0,0.0722,1,1,1,FINALIZED_WITHIN_C2_LIMIT,0.04932,2.259
7295,40000.0,0.02,greedy,ZYZZYVA,8.0,1.0,0.0722,1,1,1,FINALIZED_WITHIN_C2_LIMIT,0.016807,2.076
7296,40000.0,0.02,greedy,ZYZZYVA,8.0,1.0,0.0722,1,1,1,FINALIZED_WITHIN_C2_LIMIT,0.040259,2.271
7297,40000.0,0.02,greedy,ZYZZYVA,8.0,1.0,0.0722,1,1,1,FINALIZED_WITHIN_C2_LIMIT,0.014474,1.99
7298,40000.0,0.02,greedy,LIU_QUORUM,8.0,1.0,0.0722,1,1,1,FINALIZED_WITHIN_C2_LIMIT,0.024785,2.19
7299,40000.0,0.02,greedy,LIU_QUORUM,8.0,1.0,0.0722,1,1,1,FINALIZED_WITHIN_C2_LIMIT,0.018056,2.142
7300,0.0,0.02,greedy,PBFT,8.0,1.0,0.0722,1,0,1,C2_DEADLINE_EXCEEDED,0.019026,2.812
7301,40000.0,0.02,greedy,PBFT,8.0,1.0,0.0722,1,1,1,FINALIZED_WITHIN_C2_LIMIT,0.020729,2.267
7302,40000.0,0.02,greedy,PBFT,8.0,1.0,0.0722,1,1,1,FINALIZED_WITHIN_C2_LIMIT,0.035177,2.224
7303,40000.0,0.02,greedy,PBFT,8.0,1.0,0.0722,1,1,1,FINALIZED_WITHIN_C2_LIMIT,0.021388,2.075
7304,0.0,0.02,greedy,PBFT,8.0,1.0,0.0722,1,0,1,C2_DEADLINE_EXCEEDED,0.021722,2.056
7305,40000.0,0.02,greedy,PBFT,8.0,1.0,0.0722,1,1,1,FINALIZED_WITHIN_C2_LIMIT,0.047898,2.282
7306,40000.0,0.02,greedy,PBFT,8.0,1.0,0.0722,1,1,1,FINALIZED_WITHIN_C2_LIMIT,0.024274,2.643
7307,0.0,0.02,greedy,PBFT,8.0,1.0,0.0722,1,0,1,C2_DEADLINE_EXCEEDED,0.129325,2.127
7308,40000.0,0.02,greedy,PBFT,8.0,1.0,0.0722,1,1,1,FINALIZED_WITHIN_C2_LIMIT,0.10964,2.082
7309,40000.0,0.02,greedy,ZYZZYVA,8.0,1.0,0.0722,1,1,1,FINALIZED_WITHIN_C2_LIMIT,0.040384,2.273
7310,40000.0,0.02,greedy,ZYZZYVA,8.0,1.0,0.0722,1,1,1,FINALIZED_WITHIN_C2_LIMIT,0.018422,2.313
7311,40000.0,0.02,greedy,ZYZZYVA,8.0,1.0,0.0722,1,1,1,FINALIZED_WITHIN_C2_LIMIT,0.029467,2.099
7312,40000.0,0.02,greedy,ZYZZYVA,8.0,1.0,0.0722,1,1,1,FINALIZED_WITHIN_C2_LIMIT,0.04584,2.266
7313,40000.0,0.02,greedy,ZYZZYVA,8.0,1.0,0.0722,1,1,1,FINALIZED_WITHIN_C2_LIMIT,0.038792,2.195
7314,40000.0,0.02,greedy,ZYZZYVA,8.0,1.0,0.0722,1,1,1,FINALIZED_WITHIN_C2_LIMIT,0.10382,2.471
7315,40000.0,0.02,greedy,ZYZZYVA,8.0,1.0,0.0722,1,1,1,FINALIZED_WITHIN_C2_LIMIT,0.126151,2.128
7316,40000.0,0.02,greedy,ZYZZYVA,8.0,1.0,0.0722,1,1,1,FINALIZED_WITHIN_C2_LIMIT,0.031678,2.31
7317,40000.0,0.02,greedy,ZYZZYVA,8.0,1.0,0.0722,1,1,1,FINALIZED_WITHIN_C2_LIMIT,0.200105,2.231
7318,40000.0,0.02,greedy,ZYZZYVA,8.0,1.0,0.0722,1,1,1,FINALIZED_WITHIN_C2_LIMIT,0.407338,2.377
7319,40000.0,0.02,greedy,ZYZZYVA,8.0,1.0,0.0722,1,1,1,FINALIZED_WITHIN_C2_LIMIT,0.272838,2.534
7320,40000.0,0.02,greedy,ZYZZYVA,8.0,1.0,0.0722,1,1,1,FINALIZED_WITHIN_C2_LIMIT,0.017638,2.458
7321,40000.0,0.02,greedy,ZYZZYVA,8.0,1.0,0.0722,1,1,1,FINALIZED_WITHIN_C2_LIMIT,0.387557,2.116
7322,40000.0,0.02,greedy,ZYZZYVA,8.0,1.0,0.0722,1,1,1,FINALIZED_WITHIN_C2_LIMIT,0.833906,2.44
7323,27000.0,0.02,explore,ZYZZYVA,5.4,1.0,0.0401,1,1,1,FINALIZED_WITHIN_C2_LIMIT,0.912773,1.607
7324,40000.0,0.02,greedy,ZYZZYVA,8.0,1.0,0.0722,1,1,1,FINALIZED_WITHIN_C2_LIMIT,0.331044,2.197
7325,40000.0,0.02,greedy,ZYZZYVA,8.0,1.0,0.0722,1,1,1,FINALIZED_WITHIN_C2_LIMIT,0.022308,1.934
7326,40000.0,0.02,greedy,ZYZZYVA,8.0,1.0,0.0722,1,1,1,FINALIZED_WITHIN_C2_LIMIT,0.362995,2.018
7327,40000.0,0.02,greedy,LIU_QUORUM,8.0,1.0,0.0722,1,1,1,FINALIZED_WITHIN_C2_LIMIT,0.764725,1.912
7328,40000.0,0.02,greedy,LIU_QUORUM,8.0,1.0,0.0722,1,1,1,FINALIZED_WITHIN_C2_LIMIT,0.662887,2.341
7329,40000.0,0.02,greedy,LIU_QUORUM,8.0,1.0,0.0722,1,1,1,FINALIZED_WITHIN_C2_LIMIT,0.24958,2.072
7330,40000.0,0.02,greedy,LIU_QUORUM,8.0,1.0,0.0722,1,1,1,FINALIZED_WITHIN_C2_LIMIT,0.027724,2.298
7331,40000.0,0.02,greedy,LIU_QUORUM,8.0,1.0,0.0722,1,1,1,FINALIZED_WITHIN_C2_LIMIT,0.154837,1.893
7332,40000.0,0.02,greedy,LIU_QUORUM,8.0,1.0,0.0722,1,1,1,FINALIZED_WITHIN_C2_LIMIT,0.126652,2.104
7333,40000.0,0.02,greedy,LIU_QUORUM,8.0,1.0,0.0722,1,1,1,FINALIZED_WITHIN_C2_LIMIT,0.027797,2.419
7334,40000.0,0.02,greedy,LIU_QUORUM,8.0,1.0,0.0722,1,1,1,FINALIZED_WITHIN_C2_LIMIT,0.036892,2.154
7335,40000.0,0.02,greedy,LIU_QUORUM,8.0,1.0,0.0722,1,1,1,FINALIZED_WITHIN_C2_LIMIT,0.055796,1.86
7336,40000.0,0.02,greedy,LIU_QUORUM,8.0,1.0,0.0722,1,1,1,FINALIZED_WITHIN_C2_LIMIT,0.035937,1.864
7337,40000.0,0.02,greedy,LIU_QUORUM,8.0,1.0,0.0722,1,1,1,FINALIZED_WITHIN_C2_LIMIT,0.043454,2.041
7338,40000.0,0.02,greedy,LIU_QUORUM,8.0,1.0,0.0722,1,1,1,FINALIZED_WITHIN_C2_LIMIT,0.076817,2.21
7339,40000.0,0.02,greedy,LIU_QUORUM,8.0,1.0,0.0722,1,1,1,FINALIZED_WITHIN_C2_LIMIT,0.019712,1.919
7340,40000.0,0.02,greedy,LIU_QUORUM,8.0,1.0,0.0722,1,1,1,FINALIZED_WITHIN_C2_LIMIT,0.021472,2.267
7341,40000.0,0.02,greedy,ZYZZYVA,8.0,1.0,0.0722,1,1,1,FINALIZED_WITHIN_C2_LIMIT,0.086048,2.224
7342,40000.0,0.02,greedy,ZYZZYVA,8.0,1.0,0.0722,1,1,1,FINALIZED_WITHIN_C2_LIMIT,0.081773,2.343
7343,40000.0,0.02,greedy,ZYZZYVA,8.0,1.0,0.0722,1,1,1,FINALIZED_WITHIN_C2_LIMIT,0.012028,1.882
7344,40000.0,0.02,greedy,ZYZZYVA,8.0,1.0,0.0722,1,1,1,FINALIZED_WITHIN_C2_LIMIT,0.015119,2.138
7345,40000.0,0.02,greedy,ZYZZYVA,8.0,1.0,0.0722,1,1,1,FINALIZED_WITHIN_C2_LIMIT,0.014126,1.955
7346,7000.0,0.02,explore,LIU_QUORUM,1.4,1.0,0.1284,1,1,1,FINALIZED_WITHIN_C2_LIMIT,0.052462,0.657
7347,10000.0,0.02,explore,LIU_QUORUM,2.0,1.0,0.0651,1,1,1,FINALIZED_WITHIN_C2_LIMIT,0.027687,0.92
7348,40000.0,0.02,greedy,ZYZZYVA,8.0,1.0,0.0722,1,1,1,FINALIZED_WITHIN_C2_LIMIT,0.155517,2.224
7349,40000.0,0.02,greedy,ZYZZYVA,8.0,1.0,0.0722,1,1,1,FINALIZED_WITHIN_C2_LIMIT,0.162436,1.955
7350,40000.0,0.02,greedy,PBFT,8.0,1.0,0.0722,1,1,1,FINALIZED_WITHIN_C2_LIMIT,0.053957,2.421
7351,40000.0,0.02,greedy,PBFT,8.0,1.0,0.0722,1,1,1,FINALIZED_WITHIN_C2_LIMIT,0.141789,2.291
7352,40000.0,0.02,greedy,PBFT,8.0,1.0,0.0722,1,1,1,FINALIZED_WITHIN_C2_LIMIT,0.266438,2.401
7353,40000.0,0.02,greedy,PBFT,8.0,1.0,0.0722,1,1,1,FINALIZED_WITHIN_C2_LIMIT,0.170276,2.147
7354,40000.0,0.02,greedy,PBFT,8.0,1.0,0.0722,1,1,1,FINALIZED_WITHIN_C2_LIMIT,0.022538,2.183
7355,40000.0,0.02,greedy,PBFT,8.0,1.0,0.0722,1,1,1,FINALIZED_WITHIN_C2_LIMIT,0.033848,2.042
7356,40000.0,0.02,greedy,PBFT,8.0,1.0,0.0722,1,1,1,FINALIZED_WITHIN_C2_LIMIT,0.022039,2.443
7357,40000.0,0.02,greedy,PBFT,8.0,1.0,0.0722,1,1,1,FINALIZED_WITHIN_C2_LIMIT,0.037181,2.213
7358,40000.0,0.02,greedy,PBFT,8.0,1.0,0.0722,1,1,1,FINALIZED_WITHIN_C2_LIMIT,0.041694,2.441
7359,40000.0,0.02,greedy,PBFT,8.0,1.0,0.0722,1,1,1,FINALIZED_WITHIN_C2_LIMIT,0.017055,2.243
7360,40000.0,0.02,greedy,ZYZZYVA,8.0,1.0,0.0722,1,1,1,FINALIZED_WITHIN_C2_LIMIT,0.168445,2.306
7361,40000.0,0.02,greedy,ZYZZYVA,8.0,1.0,0.0722,1,1,1,FINALIZED_WITHIN_C2_LIMIT,0.180068,2.189
7362,40000.0,0.02,greedy,ZYZZYVA,8.0,1.0,0.0722,1,1,1,FINALIZED_WITHIN_C2_LIMIT,0.05207,2.291
7363,40000.0,0.02,greedy,ZYZZYVA,8.0,1.0,0.0722,1,1,1,FINALIZED_WITHIN_C2_LIMIT,0.183615,2.137
7364,40000.0,0.02,greedy,ZYZZYVA,8.0,1.0,0.0722,1,1,1,FINALIZED_WITHIN_C2_LIMIT,0.268562,2.397
7365,40000.0,0.02,greedy,ZYZZYVA,8.0,1.0,0.0722,1,1,1,FINALIZED_WITHIN_C2_LIMIT,0.151695,2.239
7366,40000.0,0.02,greedy,ZYZZYVA,8.0,1.0,0.0722,1,1,1,FINALIZED_WITHIN_C2_LIMIT,0.069874,2.216
7367,40000.0,0.02,greedy,ZYZZYVA,8.0,1.0,0.0722,1,1,1,FINALIZED_WITHIN_C2_LIMIT,0.034622,2.171
7368,40000.0,0.02,greedy,ZYZZYVA,8.0,1.0,0.0722,1,1,1,FINALIZED_WITHIN_C2_LIMIT,0.068053,2.373
7369,40000.0,0.02,greedy,ZYZZYVA,8.0,1.0,0.0722,1,1,1,FINALIZED_WITHIN_C2_LIMIT,0.016057,2.404
7370,40000.0,0.02,greedy,ZYZZYVA,8.0,1.0,0.0722,1,1,1,FINALIZED_WITHIN_C2_LIMIT,0.04791,2.286
7371,40000.0,0.02,greedy,ZYZZYVA,8.0,1.0,0.0722,1,1,1,FINALIZED_WITHIN_C2_LIMIT,0.023545,2.372
7372,40000.0,0.02,greedy,ZYZZYVA,8.0,1.0,0.0722,1,1,1,FINALIZED_WITHIN_C2_LIMIT,0.116708,2.232
7373,40000.0,0.02,greedy,ZYZZYVA,8.0,1.0,0.0722,1,1,1,FINALIZED_WITHIN_C2_LIMIT,0.132345,2.142
7374,40000.0,0.02,greedy,LIU_QUORUM,8.0,1.0,0.0722,1,1,1,FINALIZED_WITHIN_C2_LIMIT,0.021503,2.652
7375,40000.0,0.02,greedy,LIU_QUORUM,8.0,1.0,0.0722,1,1,1,FINALIZED_WITHIN_C2_LIMIT,0.204917,1.981
7376,40000.0,0.02,greedy,LIU_QUORUM,8.0,1.0,0.0722,1,1,1,FINALIZED_WITHIN_C2_LIMIT,0.339422,2.051
7377,40000.0,0.02,greedy,LIU_QUORUM,8.0,1.0,0.0722,1,1,1,FINALIZED_WITHIN_C2_LIMIT,0.242352,2.195
7378,40000.0,0.02,greedy,LIU_QUORUM,8.0,1.0,0.0722,1,1,1,FINALIZED_WITHIN_C2_LIMIT,0.027909,2.328
7379,40000.0,0.02,greedy,LIU_QUORUM,8.0,1.0,0.0722,1,1,1,FINALIZED_WITHIN_C2_LIMIT,0.397523,2.02
7380,40000.0,0.02,greedy,LIU_QUORUM,8.0,1.0,0.0722,1,1,1,FINALIZED_WITHIN_C2_LIMIT,0.909714,1.992
7381,40000.0,0.02,greedy,LIU_QUORUM,8.0,1.0,0.0722,1,1,1,FINALIZED_WITHIN_C2_LIMIT,0.894895,1.822
7382,40000.0,0.02,greedy,LIU_QUORUM,8.0,1.0,0.0722,1,1,1,FINALIZED_WITHIN_C2_LIMIT,0.402957,1.998
7383,40000.0,0.02,greedy,LIU_QUORUM,8.0,1.0,0.0722,1,1,1,FINALIZED_WITHIN_C2_LIMIT,0.018969,2.047
7384,40000.0,0.02,greedy,LIU_QUORUM,8.0,1.0,0.0722,1,1,1,FINALIZED_WITHIN_C2_LIMIT,0.536285,2.307
7385,40000.0,0.02,greedy,LIU_QUORUM,8.0,1.0,0.0722,1,1,1,FINALIZED_WITHIN_C2_LIMIT,1.250752,1.872
7386,40000.0,0.02,greedy,LIU_QUORUM,8.0,1.0,0.0722,1,1,1,FINALIZED_WITHIN_C2_LIMIT,1.473081,2.092
7387,40000.0,0.02,greedy,LIU_QUORUM,8.0,1.0,0.0722,1,1,1,FINALIZED_WITHIN_C2_LIMIT,0.993364,2.078
7388,40000.0,0.02,greedy,LIU_QUORUM,8.0,1.0,0.0722,1,1,1,FINALIZED_WITHIN_C2_LIMIT,0.288916,2.274
7389,40000.0,0.02,greedy,LIU_QUORUM,8.0,1.0,0.0722,1,1,1,FINALIZED_WITHIN_C2_LIMIT,0.038511,2.0
7390,40000.0,0.02,greedy,LIU_QUORUM,8.0,1.0,0.0722,1,1,1,FINALIZED_WITHIN_C2_LIMIT,0.312461,1.867
7391,40000.0,0.02,greedy,LIU_QUORUM,8.0,1.0,0.0722,1,1,1,FINALIZED_WITHIN_C2_LIMIT,0.331512,2.028
7392,40000.0,0.02,greedy,LIU_QUORUM,8.0,1.0,0.0722,1,1,1,FINALIZED_WITHIN_C2_LIMIT,0.10431,2.11
7393,40000.0,0.02,greedy,LIU_QUORUM,8.0,1.0,0.0722,1,1,1,FINALIZED_WITHIN_C2_LIMIT,0.068756,1.975
7394,40000.0,0.02,greedy,LIU_QUORUM,8.0,1.0,0.0722,1,1,1,FINALIZED_WITHIN_C2_LIMIT,0.159722,2.046
7395,40000.0,0.02,greedy,LIU_QUORUM,8.0,1.0,0.0722,1,1,1,FINALIZED_WITHIN_C2_LIMIT,0.077948,1.838
7396,40000.0,0.02,greedy,ZYZZYVA,8.0,1.0,0.0722,1,1,1,FINALIZED_WITHIN_C2_LIMIT,0.120239,2.061
7397,40000.0,0.02,greedy,ZYZZYVA,8.0,1.0,0.0722,1,1,1,FINALIZED_WITHIN_C2_LIMIT,0.053626,1.907
7398,40000.0,0.02,greedy,ZYZZYVA,8.0,1.0,0.0722,1,1,1,FINALIZED_WITHIN_C2_LIMIT,0.044323,2.075
7399,40000.0,0.02,greedy,ZYZZYVA,8.0,1.0,0.0722,1,1,1,FINALIZED_WITHIN_C2_LIMIT,0.030218,2.104
7400,40000.0,0.02,greedy,ZYZZYVA,8.0,1.0,0.0722,1,1,1,FINALIZED_WITHIN_C2_LIMIT,0.127914,1.997
7401,40000.0,0.02,greedy,ZYZZYVA,8.0,1.0,0.0722,1,1,1,FINALIZED_WITHIN_C2_LIMIT,0.022339,2.113
7402,40000.0,0.02,greedy,ZYZZYVA,8.0,1.0,0.0722,1,1,1,FINALIZED_WITHIN_C2_LIMIT,0.14717,2.263
7403,40000.0,0.02,greedy,ZYZZYVA,8.0,1.0,0.0722,1,1,1,FINALIZED_WITHIN_C2_LIMIT,0.190713,2.155
7404,40000.0,0.02,greedy,ZYZZYVA,8.0,1.0,0.0722,1,1,1,FINALIZED_WITHIN_C2_LIMIT,0.061494,2.14
7405,40000.0,0.02,greedy,ZYZZYVA,8.0,1.0,0.0722,1,1,1,FINALIZED_WITHIN_C2_LIMIT,0.075309,2.17
7406,40000.0,0.02,greedy,ZYZZYVA,8.0,1.0,0.0722,1,1,1,FINALIZED_WITHIN_C2_LIMIT,0.172338,2.284
7407,40000.0,0.02,greedy,ZYZZYVA,8.0,1.0,0.0722,1,1,1,FINALIZED_WITHIN_C2_LIMIT,0.065909,2.034
7408,40000.0,0.02,greedy,ZYZZYVA,8.0,1.0,0.0722,1,1,1,FINALIZED_WITHIN_C2_LIMIT,0.117095,2.288
7409,40000.0,0.02,greedy,ZYZZYVA,8.0,1.0,0.0722,1,1,1,FINALIZED_WITHIN_C2_LIMIT,0.112297,2.233
7410,40000.0,0.02,greedy,ZYZZYVA,8.0,1.0,0.0722,1,1,1,FINALIZED_WITHIN_C2_LIMIT,0.032823,2.411
7411,40000.0,0.02,greedy,ZYZZYVA,8.0,1.0,0.0722,1,1,1,FINALIZED_WITHIN_C2_LIMIT,0.145978,2.395
7412,40000.0,0.02,greedy,ZYZZYVA,8.0,1.0,0.0722,1,1,1,FINALIZED_WITHIN_C2_LIMIT,0.212059,2.808
7413,40000.0,0.02,greedy,ZYZZYVA,8.0,1.0,0.0722,1,1,1,FINALIZED_WITHIN_C2_LIMIT,0.088062,2.439
7414,40000.0,0.02,greedy,ZYZZYVA,8.0,1.0,0.0722,1,1,1,FINALIZED_WITHIN_C2_LIMIT,0.064475,2.435
7415,40000.0,0.02,greedy,ZYZZYVA,8.0,1.0,0.0722,1,1,1,FINALIZED_WITHIN_C2_LIMIT,0.088302,2.621
7416,18000.0,0.02,explore,ZYZZYVA,3.6,1.0,0.068,1,1,1,FINALIZED_WITHIN_C2_LIMIT,0.037469,1.119
7417,40000.0,0.02,greedy,ZYZZYVA,8.0,1.0,0.0731,1,1,1,FINALIZED_WITHIN_C2_LIMIT,0.157661,1.98
7418,40000.0,0.02,greedy,ZYZZYVA,8.0,1.0,0.0731,1,1,1,FINALIZED_WITHIN_C2_LIMIT,0.237084,1.876
7419,40000.0,0.02,greedy,ZYZZYVA,8.0,1.0,0.0731,1,1,1,FINALIZED_WITHIN_C2_LIMIT,0.129923,2.003
7420,40000.0,0.02,greedy,ZYZZYVA,8.0,1.0,0.0722,1,1,1,FINALIZED_WITHIN_C2_LIMIT,0.059756,1.964
7421,40000.0,0.02,greedy,ZYZZYVA,8.0,1.0,0.0722,1,1,1,FINALIZED_WITHIN_C2_LIMIT,0.118304,1.972
7422,40000.0,0.02,greedy,LIU_QUORUM,8.0,1.0,0.0722,1,1,1,FINALIZED_WITHIN_C2_LIMIT,0.032145,2.309
7423,40000.0,0.02,greedy,LIU_QUORUM,8.0,1.0,0.0722,1,1,1,FINALIZED_WITHIN_C2_LIMIT,0.158917,2.048
7424,40000.0,0.02,greedy,LIU_QUORUM,8.0,1.0,0.0722,1,1,1,FINALIZED_WITHIN_C2_LIMIT,0.273346,1.926
7425,40000.0,0.02,greedy,LIU_QUORUM,8.0,1.0,0.0722,1,1,1,FINALIZED_WITHIN_C2_LIMIT,0.126797,2.172
7426,28000.0,0.02,explore,LIU_QUORUM,5.6,1.0,0.0789,1,1,1,FINALIZED_WITHIN_C2_LIMIT,0.111323,1.483
7427,40000.0,0.02,greedy,LIU_QUORUM,8.0,1.0,0.0722,1,1,1,FINALIZED_WITHIN_C2_LIMIT,0.063084,1.944
7428,40000.0,0.02,greedy,LIU_QUORUM,8.0,1.0,0.0722,1,1,1,FINALIZED_WITHIN_C2_LIMIT,0.020629,2.031
7429,40000.0,0.02,greedy,LIU_QUORUM,8.0,1.0,0.0722,1,1,1,FINALIZED_WITHIN_C2_LIMIT,0.163208,2.301
7430,40000.0,0.02,greedy,LIU_QUORUM,8.0,1.0,0.0722,1,1,1,FINALIZED_WITHIN_C2_LIMIT,0.265732,1.931
7431,40000.0,0.02,greedy,LIU_QUORUM,8.0,1.0,0.0722,1,1,1,FINALIZED_WITHIN_C2_LIMIT,0.106995,2.27
7432,40000.0,0.02,greedy,LIU_QUORUM,8.0,1.0,0.0722,1,1,1,FINALIZED_WITHIN_C2_LIMIT,0.058636,2.042
7433,40000.0,0.02,greedy,LIU_QUORUM,8.0,1.0,0.0722,1,1,1,FINALIZED_WITHIN_C2_LIMIT,0.069147,2.138
7434,40000.0,0.02,greedy,LIU_QUORUM,8.0,1.0,0.0722,1,1,1,FINALIZED_WITHIN_C2_LIMIT,0.024943,2.239
7435,40000.0,0.02,greedy,LIU_QUORUM,8.0,1.0,0.0722,1,1,1,FINALIZED_WITHIN_C2_LIMIT,0.144504,2.643
7436,40000.0,0.02,greedy,LIU_QUORUM,8.0,1.0,0.0722,1,1,1,FINALIZED_WITHIN_C2_LIMIT,0.267497,2.149
7437,40000.0,0.02,greedy,LIU_QUORUM,8.0,1.0,0.0722,1,1,1,FINALIZED_WITHIN_C2_LIMIT,0.096912,2.674
7438,40000.0,0.02,greedy,ZYZZYVA,8.0,1.0,0.0722,1,1,1,FINALIZED_WITHIN_C2_LIMIT,0.10591,2.033
7439,40000.0,0.02,greedy,ZYZZYVA,8.0,1.0,0.0722,1,1,1,FINALIZED_WITHIN_C2_LIMIT,0.069805,2.208
7440,40000.0,0.02,greedy,ZYZZYVA,8.0,1.0,0.0722,1,1,1,FINALIZED_WITHIN_C2_LIMIT,0.034468,2.361
7441,40000.0,0.02,greedy,ZYZZYVA,8.0,1.0,0.0722,1,1,1,FINALIZED_WITHIN_C2_LIMIT,0.158582,1.961
7442,40000.0,0.02,greedy,ZYZZYVA,8.0,1.0,0.0722,1,1,1,FINALIZED_WITHIN_C2_LIMIT,0.243203,1.99
7443,40000.0,0.02,greedy,ZYZZYVA,8.0,1.0,0.0722,1,1,1,FINALIZED_WITHIN_C2_LIMIT,0.103174,2.173
7444,40000.0,0.02,greedy,ZYZZYVA,8.0,1.0,0.0722,1,1,1,FINALIZED_WITHIN_C2_LIMIT,0.043255,1.905
7445,40000.0,0.02,greedy,ZYZZYVA,8.0,1.0,0.0722,1,1,1,FINALIZED_WITHIN_C2_LIMIT,0.126608,2.154
7446,40000.0,0.02,greedy,ZYZZYVA,8.0,1.0,0.0722,1,1,1,FINALIZED_WITHIN_C2_LIMIT,0.019003,2.13
7447,40000.0,0.02,greedy,ZYZZYVA,8.0,1.0,0.0722,1,1,1,FINALIZED_WITHIN_C2_LIMIT,0.153363,3.049
7448,40000.0,0.02,greedy,ZYZZYVA,8.0,1.0,0.0722,1,1,1,FINALIZED_WITHIN_C2_LIMIT,0.233429,2.714
7449,40000.0,0.02,greedy,ZYZZYVA,8.0,1.0,0.0722,1,1,1,FINALIZED_WITHIN_C2_LIMIT,0.106719,2.811
7450,40000.0,0.02,greedy,ZYZZYVA,8.0,1.0,0.0722,1,1,1,FINALIZED_WITHIN_C2_LIMIT,0.03104,2.132
7451,40000.0,0.02,greedy,ZYZZYVA,8.0,1.0,0.0722,1,1,1,FINALIZED_WITHIN_C2_LIMIT,0.078499,2.184
7452,40000.0,0.02,greedy,ZYZZYVA,8.0,1.0,0.0722,1,1,1,FINALIZED_WITHIN_C2_LIMIT,0.015075,2.089
7453,40000.0,0.02,greedy,ZYZZYVA,8.0,1.0,0.0722,1,1,1,FINALIZED_WITHIN_C2_LIMIT,0.129536,2.159
7454,40000.0,0.02,greedy,ZYZZYVA,8.0,1.0,0.0722,1,1,1,FINALIZED_WITHIN_C2_LIMIT,0.240512,2.03
7455,40000.0,0.02,greedy,ZYZZYVA,8.0,1.0,0.0722,1,1,1,FINALIZED_WITHIN_C2_LIMIT,0.10164,2.416
7456,40000.0,0.02,greedy,ZYZZYVA,8.0,1.0,0.0722,1,1,1,FINALIZED_WITHIN_C2_LIMIT,0.153041,2.136
7457,40000.0,0.02,greedy,ZYZZYVA,8.0,1.0,0.0722,1,1,1,FINALIZED_WITHIN_C2_LIMIT,0.10967,2.029
7458,40000.0,0.02,greedy,ZYZZYVA,8.0,1.0,0.0722,1,1,1,FINALIZED_WITHIN_C2_LIMIT,0.031844,2.075
7459,40000.0,0.02,greedy,ZYZZYVA,8.0,1.0,0.0722,1,1,1,FINALIZED_WITHIN_C2_LIMIT,0.142724,2.349
7460,40000.0,0.02,greedy,ZYZZYVA,8.0,1.0,0.0722,1,1,1,FINALIZED_WITHIN_C2_LIMIT,0.232829,2.138
7461,40000.0,0.02,greedy,ZYZZYVA,8.0,1.0,0.0722,1,1,1,FINALIZED_WITHIN_C2_LIMIT,0.102918,2.603
7462,40000.0,0.02,greedy,ZYZZYVA,8.0,1.0,0.0722,1,1,1,FINALIZED_WITHIN_C2_LIMIT,0.044545,2.054
7463,40000.0,0.02,explore,LIU_QUORUM,8.0,1.0,0.0401,1,1,1,FINALIZED_WITHIN_C2_LIMIT,0.077267,2.259
7464,40000.0,0.02,greedy,ZYZZYVA,8.0,1.0,0.0722,1,1,1,FINALIZED_WITHIN_C2_LIMIT,0.02226,2.001
7465,8000.0,0.02,explore,PBFT,1.6,1.0,0.0278,1,1,1,FINALIZED_WITHIN_C2_LIMIT,0.142925,0.751
7466,40000.0,0.02,greedy,ZYZZYVA,8.0,1.0,0.0722,1,1,1,FINALIZED_WITHIN_C2_LIMIT,0.199366,2.573
7467,40000.0,0.02,greedy,ZYZZYVA,8.0,1.0,0.0722,1,1,1,FINALIZED_WITHIN_C2_LIMIT,0.074651,2.265
7468,40000.0,0.02,greedy,ZYZZYVA,8.0,1.0,0.0722,1,1,1,FINALIZED_WITHIN_C2_LIMIT,0.036711,2.607
7469,40000.0,0.02,greedy,ZYZZYVA,8.0,1.0,0.0722,1,1,1,FINALIZED_WITHIN_C2_LIMIT,0.072625,2.29
7470,40000.0,0.02,greedy,ZYZZYVA,8.0,1.0,0.0722,1,1,1,FINALIZED_WITHIN_C2_LIMIT,0.058708,2.148
7471,40000.0,0.02,greedy,ZYZZYVA,8.0,1.0,0.0722,1,1,1,FINALIZED_WITHIN_C2_LIMIT,0.137941,2.194
7472,39000.0,0.02,explore,PBFT,7.8,1.0,0.0715,1,1,1,FINALIZED_WITHIN_C2_LIMIT,0.216374,2.548
7473,40000.0,0.02,greedy,ZYZZYVA,8.0,1.0,0.0722,1,1,1,FINALIZED_WITHIN_C2_LIMIT,0.087977,2.185
7474,40000.0,0.02,greedy,ZYZZYVA,8.0,1.0,0.0722,1,1,1,FINALIZED_WITHIN_C2_LIMIT,0.031775,1.874
7475,40000.0,0.02,greedy,ZYZZYVA,8.0,1.0,0.0722,1,1,1,FINALIZED_WITHIN_C2_LIMIT,0.086802,2.138
7476,40000.0,0.02,greedy,ZYZZYVA,8.0,1.0,0.0722,1,1,1,FINALIZED_WITHIN_C2_LIMIT,0.015181,1.971
7477,40000.0,0.02,greedy,ZYZZYVA,8.0,1.0,0.0731,1,1,1,FINALIZED_WITHIN_C2_LIMIT,0.133245,2.413
7478,40000.0,0.02,greedy,ZYZZYVA,8.0,1.0,0.0731,1,1,1,FINALIZED_WITHIN_C2_LIMIT,0.192912,1.975
7479,40000.0,0.02,greedy,ZYZZYVA,8.0,1.0,0.0731,1,1,1,FINALIZED_WITHIN_C2_LIMIT,0.092229,1.89
7480,40000.0,0.02,greedy,ZYZZYVA,8.0,1.0,0.0722,1,1,1,FINALIZED_WITHIN_C2_LIMIT,0.132009,2.166
7481,40000.0,0.02,greedy,ZYZZYVA,8.0,1.0,0.0722,1,1,1,FINALIZED_WITHIN_C2_LIMIT,0.091386,2.074
7482,40000.0,0.02,greedy,ZYZZYVA,8.0,1.0,0.0731,1,1,1,FINALIZED_WITHIN_C2_LIMIT,0.086982,1.889
7483,40000.0,0.02,greedy,ZYZZYVA,8.0,1.0,0.0731,1,1,1,FINALIZED_WITHIN_C2_LIMIT,0.130299,1.872
7484,40000.0,0.02,greedy,ZYZZYVA,8.0,1.0,0.0731,1,1,1,FINALIZED_WITHIN_C2_LIMIT,0.183211,2.105
7485,40000.0,0.02,greedy,ZYZZYVA,8.0,1.0,0.0722,1,1,1,FINALIZED_WITHIN_C2_LIMIT,0.100092,2.043
7486,40000.0,0.02,greedy,ZYZZYVA,8.0,1.0,0.0722,1,1,1,FINALIZED_WITHIN_C2_LIMIT,0.036703,2.448
7487,40000.0,0.02,greedy,ZYZZYVA,8.0,1.0,0.0722,1,1,1,FINALIZED_WITHIN_C2_LIMIT,0.177531,2.213
7488,40000.0,0.02,greedy,ZYZZYVA,8.0,1.0,0.0722,1,1,1,FINALIZED_WITHIN_C2_LIMIT,0.029627,2.223
7489,40000.0,0.02,greedy,ZYZZYVA,8.0,1.0,0.0722,1,1,1,FINALIZED_WITHIN_C2_LIMIT,0.119689,2.378
7490,40000.0,0.02,greedy,ZYZZYVA,8.0,1.0,0.0722,1,1,1,FINALIZED_WITHIN_C2_LIMIT,0.193621,2.524
7491,40000.0,0.02,greedy,ZYZZYVA,8.0,1.0,0.0722,1,1,1,FINALIZED_WITHIN_C2_LIMIT,0.064189,2.52
7492,40000.0,0.02,greedy,ZYZZYVA,8.0,1.0,0.0722,1,1,1,FINALIZED_WITHIN_C2_LIMIT,0.154992,2.377
7493,40000.0,0.02,greedy,ZYZZYVA,8.0,1.0,0.0722,1,1,1,FINALIZED_WITHIN_C2_LIMIT,0.111111,2.408
7494,40000.0,0.02,greedy,ZYZZYVA,8.0,1.0,0.0722,1,1,1,FINALIZED_WITHIN_C2_LIMIT,0.042901,1.839
7495,40000.0,0.02,greedy,ZYZZYVA,8.0,1.0,0.0722,1,1,1,FINALIZED_WITHIN_C2_LIMIT,0.12502,2.473
7496,40000.0,0.02,greedy,ZYZZYVA,8.0,1.0,0.0722,1,1,1,FINALIZED_WITHIN_C2_LIMIT,0.156175,2.689
7497,40000.0,0.02,greedy,ZYZZYVA,8.0,1.0,0.0722,1,1,1,FINALIZED_WITHIN_C2_LIMIT,0.0738,2.592
7498,40000.0,0.02,greedy,ZYZZYVA,8.0,1.0,0.0722,1,1,1,FINALIZED_WITHIN_C2_LIMIT,0.051868,2.322
7499,40000.0,0.02,greedy,ZYZZYVA,8.0,1.0,0.0722,1,1,1,FINALIZED_WITHIN_C2_LIMIT,0.018306,2.15
7500,40000.0,0.02,greedy,ZYZZYVA,8.0,1.0,0.0722,1,1,1,FINALIZED_WITHIN_C2_LIMIT,0.128774,2.492
7501,40000.0,0.02,greedy,ZYZZYVA,8.0,1.0,0.0722,1,1,1,FINALIZED_WITHIN_C2_LIMIT,0.157495,2.039
7502,40000.0,0.02,greedy,ZYZZYVA,8.0,1.0,0.0722,1,1,1,FINALIZED_WITHIN_C2_LIMIT,0.039476,2.184
7503,40000.0,0.02,greedy,ZYZZYVA,8.0,1.0,0.0722,1,1,1,FINALIZED_WITHIN_C2_LIMIT,0.172123,2.192
7504,40000.0,0.02,greedy,ZYZZYVA,8.0,1.0,0.0722,1,1,1,FINALIZED_WITHIN_C2_LIMIT,0.249492,2.396
7505,40000.0,0.02,greedy,ZYZZYVA,8.0,1.0,0.0722,1,1,1,FINALIZED_WITHIN_C2_LIMIT,0.102637,2.251
7506,40000.0,0.02,greedy,ZYZZYVA,8.0,1.0,0.0722,1,1,1,FINALIZED_WITHIN_C2_LIMIT,0.017965,2.335
7507,40000.0,0.02,greedy,ZYZZYVA,8.0,1.0,0.0722,1,1,1,FINALIZED_WITHIN_C2_LIMIT,0.045429,2.39
7508,40000.0,0.02,greedy,ZYZZYVA,8.0,1.0,0.0722,1,1,1,FINALIZED_WITHIN_C2_LIMIT,0.018006,2.357
7509,40000.0,0.02,greedy,ZYZZYVA,8.0,1.0,0.0722,1,1,1,FINALIZED_WITHIN_C2_LIMIT,0.085451,2.167
7510,40000.0,0.02,greedy,LIU_QUORUM,8.0,1.0,0.0722,1,1,1,FINALIZED_WITHIN_C2_LIMIT,0.056699,2.293
7511,40000.0,0.02,greedy,LIU_QUORUM,8.0,1.0,0.0722,1,1,1,FINALIZED_WITHIN_C2_LIMIT,0.026341,2.387
7512,40000.0,0.02,greedy,LIU_QUORUM,8.0,1.0,0.0722,1,1,1,FINALIZED_WITHIN_C2_LIMIT,0.033015,2.255
7513,40000.0,0.02,greedy,LIU_QUORUM,8.0,1.0,0.0722,1,1,1,FINALIZED_WITHIN_C2_LIMIT,0.021049,2.195
7514,40000.0,0.02,greedy,LIU_QUORUM,8.0,1.0,0.0722,1,1,1,FINALIZED_WITHIN_C2_LIMIT,0.018852,2.186
7515,40000.0,0.02,greedy,LIU_QUORUM,8.0,1.0,0.0722,1,1,1,FINALIZED_WITHIN_C2_LIMIT,0.097698,2.16
7516,40000.0,0.02,greedy,LIU_QUORUM,8.0,1.0,0.0722,1,1,1,FINALIZED_WITHIN_C2_LIMIT,0.094759,2.19
7517,40000.0,0.02,greedy,LIU_QUORUM,8.0,1.0,0.0722,1,1,1,FINALIZED_WITHIN_C2_LIMIT,0.10645,2.088
7518,40000.0,0.02,greedy,LIU_QUORUM,8.0,1.0,0.0722,1,1,1,FINALIZED_WITHIN_C2_LIMIT,0.302095,1.812
7519,40000.0,0.02,greedy,ZYZZYVA,8.0,1.0,0.0722,1,1,1,FINALIZED_WITHIN_C2_LIMIT,0.46726,2.121
7520,40000.0,0.02,greedy,ZYZZYVA,8.0,1.0,0.0722,1,1,1,FINALIZED_WITHIN_C2_LIMIT,0.352738,2.46
7521,40000.0,0.02,greedy,ZYZZYVA,8.0,1.0,0.0722,1,1,1,FINALIZED_WITHIN_C2_LIMIT,0.054424,2.183
7522,40000.0,0.02,greedy,ZYZZYVA,8.0,1.0,0.0722,1,1,1,FINALIZED_WITHIN_C2_LIMIT,0.242415,2.222
7523,40000.0,0.02,greedy,ZYZZYVA,8.0,1.0,0.0722,1,1,1,FINALIZED_WITHIN_C2_LIMIT,0.608152,2.235
7524,40000.0,0.02,greedy,ZYZZYVA,8.0,1.0,0.0604,1,1,1,FINALIZED_WITHIN_C2_LIMIT,0.523211,2.255
7525,40000.0,0.02,greedy,ZYZZYVA,8.0,1.0,0.06,1,1,1,FINALIZED_WITHIN_C2_LIMIT,0.20234,2.248
7526,40000.0,0.02,greedy,ZYZZYVA,8.0,1.0,0.06,1,1,1,FINALIZED_WITHIN_C2_LIMIT,0.106373,2.175
7527,40000.0,0.02,greedy,ZYZZYVA,8.0,1.0,0.06,1,1,1,FINALIZED_WITHIN_C2_LIMIT,0.268401,2.213
7528,40000.0,0.02,greedy,ZYZZYVA,8.0,1.0,0.0595,1,1,1,FINALIZED_WITHIN_C2_LIMIT,0.145778,2.207
7529,40000.0,0.02,greedy,ZYZZYVA,8.0,1.0,0.0595,1,1,1,FINALIZED_WITHIN_C2_LIMIT,0.028157,2.174
7530,40000.0,0.02,greedy,ZYZZYVA,8.0,1.0,0.0595,1,1,1,FINALIZED_WITHIN_C2_LIMIT,0.037396,2.262
7531,40000.0,0.02,greedy,ZYZZYVA,8.0,1.0,0.06,1,1,1,FINALIZED_WITHIN_C2_LIMIT,0.070337,2.4
7532,40000.0,0.02,greedy,ZYZZYVA,8.0,1.0,0.06,1,1,1,FINALIZED_WITHIN_C2_LIMIT,0.031331,2.602
7533,40000.0,0.02,greedy,ZYZZYVA,8.0,1.0,0.06,1,1,1,FINALIZED_WITHIN_C2_LIMIT,0.105293,2.559
7534,40000.0,0.02,greedy,ZYZZYVA,8.0,1.0,0.0604,1,1,1,FINALIZED_WITHIN_C2_LIMIT,0.125767,2.437
7535,40000.0,0.02,greedy,LIU_QUORUM,8.0,1.0,0.06,1,1,1,FINALIZED_WITHIN_C2_LIMIT,0.015517,2.246
7536,40000.0,0.02,greedy,LIU_QUORUM,8.0,1.0,0.06,1,1,1,FINALIZED_WITHIN_C2_LIMIT,0.262219,2.32
7537,40000.0,0.02,greedy,LIU_QUORUM,8.0,1.0,0.06,1,1,1,FINALIZED_WITHIN_C2_LIMIT,0.478737,2.452
7538,40000.0,0.02,greedy,LIU_QUORUM,8.0,1.0,0.06,1,1,1,FINALIZED_WITHIN_C2_LIMIT,0.302568,2.473
7539,40000.0,0.02,greedy,LIU_QUORUM,8.0,1.0,0.06,1,1,1,FINALIZED_WITHIN_C2_LIMIT,0.028534,2.039
7540,40000.0,0.02,greedy,LIU_QUORUM,8.0,1.0,0.0722,1,1,1,FINALIZED_WITHIN_C2_LIMIT,0.337044,2.339
7541,40000.0,0.02,greedy,LIU_QUORUM,8.0,1.0,0.0722,1,1,1,FINALIZED_WITHIN_C2_LIMIT,0.80224,2.316
7542,40000.0,0.02,greedy,LIU_QUORUM,8.0,1.0,0.0722,1,1,1,FINALIZED_WITHIN_C2_LIMIT,0.621055,2.118
7543,40000.0,0.02,greedy,LIU_QUORUM,8.0,1.0,0.0725,1,1,1,FINALIZED_WITHIN_C2_LIMIT,0.225504,2.048
7544,40000.0,0.02,greedy,LIU_QUORUM,8.0,1.0,0.0725,1,1,1,FINALIZED_WITHIN_C2_LIMIT,0.031273,2.059
7545,40000.0,0.02,greedy,LIU_QUORUM,8.0,1.0,0.0725,1,1,1,FINALIZED_WITHIN_C2_LIMIT,0.128438,2.114
7546,40000.0,0.02,greedy,LIU_QUORUM,8.0,1.0,0.0725,1,1,1,FINALIZED_WITHIN_C2_LIMIT,0.060237,2.203
7547,40000.0,0.02,greedy,LIU_QUORUM,8.0,1.0,0.0643,1,1,1,FINALIZED_WITHIN_C2_LIMIT,0.051602,2.198
7548,40000.0,0.02,greedy,LIU_QUORUM,8.0,1.0,0.0657,1,1,1,FINALIZED_WITHIN_C2_LIMIT,0.023057,2.167
7549,40000.0,0.02,greedy,LIU_QUORUM,8.0,1.0,0.0654,1,1,1,FINALIZED_WITHIN_C2_LIMIT,0.3199,1.951
7550,40000.0,0.02,greedy,LIU_QUORUM,8.0,1.0,0.0625,1,1,1,FINALIZED_WITHIN_C2_LIMIT,0.161317,1.941
7551,40000.0,0.02,greedy,LIU_QUORUM,8.0,1.0,0.0638,1,1,1,FINALIZED_WITHIN_C2_LIMIT,0.160118,2.068
7552,40000.0,0.02,greedy,LIU_QUORUM,8.0,1.0,0.0638,1,1,1,FINALIZED_WITHIN_C2_LIMIT,0.070479,1.948
7553,40000.0,0.02,greedy,LIU_QUORUM,8.0,1.0,0.0638,1,1,1,FINALIZED_WITHIN_C2_LIMIT,0.06926,1.844
7554,40000.0,0.02,greedy,LIU_QUORUM,8.0,1.0,0.0638,1,1,1,FINALIZED_WITHIN_C2_LIMIT,0.023453,1.974
7555,40000.0,0.02,greedy,LIU_QUORUM,8.0,1.0,0.0638,1,1,1,FINALIZED_WITHIN_C2_LIMIT,0.210188,2.009
7556,40000.0,0.02,greedy,LIU_QUORUM,8.0,1.0,0.0759,1,1,1,FINALIZED_WITHIN_C2_LIMIT,0.27484,2.058
7557,40000.0,0.02,greedy,LIU_QUORUM,8.0,1.0,0.0759,1,1,1,FINALIZED_WITHIN_C2_LIMIT,0.021729,2.292
7558,40000.0,0.02,greedy,LIU_QUORUM,8.0,1.0,0.0759,1,1,1,FINALIZED_WITHIN_C2_LIMIT,0.45352,2.127
7559,40000.0,0.02,greedy,LIU_QUORUM,8.0,1.0,0.0759,1,1,1,FINALIZED_WITHIN_C2_LIMIT,0.820277,2.33
7560,40000.0,0.02,greedy,LIU_QUORUM,8.0,1.0,0.0638,1,1,1,FINALIZED_WITHIN_C2_LIMIT,0.568827,2.425
7561,40000.0,0.02,greedy,LIU_QUORUM,8.0,1.0,0.0638,1,1,1,FINALIZED_WITHIN_C2_LIMIT,0.081757,2.112
7562,40000.0,0.02,greedy,LIU_QUORUM,8.0,1.0,0.0638,1,1,1,FINALIZED_WITHIN_C2_LIMIT,0.340359,2.084
7563,40000.0,0.02,greedy,ZYZZYVA,8.0,1.0,0.0638,1,1,1,FINALIZED_WITHIN_C2_LIMIT,0.934645,2.272
7564,40000.0,0.02,greedy,ZYZZYVA,8.0,1.0,0.0638,1,1,1,FINALIZED_WITHIN_C2_LIMIT,0.8111,2.259
7565,40000.0,0.02,greedy,ZYZZYVA,8.0,1.0,0.0727,1,1,1,FINALIZED_WITHIN_C2_LIMIT,0.253349,2.04
7566,40000.0,0.02,greedy,ZYZZYVA,8.0,1.0,0.0729,1,1,1,FINALIZED_WITHIN_C2_LIMIT,0.05542,2.114
7567,40000.0,0.02,greedy,ZYZZYVA,8.0,1.0,0.0729,1,1,1,FINALIZED_WITHIN_C2_LIMIT,0.253641,2.14
7568,40000.0,0.02,greedy,ZYZZYVA,8.0,1.0,0.0727,1,1,1,FINALIZED_WITHIN_C2_LIMIT,0.174128,2.296
7569,40000.0,0.02,greedy,ZYZZYVA,8.0,1.0,0.0671,1,1,1,FINALIZED_WITHIN_C2_LIMIT,0.012744,2.335
7570,40000.0,0.02,greedy,ZYZZYVA,8.0,1.0,0.0759,1,1,1,FINALIZED_WITHIN_C2_LIMIT,0.072412,2.151
7571,40000.0,0.02,greedy,ZYZZYVA,8.0,1.0,0.0759,1,1,1,FINALIZED_WITHIN_C2_LIMIT,0.053717,1.94
7572,40000.0,0.02,greedy,ZYZZYVA,8.0,1.0,0.0759,1,1,1,FINALIZED_WITHIN_C2_LIMIT,0.043746,2.159
7573,40000.0,0.02,greedy,ZYZZYVA,8.0,1.0,0.0759,1,1,1,FINALIZED_WITHIN_C2_LIMIT,0.111654,2.183
7574,40000.0,0.02,greedy,ZYZZYVA,8.0,1.0,0.0759,1,1,1,FINALIZED_WITHIN_C2_LIMIT,0.081556,2.47
7575,40000.0,0.02,greedy,ZYZZYVA,8.0,1.0,0.0759,1,1,1,FINALIZED_WITHIN_C2_LIMIT,0.037563,2.672
7576,40000.0,0.02,greedy,ZYZZYVA,8.0,1.0,0.0759,1,1,1,FINALIZED_WITHIN_C2_LIMIT,0.011494,2.28
7577,40000.0,0.02,greedy,ZYZZYVA,8.0,1.0,0.0759,1,1,1,FINALIZED_WITHIN_C2_LIMIT,0.041285,2.104
7578,40000.0,0.02,greedy,ZYZZYVA,8.0,1.0,0.0759,1,1,1,FINALIZED_WITHIN_C2_LIMIT,0.087456,2.148
7579,40000.0,0.02,greedy,ZYZZYVA,8.0,1.0,0.0759,1,1,1,FINALIZED_WITHIN_C2_LIMIT,0.083785,2.15
7580,40000.0,0.02,greedy,ZYZZYVA,8.0,1.0,0.0759,1,1,1,FINALIZED_WITHIN_C2_LIMIT,0.058066,2.398
7581,40000.0,0.02,greedy,ZYZZYVA,8.0,1.0,0.0759,1,1,1,FINALIZED_WITHIN_C2_LIMIT,0.082072,2.128
7582,40000.0,0.02,greedy,ZYZZYVA,8.0,1.0,0.0759,1,1,1,FINALIZED_WITHIN_C2_LIMIT,0.039225,2.239
7583,40000.0,0.02,greedy,ZYZZYVA,8.0,1.0,0.0759,1,1,1,FINALIZED_WITHIN_C2_LIMIT,0.028507,2.013
7584,40000.0,0.02,greedy,ZYZZYVA,8.0,1.0,0.0759,1,1,1,FINALIZED_WITHIN_C2_LIMIT,0.067571,2.196
7585,40000.0,0.02,greedy,ZYZZYVA,8.0,1.0,0.0759,1,1,1,FINALIZED_WITHIN_C2_LIMIT,0.069275,1.859
7586,40000.0,0.02,greedy,ZYZZYVA,8.0,1.0,0.0759,1,1,1,FINALIZED_WITHIN_C2_LIMIT,0.023266,2.031
7587,40000.0,0.02,greedy,ZYZZYVA,8.0,1.0,0.0759,1,1,1,FINALIZED_WITHIN_C2_LIMIT,0.02182,1.821
7588,40000.0,0.02,greedy,LIU_QUORUM,8.0,1.0,0.0759,1,1,1,FINALIZED_WITHIN_C2_LIMIT,0.106799,2.159
7589,40000.0,0.02,greedy,LIU_QUORUM,8.0,1.0,0.0759,1,1,1,FINALIZED_WITHIN_C2_LIMIT,0.101225,1.996
7590,40000.0,0.02,greedy,LIU_QUORUM,8.0,1.0,0.0759,1,1,1,FINALIZED_WITHIN_C2_LIMIT,0.01739,2.277
7591,13000.0,0.02,explore,ZYZZYVA,2.6,1.0,0.1459,1,1,1,FINALIZED_WITHIN_C2_LIMIT,0.011927,0.891
7592,40000.0,0.02,greedy,LIU_QUORUM,8.0,1.0,0.0759,1,1,1,FINALIZED_WITHIN_C2_LIMIT,0.036673,2.459
7593,40000.0,0.02,greedy,LIU_QUORUM,8.0,1.0,0.0759,1,1,1,FINALIZED_WITHIN_C2_LIMIT,0.033227,2.705
7594,40000.0,0.02,greedy,LIU_QUORUM,8.0,1.0,0.0759,1,1,1,FINALIZED_WITHIN_C2_LIMIT,0.009736,2.799
7595,40000.0,0.02,greedy,LIU_QUORUM,8.0,1.0,0.0759,1,1,1,FINALIZED_WITHIN_C2_LIMIT,0.018979,2.359
7596,40000.0,0.02,greedy,LIU_QUORUM,8.0,1.0,0.083,1,1,1,FINALIZED_WITHIN_C2_LIMIT,0.031512,2.36
7597,40000.0,0.02,greedy,LIU_QUORUM,8.0,1.0,0.083,1,1,1,FINALIZED_WITHIN_C2_LIMIT,0.043351,2.12
7598,40000.0,0.02,greedy,LIU_QUORUM,8.0,1.0,0.083,1,1,1,FINALIZED_WITHIN_C2_LIMIT,0.125566,2.093
7599,40000.0,0.02,greedy,LIU_QUORUM,8.0,1.0,0.083,1,1,1,FINALIZED_WITHIN_C2_LIMIT,0.04084,2.023
7600,40000.0,0.02,greedy,LIU_QUORUM,8.0,1.0,0.083,1,1,1,FINALIZED_WITHIN_C2_LIMIT,0.041168,1.939
7601,40000.0,0.02,greedy,ZYZZYVA,8.0,1.0,0.083,1,1,1,FINALIZED_WITHIN_C2_LIMIT,0.053715,2.335
7602,40000.0,0.02,greedy,ZYZZYVA,8.0,1.0,0.083,1,1,1,FINALIZED_WITHIN_C2_LIMIT,0.033792,2.585
7603,40000.0,0.02,greedy,ZYZZYVA,8.0,1.0,0.083,1,1,1,FINALIZED_WITHIN_C2_LIMIT,0.094582,2.791
7604,40000.0,0.02,greedy,ZYZZYVA,8.0,1.0,0.083,1,1,1,FINALIZED_WITHIN_C2_LIMIT,0.11377,2.306
7605,40000.0,0.02,greedy,ZYZZYVA,8.0,1.0,0.083,1,1,1,FINALIZED_WITHIN_C2_LIMIT,0.011532,2.381
7606,40000.0,0.02,greedy,ZYZZYVA,8.0,1.0,0.083,1,1,1,FINALIZED_WITHIN_C2_LIMIT,0.280616,2.33
7607,40000.0,0.02,greedy,ZYZZYVA,8.0,1.0,0.083,1,1,1,FINALIZED_WITHIN_C2_LIMIT,0.511877,1.956
7608,40000.0,0.02,greedy,ZYZZYVA,8.0,1.0,0.083,1,1,1,FINALIZED_WITHIN_C2_LIMIT,0.341288,2.186
7609,40000.0,0.02,greedy,ZYZZYVA,8.0,1.0,0.083,1,1,1,FINALIZED_WITHIN_C2_LIMIT,0.048426,2.221
7610,40000.0,0.02,greedy,ZYZZYVA,8.0,1.0,0.083,1,1,1,FINALIZED_WITHIN_C2_LIMIT,0.309098,2.455
7611,40000.0,0.02,greedy,ZYZZYVA,8.0,1.0,0.083,1,1,1,FINALIZED_WITHIN_C2_LIMIT,0.767861,2.777
7612,40000.0,0.02,greedy,ZYZZYVA,8.0,1.0,0.083,1,1,1,FINALIZED_WITHIN_C2_LIMIT,0.693771,2.684
7613,40000.0,0.02,greedy,ZYZZYVA,8.0,1.0,0.083,1,1,1,FINALIZED_WITHIN_C2_LIMIT,0.313701,2.603
7614,40000.0,0.02,greedy,ZYZZYVA,8.0,1.0,0.083,1,1,1,FINALIZED_WITHIN_C2_LIMIT,0.092072,2.595
7615,40000.0,0.02,greedy,ZYZZYVA,8.0,1.0,0.083,1,1,1,FINALIZED_WITHIN_C2_LIMIT,0.132316,2.473
7616,40000.0,0.02,greedy,ZYZZYVA,8.0,1.0,0.083,1,1,1,FINALIZED_WITHIN_C2_LIMIT,0.069709,2.348
7617,40000.0,0.02,greedy,ZYZZYVA,8.0,1.0,0.083,1,1,1,FINALIZED_WITHIN_C2_LIMIT,0.043662,2.259
7618,40000.0,0.02,greedy,ZYZZYVA,8.0,1.0,0.083,1,1,1,FINALIZED_WITHIN_C2_LIMIT,0.08219,2.609
7619,40000.0,0.02,greedy,ZYZZYVA,8.0,1.0,0.083,1,1,1,FINALIZED_WITHIN_C2_LIMIT,0.018143,3.098
7620,40000.0,0.02,greedy,ZYZZYVA,8.0,1.0,0.083,1,1,1,FINALIZED_WITHIN_C2_LIMIT,0.025353,2.664
7621,40000.0,0.02,greedy,ZYZZYVA,8.0,1.0,0.083,1,1,1,FINALIZED_WITHIN_C2_LIMIT,0.041484,2.445
7622,40000.0,0.02,greedy,ZYZZYVA,8.0,1.0,0.083,1,1,1,FINALIZED_WITHIN_C2_LIMIT,0.016539,2.406
7623,40000.0,0.02,greedy,ZYZZYVA,8.0,1.0,0.083,1,1,1,FINALIZED_WITHIN_C2_LIMIT,0.057269,2.338
7624,40000.0,0.02,greedy,LIU_QUORUM,8.0,1.0,0.083,1,1,1,FINALIZED_WITHIN_C2_LIMIT,0.026688,2.359
7625,40000.0,0.02,greedy,LIU_QUORUM,8.0,1.0,0.0759,1,1,1,FINALIZED_WITHIN_C2_LIMIT,0.041414,2.556
7626,40000.0,0.02,greedy,LIU_QUORUM,8.0,1.0,0.0759,1,1,1,FINALIZED_WITHIN_C2_LIMIT,0.032261,2.601
7627,40000.0,0.02,greedy,LIU_QUORUM,8.0,1.0,0.0759,1,1,1,FINALIZED_WITHIN_C2_LIMIT,0.010813,2.315
7628,40000.0,0.02,greedy,LIU_QUORUM,8.0,1.0,0.0759,1,1,1,FINALIZED_WITHIN_C2_LIMIT,0.106938,2.302
7629,40000.0,0.02,greedy,LIU_QUORUM,8.0,1.0,0.0759,1,1,1,FINALIZED_WITHIN_C2_LIMIT,0.064105,2.409
7630,40000.0,0.02,greedy,LIU_QUORUM,8.0,1.0,0.0759,1,1,1,FINALIZED_WITHIN_C2_LIMIT,0.036814,2.477
7631,40000.0,0.02,greedy,PBFT,8.0,1.0,0.083,1,1,1,FINALIZED_WITHIN_C2_LIMIT,0.052354,2.226
7632,40000.0,0.02,greedy,PBFT,8.0,1.0,0.083,1,1,1,FINALIZED_WITHIN_C2_LIMIT,0.018676,2.049
7633,40000.0,0.02,greedy,PBFT,8.0,1.0,0.083,1,1,1,FINALIZED_WITHIN_C2_LIMIT,0.047438,2.148
7634,40000.0,0.02,greedy,PBFT,8.0,1.0,0.083,1,1,1,FINALIZED_WITHIN_C2_LIMIT,0.097015,2.409
7635,40000.0,0.02,greedy,PBFT,8.0,1.0,0.083,1,1,1,FINALIZED_WITHIN_C2_LIMIT,0.091652,2.595
7636,40000.0,0.02,greedy,PBFT,8.0,1.0,0.083,1,1,1,FINALIZED_WITHIN_C2_LIMIT,0.023044,2.725
7637,40000.0,0.02,greedy,PBFT,8.0,1.0,0.083,1,1,1,FINALIZED_WITHIN_C2_LIMIT,0.132025,2.299
7638,40000.0,0.02,greedy,PBFT,8.0,1.0,0.083,1,1,1,FINALIZED_WITHIN_C2_LIMIT,0.098255,2.545
7639,40000.0,0.02,greedy,PBFT,8.0,1.0,0.083,1,1,1,FINALIZED_WITHIN_C2_LIMIT,0.049361,2.484
7640,40000.0,0.02,greedy,ZYZZYVA,8.0,1.0,0.083,1,1,1,FINALIZED_WITHIN_C2_LIMIT,0.234666,2.183
7641,40000.0,0.02,greedy,ZYZZYVA,8.0,1.0,0.083,1,1,1,FINALIZED_WITHIN_C2_LIMIT,0.471292,1.912
7642,40000.0,0.02,greedy,ZYZZYVA,8.0,1.0,0.083,1,1,1,FINALIZED_WITHIN_C2_LIMIT,0.272085,2.26
7643,40000.0,0.02,greedy,ZYZZYVA,8.0,1.0,0.083,1,1,1,FINALIZED_WITHIN_C2_LIMIT,0.024154,2.409
7644,40000.0,0.02,greedy,ZYZZYVA,8.0,1.0,0.083,1,1,1,FINALIZED_WITHIN_C2_LIMIT,0.377726,2.283
7645,40000.0,0.02,greedy,ZYZZYVA,8.0,1.0,0.083,1,1,1,FINALIZED_WITHIN_C2_LIMIT,0.883449,2.473
7646,40000.0,0.02,greedy,ZYZZYVA,8.0,1.0,0.083,1,1,1,FINALIZED_WITHIN_C2_LIMIT,0.84258,2.301
7647,40000.0,0.02,greedy,ZYZZYVA,8.0,1.0,0.083,1,1,1,FINALIZED_WITHIN_C2_LIMIT,0.383572,2.402
7648,40000.0,0.02,greedy,ZYZZYVA,8.0,1.0,0.083,1,1,1,FINALIZED_WITHIN_C2_LIMIT,0.017481,2.371
7649,40000.0,0.02,greedy,ZYZZYVA,8.0,1.0,0.083,1,1,1,FINALIZED_WITHIN_C2_LIMIT,0.596171,2.215
7650,40000.0,0.02,greedy,ZYZZYVA,8.0,1.0,0.083,1,1,1,FINALIZED_WITHIN_C2_LIMIT,1.431406,2.502
7651,40000.0,0.02,greedy,ZYZZYVA,8.0,1.0,0.083,1,1,1,FINALIZED_WITHIN_C2_LIMIT,1.622071,2.38
7652,40000.0,0.02,greedy,ZYZZYVA,8.0,1.0,0.083,1,1,1,FINALIZED_WITHIN_C2_LIMIT,1.180068,2.616
7653,40000.0,0.02,greedy,ZYZZYVA,8.0,1.0,0.083,1,1,1,FINALIZED_WITHIN_C2_LIMIT,0.356913,2.11
7654,40000.0,0.02,greedy,ZYZZYVA,8.0,1.0,0.083,1,1,1,FINALIZED_WITHIN_C2_LIMIT,0.110089,2.55
7655,40000.0,0.02,greedy,ZYZZYVA,8.0,1.0,0.083,1,1,1,FINALIZED_WITHIN_C2_LIMIT,0.316349,2.51
7656,40000.0,0.02,greedy,ZYZZYVA,8.0,1.0,0.083,1,1,1,FINALIZED_WITHIN_C2_LIMIT,0.331856,2.818
7657,40000.0,0.02,greedy,ZYZZYVA,8.0,1.0,0.083,1,1,1,FINALIZED_WITHIN_C2_LIMIT,0.066837,2.538
7658,40000.0,0.02,greedy,ZYZZYVA,8.0,1.0,0.083,1,1,1,FINALIZED_WITHIN_C2_LIMIT,0.108502,2.408
7659,40000.0,0.02,greedy,ZYZZYVA,8.0,1.0,0.083,1,1,1,FINALIZED_WITHIN_C2_LIMIT,0.213195,2.342
7660,40000.0,0.02,greedy,ZYZZYVA,8.0,1.0,0.083,1,1,1,FINALIZED_WITHIN_C2_LIMIT,0.127067,2.643
7661,40000.0,0.02,greedy,ZYZZYVA,8.0,1.0,0.083,1,1,1,FINALIZED_WITHIN_C2_LIMIT,0.120344,2.454
7662,40000.0,0.02,greedy,ZYZZYVA,8.0,1.0,0.083,1,1,1,FINALIZED_WITHIN_C2_LIMIT,0.031763,2.304
7663,40000.0,0.02,greedy,ZYZZYVA,8.0,1.0,0.083,1,1,1,FINALIZED_WITHIN_C2_LIMIT,0.078173,2.648
7664,40000.0,0.02,greedy,ZYZZYVA,8.0,1.0,0.083,1,1,1,FINALIZED_WITHIN_C2_LIMIT,0.016498,2.485
7665,40000.0,0.02,greedy,ZYZZYVA,8.0,1.0,0.083,1,1,1,FINALIZED_WITHIN_C2_LIMIT,0.034036,2.685
7666,40000.0,0.02,greedy,ZYZZYVA,8.0,1.0,0.083,1,1,1,FINALIZED_WITHIN_C2_LIMIT,0.018731,2.542
7667,40000.0,0.02,greedy,ZYZZYVA,8.0,1.0,0.083,1,1,1,FINALIZED_WITHIN_C2_LIMIT,0.163662,2.374
7668,40000.0,0.02,greedy,ZYZZYVA,8.0,1.0,0.083,1,1,1,FINALIZED_WITHIN_C2_LIMIT,0.018145,2.351
7669,40000.0,0.02,greedy,ZYZZYVA,8.0,1.0,0.083,1,1,1,FINALIZED_WITHIN_C2_LIMIT,0.018428,2.488
7670,40000.0,0.02,greedy,LIU_QUORUM,8.0,1.0,0.083,1,1,1,FINALIZED_WITHIN_C2_LIMIT,0.021881,2.626
7671,40000.0,0.02,greedy,LIU_QUORUM,8.0,1.0,0.083,1,1,1,FINALIZED_WITHIN_C2_LIMIT,0.019454,2.827
7672,40000.0,0.02,greedy,LIU_QUORUM,8.0,1.0,0.083,1,1,1,FINALIZED_WITHIN_C2_LIMIT,0.026907,2.615
7673,40000.0,0.02,greedy,LIU_QUORUM,8.0,1.0,0.083,1,1,1,FINALIZED_WITHIN_C2_LIMIT,0.029648,2.405
7674,40000.0,0.02,greedy,LIU_QUORUM,8.0,1.0,0.083,1,1,1,FINALIZED_WITHIN_C2_LIMIT,0.039476,2.42
7675,40000.0,0.02,greedy,LIU_QUORUM,8.0,1.0,0.083,1,1,1,FINALIZED_WITHIN_C2_LIMIT,0.012554,2.937
7676,40000.0,0.02,greedy,LIU_QUORUM,8.0,1.0,0.083,1,1,1,FINALIZED_WITHIN_C2_LIMIT,0.159202,2.762
7677,40000.0,0.02,greedy,LIU_QUORUM,8.0,1.0,0.083,1,1,1,FINALIZED_WITHIN_C2_LIMIT,0.113727,2.592
7678,40000.0,0.02,greedy,LIU_QUORUM,8.0,1.0,0.083,1,1,1,FINALIZED_WITHIN_C2_LIMIT,0.010696,2.43
7679,40000.0,0.02,greedy,LIU_QUORUM,8.0,1.0,0.083,1,1,1,FINALIZED_WITHIN_C2_LIMIT,0.122633,2.491
7680,40000.0,0.02,greedy,ZYZZYVA,8.0,1.0,0.083,1,1,1,FINALIZED_WITHIN_C2_LIMIT,0.145755,2.626
7681,40000.0,0.02,greedy,ZYZZYVA,8.0,1.0,0.083,1,1,1,FINALIZED_WITHIN_C2_LIMIT,0.04151,2.58
7682,40000.0,0.02,greedy,ZYZZYVA,8.0,1.0,0.083,1,1,1,FINALIZED_WITHIN_C2_LIMIT,0.163857,2.444
7683,40000.0,0.02,greedy,ZYZZYVA,8.0,1.0,0.083,1,1,1,FINALIZED_WITHIN_C2_LIMIT,0.278749,3.121
7684,40000.0,0.02,greedy,ZYZZYVA,8.0,1.0,0.083,1,1,1,FINALIZED_WITHIN_C2_LIMIT,0.186879,2.776
7685,40000.0,0.02,greedy,ZYZZYVA,8.0,1.0,0.083,1,1,1,FINALIZED_WITHIN_C2_LIMIT,0.01339,2.935
7686,40000.0,0.02,greedy,ZYZZYVA,8.0,1.0,0.083,1,1,1,FINALIZED_WITHIN_C2_LIMIT,0.374057,3.001
7687,40000.0,0.02,greedy,ZYZZYVA,8.0,1.0,0.0768,1,1,1,FINALIZED_WITHIN_C2_LIMIT,0.813971,3.035
7688,40000.0,0.02,greedy,ZYZZYVA,8.0,1.0,0.0768,1,1,1,FINALIZED_WITHIN_C2_LIMIT,0.688769,2.789
7689,40000.0,0.02,greedy,ZYZZYVA,8.0,1.0,0.0604,1,1,1,FINALIZED_WITHIN_C2_LIMIT,0.296357,2.632
7690,40000.0,0.02,greedy,ZYZZYVA,8.0,1.0,0.0608,1,1,1,FINALIZED_WITHIN_C2_LIMIT,0.018977,2.779
7691,40000.0,0.02,greedy,ZYZZYVA,8.0,1.0,0.0638,1,1,1,FINALIZED_WITHIN_C2_LIMIT,0.116964,2.808
7692,40000.0,0.02,greedy,ZYZZYVA,8.0,1.0,0.0638,1,1,1,FINALIZED_WITHIN_C2_LIMIT,0.020762,2.74
7693,40000.0,0.02,greedy,ZYZZYVA,8.0,1.0,0.0638,1,1,1,FINALIZED_WITHIN_C2_LIMIT,0.158435,3.13
7694,19000.0,0.02,explore,LIU_QUORUM,3.8,1.0,0.0278,1,1,1,FINALIZED_WITHIN_C2_LIMIT,0.233798,1.455
7695,40000.0,0.02,greedy,PBFT,8.0,1.0,0.0638,1,1,1,FINALIZED_WITHIN_C2_LIMIT,0.026725,2.342
7696,40000.0,0.02,greedy,PBFT,8.0,1.0,0.0638,1,1,1,FINALIZED_WITHIN_C2_LIMIT,0.249531,2.129
7697,40000.0,0.02,greedy,PBFT,8.0,1.0,0.0638,1,1,1,FINALIZED_WITHIN_C2_LIMIT,0.470228,3.256
7698,40000.0,0.02,greedy,PBFT,8.0,1.0,0.0638,1,1,1,FINALIZED_WITHIN_C2_LIMIT,0.299791,2.591
7699,40000.0,0.02,greedy,PBFT,8.0,1.0,0.0638,1,1,1,FINALIZED_WITHIN_C2_LIMIT,0.01232,2.742
7700,40000.0,0.02,greedy,PBFT,8.0,1.0,0.0638,1,1,1,FINALIZED_WITHIN_C2_LIMIT,0.069356,2.539
7701,40000.0,0.02,greedy,ZYZZYVA,8.0,1.0,0.0638,1,1,1,FINALIZED_WITHIN_C2_LIMIT,0.021955,3.369
7702,40000.0,0.02,greedy,ZYZZYVA,8.0,1.0,0.0604,1,1,1,FINALIZED_WITHIN_C2_LIMIT,0.1485,2.866
7703,40000.0,0.02,greedy,ZYZZYVA,8.0,1.0,0.0604,1,1,1,FINALIZED_WITHIN_C2_LIMIT,0.141729,2.993
7704,40000.0,0.02,greedy,ZYZZYVA,8.0,1.0,0.0722,1,1,1,FINALIZED_WITHIN_C2_LIMIT,0.025685,3.011
7705,40000.0,0.02,greedy,ZYZZYVA,8.0,1.0,0.0722,1,1,1,FINALIZED_WITHIN_C2_LIMIT,0.18606,2.656
7706,40000.0,0.02,greedy,ZYZZYVA,8.0,1.0,0.0722,1,1,1,FINALIZED_WITHIN_C2_LIMIT,0.39594,2.47
7707,40000.0,0.02,greedy,ZYZZYVA,8.0,1.0,0.0722,1,1,1,FINALIZED_WITHIN_C2_LIMIT,0.207102,2.632
7708,40000.0,0.02,greedy,ZYZZYVA,8.0,1.0,0.0722,1,1,1,FINALIZED_WITHIN_C2_LIMIT,0.01213,2.616
7709,40000.0,0.02,greedy,ZYZZYVA,8.0,1.0,0.0604,1,1,1,FINALIZED_WITHIN_C2_LIMIT,0.438004,2.866
7710,40000.0,0.02,greedy,LIU_QUORUM,8.0,1.0,0.0638,1,1,1,FINALIZED_WITHIN_C2_LIMIT,0.953069,2.464
7711,40000.0,0.02,greedy,LIU_QUORUM,8.0,1.0,0.0638,1,1,1,FINALIZED_WITHIN_C2_LIMIT,0.87184,2.579
7712,40000.0,0.02,greedy,LIU_QUORUM,8.0,1.0,0.0638,1,1,1,FINALIZED_WITHIN_C2_LIMIT,0.353469,2.228
7713,40000.0,0.02,greedy,LIU_QUORUM,8.0,1.0,0.0638,1,1,1,FINALIZED_WITHIN_C2_LIMIT,0.048426,2.646
7714,40000.0,0.02,greedy,LIU_QUORUM,8.0,1.0,0.0638,1,1,1,FINALIZED_WITHIN_C2_LIMIT,0.167781,2.049
7715,40000.0,0.02,greedy,LIU_QUORUM,8.0,1.0,0.0638,1,1,1,FINALIZED_WITHIN_C2_LIMIT,0.088878,2.343
7716,40000.0,0.02,greedy,LIU_QUORUM,8.0,1.0,0.0638,1,1,1,FINALIZED_WITHIN_C2_LIMIT,0.019717,2.4
7717,40000.0,0.02,greedy,LIU_QUORUM,8.0,1.0,0.0638,1,1,1,FINALIZED_WITHIN_C2_LIMIT,0.024071,2.849
7718,40000.0,0.02,greedy,ZYZZYVA,8.0,1.0,0.0638,1,1,1,FINALIZED_WITHIN_C2_LIMIT,0.060537,2.053
7719,40000.0,0.02,greedy,ZYZZYVA,8.0,1.0,0.0638,1,1,1,FINALIZED_WITHIN_C2_LIMIT,0.047844,2.403
7720,40000.0,0.02,greedy,ZYZZYVA,8.0,1.0,0.0638,1,1,1,FINALIZED_WITHIN_C2_LIMIT,0.053572,2.427
7721,40000.0,0.02,greedy,ZYZZYVA,8.0,1.0,0.0638,1,1,1,FINALIZED_WITHIN_C2_LIMIT,0.052406,2.42
7722,40000.0,0.02,greedy,ZYZZYVA,8.0,1.0,0.0638,1,1,1,FINALIZED_WITHIN_C2_LIMIT,0.048471,2.469
7723,40000.0,0.02,greedy,ZYZZYVA,8.0,1.0,0.0638,1,1,1,FINALIZED_WITHIN_C2_LIMIT,0.022087,2.471
7724,40000.0,0.02,greedy,ZYZZYVA,8.0,1.0,0.0638,1,1,1,FINALIZED_WITHIN_C2_LIMIT,0.090424,2.281
7725,40000.0,0.02,greedy,ZYZZYVA,8.0,1.0,0.0638,1,1,1,FINALIZED_WITHIN_C2_LIMIT,0.20941,2.689
7726,40000.0,0.02,greedy,ZYZZYVA,8.0,1.0,0.0638,1,1,1,FINALIZED_WITHIN_C2_LIMIT,0.093296,2.443
7727,40000.0,0.02,greedy,ZYZZYVA,8.0,1.0,0.0638,1,1,1,FINALIZED_WITHIN_C2_LIMIT,0.064324,2.555
7728,40000.0,0.02,greedy,ZYZZYVA,8.0,1.0,0.0638,1,1,1,FINALIZED_WITHIN_C2_LIMIT,0.037397,2.357
7729,40000.0,0.02,greedy,ZYZZYVA,8.0,1.0,0.0638,1,1,1,FINALIZED_WITHIN_C2_LIMIT,0.185081,2.372
7730,40000.0,0.02,greedy,ZYZZYVA,8.0,1.0,0.0638,1,1,1,FINALIZED_WITHIN_C2_LIMIT,0.28495,2.637
7731,40000.0,0.02,greedy,ZYZZYVA,8.0,1.0,0.0638,1,1,1,FINALIZED_WITHIN_C2_LIMIT,0.075667,2.517
7732,40000.0,0.02,greedy,ZYZZYVA,8.0,1.0,0.0638,1,1,1,FINALIZED_WITHIN_C2_LIMIT,0.089203,2.82
7733,40000.0,0.02,greedy,ZYZZYVA,8.0,1.0,0.0638,1,1,1,FINALIZED_WITHIN_C2_LIMIT,0.165921,2.909
7734,40000.0,0.02,greedy,ZYZZYVA,8.0,1.0,0.0638,1,1,1,FINALIZED_WITHIN_C2_LIMIT,0.059031,2.322
7735,40000.0,0.02,greedy,ZYZZYVA,8.0,1.0,0.0638,1,1,1,FINALIZED_WITHIN_C2_LIMIT,0.089797,2.489
7736,40000.0,0.02,greedy,ZYZZYVA,8.0,1.0,0.0638,1,1,1,FINALIZED_WITHIN_C2_LIMIT,0.128287,2.674
7737,40000.0,0.02,greedy,ZYZZYVA,8.0,1.0,0.0638,1,1,1,FINALIZED_WITHIN_C2_LIMIT,0.041013,2.69
7738,40000.0,0.02,greedy,ZYZZYVA,8.0,1.0,0.0638,1,1,1,FINALIZED_WITHIN_C2_LIMIT,0.126428,2.281
7739,40000.0,0.02,greedy,ZYZZYVA,8.0,1.0,0.0638,1,1,1,FINALIZED_WITHIN_C2_LIMIT,0.232618,2.537
7740,40000.0,0.02,greedy,ZYZZYVA,8.0,1.0,0.0638,1,1,1,FINALIZED_WITHIN_C2_LIMIT,0.101838,2.485
7741,40000.0,0.02,greedy,ZYZZYVA,8.0,1.0,0.0638,1,1,1,FINALIZED_WITHIN_C2_LIMIT,0.048964,2.75
7742,40000.0,0.02,greedy,ZYZZYVA,8.0,1.0,0.0638,1,1,1,FINALIZED_WITHIN_C2_LIMIT,0.119685,2.294
7743,40000.0,0.02,greedy,ZYZZYVA,8.0,1.0,0.0638,1,1,1,FINALIZED_WITHIN_C2_LIMIT,0.043903,2.419
7744,40000.0,0.02,greedy,ZYZZYVA,8.0,1.0,0.0638,1,1,1,FINALIZED_WITHIN_C2_LIMIT,0.149904,2.57
7745,40000.0,0.02,greedy,ZYZZYVA,8.0,1.0,0.0638,1,1,1,FINALIZED_WITHIN_C2_LIMIT,0.270556,2.795
7746,40000.0,0.02,greedy,ZYZZYVA,8.0,1.0,0.0638,1,1,1,FINALIZED_WITHIN_C2_LIMIT,0.101423,2.82
7747,40000.0,0.02,greedy,ZYZZYVA,8.0,1.0,0.0638,1,1,1,FINALIZED_WITHIN_C2_LIMIT,0.044851,2.534
7748,40000.0,0.02,greedy,ZYZZYVA,8.0,1.0,0.0638,1,1,1,FINALIZED_WITHIN_C2_LIMIT,0.118078,2.609
7749,40000.0,0.02,greedy,ZYZZYVA,8.0,1.0,0.0638,1,1,1,FINALIZED_WITHIN_C2_LIMIT,0.016086,2.889
7750,40000.0,0.02,greedy,ZYZZYVA,8.0,1.0,0.0638,1,1,1,FINALIZED_WITHIN_C2_LIMIT,0.205412,2.517
7751,40000.0,0.02,greedy,ZYZZYVA,8.0,1.0,0.0638,1,1,1,FINALIZED_WITHIN_C2_LIMIT,0.291296,2.803
7752,40000.0,0.02,greedy,ZYZZYVA,8.0,1.0,0.0638,1,1,1,FINALIZED_WITHIN_C2_LIMIT,0.115638,2.547
7753,40000.0,0.02,greedy,ZYZZYVA,8.0,1.0,0.0638,1,1,1,FINALIZED_WITHIN_C2_LIMIT,0.032934,2.722
7754,40000.0,0.02,greedy,ZYZZYVA,8.0,1.0,0.0638,1,1,1,FINALIZED_WITHIN_C2_LIMIT,0.090021,2.359
7755,40000.0,0.02,greedy,ZYZZYVA,8.0,1.0,0.0638,1,1,1,FINALIZED_WITHIN_C2_LIMIT,0.022933,2.598
7756,40000.0,0.02,greedy,ZYZZYVA,8.0,1.0,0.0638,1,1,1,FINALIZED_WITHIN_C2_LIMIT,0.163992,2.724
7757,40000.0,0.02,greedy,ZYZZYVA,8.0,1.0,0.0638,1,1,1,FINALIZED_WITHIN_C2_LIMIT,0.273433,2.647
7758,40000.0,0.02,greedy,ZYZZYVA,8.0,1.0,0.0638,1,1,1,FINALIZED_WITHIN_C2_LIMIT,0.093492,2.473
7759,40000.0,0.02,greedy,ZYZZYVA,8.0,1.0,0.0638,1,1,1,FINALIZED_WITHIN_C2_LIMIT,0.052334,2.592
7760,40000.0,0.02,greedy,LIU_QUORUM,8.0,1.0,0.0638,1,1,1,FINALIZED_WITHIN_C2_LIMIT,0.117359,2.955
7761,40000.0,0.02,greedy,LIU_QUORUM,8.0,1.0,0.0638,1,1,1,FINALIZED_WITHIN_C2_LIMIT,0.024954,2.843
7762,40000.0,0.02,greedy,LIU_QUORUM,8.0,1.0,0.0638,1,1,1,FINALIZED_WITHIN_C2_LIMIT,0.160165,2.774
7763,40000.0,0.02,greedy,LIU_QUORUM,8.0,1.0,0.0638,1,1,1,FINALIZED_WITHIN_C2_LIMIT,0.213614,2.475
7764,40000.0,0.02,greedy,LIU_QUORUM,8.0,1.0,0.0638,1,1,1,FINALIZED_WITHIN_C2_LIMIT,0.119624,2.394
7765,40000.0,0.02,greedy,LIU_QUORUM,8.0,1.0,0.0638,1,1,1,FINALIZED_WITHIN_C2_LIMIT,0.036306,2.697
7766,40000.0,0.02,greedy,LIU_QUORUM,8.0,1.0,0.0638,1,1,1,FINALIZED_WITHIN_C2_LIMIT,0.116112,2.274
7767,40000.0,0.02,greedy,LIU_QUORUM,8.0,1.0,0.0638,1,1,1,FINALIZED_WITHIN_C2_LIMIT,0.020205,2.649
7768,40000.0,0.02,greedy,LIU_QUORUM,8.0,1.0,0.0638,1,1,1,FINALIZED_WITHIN_C2_LIMIT,0.141811,2.774
7769,40000.0,0.02,greedy,LIU_QUORUM,8.0,1.0,0.0638,1,1,1,FINALIZED_WITHIN_C2_LIMIT,0.246281,3.19
7770,40000.0,0.02,greedy,LIU_QUORUM,8.0,1.0,0.0638,1,1,1,FINALIZED_WITHIN_C2_LIMIT,0.098862,2.161
7771,40000.0,0.02,greedy,LIU_QUORUM,8.0,1.0,0.0638,1,1,1,FINALIZED_WITHIN_C2_LIMIT,0.071546,2.477
7772,40000.0,0.02,greedy,LIU_QUORUM,8.0,1.0,0.0638,1,1,1,FINALIZED_WITHIN_C2_LIMIT,0.077825,2.483
7773,40000.0,0.02,greedy,LIU_QUORUM,8.0,1.0,0.0638,1,1,1,FINALIZED_WITHIN_C2_LIMIT,0.038451,2.35
7774,40000.0,0.02,greedy,LIU_QUORUM,8.0,1.0,0.0638,1,1,1,FINALIZED_WITHIN_C2_LIMIT,0.127676,2.153
7775,40000.0,0.02,greedy,LIU_QUORUM,8.0,1.0,0.0638,1,1,1,FINALIZED_WITHIN_C2_LIMIT,0.229995,2.402
7776,40000.0,0.02,greedy,LIU_QUORUM,8.0,1.0,0.0638,1,1,1,FINALIZED_WITHIN_C2_LIMIT,0.093995,2.344
7777,40000.0,0.02,greedy,LIU_QUORUM,8.0,1.0,0.0638,1,1,1,FINALIZED_WITHIN_C2_LIMIT,0.037119,2.515
7778,40000.0,0.02,greedy,LIU_QUORUM,8.0,1.0,0.0638,1,1,1,FINALIZED_WITHIN_C2_LIMIT,0.096535,2.46
7779,40000.0,0.02,greedy,LIU_QUORUM,8.0,1.0,0.0638,1,1,1,FINALIZED_WITHIN_C2_LIMIT,0.024858,2.235
7780,40000.0,0.02,greedy,LIU_QUORUM,8.0,1.0,0.0638,1,1,1,FINALIZED_WITHIN_C2_LIMIT,0.109583,2.485
7781,40000.0,0.02,greedy,LIU_QUORUM,8.0,1.0,0.0638,1,1,1,FINALIZED_WITHIN_C2_LIMIT,0.228544,2.705
7782,40000.0,0.02,greedy,LIU_QUORUM,8.0,1.0,0.0638,1,1,1,FINALIZED_WITHIN_C2_LIMIT,0.074242,2.241
7783,40000.0,0.02,greedy,LIU_QUORUM,8.0,1.0,0.0638,1,1,1,FINALIZED_WITHIN_C2_LIMIT,0.035307,2.183
7784,40000.0,0.02,greedy,LIU_QUORUM,8.0,1.0,0.0638,1,1,1,FINALIZED_WITHIN_C2_LIMIT,0.111401,2.332
7785,40000.0,0.02,greedy,LIU_QUORUM,8.0,1.0,0.0638,1,1,1,FINALIZED_WITHIN_C2_LIMIT,0.104746,2.323
7786,40000.0,0.02,greedy,LIU_QUORUM,8.0,1.0,0.0638,1,1,1,FINALIZED_WITHIN_C2_LIMIT,0.121128,2.36
7787,40000.0,0.02,greedy,LIU_QUORUM,8.0,1.0,0.0638,1,1,1,FINALIZED_WITHIN_C2_LIMIT,0.212632,2.328
7788,40000.0,0.02,greedy,ZYZZYVA,8.0,1.0,0.0638,1,1,1,FINALIZED_WITHIN_C2_LIMIT,0.091859,2.256
7789,40000.0,0.02,greedy,ZYZZYVA,8.0,1.0,0.06,1,1,1,FINALIZED_WITHIN_C2_LIMIT,0.059055,2.273
7790,40000.0,0.02,greedy,ZYZZYVA,8.0,1.0,0.0727,1,1,1,FINALIZED_WITHIN_C2_LIMIT,0.115883,2.298
7791,40000.0,0.02,greedy,ZYZZYVA,8.0,1.0,0.0725,1,1,1,FINALIZED_WITHIN_C2_LIMIT,0.025901,2.197
7792,40000.0,0.02,greedy,ZYZZYVA,8.0,1.0,0.0725,1,1,1,FINALIZED_WITHIN_C2_LIMIT,0.094387,2.497
7793,40000.0,0.02,greedy,ZYZZYVA,8.0,1.0,0.0725,1,1,1,FINALIZED_WITHIN_C2_LIMIT,0.186588,2.901
7794,40000.0,0.02,greedy,ZYZZYVA,8.0,1.0,0.0725,1,1,1,FINALIZED_WITHIN_C2_LIMIT,0.083453,2.624
7795,40000.0,0.02,greedy,ZYZZYVA,8.0,1.0,0.0725,1,1,1,FINALIZED_WITHIN_C2_LIMIT,0.048054,2.556
7796,40000.0,0.02,greedy,ZYZZYVA,8.0,1.0,0.0727,1,1,1,FINALIZED_WITHIN_C2_LIMIT,0.110325,2.201
7797,40000.0,0.02,greedy,ZYZZYVA,8.0,1.0,0.0727,1,1,1,FINALIZED_WITHIN_C2_LIMIT,0.029889,2.358
7798,40000.0,0.02,greedy,ZYZZYVA,8.0,1.0,0.0725,1,1,1,FINALIZED_WITHIN_C2_LIMIT,0.103046,2.372
7799,40000.0,0.02,greedy,ZYZZYVA,8.0,1.0,0.0725,1,1,1,FINALIZED_WITHIN_C2_LIMIT,0.012699,2.515
7800,40000.0,0.02,greedy,ZYZZYVA,8.0,1.0,0.0727,1,1,1,FINALIZED_WITHIN_C2_LIMIT,0.017733,2.532
7801,40000.0,0.02,greedy,ZYZZYVA,8.0,1.0,0.0608,1,1,1,FINALIZED_WITHIN_C2_LIMIT,0.022145,2.738
7802,40000.0,0.02,greedy,ZYZZYVA,8.0,1.0,0.06,1,1,1,FINALIZED_WITHIN_C2_LIMIT,0.01306,2.524
7803,40000.0,0.02,greedy,ZYZZYVA,8.0,1.0,0.06,1,1,1,FINALIZED_WITHIN_C2_LIMIT,0.031951,2.403
7804,40000.0,0.02,greedy,LIU_QUORUM,8.0,1.0,0.0638,1,1,1,FINALIZED_WITHIN_C2_LIMIT,0.021951,2.37
7805,40000.0,0.02,greedy,LIU_QUORUM,8.0,1.0,0.0638,1,1,1,FINALIZED_WITHIN_C2_LIMIT,0.019152,2.187
7806,40000.0,0.02,greedy,LIU_QUORUM,8.0,1.0,0.0638,1,1,1,FINALIZED_WITHIN_C2_LIMIT,0.035714,2.737
7807,40000.0,0.02,greedy,ZYZZYVA,8.0,1.0,0.0638,1,1,1,FINALIZED_WITHIN_C2_LIMIT,0.01507,2.572
7808,40000.0,0.02,greedy,LIU_QUORUM,8.0,1.0,0.0638,1,1,1,FINALIZED_WITHIN_C2_LIMIT,0.145599,2.779
7809,40000.0,0.02,greedy,LIU_QUORUM,8.0,1.0,0.0638,1,1,1,FINALIZED_WITHIN_C2_LIMIT,0.195892,2.566
7810,40000.0,0.02,greedy,LIU_QUORUM,8.0,1.0,0.0638,1,1,1,FINALIZED_WITHIN_C2_LIMIT,0.042692,2.405
7811,40000.0,0.02,greedy,LIU_QUORUM,8.0,1.0,0.0638,1,1,1,FINALIZED_WITHIN_C2_LIMIT,0.099676,2.58
7812,40000.0,0.02,greedy,LIU_QUORUM,8.0,1.0,0.0638,1,1,1,FINALIZED_WITHIN_C2_LIMIT,0.198356,2.467
7813,40000.0,0.02,greedy,LIU_QUORUM,8.0,1.0,0.0638,1,1,1,FINALIZED_WITHIN_C2_LIMIT,0.105284,2.725
7814,40000.0,0.02,greedy,LIU_QUORUM,8.0,1.0,0.0638,1,1,1,FINALIZED_WITHIN_C2_LIMIT,0.021945,2.522
7815,40000.0,0.02,greedy,LIU_QUORUM,8.0,1.0,0.0638,1,1,1,FINALIZED_WITHIN_C2_LIMIT,0.073733,2.443
7816,40000.0,0.02,greedy,LIU_QUORUM,8.0,1.0,0.0638,1,1,1,FINALIZED_WITHIN_C2_LIMIT,0.012598,2.795
7817,40000.0,0.02,greedy,LIU_QUORUM,8.0,1.0,0.0638,1,1,1,FINALIZED_WITHIN_C2_LIMIT,0.020474,2.503
7818,40000.0,0.02,greedy,LIU_QUORUM,8.0,1.0,0.0638,1,1,1,FINALIZED_WITHIN_C2_LIMIT,0.013952,2.292
7819,40000.0,0.02,greedy,ZYZZYVA,8.0,1.0,0.0638,1,1,1,FINALIZED_WITHIN_C2_LIMIT,0.011818,2.223
7820,40000.0,0.02,greedy,ZYZZYVA,8.0,1.0,0.0638,1,1,1,FINALIZED_WITHIN_C2_LIMIT,0.027825,2.034
7821,40000.0,0.02,greedy,ZYZZYVA,8.0,1.0,0.0638,1,1,1,FINALIZED_WITHIN_C2_LIMIT,0.010025,2.341
7822,40000.0,0.02,greedy,ZYZZYVA,8.0,1.0,0.0638,1,1,1,FINALIZED_WITHIN_C2_LIMIT,0.025908,2.12
7823,40000.0,0.02,greedy,ZYZZYVA,8.0,1.0,0.0638,1,1,1,FINALIZED_WITHIN_C2_LIMIT,0.012288,2.09
7824,40000.0,0.02,greedy,ZYZZYVA,8.0,1.0,0.0638,1,1,1,FINALIZED_WITHIN_C2_LIMIT,0.114974,2.351
7825,40000.0,0.02,greedy,ZYZZYVA,8.0,1.0,0.0638,1,1,1,FINALIZED_WITHIN_C2_LIMIT,0.144021,2.294
7826,40000.0,0.02,greedy,ZYZZYVA,8.0,1.0,0.0638,1,1,1,FINALIZED_WITHIN_C2_LIMIT,0.029915,2.168
7827,40000.0,0.02,greedy,ZYZZYVA,8.0,1.0,0.0638,1,1,1,FINALIZED_WITHIN_C2_LIMIT,0.176958,2.227
7828,40000.0,0.02,greedy,PBFT,8.0,1.0,0.0638,1,1,1,FINALIZED_WITHIN_C2_LIMIT,0.333028,2.423
7829,40000.0,0.02,greedy,PBFT,8.0,1.0,0.0638,1,1,1,FINALIZED_WITHIN_C2_LIMIT,0.226501,2.298
7830,40000.0,0.02,greedy,PBFT,8.0,1.0,0.0638,1,1,1,FINALIZED_WITHIN_C2_LIMIT,0.010378,2.208
7831,40000.0,0.02,greedy,PBFT,8.0,1.0,0.0638,1,1,1,FINALIZED_WITHIN_C2_LIMIT,0.371863,2.498
7832,40000.0,0.02,greedy,PBFT,8.0,1.0,0.0638,1,1,1,FINALIZED_WITHIN_C2_LIMIT,0.751548,2.555
7833,40000.0,0.02,greedy,PBFT,8.0,1.0,0.0638,1,1,1,FINALIZED_WITHIN_C2_LIMIT,0.730066,2.593
7834,40000.0,0.02,greedy,PBFT,8.0,1.0,0.0638,1,1,1,FINALIZED_WITHIN_C2_LIMIT,0.2798,2.465
7835,40000.0,0.02,greedy,PBFT,8.0,1.0,0.0638,1,1,1,FINALIZED_WITHIN_C2_LIMIT,0.013191,2.598
7836,40000.0,0.02,greedy,PBFT,8.0,1.0,0.0638,1,1,1,FINALIZED_WITHIN_C2_LIMIT,0.075499,2.353
7837,40000.0,0.02,greedy,PBFT,8.0,1.0,0.0638,1,1,1,FINALIZED_WITHIN_C2_LIMIT,0.066618,2.105
7838,40000.0,0.02,greedy,PBFT,8.0,1.0,0.0638,1,1,1,FINALIZED_WITHIN_C2_LIMIT,0.073515,2.128
7839,0.0,0.02,greedy,PBFT,8.0,1.0,0.0638,1,0,1,C2_DEADLINE_EXCEEDED,0.097786,2.264
7840,0.0,0.02,greedy,PBFT,8.0,1.0,0.0638,1,0,1,C2_DEADLINE_EXCEEDED,0.127111,2.471
7841,40000.0,0.02,greedy,ZYZZYVA,8.0,1.0,0.0638,1,1,1,FINALIZED_WITHIN_C2_LIMIT,0.010856,2.417
7842,40000.0,0.02,greedy,ZYZZYVA,8.0,1.0,0.0638,1,1,1,FINALIZED_WITHIN_C2_LIMIT,0.015742,2.466
7843,40000.0,0.02,greedy,ZYZZYVA,8.0,1.0,0.0638,1,1,1,FINALIZED_WITHIN_C2_LIMIT,0.049703,2.365
7844,40000.0,0.02,greedy,ZYZZYVA,8.0,1.0,0.0638,1,1,1,FINALIZED_WITHIN_C2_LIMIT,0.13312,2.265
7845,40000.0,0.02,greedy,ZYZZYVA,8.0,1.0,0.0729,1,1,1,FINALIZED_WITHIN_C2_LIMIT,0.097957,2.536
7846,40000.0,0.02,greedy,ZYZZYVA,8.0,1.0,0.0603,1,1,1,FINALIZED_WITHIN_C2_LIMIT,0.083917,2.43
7847,40000.0,0.02,greedy,ZYZZYVA,8.0,1.0,0.0638,1,1,1,FINALIZED_WITHIN_C2_LIMIT,0.029288,2.649
7848,40000.0,0.02,greedy,ZYZZYVA,8.0,1.0,0.0638,1,1,1,FINALIZED_WITHIN_C2_LIMIT,0.052905,2.386
7849,40000.0,0.02,greedy,ZYZZYVA,8.0,1.0,0.0638,1,1,1,FINALIZED_WITHIN_C2_LIMIT,0.068885,2.248
7850,40000.0,0.02,greedy,ZYZZYVA,8.0,1.0,0.0638,1,1,1,FINALIZED_WITHIN_C2_LIMIT,0.167176,2.215
7851,40000.0,0.02,greedy,LIU_QUORUM,8.0,1.0,0.0638,1,1,1,FINALIZED_WITHIN_C2_LIMIT,0.214906,2.335
7852,40000.0,0.02,greedy,LIU_QUORUM,8.0,1.0,0.0638,1,1,1,FINALIZED_WITHIN_C2_LIMIT,0.032626,2.271
7853,40000.0,0.02,greedy,LIU_QUORUM,8.0,1.0,0.0638,1,1,1,FINALIZED_WITHIN_C2_LIMIT,0.018404,2.005
7854,40000.0,0.02,greedy,LIU_QUORUM,8.0,1.0,0.0638,1,1,1,FINALIZED_WITHIN_C2_LIMIT,0.092766,2.235
7855,40000.0,0.02,greedy,LIU_QUORUM,8.0,1.0,0.0638,1,1,1,FINALIZED_WITHIN_C2_LIMIT,0.054037,2.218
7856,40000.0,0.02,greedy,LIU_QUORUM,8.0,1.0,0.0638,1,1,1,FINALIZED_WITHIN_C2_LIMIT,0.033436,2.011
7857,40000.0,0.02,greedy,LIU_QUORUM,8.0,1.0,0.0638,1,1,1,FINALIZED_WITHIN_C2_LIMIT,0.039143,2.025
7858,40000.0,0.02,greedy,LIU_QUORUM,8.0,1.0,0.0638,1,1,1,FINALIZED_WITHIN_C2_LIMIT,0.033206,2.077
7859,40000.0,0.02,greedy,LIU_QUORUM,8.0,1.0,0.0638,1,1,1,FINALIZED_WITHIN_C2_LIMIT,0.037956,2.099
7860,40000.0,0.02,greedy,LIU_QUORUM,8.0,1.0,0.0638,1,1,1,FINALIZED_WITHIN_C2_LIMIT,0.105009,2.265
7861,40000.0,0.02,greedy,LIU_QUORUM,8.0,1.0,0.0638,1,1,1,FINALIZED_WITHIN_C2_LIMIT,0.058087,2.026
7862,40000.0,0.02,greedy,LIU_QUORUM,8.0,1.0,0.0638,1,1,1,FINALIZED_WITHIN_C2_LIMIT,0.021355,1.971
7863,40000.0,0.02,greedy,LIU_QUORUM,8.0,1.0,0.0638,1,1,1,FINALIZED_WITHIN_C2_LIMIT,0.021417,2.025
7864,40000.0,0.02,greedy,LIU_QUORUM,8.0,1.0,0.0638,1,1,1,FINALIZED_WITHIN_C2_LIMIT,0.141911,2.098
7865,40000.0,0.02,greedy,LIU_QUORUM,8.0,1.0,0.0638,1,1,1,FINALIZED_WITHIN_C2_LIMIT,0.089756,2.215
7866,40000.0,0.02,greedy,LIU_QUORUM,8.0,1.0,0.0638,1,1,1,FINALIZED_WITHIN_C2_LIMIT,0.019441,2.432
7867,40000.0,0.02,greedy,LIU_QUORUM,8.0,1.0,0.0638,1,1,1,FINALIZED_WITHIN_C2_LIMIT,0.022798,2.371
7868,40000.0,0.02,greedy,LIU_QUORUM,8.0,1.0,0.0638,1,1,1,FINALIZED_WITHIN_C2_LIMIT,0.095345,2.297
7869,40000.0,0.02,greedy,LIU_QUORUM,8.0,1.0,0.0638,1,1,1,FINALIZED_WITHIN_C2_LIMIT,0.104226,2.607
7870,40000.0,0.02,greedy,LIU_QUORUM,8.0,1.0,0.0638,1,1,1,FINALIZED_WITHIN_C2_LIMIT,0.040159,2.3
7871,40000.0,0.02,greedy,LIU_QUORUM,8.0,1.0,0.0638,1,1,1,FINALIZED_WITHIN_C2_LIMIT,0.040183,2.355
7872,15000.0,0.02,explore,PBFT,3.0,1.0,0.0787,1,1,1,FINALIZED_WITHIN_C2_LIMIT,0.03617,1.036
7873,40000.0,0.02,greedy,ZYZZYVA,8.0,1.0,0.0638,1,1,1,FINALIZED_WITHIN_C2_LIMIT,0.028342,2.202
7874,40000.0,0.02,greedy,ZYZZYVA,8.0,1.0,0.0638,1,1,1,FINALIZED_WITHIN_C2_LIMIT,0.140277,2.273
7875,40000.0,0.02,greedy,ZYZZYVA,8.0,1.0,0.0638,1,1,1,FINALIZED_WITHIN_C2_LIMIT,0.097744,2.345
7876,40000.0,0.02,greedy,ZYZZYVA,8.0,1.0,0.0638,1,1,1,FINALIZED_WITHIN_C2_LIMIT,0.018121,2.103
7877,40000.0,0.02,greedy,ZYZZYVA,8.0,1.0,0.0638,1,1,1,FINALIZED_WITHIN_C2_LIMIT,0.015618,2.013
7878,40000.0,0.02,greedy,ZYZZYVA,8.0,1.0,0.0638,1,1,1,FINALIZED_WITHIN_C2_LIMIT,0.103309,2.032
7879,40000.0,0.02,greedy,ZYZZYVA,8.0,1.0,0.0638,1,1,1,FINALIZED_WITHIN_C2_LIMIT,0.103348,2.137
7880,40000.0,0.02,greedy,ZYZZYVA,8.0,1.0,0.0638,1,1,1,FINALIZED_WITHIN_C2_LIMIT,0.017381,2.056
7881,40000.0,0.02,greedy,ZYZZYVA,8.0,1.0,0.0638,1,1,1,FINALIZED_WITHIN_C2_LIMIT,0.323235,2.209
7882,40000.0,0.02,greedy,ZYZZYVA,8.0,1.0,0.0638,1,1,1,FINALIZED_WITHIN_C2_LIMIT,0.539108,2.146
7883,40000.0,0.02,greedy,ZYZZYVA,8.0,1.0,0.0638,1,1,1,FINALIZED_WITHIN_C2_LIMIT,0.394534,2.32
7884,40000.0,0.02,greedy,ZYZZYVA,8.0,1.0,0.0638,1,1,1,FINALIZED_WITHIN_C2_LIMIT,0.079601,2.199
7885,40000.0,0.02,greedy,ZYZZYVA,8.0,1.0,0.0638,1,1,1,FINALIZED_WITHIN_C2_LIMIT,0.154898,2.161
7886,40000.0,0.02,greedy,ZYZZYVA,8.0,1.0,0.0638,1,1,1,FINALIZED_WITHIN_C2_LIMIT,0.611618,2.051
7887,40000.0,0.02,greedy,ZYZZYVA,8.0,1.0,0.0638,1,1,1,FINALIZED_WITHIN_C2_LIMIT,0.48698,2.397
7888,40000.0,0.02,greedy,ZYZZYVA,8.0,1.0,0.0638,1,1,1,FINALIZED_WITHIN_C2_LIMIT,0.129134,2.146
7889,40000.0,0.02,greedy,ZYZZYVA,8.0,1.0,0.0638,1,1,1,FINALIZED_WITHIN_C2_LIMIT,0.072145,2.184
7890,40000.0,0.02,greedy,ZYZZYVA,8.0,1.0,0.0638,1,1,1,FINALIZED_WITHIN_C2_LIMIT,0.226593,1.929
7891,40000.0,0.02,greedy,ZYZZYVA,8.0,1.0,0.0638,1,1,1,FINALIZED_WITHIN_C2_LIMIT,0.173609,2.103
7892,40000.0,0.02,greedy,ZYZZYVA,8.0,1.0,0.0638,1,1,1,FINALIZED_WITHIN_C2_LIMIT,0.008925,1.829
7893,40000.0,0.02,greedy,ZYZZYVA,8.0,1.0,0.0638,1,1,1,FINALIZED_WITHIN_C2_LIMIT,0.371733,2.285
7894,40000.0,0.02,greedy,ZYZZYVA,8.0,1.0,0.0638,1,1,1,FINALIZED_WITHIN_C2_LIMIT,0.782406,2.386
7895,40000.0,0.02,greedy,ZYZZYVA,8.0,1.0,0.0638,1,1,1,FINALIZED_WITHIN_C2_LIMIT,0.632909,2.433
7896,40000.0,0.02,greedy,ZYZZYVA,8.0,1.0,0.0638,1,1,1,FINALIZED_WITHIN_C2_LIMIT,0.228112,2.168
7897,40000.0,0.02,greedy,ZYZZYVA,8.0,1.0,0.0638,1,1,1,FINALIZED_WITHIN_C2_LIMIT,0.041499,2.404
7898,40000.0,0.02,greedy,ZYZZYVA,8.0,1.0,0.0638,1,1,1,FINALIZED_WITHIN_C2_LIMIT,0.148742,2.193
7899,40000.0,0.02,greedy,ZYZZYVA,8.0,1.0,0.0638,1,1,1,FINALIZED_WITHIN_C2_LIMIT,0.016859,2.342
7900,40000.0,0.02,greedy,ZYZZYVA,8.0,1.0,0.0638,1,1,1,FINALIZED_WITHIN_C2_LIMIT,0.144718,2.104
7901,40000.0,0.02,greedy,ZYZZYVA,8.0,1.0,0.0638,1,1,1,FINALIZED_WITHIN_C2_LIMIT,0.212132,2.352
7902,40000.0,0.02,greedy,ZYZZYVA,8.0,1.0,0.0638,1,1,1,FINALIZED_WITHIN_C2_LIMIT,0.089163,2.124
7903,40000.0,0.02,greedy,ZYZZYVA,8.0,1.0,0.0638,1,1,1,FINALIZED_WITHIN_C2_LIMIT,0.238754,2.202
7904,40000.0,0.02,greedy,ZYZZYVA,8.0,1.0,0.0638,1,1,1,FINALIZED_WITHIN_C2_LIMIT,0.390809,2.267
7905,40000.0,0.02,greedy,ZYZZYVA,8.0,1.0,0.0638,1,1,1,FINALIZED_WITHIN_C2_LIMIT,0.292002,2.449
7906,40000.0,0.02,greedy,ZYZZYVA,8.0,1.0,0.0638,1,1,1,FINALIZED_WITHIN_C2_LIMIT,0.035008,2.055
7907,40000.0,0.02,greedy,ZYZZYVA,8.0,1.0,0.0638,1,1,1,FINALIZED_WITHIN_C2_LIMIT,0.253651,2.237
7908,40000.0,0.02,greedy,ZYZZYVA,8.0,1.0,0.0638,1,1,1,FINALIZED_WITHIN_C2_LIMIT,0.810341,2.044
7909,40000.0,0.02,greedy,ZYZZYVA,8.0,1.0,0.0638,1,1,1,FINALIZED_WITHIN_C2_LIMIT,0.69457,2.212
7910,40000.0,0.02,greedy,ZYZZYVA,8.0,1.0,0.0638,1,1,1,FINALIZED_WITHIN_C2_LIMIT,0.388668,2.352
7911,40000.0,0.02,greedy,ZYZZYVA,8.0,1.0,0.0638,1,1,1,FINALIZED_WITHIN_C2_LIMIT,0.015051,2.486
7912,40000.0,0.02,greedy,ZYZZYVA,8.0,1.0,0.0638,1,1,1,FINALIZED_WITHIN_C2_LIMIT,0.085614,2.309
7913,40000.0,0.02,greedy,ZYZZYVA,8.0,1.0,0.0638,1,1,1,FINALIZED_WITHIN_C2_LIMIT,0.046612,2.346
7914,40000.0,0.02,greedy,ZYZZYVA,8.0,1.0,0.0638,1,1,1,FINALIZED_WITHIN_C2_LIMIT,0.054189,2.118
7915,40000.0,0.02,greedy,ZYZZYVA,8.0,1.0,0.0638,1,1,1,FINALIZED_WITHIN_C2_LIMIT,0.120502,2.572
7916,40000.0,0.02,greedy,ZYZZYVA,8.0,1.0,0.0638,1,1,1,FINALIZED_WITHIN_C2_LIMIT,0.009321,2.222
7917,40000.0,0.02,greedy,ZYZZYVA,8.0,1.0,0.0638,1,1,1,FINALIZED_WITHIN_C2_LIMIT,0.03218,2.451
7918,40000.0,0.02,greedy,ZYZZYVA,8.0,1.0,0.0638,1,1,1,FINALIZED_WITHIN_C2_LIMIT,0.020796,2.409
7919,40000.0,0.02,greedy,ZYZZYVA,8.0,1.0,0.0638,1,1,1,FINALIZED_WITHIN_C2_LIMIT,0.009054,2.745
7920,40000.0,0.02,greedy,ZYZZYVA,8.0,1.0,0.0638,1,1,1,FINALIZED_WITHIN_C2_LIMIT,0.047049,2.481
7921,40000.0,0.02,greedy,ZYZZYVA,8.0,1.0,0.0638,1,1,1,FINALIZED_WITHIN_C2_LIMIT,0.025425,2.725
7922,40000.0,0.02,greedy,LIU_QUORUM,8.0,1.0,0.0638,1,1,1,FINALIZED_WITHIN_C2_LIMIT,0.127432,2.452
7923,40000.0,0.02,greedy,LIU_QUORUM,8.0,1.0,0.0638,1,1,1,FINALIZED_WITHIN_C2_LIMIT,0.073845,2.502
7924,40000.0,0.02,greedy,LIU_QUORUM,8.0,1.0,0.0638,1,1,1,FINALIZED_WITHIN_C2_LIMIT,0.031721,2.313
7925,40000.0,0.02,greedy,LIU_QUORUM,8.0,1.0,0.0638,1,1,1,FINALIZED_WITHIN_C2_LIMIT,0.041117,2.521
7926,40000.0,0.02,greedy,LIU_QUORUM,8.0,1.0,0.0638,1,1,1,FINALIZED_WITHIN_C2_LIMIT,0.040628,2.3
7927,40000.0,0.02,greedy,ZYZZYVA,8.0,1.0,0.0638,1,1,1,FINALIZED_WITHIN_C2_LIMIT,0.114963,2.311
7928,40000.0,0.02,greedy,ZYZZYVA,8.0,1.0,0.0638,1,1,1,FINALIZED_WITHIN_C2_LIMIT,0.103877,2.468
7929,40000.0,0.02,greedy,ZYZZYVA,8.0,1.0,0.0638,1,1,1,FINALIZED_WITHIN_C2_LIMIT,0.082288,2.485
7930,40000.0,0.02,greedy,ZYZZYVA,8.0,1.0,0.0638,1,1,1,FINALIZED_WITHIN_C2_LIMIT,0.072454,2.438
7931,40000.0,0.02,greedy,ZYZZYVA,8.0,1.0,0.0638,1,1,1,FINALIZED_WITHIN_C2_LIMIT,0.015996,2.662
7932,40000.0,0.02,greedy,ZYZZYVA,8.0,1.0,0.0638,1,1,1,FINALIZED_WITHIN_C2_LIMIT,0.225396,2.565
7933,40000.0,0.02,greedy,ZYZZYVA,8.0,1.0,0.0638,1,1,1,FINALIZED_WITHIN_C2_LIMIT,0.374011,2.772
7934,40000.0,0.02,greedy,ZYZZYVA,8.0,1.0,0.054,1,1,1,FINALIZED_WITHIN_C2_LIMIT,0.21049,2.345
7935,40000.0,0.02,greedy,ZYZZYVA,8.0,1.0,0.054,1,1,1,FINALIZED_WITHIN_C2_LIMIT,0.016151,2.083
7936,40000.0,0.02,greedy,ZYZZYVA,8.0,1.0,0.054,1,1,1,FINALIZED_WITHIN_C2_LIMIT,0.096209,2.219
7937,40000.0,0.02,greedy,ZYZZYVA,8.0,1.0,0.054,1,1,1,FINALIZED_WITHIN_C2_LIMIT,0.083236,2.253
7938,40000.0,0.02,greedy,ZYZZYVA,8.0,1.0,0.054,1,1,1,FINALIZED_WITHIN_C2_LIMIT,0.01708,2.188
7939,40000.0,0.02,greedy,ZYZZYVA,8.0,1.0,0.0638,1,1,1,FINALIZED_WITHIN_C2_LIMIT,0.043781,2.117
7940,40000.0,0.02,greedy,ZYZZYVA,8.0,1.0,0.0638,1,1,1,FINALIZED_WITHIN_C2_LIMIT,0.073171,1.888
7941,40000.0,0.02,greedy,LIU_QUORUM,8.0,1.0,0.054,1,1,1,FINALIZED_WITHIN_C2_LIMIT,0.05532,2.288
7942,40000.0,0.02,greedy,LIU_QUORUM,8.0,1.0,0.054,1,1,1,FINALIZED_WITHIN_C2_LIMIT,0.024366,1.897
7943,40000.0,0.02,greedy,LIU_QUORUM,8.0,1.0,0.0638,1,1,1,FINALIZED_WITHIN_C2_LIMIT,0.019751,1.888
7944,40000.0,0.02,greedy,LIU_QUORUM,8.0,1.0,0.0638,1,1,1,FINALIZED_WITHIN_C2_LIMIT,0.057149,2.318
7945,40000.0,0.02,greedy,LIU_QUORUM,8.0,1.0,0.0638,1,1,1,FINALIZED_WITHIN_C2_LIMIT,0.054932,2.374
7946,40000.0,0.02,greedy,LIU_QUORUM,8.0,1.0,0.0638,1,1,1,FINALIZED_WITHIN_C2_LIMIT,0.052785,2.241
7947,40000.0,0.02,greedy,LIU_QUORUM,8.0,1.0,0.0638,1,1,1,FINALIZED_WITHIN_C2_LIMIT,0.151858,2.146
7948,40000.0,0.02,greedy,LIU_QUORUM,8.0,1.0,0.0638,1,1,1,FINALIZED_WITHIN_C2_LIMIT,0.052636,2.2
7949,40000.0,0.02,greedy,LIU_QUORUM,8.0,1.0,0.0638,1,1,1,FINALIZED_WITHIN_C2_LIMIT,0.040003,2.165
7950,40000.0,0.02,greedy,LIU_QUORUM,8.0,1.0,0.0638,1,1,1,FINALIZED_WITHIN_C2_LIMIT,0.088009,1.945
7951,40000.0,0.02,greedy,LIU_QUORUM,8.0,1.0,0.0638,1,1,1,FINALIZED_WITHIN_C2_LIMIT,0.029594,2.546
7952,40000.0,0.02,greedy,LIU_QUORUM,8.0,1.0,0.0638,1,1,1,FINALIZED_WITHIN_C2_LIMIT,0.033613,2.322
7953,40000.0,0.02,greedy,LIU_QUORUM,8.0,1.0,0.0638,1,1,1,FINALIZED_WITHIN_C2_LIMIT,0.038553,2.225
7954,40000.0,0.02,greedy,LIU_QUORUM,8.0,1.0,0.0638,1,1,1,FINALIZED_WITHIN_C2_LIMIT,0.039427,2.333
7955,40000.0,0.02,greedy,LIU_QUORUM,8.0,1.0,0.0638,1,1,1,FINALIZED_WITHIN_C2_LIMIT,0.030396,2.143
7956,40000.0,0.02,greedy,ZYZZYVA,8.0,1.0,0.0638,1,1,1,FINALIZED_WITHIN_C2_LIMIT,0.031947,1.961
7957,40000.0,0.02,greedy,ZYZZYVA,8.0,1.0,0.0638,1,1,1,FINALIZED_WITHIN_C2_LIMIT,0.033495,1.905
7958,40000.0,0.02,greedy,ZYZZYVA,8.0,1.0,0.0638,1,1,1,FINALIZED_WITHIN_C2_LIMIT,0.037041,1.843
7959,40000.0,0.02,greedy,ZYZZYVA,8.0,1.0,0.0638,1,1,1,FINALIZED_WITHIN_C2_LIMIT,0.03754,1.948
7960,40000.0,0.02,greedy,ZYZZYVA,8.0,1.0,0.0638,1,1,1,FINALIZED_WITHIN_C2_LIMIT,0.037807,1.942
7961,40000.0,0.02,greedy,ZYZZYVA,8.0,1.0,0.0638,1,1,1,FINALIZED_WITHIN_C2_LIMIT,0.044352,1.857
7962,40000.0,0.02,greedy,ZYZZYVA,8.0,1.0,0.0638,1,1,1,FINALIZED_WITHIN_C2_LIMIT,0.048597,1.819
7963,40000.0,0.02,greedy,ZYZZYVA,8.0,1.0,0.0638,1,1,1,FINALIZED_WITHIN_C2_LIMIT,0.12124,2.051
7964,40000.0,0.02,greedy,ZYZZYVA,8.0,1.0,0.0638,1,1,1,FINALIZED_WITHIN_C2_LIMIT,0.043506,2.201
7965,40000.0,0.02,greedy,ZYZZYVA,8.0,1.0,0.0638,1,1,1,FINALIZED_WITHIN_C2_LIMIT,0.024551,2.171
7966,40000.0,0.02,greedy,ZYZZYVA,8.0,1.0,0.0638,1,1,1,FINALIZED_WITHIN_C2_LIMIT,0.070433,2.127
7967,40000.0,0.02,greedy,ZYZZYVA,8.0,1.0,0.0638,1,1,1,FINALIZED_WITHIN_C2_LIMIT,0.062159,2.011
7968,40000.0,0.02,greedy,ZYZZYVA,8.0,1.0,0.0638,1,1,1,FINALIZED_WITHIN_C2_LIMIT,0.018609,2.143
7969,40000.0,0.02,greedy,ZYZZYVA,8.0,1.0,0.0638,1,1,1,FINALIZED_WITHIN_C2_LIMIT,0.024928,2.193
7970,40000.0,0.02,greedy,ZYZZYVA,8.0,1.0,0.0638,1,1,1,FINALIZED_WITHIN_C2_LIMIT,0.068663,1.964
7971,40000.0,0.02,greedy,ZYZZYVA,8.0,1.0,0.0638,1,1,1,FINALIZED_WITHIN_C2_LIMIT,0.051434,2.071
7972,40000.0,0.02,greedy,ZYZZYVA,8.0,1.0,0.0638,1,1,1,FINALIZED_WITHIN_C2_LIMIT,0.028716,1.926
7973,40000.0,0.02,greedy,ZYZZYVA,8.0,1.0,0.0638,1,1,1,FINALIZED_WITHIN_C2_LIMIT,0.018491,2.08
7974,40000.0,0.02,greedy,ZYZZYVA,8.0,1.0,0.0638,1,1,1,FINALIZED_WITHIN_C2_LIMIT,0.061179,1.995
7975,40000.0,0.02,greedy,ZYZZYVA,8.0,1.0,0.0638,1,1,1,FINALIZED_WITHIN_C2_LIMIT,0.040017,1.83
7976,40000.0,0.02,greedy,ZYZZYVA,8.0,1.0,0.0638,1,1,1,FINALIZED_WITHIN_C2_LIMIT,0.019328,1.852
7977,40000.0,0.02,greedy,ZYZZYVA,8.0,1.0,0.0638,1,1,1,FINALIZED_WITHIN_C2_LIMIT,0.024292,1.962
7978,40000.0,0.02,greedy,ZYZZYVA,8.0,1.0,0.0638,1,1,1,FINALIZED_WITHIN_C2_LIMIT,0.062946,1.871
7979,40000.0,0.02,greedy,LIU_QUORUM,8.0,1.0,0.0638,1,1,1,FINALIZED_WITHIN_C2_LIMIT,0.094411,1.994
7980,40000.0,0.02,greedy,LIU_QUORUM,8.0,1.0,0.0638,1,1,1,FINALIZED_WITHIN_C2_LIMIT,0.023926,1.858
7981,40000.0,0.02,greedy,LIU_QUORUM,8.0,1.0,0.0638,1,1,1,FINALIZED_WITHIN_C2_LIMIT,0.179933,1.807
7982,40000.0,0.02,greedy,LIU_QUORUM,8.0,1.0,0.0638,1,1,1,FINALIZED_WITHIN_C2_LIMIT,0.120905,1.862
7983,40000.0,0.02,greedy,LIU_QUORUM,8.0,1.0,0.0638,1,1,1,FINALIZED_WITHIN_C2_LIMIT,0.092795,1.889
7984,40000.0,0.02,greedy,LIU_QUORUM,8.0,1.0,0.0638,1,1,1,FINALIZED_WITHIN_C2_LIMIT,0.079482,1.931
7985,40000.0,0.02,greedy,LIU_QUORUM,8.0,1.0,0.0638,1,1,1,FINALIZED_WITHIN_C2_LIMIT,0.041955,1.953
7986,40000.0,0.02,greedy,LIU_QUORUM,8.0,1.0,0.0638,1,1,1,FINALIZED_WITHIN_C2_LIMIT,0.095157,1.972
7987,40000.0,0.02,greedy,LIU_QUORUM,8.0,1.0,0.0638,1,1,1,FINALIZED_WITHIN_C2_LIMIT,0.049154,2.02
7988,40000.0,0.02,greedy,LIU_QUORUM,8.0,1.0,0.0638,1,1,1,FINALIZED_WITHIN_C2_LIMIT,0.092243,2.168
7989,40000.0,0.02,greedy,LIU_QUORUM,8.0,1.0,0.0638,1,1,1,FINALIZED_WITHIN_C2_LIMIT,0.034627,2.062
7990,40000.0,0.02,greedy,ZYZZYVA,8.0,1.0,0.0638,1,1,1,FINALIZED_WITHIN_C2_LIMIT,0.081689,1.787
7991,40000.0,0.02,greedy,ZYZZYVA,8.0,1.0,0.0638,1,1,1,FINALIZED_WITHIN_C2_LIMIT,0.035506,1.86
7992,40000.0,0.02,greedy,ZYZZYVA,8.0,1.0,0.0638,1,1,1,FINALIZED_WITHIN_C2_LIMIT,0.046607,1.896
7993,40000.0,0.02,greedy,ZYZZYVA,8.0,1.0,0.0638,1,1,1,FINALIZED_WITHIN_C2_LIMIT,0.049277,2.097
7994,40000.0,0.02,greedy,ZYZZYVA,8.0,1.0,0.0638,1,1,1,FINALIZED_WITHIN_C2_LIMIT,0.036752,2.291
7995,40000.0,0.02,greedy,ZYZZYVA,8.0,1.0,0.0638,1,1,1,FINALIZED_WITHIN_C2_LIMIT,0.045094,2.146
7996,40000.0,0.02,greedy,ZYZZYVA,8.0,1.0,0.0638,1,1,1,FINALIZED_WITHIN_C2_LIMIT,0.054892,1.983
7997,40000.0,0.02,greedy,ZYZZYVA,8.0,1.0,0.0638,1,1,1,FINALIZED_WITHIN_C2_LIMIT,0.052308,2.049
7998,40000.0,0.02,greedy,ZYZZYVA,8.0,1.0,0.0638,1,1,1,FINALIZED_WITHIN_C2_LIMIT,0.016618,2.105
7999,40000.0,0.02,greedy,ZYZZYVA,8.0,1.0,0.0638,1,1,1,FINALIZED_WITHIN_C2_LIMIT,0.030715,1.822
