action_id,protocol,block_size_mb,block_interval_s,validator_set_hash,seed,throughput_paper_nominal,paper_t_c,paper_t_f,paper_c1,paper_c2,paper_c3,reward_paper_reference,des_t_c,des_t_f,des_c1,des_c2,des_c3,reward_des_liu_objective,delta_t_c,delta_t_f,constraint_agreement,run_status,failure_reason,wall_clock_seconds
0,PBFT,0.2,0.5,2745db6ece3e0992,0,2000.0,0.662927738927739,1.162927738927739,True,True,True,2000.0,0.4220375519904933,0.9220375519904933,True,True,True,2000.0,-0.24089018693724573,-0.24089018693724573,True,SUCCESS,,0.25221705436706543
1,PBFT,0.2,1.0,ccc5014558427bc5,0,1000.0,0.662927738927739,1.662927738927739,True,True,True,1000.0,0.42203755199049287,1.4220375519904929,True,True,True,1000.0,-0.24089018693724618,-0.24089018693724618,True,SUCCESS,,0.23331975936889648
2,PBFT,0.2,1.5,ea1dd06e90c455a4,0,666.6666666666666,0.662927738927739,2.1629277389277393,True,True,True,666.6666666666666,0.42203755199049287,1.9220375519904929,True,True,True,666.6666666666666,-0.24089018693724618,-0.2408901869372464,True,SUCCESS,,0.25560998916625977
3,PBFT,0.2,2.0,00b131701985cc12,0,500.0,0.662927738927739,2.6629277389277393,True,True,True,500.0,0.42203755199049375,2.4220375519904938,True,True,True,500.0,-0.2408901869372453,-0.2408901869372455,True,SUCCESS,,0.2637152671813965
4,PBFT,0.2,2.5,9c1207f907035045,0,400.0,0.662927738927739,3.1629277389277393,True,True,True,400.0,0.42203755199049375,2.9220375519904938,True,True,True,400.0,-0.2408901869372453,-0.2408901869372455,True,SUCCESS,,0.2619328498840332
5,PBFT,0.2,3.0,818a567592704401,0,333.3333333333333,0.662927738927739,3.6629277389277393,True,True,True,333.3333333333333,0.42203755199049375,3.4220375519904938,True,True,True,333.3333333333333,-0.2408901869372453,-0.2408901869372455,True,SUCCESS,,0.2675182819366455
6,PBFT,0.2,3.5,27bf78412227d09a,0,285.7142857142857,0.662927738927739,4.162927738927739,True,True,True,285.7142857142857,0.42203755199049375,3.9220375519904938,True,True,True,285.7142857142857,-0.2408901869372453,-0.2408901869372455,True,SUCCESS,,0.24027276039123535
7,PBFT,0.2,4.0,c5ede9efbc7a17af,0,250.0,0.662927738927739,4.662927738927739,True,True,True,250.0,0.42203755199049375,4.422037551990494,True,True,True,250.0,-0.2408901869372453,-0.2408901869372455,True,SUCCESS,,0.28292346000671387
8,PBFT,0.2,4.5,d7f1370b709b4aa4,0,222.22222222222223,0.662927738927739,5.162927738927739,True,True,True,222.22222222222223,0.42203755199049375,4.922037551990494,True,True,True,222.22222222222223,-0.2408901869372453,-0.2408901869372455,True,SUCCESS,,0.29344892501831055
9,PBFT,0.2,5.0,65c3b75a3f953082,0,200.0,0.662927738927739,5.662927738927739,True,True,True,200.0,0.42203755199049375,5.422037551990494,True,True,True,200.0,-0.2408901869372453,-0.2408901869372455,True,SUCCESS,,0.2852931022644043
10,PBFT,0.2,5.5,c025b5632b271824,0,181.8181818181818,0.662927738927739,6.162927738927739,True,True,True,181.8181818181818,0.42203755199049375,5.922037551990494,True,True,True,181.8181818181818,-0.2408901869372453,-0.2408901869372455,True,SUCCESS,,0.28345370292663574
11,PBFT,0.2,6.0,926a5dfa2561b38e,0,166.66666666666666,0.662927738927739,6.662927738927739,True,True,True,166.66666666666666,0.42203755199049375,6.422037551990494,True,True,True,166.66666666666666,-0.2408901869372453,-0.2408901869372455,True,SUCCESS,,0.2901618480682373
12,PBFT,0.2,6.5,234ef67bcc54e003,0,153.84615384615384,0.662927738927739,7.162927738927739,True,True,True,153.84615384615384,0.42203755199049375,6.922037551990494,True,True,True,153.84615384615384,-0.2408901869372453,-0.2408901869372455,True,SUCCESS,,0.2920265197753906
13,PBFT,0.2,7.0,adb414b91914aced,0,142.85714285714286,0.662927738927739,7.662927738927739,True,True,True,142.85714285714286,0.42203755199049375,7.422037551990494,True,True,True,142.85714285714286,-0.2408901869372453,-0.2408901869372455,True,SUCCESS,,0.2947978973388672
14,PBFT,0.2,7.5,c80e31a9b42c45c6,0,133.33333333333334,0.662927738927739,8.162927738927738,True,True,True,133.33333333333334,0.42203755199049375,7.922037551990494,True,True,True,133.33333333333334,-0.2408901869372453,-0.24089018693724462,True,SUCCESS,,0.26686692237854004
15,PBFT,0.2,8.0,2905100f63a37b7e,0,125.0,0.662927738927739,8.662927738927738,True,True,True,125.0,0.422037551990492,8.422037551990492,True,True,True,125.0,-0.24089018693724706,-0.2408901869372464,True,SUCCESS,,0.296370267868042
16,PBFT,0.2,8.5,2bfa9bfcf09192ab,0,117.6470588235294,0.662927738927739,9.162927738927738,True,True,True,117.6470588235294,0.422037551990492,8.922037551990492,True,True,True,117.6470588235294,-0.24089018693724706,-0.2408901869372464,True,SUCCESS,,0.3117971420288086
17,PBFT,0.2,9.0,432e6c3130326636,0,111.11111111111111,0.662927738927739,9.662927738927738,True,True,True,111.11111111111111,0.422037551990492,9.422037551990492,True,True,True,111.11111111111111,-0.24089018693724706,-0.2408901869372464,True,SUCCESS,,0.29523444175720215
18,PBFT,0.2,9.5,080cc4b7bd1eba96,0,105.26315789473684,0.662927738927739,10.162927738927738,True,True,True,105.26315789473684,0.422037551990492,9.922037551990492,True,True,True,105.26315789473684,-0.24089018693724706,-0.2408901869372464,True,SUCCESS,,0.27911806106567383
19,PBFT,0.2,10.0,7aa1a3ba82b74577,0,100.0,0.662927738927739,10.662927738927738,True,True,True,100.0,0.422037551990492,10.422037551990492,True,True,True,100.0,-0.24089018693724706,-0.2408901869372464,True,SUCCESS,,0.2884197235107422
20,PBFT,0.4,0.5,b80a4fd578d94c47,0,4000.0,1.3230675990675993,1.8230675990675993,True,True,True,4000.0,0.8396097445038624,1.3396097445038624,True,True,True,4000.0,-0.4834578545637369,-0.4834578545637369,True,SUCCESS,,0.4355282783508301
21,PBFT,0.4,1.0,8e2657f1b9c7077c,0,2000.0,1.3230675990675993,2.323067599067599,True,True,True,2000.0,0.8396097445038624,1.8396097445038624,True,True,True,2000.0,-0.4834578545637369,-0.4834578545637367,True,SUCCESS,,0.44666194915771484
22,PBFT,0.4,1.5,0cd9a3c4436de6d8,0,1333.3333333333333,1.3230675990675993,2.823067599067599,True,True,True,1333.3333333333333,0.8396097445038628,2.339609744503863,True,True,True,1333.3333333333333,-0.48345785456373647,-0.48345785456373624,True,SUCCESS,,0.4401984214782715
23,PBFT,0.4,2.0,04dfb33564456d9e,0,1000.0,1.3230675990675993,3.323067599067599,True,True,True,1000.0,0.8396097445038633,2.8396097445038633,True,True,True,1000.0,-0.483457854563736,-0.4834578545637358,True,SUCCESS,,0.42365550994873047
24,PBFT,0.4,2.5,01660521e549ce25,0,800.0,1.3230675990675993,3.823067599067599,True,True,True,800.0,0.8396097445038633,3.3396097445038633,True,True,True,800.0,-0.483457854563736,-0.4834578545637358,True,SUCCESS,,0.42447423934936523
25,PBFT,0.4,3.0,a127c8bcd91bea25,0,666.6666666666666,1.3230675990675993,4.323067599067599,True,True,True,666.6666666666666,0.8396097445038633,3.8396097445038633,True,True,True,666.6666666666666,-0.483457854563736,-0.4834578545637358,True,SUCCESS,,0.45363879203796387
26,PBFT,0.4,3.5,91eee7748849a0c4,0,571.4285714285714,1.3230675990675993,4.823067599067599,True,True,True,571.4285714285714,0.8396097445038624,4.339609744503862,True,True,True,571.4285714285714,-0.4834578545637369,-0.4834578545637367,True,SUCCESS,,0.43662595748901367
27,PBFT,0.4,4.0,9dc04cbd8be0342c,0,500.0,1.3230675990675993,5.323067599067599,True,True,True,500.0,0.8396097445038624,4.839609744503862,True,True,True,500.0,-0.4834578545637369,-0.4834578545637367,True,SUCCESS,,0.4168400764465332
28,PBFT,0.4,4.5,63eb465df9c142ef,0,444.44444444444446,1.3230675990675993,5.823067599067599,True,True,True,444.44444444444446,0.8396097445038624,5.339609744503862,True,True,True,444.44444444444446,-0.4834578545637369,-0.4834578545637367,True,SUCCESS,,0.4138317108154297
29,PBFT,0.4,5.0,01ddb0492e74ede1,0,400.0,1.3230675990675993,6.323067599067599,True,True,True,400.0,0.8396097445038624,5.839609744503862,True,True,True,400.0,-0.4834578545637369,-0.4834578545637367,True,SUCCESS,,0.4236006736755371
30,PBFT,0.4,5.5,b64d7f23382945c0,0,363.6363636363636,1.3230675990675993,6.823067599067599,True,True,True,363.6363636363636,0.8396097445038624,6.339609744503862,True,True,True,363.6363636363636,-0.4834578545637369,-0.4834578545637367,True,SUCCESS,,0.41196465492248535
31,PBFT,0.4,6.0,82a04baec466bff0,0,333.3333333333333,1.3230675990675993,7.323067599067599,True,True,True,333.3333333333333,0.8396097445038624,6.839609744503862,True,True,True,333.3333333333333,-0.4834578545637369,-0.4834578545637367,True,SUCCESS,,0.4452235698699951
32,PBFT,0.4,6.5,f0f6378c9c8c7465,0,307.6923076923077,1.3230675990675993,7.823067599067599,True,True,True,307.6923076923077,0.8396097445038624,7.339609744503862,True,True,True,307.6923076923077,-0.4834578545637369,-0.4834578545637367,True,SUCCESS,,0.41323089599609375
33,PBFT,0.4,7.0,9adc5ced605cee88,0,285.7142857142857,1.3230675990675993,8.323067599067599,True,True,True,285.7142857142857,0.8396097445038624,7.839609744503862,True,True,True,285.7142857142857,-0.4834578545637369,-0.4834578545637367,True,SUCCESS,,0.4261958599090576
34,PBFT,0.4,7.5,7c517b9fa446820c,0,266.6666666666667,1.3230675990675993,8.823067599067599,True,True,True,266.6666666666667,0.8396097445038606,8.33960974450386,True,True,True,266.6666666666667,-0.4834578545637387,-0.48345785456373847,True,SUCCESS,,0.44785618782043457
35,PBFT,0.4,8.0,f90aacff15acf88f,0,250.0,1.3230675990675993,9.323067599067599,True,True,True,250.0,0.8396097445038606,8.83960974450386,True,True,True,250.0,-0.4834578545637387,-0.48345785456373847,True,SUCCESS,,0.43671274185180664
36,PBFT,0.4,8.5,ed4bd2941e068492,0,235.2941176470588,1.3230675990675993,9.823067599067599,True,True,True,235.2941176470588,0.8396097445038606,9.33960974450386,True,True,True,235.2941176470588,-0.4834578545637387,-0.48345785456373847,True,SUCCESS,,0.427278995513916
37,PBFT,0.4,9.0,ed19e076be500c3f,0,222.22222222222223,1.3230675990675993,10.323067599067599,True,True,True,222.22222222222223,0.8396097445038606,9.83960974450386,True,True,True,222.22222222222223,-0.4834578545637387,-0.48345785456373847,True,SUCCESS,,0.432849645614624
38,PBFT,0.4,9.5,66d524c1db8ce17a,0,210.52631578947367,1.3230675990675993,10.823067599067599,True,True,True,210.52631578947367,0.8396097445038606,10.33960974450386,True,True,True,210.52631578947367,-0.4834578545637387,-0.48345785456373847,True,SUCCESS,,0.4473710060119629
39,PBFT,0.4,10.0,6aaf3149a8080672,0,200.0,1.3230675990675993,11.323067599067599,True,True,True,200.0,0.8396097445038606,10.83960974450386,True,True,True,200.0,-0.4834578545637387,-0.48345785456373847,True,SUCCESS,,0.4440438747406006
40,PBFT,0.6,0.5,d660c0222da158c4,0,6000.0,1.983207459207459,2.483207459207459,True,True,True,6000.0,1.257181937017231,1.757181937017231,True,True,True,6000.0,-0.7260255221902279,-0.7260255221902279,True,SUCCESS,,0.6446187496185303
41,PBFT,0.6,1.0,6e621aa4a4196e46,0,3000.0,1.983207459207459,2.983207459207459,True,True,True,3000.0,1.257181937017232,2.257181937017232,True,True,True,3000.0,-0.726025522190227,-0.726025522190227,True,SUCCESS,,0.6536092758178711
42,PBFT,0.6,1.5,5a1f55f2e6d28fbd,0,2000.0,1.983207459207459,3.483207459207459,True,True,True,2000.0,1.2571819370172328,2.757181937017233,True,True,True,2000.0,-0.7260255221902261,-0.7260255221902261,True,SUCCESS,,0.7450041770935059
43,PBFT,0.6,2.0,6250c3c440690cb1,0,1500.0,1.983207459207459,3.983207459207459,True,True,True,1500.0,1.2571819370172328,3.257181937017233,True,True,True,1500.0,-0.7260255221902261,-0.7260255221902261,True,SUCCESS,,0.6929004192352295
44,PBFT,0.6,2.5,9c773d9c8555179f,0,1200.0,1.983207459207459,4.483207459207459,True,True,True,1200.0,1.2571819370172328,3.757181937017233,True,True,True,1200.0,-0.7260255221902261,-0.7260255221902261,True,SUCCESS,,0.6466560363769531
45,PBFT,0.6,3.0,9c18401116b55e2f,0,1000.0,1.983207459207459,4.983207459207459,True,True,True,1000.0,1.2571819370172328,4.257181937017233,True,True,True,1000.0,-0.7260255221902261,-0.7260255221902261,True,SUCCESS,,0.6302838325500488
46,PBFT,0.6,3.5,138c4cdfb562f449,0,857.1428571428571,1.983207459207459,5.483207459207459,True,True,True,857.1428571428571,1.2571819370172328,4.757181937017233,True,True,True,857.1428571428571,-0.7260255221902261,-0.7260255221902261,True,SUCCESS,,0.6308045387268066
47,PBFT,0.6,4.0,1f732607886cb267,0,750.0,1.983207459207459,5.983207459207459,True,True,True,750.0,1.2571819370172328,5.257181937017233,True,True,True,750.0,-0.7260255221902261,-0.7260255221902261,True,SUCCESS,,0.5696601867675781
48,PBFT,0.6,4.5,e77701fd000b8f64,0,666.6666666666666,1.983207459207459,6.483207459207459,True,True,True,666.6666666666666,1.2571819370172328,5.757181937017233,True,True,True,666.6666666666666,-0.7260255221902261,-0.7260255221902261,True,SUCCESS,,0.5983231067657471
49,PBFT,0.6,5.0,3d174c89e2eeb529,0,600.0,1.983207459207459,6.983207459207459,True,True,True,600.0,1.2571819370172328,6.257181937017233,True,True,True,600.0,-0.7260255221902261,-0.7260255221902261,True,SUCCESS,,0.55751633644104
50,PBFT,0.6,5.5,726f6a28c1a5abac,0,545.4545454545455,1.983207459207459,7.483207459207459,True,True,True,545.4545454545455,1.2571819370172328,6.757181937017233,True,True,True,545.4545454545455,-0.7260255221902261,-0.7260255221902261,True,SUCCESS,,0.5904045104980469
51,PBFT,0.6,6.0,91825578748582c3,0,500.0,1.983207459207459,7.983207459207459,True,True,True,500.0,1.2571819370172328,7.257181937017233,True,True,True,500.0,-0.7260255221902261,-0.7260255221902261,True,SUCCESS,,0.6787340641021729
52,PBFT,0.6,6.5,cc3bd31f5b24183c,0,461.53846153846155,1.983207459207459,8.48320745920746,True,True,True,461.53846153846155,1.2571819370172328,7.757181937017233,True,True,True,461.53846153846155,-0.7260255221902261,-0.726025522190227,True,SUCCESS,,0.6586153507232666
53,PBFT,0.6,7.0,a7ed14e20abb33e8,0,428.57142857142856,1.983207459207459,8.98320745920746,True,True,True,428.57142857142856,1.2571819370172292,8.25718193701723,True,True,True,428.57142857142856,-0.7260255221902296,-0.7260255221902305,True,SUCCESS,,0.5868308544158936
54,PBFT,0.6,7.5,5c2bff90501565d8,0,400.0,1.983207459207459,9.48320745920746,True,True,True,400.0,1.2571819370172292,8.75718193701723,True,True,True,400.0,-0.7260255221902296,-0.7260255221902305,True,SUCCESS,,0.5729279518127441
55,PBFT,0.6,8.0,79586c4fd3b69242,0,375.0,1.983207459207459,9.98320745920746,True,True,True,375.0,1.2571819370172292,9.25718193701723,True,True,True,375.0,-0.7260255221902296,-0.7260255221902305,True,SUCCESS,,0.581920862197876
56,PBFT,0.6,8.5,b5e5ff542412db1e,0,352.94117647058823,1.983207459207459,10.48320745920746,True,True,True,352.94117647058823,1.2571819370172292,9.75718193701723,True,True,True,352.94117647058823,-0.7260255221902296,-0.7260255221902305,True,SUCCESS,,0.5631070137023926
57,PBFT,0.6,9.0,b96c81f51d00e505,0,333.3333333333333,1.983207459207459,10.98320745920746,True,True,True,333.3333333333333,1.2571819370172292,10.25718193701723,True,True,True,333.3333333333333,-0.7260255221902296,-0.7260255221902305,True,SUCCESS,,0.5836949348449707
58,PBFT,0.6,9.5,ae5bf638e8fb9a0e,0,315.7894736842105,1.983207459207459,11.48320745920746,True,True,True,315.7894736842105,1.2571819370172292,10.75718193701723,True,True,True,315.7894736842105,-0.7260255221902296,-0.7260255221902305,True,SUCCESS,,0.5851516723632812
59,PBFT,0.6,10.0,74d461acb57c3c88,0,300.0,1.983207459207459,11.98320745920746,True,True,True,300.0,1.2571819370172292,11.25718193701723,True,True,True,300.0,-0.7260255221902296,-0.7260255221902305,True,SUCCESS,,0.5607783794403076
60,PBFT,0.8,0.5,6fe1868f5e897fc8,0,8000.0,2.64334731934732,3.14334731934732,True,False,True,0.0,1.6747541295306005,2.1747541295306005,True,True,True,8000.0,-0.9685931898167195,-0.9685931898167195,False,SUCCESS,,0.7271170616149902
61,PBFT,0.8,1.0,5ca88b159ad29134,0,4000.0,2.64334731934732,3.64334731934732,True,True,True,4000.0,1.6747541295306019,2.674754129530602,True,True,True,4000.0,-0.9685931898167182,-0.9685931898167182,True,SUCCESS,,0.712752103805542
62,PBFT,0.8,1.5,e5735cbc70edcb1a,0,2666.6666666666665,2.64334731934732,4.1433473193473205,True,True,True,2666.6666666666665,1.6747541295306014,3.1747541295306014,True,True,True,2666.6666666666665,-0.9685931898167186,-0.968593189816719,True,SUCCESS,,0.7210788726806641
63,PBFT,0.8,2.0,02d6d972c2ac2b61,0,2000.0,2.64334731934732,4.6433473193473205,True,True,True,2000.0,1.6747541295306014,3.6747541295306014,True,True,True,2000.0,-0.9685931898167186,-0.968593189816719,True,SUCCESS,,0.7183802127838135
64,PBFT,0.8,2.5,2de59b87d558286e,0,1600.0,2.64334731934732,5.1433473193473205,True,True,True,1600.0,1.6747541295306014,4.174754129530601,True,True,True,1600.0,-0.9685931898167186,-0.968593189816719,True,SUCCESS,,0.7264614105224609
65,PBFT,0.8,3.0,c1cf5e4ed774294e,0,1333.3333333333333,2.64334731934732,5.6433473193473205,True,True,True,1333.3333333333333,1.6747541295306005,4.6747541295306005,True,True,True,1333.3333333333333,-0.9685931898167195,-0.9685931898167199,True,SUCCESS,,0.7305443286895752
66,PBFT,0.8,3.5,9b114d726e27b55d,0,1142.857142857143,2.64334731934732,6.1433473193473205,True,True,True,1142.857142857143,1.6747541295306014,5.174754129530601,True,True,True,1142.857142857143,-0.9685931898167186,-0.968593189816719,True,SUCCESS,,0.734699010848999
67,PBFT,0.8,4.0,20b59f22c8df0b52,0,1000.0,2.64334731934732,6.6433473193473205,True,True,True,1000.0,1.6747541295306014,5.674754129530601,True,True,True,1000.0,-0.9685931898167186,-0.968593189816719,True,SUCCESS,,0.7224946022033691
68,PBFT,0.8,4.5,0c57d690d498f8db,0,888.8888888888889,2.64334731934732,7.1433473193473205,True,True,True,888.8888888888889,1.6747541295306014,6.174754129530601,True,True,True,888.8888888888889,-0.9685931898167186,-0.968593189816719,True,SUCCESS,,0.848118782043457
69,PBFT,0.8,5.0,1c4c5b57ca609d79,0,800.0,2.64334731934732,7.6433473193473205,True,True,True,800.0,1.6747541295306014,6.674754129530601,True,True,True,800.0,-0.9685931898167186,-0.968593189816719,True,SUCCESS,,0.782644510269165
70,PBFT,0.8,5.5,13fa28f348e87964,0,727.2727272727273,2.64334731934732,8.14334731934732,True,True,True,727.2727272727273,1.6747541295306014,7.174754129530601,True,True,True,727.2727272727273,-0.9685931898167186,-0.968593189816719,True,SUCCESS,,0.8047356605529785
71,PBFT,0.8,6.0,eeb8a1543c9dbdb5,0,666.6666666666666,2.64334731934732,8.64334731934732,True,True,True,666.6666666666666,1.6747541295306014,7.674754129530601,True,True,True,666.6666666666666,-0.9685931898167186,-0.968593189816719,True,SUCCESS,,0.7994744777679443
72,PBFT,0.8,6.5,b56753d5106dbe9d,0,615.3846153846154,2.64334731934732,9.14334731934732,True,True,True,615.3846153846154,1.6747541295305997,8.1747541295306,True,True,True,615.3846153846154,-0.9685931898167204,-0.9685931898167208,True,SUCCESS,,0.8215322494506836
73,PBFT,0.8,7.0,f3be97f19a3590b4,0,571.4285714285714,2.64334731934732,9.64334731934732,True,True,True,571.4285714285714,1.674754129530596,8.674754129530596,True,True,True,571.4285714285714,-0.9685931898167239,-0.9685931898167244,True,SUCCESS,,0.7988636493682861
74,PBFT,0.8,7.5,7311702e0e1b3d67,0,533.3333333333334,2.64334731934732,10.14334731934732,True,True,True,533.3333333333334,1.6747541295305979,9.174754129530598,True,True,True,533.3333333333334,-0.9685931898167222,-0.9685931898167226,True,SUCCESS,,0.846062183380127
75,PBFT,0.8,8.0,45515b853b7db6d0,0,500.0,2.64334731934732,10.64334731934732,True,True,True,500.0,1.6747541295305979,9.674754129530598,True,True,True,500.0,-0.9685931898167222,-0.9685931898167226,True,SUCCESS,,0.8144741058349609
76,PBFT,0.8,8.5,0cfff9cc705a8631,0,470.5882352941176,2.64334731934732,11.14334731934732,True,True,True,470.5882352941176,1.6747541295305979,10.174754129530598,True,True,True,470.5882352941176,-0.9685931898167222,-0.9685931898167226,True,SUCCESS,,0.828545093536377
77,PBFT,0.8,9.0,5dbe337a00d198ff,0,444.44444444444446,2.64334731934732,11.64334731934732,True,True,True,444.44444444444446,1.6747541295305979,10.674754129530598,True,True,True,444.44444444444446,-0.9685931898167222,-0.9685931898167226,True,SUCCESS,,0.7849249839782715
78,PBFT,0.8,9.5,bb7c4db98f5b022d,0,421.05263157894734,2.64334731934732,12.14334731934732,True,True,True,421.05263157894734,1.6747541295305979,11.174754129530598,True,True,True,421.05263157894734,-0.9685931898167222,-0.9685931898167226,True,SUCCESS,,0.8291552066802979
79,PBFT,0.8,10.0,9ef965023e0ae2d6,0,400.0,2.64334731934732,12.64334731934732,True,True,True,400.0,1.6747541295305979,11.674754129530598,True,True,True,400.0,-0.9685931898167222,-0.9685931898167226,True,SUCCESS,,0.7782454490661621
80,PBFT,1.0,0.5,e6bdb288a511a59c,0,10000.0,3.3034871794871803,3.8034871794871803,True,False,True,0.0,2.0923263220439705,2.5923263220439705,True,True,True,10000.0,-1.2111608574432098,-1.2111608574432098,False,SUCCESS,,1.007530927658081
81,PBFT,1.0,1.0,3cb44f2910fd1ee6,0,5000.0,3.3034871794871803,4.30348717948718,True,True,True,5000.0,2.092326322043971,3.092326322043971,True,True,True,5000.0,-1.2111608574432093,-1.2111608574432093,True,SUCCESS,,0.9909248352050781
82,PBFT,1.0,1.5,a090337fb6bda189,0,3333.3333333333335,3.3034871794871803,4.80348717948718,True,True,True,3333.3333333333335,2.092326322043971,3.592326322043971,True,True,True,3333.3333333333335,-1.2111608574432093,-1.2111608574432093,True,SUCCESS,,0.992283821105957
83,PBFT,1.0,2.0,fe7e10c3e58c1bf6,0,2500.0,3.3034871794871803,5.30348717948718,True,True,True,2500.0,2.09232632204397,4.09232632204397,True,True,True,2500.0,-1.2111608574432102,-1.2111608574432102,True,SUCCESS,,0.9998574256896973
84,PBFT,1.0,2.5,24881ef1908aa3ee,0,2000.0,3.3034871794871803,5.80348717948718,True,True,True,2000.0,2.09232632204397,4.59232632204397,True,True,True,2000.0,-1.2111608574432102,-1.2111608574432102,True,SUCCESS,,1.0820953845977783
85,PBFT,1.0,3.0,d793f741d6b695fb,0,1666.6666666666667,3.3034871794871803,6.30348717948718,True,True,True,1666.6666666666667,2.09232632204397,5.09232632204397,True,True,True,1666.6666666666667,-1.2111608574432102,-1.2111608574432102,True,SUCCESS,,0.9920756816864014
86,PBFT,1.0,3.5,88cc2c4ae23cc854,0,1428.5714285714287,3.3034871794871803,6.80348717948718,True,True,True,1428.5714285714287,2.09232632204397,5.59232632204397,True,True,True,1428.5714285714287,-1.2111608574432102,-1.2111608574432102,True,SUCCESS,,0.976250171661377
87,PBFT,1.0,4.0,7cf7177d211ef509,0,1250.0,3.3034871794871803,7.30348717948718,True,True,True,1250.0,2.09232632204397,6.09232632204397,True,True,True,1250.0,-1.2111608574432102,-1.2111608574432102,True,SUCCESS,,1.0176849365234375
88,PBFT,1.0,4.5,02b42b12fec08d97,0,1111.111111111111,3.3034871794871803,7.80348717948718,True,True,True,1111.111111111111,2.09232632204397,6.59232632204397,True,True,True,1111.111111111111,-1.2111608574432102,-1.2111608574432102,True,SUCCESS,,1.0010652542114258
89,PBFT,1.0,5.0,9738700335ef81fe,0,1000.0,3.3034871794871803,8.303487179487181,True,True,True,1000.0,2.09232632204397,7.09232632204397,True,True,True,1000.0,-1.2111608574432102,-1.2111608574432111,True,SUCCESS,,1.041625738143921
90,PBFT,1.0,5.5,0d348cb64230950a,0,909.0909090909091,3.3034871794871803,8.803487179487181,True,True,True,909.0909090909091,2.09232632204397,7.59232632204397,True,True,True,909.0909090909091,-1.2111608574432102,-1.2111608574432111,True,SUCCESS,,1.0067813396453857
91,PBFT,1.0,6.0,9f3032d19ffc0856,0,833.3333333333334,3.3034871794871803,9.303487179487181,True,True,True,833.3333333333334,2.0923263220439683,8.092326322043968,True,True,True,833.3333333333334,-1.211160857443212,-1.211160857443213,True,SUCCESS,,0.99222731590271
92,PBFT,1.0,6.5,a8a94395223b6f85,0,769.2307692307693,3.3034871794871803,9.803487179487181,True,True,True,769.2307692307693,2.0923263220439683,8.592326322043968,True,True,True,769.2307692307693,-1.211160857443212,-1.211160857443213,True,SUCCESS,,1.0039889812469482
93,PBFT,1.0,7.0,1f1d555fd4490eb4,0,714.2857142857143,3.3034871794871803,10.303487179487181,True,True,True,714.2857142857143,2.0923263220439665,9.092326322043967,True,True,True,714.2857142857143,-1.2111608574432138,-1.2111608574432147,True,SUCCESS,,0.9906048774719238
94,PBFT,1.0,7.5,8eb24095bc9af86c,0,666.6666666666666,3.3034871794871803,10.803487179487181,True,True,True,666.6666666666666,2.0923263220439665,9.592326322043967,True,True,True,666.6666666666666,-1.2111608574432138,-1.2111608574432147,True,SUCCESS,,1.009286642074585
95,PBFT,1.0,8.0,7981af5274ca9394,0,625.0,3.3034871794871803,11.303487179487181,True,True,True,625.0,2.0923263220439665,10.092326322043967,True,True,True,625.0,-1.2111608574432138,-1.2111608574432147,True,SUCCESS,,0.9867894649505615
96,PBFT,1.0,8.5,d10167bceca36333,0,588.2352941176471,3.3034871794871803,11.803487179487181,True,True,True,588.2352941176471,2.0923263220439665,10.592326322043967,True,True,True,588.2352941176471,-1.2111608574432138,-1.2111608574432147,True,SUCCESS,,1.0053901672363281
97,PBFT,1.0,9.0,6977023cc1bbc8ec,0,555.5555555555555,3.3034871794871803,12.303487179487181,True,True,True,555.5555555555555,2.0923263220439665,11.092326322043967,True,True,True,555.5555555555555,-1.2111608574432138,-1.2111608574432147,True,SUCCESS,,0.9791321754455566
98,PBFT,1.0,9.5,3132b6e93094af1b,0,526.3157894736842,3.3034871794871803,12.803487179487181,True,True,True,526.3157894736842,2.0923263220439665,11.592326322043967,True,True,True,526.3157894736842,-1.2111608574432138,-1.2111608574432147,True,SUCCESS,,0.9700832366943359
99,PBFT,1.0,10.0,ae1e062d9a6cb459,0,500.0,3.3034871794871803,13.303487179487181,True,True,True,500.0,2.0923263220439665,12.092326322043967,True,True,True,500.0,-1.2111608574432138,-1.2111608574432147,True,SUCCESS,,1.0014605522155762
100,PBFT,1.2,0.5,9230796030d39747,0,12000.0,3.963627039627039,4.463627039627039,True,False,True,0.0,2.5098985145573396,3.0098985145573396,True,False,True,0.0,-1.4537285250696996,-1.4537285250696996,True,SUCCESS,,1.1346032619476318
101,PBFT,1.2,1.0,df2f284aff55bd32,0,6000.0,3.963627039627039,4.963627039627039,True,True,True,6000.0,2.5098985145573396,3.5098985145573396,True,True,True,6000.0,-1.4537285250696996,-1.4537285250696996,True,SUCCESS,,1.2443444728851318
102,PBFT,1.2,1.5,796c1a918281f2dd,0,4000.0,3.963627039627039,5.463627039627039,True,True,True,4000.0,2.5098985145573396,4.00989851455734,True,True,True,4000.0,-1.4537285250696996,-1.4537285250696996,True,SUCCESS,,1.1347475051879883
103,PBFT,1.2,2.0,c2071b2a913a154a,0,3000.0,3.963627039627039,5.963627039627039,True,True,True,3000.0,2.5098985145573396,4.50989851455734,True,True,True,3000.0,-1.4537285250696996,-1.4537285250696996,True,SUCCESS,,1.2881286144256592
104,PBFT,1.2,2.5,5844a1566885878f,0,2400.0,3.963627039627039,6.463627039627039,True,True,True,2400.0,2.5098985145573405,5.0098985145573405,True,True,True,2400.0,-1.4537285250696987,-1.4537285250696987,True,SUCCESS,,1.2406752109527588
105,PBFT,1.2,3.0,3b4bdae195dc7603,0,2000.0,3.963627039627039,6.963627039627039,True,True,True,2000.0,2.5098985145573405,5.5098985145573405,True,True,True,2000.0,-1.4537285250696987,-1.4537285250696987,True,SUCCESS,,1.2189013957977295
106,PBFT,1.2,3.5,a3d9a3b15dd9c97c,0,1714.2857142857142,3.963627039627039,7.463627039627039,True,True,True,1714.2857142857142,2.5098985145573405,6.0098985145573405,True,True,True,1714.2857142857142,-1.4537285250696987,-1.4537285250696987,True,SUCCESS,,1.159877061843872
107,PBFT,1.2,4.0,0cc4fb4c030e6779,0,1500.0,3.963627039627039,7.963627039627039,True,True,True,1500.0,2.5098985145573405,6.5098985145573405,True,True,True,1500.0,-1.4537285250696987,-1.4537285250696987,True,SUCCESS,,1.183189868927002
108,PBFT,1.2,4.5,e91dff84f762acfe,0,1333.3333333333333,3.963627039627039,8.463627039627038,True,True,True,1333.3333333333333,2.5098985145573405,7.0098985145573405,True,True,True,1333.3333333333333,-1.4537285250696987,-1.4537285250696979,True,SUCCESS,,1.2626829147338867
109,PBFT,1.2,5.0,fef540c2069b22f4,0,1200.0,3.963627039627039,8.963627039627038,True,True,True,1200.0,2.5098985145573405,7.5098985145573405,True,True,True,1200.0,-1.4537285250696987,-1.4537285250696979,True,SUCCESS,,1.2456135749816895
110,PBFT,1.2,5.5,3f0a98652e93ed97,0,1090.909090909091,3.963627039627039,9.463627039627038,True,True,True,1090.909090909091,2.5098985145573405,8.00989851455734,True,True,True,1090.909090909091,-1.4537285250696987,-1.4537285250696979,True,SUCCESS,,1.1999235153198242
111,PBFT,1.2,6.0,caf0e9c877995e88,0,1000.0,3.963627039627039,9.963627039627038,True,True,True,1000.0,2.509898514557337,8.509898514557337,True,True,True,1000.0,-1.4537285250697023,-1.4537285250697014,True,SUCCESS,,1.1517908573150635
112,PBFT,1.2,6.5,ff17d78b182050cb,0,923.0769230769231,3.963627039627039,10.463627039627038,True,True,True,923.0769230769231,2.5098985145573405,9.00989851455734,True,True,True,923.0769230769231,-1.4537285250696987,-1.4537285250696979,True,SUCCESS,,1.1943237781524658
113,PBFT,1.2,7.0,6374eeff6607ca40,0,857.1428571428571,3.963627039627039,10.963627039627038,True,True,True,857.1428571428571,2.5098985145573387,9.509898514557339,True,True,True,857.1428571428571,-1.4537285250697005,-1.4537285250696996,True,SUCCESS,,1.1935052871704102
114,PBFT,1.2,7.5,8aa12eb1641b7f6f,0,800.0,3.963627039627039,11.463627039627038,True,True,True,800.0,2.5098985145573387,10.009898514557339,True,True,True,800.0,-1.4537285250697005,-1.4537285250696996,True,SUCCESS,,1.2161915302276611
115,PBFT,1.2,8.0,6848d4a8cec6f3dc,0,750.0,3.963627039627039,11.963627039627038,True,True,True,750.0,2.5098985145573387,10.509898514557339,True,True,True,750.0,-1.4537285250697005,-1.4537285250696996,True,SUCCESS,,1.2583417892456055
116,PBFT,1.2,8.5,30b6f13e5585bcfc,0,705.8823529411765,3.963627039627039,12.463627039627038,True,True,True,705.8823529411765,2.5098985145573387,11.009898514557339,True,True,True,705.8823529411765,-1.4537285250697005,-1.4537285250696996,True,SUCCESS,,1.2543294429779053
117,PBFT,1.2,9.0,61de3185a906886d,0,666.6666666666666,3.963627039627039,12.963627039627038,True,True,True,666.6666666666666,2.5098985145573387,11.509898514557339,True,True,True,666.6666666666666,-1.4537285250697005,-1.4537285250696996,True,SUCCESS,,1.2586967945098877
118,PBFT,1.2,9.5,3eba9e9ea7177f95,0,631.578947368421,3.963627039627039,13.463627039627038,True,True,True,631.578947368421,2.5098985145573387,12.009898514557339,True,True,True,631.578947368421,-1.4537285250697005,-1.4537285250696996,True,SUCCESS,,1.2629342079162598
119,PBFT,1.2,10.0,d464ee9404441633,0,600.0,3.963627039627039,13.963627039627038,True,True,True,600.0,2.5098985145573387,12.509898514557339,True,True,True,600.0,-1.4537285250697005,-1.4537285250696996,True,SUCCESS,,1.202256202697754
120,PBFT,1.4,0.5,4f0b2bf400555fba,0,14000.0,4.623766899766899,5.123766899766899,True,False,True,0.0,2.927470707070708,3.427470707070708,True,False,True,0.0,-1.6962961926961913,-1.6962961926961913,True,SUCCESS,,1.5165753364562988
121,PBFT,1.4,1.0,b24930e7b3ab0aec,0,7000.0,4.623766899766899,5.623766899766899,True,True,True,7000.0,2.9274707070707073,3.9274707070707073,True,True,True,7000.0,-1.6962961926961917,-1.6962961926961917,True,SUCCESS,,1.4744110107421875
122,PBFT,1.4,1.5,a26f5436e6707fb8,0,4666.666666666667,4.623766899766899,6.123766899766899,True,True,True,4666.666666666667,2.9274707070707073,4.427470707070707,True,True,True,4666.666666666667,-1.6962961926961917,-1.6962961926961917,True,SUCCESS,,1.4412784576416016
123,PBFT,1.4,2.0,c68918e3768bb7a5,0,3500.0,4.623766899766899,6.623766899766899,True,True,True,3500.0,2.9274707070707073,4.927470707070707,True,True,True,3500.0,-1.6962961926961917,-1.6962961926961917,True,SUCCESS,,1.4458515644073486
124,PBFT,1.4,2.5,1f7dcef86573acc8,0,2800.0,4.623766899766899,7.123766899766899,True,True,True,2800.0,2.9274707070707073,5.427470707070707,True,True,True,2800.0,-1.6962961926961917,-1.6962961926961917,True,SUCCESS,,1.5507452487945557
125,PBFT,1.4,3.0,f973a70212c332ae,0,2333.3333333333335,4.623766899766899,7.623766899766899,True,True,True,2333.3333333333335,2.9274707070707073,5.927470707070707,True,True,True,2333.3333333333335,-1.6962961926961917,-1.6962961926961917,True,SUCCESS,,1.4579002857208252
126,PBFT,1.4,3.5,7c1c91e1bcb45264,0,2000.0,4.623766899766899,8.123766899766899,True,True,True,2000.0,2.9274707070707073,6.427470707070707,True,True,True,2000.0,-1.6962961926961917,-1.6962961926961917,True,SUCCESS,,1.5006461143493652
127,PBFT,1.4,4.0,4c9d3292f044f2e9,0,1750.0,4.623766899766899,8.623766899766899,True,True,True,1750.0,2.9274707070707073,6.927470707070707,True,True,True,1750.0,-1.6962961926961917,-1.6962961926961917,True,SUCCESS,,1.4986395835876465
128,PBFT,1.4,4.5,98b73d815fafadde,0,1555.5555555555557,4.623766899766899,9.123766899766899,True,True,True,1555.5555555555557,2.9274707070707073,7.427470707070707,True,True,True,1555.5555555555557,-1.6962961926961917,-1.6962961926961917,True,SUCCESS,,1.530040979385376
129,PBFT,1.4,5.0,686298bf2d50d0fa,0,1400.0,4.623766899766899,9.623766899766899,True,True,True,1400.0,2.9274707070707073,7.927470707070707,True,True,True,1400.0,-1.6962961926961917,-1.6962961926961917,True,SUCCESS,,1.4998974800109863
130,PBFT,1.4,5.5,cb280e24dace1ed7,0,1272.7272727272727,4.623766899766899,10.123766899766899,True,True,True,1272.7272727272727,2.9274707070707073,8.427470707070707,True,True,True,1272.7272727272727,-1.6962961926961917,-1.6962961926961917,True,SUCCESS,,1.6030597686767578
131,PBFT,1.4,6.0,47de81bf90f946cf,0,1166.6666666666667,4.623766899766899,10.623766899766899,True,True,True,1166.6666666666667,2.927470707070711,8.92747070707071,True,True,True,1166.6666666666667,-1.6962961926961881,-1.6962961926961881,True,SUCCESS,,1.3493807315826416
132,PBFT,1.4,6.5,34d99bbdc808f1ee,0,1076.923076923077,4.623766899766899,11.123766899766899,True,True,True,1076.923076923077,2.927470707070709,9.427470707070709,True,True,True,1076.923076923077,-1.69629619269619,-1.69629619269619,True,SUCCESS,,1.418666124343872
133,PBFT,1.4,7.0,9216afd72a00347d,0,1000.0,4.623766899766899,11.623766899766899,True,True,True,1000.0,2.927470707070711,9.92747070707071,True,True,True,1000.0,-1.6962961926961881,-1.6962961926961881,True,SUCCESS,,1.3549649715423584
134,PBFT,1.4,7.5,ceac88bfb1b02ba6,0,933.3333333333334,4.623766899766899,12.123766899766899,True,True,True,933.3333333333334,2.927470707070711,10.42747070707071,True,True,True,933.3333333333334,-1.6962961926961881,-1.6962961926961881,True,SUCCESS,,1.475754737854004
135,PBFT,1.4,8.0,d73127493a920e43,0,875.0,4.623766899766899,12.623766899766899,True,True,True,875.0,2.927470707070711,10.92747070707071,True,True,True,875.0,-1.6962961926961881,-1.6962961926961881,True,SUCCESS,,1.4841687679290771
136,PBFT,1.4,8.5,5c8f1149a64c652b,0,823.5294117647059,4.623766899766899,13.123766899766899,True,True,True,823.5294117647059,2.927470707070711,11.42747070707071,True,True,True,823.5294117647059,-1.6962961926961881,-1.6962961926961881,True,SUCCESS,,1.404550313949585
137,PBFT,1.4,9.0,c65411f13c730860,0,777.7777777777778,4.623766899766899,13.623766899766899,True,True,True,777.7777777777778,2.927470707070711,11.92747070707071,True,True,True,777.7777777777778,-1.6962961926961881,-1.6962961926961881,True,SUCCESS,,1.3616595268249512
138,PBFT,1.4,9.5,6d7ecae27e263297,0,736.8421052631579,4.623766899766899,14.123766899766899,True,True,True,736.8421052631579,2.927470707070711,12.42747070707071,True,True,True,736.8421052631579,-1.6962961926961881,-1.6962961926961881,True,SUCCESS,,1.379382848739624
139,PBFT,1.4,10.0,12eafa1231a09941,0,700.0,4.623766899766899,14.623766899766899,True,True,True,700.0,2.927470707070711,12.92747070707071,True,True,True,700.0,-1.6962961926961881,-1.6962961926961881,True,SUCCESS,,1.3844125270843506
140,PBFT,1.6,0.5,f430e3c4685176cd,0,16000.0,5.283906759906761,5.783906759906761,True,False,True,0.0,3.3450428995840777,3.8450428995840777,True,False,True,0.0,-1.9388638603226829,-1.9388638603226829,True,SUCCESS,,1.6328418254852295
141,PBFT,1.6,1.0,c4ecf5ebbb482af4,0,8000.0,5.283906759906761,6.283906759906761,True,False,True,0.0,3.3450428995840786,4.345042899584079,True,True,True,8000.0,-1.938863860322682,-1.938863860322682,False,SUCCESS,,1.5026915073394775
142,PBFT,1.6,1.5,ee92b8dc1cdd577b,0,5333.333333333333,5.283906759906761,6.783906759906761,True,True,True,5333.333333333333,3.3450428995840786,4.845042899584079,True,True,True,5333.333333333333,-1.938863860322682,-1.938863860322682,True,SUCCESS,,1.525442123413086
143,PBFT,1.6,2.0,8854c73f5a528c0b,0,4000.0,5.283906759906761,7.283906759906761,True,True,True,4000.0,3.3450428995840786,5.345042899584079,True,True,True,4000.0,-1.938863860322682,-1.938863860322682,True,SUCCESS,,1.5085515975952148
144,PBFT,1.6,2.5,2394e7865d55fb04,0,3200.0,5.283906759906761,7.783906759906761,True,True,True,3200.0,3.3450428995840795,5.8450428995840795,True,True,True,3200.0,-1.938863860322681,-1.938863860322681,True,SUCCESS,,1.530879020690918
145,PBFT,1.6,3.0,a605d19c76961a8c,0,2666.6666666666665,5.283906759906761,8.28390675990676,True,True,True,2666.6666666666665,3.3450428995840795,6.3450428995840795,True,True,True,2666.6666666666665,-1.938863860322681,-1.9388638603226802,True,SUCCESS,,1.5267820358276367
146,PBFT,1.6,3.5,e92be066066e0efc,0,2285.714285714286,5.283906759906761,8.78390675990676,True,True,True,2285.714285714286,3.3450428995840795,6.8450428995840795,True,True,True,2285.714285714286,-1.938863860322681,-1.9388638603226802,True,SUCCESS,,1.5971298217773438
147,PBFT,1.6,4.0,27dd8c0f05612dc0,0,2000.0,5.283906759906761,9.28390675990676,True,True,True,2000.0,3.3450428995840795,7.3450428995840795,True,True,True,2000.0,-1.938863860322681,-1.9388638603226802,True,SUCCESS,,1.6095681190490723
148,PBFT,1.6,4.5,b2e5fc9aac907c9b,0,1777.7777777777778,5.283906759906761,9.78390675990676,True,True,True,1777.7777777777778,3.3450428995840795,7.8450428995840795,True,True,True,1777.7777777777778,-1.938863860322681,-1.9388638603226802,True,SUCCESS,,1.4963304996490479
149,PBFT,1.6,5.0,51401d2474d88055,0,1600.0,5.283906759906761,10.28390675990676,True,True,True,1600.0,3.3450428995840777,8.345042899584078,True,True,True,1600.0,-1.9388638603226829,-1.938863860322682,True,SUCCESS,,1.54622483253479
150,PBFT,1.6,5.5,5f23bb8714de98d0,0,1454.5454545454545,5.283906759906761,10.78390675990676,True,True,True,1454.5454545454545,3.3450428995840777,8.845042899584078,True,True,True,1454.5454545454545,-1.9388638603226829,-1.938863860322682,True,SUCCESS,,1.503244161605835
151,PBFT,1.6,6.0,a493a36462b1387e,0,1333.3333333333333,5.283906759906761,11.28390675990676,True,True,True,1333.3333333333333,3.345042899584076,9.345042899584076,True,True,True,1333.3333333333333,-1.9388638603226847,-1.9388638603226838,True,SUCCESS,,1.580573320388794
152,PBFT,1.6,6.5,abdf5e125759f0d7,0,1230.7692307692307,5.283906759906761,11.78390675990676,True,True,True,1230.7692307692307,3.345042899584076,9.845042899584076,True,True,True,1230.7692307692307,-1.9388638603226847,-1.9388638603226838,True,SUCCESS,,1.549419641494751
153,PBFT,1.6,7.0,7365f9c360889e2d,0,1142.857142857143,5.283906759906761,12.28390675990676,True,True,True,1142.857142857143,3.345042899584076,10.345042899584076,True,True,True,1142.857142857143,-1.9388638603226847,-1.9388638603226838,True,SUCCESS,,1.548124074935913
154,PBFT,1.6,7.5,0e354cf4c8669d29,0,1066.6666666666667,5.283906759906761,12.78390675990676,True,True,True,1066.6666666666667,3.345042899584076,10.845042899584076,True,True,True,1066.6666666666667,-1.9388638603226847,-1.9388638603226838,True,SUCCESS,,1.5376272201538086
155,PBFT,1.6,8.0,1e443e54ca606475,0,1000.0,5.283906759906761,13.28390675990676,True,True,True,1000.0,3.345042899584076,11.345042899584076,True,True,True,1000.0,-1.9388638603226847,-1.9388638603226838,True,SUCCESS,,1.506502389907837
156,PBFT,1.6,8.5,535037905ae2bd5c,0,941.1764705882352,5.283906759906761,13.78390675990676,True,True,True,941.1764705882352,3.345042899584076,11.845042899584076,True,True,True,941.1764705882352,-1.9388638603226847,-1.9388638603226838,True,SUCCESS,,1.633147954940796
157,PBFT,1.6,9.0,aeb530d5075d5631,0,888.8888888888889,5.283906759906761,14.28390675990676,True,True,True,888.8888888888889,3.345042899584076,12.345042899584076,True,True,True,888.8888888888889,-1.9388638603226847,-1.9388638603226838,True,SUCCESS,,1.5237205028533936
158,PBFT,1.6,9.5,bd7a8d6199e66811,0,842.1052631578947,5.283906759906761,14.78390675990676,True,True,True,842.1052631578947,3.345042899584076,12.845042899584076,True,True,True,842.1052631578947,-1.9388638603226847,-1.9388638603226838,True,SUCCESS,,1.5016984939575195
159,PBFT,1.6,10.0,fcd8df3cb0725b93,0,800.0,5.283906759906761,15.28390675990676,True,True,True,800.0,3.345042899584076,13.345042899584076,True,True,True,800.0,-1.9388638603226847,-1.9388638603226838,True,SUCCESS,,1.5527684688568115
160,PBFT,1.8,0.5,b50b6f8f2f589e78,0,18000.0,5.944046620046621,6.444046620046621,True,False,True,0.0,3.7626150920974446,4.262615092097445,True,False,True,0.0,-2.1814315279491767,-2.1814315279491767,True,SUCCESS,,1.769404649734497
161,PBFT,1.8,1.0,c73c4bfcf6a9f2ac,0,9000.0,5.944046620046621,6.944046620046621,True,False,True,0.0,3.7626150920974455,4.7626150920974455,True,True,True,9000.0,-2.181431527949176,-2.181431527949176,False,SUCCESS,,1.8028531074523926
162,PBFT,1.8,1.5,237114cce970874f,0,6000.0,5.944046620046621,7.444046620046621,True,True,True,6000.0,3.7626150920974455,5.2626150920974455,True,True,True,6000.0,-2.181431527949176,-2.181431527949176,True,SUCCESS,,1.754410982131958
163,PBFT,1.8,2.0,e39e352d0ba0b787,0,4500.0,5.944046620046621,7.944046620046621,True,True,True,4500.0,3.7626150920974464,5.762615092097446,True,True,True,4500.0,-2.181431527949175,-2.181431527949175,True,SUCCESS,,1.8067996501922607
164,PBFT,1.8,2.5,735e0a2d19864c92,0,3600.0,5.944046620046621,8.44404662004662,True,True,True,3600.0,3.7626150920974464,6.262615092097446,True,True,True,3600.0,-2.181431527949175,-2.181431527949174,True,SUCCESS,,1.8160760402679443
165,PBFT,1.8,3.0,03367f953dea94d6,0,3000.0,5.944046620046621,8.94404662004662,True,True,True,3000.0,3.7626150920974464,6.762615092097446,True,True,True,3000.0,-2.181431527949175,-2.181431527949174,True,SUCCESS,,1.776777982711792
166,PBFT,1.8,3.5,dd377a3f16bc4b1a,0,2571.4285714285716,5.944046620046621,9.44404662004662,True,True,True,2571.4285714285716,3.7626150920974464,7.262615092097446,True,True,True,2571.4285714285716,-2.181431527949175,-2.181431527949174,True,SUCCESS,,1.8010013103485107
167,PBFT,1.8,4.0,c15a3f086c417e53,0,2250.0,5.944046620046621,9.94404662004662,True,True,True,2250.0,3.7626150920974464,7.762615092097446,True,True,True,2250.0,-2.181431527949175,-2.181431527949174,True,SUCCESS,,1.8200395107269287
168,PBFT,1.8,4.5,203641567a034f28,0,2000.0,5.944046620046621,10.44404662004662,True,True,True,2000.0,3.7626150920974464,8.262615092097446,True,True,True,2000.0,-2.181431527949175,-2.181431527949174,True,SUCCESS,,1.8977270126342773
169,PBFT,1.8,5.0,deb7e375738e9531,0,1800.0,5.944046620046621,10.94404662004662,True,True,True,1800.0,3.7626150920974446,8.762615092097445,True,True,True,1800.0,-2.1814315279491767,-2.181431527949176,True,SUCCESS,,1.802427053451538
170,PBFT,1.8,5.5,63f5afda5b43ff73,0,1636.3636363636363,5.944046620046621,11.44404662004662,True,True,True,1636.3636363636363,3.7626150920974464,9.262615092097446,True,True,True,1636.3636363636363,-2.181431527949175,-2.181431527949174,True,SUCCESS,,1.7922754287719727
171,PBFT,1.8,6.0,db10bb3b21a358f8,0,1500.0,5.944046620046621,11.94404662004662,True,True,True,1500.0,3.7626150920974464,9.762615092097446,True,True,True,1500.0,-2.181431527949175,-2.181431527949174,True,SUCCESS,,1.796177864074707
172,PBFT,1.8,6.5,8621e342937c4813,0,1384.6153846153845,5.944046620046621,12.44404662004662,True,True,True,1384.6153846153845,3.7626150920974446,10.262615092097445,True,True,True,1384.6153846153845,-2.1814315279491767,-2.181431527949176,True,SUCCESS,,1.8043806552886963
173,PBFT,1.8,7.0,c8c67e4d9e583093,0,1285.7142857142858,5.944046620046621,12.94404662004662,True,True,True,1285.7142857142858,3.7626150920974446,10.762615092097445,True,True,True,1285.7142857142858,-2.1814315279491767,-2.181431527949176,True,SUCCESS,,1.837801218032837
174,PBFT,1.8,7.5,14762b1229645f1e,0,1200.0,5.944046620046621,13.44404662004662,True,True,True,1200.0,3.7626150920974446,11.262615092097445,True,True,True,1200.0,-2.1814315279491767,-2.181431527949176,True,SUCCESS,,1.797956943511963
175,PBFT,1.8,8.0,0116e277738ccc69,0,1125.0,5.944046620046621,13.94404662004662,True,True,True,1125.0,3.7626150920974446,11.762615092097445,True,True,True,1125.0,-2.1814315279491767,-2.181431527949176,True,SUCCESS,,1.7567598819732666
176,PBFT,1.8,8.5,982b7ccedd563026,0,1058.8235294117646,5.944046620046621,14.44404662004662,True,True,True,1058.8235294117646,3.7626150920974446,12.262615092097445,True,True,True,1058.8235294117646,-2.1814315279491767,-2.181431527949176,True,SUCCESS,,1.7951295375823975
177,PBFT,1.8,9.0,ca6821f83eaf622a,0,1000.0,5.944046620046621,14.94404662004662,True,True,True,1000.0,3.7626150920974446,12.762615092097445,True,True,True,1000.0,-2.1814315279491767,-2.181431527949176,True,SUCCESS,,1.8289849758148193
178,PBFT,1.8,9.5,3d20e2f11351a9d0,0,947.3684210526316,5.944046620046621,15.44404662004662,True,True,True,947.3684210526316,3.7626150920974446,13.262615092097445,True,True,True,947.3684210526316,-2.1814315279491767,-2.181431527949176,True,SUCCESS,,1.780421257019043
179,PBFT,1.8,10.0,772f42a35472b45a,0,900.0,5.944046620046621,15.94404662004662,True,True,True,900.0,3.7626150920974446,13.762615092097445,True,True,True,900.0,-2.1814315279491767,-2.181431527949176,True,SUCCESS,,1.7907581329345703
180,PBFT,2.0,0.5,7fc95a383ad4aa5d,0,20000.0,6.604186480186481,7.104186480186481,True,False,True,0.0,4.180187284610816,4.680187284610816,True,False,True,0.0,-2.4239991955756652,-2.4239991955756652,True,SUCCESS,,1.9503934383392334
181,PBFT,2.0,1.0,b977653897656f9e,0,10000.0,6.604186480186481,7.604186480186481,True,False,True,0.0,4.180187284610815,5.180187284610815,True,True,True,10000.0,-2.423999195575666,-2.423999195575666,False,SUCCESS,,1.9837267398834229
182,PBFT,2.0,1.5,ddf4dcf76f0d8c74,0,6666.666666666667,6.604186480186481,8.104186480186481,True,True,True,6666.666666666667,4.180187284610816,5.680187284610816,True,True,True,6666.666666666667,-2.4239991955756652,-2.4239991955756652,True,SUCCESS,,1.9932384490966797
183,PBFT,2.0,2.0,50c736a1416e23db,0,5000.0,6.604186480186481,8.604186480186481,True,True,True,5000.0,4.180187284610817,6.180187284610817,True,True,True,5000.0,-2.4239991955756643,-2.4239991955756643,True,SUCCESS,,1.9359257221221924
184,PBFT,2.0,2.5,d0e361acbf3de720,0,4000.0,6.604186480186481,9.104186480186481,True,True,True,4000.0,4.180187284610817,6.680187284610817,True,True,True,4000.0,-2.4239991955756643,-2.4239991955756643,True,SUCCESS,,1.9564688205718994
185,PBFT,2.0,3.0,a0d43c3a37c95e66,0,3333.3333333333335,6.604186480186481,9.604186480186481,True,True,True,3333.3333333333335,4.180187284610817,7.180187284610817,True,True,True,3333.3333333333335,-2.4239991955756643,-2.4239991955756643,True,SUCCESS,,1.964529037475586
186,PBFT,2.0,3.5,0b3642bf7cc84fda,0,2857.1428571428573,6.604186480186481,10.104186480186481,True,True,True,2857.1428571428573,4.180187284610817,7.680187284610817,True,True,True,2857.1428571428573,-2.4239991955756643,-2.4239991955756643,True,SUCCESS,,1.943089246749878
187,PBFT,2.0,4.0,f48a06fd419aabb6,0,2500.0,6.604186480186481,10.604186480186481,True,True,True,2500.0,4.180187284610815,8.180187284610815,True,True,True,2500.0,-2.423999195575666,-2.423999195575666,True,SUCCESS,,1.947458028793335
188,PBFT,2.0,4.5,540f9f176438cb54,0,2222.222222222222,6.604186480186481,11.104186480186481,True,True,True,2222.222222222222,4.180187284610815,8.680187284610815,True,True,True,2222.222222222222,-2.423999195575666,-2.423999195575666,True,SUCCESS,,1.9438331127166748
189,PBFT,2.0,5.0,91d568056a233f22,0,2000.0,6.604186480186481,11.604186480186481,True,True,True,2000.0,4.180187284610815,9.180187284610815,True,True,True,2000.0,-2.423999195575666,-2.423999195575666,True,SUCCESS,,1.9651110172271729
190,PBFT,2.0,5.5,2102649fcf7b8f81,0,1818.1818181818182,6.604186480186481,12.104186480186481,True,True,True,1818.1818181818182,4.180187284610815,9.680187284610815,True,True,True,1818.1818181818182,-2.423999195575666,-2.423999195575666,True,SUCCESS,,1.9443001747131348
191,PBFT,2.0,6.0,763bc7dd57424667,0,1666.6666666666667,6.604186480186481,12.604186480186481,True,True,True,1666.6666666666667,4.180187284610813,10.180187284610813,True,True,True,1666.6666666666667,-2.423999195575668,-2.423999195575668,True,SUCCESS,,1.9531471729278564
192,PBFT,2.0,6.5,a459881c362199d7,0,1538.4615384615386,6.604186480186481,13.104186480186481,True,True,True,1538.4615384615386,4.180187284610813,10.680187284610813,True,True,True,1538.4615384615386,-2.423999195575668,-2.423999195575668,True,SUCCESS,,1.9577662944793701
193,PBFT,2.0,7.0,253b9926112de24b,0,1428.5714285714287,6.604186480186481,13.604186480186481,True,True,True,1428.5714285714287,4.180187284610813,11.180187284610813,True,True,True,1428.5714285714287,-2.423999195575668,-2.423999195575668,True,SUCCESS,,1.9243831634521484
194,PBFT,2.0,7.5,a7c1edcd1e19fe75,0,1333.3333333333333,6.604186480186481,14.104186480186481,True,True,True,1333.3333333333333,4.180187284610813,11.680187284610813,True,True,True,1333.3333333333333,-2.423999195575668,-2.423999195575668,True,SUCCESS,,1.9573731422424316
195,PBFT,2.0,8.0,0b9eb75bd6e6c4bd,0,1250.0,6.604186480186481,14.604186480186481,True,True,True,1250.0,4.180187284610813,12.180187284610813,True,True,True,1250.0,-2.423999195575668,-2.423999195575668,True,SUCCESS,,1.9695103168487549
196,PBFT,2.0,8.5,4b92c60dc79e9fa2,0,1176.4705882352941,6.604186480186481,15.104186480186481,True,True,True,1176.4705882352941,4.180187284610813,12.680187284610813,True,True,True,1176.4705882352941,-2.423999195575668,-2.423999195575668,True,SUCCESS,,1.9378166198730469
197,PBFT,2.0,9.0,13835d21cae407f3,0,1111.111111111111,6.604186480186481,15.604186480186481,True,True,True,1111.111111111111,4.180187284610813,13.180187284610813,True,True,True,1111.111111111111,-2.423999195575668,-2.423999195575668,True,SUCCESS,,1.9811985492706299
198,PBFT,2.0,9.5,09ec109db3966f3f,0,1052.6315789473683,6.604186480186481,16.10418648018648,True,True,True,1052.6315789473683,4.180187284610813,13.680187284610813,True,True,True,1052.6315789473683,-2.423999195575668,-2.423999195575668,True,SUCCESS,,1.9707181453704834
199,PBFT,2.0,10.0,c0fd4859d9b10ac3,0,1000.0,6.604186480186481,16.60418648018648,True,True,True,1000.0,4.180187284610813,14.180187284610813,True,True,True,1000.0,-2.423999195575668,-2.423999195575668,True,SUCCESS,,1.9850053787231445
200,PBFT,2.2,0.5,dc625e8ebd7cef24,0,22000.0,7.26432634032634,7.76432634032634,True,False,True,0.0,4.597759477124185,5.097759477124185,True,False,True,0.0,-2.6665668632021546,-2.6665668632021546,True,SUCCESS,,2.183730363845825
201,PBFT,2.2,1.0,e754476eb0f8b28f,0,11000.0,7.26432634032634,8.26432634032634,True,False,True,0.0,4.597759477124186,5.597759477124186,True,True,True,11000.0,-2.6665668632021537,-2.6665668632021537,False,SUCCESS,,2.158397912979126
202,PBFT,2.2,1.5,a1af56b4e9f3475b,0,7333.333333333333,7.26432634032634,8.76432634032634,True,True,True,7333.333333333333,4.597759477124186,6.097759477124186,True,True,True,7333.333333333333,-2.6665668632021537,-2.6665668632021537,True,SUCCESS,,2.225304126739502
203,PBFT,2.2,2.0,a3ec82c9ce7ecfb8,0,5500.0,7.26432634032634,9.26432634032634,True,True,True,5500.0,4.597759477124185,6.597759477124185,True,True,True,5500.0,-2.6665668632021546,-2.6665668632021546,True,SUCCESS,,2.2266061305999756
204,PBFT,2.2,2.5,927bb6f28a57b642,0,4400.0,7.26432634032634,9.76432634032634,True,True,True,4400.0,4.597759477124185,7.097759477124185,True,True,True,4400.0,-2.6665668632021546,-2.6665668632021546,True,SUCCESS,,2.2280895709991455
205,PBFT,2.2,3.0,e2c554f0b593a578,0,3666.6666666666665,7.26432634032634,10.26432634032634,True,True,True,3666.6666666666665,4.597759477124185,7.597759477124185,True,True,True,3666.6666666666665,-2.6665668632021546,-2.6665668632021546,True,SUCCESS,,2.17080020904541
206,PBFT,2.2,3.5,02e0596c058dad27,0,3142.8571428571427,7.26432634032634,10.76432634032634,True,True,True,3142.8571428571427,4.597759477124184,8.097759477124184,True,True,True,3142.8571428571427,-2.6665668632021564,-2.6665668632021564,True,SUCCESS,,2.1898462772369385
207,PBFT,2.2,4.0,53611b073e461f11,0,2750.0,7.26432634032634,11.26432634032634,True,True,True,2750.0,4.597759477124184,8.597759477124184,True,True,True,2750.0,-2.6665668632021564,-2.6665668632021564,True,SUCCESS,,2.1795525550842285
208,PBFT,2.2,4.5,fa9e57e7f72aadb3,0,2444.4444444444443,7.26432634032634,11.76432634032634,True,True,True,2444.4444444444443,4.597759477124185,9.097759477124185,True,True,True,2444.4444444444443,-2.6665668632021546,-2.6665668632021546,True,SUCCESS,,2.1963608264923096
209,PBFT,2.2,5.0,148da9bf846bf6a7,0,2200.0,7.26432634032634,12.26432634032634,True,True,True,2200.0,4.597759477124185,9.597759477124185,True,True,True,2200.0,-2.6665668632021546,-2.6665668632021546,True,SUCCESS,,2.1293928623199463
210,PBFT,2.2,5.5,fc3f1e6d2f1aa5f0,0,2000.0,7.26432634032634,12.76432634032634,True,True,True,2000.0,4.597759477124185,10.097759477124185,True,True,True,2000.0,-2.6665668632021546,-2.6665668632021546,True,SUCCESS,,2.2183375358581543
211,PBFT,2.2,6.0,0ce6d84dbc8c5991,0,1833.3333333333333,7.26432634032634,13.26432634032634,True,True,True,1833.3333333333333,4.597759477124185,10.597759477124185,True,True,True,1833.3333333333333,-2.6665668632021546,-2.6665668632021546,True,SUCCESS,,2.2689526081085205
212,PBFT,2.2,6.5,757d524320082ee4,0,1692.3076923076924,7.26432634032634,13.76432634032634,True,True,True,1692.3076923076924,4.597759477124185,11.097759477124185,True,True,True,1692.3076923076924,-2.6665668632021546,-2.6665668632021546,True,SUCCESS,,2.183769464492798
213,PBFT,2.2,7.0,24609844a3371ff9,0,1571.4285714285713,7.26432634032634,14.26432634032634,True,True,True,1571.4285714285713,4.597759477124185,11.597759477124185,True,True,True,1571.4285714285713,-2.6665668632021546,-2.6665668632021546,True,SUCCESS,,2.15221905708313
214,PBFT,2.2,7.5,c1fc78719d9ed8cc,0,1466.6666666666667,7.26432634032634,14.76432634032634,True,True,True,1466.6666666666667,4.597759477124185,12.097759477124185,True,True,True,1466.6666666666667,-2.6665668632021546,-2.6665668632021546,True,SUCCESS,,2.205608367919922
215,PBFT,2.2,8.0,420aae31978d8e73,0,1375.0,7.26432634032634,15.26432634032634,True,True,True,1375.0,4.597759477124185,12.597759477124185,True,True,True,1375.0,-2.6665668632021546,-2.6665668632021546,True,SUCCESS,,2.1998493671417236
216,PBFT,2.2,8.5,2c604b171d0efe29,0,1294.1176470588234,7.26432634032634,15.76432634032634,True,True,True,1294.1176470588234,4.597759477124185,13.097759477124185,True,True,True,1294.1176470588234,-2.6665668632021546,-2.6665668632021546,True,SUCCESS,,2.287712812423706
217,PBFT,2.2,9.0,8375d3873c67ae39,0,1222.2222222222222,7.26432634032634,16.264326340326342,True,True,True,1222.2222222222222,4.597759477124185,13.597759477124185,True,True,True,1222.2222222222222,-2.6665668632021546,-2.6665668632021564,True,SUCCESS,,2.3148186206817627
218,PBFT,2.2,9.5,cffd9ee684efb31d,0,1157.8947368421052,7.26432634032634,16.764326340326342,True,True,True,1157.8947368421052,4.597759477124185,14.097759477124185,True,True,True,1157.8947368421052,-2.6665668632021546,-2.6665668632021564,True,SUCCESS,,2.226090908050537
219,PBFT,2.2,10.0,73fe5e92621f071c,0,1100.0,7.26432634032634,17.264326340326342,True,True,True,1100.0,4.597759477124185,14.597759477124185,True,True,True,1100.0,-2.6665668632021546,-2.6665668632021564,True,SUCCESS,,2.185577869415283
220,PBFT,2.4,0.5,57d947477d2ad1be,0,24000.0,7.924466200466199,8.424466200466199,True,False,True,0.0,5.015331669637553,5.515331669637553,True,False,True,0.0,-2.909134530828646,-2.909134530828646,True,SUCCESS,,2.3575034141540527
221,PBFT,2.4,1.0,223e05e76608e1db,0,12000.0,7.924466200466199,8.924466200466199,True,False,True,0.0,5.015331669637554,6.015331669637554,True,False,True,0.0,-2.909134530828645,-2.909134530828645,True,SUCCESS,,2.349299669265747
222,PBFT,2.4,1.5,ac933309cd87e24e,0,8000.0,7.924466200466199,9.424466200466199,True,False,True,0.0,5.015331669637554,6.515331669637554,True,True,True,8000.0,-2.909134530828645,-2.909134530828645,False,SUCCESS,,2.3582193851470947
223,PBFT,2.4,2.0,751cef1c677152f9,0,6000.0,7.924466200466199,9.924466200466199,True,True,True,6000.0,5.015331669637554,7.015331669637554,True,True,True,6000.0,-2.909134530828645,-2.909134530828645,True,SUCCESS,,2.4216296672821045
224,PBFT,2.4,2.5,9f79a3015c5e6d4f,0,4800.0,7.924466200466199,10.424466200466199,True,True,True,4800.0,5.015331669637554,7.515331669637554,True,True,True,4800.0,-2.909134530828645,-2.909134530828645,True,SUCCESS,,2.3947412967681885
225,PBFT,2.4,3.0,c6737e3cb45ad79a,0,4000.0,7.924466200466199,10.924466200466199,True,True,True,4000.0,5.015331669637554,8.015331669637554,True,True,True,4000.0,-2.909134530828645,-2.909134530828645,True,SUCCESS,,2.3969621658325195
226,PBFT,2.4,3.5,a71b8aeb28cdb4f2,0,3428.5714285714284,7.924466200466199,11.424466200466199,True,True,True,3428.5714285714284,5.015331669637552,8.515331669637552,True,True,True,3428.5714285714284,-2.9091345308286467,-2.9091345308286467,True,SUCCESS,,2.3875463008880615
227,PBFT,2.4,4.0,a28658db80cd9b2e,0,3000.0,7.924466200466199,11.924466200466199,True,True,True,3000.0,5.015331669637554,9.015331669637554,True,True,True,3000.0,-2.909134530828645,-2.909134530828645,True,SUCCESS,,2.3264973163604736
228,PBFT,2.4,4.5,028322b186415657,0,2666.6666666666665,7.924466200466199,12.424466200466199,True,True,True,2666.6666666666665,5.015331669637558,9.515331669637558,True,True,True,2666.6666666666665,-2.9091345308286414,-2.9091345308286414,True,SUCCESS,,2.3428618907928467
229,PBFT,2.4,5.0,08cd957e9d7aa0fd,0,2400.0,7.924466200466199,12.924466200466199,True,True,True,2400.0,5.015331669637552,10.015331669637552,True,True,True,2400.0,-2.9091345308286467,-2.9091345308286467,True,SUCCESS,,2.419773817062378
230,PBFT,2.4,5.5,13ea401c5c426b52,0,2181.818181818182,7.924466200466199,13.424466200466199,True,True,True,2181.818181818182,5.015331669637552,10.515331669637552,True,True,True,2181.818181818182,-2.9091345308286467,-2.9091345308286467,True,SUCCESS,,2.4019224643707275
231,PBFT,2.4,6.0,9a0c61569d03e2e6,0,2000.0,7.924466200466199,13.924466200466199,True,True,True,2000.0,5.015331669637554,11.015331669637554,True,True,True,2000.0,-2.909134530828645,-2.909134530828645,True,SUCCESS,,2.325002670288086
232,PBFT,2.4,6.5,8fa43db2fb458dc7,0,1846.1538461538462,7.924466200466199,14.424466200466199,True,True,True,1846.1538461538462,5.015331669637554,11.515331669637554,True,True,True,1846.1538461538462,-2.909134530828645,-2.909134530828645,True,SUCCESS,,2.4666905403137207
233,PBFT,2.4,7.0,94ce1f60e4145f85,0,1714.2857142857142,7.924466200466199,14.924466200466199,True,True,True,1714.2857142857142,5.015331669637554,12.015331669637554,True,True,True,1714.2857142857142,-2.909134530828645,-2.909134530828645,True,SUCCESS,,2.393970251083374
234,PBFT,2.4,7.5,e60cff91bd262dc3,0,1600.0,7.924466200466199,15.424466200466199,True,True,True,1600.0,5.015331669637554,12.515331669637554,True,True,True,1600.0,-2.909134530828645,-2.909134530828645,True,SUCCESS,,2.3987295627593994
235,PBFT,2.4,8.0,f063ee663ae826bc,0,1500.0,7.924466200466199,15.924466200466199,True,True,True,1500.0,5.015331669637554,13.015331669637554,True,True,True,1500.0,-2.909134530828645,-2.909134530828645,True,SUCCESS,,2.410860300064087
236,PBFT,2.4,8.5,07f791aeb130a315,0,1411.764705882353,7.924466200466199,16.4244662004662,True,True,True,1411.764705882353,5.015331669637554,13.515331669637554,True,True,True,1411.764705882353,-2.909134530828645,-2.909134530828645,True,SUCCESS,,2.3824074268341064
237,PBFT,2.4,9.0,61eb71602f32fb76,0,1333.3333333333333,7.924466200466199,16.9244662004662,True,True,True,1333.3333333333333,5.015331669637554,14.015331669637554,True,True,True,1333.3333333333333,-2.909134530828645,-2.909134530828645,True,SUCCESS,,2.4823496341705322
238,PBFT,2.4,9.5,113c5b18ce2876ab,0,1263.157894736842,7.924466200466199,17.4244662004662,True,True,True,1263.157894736842,5.015331669637554,14.515331669637554,True,True,True,1263.157894736842,-2.909134530828645,-2.909134530828645,True,SUCCESS,,2.391383409500122
239,PBFT,2.4,10.0,09ded2a9eb7a5dd4,0,1200.0,7.924466200466199,17.9244662004662,True,True,True,1200.0,5.015331669637554,15.015331669637554,True,True,True,1200.0,-2.909134530828645,-2.909134530828645,True,SUCCESS,,2.3663671016693115
240,PBFT,2.6,0.5,11de7a1fd7746be5,0,26000.0,8.584606060606061,9.084606060606061,True,False,True,0.0,5.4329038621509245,5.9329038621509245,True,False,True,0.0,-3.151702198455137,-3.151702198455137,True,SUCCESS,,2.6054348945617676
241,PBFT,2.6,1.0,2cb0dd8bf2e43164,0,13000.0,8.584606060606061,9.584606060606061,True,False,True,0.0,5.4329038621509245,6.4329038621509245,True,False,True,0.0,-3.151702198455137,-3.151702198455137,True,SUCCESS,,2.7372233867645264
242,PBFT,2.6,1.5,3ca1d0e0d5c16edd,0,8666.666666666666,8.584606060606061,10.084606060606061,True,False,True,0.0,5.432903862150923,6.932903862150923,True,True,True,8666.666666666666,-3.1517021984551388,-3.1517021984551388,False,SUCCESS,,2.806419849395752
243,PBFT,2.6,2.0,c50921d68a3686df,0,6500.0,8.584606060606061,10.584606060606061,True,True,True,6500.0,5.432903862150923,7.432903862150923,True,True,True,6500.0,-3.1517021984551388,-3.1517021984551388,True,SUCCESS,,2.8886563777923584
244,PBFT,2.6,2.5,8b4527fc19a092f5,0,5200.0,8.584606060606061,11.084606060606061,True,True,True,5200.0,5.432903862150923,7.932903862150923,True,True,True,5200.0,-3.1517021984551388,-3.1517021984551388,True,SUCCESS,,2.7971818447113037
245,PBFT,2.6,3.0,6ba77f2133dea50a,0,4333.333333333333,8.584606060606061,11.584606060606061,True,True,True,4333.333333333333,5.432903862150921,8.432903862150921,True,True,True,4333.333333333333,-3.1517021984551405,-3.1517021984551405,True,SUCCESS,,2.8085548877716064
246,PBFT,2.6,3.5,712a006e58925d1e,0,3714.285714285714,8.584606060606061,12.084606060606061,True,True,True,3714.285714285714,5.432903862150917,8.932903862150917,True,True,True,3714.285714285714,-3.151702198455144,-3.151702198455144,True,SUCCESS,,2.7457733154296875
247,PBFT,2.6,4.0,9913dac1bad8ce78,0,3250.0,8.584606060606061,12.584606060606061,True,True,True,3250.0,5.432903862150923,9.432903862150923,True,True,True,3250.0,-3.1517021984551388,-3.1517021984551388,True,SUCCESS,,2.6945817470550537
248,PBFT,2.6,4.5,8fc18c39470f8f29,0,2888.8888888888887,8.584606060606061,13.084606060606061,True,True,True,2888.8888888888887,5.432903862150919,9.93290386215092,True,True,True,2888.8888888888887,-3.1517021984551423,-3.1517021984551423,True,SUCCESS,,2.651813268661499
249,PBFT,2.6,5.0,c6d67b7ff092190e,0,2600.0,8.584606060606061,13.584606060606061,True,True,True,2600.0,5.432903862150919,10.43290386215092,True,True,True,2600.0,-3.1517021984551423,-3.1517021984551423,True,SUCCESS,,2.74469256401062
250,PBFT,2.6,5.5,d9dfd5086f4ddbdb,0,2363.6363636363635,8.584606060606061,14.084606060606061,True,True,True,2363.6363636363635,5.432903862150919,10.93290386215092,True,True,True,2363.6363636363635,-3.1517021984551423,-3.1517021984551423,True,SUCCESS,,2.8790605068206787
251,PBFT,2.6,6.0,667bb0363fc018e2,0,2166.6666666666665,8.584606060606061,14.584606060606061,True,True,True,2166.6666666666665,5.432903862150919,11.43290386215092,True,True,True,2166.6666666666665,-3.1517021984551423,-3.1517021984551423,True,SUCCESS,,2.785773515701294
252,PBFT,2.6,6.5,9be112a3c862eaa3,0,2000.0,8.584606060606061,15.084606060606061,True,True,True,2000.0,5.432903862150919,11.93290386215092,True,True,True,2000.0,-3.1517021984551423,-3.1517021984551423,True,SUCCESS,,2.827735662460327
253,PBFT,2.6,7.0,cfabef1287c6086f,0,1857.142857142857,8.584606060606061,15.584606060606061,True,True,True,1857.142857142857,5.432903862150919,12.43290386215092,True,True,True,1857.142857142857,-3.1517021984551423,-3.1517021984551423,True,SUCCESS,,2.9028096199035645
254,PBFT,2.6,7.5,1fea25584a0b9f43,0,1733.3333333333333,8.584606060606061,16.084606060606063,True,True,True,1733.3333333333333,5.432903862150919,12.93290386215092,True,True,True,1733.3333333333333,-3.1517021984551423,-3.151702198455144,True,SUCCESS,,2.7820284366607666
255,PBFT,2.6,8.0,b011eb3ffaa03681,0,1625.0,8.584606060606061,16.584606060606063,True,True,True,1625.0,5.432903862150919,13.43290386215092,True,True,True,1625.0,-3.1517021984551423,-3.151702198455144,True,SUCCESS,,2.618349075317383
256,PBFT,2.6,8.5,a670ce8931bf40e1,0,1529.4117647058824,8.584606060606061,17.084606060606063,True,True,True,1529.4117647058824,5.432903862150919,13.93290386215092,True,True,True,1529.4117647058824,-3.1517021984551423,-3.151702198455144,True,SUCCESS,,2.6788315773010254
257,PBFT,2.6,9.0,1efbc6d6d708f063,0,1444.4444444444443,8.584606060606061,17.584606060606063,True,True,True,1444.4444444444443,5.432903862150919,14.43290386215092,True,True,True,1444.4444444444443,-3.1517021984551423,-3.151702198455144,True,SUCCESS,,2.770925998687744
258,PBFT,2.6,9.5,f28c2388fb9517f3,0,1368.421052631579,8.584606060606061,18.084606060606063,True,True,True,1368.421052631579,5.432903862150919,14.93290386215092,True,True,True,1368.421052631579,-3.1517021984551423,-3.151702198455144,True,SUCCESS,,2.5536434650421143
259,PBFT,2.6,10.0,bbf53aa58b7f9428,0,1300.0,8.584606060606061,18.584606060606063,True,True,True,1300.0,5.432903862150919,15.43290386215092,True,True,True,1300.0,-3.1517021984551423,-3.151702198455144,True,SUCCESS,,2.825294017791748
260,PBFT,2.8,0.5,e56ef3ee6f4f7d6f,0,28000.0,9.24474592074592,9.74474592074592,True,False,True,0.0,5.850476054664288,6.350476054664288,True,False,True,0.0,-3.3942698660816326,-3.3942698660816326,True,SUCCESS,,2.9555652141571045
261,PBFT,2.8,1.0,b6f82081dc134bab,0,14000.0,9.24474592074592,10.24474592074592,True,False,True,0.0,5.850476054664289,6.850476054664289,True,False,True,0.0,-3.3942698660816317,-3.3942698660816317,True,SUCCESS,,2.8901736736297607
262,PBFT,2.8,1.5,149d0521049b8aa0,0,9333.333333333334,9.24474592074592,10.74474592074592,True,False,True,0.0,5.850476054664288,7.350476054664288,True,True,True,9333.333333333334,-3.3942698660816326,-3.3942698660816326,False,SUCCESS,,3.010422945022583
263,PBFT,2.8,2.0,d59ef469ea94bcbd,0,7000.0,9.24474592074592,11.24474592074592,True,True,True,7000.0,5.850476054664288,7.850476054664288,True,True,True,7000.0,-3.3942698660816326,-3.3942698660816326,True,SUCCESS,,3.2229225635528564
264,PBFT,2.8,2.5,b108f85b042beafb,0,5600.0,9.24474592074592,11.74474592074592,True,True,True,5600.0,5.8504760546642895,8.35047605466429,True,True,True,5600.0,-3.394269866081631,-3.394269866081631,True,SUCCESS,,2.8482565879821777
265,PBFT,2.8,3.0,2d9ae3ad4e710c9f,0,4666.666666666667,9.24474592074592,12.24474592074592,True,True,True,4666.666666666667,5.8504760546642895,8.85047605466429,True,True,True,4666.666666666667,-3.394269866081631,-3.394269866081631,True,SUCCESS,,2.8710052967071533
266,PBFT,2.8,3.5,b70b2ed61cca5f94,0,4000.0,9.24474592074592,12.74474592074592,True,True,True,4000.0,5.850476054664293,9.350476054664293,True,True,True,4000.0,-3.3942698660816273,-3.3942698660816273,True,SUCCESS,,2.8933138847351074
267,PBFT,2.8,4.0,0d9c4d7ad5ba9b5f,0,3500.0,9.24474592074592,13.24474592074592,True,True,True,3500.0,5.850476054664291,9.850476054664291,True,True,True,3500.0,-3.394269866081629,-3.394269866081629,True,SUCCESS,,2.8422369956970215
268,PBFT,2.8,4.5,5cc9cd3c718a3522,0,3111.1111111111113,9.24474592074592,13.74474592074592,True,True,True,3111.1111111111113,5.850476054664288,10.350476054664288,True,True,True,3111.1111111111113,-3.3942698660816326,-3.3942698660816326,True,SUCCESS,,2.76301908493042
269,PBFT,2.8,5.0,0e0e12ae498a4dbb,0,2800.0,9.24474592074592,14.24474592074592,True,True,True,2800.0,5.850476054664288,10.850476054664288,True,True,True,2800.0,-3.3942698660816326,-3.3942698660816326,True,SUCCESS,,3.1382086277008057
270,PBFT,2.8,5.5,3e00fb68f014731c,0,2545.4545454545455,9.24474592074592,14.74474592074592,True,True,True,2545.4545454545455,5.850476054664288,11.350476054664288,True,True,True,2545.4545454545455,-3.3942698660816326,-3.3942698660816326,True,SUCCESS,,2.7677156925201416
271,PBFT,2.8,6.0,e4a07b1cedf32ada,0,2333.3333333333335,9.24474592074592,15.24474592074592,True,True,True,2333.3333333333335,5.850476054664288,11.850476054664288,True,True,True,2333.3333333333335,-3.3942698660816326,-3.3942698660816326,True,SUCCESS,,2.837675094604492
272,PBFT,2.8,6.5,6d1caeb587b57297,0,2153.846153846154,9.24474592074592,15.74474592074592,True,True,True,2153.846153846154,5.850476054664288,12.350476054664288,True,True,True,2153.846153846154,-3.3942698660816326,-3.3942698660816326,True,SUCCESS,,2.8050692081451416
273,PBFT,2.8,7.0,1771237a0840525b,0,2000.0,9.24474592074592,16.24474592074592,True,True,True,2000.0,5.850476054664288,12.850476054664288,True,True,True,2000.0,-3.3942698660816326,-3.3942698660816326,True,SUCCESS,,2.939157724380493
274,PBFT,2.8,7.5,a70706f1f696ac58,0,1866.6666666666667,9.24474592074592,16.74474592074592,True,True,True,1866.6666666666667,5.850476054664288,13.350476054664288,True,True,True,1866.6666666666667,-3.3942698660816326,-3.3942698660816326,True,SUCCESS,,2.988949775695801
275,PBFT,2.8,8.0,ee3b90bb378f33ba,0,1750.0,9.24474592074592,17.24474592074592,True,True,True,1750.0,5.850476054664288,13.850476054664288,True,True,True,1750.0,-3.3942698660816326,-3.3942698660816326,True,SUCCESS,,2.9631507396698
276,PBFT,2.8,8.5,82bd1353c9ab8a1e,0,1647.0588235294117,9.24474592074592,17.74474592074592,True,True,True,1647.0588235294117,5.850476054664288,14.350476054664288,True,True,True,1647.0588235294117,-3.3942698660816326,-3.3942698660816326,True,SUCCESS,,2.8388285636901855
277,PBFT,2.8,9.0,c8794d35a9b2d5d5,0,1555.5555555555557,9.24474592074592,18.24474592074592,True,True,True,1555.5555555555557,5.850476054664288,14.850476054664288,True,True,True,1555.5555555555557,-3.3942698660816326,-3.3942698660816326,True,SUCCESS,,2.8662517070770264
278,PBFT,2.8,9.5,9b3f8d93b23ee65c,0,1473.6842105263158,9.24474592074592,18.74474592074592,True,True,True,1473.6842105263158,5.850476054664288,15.350476054664288,True,True,True,1473.6842105263158,-3.3942698660816326,-3.3942698660816326,True,SUCCESS,,2.8954827785491943
279,PBFT,2.8,10.0,ff9251b84d293219,0,1400.0,9.24474592074592,19.24474592074592,True,True,True,1400.0,5.850476054664288,15.850476054664288,True,True,True,1400.0,-3.3942698660816326,-3.3942698660816326,True,SUCCESS,,2.916306734085083
280,PBFT,3.0,0.5,ecc2c4e0aba29e73,0,30000.0,9.904885780885781,10.404885780885781,True,False,True,0.0,6.26804824717766,6.76804824717766,True,False,True,0.0,-3.636837533708121,-3.636837533708121,True,SUCCESS,,3.1705150604248047
281,PBFT,3.0,1.0,6ffef7c38a8f80f5,0,15000.0,9.904885780885781,10.904885780885781,True,False,True,0.0,6.26804824717766,7.26804824717766,True,False,True,0.0,-3.636837533708121,-3.636837533708121,True,SUCCESS,,3.30787992477417
282,PBFT,3.0,1.5,70917c2370b62c47,0,10000.0,9.904885780885781,11.404885780885781,True,False,True,0.0,6.26804824717766,7.76804824717766,True,True,True,10000.0,-3.636837533708121,-3.636837533708121,False,SUCCESS,,3.2228453159332275
283,PBFT,3.0,2.0,2c382729f8c6b01e,0,7500.0,9.904885780885781,11.904885780885781,True,True,True,7500.0,6.26804824717766,8.26804824717766,True,True,True,7500.0,-3.636837533708121,-3.636837533708121,True,SUCCESS,,3.0867855548858643
284,PBFT,3.0,2.5,9ba5a145911f7177,0,6000.0,9.904885780885781,12.404885780885781,True,True,True,6000.0,6.26804824717766,8.76804824717766,True,True,True,6000.0,-3.636837533708121,-3.636837533708121,True,SUCCESS,,3.2052314281463623
285,PBFT,3.0,3.0,c57e22da4bd1c7b4,0,5000.0,9.904885780885781,12.904885780885781,True,True,True,5000.0,6.26804824717766,9.26804824717766,True,True,True,5000.0,-3.636837533708121,-3.636837533708121,True,SUCCESS,,3.3430275917053223
286,PBFT,3.0,3.5,f828c2cb10688cd1,0,4285.714285714285,9.904885780885781,13.404885780885781,True,True,True,4285.714285714285,6.26804824717766,9.76804824717766,True,True,True,4285.714285714285,-3.636837533708121,-3.636837533708121,True,SUCCESS,,3.251476764678955
287,PBFT,3.0,4.0,2fb58b624c97ba70,0,3750.0,9.904885780885781,13.904885780885781,True,True,True,3750.0,6.268048247177658,10.268048247177658,True,True,True,3750.0,-3.636837533708123,-3.636837533708123,True,SUCCESS,,3.0264036655426025
288,PBFT,3.0,4.5,c7caacc5091e9b16,0,3333.3333333333335,9.904885780885781,14.404885780885781,True,True,True,3333.3333333333335,6.268048247177658,10.768048247177658,True,True,True,3333.3333333333335,-3.636837533708123,-3.636837533708123,True,SUCCESS,,3.095041513442993
289,PBFT,3.0,5.0,e2913dbe8fc22dbd,0,3000.0,9.904885780885781,14.904885780885781,True,True,True,3000.0,6.26804824717766,11.26804824717766,True,True,True,3000.0,-3.636837533708121,-3.636837533708121,True,SUCCESS,,3.552570104598999
290,PBFT,3.0,5.5,eb9a91040c7879bd,0,2727.2727272727275,9.904885780885781,15.404885780885781,True,True,True,2727.2727272727275,6.26804824717766,11.76804824717766,True,True,True,2727.2727272727275,-3.636837533708121,-3.636837533708121,True,SUCCESS,,3.373197317123413
291,PBFT,3.0,6.0,c5d2cf85e817d27e,0,2500.0,9.904885780885781,15.904885780885781,True,True,True,2500.0,6.268048247177656,12.268048247177656,True,True,True,2500.0,-3.6368375337081247,-3.6368375337081247,True,SUCCESS,,3.2648375034332275
292,PBFT,3.0,6.5,16624b1d55ad9419,0,2307.6923076923076,9.904885780885781,16.40488578088578,True,True,True,2307.6923076923076,6.268048247177656,12.768048247177656,True,True,True,2307.6923076923076,-3.6368375337081247,-3.6368375337081247,True,SUCCESS,,3.179018259048462
293,PBFT,3.0,7.0,e9f3b935ea12e461,0,2142.8571428571427,9.904885780885781,16.90488578088578,True,True,True,2142.8571428571427,6.268048247177656,13.268048247177656,True,True,True,2142.8571428571427,-3.6368375337081247,-3.6368375337081247,True,SUCCESS,,3.1278862953186035
294,PBFT,3.0,7.5,277ec8552c81c74a,0,2000.0,9.904885780885781,17.40488578088578,True,True,True,2000.0,6.268048247177656,13.768048247177656,True,True,True,2000.0,-3.6368375337081247,-3.6368375337081247,True,SUCCESS,,3.233874559402466
295,PBFT,3.0,8.0,fadacf69bd9131eb,0,1875.0,9.904885780885781,17.90488578088578,True,True,True,1875.0,6.268048247177656,14.268048247177656,True,True,True,1875.0,-3.6368375337081247,-3.6368375337081247,True,SUCCESS,,3.031836986541748
296,PBFT,3.0,8.5,e4ed0fe5e6b37d1a,0,1764.7058823529412,9.904885780885781,18.40488578088578,True,True,True,1764.7058823529412,6.268048247177656,14.768048247177656,True,True,True,1764.7058823529412,-3.6368375337081247,-3.6368375337081247,True,SUCCESS,,3.0701630115509033
297,PBFT,3.0,9.0,9ad470f15e873d7b,0,1666.6666666666667,9.904885780885781,18.90488578088578,True,True,True,1666.6666666666667,6.268048247177656,15.268048247177656,True,True,True,1666.6666666666667,-3.6368375337081247,-3.6368375337081247,True,SUCCESS,,3.0634617805480957
298,PBFT,3.0,9.5,a79add494a4c7a95,0,1578.9473684210527,9.904885780885781,19.40488578088578,True,True,True,1578.9473684210527,6.268048247177656,15.768048247177656,True,True,True,1578.9473684210527,-3.6368375337081247,-3.6368375337081247,True,SUCCESS,,3.049412727355957
299,PBFT,3.0,10.0,97d01c1d19f5171c,0,1500.0,9.904885780885781,19.90488578088578,True,True,True,1500.0,6.268048247177653,16.268048247177653,True,True,True,1500.0,-3.6368375337081282,-3.6368375337081282,True,SUCCESS,,3.1874265670776367
300,PBFT,3.2,0.5,e8a89a891a241d02,0,32000.0,10.565025641025644,11.065025641025644,True,False,True,0.0,6.685620439691029,7.185620439691029,True,False,True,0.0,-3.879405201334615,-3.879405201334615,True,SUCCESS,,3.2944774627685547
301,PBFT,3.2,1.0,802662650ce52c4d,0,16000.0,10.565025641025644,11.565025641025644,True,False,True,0.0,6.685620439691029,7.685620439691029,True,False,True,0.0,-3.879405201334615,-3.879405201334615,True,SUCCESS,,3.2547390460968018
302,PBFT,3.2,1.5,da892a0347ecdb39,0,10666.666666666666,10.565025641025644,12.065025641025644,True,False,True,0.0,6.685620439691029,8.185620439691029,True,True,True,10666.666666666666,-3.879405201334615,-3.879405201334615,False,SUCCESS,,3.2805826663970947
303,PBFT,3.2,2.0,736d188422b25d83,0,8000.0,10.565025641025644,12.565025641025644,True,False,True,0.0,6.68562043969103,8.68562043969103,True,True,True,8000.0,-3.879405201334613,-3.879405201334613,False,SUCCESS,,3.2946226596832275
304,PBFT,3.2,2.5,423449fb06808f5e,0,6400.0,10.565025641025644,13.065025641025644,True,True,True,6400.0,6.68562043969103,9.18562043969103,True,True,True,6400.0,-3.879405201334613,-3.879405201334613,True,SUCCESS,,3.288658857345581
305,PBFT,3.2,3.0,ca9542cb4981d8e0,0,5333.333333333333,10.565025641025644,13.565025641025644,True,True,True,5333.333333333333,6.685620439691032,9.685620439691032,True,True,True,5333.333333333333,-3.8794052013346114,-3.8794052013346114,True,SUCCESS,,3.4932186603546143
306,PBFT,3.2,3.5,94f0655a455ace96,0,4571.428571428572,10.565025641025644,14.065025641025644,True,True,True,4571.428571428572,6.685620439691034,10.185620439691034,True,True,True,4571.428571428572,-3.8794052013346096,-3.8794052013346096,True,SUCCESS,,3.3009262084960938
307,PBFT,3.2,4.0,9265febea9dbf16b,0,4000.0,10.565025641025644,14.565025641025644,True,True,True,4000.0,6.685620439691027,10.685620439691027,True,True,True,4000.0,-3.8794052013346167,-3.8794052013346167,True,SUCCESS,,3.4272496700286865
308,PBFT,3.2,4.5,4724d61e6e3085cc,0,3555.5555555555557,10.565025641025644,15.065025641025644,True,True,True,3555.5555555555557,6.685620439691027,11.185620439691027,True,True,True,3555.5555555555557,-3.8794052013346167,-3.8794052013346167,True,SUCCESS,,3.261115789413452
309,PBFT,3.2,5.0,03ea4ff9a23af08d,0,3200.0,10.565025641025644,15.565025641025644,True,True,True,3200.0,6.685620439691032,11.685620439691032,True,True,True,3200.0,-3.8794052013346114,-3.8794052013346114,True,SUCCESS,,3.2733516693115234
310,PBFT,3.2,5.5,db8dba77fee2d1e6,0,2909.090909090909,10.565025641025644,16.065025641025642,True,True,True,2909.090909090909,6.685620439691032,12.185620439691032,True,True,True,2909.090909090909,-3.8794052013346114,-3.8794052013346096,True,SUCCESS,,3.322455406188965
311,PBFT,3.2,6.0,9e07b059435fb8f0,0,2666.6666666666665,10.565025641025644,16.565025641025642,True,True,True,2666.6666666666665,6.685620439691029,12.685620439691029,True,True,True,2666.6666666666665,-3.879405201334615,-3.879405201334613,True,SUCCESS,,3.315991163253784
312,PBFT,3.2,6.5,0af2a18b5b7fd0a4,0,2461.5384615384614,10.565025641025644,17.065025641025642,True,True,True,2461.5384615384614,6.685620439691029,13.185620439691029,True,True,True,2461.5384615384614,-3.879405201334615,-3.879405201334613,True,SUCCESS,,3.3200953006744385
313,PBFT,3.2,7.0,f4c717880a5239c1,0,2285.714285714286,10.565025641025644,17.565025641025642,True,True,True,2285.714285714286,6.685620439691029,13.685620439691029,True,True,True,2285.714285714286,-3.879405201334615,-3.879405201334613,True,SUCCESS,,3.2250680923461914
314,PBFT,3.2,7.5,4eaf70c17a15025c,0,2133.3333333333335,10.565025641025644,18.065025641025642,True,True,True,2133.3333333333335,6.685620439691029,14.185620439691029,True,True,True,2133.3333333333335,-3.879405201334615,-3.879405201334613,True,SUCCESS,,3.223879814147949
315,PBFT,3.2,8.0,03cf5966e5d5f3dc,0,2000.0,10.565025641025644,18.565025641025642,True,True,True,2000.0,6.685620439691029,14.685620439691029,True,True,True,2000.0,-3.879405201334615,-3.879405201334613,True,SUCCESS,,3.334973096847534
316,PBFT,3.2,8.5,568ca757e37f3446,0,1882.3529411764705,10.565025641025644,19.065025641025642,True,True,True,1882.3529411764705,6.685620439691029,15.185620439691029,True,True,True,1882.3529411764705,-3.879405201334615,-3.879405201334613,True,SUCCESS,,3.318784475326538
317,PBFT,3.2,9.0,63cf898c1cf62746,0,1777.7777777777778,10.565025641025644,19.565025641025642,True,True,True,1777.7777777777778,6.685620439691029,15.685620439691029,True,True,True,1777.7777777777778,-3.879405201334615,-3.879405201334613,True,SUCCESS,,3.3384642601013184
318,PBFT,3.2,9.5,f797301aae7352a5,0,1684.2105263157894,10.565025641025644,20.065025641025642,True,True,True,1684.2105263157894,6.685620439691025,16.185620439691025,True,True,True,1684.2105263157894,-3.8794052013346185,-3.8794052013346167,True,SUCCESS,,3.26926326751709
319,PBFT,3.2,10.0,11517143403ed06d,0,1600.0,10.565025641025644,20.565025641025642,True,True,True,1600.0,6.685620439691025,16.685620439691025,True,True,True,1600.0,-3.8794052013346185,-3.8794052013346167,True,SUCCESS,,3.1885197162628174
320,PBFT,3.4,0.5,7e86cf0c72351bf8,0,34000.0,11.2251655011655,11.7251655011655,True,False,True,0.0,7.103192632204397,7.603192632204397,True,False,True,0.0,-4.1219728689611035,-4.1219728689611035,True,SUCCESS,,3.5771751403808594
321,PBFT,3.4,1.0,aa8ba1b335e7bb88,0,17000.0,11.2251655011655,12.2251655011655,True,False,True,0.0,7.103192632204397,8.103192632204397,True,False,True,0.0,-4.1219728689611035,-4.1219728689611035,True,SUCCESS,,3.563599109649658
322,PBFT,3.4,1.5,4f8219ea423c6550,0,11333.333333333334,11.2251655011655,12.7251655011655,True,False,True,0.0,7.103192632204397,8.603192632204397,True,True,True,11333.333333333334,-4.1219728689611035,-4.1219728689611035,False,SUCCESS,,3.5276992321014404
323,PBFT,3.4,2.0,b389681236198e0b,0,8500.0,11.2251655011655,13.2251655011655,True,False,True,0.0,7.103192632204397,9.103192632204397,True,True,True,8500.0,-4.1219728689611035,-4.1219728689611035,False,SUCCESS,,3.51322078704834
324,PBFT,3.4,2.5,32e128c402d4aa8e,0,6800.0,11.2251655011655,13.7251655011655,True,True,True,6800.0,7.103192632204397,9.603192632204397,True,True,True,6800.0,-4.1219728689611035,-4.1219728689611035,True,SUCCESS,,3.4627161026000977
325,PBFT,3.4,3.0,c77202f6b95a3931,0,5666.666666666667,11.2251655011655,14.2251655011655,True,True,True,5666.666666666667,7.103192632204401,10.1031926322044,True,True,True,5666.666666666667,-4.1219728689611,-4.1219728689611,True,SUCCESS,,3.592148780822754
326,PBFT,3.4,3.5,5eaba1e519163ba7,0,4857.142857142857,11.2251655011655,14.7251655011655,True,True,True,4857.142857142857,7.103192632204401,10.6031926322044,True,True,True,4857.142857142857,-4.1219728689611,-4.1219728689611,True,SUCCESS,,3.496227502822876
327,PBFT,3.4,4.0,b5b1f95f9e3db566,0,4250.0,11.2251655011655,15.2251655011655,True,True,True,4250.0,7.103192632204401,11.1031926322044,True,True,True,4250.0,-4.1219728689611,-4.1219728689611,True,SUCCESS,,3.498401403427124
328,PBFT,3.4,4.5,d390d25498a23fe3,0,3777.777777777778,11.2251655011655,15.7251655011655,True,True,True,3777.777777777778,7.103192632204401,11.6031926322044,True,True,True,3777.777777777778,-4.1219728689611,-4.1219728689611,True,SUCCESS,,3.708928108215332
329,PBFT,3.4,5.0,f433b940bf141335,0,3400.0,11.2251655011655,16.2251655011655,True,True,True,3400.0,7.103192632204401,12.1031926322044,True,True,True,3400.0,-4.1219728689611,-4.121972868961098,True,SUCCESS,,3.6086723804473877
330,PBFT,3.4,5.5,48ffd2039670e872,0,3090.909090909091,11.2251655011655,16.7251655011655,True,True,True,3090.909090909091,7.103192632204401,12.6031926322044,True,True,True,3090.909090909091,-4.1219728689611,-4.121972868961098,True,SUCCESS,,3.6214852333068848
331,PBFT,3.4,6.0,8345c422343c83c5,0,2833.3333333333335,11.2251655011655,17.2251655011655,True,True,True,2833.3333333333335,7.103192632204401,13.1031926322044,True,True,True,2833.3333333333335,-4.1219728689611,-4.121972868961098,True,SUCCESS,,3.4678170680999756
332,PBFT,3.4,6.5,3dda316c3f090842,0,2615.3846153846152,11.2251655011655,17.7251655011655,True,True,True,2615.3846153846152,7.103192632204401,13.6031926322044,True,True,True,2615.3846153846152,-4.1219728689611,-4.121972868961098,True,SUCCESS,,3.671525716781616
333,PBFT,3.4,7.0,fe42e82ada9c4f11,0,2428.5714285714284,11.2251655011655,18.2251655011655,True,True,True,2428.5714285714284,7.103192632204401,14.1031926322044,True,True,True,2428.5714285714284,-4.1219728689611,-4.121972868961098,True,SUCCESS,,3.5882136821746826
334,PBFT,3.4,7.5,fe45c0a6dbab6cbc,0,2266.6666666666665,11.2251655011655,18.7251655011655,True,True,True,2266.6666666666665,7.103192632204401,14.6031926322044,True,True,True,2266.6666666666665,-4.1219728689611,-4.121972868961098,True,SUCCESS,,3.5650384426116943
335,PBFT,3.4,8.0,89a01a521ab655ab,0,2125.0,11.2251655011655,19.2251655011655,True,True,True,2125.0,7.103192632204401,15.1031926322044,True,True,True,2125.0,-4.1219728689611,-4.121972868961098,True,SUCCESS,,3.5533339977264404
336,PBFT,3.4,8.5,457870792a1d08a5,0,2000.0,11.2251655011655,19.7251655011655,True,True,True,2000.0,7.103192632204401,15.6031926322044,True,True,True,2000.0,-4.1219728689611,-4.121972868961098,True,SUCCESS,,3.5047261714935303
337,PBFT,3.4,9.0,5870ce31c7106440,0,1888.888888888889,11.2251655011655,20.2251655011655,True,True,True,1888.888888888889,7.103192632204401,16.1031926322044,True,True,True,1888.888888888889,-4.1219728689611,-4.121972868961098,True,SUCCESS,,3.5438103675842285
338,PBFT,3.4,9.5,bbb18c64baea8f08,0,1789.4736842105262,11.2251655011655,20.7251655011655,True,True,True,1789.4736842105262,7.103192632204401,16.6031926322044,True,True,True,1789.4736842105262,-4.1219728689611,-4.121972868961098,True,SUCCESS,,3.576677083969116
339,PBFT,3.4,10.0,af2953a413189f97,0,1700.0,11.2251655011655,21.2251655011655,True,True,True,1700.0,7.103192632204401,17.1031926322044,True,True,True,1700.0,-4.1219728689611,-4.121972868961098,True,SUCCESS,,3.484205961227417
340,PBFT,3.6,0.5,5392daab61952945,0,36000.0,11.885305361305365,12.385305361305365,True,False,True,0.0,7.520764824717766,8.020764824717766,True,False,True,0.0,-4.364540536587599,-4.364540536587599,True,SUCCESS,,3.9139347076416016
341,PBFT,3.6,1.0,215797e3ecdba093,0,18000.0,11.885305361305365,12.885305361305365,True,False,True,0.0,7.520764824717766,8.520764824717766,True,False,True,0.0,-4.364540536587599,-4.364540536587599,True,SUCCESS,,3.720038414001465
342,PBFT,3.6,1.5,760014ef11518738,0,12000.0,11.885305361305365,13.385305361305365,True,False,True,0.0,7.520764824717762,9.020764824717762,True,False,True,0.0,-4.364540536587603,-4.364540536587603,True,SUCCESS,,3.853766441345215
343,PBFT,3.6,2.0,c6155889b0a03616,0,9000.0,11.885305361305365,13.885305361305365,True,False,True,0.0,7.520764824717762,9.520764824717762,True,True,True,9000.0,-4.364540536587603,-4.364540536587603,False,SUCCESS,,3.6965935230255127
344,PBFT,3.6,2.5,bd22e481fc8554c7,0,7200.0,11.885305361305365,14.385305361305365,True,True,True,7200.0,7.520764824717766,10.020764824717766,True,True,True,7200.0,-4.364540536587599,-4.364540536587599,True,SUCCESS,,3.7916433811187744
345,PBFT,3.6,3.0,6a39095701e94116,0,6000.0,11.885305361305365,14.885305361305365,True,True,True,6000.0,7.520764824717766,10.520764824717766,True,True,True,6000.0,-4.364540536587599,-4.364540536587599,True,SUCCESS,,3.752413749694824
346,PBFT,3.6,3.5,1c13fe946c64a0ea,0,5142.857142857143,11.885305361305365,15.385305361305365,True,True,True,5142.857142857143,7.520764824717766,11.020764824717766,True,True,True,5142.857142857143,-4.364540536587599,-4.364540536587599,True,SUCCESS,,3.8781232833862305
347,PBFT,3.6,4.0,2618580410d366a9,0,4500.0,11.885305361305365,15.885305361305365,True,True,True,4500.0,7.520764824717766,11.520764824717766,True,True,True,4500.0,-4.364540536587599,-4.364540536587599,True,SUCCESS,,3.7336301803588867
348,PBFT,3.6,4.5,d30c67b98a572b51,0,4000.0,11.885305361305365,16.385305361305363,True,True,True,4000.0,7.520764824717766,12.020764824717766,True,True,True,4000.0,-4.364540536587599,-4.364540536587597,True,SUCCESS,,3.7301063537597656
349,PBFT,3.6,5.0,2de618a1c90818b6,0,3600.0,11.885305361305365,16.885305361305363,True,True,True,3600.0,7.520764824717766,12.520764824717766,True,True,True,3600.0,-4.364540536587599,-4.364540536587597,True,SUCCESS,,3.7659335136413574
350,PBFT,3.6,5.5,e6ddbd31ba4594f0,0,3272.7272727272725,11.885305361305365,17.385305361305363,True,True,True,3272.7272727272725,7.520764824717766,13.020764824717766,True,True,True,3272.7272727272725,-4.364540536587599,-4.364540536587597,True,SUCCESS,,3.776625156402588
351,PBFT,3.6,6.0,5ef06340a991d6cd,0,3000.0,11.885305361305365,17.885305361305363,True,True,True,3000.0,7.520764824717766,13.520764824717766,True,True,True,3000.0,-4.364540536587599,-4.364540536587597,True,SUCCESS,,3.814673900604248
352,PBFT,3.6,6.5,7ecb4c2b13ec78d9,0,2769.230769230769,11.885305361305365,18.385305361305363,True,True,True,2769.230769230769,7.520764824717766,14.020764824717766,True,True,True,2769.230769230769,-4.364540536587599,-4.364540536587597,True,SUCCESS,,3.712672233581543
353,PBFT,3.6,7.0,2a084f402d9532ce,0,2571.4285714285716,11.885305361305365,18.885305361305363,True,True,True,2571.4285714285716,7.520764824717766,14.520764824717766,True,True,True,2571.4285714285716,-4.364540536587599,-4.364540536587597,True,SUCCESS,,3.7588865756988525
354,PBFT,3.6,7.5,04beb04b7d31c93f,0,2400.0,11.885305361305365,19.385305361305363,True,True,True,2400.0,7.520764824717766,15.020764824717766,True,True,True,2400.0,-4.364540536587599,-4.364540536587597,True,SUCCESS,,3.833911657333374
355,PBFT,3.6,8.0,514969d5fca15eff,0,2250.0,11.885305361305365,19.885305361305363,True,True,True,2250.0,7.520764824717766,15.520764824717766,True,True,True,2250.0,-4.364540536587599,-4.364540536587597,True,SUCCESS,,3.741055727005005
356,PBFT,3.6,8.5,e828b8e41d149de6,0,2117.6470588235293,11.885305361305365,20.385305361305363,True,True,True,2117.6470588235293,7.520764824717766,16.020764824717766,True,True,True,2117.6470588235293,-4.364540536587599,-4.364540536587597,True,SUCCESS,,3.8692071437835693
357,PBFT,3.6,9.0,7ed17c3b2dab84f6,0,2000.0,11.885305361305365,20.885305361305363,True,True,True,2000.0,7.520764824717762,16.520764824717762,True,True,True,2000.0,-4.364540536587603,-4.364540536587601,True,SUCCESS,,3.717864513397217
358,PBFT,3.6,9.5,8e6bf6db18c4df00,0,1894.7368421052631,11.885305361305365,21.385305361305363,True,True,True,1894.7368421052631,7.520764824717769,17.02076482471777,True,True,True,1894.7368421052631,-4.3645405365875956,-4.364540536587594,True,SUCCESS,,3.8565688133239746
359,PBFT,3.6,10.0,c0f63daa1df84c3d,0,1800.0,11.885305361305365,21.885305361305363,True,True,True,1800.0,7.520764824717766,17.520764824717766,True,True,True,1800.0,-4.364540536587599,-4.364540536587597,True,SUCCESS,,3.715482473373413
360,PBFT,3.8,0.5,b47def16395e6ff7,0,38000.0,12.54544522144522,13.04544522144522,True,False,True,0.0,7.9383370172311345,8.438337017231134,True,False,True,0.0,-4.607108204214086,-4.607108204214086,True,SUCCESS,,4.126673936843872
361,PBFT,3.8,1.0,1e3b5194d90b4ba4,0,19000.0,12.54544522144522,13.54544522144522,True,False,True,0.0,7.9383370172311345,8.938337017231134,True,False,True,0.0,-4.607108204214086,-4.607108204214086,True,SUCCESS,,4.208777904510498
362,PBFT,3.8,1.5,a70c8c5da2c4046a,0,12666.666666666666,12.54544522144522,14.04544522144522,True,False,True,0.0,7.9383370172311345,9.438337017231134,True,False,True,0.0,-4.607108204214086,-4.607108204214086,True,SUCCESS,,4.110860347747803
363,PBFT,3.8,2.0,2a402c85c6a445d4,0,9500.0,12.54544522144522,14.54544522144522,True,False,True,0.0,7.938337017231138,9.938337017231138,True,True,True,9500.0,-4.607108204214082,-4.607108204214082,False,SUCCESS,,4.002949237823486
364,PBFT,3.8,2.5,043e85030b288b15,0,7600.0,12.54544522144522,15.04544522144522,True,False,True,0.0,7.938337017231138,10.438337017231138,True,True,True,7600.0,-4.607108204214082,-4.607108204214082,False,SUCCESS,,4.085397481918335
365,PBFT,3.8,3.0,9871291d69907340,0,6333.333333333333,12.54544522144522,15.54544522144522,True,True,True,6333.333333333333,7.9383370172311345,10.938337017231134,True,True,True,6333.333333333333,-4.607108204214086,-4.607108204214086,True,SUCCESS,,4.087809324264526
366,PBFT,3.8,3.5,9f33da2929da96ec,0,5428.571428571428,12.54544522144522,16.04544522144522,True,True,True,5428.571428571428,7.9383370172311345,11.438337017231134,True,True,True,5428.571428571428,-4.607108204214086,-4.607108204214086,True,SUCCESS,,4.115080833435059
367,PBFT,3.8,4.0,736f1b2f97b20f06,0,4750.0,12.54544522144522,16.54544522144522,True,True,True,4750.0,7.9383370172311345,11.938337017231134,True,True,True,4750.0,-4.607108204214086,-4.607108204214086,True,SUCCESS,,4.060484886169434
368,PBFT,3.8,4.5,198492bb2e5c7078,0,4222.222222222223,12.54544522144522,17.04544522144522,True,True,True,4222.222222222223,7.9383370172311345,12.438337017231134,True,True,True,4222.222222222223,-4.607108204214086,-4.607108204214086,True,SUCCESS,,4.083848237991333
369,PBFT,3.8,5.0,c3b087ea36a649c2,0,3800.0,12.54544522144522,17.54544522144522,True,True,True,3800.0,7.9383370172311345,12.938337017231134,True,True,True,3800.0,-4.607108204214086,-4.607108204214086,True,SUCCESS,,4.0707385540008545
370,PBFT,3.8,5.5,9717378cd5a5c6c9,0,3454.5454545454545,12.54544522144522,18.04544522144522,True,True,True,3454.5454545454545,7.9383370172311345,13.438337017231134,True,True,True,3454.5454545454545,-4.607108204214086,-4.607108204214086,True,SUCCESS,,4.065311908721924
371,PBFT,3.8,6.0,574306f8f3623f25,0,3166.6666666666665,12.54544522144522,18.54544522144522,True,True,True,3166.6666666666665,7.9383370172311345,13.938337017231134,True,True,True,3166.6666666666665,-4.607108204214086,-4.607108204214086,True,SUCCESS,,4.056049585342407
372,PBFT,3.8,6.5,8a21b573bd82340c,0,2923.076923076923,12.54544522144522,19.04544522144522,True,True,True,2923.076923076923,7.9383370172311345,14.438337017231134,True,True,True,2923.076923076923,-4.607108204214086,-4.607108204214086,True,SUCCESS,,4.187551498413086
373,PBFT,3.8,7.0,07ecf370921e066f,0,2714.285714285714,12.54544522144522,19.54544522144522,True,True,True,2714.285714285714,7.9383370172311345,14.938337017231134,True,True,True,2714.285714285714,-4.607108204214086,-4.607108204214086,True,SUCCESS,,4.107349634170532
374,PBFT,3.8,7.5,8b9657d008af3038,0,2533.3333333333335,12.54544522144522,20.04544522144522,True,True,True,2533.3333333333335,7.9383370172311345,15.438337017231134,True,True,True,2533.3333333333335,-4.607108204214086,-4.607108204214086,True,SUCCESS,,4.018666505813599
375,PBFT,3.8,8.0,76878920224f92b0,0,2375.0,12.54544522144522,20.54544522144522,True,True,True,2375.0,7.9383370172311345,15.938337017231134,True,True,True,2375.0,-4.607108204214086,-4.607108204214086,True,SUCCESS,,4.0974509716033936
376,PBFT,3.8,8.5,d4597201ef19dbce,0,2235.294117647059,12.54544522144522,21.04544522144522,True,True,True,2235.294117647059,7.938337017231131,16.43833701723113,True,True,True,2235.294117647059,-4.607108204214089,-4.607108204214089,True,SUCCESS,,4.076414346694946
377,PBFT,3.8,9.0,58eaae1e369714f3,0,2111.1111111111113,12.54544522144522,21.54544522144522,True,True,True,2111.1111111111113,7.938337017231138,16.938337017231138,True,True,True,2111.1111111111113,-4.607108204214082,-4.607108204214082,True,SUCCESS,,4.12469744682312
378,PBFT,3.8,9.5,af30261f65d23098,0,2000.0,12.54544522144522,22.04544522144522,True,True,True,2000.0,7.938337017231138,17.438337017231138,True,True,True,2000.0,-4.607108204214082,-4.607108204214082,True,SUCCESS,,4.010690689086914
379,PBFT,3.8,10.0,cbe0984c39ab9cd5,0,1900.0,12.54544522144522,22.54544522144522,True,True,True,1900.0,7.938337017231142,17.93833701723114,True,True,True,1900.0,-4.607108204214079,-4.607108204214079,True,SUCCESS,,4.202319622039795
380,PBFT,4.0,0.5,e3450787bdd1db70,0,40000.0,13.205585081585085,13.705585081585085,True,False,True,0.0,8.355909209744507,8.855909209744507,True,False,True,0.0,-4.849675871840578,-4.849675871840578,True,SUCCESS,,4.369002103805542
381,PBFT,4.0,1.0,deb8d94ee12c07ec,0,20000.0,13.205585081585085,14.205585081585085,True,False,True,0.0,8.355909209744507,9.355909209744507,True,False,True,0.0,-4.849675871840578,-4.849675871840578,True,SUCCESS,,4.3785622119903564
382,PBFT,4.0,1.5,6faf5ff8f9e2eebc,0,13333.333333333334,13.205585081585085,14.705585081585085,True,False,True,0.0,8.355909209744507,9.855909209744507,True,False,True,0.0,-4.849675871840578,-4.849675871840578,True,SUCCESS,,4.259992599487305
383,PBFT,4.0,2.0,726a44faab9f37fa,0,10000.0,13.205585081585085,15.205585081585085,True,False,True,0.0,8.355909209744507,10.355909209744507,True,True,True,10000.0,-4.849675871840578,-4.849675871840578,False,SUCCESS,,4.481919765472412
384,PBFT,4.0,2.5,5141f4526554cfeb,0,8000.0,13.205585081585085,15.705585081585085,True,False,True,0.0,8.355909209744507,10.855909209744507,True,True,True,8000.0,-4.849675871840578,-4.849675871840578,False,SUCCESS,,4.218909978866577
385,PBFT,4.0,3.0,447cd7bc7a4e30ea,0,6666.666666666667,13.205585081585085,16.205585081585085,True,True,True,6666.666666666667,8.355909209744507,11.355909209744507,True,True,True,6666.666666666667,-4.849675871840578,-4.849675871840578,True,SUCCESS,,4.316090106964111
386,PBFT,4.0,3.5,cdd2ec6fa69da6b5,0,5714.285714285715,13.205585081585085,16.705585081585085,True,True,True,5714.285714285715,8.355909209744507,11.855909209744507,True,True,True,5714.285714285715,-4.849675871840578,-4.849675871840578,True,SUCCESS,,4.213472843170166
387,PBFT,4.0,4.0,fea582a0fb5075e1,0,5000.0,13.205585081585085,17.205585081585085,True,True,True,5000.0,8.355909209744507,12.355909209744507,True,True,True,5000.0,-4.849675871840578,-4.849675871840578,True,SUCCESS,,4.409479141235352
388,PBFT,4.0,4.5,4f1718e3dcb10ec6,0,4444.444444444444,13.205585081585085,17.705585081585085,True,True,True,4444.444444444444,8.355909209744507,12.855909209744507,True,True,True,4444.444444444444,-4.849675871840578,-4.849675871840578,True,SUCCESS,,4.316824436187744
389,PBFT,4.0,5.0,7db3f1530734b612,0,4000.0,13.205585081585085,18.205585081585085,True,True,True,4000.0,8.355909209744507,13.355909209744507,True,True,True,4000.0,-4.849675871840578,-4.849675871840578,True,SUCCESS,,4.256711483001709
390,PBFT,4.0,5.5,77e15e5dd41bad0e,0,3636.3636363636365,13.205585081585085,18.705585081585085,True,True,True,3636.3636363636365,8.355909209744507,13.855909209744507,True,True,True,3636.3636363636365,-4.849675871840578,-4.849675871840578,True,SUCCESS,,4.371313571929932
391,PBFT,4.0,6.0,a3b80faf2a67dda7,0,3333.3333333333335,13.205585081585085,19.205585081585085,True,True,True,3333.3333333333335,8.355909209744507,14.355909209744507,True,True,True,3333.3333333333335,-4.849675871840578,-4.849675871840578,True,SUCCESS,,4.336671829223633
392,PBFT,4.0,6.5,8410bb73c38f0179,0,3076.923076923077,13.205585081585085,19.705585081585085,True,True,True,3076.923076923077,8.355909209744507,14.855909209744507,True,True,True,3076.923076923077,-4.849675871840578,-4.849675871840578,True,SUCCESS,,4.343324661254883
393,PBFT,4.0,7.0,b6b9d3e85da0bda4,0,2857.1428571428573,13.205585081585085,20.205585081585085,True,True,True,2857.1428571428573,8.355909209744507,15.355909209744507,True,True,True,2857.1428571428573,-4.849675871840578,-4.849675871840578,True,SUCCESS,,4.491533041000366
394,PBFT,4.0,7.5,696bc591672ae68b,0,2666.6666666666665,13.205585081585085,20.705585081585085,True,True,True,2666.6666666666665,8.355909209744507,15.855909209744507,True,True,True,2666.6666666666665,-4.849675871840578,-4.849675871840578,True,SUCCESS,,4.310585021972656
395,PBFT,4.0,8.0,16bbd4004ddab327,0,2500.0,13.205585081585085,21.205585081585085,True,True,True,2500.0,8.355909209744503,16.355909209744503,True,True,True,2500.0,-4.8496758718405815,-4.8496758718405815,True,SUCCESS,,4.414994716644287
396,PBFT,4.0,8.5,5e24c80d6c5c7b9b,0,2352.9411764705883,13.205585081585085,21.705585081585085,True,True,True,2352.9411764705883,8.35590920974451,16.85590920974451,True,True,True,2352.9411764705883,-4.849675871840574,-4.849675871840574,True,SUCCESS,,4.5971457958221436
397,PBFT,4.0,9.0,c68391442514e0cb,0,2222.222222222222,13.205585081585085,22.205585081585085,True,True,True,2222.222222222222,8.355909209744503,17.355909209744503,True,True,True,2222.222222222222,-4.8496758718405815,-4.8496758718405815,True,SUCCESS,,4.420621871948242
398,PBFT,4.0,9.5,9899764114714e6f,0,2105.2631578947367,13.205585081585085,22.705585081585085,True,True,True,2105.2631578947367,8.355909209744507,17.855909209744507,True,True,True,2105.2631578947367,-4.849675871840578,-4.849675871840578,True,SUCCESS,,4.562792778015137
399,PBFT,4.0,10.0,23b64369a683d3c9,0,2000.0,13.205585081585085,23.205585081585085,True,True,True,2000.0,8.355909209744507,18.355909209744507,True,True,True,2000.0,-4.849675871840578,-4.849675871840578,True,SUCCESS,,4.355770111083984
400,PBFT,4.2,0.5,bcfcdb76d9bc7bd7,0,42000.0,13.865724941724944,14.365724941724944,True,False,True,0.0,8.773481402257874,9.273481402257874,True,False,True,0.0,-5.09224353946707,-5.09224353946707,True,SUCCESS,,4.687958002090454
401,PBFT,4.2,1.0,bf1e4fa3fc6b2a46,0,21000.0,13.865724941724944,14.865724941724944,True,False,True,0.0,8.773481402257874,9.773481402257874,True,False,True,0.0,-5.09224353946707,-5.09224353946707,True,SUCCESS,,4.700411081314087
402,PBFT,4.2,1.5,d9be0b62bde8ef64,0,14000.0,13.865724941724944,15.365724941724944,True,False,True,0.0,8.773481402257877,10.273481402257877,True,False,True,0.0,-5.092243539467066,-5.092243539467066,True,SUCCESS,,4.612806558609009
403,PBFT,4.2,2.0,0e394beffdf44cd2,0,10500.0,13.865724941724944,15.865724941724944,True,False,True,0.0,8.773481402257877,10.773481402257877,True,True,True,10500.0,-5.092243539467066,-5.092243539467066,False,SUCCESS,,4.712262392044067
404,PBFT,4.2,2.5,fbbff92688d2d59c,0,8400.0,13.865724941724944,16.36572494172494,True,False,True,0.0,8.773481402257877,11.273481402257877,True,True,True,8400.0,-5.092243539467066,-5.092243539467065,False,SUCCESS,,4.628165006637573
405,PBFT,4.2,3.0,6cf1e11427d26636,0,7000.0,13.865724941724944,16.86572494172494,True,True,True,7000.0,8.773481402257877,11.773481402257877,True,True,True,7000.0,-5.092243539467066,-5.092243539467065,True,SUCCESS,,4.595640420913696
406,PBFT,4.2,3.5,14d2effcc0869a0a,0,6000.0,13.865724941724944,17.36572494172494,True,True,True,6000.0,8.773481402257875,12.273481402257875,True,True,True,6000.0,-5.092243539467068,-5.092243539467066,True,SUCCESS,,4.612735986709595
407,PBFT,4.2,4.0,48e8479b4851bf18,0,5250.0,13.865724941724944,17.86572494172494,True,True,True,5250.0,8.773481402257875,12.773481402257875,True,True,True,5250.0,-5.092243539467068,-5.092243539467066,True,SUCCESS,,4.60059380531311
408,PBFT,4.2,4.5,fad8a516bd6f24e7,0,4666.666666666667,13.865724941724944,18.36572494172494,True,True,True,4666.666666666667,8.773481402257875,13.273481402257875,True,True,True,4666.666666666667,-5.092243539467068,-5.092243539467066,True,SUCCESS,,4.693023920059204
409,PBFT,4.2,5.0,223814263243982d,0,4200.0,13.865724941724944,18.86572494172494,True,True,True,4200.0,8.773481402257875,13.773481402257875,True,True,True,4200.0,-5.092243539467068,-5.092243539467066,True,SUCCESS,,4.560735464096069
410,PBFT,4.2,5.5,85d38ea124446456,0,3818.181818181818,13.865724941724944,19.36572494172494,True,True,True,3818.181818181818,8.773481402257875,14.273481402257875,True,True,True,3818.181818181818,-5.092243539467068,-5.092243539467066,True,SUCCESS,,4.762391805648804
411,PBFT,4.2,6.0,5845dbd13c78f086,0,3500.0,13.865724941724944,19.86572494172494,True,True,True,3500.0,8.773481402257875,14.773481402257875,True,True,True,3500.0,-5.092243539467068,-5.092243539467066,True,SUCCESS,,4.589526414871216
412,PBFT,4.2,6.5,d30bc3840a665518,0,3230.769230769231,13.865724941724944,20.36572494172494,True,True,True,3230.769230769231,8.773481402257875,15.273481402257875,True,True,True,3230.769230769231,-5.092243539467068,-5.092243539467066,True,SUCCESS,,4.6510584354400635
413,PBFT,4.2,7.0,46c45b6f12f28f2d,0,3000.0,13.865724941724944,20.86572494172494,True,True,True,3000.0,8.773481402257875,15.773481402257875,True,True,True,3000.0,-5.092243539467068,-5.092243539467066,True,SUCCESS,,4.625180006027222
414,PBFT,4.2,7.5,191f8a595c4b585e,0,2800.0,13.865724941724944,21.36572494172494,True,True,True,2800.0,8.773481402257875,16.273481402257875,True,True,True,2800.0,-5.092243539467068,-5.092243539467066,True,SUCCESS,,4.628749847412109
415,PBFT,4.2,8.0,3742c4c14dd284bf,0,2625.0,13.865724941724944,21.86572494172494,True,True,True,2625.0,8.773481402257875,16.773481402257875,True,True,True,2625.0,-5.092243539467068,-5.092243539467066,True,SUCCESS,,4.540327787399292
416,PBFT,4.2,8.5,299c21e69edf93db,0,2470.5882352941176,13.865724941724944,22.36572494172494,True,True,True,2470.5882352941176,8.773481402257875,17.273481402257875,True,True,True,2470.5882352941176,-5.092243539467068,-5.092243539467066,True,SUCCESS,,4.6984171867370605
417,PBFT,4.2,9.0,9f595d276ea24b17,0,2333.3333333333335,13.865724941724944,22.86572494172494,True,True,True,2333.3333333333335,8.773481402257872,17.77348140225787,True,True,True,2333.3333333333335,-5.092243539467072,-5.09224353946707,True,SUCCESS,,4.572318077087402
418,PBFT,4.2,9.5,1316a6cde2c4a56c,0,2210.5263157894738,13.865724941724944,23.36572494172494,True,True,True,2210.5263157894738,8.773481402257872,18.27348140225787,True,True,True,2210.5263157894738,-5.092243539467072,-5.09224353946707,True,SUCCESS,,4.674817323684692
419,PBFT,4.2,10.0,ca9e11ecb2b58d61,0,2100.0,13.865724941724944,23.86572494172494,True,True,True,2100.0,8.773481402257872,18.77348140225787,True,True,True,2100.0,-5.092243539467072,-5.09224353946707,True,SUCCESS,,4.792670249938965
420,PBFT,4.4,0.5,82cdd8d96b614786,0,44000.0,14.525864801864802,15.025864801864802,True,False,True,0.0,9.191053594771244,9.691053594771244,True,False,True,0.0,-5.3348112070935585,-5.3348112070935585,True,SUCCESS,,5.052412748336792
421,PBFT,4.4,1.0,c4ba53f59d0584b9,0,22000.0,14.525864801864802,15.525864801864802,True,False,True,0.0,9.191053594771248,10.191053594771248,True,False,True,0.0,-5.334811207093555,-5.334811207093555,True,SUCCESS,,4.981381416320801
422,PBFT,4.4,1.5,bddeb7d31339433b,0,14666.666666666666,14.525864801864802,16.025864801864802,True,False,True,0.0,9.191053594771248,10.691053594771248,True,False,True,0.0,-5.334811207093555,-5.334811207093555,True,SUCCESS,,4.9852588176727295
423,PBFT,4.4,2.0,fe201d23a5f982ce,0,11000.0,14.525864801864802,16.525864801864802,True,False,True,0.0,9.191053594771244,11.191053594771244,True,True,True,11000.0,-5.3348112070935585,-5.3348112070935585,False,SUCCESS,,4.999051332473755
424,PBFT,4.4,2.5,cde6ffa803d71bee,0,8800.0,14.525864801864802,17.025864801864802,True,False,True,0.0,9.191053594771244,11.691053594771244,True,True,True,8800.0,-5.3348112070935585,-5.3348112070935585,False,SUCCESS,,4.872053384780884
425,PBFT,4.4,3.0,a81b124f094110e9,0,7333.333333333333,14.525864801864802,17.525864801864802,True,True,True,7333.333333333333,9.191053594771244,12.191053594771244,True,True,True,7333.333333333333,-5.3348112070935585,-5.3348112070935585,True,SUCCESS,,4.9420294761657715
426,PBFT,4.4,3.5,505f98ae312cc7a4,0,6285.714285714285,14.525864801864802,18.025864801864802,True,True,True,6285.714285714285,9.191053594771246,12.691053594771246,True,True,True,6285.714285714285,-5.334811207093557,-5.334811207093557,True,SUCCESS,,4.99647331237793
427,PBFT,4.4,4.0,6fd1e988ba456819,0,5500.0,14.525864801864802,18.525864801864802,True,True,True,5500.0,9.191053594771244,13.191053594771244,True,True,True,5500.0,-5.3348112070935585,-5.3348112070935585,True,SUCCESS,,4.862213134765625
428,PBFT,4.4,4.5,ed4f327aca3f9569,0,4888.888888888889,14.525864801864802,19.025864801864802,True,True,True,4888.888888888889,9.191053594771244,13.691053594771244,True,True,True,4888.888888888889,-5.3348112070935585,-5.3348112070935585,True,SUCCESS,,4.954765558242798
429,PBFT,4.4,5.0,9bbdb39cb6ee1152,0,4400.0,14.525864801864802,19.525864801864802,True,True,True,4400.0,9.191053594771244,14.191053594771244,True,True,True,4400.0,-5.3348112070935585,-5.3348112070935585,True,SUCCESS,,5.130741357803345
430,PBFT,4.4,5.5,03b9c9a0ac374eef,0,4000.0,14.525864801864802,20.025864801864802,True,True,True,4000.0,9.191053594771244,14.691053594771244,True,True,True,4000.0,-5.3348112070935585,-5.3348112070935585,True,SUCCESS,,4.988229513168335
431,PBFT,4.4,6.0,a7c283fce127b472,0,3666.6666666666665,14.525864801864802,20.525864801864802,True,True,True,3666.6666666666665,9.191053594771244,15.191053594771244,True,True,True,3666.6666666666665,-5.3348112070935585,-5.3348112070935585,True,SUCCESS,,4.895873308181763
432,PBFT,4.4,6.5,1710b2f1d4471d22,0,3384.6153846153848,14.525864801864802,21.025864801864802,True,True,True,3384.6153846153848,9.191053594771244,15.691053594771244,True,True,True,3384.6153846153848,-5.3348112070935585,-5.3348112070935585,True,SUCCESS,,4.92950701713562
433,PBFT,4.4,7.0,247c9aec13f109cf,0,3142.8571428571427,14.525864801864802,21.525864801864802,True,True,True,3142.8571428571427,9.191053594771244,16.191053594771244,True,True,True,3142.8571428571427,-5.3348112070935585,-5.3348112070935585,True,SUCCESS,,5.0599610805511475
434,PBFT,4.4,7.5,75265a194b9bda2d,0,2933.3333333333335,14.525864801864802,22.025864801864802,True,True,True,2933.3333333333335,9.191053594771244,16.691053594771244,True,True,True,2933.3333333333335,-5.3348112070935585,-5.3348112070935585,True,SUCCESS,,4.920058727264404
435,PBFT,4.4,8.0,6c34b681c6ab518f,0,2750.0,14.525864801864802,22.525864801864802,True,True,True,2750.0,9.191053594771244,17.191053594771244,True,True,True,2750.0,-5.3348112070935585,-5.3348112070935585,True,SUCCESS,,4.994157791137695
436,PBFT,4.4,8.5,65709ad1efdf9f90,0,2588.235294117647,14.525864801864802,23.025864801864802,True,True,True,2588.235294117647,9.191053594771244,17.691053594771244,True,True,True,2588.235294117647,-5.3348112070935585,-5.3348112070935585,True,SUCCESS,,4.89031720161438
437,PBFT,4.4,9.0,7a66434d5657c90a,0,2444.4444444444443,14.525864801864802,23.525864801864802,True,True,True,2444.4444444444443,9.191053594771248,18.191053594771248,True,True,True,2444.4444444444443,-5.334811207093555,-5.334811207093555,True,SUCCESS,,5.098804235458374
438,PBFT,4.4,9.5,352cc177847eb2e2,0,2315.7894736842104,14.525864801864802,24.025864801864802,True,True,True,2315.7894736842104,9.191053594771248,18.691053594771248,True,True,True,2315.7894736842104,-5.334811207093555,-5.334811207093555,True,SUCCESS,,5.099327802658081
439,PBFT,4.4,10.0,6c076e863c62d45d,0,2200.0,14.525864801864802,24.525864801864802,True,True,True,2200.0,9.191053594771248,19.191053594771248,True,True,True,2200.0,-5.334811207093555,-5.334811207093555,True,SUCCESS,,5.029840707778931
440,PBFT,4.6,0.5,97e8ca0ff59a70e1,0,46000.0,15.186004662004663,15.686004662004663,True,False,True,0.0,9.608625787284609,10.108625787284609,True,False,True,0.0,-5.577378874720054,-5.577378874720054,True,SUCCESS,,5.324977397918701
441,PBFT,4.6,1.0,0977a45d9a4f1e5c,0,23000.0,15.186004662004663,16.186004662004663,True,False,True,0.0,9.608625787284614,10.608625787284614,True,False,True,0.0,-5.577378874720049,-5.577378874720049,True,SUCCESS,,5.411123514175415
442,PBFT,4.6,1.5,e8f163e486051e5d,0,15333.333333333334,15.186004662004663,16.686004662004663,True,False,True,0.0,9.608625787284614,11.108625787284614,True,False,True,0.0,-5.577378874720049,-5.577378874720049,True,SUCCESS,,5.486797571182251
443,PBFT,4.6,2.0,ad944fe06dba61e7,0,11500.0,15.186004662004663,17.186004662004663,True,False,True,0.0,9.60862578728461,11.60862578728461,True,True,True,11500.0,-5.577378874720052,-5.577378874720052,False,SUCCESS,,5.219431400299072
444,PBFT,4.6,2.5,3d072bacdf75dc37,0,9200.0,15.186004662004663,17.686004662004663,True,False,True,0.0,9.60862578728461,12.10862578728461,True,True,True,9200.0,-5.577378874720052,-5.577378874720052,False,SUCCESS,,5.234771013259888
445,PBFT,4.6,3.0,ad18346893140be5,0,7666.666666666667,15.186004662004663,18.186004662004663,True,False,True,0.0,9.60862578728461,12.60862578728461,True,True,True,7666.666666666667,-5.577378874720052,-5.577378874720052,False,SUCCESS,,5.251621723175049
446,PBFT,4.6,3.5,1c2066ffcd03c220,0,6571.428571428572,15.186004662004663,18.686004662004663,True,True,True,6571.428571428572,9.608625787284609,13.108625787284609,True,True,True,6571.428571428572,-5.577378874720054,-5.577378874720054,True,SUCCESS,,5.287168502807617
447,PBFT,4.6,4.0,0834c830931dcc3f,0,5750.0,15.186004662004663,19.186004662004663,True,True,True,5750.0,9.608625787284609,13.608625787284609,True,True,True,5750.0,-5.577378874720054,-5.577378874720054,True,SUCCESS,,5.228817462921143
448,PBFT,4.6,4.5,b68f807b5b9561ef,0,5111.111111111111,15.186004662004663,19.686004662004663,True,True,True,5111.111111111111,9.608625787284609,14.108625787284609,True,True,True,5111.111111111111,-5.577378874720054,-5.577378874720054,True,SUCCESS,,5.322334289550781
449,PBFT,4.6,5.0,f73db6df83ccef53,0,4600.0,15.186004662004663,20.186004662004663,True,True,True,4600.0,9.608625787284609,14.608625787284609,True,True,True,4600.0,-5.577378874720054,-5.577378874720054,True,SUCCESS,,5.209487199783325
450,PBFT,4.6,5.5,48af0550c9aa2a8b,0,4181.818181818182,15.186004662004663,20.686004662004663,True,True,True,4181.818181818182,9.608625787284609,15.108625787284609,True,True,True,4181.818181818182,-5.577378874720054,-5.577378874720054,True,SUCCESS,,5.3388965129852295
451,PBFT,4.6,6.0,f686dd5f79e355ad,0,3833.3333333333335,15.186004662004663,21.186004662004663,True,True,True,3833.3333333333335,9.608625787284609,15.608625787284609,True,True,True,3833.3333333333335,-5.577378874720054,-5.577378874720054,True,SUCCESS,,5.335560321807861
452,PBFT,4.6,6.5,ee5dc79e000ed380,0,3538.4615384615386,15.186004662004663,21.686004662004663,True,True,True,3538.4615384615386,9.608625787284609,16.10862578728461,True,True,True,3538.4615384615386,-5.577378874720054,-5.577378874720054,True,SUCCESS,,5.342311859130859
453,PBFT,4.6,7.0,275b9210512055ae,0,3285.714285714286,15.186004662004663,22.186004662004663,True,True,True,3285.714285714286,9.608625787284609,16.60862578728461,True,True,True,3285.714285714286,-5.577378874720054,-5.577378874720054,True,SUCCESS,,5.199628591537476
454,PBFT,4.6,7.5,e9c60870ee987307,0,3066.6666666666665,15.186004662004663,22.686004662004663,True,True,True,3066.6666666666665,9.608625787284609,17.10862578728461,True,True,True,3066.6666666666665,-5.577378874720054,-5.577378874720054,True,SUCCESS,,5.303983211517334
455,PBFT,4.6,8.0,48799ec2bfd87829,0,2875.0,15.186004662004663,23.186004662004663,True,True,True,2875.0,9.608625787284609,17.60862578728461,True,True,True,2875.0,-5.577378874720054,-5.577378874720054,True,SUCCESS,,5.425375461578369
456,PBFT,4.6,8.5,efa814e1a8f49f95,0,2705.8823529411766,15.186004662004663,23.686004662004663,True,True,True,2705.8823529411766,9.608625787284609,18.10862578728461,True,True,True,2705.8823529411766,-5.577378874720054,-5.577378874720054,True,SUCCESS,,5.274115085601807
457,PBFT,4.6,9.0,bc2ec9e35c64a3e1,0,2555.5555555555557,15.186004662004663,24.186004662004663,True,True,True,2555.5555555555557,9.608625787284609,18.60862578728461,True,True,True,2555.5555555555557,-5.577378874720054,-5.577378874720054,True,SUCCESS,,5.1920006275177
458,PBFT,4.6,9.5,f9bc47dbe61a8edd,0,2421.0526315789475,15.186004662004663,24.686004662004663,True,True,True,2421.0526315789475,9.608625787284609,19.10862578728461,True,True,True,2421.0526315789475,-5.577378874720054,-5.577378874720054,True,SUCCESS,,5.288862943649292
459,PBFT,4.6,10.0,a9bfb42d4a7f1934,0,2300.0,15.186004662004663,25.186004662004663,True,True,True,2300.0,9.608625787284609,19.60862578728461,True,True,True,2300.0,-5.577378874720054,-5.577378874720054,True,SUCCESS,,5.1969897747039795
460,PBFT,4.8,0.5,1e72c88afafdb5ad,0,48000.0,15.84614452214452,16.34614452214452,True,False,True,0.0,10.026197979797983,10.526197979797983,True,False,True,0.0,-5.819946542346537,-5.819946542346537,True,SUCCESS,,5.581579923629761
461,PBFT,4.8,1.0,7a30c4107a4f8ee3,0,24000.0,15.84614452214452,16.84614452214452,True,False,True,0.0,10.026197979797981,11.026197979797981,True,False,True,0.0,-5.819946542346539,-5.819946542346539,True,SUCCESS,,5.517414331436157
462,PBFT,4.8,1.5,f8cad0c99178cfeb,0,16000.0,15.84614452214452,17.34614452214452,True,False,True,0.0,10.026197979797981,11.526197979797981,True,False,True,0.0,-5.819946542346539,-5.819946542346539,True,SUCCESS,,5.517685890197754
463,PBFT,4.8,2.0,f8cd74b6361d1073,0,12000.0,15.84614452214452,17.84614452214452,True,False,True,0.0,10.026197979797981,12.026197979797981,True,False,True,0.0,-5.819946542346539,-5.819946542346539,True,SUCCESS,,5.587731122970581
464,PBFT,4.8,2.5,17d74f8e8ce9e5bf,0,9600.0,15.84614452214452,18.34614452214452,True,False,True,0.0,10.026197979797981,12.526197979797981,True,True,True,9600.0,-5.819946542346539,-5.819946542346539,False,SUCCESS,,5.404816150665283
465,PBFT,4.8,3.0,e2a1dc90ff4b0985,0,8000.0,15.84614452214452,18.84614452214452,True,False,True,0.0,10.02619797979798,13.02619797979798,True,True,True,8000.0,-5.819946542346541,-5.819946542346541,False,SUCCESS,,5.49082088470459
466,PBFT,4.8,3.5,4750f26b6b284cfa,0,6857.142857142857,15.84614452214452,19.34614452214452,True,True,True,6857.142857142857,10.026197979797981,13.526197979797981,True,True,True,6857.142857142857,-5.819946542346539,-5.819946542346539,True,SUCCESS,,5.798573017120361
467,PBFT,4.8,4.0,d17ed23dd38983ce,0,6000.0,15.84614452214452,19.84614452214452,True,True,True,6000.0,10.026197979797981,14.026197979797981,True,True,True,6000.0,-5.819946542346539,-5.819946542346539,True,SUCCESS,,5.483939170837402
468,PBFT,4.8,4.5,c22e6f858a1c62d3,0,5333.333333333333,15.84614452214452,20.34614452214452,True,True,True,5333.333333333333,10.026197979797981,14.526197979797981,True,True,True,5333.333333333333,-5.819946542346539,-5.819946542346539,True,SUCCESS,,5.527571439743042
469,PBFT,4.8,5.0,e51b4e0cd8774a77,0,4800.0,15.84614452214452,20.84614452214452,True,True,True,4800.0,10.026197979797981,15.026197979797981,True,True,True,4800.0,-5.819946542346539,-5.819946542346539,True,SUCCESS,,5.567851543426514
470,PBFT,4.8,5.5,ba4ba7cd4cd7d0fb,0,4363.636363636364,15.84614452214452,21.34614452214452,True,True,True,4363.636363636364,10.026197979797981,15.526197979797981,True,True,True,4363.636363636364,-5.819946542346539,-5.819946542346539,True,SUCCESS,,5.544398784637451
471,PBFT,4.8,6.0,4fd46cb82541174a,0,4000.0,15.84614452214452,21.84614452214452,True,True,True,4000.0,10.026197979797981,16.02619797979798,True,True,True,4000.0,-5.819946542346539,-5.819946542346539,True,SUCCESS,,5.524416208267212
472,PBFT,4.8,6.5,742ae8c623bf0ec6,0,3692.3076923076924,15.84614452214452,22.34614452214452,True,True,True,3692.3076923076924,10.026197979797981,16.52619797979798,True,True,True,3692.3076923076924,-5.819946542346539,-5.819946542346539,True,SUCCESS,,5.485687732696533
473,PBFT,4.8,7.0,b5c49e1770542296,0,3428.5714285714284,15.84614452214452,22.84614452214452,True,True,True,3428.5714285714284,10.026197979797981,17.02619797979798,True,True,True,3428.5714285714284,-5.819946542346539,-5.819946542346539,True,SUCCESS,,5.561405658721924
474,PBFT,4.8,7.5,fd15b30f235eb341,0,3200.0,15.84614452214452,23.34614452214452,True,True,True,3200.0,10.026197979797981,17.52619797979798,True,True,True,3200.0,-5.819946542346539,-5.819946542346539,True,SUCCESS,,5.639887094497681
475,PBFT,4.8,8.0,faf2d65682edd25c,0,3000.0,15.84614452214452,23.84614452214452,True,True,True,3000.0,10.026197979797981,18.02619797979798,True,True,True,3000.0,-5.819946542346539,-5.819946542346539,True,SUCCESS,,5.450490951538086
476,PBFT,4.8,8.5,5292d3b237dd9a2f,0,2823.529411764706,15.84614452214452,24.34614452214452,True,True,True,2823.529411764706,10.026197979797988,18.52619797979799,True,True,True,2823.529411764706,-5.819946542346532,-5.819946542346532,True,SUCCESS,,5.4623754024505615
477,PBFT,4.8,9.0,14c7727ca2094e36,0,2666.6666666666665,15.84614452214452,24.84614452214452,True,True,True,2666.6666666666665,10.026197979797988,19.02619797979799,True,True,True,2666.6666666666665,-5.819946542346532,-5.819946542346532,True,SUCCESS,,5.626501083374023
478,PBFT,4.8,9.5,f524ae90f20e4d3a,0,2526.315789473684,15.84614452214452,25.34614452214452,True,True,True,2526.315789473684,10.026197979797981,19.52619797979798,True,True,True,2526.315789473684,-5.819946542346539,-5.819946542346539,True,SUCCESS,,5.466050386428833
479,PBFT,4.8,10.0,afbf3f9edd9c7dca,0,2400.0,15.84614452214452,25.84614452214452,True,True,True,2400.0,10.026197979797981,20.02619797979798,True,True,True,2400.0,-5.819946542346539,-5.819946542346539,True,SUCCESS,,5.589248180389404
480,PBFT,5.0,0.5,8d1987f3227d7149,0,50000.0,16.50628438228438,17.00628438228438,True,False,True,0.0,10.443770172311352,10.943770172311352,True,False,True,0.0,-6.062514209973029,-6.062514209973029,True,SUCCESS,,5.9614691734313965
481,PBFT,5.0,1.0,5fdaa7301bcf0dc1,0,25000.0,16.50628438228438,17.50628438228438,True,False,True,0.0,10.443770172311352,11.443770172311352,True,False,True,0.0,-6.062514209973029,-6.062514209973029,True,SUCCESS,,5.8851683139801025
482,PBFT,5.0,1.5,251cb0c17a693220,0,16666.666666666668,16.50628438228438,18.00628438228438,True,False,True,0.0,10.443770172311348,11.943770172311348,True,False,True,0.0,-6.062514209973033,-6.062514209973033,True,SUCCESS,,5.955979347229004
483,PBFT,5.0,2.0,533bb540b66cc442,0,12500.0,16.50628438228438,18.50628438228438,True,False,True,0.0,10.443770172311348,12.443770172311348,True,False,True,0.0,-6.062514209973033,-6.062514209973033,True,SUCCESS,,5.915687799453735
484,PBFT,5.0,2.5,2d445f0091e0e742,0,10000.0,16.50628438228438,19.00628438228438,True,False,True,0.0,10.44377017231135,12.94377017231135,True,True,True,10000.0,-6.062514209973031,-6.062514209973031,False,SUCCESS,,5.938408374786377
485,PBFT,5.0,3.0,5abe6f0a44a09f79,0,8333.333333333334,16.50628438228438,19.50628438228438,True,False,True,0.0,10.44377017231135,13.44377017231135,True,True,True,8333.333333333334,-6.062514209973031,-6.062514209973031,False,SUCCESS,,6.197961330413818
486,PBFT,5.0,3.5,feaef1066d5b7f75,0,7142.857142857143,16.50628438228438,20.00628438228438,True,True,True,7142.857142857143,10.44377017231135,13.94377017231135,True,True,True,7142.857142857143,-6.062514209973031,-6.062514209973031,True,SUCCESS,,6.000730991363525
487,PBFT,5.0,4.0,dcfbc9d6eb605ce5,0,6250.0,16.50628438228438,20.50628438228438,True,True,True,6250.0,10.44377017231135,14.44377017231135,True,True,True,6250.0,-6.062514209973031,-6.062514209973031,True,SUCCESS,,6.0937182903289795
488,PBFT,5.0,4.5,d16266cec168f555,0,5555.555555555556,16.50628438228438,21.00628438228438,True,True,True,5555.555555555556,10.44377017231135,14.94377017231135,True,True,True,5555.555555555556,-6.062514209973031,-6.062514209973031,True,SUCCESS,,5.976048707962036
489,PBFT,5.0,5.0,27b1bc07c704567d,0,5000.0,16.50628438228438,21.50628438228438,True,True,True,5000.0,10.44377017231135,15.44377017231135,True,True,True,5000.0,-6.062514209973031,-6.062514209973031,True,SUCCESS,,6.029527187347412
490,PBFT,5.0,5.5,be31eb522e477ba1,0,4545.454545454545,16.50628438228438,22.00628438228438,True,True,True,4545.454545454545,10.44377017231135,15.94377017231135,True,True,True,4545.454545454545,-6.062514209973031,-6.062514209973031,True,SUCCESS,,5.97103476524353
491,PBFT,5.0,6.0,53d93a35f2806c81,0,4166.666666666667,16.50628438228438,22.50628438228438,True,True,True,4166.666666666667,10.443770172311346,16.443770172311346,True,True,True,4166.666666666667,-6.062514209973035,-6.062514209973035,True,SUCCESS,,6.094198942184448
492,PBFT,5.0,6.5,f1a4b2a121cd0186,0,3846.153846153846,16.50628438228438,23.00628438228438,True,True,True,3846.153846153846,10.443770172311346,16.943770172311346,True,True,True,3846.153846153846,-6.062514209973035,-6.062514209973035,True,SUCCESS,,6.004486322402954
493,PBFT,5.0,7.0,ce98a1251d403624,0,3571.4285714285716,16.50628438228438,23.50628438228438,True,True,True,3571.4285714285716,10.443770172311353,17.443770172311353,True,True,True,3571.4285714285716,-6.062514209973028,-6.062514209973028,True,SUCCESS,,6.201346158981323
494,PBFT,5.0,7.5,3ddb40aeb635eaf6,0,3333.3333333333335,16.50628438228438,24.00628438228438,True,True,True,3333.3333333333335,10.443770172311346,17.943770172311346,True,True,True,3333.3333333333335,-6.062514209973035,-6.062514209973035,True,SUCCESS,,5.995901346206665
495,PBFT,5.0,8.0,64ffa1bcfac60ba6,0,3125.0,16.50628438228438,24.50628438228438,True,True,True,3125.0,10.44377017231135,18.44377017231135,True,True,True,3125.0,-6.062514209973031,-6.062514209973031,True,SUCCESS,,5.98150634765625
496,PBFT,5.0,8.5,f37bf48a93d82330,0,2941.176470588235,16.50628438228438,25.00628438228438,True,True,True,2941.176470588235,10.44377017231135,18.94377017231135,True,True,True,2941.176470588235,-6.062514209973031,-6.062514209973031,True,SUCCESS,,5.933402061462402
497,PBFT,5.0,9.0,16feba2a1d483ad5,0,2777.777777777778,16.50628438228438,25.50628438228438,True,True,True,2777.777777777778,10.443770172311353,19.443770172311353,True,True,True,2777.777777777778,-6.062514209973028,-6.062514209973028,True,SUCCESS,,5.97538685798645
498,PBFT,5.0,9.5,21bce3559b0f02aa,0,2631.5789473684213,16.50628438228438,26.00628438228438,True,True,True,2631.5789473684213,10.443770172311346,19.943770172311346,True,True,True,2631.5789473684213,-6.062514209973035,-6.062514209973035,True,SUCCESS,,6.003803730010986
499,PBFT,5.0,10.0,4286bcfccff94b72,0,2500.0,16.50628438228438,26.50628438228438,True,True,True,2500.0,10.443770172311346,20.443770172311346,True,True,True,2500.0,-6.062514209973035,-6.062514209973035,True,SUCCESS,,6.159777879714966
500,PBFT,5.2,0.5,bb037c44c2c9ae60,0,52000.0,17.16642424242424,17.66642424242424,True,False,True,0.0,10.861342364824722,11.361342364824722,True,False,True,0.0,-6.30508187759952,-6.30508187759952,True,SUCCESS,,6.247546434402466
501,PBFT,5.2,1.0,d119ddefbf679e66,0,26000.0,17.16642424242424,18.16642424242424,True,False,True,0.0,10.861342364824722,11.861342364824722,True,False,True,0.0,-6.30508187759952,-6.30508187759952,True,SUCCESS,,6.211498498916626
502,PBFT,5.2,1.5,5a08519760c23bdf,0,17333.333333333332,17.16642424242424,18.66642424242424,True,False,True,0.0,10.861342364824722,12.361342364824722,True,False,True,0.0,-6.30508187759952,-6.30508187759952,True,SUCCESS,,6.144622802734375
503,PBFT,5.2,2.0,f0039e255415b90f,0,13000.0,17.16642424242424,19.16642424242424,True,False,True,0.0,10.861342364824722,12.861342364824722,True,False,True,0.0,-6.30508187759952,-6.30508187759952,True,SUCCESS,,6.2012834548950195
504,PBFT,5.2,2.5,a358296206f9c044,0,10400.0,17.16642424242424,19.66642424242424,True,False,True,0.0,10.861342364824722,13.361342364824722,True,True,True,10400.0,-6.30508187759952,-6.30508187759952,False,SUCCESS,,6.155211448669434
505,PBFT,5.2,3.0,d1e42bfc8a7509a7,0,8666.666666666666,17.16642424242424,20.16642424242424,True,False,True,0.0,10.861342364824722,13.861342364824722,True,True,True,8666.666666666666,-6.30508187759952,-6.30508187759952,False,SUCCESS,,6.104771137237549
506,PBFT,5.2,3.5,7abb4d2c7733fb6c,0,7428.571428571428,17.16642424242424,20.66642424242424,True,True,True,7428.571428571428,10.861342364824722,14.361342364824722,True,True,True,7428.571428571428,-6.30508187759952,-6.30508187759952,True,SUCCESS,,6.23697566986084
507,PBFT,5.2,4.0,51f66a580743727f,0,6500.0,17.16642424242424,21.16642424242424,True,True,True,6500.0,10.861342364824722,14.861342364824722,True,True,True,6500.0,-6.30508187759952,-6.30508187759952,True,SUCCESS,,6.157416820526123
508,PBFT,5.2,4.5,a4bca21f47e0b7d0,0,5777.777777777777,17.16642424242424,21.66642424242424,True,True,True,5777.777777777777,10.861342364824722,15.361342364824722,True,True,True,5777.777777777777,-6.30508187759952,-6.30508187759952,True,SUCCESS,,6.184832334518433
509,PBFT,5.2,5.0,f8bb54fcfd10e3da,0,5200.0,17.16642424242424,22.16642424242424,True,True,True,5200.0,10.861342364824722,15.861342364824722,True,True,True,5200.0,-6.30508187759952,-6.30508187759952,True,SUCCESS,,6.420993328094482
510,PBFT,5.2,5.5,13c9cf242070e600,0,4727.272727272727,17.16642424242424,22.66642424242424,True,True,True,4727.272727272727,10.861342364824718,16.36134236482472,True,True,True,4727.272727272727,-6.305081877599523,-6.305081877599523,True,SUCCESS,,6.142353057861328
511,PBFT,5.2,6.0,68177830be5db60a,0,4333.333333333333,17.16642424242424,23.16642424242424,True,True,True,4333.333333333333,10.861342364824718,16.86134236482472,True,True,True,4333.333333333333,-6.305081877599523,-6.305081877599523,True,SUCCESS,,6.0646796226501465
512,PBFT,5.2,6.5,6e9642b06bd5f708,0,4000.0,17.16642424242424,23.66642424242424,True,True,True,4000.0,10.861342364824718,17.36134236482472,True,True,True,4000.0,-6.305081877599523,-6.305081877599523,True,SUCCESS,,6.297126770019531
513,PBFT,5.2,7.0,1c53894a7b0f7f73,0,3714.285714285714,17.16642424242424,24.16642424242424,True,True,True,3714.285714285714,10.861342364824718,17.86134236482472,True,True,True,3714.285714285714,-6.305081877599523,-6.305081877599523,True,SUCCESS,,6.687758684158325
514,PBFT,5.2,7.5,de2f2db87d46315c,0,3466.6666666666665,17.16642424242424,24.66642424242424,True,True,True,3466.6666666666665,10.861342364824718,18.36134236482472,True,True,True,3466.6666666666665,-6.305081877599523,-6.305081877599523,True,SUCCESS,,6.560580253601074
515,PBFT,5.2,8.0,bf1c654b728a63de,0,3250.0,17.16642424242424,25.16642424242424,True,True,True,3250.0,10.861342364824718,18.86134236482472,True,True,True,3250.0,-6.305081877599523,-6.305081877599523,True,SUCCESS,,6.65076756477356
516,PBFT,5.2,8.5,587f6705185a46a4,0,3058.823529411765,17.16642424242424,25.66642424242424,True,True,True,3058.823529411765,10.861342364824718,19.36134236482472,True,True,True,3058.823529411765,-6.305081877599523,-6.305081877599523,True,SUCCESS,,6.348596572875977
517,PBFT,5.2,9.0,fc60e9cf1c7df1d4,0,2888.8888888888887,17.16642424242424,26.16642424242424,True,True,True,2888.8888888888887,10.861342364824715,19.861342364824715,True,True,True,2888.8888888888887,-6.305081877599527,-6.305081877599527,True,SUCCESS,,6.234818458557129
518,PBFT,5.2,9.5,e70cd7b5c9f25589,0,2736.842105263158,17.16642424242424,26.66642424242424,True,True,True,2736.842105263158,10.861342364824715,20.361342364824715,True,True,True,2736.842105263158,-6.305081877599527,-6.305081877599527,True,SUCCESS,,6.302401781082153
519,PBFT,5.2,10.0,127070626b0129fb,0,2600.0,17.16642424242424,27.16642424242424,True,True,True,2600.0,10.861342364824715,20.861342364824715,True,True,True,2600.0,-6.305081877599527,-6.305081877599527,True,SUCCESS,,6.066364765167236
520,PBFT,5.4,0.5,e2f4eb7fd4618a01,0,54000.0,17.826564102564102,18.326564102564102,True,False,True,0.0,11.278914557338092,11.778914557338092,True,False,True,0.0,-6.54764954522601,-6.54764954522601,True,SUCCESS,,6.590690612792969
521,PBFT,5.4,1.0,c6deececd0c3517e,0,27000.0,17.826564102564102,18.826564102564102,True,False,True,0.0,11.278914557338092,12.278914557338092,True,False,True,0.0,-6.54764954522601,-6.54764954522601,True,SUCCESS,,6.460396766662598
522,PBFT,5.4,1.5,185b884e158fb2f4,0,18000.0,17.826564102564102,19.326564102564102,True,False,True,0.0,11.278914557338092,12.778914557338092,True,False,True,0.0,-6.54764954522601,-6.54764954522601,True,SUCCESS,,6.71988320350647
523,PBFT,5.4,2.0,b3edb2bd436ed5c3,0,13500.0,17.826564102564102,19.826564102564102,True,False,True,0.0,11.278914557338092,13.278914557338092,True,False,True,0.0,-6.54764954522601,-6.54764954522601,True,SUCCESS,,6.442263841629028
524,PBFT,5.4,2.5,133c4b014155ddaa,0,10800.0,17.826564102564102,20.326564102564102,True,False,True,0.0,11.278914557338092,13.778914557338092,True,True,True,10800.0,-6.54764954522601,-6.54764954522601,False,SUCCESS,,6.4535887241363525
525,PBFT,5.4,3.0,60ebfe1eaba51bd8,0,9000.0,17.826564102564102,20.826564102564102,True,False,True,0.0,11.278914557338094,14.278914557338094,True,True,True,9000.0,-6.547649545226008,-6.547649545226008,False,SUCCESS,,6.478605508804321
526,PBFT,5.4,3.5,87bb07796414b95f,0,7714.285714285715,17.826564102564102,21.326564102564102,True,False,True,0.0,11.278914557338094,14.778914557338094,True,True,True,7714.285714285715,-6.547649545226008,-6.547649545226008,False,SUCCESS,,6.519734144210815
527,PBFT,5.4,4.0,f12cbe8501c929f5,0,6750.0,17.826564102564102,21.826564102564102,True,True,True,6750.0,11.278914557338094,15.278914557338094,True,True,True,6750.0,-6.547649545226008,-6.547649545226008,True,SUCCESS,,6.561965465545654
528,PBFT,5.4,4.5,d8c4d8e458b0cac9,0,6000.0,17.826564102564102,22.326564102564102,True,True,True,6000.0,11.278914557338094,15.778914557338094,True,True,True,6000.0,-6.547649545226008,-6.547649545226008,True,SUCCESS,,6.533871650695801
529,PBFT,5.4,5.0,0763054a545ec1b7,0,5400.0,17.826564102564102,22.826564102564102,True,True,True,5400.0,11.27891455733809,16.27891455733809,True,True,True,5400.0,-6.547649545226012,-6.547649545226012,True,SUCCESS,,6.489366292953491
530,PBFT,5.4,5.5,cb1e5f27018e9e42,0,4909.090909090909,17.826564102564102,23.326564102564102,True,True,True,4909.090909090909,11.278914557338087,16.778914557338087,True,True,True,4909.090909090909,-6.547649545226015,-6.547649545226015,True,SUCCESS,,6.590965032577515
531,PBFT,5.4,6.0,377505fa688c979d,0,4500.0,17.826564102564102,23.826564102564102,True,True,True,4500.0,11.278914557338087,17.278914557338087,True,True,True,4500.0,-6.547649545226015,-6.547649545226015,True,SUCCESS,,6.528218507766724
532,PBFT,5.4,6.5,46f2249e7a941fc0,0,4153.846153846154,17.826564102564102,24.326564102564102,True,True,True,4153.846153846154,11.278914557338087,17.778914557338087,True,True,True,4153.846153846154,-6.547649545226015,-6.547649545226015,True,SUCCESS,,6.511644124984741
533,PBFT,5.4,7.0,dad3cb5c940c4f53,0,3857.1428571428573,17.826564102564102,24.826564102564102,True,True,True,3857.1428571428573,11.278914557338087,18.278914557338087,True,True,True,3857.1428571428573,-6.547649545226015,-6.547649545226015,True,SUCCESS,,6.598272323608398
534,PBFT,5.4,7.5,1f2ccdae14a6d015,0,3600.0,17.826564102564102,25.326564102564102,True,True,True,3600.0,11.278914557338087,18.778914557338087,True,True,True,3600.0,-6.547649545226015,-6.547649545226015,True,SUCCESS,,6.427752494812012
535,PBFT,5.4,8.0,ffb484766c60df5b,0,3375.0,17.826564102564102,25.826564102564102,True,True,True,3375.0,11.278914557338087,19.278914557338087,True,True,True,3375.0,-6.547649545226015,-6.547649545226015,True,SUCCESS,,6.427407264709473
536,PBFT,5.4,8.5,35e569ea768ac9b2,0,3176.470588235294,17.826564102564102,26.326564102564102,True,True,True,3176.470588235294,11.27891455733809,19.77891455733809,True,True,True,3176.470588235294,-6.547649545226012,-6.547649545226012,True,SUCCESS,,6.843652009963989
537,PBFT,5.4,9.0,bb84ec0544069294,0,3000.0,17.826564102564102,26.826564102564102,True,True,True,3000.0,11.27891455733809,20.27891455733809,True,True,True,3000.0,-6.547649545226012,-6.547649545226012,True,SUCCESS,,6.523819208145142
538,PBFT,5.4,9.5,0a9345eca0931af9,0,2842.1052631578946,17.826564102564102,27.326564102564102,True,True,True,2842.1052631578946,11.27891455733809,20.77891455733809,True,True,True,2842.1052631578946,-6.547649545226012,-6.547649545226012,True,SUCCESS,,6.538759708404541
539,PBFT,5.4,10.0,2f59dcbc4887db60,0,2700.0,17.826564102564102,27.826564102564102,True,True,True,2700.0,11.27891455733809,21.27891455733809,True,True,True,2700.0,-6.547649545226012,-6.547649545226012,True,SUCCESS,,6.509922981262207
540,PBFT,5.6,0.5,ecaa1cd3b07d9cd3,0,56000.0,18.48670396270396,18.98670396270396,True,False,True,0.0,11.696486749851454,12.196486749851454,True,False,True,0.0,-6.790217212852506,-6.790217212852506,True,SUCCESS,,6.738508224487305
541,PBFT,5.6,1.0,8a9c380b2a5323dc,0,28000.0,18.48670396270396,19.48670396270396,True,False,True,0.0,11.696486749851454,12.696486749851454,True,False,True,0.0,-6.790217212852506,-6.790217212852506,True,SUCCESS,,6.920207262039185
542,PBFT,5.6,1.5,dbb33e96dca8642f,0,18666.666666666668,18.48670396270396,19.98670396270396,True,False,True,0.0,11.696486749851454,13.196486749851454,True,False,True,0.0,-6.790217212852506,-6.790217212852506,True,SUCCESS,,6.861837863922119
543,PBFT,5.6,2.0,aec1d76ec219d8c2,0,14000.0,18.48670396270396,20.48670396270396,True,False,True,0.0,11.696486749851454,13.696486749851454,True,False,True,0.0,-6.790217212852506,-6.790217212852506,True,SUCCESS,,6.721874713897705
544,PBFT,5.6,2.5,f00499df86236a6f,0,11200.0,18.48670396270396,20.98670396270396,True,False,True,0.0,11.696486749851452,14.196486749851452,True,True,True,11200.0,-6.790217212852507,-6.790217212852507,False,SUCCESS,,7.136662006378174
545,PBFT,5.6,3.0,88c5f10d0c4c4852,0,9333.333333333334,18.48670396270396,21.48670396270396,True,False,True,0.0,11.696486749851452,14.696486749851452,True,True,True,9333.333333333334,-6.790217212852507,-6.790217212852507,False,SUCCESS,,6.880680322647095
546,PBFT,5.6,3.5,f6a05e19d53e0da0,0,8000.0,18.48670396270396,21.98670396270396,True,False,True,0.0,11.696486749851452,15.196486749851452,True,True,True,8000.0,-6.790217212852507,-6.790217212852507,False,SUCCESS,,6.693411111831665
547,PBFT,5.6,4.0,d1acc01b82bb0072,0,7000.0,18.48670396270396,22.48670396270396,True,True,True,7000.0,11.696486749851452,15.696486749851452,True,True,True,7000.0,-6.790217212852507,-6.790217212852507,True,SUCCESS,,6.252233982086182
548,PBFT,5.6,4.5,ab64c3f9ec6962e2,0,6222.222222222223,18.48670396270396,22.98670396270396,True,True,True,6222.222222222223,11.696486749851452,16.196486749851452,True,True,True,6222.222222222223,-6.790217212852507,-6.790217212852507,True,SUCCESS,,5.9751296043396
549,PBFT,5.6,5.0,975d0a1066331637,0,5600.0,18.48670396270396,23.48670396270396,True,True,True,5600.0,11.696486749851456,16.696486749851456,True,True,True,5600.0,-6.790217212852504,-6.790217212852504,True,SUCCESS,,6.7918946743011475
550,PBFT,5.6,5.5,1508d581643019e3,0,5090.909090909091,18.48670396270396,23.98670396270396,True,True,True,5090.909090909091,11.696486749851456,17.196486749851456,True,True,True,5090.909090909091,-6.790217212852504,-6.790217212852504,True,SUCCESS,,7.038383483886719
551,PBFT,5.6,6.0,901800de9677781b,0,4666.666666666667,18.48670396270396,24.48670396270396,True,True,True,4666.666666666667,11.696486749851456,17.696486749851456,True,True,True,4666.666666666667,-6.790217212852504,-6.790217212852504,True,SUCCESS,,7.15776801109314
552,PBFT,5.6,6.5,d7fc539e224b61e7,0,4307.692307692308,18.48670396270396,24.98670396270396,True,True,True,4307.692307692308,11.696486749851456,18.196486749851456,True,True,True,4307.692307692308,-6.790217212852504,-6.790217212852504,True,SUCCESS,,6.864108085632324
553,PBFT,5.6,7.0,6ada191e00cf26ca,0,4000.0,18.48670396270396,25.48670396270396,True,True,True,4000.0,11.696486749851456,18.696486749851456,True,True,True,4000.0,-6.790217212852504,-6.790217212852504,True,SUCCESS,,7.070821046829224
554,PBFT,5.6,7.5,d1d56a8da04b51ec,0,3733.3333333333335,18.48670396270396,25.98670396270396,True,True,True,3733.3333333333335,11.696486749851456,19.196486749851456,True,True,True,3733.3333333333335,-6.790217212852504,-6.790217212852504,True,SUCCESS,,6.784015655517578
555,PBFT,5.6,8.0,4b44215f249faacf,0,3500.0,18.48670396270396,26.48670396270396,True,True,True,3500.0,11.696486749851452,19.696486749851452,True,True,True,3500.0,-6.790217212852507,-6.790217212852507,True,SUCCESS,,5.974605083465576
556,PBFT,5.6,8.5,a12a62e39097ff5e,0,3294.1176470588234,18.48670396270396,26.98670396270396,True,True,True,3294.1176470588234,11.696486749851452,20.196486749851452,True,True,True,3294.1176470588234,-6.790217212852507,-6.790217212852507,True,SUCCESS,,6.688639402389526
557,PBFT,5.6,9.0,ed278d0a32640bba,0,3111.1111111111113,18.48670396270396,27.48670396270396,True,True,True,3111.1111111111113,11.696486749851452,20.696486749851452,True,True,True,3111.1111111111113,-6.790217212852507,-6.790217212852507,True,SUCCESS,,6.605655670166016
558,PBFT,5.6,9.5,0e6ae87978d2b791,0,2947.3684210526317,18.48670396270396,27.98670396270396,True,True,True,2947.3684210526317,11.696486749851452,21.196486749851452,True,True,True,2947.3684210526317,-6.790217212852507,-6.790217212852507,True,SUCCESS,,6.257035255432129
559,PBFT,5.6,10.0,cfa1d5ca87725ecd,0,2800.0,18.48670396270396,28.48670396270396,True,True,True,2800.0,11.696486749851456,21.696486749851456,True,True,True,2800.0,-6.790217212852504,-6.790217212852504,True,SUCCESS,,6.017593145370483
560,PBFT,5.8,0.5,8d0d2f85506aa763,0,58000.0,19.14684382284382,19.64684382284382,True,False,True,0.0,12.114058942364823,12.614058942364823,True,False,True,0.0,-7.032784880478998,-7.032784880478998,True,SUCCESS,,6.492124795913696
561,PBFT,5.8,1.0,a96f8af28a7b0a75,0,29000.0,19.14684382284382,20.14684382284382,True,False,True,0.0,12.114058942364823,13.114058942364823,True,False,True,0.0,-7.032784880478998,-7.032784880478998,True,SUCCESS,,7.408397197723389
562,PBFT,5.8,1.5,b6ef1b03c89983be,0,19333.333333333332,19.14684382284382,20.64684382284382,True,False,True,0.0,12.11405894236482,13.61405894236482,True,False,True,0.0,-7.032784880478999,-7.032784880478999,True,SUCCESS,,7.3575568199157715
563,PBFT,5.8,2.0,0339e37e6ed5bc1e,0,14500.0,19.14684382284382,21.14684382284382,True,False,True,0.0,12.11405894236482,14.11405894236482,True,False,True,0.0,-7.032784880478999,-7.032784880478999,True,SUCCESS,,6.944139003753662
564,PBFT,5.8,2.5,faae82eae16c36de,0,11600.0,19.14684382284382,21.64684382284382,True,False,True,0.0,12.11405894236482,14.61405894236482,True,True,True,11600.0,-7.032784880478999,-7.032784880478999,False,SUCCESS,,7.054648399353027
565,PBFT,5.8,3.0,a0a28dceb81d4d53,0,9666.666666666666,19.14684382284382,22.14684382284382,True,False,True,0.0,12.11405894236482,15.11405894236482,True,True,True,9666.666666666666,-7.032784880478999,-7.032784880478999,False,SUCCESS,,6.975784778594971
566,PBFT,5.8,3.5,3e0b06aa02d6711f,0,8285.714285714286,19.14684382284382,22.64684382284382,True,False,True,0.0,12.11405894236482,15.61405894236482,True,True,True,8285.714285714286,-7.032784880478999,-7.032784880478999,False,SUCCESS,,7.014111518859863
567,PBFT,5.8,4.0,b10a8e0707655b18,0,7250.0,19.14684382284382,23.14684382284382,True,True,True,7250.0,12.11405894236482,16.11405894236482,True,True,True,7250.0,-7.032784880478999,-7.032784880478999,True,SUCCESS,,7.028113842010498
568,PBFT,5.8,4.5,1cb1df42b759c8a6,0,6444.444444444444,19.14684382284382,23.64684382284382,True,True,True,6444.444444444444,12.11405894236482,16.61405894236482,True,True,True,6444.444444444444,-7.032784880478999,-7.032784880478999,True,SUCCESS,,6.905611753463745
569,PBFT,5.8,5.0,afde8d4079a74498,0,5800.0,19.14684382284382,24.14684382284382,True,True,True,5800.0,12.114058942364828,17.114058942364828,True,True,True,5800.0,-7.032784880478992,-7.032784880478992,True,SUCCESS,,6.793018817901611
570,PBFT,5.8,5.5,ea53d1fd1ef3e84e,0,5272.727272727273,19.14684382284382,24.64684382284382,True,True,True,5272.727272727273,12.114058942364828,17.614058942364828,True,True,True,5272.727272727273,-7.032784880478992,-7.032784880478992,True,SUCCESS,,6.978698968887329
571,PBFT,5.8,6.0,bb1d4c5bd0f27324,0,4833.333333333333,19.14684382284382,25.14684382284382,True,True,True,4833.333333333333,12.114058942364828,18.114058942364828,True,True,True,4833.333333333333,-7.032784880478992,-7.032784880478992,True,SUCCESS,,6.813494443893433
572,PBFT,5.8,6.5,ddea8586b04185aa,0,4461.538461538462,19.14684382284382,25.64684382284382,True,True,True,4461.538461538462,12.114058942364828,18.614058942364828,True,True,True,4461.538461538462,-7.032784880478992,-7.032784880478992,True,SUCCESS,,6.7834978103637695
573,PBFT,5.8,7.0,d843270f33f38b01,0,4142.857142857143,19.14684382284382,26.14684382284382,True,True,True,4142.857142857143,12.114058942364828,19.114058942364828,True,True,True,4142.857142857143,-7.032784880478992,-7.032784880478992,True,SUCCESS,,6.978955507278442
574,PBFT,5.8,7.5,e7d7016e54fe0786,0,3866.6666666666665,19.14684382284382,26.64684382284382,True,True,True,3866.6666666666665,12.114058942364828,19.614058942364828,True,True,True,3866.6666666666665,-7.032784880478992,-7.032784880478992,True,SUCCESS,,6.925519227981567
575,PBFT,5.8,8.0,62d579a93a0ccfcf,0,3625.0,19.14684382284382,27.14684382284382,True,True,True,3625.0,12.114058942364828,20.114058942364828,True,True,True,3625.0,-7.032784880478992,-7.032784880478992,True,SUCCESS,,6.885892868041992
576,PBFT,5.8,8.5,779814cb89b3f2d5,0,3411.764705882353,19.14684382284382,27.64684382284382,True,True,True,3411.764705882353,12.114058942364828,20.614058942364828,True,True,True,3411.764705882353,-7.032784880478992,-7.032784880478992,True,SUCCESS,,7.153733491897583
577,PBFT,5.8,9.0,c82cdcf82c4e907c,0,3222.222222222222,19.14684382284382,28.14684382284382,True,True,True,3222.222222222222,12.114058942364828,21.114058942364828,True,True,True,3222.222222222222,-7.032784880478992,-7.032784880478992,True,SUCCESS,,7.088180303573608
578,PBFT,5.8,9.5,04792b8b2a475bf4,0,3052.6315789473683,19.14684382284382,28.64684382284382,True,True,True,3052.6315789473683,12.114058942364824,21.614058942364824,True,True,True,3052.6315789473683,-7.032784880478996,-7.032784880478996,True,SUCCESS,,7.324754238128662
579,PBFT,5.8,10.0,e8ad9c8c6cfcefd8,0,2900.0,19.14684382284382,29.14684382284382,True,True,True,2900.0,12.114058942364824,22.114058942364824,True,True,True,2900.0,-7.032784880478996,-7.032784880478996,True,SUCCESS,,6.992637872695923
580,PBFT,6.0,0.5,86c6a9bf0ae80ab1,0,60000.0,19.80698368298368,20.30698368298368,True,False,True,0.0,12.531631134878191,13.031631134878191,True,False,True,0.0,-7.27535254810549,-7.27535254810549,True,SUCCESS,,7.291645050048828
581,PBFT,6.0,1.0,74b84e2addf23df5,0,30000.0,19.80698368298368,20.80698368298368,True,False,True,0.0,12.531631134878191,13.531631134878191,True,False,True,0.0,-7.27535254810549,-7.27535254810549,True,SUCCESS,,7.467628002166748
582,PBFT,6.0,1.5,7f3a4b1231d627c6,0,20000.0,19.80698368298368,21.30698368298368,True,False,True,0.0,12.531631134878197,14.031631134878197,True,False,True,0.0,-7.275352548105484,-7.275352548105484,True,SUCCESS,,7.693685054779053
583,PBFT,6.0,2.0,6b3ff51ea0bf292c,0,15000.0,19.80698368298368,21.80698368298368,True,False,True,0.0,12.531631134878197,14.531631134878197,True,False,True,0.0,-7.275352548105484,-7.275352548105484,True,SUCCESS,,7.619565010070801
584,PBFT,6.0,2.5,1ee9f3a70d6c6ef9,0,12000.0,19.80698368298368,22.30698368298368,True,False,True,0.0,12.531631134878197,15.031631134878197,True,False,True,0.0,-7.275352548105484,-7.275352548105484,True,SUCCESS,,7.278623342514038
585,PBFT,6.0,3.0,46ea6037a65093fa,0,10000.0,19.80698368298368,22.80698368298368,True,False,True,0.0,12.531631134878197,15.531631134878197,True,True,True,10000.0,-7.275352548105484,-7.275352548105484,False,SUCCESS,,7.213765621185303
586,PBFT,6.0,3.5,805ad6a8b55eec40,0,8571.42857142857,19.80698368298368,23.30698368298368,True,False,True,0.0,12.531631134878197,16.031631134878197,True,True,True,8571.42857142857,-7.275352548105484,-7.275352548105484,False,SUCCESS,,7.313625812530518
587,PBFT,6.0,4.0,b3b3cc265adc5d24,0,7500.0,19.80698368298368,23.80698368298368,True,True,True,7500.0,12.531631134878197,16.531631134878197,True,True,True,7500.0,-7.275352548105484,-7.275352548105484,True,SUCCESS,,7.342249870300293
588,PBFT,6.0,4.5,a48f9cd331b4a3f4,0,6666.666666666667,19.80698368298368,24.30698368298368,True,True,True,6666.666666666667,12.531631134878197,17.031631134878197,True,True,True,6666.666666666667,-7.275352548105484,-7.275352548105484,True,SUCCESS,,7.212260484695435
589,PBFT,6.0,5.0,80f4a9553e31c587,0,6000.0,19.80698368298368,24.80698368298368,True,True,True,6000.0,12.531631134878197,17.531631134878197,True,True,True,6000.0,-7.275352548105484,-7.275352548105484,True,SUCCESS,,7.262982130050659
590,PBFT,6.0,5.5,00f4b225d75ac1b0,0,5454.545454545455,19.80698368298368,25.30698368298368,True,True,True,5454.545454545455,12.531631134878197,18.031631134878197,True,True,True,5454.545454545455,-7.275352548105484,-7.275352548105484,True,SUCCESS,,7.3144450187683105
591,PBFT,6.0,6.0,5b53b7bc20951b2c,0,5000.0,19.80698368298368,25.80698368298368,True,True,True,5000.0,12.531631134878193,18.531631134878193,True,True,True,5000.0,-7.275352548105488,-7.275352548105488,True,SUCCESS,,7.296539545059204
592,PBFT,6.0,6.5,25a0632c3e6fff83,0,4615.384615384615,19.80698368298368,26.30698368298368,True,True,True,4615.384615384615,12.531631134878193,19.031631134878193,True,True,True,4615.384615384615,-7.275352548105488,-7.275352548105488,True,SUCCESS,,7.184796333312988
593,PBFT,6.0,7.0,53eb44babfdb0df4,0,4285.714285714285,19.80698368298368,26.80698368298368,True,True,True,4285.714285714285,12.531631134878193,19.531631134878193,True,True,True,4285.714285714285,-7.275352548105488,-7.275352548105488,True,SUCCESS,,7.340445280075073
594,PBFT,6.0,7.5,d74ace26218862a3,0,4000.0,19.80698368298368,27.30698368298368,True,True,True,4000.0,12.531631134878193,20.031631134878193,True,True,True,4000.0,-7.275352548105488,-7.275352548105488,True,SUCCESS,,7.325380802154541
595,PBFT,6.0,8.0,43d52bd1ee63d315,0,3750.0,19.80698368298368,27.80698368298368,True,True,True,3750.0,12.531631134878193,20.531631134878193,True,True,True,3750.0,-7.275352548105488,-7.275352548105488,True,SUCCESS,,7.28050684928894
596,PBFT,6.0,8.5,61d5fbce681e8c6a,0,3529.4117647058824,19.80698368298368,28.30698368298368,True,True,True,3529.4117647058824,12.531631134878193,21.031631134878193,True,True,True,3529.4117647058824,-7.275352548105488,-7.275352548105488,True,SUCCESS,,7.323148012161255
597,PBFT,6.0,9.0,bfd75e8a6e8e8eed,0,3333.3333333333335,19.80698368298368,28.80698368298368,True,True,True,3333.3333333333335,12.531631134878193,21.531631134878193,True,True,True,3333.3333333333335,-7.275352548105488,-7.275352548105488,True,SUCCESS,,7.59467077255249
598,PBFT,6.0,9.5,4fb1ce92dcd2623a,0,3157.8947368421054,19.80698368298368,29.30698368298368,True,True,True,3157.8947368421054,12.531631134878193,22.031631134878193,True,True,True,3157.8947368421054,-7.275352548105488,-7.275352548105488,True,SUCCESS,,7.338496446609497
599,PBFT,6.0,10.0,2f089b95d36afe7b,0,3000.0,19.80698368298368,29.80698368298368,True,True,True,3000.0,12.53163113487819,22.53163113487819,True,True,True,3000.0,-7.2753525481054915,-7.2753525481054915,True,SUCCESS,,7.562657356262207
600,PBFT,6.2,0.5,a5629b413a6f6660,0,62000.0,20.467123543123545,20.967123543123545,True,False,True,0.0,12.94920332739156,13.44920332739156,True,False,True,0.0,-7.517920215731985,-7.517920215731985,True,SUCCESS,,7.963608264923096
601,PBFT,6.2,1.0,297aa8aad3a2d674,0,31000.0,20.467123543123545,21.467123543123545,True,False,True,0.0,12.94920332739156,13.94920332739156,True,False,True,0.0,-7.517920215731985,-7.517920215731985,True,SUCCESS,,8.083346366882324
602,PBFT,6.2,1.5,94748da5d72746cc,0,20666.666666666668,20.467123543123545,21.967123543123545,True,False,True,0.0,12.949203327391558,14.449203327391558,True,False,True,0.0,-7.517920215731987,-7.517920215731987,True,SUCCESS,,8.056841850280762
603,PBFT,6.2,2.0,c773fb08d5182619,0,15500.0,20.467123543123545,22.467123543123545,True,False,True,0.0,12.949203327391558,14.949203327391558,True,False,True,0.0,-7.517920215731987,-7.517920215731987,True,SUCCESS,,8.132017850875854
604,PBFT,6.2,2.5,4412d7167cfd66a5,0,12400.0,20.467123543123545,22.967123543123545,True,False,True,0.0,12.949203327391558,15.449203327391558,True,False,True,0.0,-7.517920215731987,-7.517920215731987,True,SUCCESS,,7.939868688583374
605,PBFT,6.2,3.0,89f04b430fa62f79,0,10333.333333333334,20.467123543123545,23.467123543123545,True,False,True,0.0,12.949203327391558,15.949203327391558,True,True,True,10333.333333333334,-7.517920215731987,-7.517920215731987,False,SUCCESS,,8.016960859298706
606,PBFT,6.2,3.5,a16ec71b555ae885,0,8857.142857142857,20.467123543123545,23.967123543123545,True,False,True,0.0,12.949203327391558,16.449203327391558,True,True,True,8857.142857142857,-7.517920215731987,-7.517920215731987,False,SUCCESS,,8.14552617073059
607,PBFT,6.2,4.0,9293277a20b2fc00,0,7750.0,20.467123543123545,24.467123543123545,True,False,True,0.0,12.949203327391558,16.949203327391558,True,True,True,7750.0,-7.517920215731987,-7.517920215731987,False,SUCCESS,,8.046788930892944
608,PBFT,6.2,4.5,337269c8f2955b48,0,6888.888888888889,20.467123543123545,24.967123543123545,True,True,True,6888.888888888889,12.949203327391558,17.449203327391558,True,True,True,6888.888888888889,-7.517920215731987,-7.517920215731987,True,SUCCESS,,8.124249935150146
609,PBFT,6.2,5.0,13e412e41ef8bcce,0,6200.0,20.467123543123545,25.467123543123545,True,True,True,6200.0,12.949203327391558,17.949203327391558,True,True,True,6200.0,-7.517920215731987,-7.517920215731987,True,SUCCESS,,8.322436571121216
610,PBFT,6.2,5.5,31e5e17cd77cbd26,0,5636.363636363636,20.467123543123545,25.967123543123545,True,True,True,5636.363636363636,12.949203327391562,18.44920332739156,True,True,True,5636.363636363636,-7.5179202157319835,-7.5179202157319835,True,SUCCESS,,8.347703218460083
611,PBFT,6.2,6.0,79c4e1c8f5035842,0,5166.666666666667,20.467123543123545,26.467123543123545,True,True,True,5166.666666666667,12.949203327391562,18.94920332739156,True,True,True,5166.666666666667,-7.5179202157319835,-7.5179202157319835,True,SUCCESS,,8.459262371063232
612,PBFT,6.2,6.5,fd57fe4d62903701,0,4769.2307692307695,20.467123543123545,26.967123543123545,True,True,True,4769.2307692307695,12.949203327391562,19.44920332739156,True,True,True,4769.2307692307695,-7.5179202157319835,-7.5179202157319835,True,SUCCESS,,8.491304159164429
613,PBFT,6.2,7.0,c4f14f3d6705994a,0,4428.571428571428,20.467123543123545,27.467123543123545,True,True,True,4428.571428571428,12.949203327391562,19.94920332739156,True,True,True,4428.571428571428,-7.5179202157319835,-7.5179202157319835,True,SUCCESS,,8.687360525131226
614,PBFT,6.2,7.5,f7dda314ca365bdc,0,4133.333333333333,20.467123543123545,27.967123543123545,True,True,True,4133.333333333333,12.949203327391558,20.449203327391558,True,True,True,4133.333333333333,-7.517920215731987,-7.517920215731987,True,SUCCESS,,8.412337303161621
615,PBFT,6.2,8.0,754030b5253b6f66,0,3875.0,20.467123543123545,28.467123543123545,True,True,True,3875.0,12.949203327391558,20.949203327391558,True,True,True,3875.0,-7.517920215731987,-7.517920215731987,True,SUCCESS,,8.221848249435425
616,PBFT,6.2,8.5,0d7ea50717a19709,0,3647.0588235294117,20.467123543123545,28.967123543123545,True,True,True,3647.0588235294117,12.949203327391558,21.449203327391558,True,True,True,3647.0588235294117,-7.517920215731987,-7.517920215731987,True,SUCCESS,,8.364045858383179
617,PBFT,6.2,9.0,43578d19adaead7d,0,3444.4444444444443,20.467123543123545,29.467123543123545,True,True,True,3444.4444444444443,12.949203327391558,21.949203327391558,True,True,True,3444.4444444444443,-7.517920215731987,-7.517920215731987,True,SUCCESS,,8.266753673553467
618,PBFT,6.2,9.5,ced73b32c6c6842e,0,3263.157894736842,20.467123543123545,29.967123543123545,True,True,True,3263.157894736842,12.949203327391562,22.44920332739156,True,True,True,3263.157894736842,-7.5179202157319835,-7.5179202157319835,True,SUCCESS,,8.352766513824463
619,PBFT,6.2,10.0,e0aabb9b541e1fba,0,3100.0,20.467123543123545,30.467123543123545,True,True,True,3100.0,12.949203327391558,22.949203327391558,True,True,True,3100.0,-7.517920215731987,-7.517920215731987,True,SUCCESS,,8.404309749603271
620,PBFT,6.4,0.5,210a0dfbf3db194b,0,64000.0,21.127263403263406,21.627263403263406,True,False,True,0.0,13.366775519904934,13.866775519904934,True,False,True,0.0,-7.760487883358472,-7.760487883358472,True,SUCCESS,,8.579612731933594
621,PBFT,6.4,1.0,22cd83eb192e57fa,0,32000.0,21.127263403263406,22.127263403263406,True,False,True,0.0,13.366775519904932,14.366775519904932,True,False,True,0.0,-7.760487883358474,-7.760487883358474,True,SUCCESS,,8.682121992111206
622,PBFT,6.4,1.5,da954522c62e9450,0,21333.333333333332,21.127263403263406,22.627263403263406,True,False,True,0.0,13.366775519904932,14.866775519904932,True,False,True,0.0,-7.760487883358474,-7.760487883358474,True,SUCCESS,,8.637137413024902
623,PBFT,6.4,2.0,0404dc84eab002ee,0,16000.0,21.127263403263406,23.127263403263406,True,False,True,0.0,13.366775519904934,15.366775519904934,True,False,True,0.0,-7.760487883358472,-7.760487883358472,True,SUCCESS,,8.555340051651001
624,PBFT,6.4,2.5,5529b7689fc4089c,0,12800.0,21.127263403263406,23.627263403263406,True,False,True,0.0,13.366775519904934,15.866775519904934,True,False,True,0.0,-7.760487883358472,-7.760487883358472,True,SUCCESS,,8.389509201049805
625,PBFT,6.4,3.0,a2be65170b4acbe0,0,10666.666666666666,21.127263403263406,24.127263403263406,True,False,True,0.0,13.366775519904934,16.366775519904934,True,True,True,10666.666666666666,-7.760487883358472,-7.760487883358472,False,SUCCESS,,8.547190427780151
626,PBFT,6.4,3.5,685c162ed1948a7b,0,9142.857142857143,21.127263403263406,24.627263403263406,True,False,True,0.0,13.366775519904937,16.866775519904937,True,True,True,9142.857142857143,-7.7604878833584685,-7.7604878833584685,False,SUCCESS,,8.408545970916748
627,PBFT,6.4,4.0,2e6f608493954bb4,0,8000.0,21.127263403263406,25.127263403263406,True,False,True,0.0,13.366775519904937,17.366775519904937,True,True,True,8000.0,-7.7604878833584685,-7.7604878833584685,False,SUCCESS,,8.186950206756592
628,PBFT,6.4,4.5,a3483fde9aaffe8e,0,7111.111111111111,21.127263403263406,25.627263403263406,True,True,True,7111.111111111111,13.366775519904937,17.866775519904937,True,True,True,7111.111111111111,-7.7604878833584685,-7.7604878833584685,True,SUCCESS,,8.372224807739258
629,PBFT,6.4,5.0,3f7f841bd95627d5,0,6400.0,21.127263403263406,26.127263403263406,True,True,True,6400.0,13.366775519904937,18.366775519904937,True,True,True,6400.0,-7.7604878833584685,-7.7604878833584685,True,SUCCESS,,8.355128049850464
630,PBFT,6.4,5.5,afb5210a58282186,0,5818.181818181818,21.127263403263406,26.627263403263406,True,True,True,5818.181818181818,13.366775519904934,18.866775519904934,True,True,True,5818.181818181818,-7.760487883358472,-7.760487883358472,True,SUCCESS,,8.612239122390747
631,PBFT,6.4,6.0,df941b47d0245ad1,0,5333.333333333333,21.127263403263406,27.127263403263406,True,True,True,5333.333333333333,13.366775519904941,19.36677551990494,True,True,True,5333.333333333333,-7.760487883358465,-7.760487883358465,True,SUCCESS,,8.489261627197266
632,PBFT,6.4,6.5,fabc3a4c8105cf6c,0,4923.076923076923,21.127263403263406,27.627263403263406,True,True,True,4923.076923076923,13.366775519904941,19.86677551990494,True,True,True,4923.076923076923,-7.760487883358465,-7.760487883358465,True,SUCCESS,,8.60011339187622
633,PBFT,6.4,7.0,56223e97a137b58f,0,4571.428571428572,21.127263403263406,28.127263403263406,True,True,True,4571.428571428572,13.366775519904941,20.36677551990494,True,True,True,4571.428571428572,-7.760487883358465,-7.760487883358465,True,SUCCESS,,8.50549602508545
634,PBFT,6.4,7.5,1956625514d2d479,0,4266.666666666667,21.127263403263406,28.627263403263406,True,True,True,4266.666666666667,13.366775519904941,20.86677551990494,True,True,True,4266.666666666667,-7.760487883358465,-7.760487883358465,True,SUCCESS,,8.273095607757568
635,PBFT,6.4,8.0,ef1c61288a60f7ee,0,4000.0,21.127263403263406,29.127263403263406,True,True,True,4000.0,13.366775519904941,21.36677551990494,True,True,True,4000.0,-7.760487883358465,-7.760487883358465,True,SUCCESS,,8.350658655166626
636,PBFT,6.4,8.5,031eeef56a5d6526,0,3764.705882352941,21.127263403263406,29.627263403263406,True,True,True,3764.705882352941,13.366775519904941,21.86677551990494,True,True,True,3764.705882352941,-7.760487883358465,-7.760487883358465,True,SUCCESS,,8.319512844085693
637,PBFT,6.4,9.0,d5ec4c1dd74304e7,0,3555.5555555555557,21.127263403263406,30.127263403263406,True,True,True,3555.5555555555557,13.366775519904941,22.36677551990494,True,True,True,3555.5555555555557,-7.760487883358465,-7.760487883358465,True,SUCCESS,,8.57472562789917
638,PBFT,6.4,9.5,f7acf3808a6576ce,0,3368.4210526315787,21.127263403263406,30.627263403263406,True,True,True,3368.4210526315787,13.366775519904941,22.86677551990494,True,True,True,3368.4210526315787,-7.760487883358465,-7.760487883358465,True,SUCCESS,,8.440418243408203
639,PBFT,6.4,10.0,d126e59a3f851189,0,3200.0,21.127263403263406,31.127263403263406,True,True,True,3200.0,13.366775519904941,23.36677551990494,True,True,True,3200.0,-7.760487883358465,-7.760487883358465,True,SUCCESS,,8.346835613250732
640,PBFT,6.6,0.5,6ce0c24163bf4e14,0,66000.0,21.78740326340326,22.28740326340326,True,False,True,0.0,13.784347712418297,14.284347712418297,True,False,True,0.0,-8.003055550984962,-8.003055550984962,True,SUCCESS,,8.70786428451538
641,PBFT,6.6,1.0,c7355944a595dd34,0,33000.0,21.78740326340326,22.78740326340326,True,False,True,0.0,13.784347712418297,14.784347712418297,True,False,True,0.0,-8.003055550984962,-8.003055550984962,True,SUCCESS,,9.768750667572021
642,PBFT,6.6,1.5,84f3acfa5665266e,0,22000.0,21.78740326340326,23.28740326340326,True,False,True,0.0,13.784347712418302,15.284347712418302,True,False,True,0.0,-8.003055550984957,-8.003055550984957,True,SUCCESS,,9.529757022857666
643,PBFT,6.6,2.0,7b33f54b5a2506b1,0,16500.0,21.78740326340326,23.78740326340326,True,False,True,0.0,13.784347712418302,15.784347712418302,True,False,True,0.0,-8.003055550984957,-8.003055550984957,True,SUCCESS,,8.418824911117554
644,PBFT,6.6,2.5,89f718f71eb186fc,0,13200.0,21.78740326340326,24.28740326340326,True,False,True,0.0,13.784347712418302,16.284347712418302,True,False,True,0.0,-8.003055550984957,-8.003055550984957,True,SUCCESS,,8.438533544540405
645,PBFT,6.6,3.0,49e0c9e400cc714a,0,11000.0,21.78740326340326,24.78740326340326,True,False,True,0.0,13.784347712418302,16.784347712418302,True,True,True,11000.0,-8.003055550984957,-8.003055550984957,False,SUCCESS,,8.356216430664062
646,PBFT,6.6,3.5,8f5d3b6d1f5dd943,0,9428.57142857143,21.78740326340326,25.28740326340326,True,False,True,0.0,13.784347712418302,17.284347712418302,True,True,True,9428.57142857143,-8.003055550984957,-8.003055550984957,False,SUCCESS,,8.620694875717163
647,PBFT,6.6,4.0,5148ee0967c40b7f,0,8250.0,21.78740326340326,25.78740326340326,True,False,True,0.0,13.784347712418302,17.784347712418302,True,True,True,8250.0,-8.003055550984957,-8.003055550984957,False,SUCCESS,,8.97940993309021
648,PBFT,6.6,4.5,2e99c0bcfba5ff9b,0,7333.333333333333,21.78740326340326,26.28740326340326,True,True,True,7333.333333333333,13.784347712418302,18.284347712418302,True,True,True,7333.333333333333,-8.003055550984957,-8.003055550984957,True,SUCCESS,,8.862343311309814
649,PBFT,6.6,5.0,8817472820dfd496,0,6600.0,21.78740326340326,26.78740326340326,True,True,True,6600.0,13.784347712418299,18.7843477124183,True,True,True,6600.0,-8.00305555098496,-8.00305555098496,True,SUCCESS,,8.756454944610596
650,PBFT,6.6,5.5,ba866436221b22fb,0,6000.0,21.78740326340326,27.28740326340326,True,True,True,6000.0,13.784347712418306,19.284347712418306,True,True,True,6000.0,-8.003055550984953,-8.003055550984953,True,SUCCESS,,8.804605960845947
651,PBFT,6.6,6.0,60e17f6bc06c4abe,0,5500.0,21.78740326340326,27.78740326340326,True,True,True,5500.0,13.784347712418306,19.784347712418306,True,True,True,5500.0,-8.003055550984953,-8.003055550984953,True,SUCCESS,,8.981762409210205
652,PBFT,6.6,6.5,0f8bbefa73d3472d,0,5076.923076923077,21.78740326340326,28.28740326340326,True,True,True,5076.923076923077,13.784347712418306,20.284347712418306,True,True,True,5076.923076923077,-8.003055550984953,-8.003055550984953,True,SUCCESS,,8.753382444381714
653,PBFT,6.6,7.0,4bba35848a5f3001,0,4714.285714285715,21.78740326340326,28.78740326340326,True,True,True,4714.285714285715,13.784347712418302,20.784347712418302,True,True,True,4714.285714285715,-8.003055550984957,-8.003055550984957,True,SUCCESS,,8.617451190948486
654,PBFT,6.6,7.5,4347a9a65125ad30,0,4400.0,21.78740326340326,29.28740326340326,True,True,True,4400.0,13.784347712418302,21.284347712418302,True,True,True,4400.0,-8.003055550984957,-8.003055550984957,True,SUCCESS,,8.723185777664185
655,PBFT,6.6,8.0,c7e754e000ae37d0,0,4125.0,21.78740326340326,29.78740326340326,True,True,True,4125.0,13.784347712418302,21.784347712418302,True,True,True,4125.0,-8.003055550984957,-8.003055550984957,True,SUCCESS,,8.722058057785034
656,PBFT,6.6,8.5,856a0696f6ea2253,0,3882.3529411764707,21.78740326340326,30.28740326340326,True,True,True,3882.3529411764707,13.784347712418302,22.284347712418302,True,True,True,3882.3529411764707,-8.003055550984957,-8.003055550984957,True,SUCCESS,,8.75908374786377
657,PBFT,6.6,9.0,3421fbe1fdbae0d5,0,3666.6666666666665,21.78740326340326,30.78740326340326,True,True,True,3666.6666666666665,13.784347712418306,22.784347712418306,True,True,True,3666.6666666666665,-8.003055550984953,-8.003055550984953,True,SUCCESS,,8.756464958190918
658,PBFT,6.6,9.5,df987ee1de5509a2,0,3473.684210526316,21.78740326340326,31.28740326340326,True,True,True,3473.684210526316,13.784347712418302,23.284347712418302,True,True,True,3473.684210526316,-8.003055550984957,-8.003055550984957,True,SUCCESS,,8.76734471321106
659,PBFT,6.6,10.0,bb08180af96750ec,0,3300.0,21.78740326340326,31.78740326340326,True,True,True,3300.0,13.784347712418302,23.784347712418302,True,True,True,3300.0,-8.003055550984957,-8.003055550984957,True,SUCCESS,,9.17982292175293
660,PBFT,6.8,0.5,648559ebe6030fd4,0,68000.0,22.44754312354312,22.94754312354312,True,False,True,0.0,14.201919904931664,14.701919904931664,True,False,True,0.0,-8.245623218611456,-8.245623218611456,True,SUCCESS,,9.341629266738892
661,PBFT,6.8,1.0,5837ecb32327a53b,0,34000.0,22.44754312354312,23.44754312354312,True,False,True,0.0,14.201919904931664,15.201919904931664,True,False,True,0.0,-8.245623218611456,-8.245623218611456,True,SUCCESS,,9.40505599975586
662,PBFT,6.8,1.5,c61640cbe1c3cebe,0,22666.666666666668,22.44754312354312,23.94754312354312,True,False,True,0.0,14.201919904931664,15.701919904931664,True,False,True,0.0,-8.245623218611456,-8.245623218611456,True,SUCCESS,,9.091168642044067
663,PBFT,6.8,2.0,b522dfdcea70bfd9,0,17000.0,22.44754312354312,24.44754312354312,True,False,True,0.0,14.201919904931664,16.201919904931664,True,False,True,0.0,-8.245623218611456,-8.245623218611456,True,SUCCESS,,9.407962799072266
664,PBFT,6.8,2.5,6e7cea66eac28b49,0,13600.0,22.44754312354312,24.94754312354312,True,False,True,0.0,14.201919904931664,16.701919904931664,True,False,True,0.0,-8.245623218611456,-8.245623218611456,True,SUCCESS,,9.16531491279602
665,PBFT,6.8,3.0,266f2d76110e7a3e,0,11333.333333333334,22.44754312354312,25.44754312354312,True,False,True,0.0,14.201919904931664,17.201919904931664,True,True,True,11333.333333333334,-8.245623218611456,-8.245623218611456,False,SUCCESS,,9.117565393447876
666,PBFT,6.8,3.5,194ec8a71bc8f0f7,0,9714.285714285714,22.44754312354312,25.94754312354312,True,False,True,0.0,14.201919904931671,17.70191990493167,True,True,True,9714.285714285714,-8.245623218611449,-8.245623218611449,False,SUCCESS,,9.150127172470093
667,PBFT,6.8,4.0,5001639cd7313588,0,8500.0,22.44754312354312,26.44754312354312,True,False,True,0.0,14.201919904931671,18.20191990493167,True,True,True,8500.0,-8.245623218611449,-8.245623218611449,False,SUCCESS,,9.877538681030273
668,PBFT,6.8,4.5,2af7b09069142aea,0,7555.555555555556,22.44754312354312,26.94754312354312,True,True,True,7555.555555555556,14.201919904931675,18.701919904931675,True,True,True,7555.555555555556,-8.245623218611446,-8.245623218611446,True,SUCCESS,,9.25053596496582
669,PBFT,6.8,5.0,95e85c3152b0f607,0,6800.0,22.44754312354312,27.44754312354312,True,True,True,6800.0,14.201919904931675,19.201919904931675,True,True,True,6800.0,-8.245623218611446,-8.245623218611446,True,SUCCESS,,9.347564220428467
670,PBFT,6.8,5.5,570179b4dd7153c4,0,6181.818181818182,22.44754312354312,27.94754312354312,True,True,True,6181.818181818182,14.201919904931675,19.701919904931675,True,True,True,6181.818181818182,-8.245623218611446,-8.245623218611446,True,SUCCESS,,9.028137922286987
671,PBFT,6.8,6.0,43f240bc7c5ea8c7,0,5666.666666666667,22.44754312354312,28.44754312354312,True,True,True,5666.666666666667,14.201919904931675,20.201919904931675,True,True,True,5666.666666666667,-8.245623218611446,-8.245623218611446,True,SUCCESS,,9.000211715698242
672,PBFT,6.8,6.5,4b18ee37ff7f01a6,0,5230.7692307692305,22.44754312354312,28.94754312354312,True,True,True,5230.7692307692305,14.201919904931678,20.701919904931678,True,True,True,5230.7692307692305,-8.245623218611442,-8.245623218611442,True,SUCCESS,,8.93257999420166
673,PBFT,6.8,7.0,4ad748fe125ecf00,0,4857.142857142857,22.44754312354312,29.44754312354312,True,True,True,4857.142857142857,14.201919904931678,21.201919904931678,True,True,True,4857.142857142857,-8.245623218611442,-8.245623218611442,True,SUCCESS,,8.886423587799072
674,PBFT,6.8,7.5,ea29400edf831278,0,4533.333333333333,22.44754312354312,29.94754312354312,True,True,True,4533.333333333333,14.201919904931678,21.701919904931678,True,True,True,4533.333333333333,-8.245623218611442,-8.245623218611442,True,SUCCESS,,9.00902533531189
675,PBFT,6.8,8.0,43713ee8d61300ce,0,4250.0,22.44754312354312,30.44754312354312,True,True,True,4250.0,14.201919904931678,22.201919904931678,True,True,True,4250.0,-8.245623218611442,-8.245623218611442,True,SUCCESS,,8.926851511001587
676,PBFT,6.8,8.5,63a920427c7fab0b,0,4000.0,22.44754312354312,30.94754312354312,True,True,True,4000.0,14.201919904931675,22.701919904931675,True,True,True,4000.0,-8.245623218611446,-8.245623218611446,True,SUCCESS,,8.934500694274902
677,PBFT,6.8,9.0,c6f2fcdba39d43bc,0,3777.777777777778,22.44754312354312,31.44754312354312,True,True,True,3777.777777777778,14.201919904931675,23.201919904931675,True,True,True,3777.777777777778,-8.245623218611446,-8.245623218611446,True,SUCCESS,,8.87577223777771
678,PBFT,6.8,9.5,1b10d12ff5532700,0,3578.9473684210525,22.44754312354312,31.94754312354312,True,True,True,3578.9473684210525,14.201919904931678,23.701919904931678,True,True,True,3578.9473684210525,-8.245623218611442,-8.245623218611442,True,SUCCESS,,8.807273387908936
679,PBFT,6.8,10.0,6267210ee37876ee,0,3400.0,22.44754312354312,32.44754312354312,True,True,True,3400.0,14.201919904931678,24.201919904931678,True,True,True,3400.0,-8.245623218611442,-8.245623218611442,True,SUCCESS,,8.922263383865356
680,PBFT,7.0,0.5,aebc9672544fe36d,0,70000.0,23.10768298368298,23.60768298368298,True,False,True,0.0,14.243152781291078,14.743152781291078,True,False,True,0.0,-8.864530202391903,-8.864530202391903,True,SUCCESS,,8.46904706954956
681,PBFT,7.0,1.0,f612e4aa7800bd4b,0,35000.0,23.10768298368298,24.10768298368298,True,False,True,0.0,14.61949209744504,15.61949209744504,True,False,True,0.0,-8.488190886237941,-8.488190886237941,True,SUCCESS,,9.761684656143188
682,PBFT,7.0,1.5,05939390f6aba950,0,23333.333333333332,23.10768298368298,24.60768298368298,True,False,True,0.0,14.61949209744504,16.11949209744504,True,False,True,0.0,-8.488190886237941,-8.488190886237941,True,SUCCESS,,8.60523247718811
683,PBFT,7.0,2.0,d080d428347be263,0,17500.0,23.10768298368298,25.10768298368298,True,False,True,0.0,14.61949209744504,16.61949209744504,True,False,True,0.0,-8.488190886237941,-8.488190886237941,True,SUCCESS,,9.281654119491577
684,PBFT,7.0,2.5,001be13c73900fbb,0,14000.0,23.10768298368298,25.60768298368298,True,False,True,0.0,14.61949209744504,17.11949209744504,True,False,True,0.0,-8.488190886237941,-8.488190886237941,True,SUCCESS,,9.994518756866455
685,PBFT,7.0,3.0,b2f89b7a7fdc16c8,0,11666.666666666666,23.10768298368298,26.10768298368298,True,False,True,0.0,14.619492097445036,17.619492097445036,True,True,True,11666.666666666666,-8.488190886237945,-8.488190886237945,False,SUCCESS,,8.996671676635742
686,PBFT,7.0,3.5,1a54f3d02a24fe40,0,10000.0,23.10768298368298,26.60768298368298,True,False,True,0.0,14.619492097445036,18.119492097445036,True,True,True,10000.0,-8.488190886237945,-8.488190886237945,False,SUCCESS,,8.96559476852417
687,PBFT,7.0,4.0,561414094ab6e590,0,8750.0,23.10768298368298,27.10768298368298,True,False,True,0.0,14.619492097445036,18.619492097445036,True,True,True,8750.0,-8.488190886237945,-8.488190886237945,False,SUCCESS,,9.139329433441162
688,PBFT,7.0,4.5,1979941076fea46b,0,7777.777777777777,23.10768298368298,27.60768298368298,True,False,True,0.0,14.61949209744504,19.11949209744504,True,True,True,7777.777777777777,-8.488190886237941,-8.488190886237941,False,SUCCESS,,9.588382959365845
689,PBFT,7.0,5.0,519b7b480dd132df,0,7000.0,23.10768298368298,28.10768298368298,True,True,True,7000.0,14.61949209744504,19.61949209744504,True,True,True,7000.0,-8.488190886237941,-8.488190886237941,True,SUCCESS,,9.269346237182617
690,PBFT,7.0,5.5,f20c38746dddf318,0,6363.636363636364,23.10768298368298,28.60768298368298,True,True,True,6363.636363636364,14.61949209744504,20.11949209744504,True,True,True,6363.636363636364,-8.488190886237941,-8.488190886237941,True,SUCCESS,,9.150710344314575
691,PBFT,7.0,6.0,1dffb0a925f94093,0,5833.333333333333,23.10768298368298,29.10768298368298,True,True,True,5833.333333333333,14.619492097445043,20.619492097445043,True,True,True,5833.333333333333,-8.488190886237938,-8.488190886237938,True,SUCCESS,,9.30189847946167
692,PBFT,7.0,6.5,946f7ae4dacd87af,0,5384.615384615385,23.10768298368298,29.60768298368298,True,True,True,5384.615384615385,14.619492097445043,21.119492097445043,True,True,True,5384.615384615385,-8.488190886237938,-8.488190886237938,True,SUCCESS,,9.228454828262329
693,PBFT,7.0,7.0,2d0c70b431911ed4,0,5000.0,23.10768298368298,30.10768298368298,True,True,True,5000.0,14.619492097445043,21.619492097445043,True,True,True,5000.0,-8.488190886237938,-8.488190886237938,True,SUCCESS,,9.514132261276245
694,PBFT,7.0,7.5,effe779a628caf4d,0,4666.666666666667,23.10768298368298,30.60768298368298,True,True,True,4666.666666666667,14.619492097445043,22.119492097445043,True,True,True,4666.666666666667,-8.488190886237938,-8.488190886237938,True,SUCCESS,,9.273554563522339
695,PBFT,7.0,8.0,6394d7843bf7e0bc,0,4375.0,23.10768298368298,31.10768298368298,True,True,True,4375.0,14.619492097445043,22.619492097445043,True,True,True,4375.0,-8.488190886237938,-8.488190886237938,True,SUCCESS,,9.209704399108887
696,PBFT,7.0,8.5,40bd57ff315a771c,0,4117.64705882353,23.10768298368298,31.60768298368298,True,True,True,4117.64705882353,14.619492097445047,23.119492097445047,True,True,True,4117.64705882353,-8.488190886237934,-8.488190886237934,True,SUCCESS,,9.321682214736938
697,PBFT,7.0,9.0,8620aaeaeced531c,0,3888.8888888888887,23.10768298368298,32.10768298368298,True,True,True,3888.8888888888887,14.619492097445047,23.619492097445047,True,True,True,3888.8888888888887,-8.488190886237934,-8.48819088623793,True,SUCCESS,,9.340447664260864
698,PBFT,7.0,9.5,e1dc24e0ecd3805c,0,3684.2105263157896,23.10768298368298,32.60768298368298,True,True,True,3684.2105263157896,14.619492097445047,24.119492097445047,True,True,True,3684.2105263157896,-8.488190886237934,-8.48819088623793,True,SUCCESS,,9.212573051452637
699,PBFT,7.0,10.0,381cde3a41b21c31,0,3500.0,23.10768298368298,33.10768298368298,True,True,True,3500.0,14.619492097445047,24.619492097445047,True,True,True,3500.0,-8.488190886237934,-8.48819088623793,True,SUCCESS,,9.526341438293457
700,PBFT,7.2,0.5,028c57cc7d02a3a4,0,72000.0,23.76782284382285,24.26782284382285,True,False,True,0.0,14.649969217825678,15.149969217825678,True,False,True,0.0,-9.11785362599717,-9.11785362599717,True,SUCCESS,,8.376210451126099
701,PBFT,7.2,1.0,28d0bb8e04924813,0,36000.0,23.76782284382285,24.76782284382285,True,False,True,0.0,15.037064289958401,16.0370642899584,True,False,True,0.0,-8.730758553864447,-8.730758553864447,True,SUCCESS,,9.375233888626099
702,PBFT,7.2,1.5,df470bf95e73338b,0,24000.0,23.76782284382285,25.26782284382285,True,False,True,0.0,15.037064289958401,16.5370642899584,True,False,True,0.0,-8.730758553864447,-8.730758553864447,True,SUCCESS,,9.591078519821167
703,PBFT,7.2,2.0,9adcfbf6fd9063e7,0,18000.0,23.76782284382285,25.76782284382285,True,False,True,0.0,15.037064289958401,17.0370642899584,True,False,True,0.0,-8.730758553864447,-8.730758553864447,True,SUCCESS,,11.323503255844116
704,PBFT,7.2,2.5,94929e60f1039389,0,14400.0,23.76782284382285,26.26782284382285,True,False,True,0.0,15.037064289958401,17.5370642899584,True,False,True,0.0,-8.730758553864447,-8.730758553864447,True,SUCCESS,,12.490981817245483
705,PBFT,7.2,3.0,ee84f40efbe5ff21,0,12000.0,23.76782284382285,26.76782284382285,True,False,True,0.0,15.037064289958401,18.0370642899584,True,False,True,0.0,-8.730758553864447,-8.730758553864447,True,SUCCESS,,11.943942546844482
706,PBFT,7.2,3.5,2b09c8f3fd1a5516,0,10285.714285714286,23.76782284382285,27.26782284382285,True,False,True,0.0,15.037064289958401,18.5370642899584,True,True,True,10285.714285714286,-8.730758553864447,-8.730758553864447,False,SUCCESS,,11.499619483947754
707,PBFT,7.2,4.0,42eaf18bb89cbeaf,0,9000.0,23.76782284382285,27.76782284382285,True,False,True,0.0,15.037064289958405,19.037064289958405,True,True,True,9000.0,-8.730758553864444,-8.730758553864444,False,SUCCESS,,11.104727268218994
708,PBFT,7.2,4.5,d69081d581d10b53,0,8000.0,23.76782284382285,28.26782284382285,True,False,True,0.0,15.037064289958412,19.537064289958412,True,True,True,8000.0,-8.730758553864437,-8.730758553864437,False,SUCCESS,,11.892459630966187
709,PBFT,7.2,5.0,75f1b5c30974fa60,0,7200.0,23.76782284382285,28.76782284382285,True,True,True,7200.0,15.037064289958412,20.037064289958412,True,True,True,7200.0,-8.730758553864437,-8.730758553864437,True,SUCCESS,,10.715045690536499
710,PBFT,7.2,5.5,5a6f4d65d5f9a1ec,0,6545.454545454545,23.76782284382285,29.26782284382285,True,True,True,6545.454545454545,15.037064289958412,20.537064289958412,True,True,True,6545.454545454545,-8.730758553864437,-8.730758553864437,True,SUCCESS,,10.074951887130737
711,PBFT,7.2,6.0,c167e85f8749682a,0,6000.0,23.76782284382285,29.76782284382285,True,True,True,6000.0,15.037064289958408,21.03706428995841,True,True,True,6000.0,-8.73075855386444,-8.73075855386444,True,SUCCESS,,10.751394271850586
712,PBFT,7.2,6.5,f1b82005a83d453a,0,5538.461538461538,23.76782284382285,30.26782284382285,True,True,True,5538.461538461538,15.037064289958408,21.53706428995841,True,True,True,5538.461538461538,-8.73075855386444,-8.73075855386444,True,SUCCESS,,11.217435836791992
713,PBFT,7.2,7.0,3400c164a59686e6,0,5142.857142857143,23.76782284382285,30.76782284382285,True,True,True,5142.857142857143,15.037064289958408,22.03706428995841,True,True,True,5142.857142857143,-8.73075855386444,-8.73075855386444,True,SUCCESS,,9.645758628845215
714,PBFT,7.2,7.5,9761dded28c25c14,0,4800.0,23.76782284382285,31.26782284382285,True,True,True,4800.0,15.037064289958408,22.53706428995841,True,True,True,4800.0,-8.73075855386444,-8.73075855386444,True,SUCCESS,,9.233742952346802
715,PBFT,7.2,8.0,ee539a89f9290194,0,4500.0,23.76782284382285,31.76782284382285,True,True,True,4500.0,15.037064289958412,23.037064289958412,True,True,True,4500.0,-8.730758553864437,-8.730758553864437,True,SUCCESS,,9.302353382110596
716,PBFT,7.2,8.5,837703e4a29a6475,0,4235.294117647059,23.76782284382285,32.26782284382285,True,True,True,4235.294117647059,15.037064289958412,23.537064289958412,True,True,True,4235.294117647059,-8.730758553864437,-8.730758553864437,True,SUCCESS,,9.319058179855347
717,PBFT,7.2,9.0,a3b34d291203a9e2,0,4000.0,23.76782284382285,32.76782284382285,True,True,True,4000.0,15.037064289958408,24.03706428995841,True,True,True,4000.0,-8.73075855386444,-8.73075855386444,True,SUCCESS,,10.01208758354187
718,PBFT,7.2,9.5,55f9dc1ea34907f8,0,3789.4736842105262,23.76782284382285,33.26782284382285,True,True,True,3789.4736842105262,15.037064289958408,24.53706428995841,True,True,True,3789.4736842105262,-8.73075855386444,-8.73075855386444,True,SUCCESS,,9.2976975440979
719,PBFT,7.2,10.0,4928e2bb6ae9fffd,0,3600.0,23.76782284382285,33.76782284382285,True,True,True,3600.0,15.037064289958408,25.03706428995841,True,True,True,3600.0,-8.73075855386444,-8.73075855386444,True,SUCCESS,,9.045508861541748
720,PBFT,7.4,0.5,f21e753388edd697,0,74000.0,24.42796270396271,24.92796270396271,True,False,True,0.0,15.056785654360281,15.556785654360281,True,False,True,0.0,-9.371177049602428,-9.371177049602428,True,SUCCESS,,7.431861400604248
721,PBFT,7.4,1.0,5dfec393bffa5c67,0,37000.0,24.42796270396271,25.42796270396271,True,False,True,0.0,15.454636482471784,16.454636482471784,True,False,True,0.0,-8.973326221490925,-8.973326221490925,True,SUCCESS,,9.305813074111938
722,PBFT,7.4,1.5,f6b0236b1686f093,0,24666.666666666668,24.42796270396271,25.92796270396271,True,False,True,0.0,15.454636482471784,16.954636482471784,True,False,True,0.0,-8.973326221490925,-8.973326221490925,True,SUCCESS,,9.02133846282959
723,PBFT,7.4,2.0,86ebe2871a87829c,0,18500.0,24.42796270396271,26.42796270396271,True,False,True,0.0,15.454636482471784,17.454636482471784,True,False,True,0.0,-8.973326221490925,-8.973326221490925,True,SUCCESS,,9.517016887664795
724,PBFT,7.4,2.5,0943d1743b0fdfd0,0,14800.0,24.42796270396271,26.92796270396271,True,False,True,0.0,15.454636482471784,17.954636482471784,True,False,True,0.0,-8.973326221490925,-8.973326221490925,True,SUCCESS,,9.14404582977295
725,PBFT,7.4,3.0,5477e56e6be449af,0,12333.333333333334,24.42796270396271,27.42796270396271,True,False,True,0.0,15.454636482471784,18.454636482471784,True,False,True,0.0,-8.973326221490925,-8.973326221490925,True,SUCCESS,,9.334006786346436
726,PBFT,7.4,3.5,2b1e5e0abbf207bf,0,10571.42857142857,24.42796270396271,27.92796270396271,True,False,True,0.0,15.454636482471784,18.954636482471784,True,True,True,10571.42857142857,-8.973326221490925,-8.973326221490925,False,SUCCESS,,9.268090009689331
727,PBFT,7.4,4.0,ec4859ecc1049bd3,0,9250.0,24.42796270396271,28.42796270396271,True,False,True,0.0,15.454636482471784,19.454636482471784,True,True,True,9250.0,-8.973326221490925,-8.973326221490925,False,SUCCESS,,9.17013931274414
728,PBFT,7.4,4.5,cf2be772d2bb21f2,0,8222.222222222223,24.42796270396271,28.92796270396271,True,False,True,0.0,15.454636482471784,19.954636482471784,True,True,True,8222.222222222223,-8.973326221490925,-8.973326221490925,False,SUCCESS,,9.237791538238525
729,PBFT,7.4,5.0,67cee27438141f30,0,7400.0,24.42796270396271,29.42796270396271,True,True,True,7400.0,15.454636482471784,20.454636482471784,True,True,True,7400.0,-8.973326221490925,-8.973326221490925,True,SUCCESS,,9.324233531951904
730,PBFT,7.4,5.5,57df6db061f1b282,0,6727.272727272727,24.42796270396271,29.92796270396271,True,True,True,6727.272727272727,15.454636482471784,20.954636482471784,True,True,True,6727.272727272727,-8.973326221490925,-8.973326221490925,True,SUCCESS,,9.738385200500488
731,PBFT,7.4,6.0,caba5b3dd71d698f,0,6166.666666666667,24.42796270396271,30.42796270396271,True,True,True,6166.666666666667,15.454636482471784,21.454636482471784,True,True,True,6166.666666666667,-8.973326221490925,-8.973326221490925,True,SUCCESS,,9.492655038833618
732,PBFT,7.4,6.5,b07f334a15226bf1,0,5692.307692307692,24.42796270396271,30.92796270396271,True,True,True,5692.307692307692,15.454636482471784,21.954636482471784,True,True,True,5692.307692307692,-8.973326221490925,-8.973326221490925,True,SUCCESS,,9.472679615020752
733,PBFT,7.4,7.0,67af15df5c7793ac,0,5285.714285714285,24.42796270396271,31.42796270396271,True,True,True,5285.714285714285,15.454636482471784,22.454636482471784,True,True,True,5285.714285714285,-8.973326221490925,-8.973326221490925,True,SUCCESS,,9.330451250076294
734,PBFT,7.4,7.5,49bb7f3a7f0fb9e9,0,4933.333333333333,24.42796270396271,31.92796270396271,True,True,True,4933.333333333333,15.454636482471784,22.954636482471784,True,True,True,4933.333333333333,-8.973326221490925,-8.973326221490925,True,SUCCESS,,9.663237571716309
735,PBFT,7.4,8.0,9ef2a5c5e7d4bae4,0,4625.0,24.42796270396271,32.427962703962706,True,True,True,4625.0,15.454636482471784,23.454636482471784,True,True,True,4625.0,-8.973326221490925,-8.973326221490922,True,SUCCESS,,9.950157165527344
736,PBFT,7.4,8.5,facb18551e49fffa,0,4352.941176470588,24.42796270396271,32.927962703962706,True,True,True,4352.941176470588,15.454636482471784,23.954636482471784,True,True,True,4352.941176470588,-8.973326221490925,-8.973326221490922,True,SUCCESS,,10.25983214378357
737,PBFT,7.4,9.0,a6f716db793c1296,0,4111.111111111111,24.42796270396271,33.427962703962706,True,True,True,4111.111111111111,15.454636482471784,24.454636482471784,True,True,True,4111.111111111111,-8.973326221490925,-8.973326221490922,True,SUCCESS,,9.586506605148315
738,PBFT,7.4,9.5,7a6a4a3cdd419cc8,0,3894.7368421052633,24.42796270396271,33.927962703962706,True,True,True,3894.7368421052633,15.454636482471784,24.954636482471784,True,True,True,3894.7368421052633,-8.973326221490925,-8.973326221490922,True,SUCCESS,,9.19049334526062
739,PBFT,7.4,10.0,ea0c8d49e45100f9,0,3700.0,24.42796270396271,34.427962703962706,True,True,True,3700.0,15.454636482471784,25.454636482471784,True,True,True,3700.0,-8.973326221490925,-8.973326221490922,True,SUCCESS,,9.233020544052124
740,PBFT,7.6,0.5,e191ce8ade2ed436,0,76000.0,25.08810256410256,25.58810256410256,True,False,True,0.0,15.463602090894884,15.963602090894884,True,False,True,0.0,-9.624500473207675,-9.624500473207675,True,SUCCESS,,7.275800943374634
741,PBFT,7.6,1.0,e623c21980968883,0,38000.0,25.08810256410256,26.08810256410256,True,False,True,0.0,15.872208674985139,16.87220867498514,True,False,True,0.0,-9.215893889117421,-9.215893889117421,True,SUCCESS,,9.45253610610962
742,PBFT,7.6,1.5,359f69f723347576,0,25333.333333333332,25.08810256410256,26.58810256410256,True,False,True,0.0,15.872208674985139,17.37220867498514,True,False,True,0.0,-9.215893889117421,-9.215893889117421,True,SUCCESS,,9.323318719863892
743,PBFT,7.6,2.0,2137411eb36c6f5e,0,19000.0,25.08810256410256,27.08810256410256,True,False,True,0.0,15.872208674985146,17.872208674985146,True,False,True,0.0,-9.215893889117414,-9.215893889117414,True,SUCCESS,,9.554403305053711
744,PBFT,7.6,2.5,3944fc95d5f695cb,0,15200.0,25.08810256410256,27.58810256410256,True,False,True,0.0,15.872208674985146,18.372208674985146,True,False,True,0.0,-9.215893889117414,-9.215893889117414,True,SUCCESS,,9.34054708480835
745,PBFT,7.6,3.0,d1a09582795b5f7d,0,12666.666666666666,25.08810256410256,28.08810256410256,True,False,True,0.0,15.872208674985146,18.872208674985146,True,False,True,0.0,-9.215893889117414,-9.215893889117414,True,SUCCESS,,9.443390607833862
746,PBFT,7.6,3.5,add62576bb6b1a1b,0,10857.142857142857,25.08810256410256,28.58810256410256,True,False,True,0.0,15.872208674985146,19.372208674985146,True,True,True,10857.142857142857,-9.215893889117414,-9.215893889117414,False,SUCCESS,,9.284745216369629
747,PBFT,7.6,4.0,b88501d11fc387a5,0,9500.0,25.08810256410256,29.08810256410256,True,False,True,0.0,15.872208674985146,19.872208674985146,True,True,True,9500.0,-9.215893889117414,-9.215893889117414,False,SUCCESS,,9.495583057403564
748,PBFT,7.6,4.5,067e3ac4ebc86bca,0,8444.444444444445,25.08810256410256,29.58810256410256,True,False,True,0.0,15.872208674985146,20.372208674985146,True,True,True,8444.444444444445,-9.215893889117414,-9.215893889117414,False,SUCCESS,,9.411584854125977
749,PBFT,7.6,5.0,d07e58137740ed55,0,7600.0,25.08810256410256,30.08810256410256,True,False,True,0.0,15.872208674985146,20.872208674985146,True,True,True,7600.0,-9.215893889117414,-9.215893889117414,False,SUCCESS,,9.52214527130127
750,PBFT,7.6,5.5,4258c88e93413d8d,0,6909.090909090909,25.08810256410256,30.58810256410256,True,True,True,6909.090909090909,15.872208674985146,21.372208674985146,True,True,True,6909.090909090909,-9.215893889117414,-9.215893889117414,True,SUCCESS,,9.690920114517212
751,PBFT,7.6,6.0,8cc388bc2b3588a0,0,6333.333333333333,25.08810256410256,31.08810256410256,True,True,True,6333.333333333333,15.872208674985153,21.872208674985153,True,True,True,6333.333333333333,-9.215893889117407,-9.215893889117407,True,SUCCESS,,9.524948596954346
752,PBFT,7.6,6.5,5d12abb3b2bde118,0,5846.153846153846,25.08810256410256,31.58810256410256,True,True,True,5846.153846153846,15.872208674985153,22.372208674985153,True,True,True,5846.153846153846,-9.215893889117407,-9.215893889117407,True,SUCCESS,,9.39099907875061
753,PBFT,7.6,7.0,85494803952985d5,0,5428.571428571428,25.08810256410256,32.088102564102556,True,True,True,5428.571428571428,15.872208674985153,22.872208674985153,True,True,True,5428.571428571428,-9.215893889117407,-9.215893889117403,True,SUCCESS,,9.546014308929443
754,PBFT,7.6,7.5,917dac72d46bd452,0,5066.666666666667,25.08810256410256,32.588102564102556,True,True,True,5066.666666666667,15.872208674985153,23.372208674985153,True,True,True,5066.666666666667,-9.215893889117407,-9.215893889117403,True,SUCCESS,,9.517939567565918
755,PBFT,7.6,8.0,b9dc6340db9ce9fc,0,4750.0,25.08810256410256,33.088102564102556,True,True,True,4750.0,15.872208674985153,23.872208674985153,True,True,True,4750.0,-9.215893889117407,-9.215893889117403,True,SUCCESS,,9.550848007202148
756,PBFT,7.6,8.5,555f40a59f6d84a4,0,4470.588235294118,25.08810256410256,33.588102564102556,True,True,True,4470.588235294118,15.872208674985153,24.372208674985153,True,True,True,4470.588235294118,-9.215893889117407,-9.215893889117403,True,SUCCESS,,9.468830108642578
757,PBFT,7.6,9.0,e9bb400eadc557f0,0,4222.222222222223,25.08810256410256,34.088102564102556,True,True,True,4222.222222222223,15.872208674985153,24.872208674985153,True,True,True,4222.222222222223,-9.215893889117407,-9.215893889117403,True,SUCCESS,,9.427510023117065
758,PBFT,7.6,9.5,0be20ea234fefbec,0,4000.0,25.08810256410256,34.588102564102556,True,True,True,4000.0,15.872208674985153,25.372208674985153,True,True,True,4000.0,-9.215893889117407,-9.215893889117403,True,SUCCESS,,9.466317892074585
759,PBFT,7.6,10.0,c02945ffcec41134,0,3800.0,25.08810256410256,35.088102564102556,True,True,True,3800.0,15.872208674985153,25.872208674985153,True,True,True,3800.0,-9.215893889117407,-9.215893889117403,True,SUCCESS,,9.619803428649902
760,PBFT,7.8,0.5,aa4dca47197b4642,0,78000.0,25.748242424242417,26.248242424242417,True,False,True,0.0,15.87041852742949,16.37041852742949,True,False,True,0.0,-9.877823896812927,-9.877823896812927,True,SUCCESS,,7.460806131362915
761,PBFT,7.8,1.0,7ca8dd0db8de0b45,0,39000.0,25.748242424242417,26.748242424242417,True,False,True,0.0,16.28978086749851,17.28978086749851,True,False,True,0.0,-9.458461556743906,-9.458461556743906,True,SUCCESS,,10.00954818725586
762,PBFT,7.8,1.5,38b4fcca4e4315e5,0,26000.0,25.748242424242417,27.248242424242417,True,False,True,0.0,16.289780867498518,17.789780867498518,True,False,True,0.0,-9.458461556743899,-9.458461556743899,True,SUCCESS,,9.642361640930176
763,PBFT,7.8,2.0,57424c90c7e36c3f,0,19500.0,25.748242424242417,27.748242424242417,True,False,True,0.0,16.289780867498518,18.289780867498518,True,False,True,0.0,-9.458461556743899,-9.458461556743899,True,SUCCESS,,9.946852922439575
764,PBFT,7.8,2.5,98a488e58f95e8fa,0,15600.0,25.748242424242417,28.248242424242417,True,False,True,0.0,16.28978086749852,18.78978086749852,True,False,True,0.0,-9.458461556743895,-9.458461556743895,True,SUCCESS,,9.744750499725342
765,PBFT,7.8,3.0,14093d3a3f879b05,0,13000.0,25.748242424242417,28.748242424242417,True,False,True,0.0,16.28978086749852,19.28978086749852,True,False,True,0.0,-9.458461556743895,-9.458461556743895,True,SUCCESS,,9.77414083480835
766,PBFT,7.8,3.5,cc9b72abf1f3e31c,0,11142.857142857143,25.748242424242417,29.248242424242417,True,False,True,0.0,16.28978086749852,19.78978086749852,True,True,True,11142.857142857143,-9.458461556743895,-9.458461556743895,False,SUCCESS,,9.838775396347046
767,PBFT,7.8,4.0,4f7445cf6ac137d2,0,9750.0,25.748242424242417,29.748242424242417,True,False,True,0.0,16.28978086749852,20.28978086749852,True,True,True,9750.0,-9.458461556743895,-9.458461556743895,False,SUCCESS,,9.91888427734375
768,PBFT,7.8,4.5,3d4b664103cdd7cf,0,8666.666666666666,25.748242424242417,30.248242424242417,True,False,True,0.0,16.28978086749852,20.78978086749852,True,True,True,8666.666666666666,-9.458461556743895,-9.458461556743895,False,SUCCESS,,10.077336311340332
769,PBFT,7.8,5.0,4962b6ae0133af75,0,7800.0,25.748242424242417,30.748242424242417,True,False,True,0.0,16.28978086749852,21.28978086749852,True,True,True,7800.0,-9.458461556743895,-9.458461556743895,False,SUCCESS,,10.66047978401184
770,PBFT,7.8,5.5,ed5f4099cd0f8f3a,0,7090.909090909091,25.748242424242417,31.248242424242417,True,True,True,7090.909090909091,16.28978086749852,21.78978086749852,True,True,True,7090.909090909091,-9.458461556743895,-9.458461556743895,True,SUCCESS,,10.45880651473999
771,PBFT,7.8,6.0,4904c7688e9cfbbc,0,6500.0,25.748242424242417,31.748242424242417,True,True,True,6500.0,16.28978086749852,22.28978086749852,True,True,True,6500.0,-9.458461556743895,-9.458461556743895,True,SUCCESS,,10.743392705917358
772,PBFT,7.8,6.5,132629fd0e30f50e,0,6000.0,25.748242424242417,32.24824242424242,True,True,True,6000.0,16.28978086749852,22.78978086749852,True,True,True,6000.0,-9.458461556743895,-9.458461556743899,True,SUCCESS,,10.858593463897705
773,PBFT,7.8,7.0,216b9ff50fa80aa1,0,5571.428571428572,25.748242424242417,32.74824242424242,True,True,True,5571.428571428572,16.28978086749852,23.28978086749852,True,True,True,5571.428571428572,-9.458461556743895,-9.458461556743899,True,SUCCESS,,10.245949983596802
774,PBFT,7.8,7.5,83f90791bb6908ec,0,5200.0,25.748242424242417,33.24824242424242,True,True,True,5200.0,16.289780867498525,23.789780867498525,True,True,True,5200.0,-9.458461556743892,-9.458461556743895,True,SUCCESS,,9.94899034500122
775,PBFT,7.8,8.0,3e2460d8298ec917,0,4875.0,25.748242424242417,33.74824242424242,True,True,True,4875.0,16.289780867498525,24.289780867498525,True,True,True,4875.0,-9.458461556743892,-9.458461556743895,True,SUCCESS,,9.834641695022583
776,PBFT,7.8,8.5,415dc27a07bd85e9,0,4588.235294117647,25.748242424242417,34.24824242424242,True,True,True,4588.235294117647,16.28978086749852,24.78978086749852,True,True,True,4588.235294117647,-9.458461556743895,-9.458461556743899,True,SUCCESS,,9.739978551864624
777,PBFT,7.8,9.0,adda5cf173f50a1f,0,4333.333333333333,25.748242424242417,34.74824242424242,True,True,True,4333.333333333333,16.28978086749852,25.28978086749852,True,True,True,4333.333333333333,-9.458461556743895,-9.458461556743899,True,SUCCESS,,9.760948419570923
778,PBFT,7.8,9.5,97137ace92e1bf3b,0,4105.263157894737,25.748242424242417,35.24824242424242,True,True,True,4105.263157894737,16.28978086749852,25.78978086749852,True,True,True,4105.263157894737,-9.458461556743895,-9.458461556743899,True,SUCCESS,,9.925505876541138
779,PBFT,7.8,10.0,e0f4c1132e1070ab,0,3900.0,25.748242424242417,35.74824242424242,True,True,True,3900.0,16.28978086749852,26.28978086749852,True,True,True,3900.0,-9.458461556743895,-9.458461556743899,True,SUCCESS,,10.067421197891235
780,PBFT,8.0,0.5,1b4bc8ef7e210168,0,80000.0,26.408382284382288,26.908382284382288,True,False,True,0.0,16.277234963964094,16.777234963964094,True,False,True,0.0,-10.131147320418194,-10.131147320418194,True,SUCCESS,,7.331655263900757
781,PBFT,8.0,1.0,bdfd2a0ace25f523,0,40000.0,26.408382284382288,27.408382284382288,True,False,True,0.0,16.70735306001188,17.70735306001188,True,False,True,0.0,-9.701029224370409,-9.701029224370409,True,SUCCESS,,10.243252277374268
782,PBFT,8.0,1.5,69b970f721f9e8dc,0,26666.666666666668,26.408382284382288,27.908382284382288,True,False,True,0.0,16.70735306001188,18.20735306001188,True,False,True,0.0,-9.701029224370409,-9.701029224370409,True,SUCCESS,,9.955323457717896
783,PBFT,8.0,2.0,b049775792000880,0,20000.0,26.408382284382288,28.408382284382288,True,False,True,0.0,16.707353060011886,18.707353060011886,True,False,True,0.0,-9.701029224370401,-9.701029224370401,True,SUCCESS,,10.0780508518219
784,PBFT,8.0,2.5,bdc7f0b2d463538a,0,16000.0,26.408382284382288,28.908382284382288,True,False,True,0.0,16.70735306001189,19.20735306001189,True,False,True,0.0,-9.701029224370398,-9.701029224370398,True,SUCCESS,,9.949996948242188
785,PBFT,8.0,3.0,6eaebaa69eed8dad,0,13333.333333333334,26.408382284382288,29.408382284382288,True,False,True,0.0,16.70735306001189,19.70735306001189,True,False,True,0.0,-9.701029224370398,-9.701029224370398,True,SUCCESS,,10.055666446685791
786,PBFT,8.0,3.5,438d410c4f3ef924,0,11428.57142857143,26.408382284382288,29.908382284382288,True,False,True,0.0,16.70735306001189,20.20735306001189,True,True,True,11428.57142857143,-9.701029224370398,-9.701029224370398,False,SUCCESS,,9.998955011367798
787,PBFT,8.0,4.0,6a35d2b4dea0a3ec,0,10000.0,26.408382284382288,30.408382284382288,True,False,True,0.0,16.70735306001189,20.70735306001189,True,True,True,10000.0,-9.701029224370398,-9.701029224370398,False,SUCCESS,,10.049940824508667
788,PBFT,8.0,4.5,0c368f97427cc1a4,0,8888.888888888889,26.408382284382288,30.908382284382288,True,False,True,0.0,16.70735306001189,21.20735306001189,True,True,True,8888.888888888889,-9.701029224370398,-9.701029224370398,False,SUCCESS,,9.985567092895508
789,PBFT,8.0,5.0,f063faa1361adf82,0,8000.0,26.408382284382288,31.408382284382288,True,False,True,0.0,16.707353060011886,21.707353060011886,True,True,True,8000.0,-9.701029224370401,-9.701029224370401,False,SUCCESS,,10.087345838546753
790,PBFT,8.0,5.5,657a974059fc95e6,0,7272.727272727273,26.408382284382288,31.908382284382288,True,True,True,7272.727272727273,16.707353060011886,22.207353060011886,True,True,True,7272.727272727273,-9.701029224370401,-9.701029224370401,True,SUCCESS,,10.192476987838745
791,PBFT,8.0,6.0,3a1cedfa261e4ace,0,6666.666666666667,26.408382284382288,32.408382284382284,True,True,True,6666.666666666667,16.707353060011886,22.707353060011886,True,True,True,6666.666666666667,-9.701029224370401,-9.701029224370398,True,SUCCESS,,10.3895845413208
792,PBFT,8.0,6.5,c14fbde61b89cf99,0,6153.846153846154,26.408382284382288,32.908382284382284,True,True,True,6153.846153846154,16.707353060011886,23.207353060011886,True,True,True,6153.846153846154,-9.701029224370401,-9.701029224370398,True,SUCCESS,,10.414571285247803
793,PBFT,8.0,7.0,08a348bfa86de843,0,5714.285714285715,26.408382284382288,33.408382284382284,True,True,True,5714.285714285715,16.707353060011886,23.707353060011886,True,True,True,5714.285714285715,-9.701029224370401,-9.701029224370398,True,SUCCESS,,10.23525881767273
794,PBFT,8.0,7.5,baea193080c4d3e0,0,5333.333333333333,26.408382284382288,33.908382284382284,True,True,True,5333.333333333333,16.707353060011886,24.207353060011886,True,True,True,5333.333333333333,-9.701029224370401,-9.701029224370398,True,SUCCESS,,10.22322416305542
795,PBFT,8.0,8.0,26ee78b312340190,0,5000.0,26.408382284382288,34.408382284382284,True,True,True,5000.0,16.70735306001189,24.70735306001189,True,True,True,5000.0,-9.701029224370398,-9.701029224370394,True,SUCCESS,,10.127573251724243
796,PBFT,8.0,8.5,d81e8711e40d5400,0,4705.882352941177,26.408382284382288,34.908382284382284,True,True,True,4705.882352941177,16.70735306001189,25.20735306001189,True,True,True,4705.882352941177,-9.701029224370398,-9.701029224370394,True,SUCCESS,,10.070227146148682
797,PBFT,8.0,9.0,c85430d14d693d91,0,4444.444444444444,26.408382284382288,35.408382284382284,True,True,True,4444.444444444444,16.70735306001189,25.70735306001189,True,True,True,4444.444444444444,-9.701029224370398,-9.701029224370394,True,SUCCESS,,10.166403770446777
798,PBFT,8.0,9.5,6d5e115d626b39e4,0,4210.526315789473,26.408382284382288,35.908382284382284,True,True,True,4210.526315789473,16.70735306001189,26.20735306001189,True,True,True,4210.526315789473,-9.701029224370398,-9.701029224370394,True,SUCCESS,,10.23557424545288
799,PBFT,8.0,10.0,fa256ba4e1e0f10e,0,4000.0,26.408382284382288,36.408382284382284,True,True,True,4000.0,16.70735306001189,26.70735306001189,True,True,True,4000.0,-9.701029224370398,-9.701029224370394,True,SUCCESS,,10.09214186668396
800,ZYZZYVA,0.2,0.5,036860ce8162b802,0,2000.0,0.41495571095571104,0.914955710955711,True,True,True,2000.0,0.40422843822843824,0.9042284382284382,True,True,True,2000.0,-0.010727272727272807,-0.010727272727272807,True,SUCCESS,,0.2663285732269287
801,ZYZZYVA,0.2,1.0,23709ea1b2269fea,0,1000.0,0.41495571095571104,1.4149557109557112,True,True,True,1000.0,0.40422843822843824,1.4042284382284382,True,True,True,1000.0,-0.010727272727272807,-0.010727272727272918,True,SUCCESS,,0.28127312660217285
802,ZYZZYVA,0.2,1.5,eada6bb683963cab,0,666.6666666666666,0.41495571095571104,1.9149557109557112,True,True,True,666.6666666666666,0.40422843822843824,1.9042284382284382,True,True,True,666.6666666666666,-0.010727272727272807,-0.010727272727272918,True,SUCCESS,,0.269909143447876
803,ZYZZYVA,0.2,2.0,cdf3b66ba6bf8739,0,500.0,0.41495571095571104,2.414955710955711,True,True,True,500.0,0.40422843822843824,2.4042284382284382,True,True,True,500.0,-0.010727272727272807,-0.010727272727272918,True,SUCCESS,,0.27021241188049316
804,ZYZZYVA,0.2,2.5,e147ff78347f712f,0,400.0,0.41495571095571104,2.914955710955711,True,True,True,400.0,0.40422843822843824,2.9042284382284382,True,True,True,400.0,-0.010727272727272807,-0.010727272727272918,True,SUCCESS,,0.2634556293487549
805,ZYZZYVA,0.2,3.0,3def8ede2316c199,0,333.3333333333333,0.41495571095571104,3.414955710955711,True,True,True,333.3333333333333,0.40422843822843824,3.4042284382284382,True,True,True,333.3333333333333,-0.010727272727272807,-0.010727272727272918,True,SUCCESS,,0.2686276435852051
806,ZYZZYVA,0.2,3.5,40d39362f660bd0e,0,285.7142857142857,0.41495571095571104,3.914955710955711,True,True,True,285.7142857142857,0.40422843822843824,3.9042284382284382,True,True,True,285.7142857142857,-0.010727272727272807,-0.010727272727272918,True,SUCCESS,,0.2806379795074463
807,ZYZZYVA,0.2,4.0,be73050a3a9f7dc8,0,250.0,0.41495571095571104,4.414955710955711,True,True,True,250.0,0.40422843822843646,4.4042284382284365,True,True,True,250.0,-0.010727272727274584,-0.010727272727274695,True,SUCCESS,,0.2557408809661865
808,ZYZZYVA,0.2,4.5,51859fc6f7aaf1ce,0,222.22222222222223,0.41495571095571104,4.914955710955711,True,True,True,222.22222222222223,0.40422843822843646,4.9042284382284365,True,True,True,222.22222222222223,-0.010727272727274584,-0.010727272727274695,True,SUCCESS,,0.2731955051422119
809,ZYZZYVA,0.2,5.0,546fff3e2a4dcece,0,200.0,0.41495571095571104,5.414955710955711,True,True,True,200.0,0.40422843822843646,5.4042284382284365,True,True,True,200.0,-0.010727272727274584,-0.010727272727274695,True,SUCCESS,,0.26777124404907227
810,ZYZZYVA,0.2,5.5,37367bc08fdeb3ee,0,181.8181818181818,0.41495571095571104,5.914955710955711,True,True,True,181.8181818181818,0.40422843822843646,5.9042284382284365,True,True,True,181.8181818181818,-0.010727272727274584,-0.010727272727274695,True,SUCCESS,,0.2733795642852783
811,ZYZZYVA,0.2,6.0,0ca09b2f946f4cbb,0,166.66666666666666,0.41495571095571104,6.414955710955711,True,True,True,166.66666666666666,0.40422843822843646,6.4042284382284365,True,True,True,166.66666666666666,-0.010727272727274584,-0.010727272727274695,True,SUCCESS,,0.28088855743408203
812,ZYZZYVA,0.2,6.5,fe93473eb3632ecb,0,153.84615384615384,0.41495571095571104,6.914955710955711,True,True,True,153.84615384615384,0.40422843822843646,6.9042284382284365,True,True,True,153.84615384615384,-0.010727272727274584,-0.010727272727274695,True,SUCCESS,,0.2719264030456543
813,ZYZZYVA,0.2,7.0,ed78e8db8245e0bd,0,142.85714285714286,0.41495571095571104,7.414955710955711,True,True,True,142.85714285714286,0.40422843822843646,7.4042284382284365,True,True,True,142.85714285714286,-0.010727272727274584,-0.010727272727274695,True,SUCCESS,,0.27228784561157227
814,ZYZZYVA,0.2,7.5,1caf26ce0062a28a,0,133.33333333333334,0.41495571095571104,7.914955710955711,True,True,True,133.33333333333334,0.40422843822843646,7.9042284382284365,True,True,True,133.33333333333334,-0.010727272727274584,-0.010727272727274695,True,SUCCESS,,0.29618144035339355
815,ZYZZYVA,0.2,8.0,f498cb42324a4775,0,125.0,0.41495571095571104,8.414955710955711,True,True,True,125.0,0.40422843822843646,8.404228438228436,True,True,True,125.0,-0.010727272727274584,-0.010727272727274695,True,SUCCESS,,0.27232813835144043
816,ZYZZYVA,0.2,8.5,cebb6304c4431b5c,0,117.6470588235294,0.41495571095571104,8.914955710955711,True,True,True,117.6470588235294,0.40422843822843646,8.904228438228436,True,True,True,117.6470588235294,-0.010727272727274584,-0.010727272727274695,True,SUCCESS,,0.2897775173187256
817,ZYZZYVA,0.2,9.0,c8f81095edf2ded6,0,111.11111111111111,0.41495571095571104,9.414955710955711,True,True,True,111.11111111111111,0.40422843822843646,9.404228438228436,True,True,True,111.11111111111111,-0.010727272727274584,-0.010727272727274695,True,SUCCESS,,0.26639366149902344
818,ZYZZYVA,0.2,9.5,fed6a62b36b4778b,0,105.26315789473684,0.41495571095571104,9.914955710955711,True,True,True,105.26315789473684,0.40422843822843646,9.904228438228436,True,True,True,105.26315789473684,-0.010727272727274584,-0.010727272727274695,True,SUCCESS,,0.2771425247192383
819,ZYZZYVA,0.2,10.0,94e42a1471fc4e02,0,100.0,0.41495571095571104,10.414955710955711,True,True,True,100.0,0.40422843822843646,10.404228438228436,True,True,True,100.0,-0.010727272727274584,-0.010727272727274695,True,SUCCESS,,0.25100231170654297
820,ZYZZYVA,0.4,0.5,5dd98d64555b8e91,0,4000.0,0.8289417249417251,1.3289417249417252,True,True,True,4000.0,0.8060932400932401,1.3060932400932401,True,True,True,4000.0,-0.022848484848485007,-0.022848484848485118,True,SUCCESS,,0.40378499031066895
821,ZYZZYVA,0.4,1.0,df9a57e91a94fcb5,0,2000.0,0.8289417249417251,1.8289417249417252,True,True,True,2000.0,0.8060932400932401,1.8060932400932401,True,True,True,2000.0,-0.022848484848485007,-0.022848484848485118,True,SUCCESS,,0.4153273105621338
822,ZYZZYVA,0.4,1.5,526fb8dc88901f41,0,1333.3333333333333,0.8289417249417251,2.3289417249417252,True,True,True,1333.3333333333333,0.8060932400932406,2.3060932400932406,True,True,True,1333.3333333333333,-0.022848484848484563,-0.022848484848484674,True,SUCCESS,,0.3993992805480957
823,ZYZZYVA,0.4,2.0,5cefbf062e3964aa,0,1000.0,0.8289417249417251,2.8289417249417252,True,True,True,1000.0,0.8060932400932401,2.80609324009324,True,True,True,1000.0,-0.022848484848485007,-0.022848484848485118,True,SUCCESS,,0.3811936378479004
824,ZYZZYVA,0.4,2.5,7d68241ed1468c42,0,800.0,0.8289417249417251,3.3289417249417252,True,True,True,800.0,0.8060932400932401,3.30609324009324,True,True,True,800.0,-0.022848484848485007,-0.022848484848485118,True,SUCCESS,,0.40695643424987793
825,ZYZZYVA,0.4,3.0,3717cd7dca501d3c,0,666.6666666666666,0.8289417249417251,3.8289417249417252,True,True,True,666.6666666666666,0.8060932400932401,3.80609324009324,True,True,True,666.6666666666666,-0.022848484848485007,-0.022848484848485118,True,SUCCESS,,0.425642728805542
826,ZYZZYVA,0.4,3.5,aa38af3d1713231c,0,571.4285714285714,0.8289417249417251,4.328941724941725,True,True,True,571.4285714285714,0.8060932400932419,4.306093240093242,True,True,True,571.4285714285714,-0.02284848484848323,-0.022848484848482897,True,SUCCESS,,0.3946857452392578
827,ZYZZYVA,0.4,4.0,5ef65732bd462bb3,0,500.0,0.8289417249417251,4.828941724941725,True,True,True,500.0,0.8060932400932401,4.80609324009324,True,True,True,500.0,-0.022848484848485007,-0.022848484848484674,True,SUCCESS,,0.4199643135070801
828,ZYZZYVA,0.4,4.5,7c3ad1c2768a8b2b,0,444.44444444444446,0.8289417249417251,5.328941724941725,True,True,True,444.44444444444446,0.8060932400932401,5.30609324009324,True,True,True,444.44444444444446,-0.022848484848485007,-0.022848484848484674,True,SUCCESS,,0.37394189834594727
829,ZYZZYVA,0.4,5.0,ee9efcd5487aa431,0,400.0,0.8289417249417251,5.828941724941725,True,True,True,400.0,0.8060932400932401,5.80609324009324,True,True,True,400.0,-0.022848484848485007,-0.022848484848484674,True,SUCCESS,,0.3968021869659424
830,ZYZZYVA,0.4,5.5,0a44bc0cea75983d,0,363.6363636363636,0.8289417249417251,6.328941724941725,True,True,True,363.6363636363636,0.8060932400932401,6.30609324009324,True,True,True,363.6363636363636,-0.022848484848485007,-0.022848484848484674,True,SUCCESS,,0.39518046379089355
831,ZYZZYVA,0.4,6.0,f7f39c4843320f6d,0,333.3333333333333,0.8289417249417251,6.828941724941725,True,True,True,333.3333333333333,0.8060932400932401,6.80609324009324,True,True,True,333.3333333333333,-0.022848484848485007,-0.022848484848484674,True,SUCCESS,,0.4182393550872803
832,ZYZZYVA,0.4,6.5,9bcd339a621caaab,0,307.6923076923077,0.8289417249417251,7.328941724941725,True,True,True,307.6923076923077,0.8060932400932401,7.30609324009324,True,True,True,307.6923076923077,-0.022848484848485007,-0.022848484848484674,True,SUCCESS,,0.37375926971435547
833,ZYZZYVA,0.4,7.0,61dc686bef5baea4,0,285.7142857142857,0.8289417249417251,7.828941724941725,True,True,True,285.7142857142857,0.8060932400932401,7.80609324009324,True,True,True,285.7142857142857,-0.022848484848485007,-0.022848484848484674,True,SUCCESS,,0.421339750289917
834,ZYZZYVA,0.4,7.5,17e033d476bd84b6,0,266.6666666666667,0.8289417249417251,8.328941724941725,True,True,True,266.6666666666667,0.8060932400932366,8.306093240093237,True,True,True,266.6666666666667,-0.02284848484848856,-0.022848484848488226,True,SUCCESS,,0.41678524017333984
835,ZYZZYVA,0.4,8.0,438085a25f27c3a0,0,250.0,0.8289417249417251,8.828941724941725,True,True,True,250.0,0.8060932400932366,8.806093240093237,True,True,True,250.0,-0.02284848484848856,-0.022848484848488226,True,SUCCESS,,0.4194645881652832
836,ZYZZYVA,0.4,8.5,5f38c4a7a5d76c6e,0,235.2941176470588,0.8289417249417251,9.328941724941725,True,True,True,235.2941176470588,0.8060932400932366,9.306093240093237,True,True,True,235.2941176470588,-0.02284848484848856,-0.022848484848488226,True,SUCCESS,,0.3831605911254883
837,ZYZZYVA,0.4,9.0,9965f9dbb2bef69a,0,222.22222222222223,0.8289417249417251,9.828941724941725,True,True,True,222.22222222222223,0.8060932400932366,9.806093240093237,True,True,True,222.22222222222223,-0.02284848484848856,-0.022848484848488226,True,SUCCESS,,0.39501190185546875
838,ZYZZYVA,0.4,9.5,f37d9cb04a3bc96b,0,210.52631578947367,0.8289417249417251,10.328941724941725,True,True,True,210.52631578947367,0.8060932400932366,10.306093240093237,True,True,True,210.52631578947367,-0.02284848484848856,-0.022848484848488226,True,SUCCESS,,0.41852688789367676
839,ZYZZYVA,0.4,10.0,5618879f4d18c053,0,200.0,0.8289417249417251,10.828941724941725,True,True,True,200.0,0.8060932400932366,10.806093240093237,True,True,True,200.0,-0.02284848484848856,-0.022848484848488226,True,SUCCESS,,0.4190185070037842
840,ZYZZYVA,0.6,0.5,637964dfbd67c25f,0,6000.0,1.242927738927739,1.742927738927739,True,True,True,6000.0,1.207958041958042,1.707958041958042,True,True,True,6000.0,-0.03496969696969687,-0.03496969696969687,True,SUCCESS,,0.5960121154785156
841,ZYZZYVA,0.6,1.0,7d46626884c96157,0,3000.0,1.242927738927739,2.242927738927739,True,True,True,3000.0,1.2079580419580411,2.207958041958041,True,True,True,3000.0,-0.03496969696969776,-0.03496969696969776,True,SUCCESS,,0.6391048431396484
842,ZYZZYVA,0.6,1.5,a6e36bd9b837b074,0,2000.0,1.242927738927739,2.742927738927739,True,True,True,2000.0,1.207958041958042,2.707958041958042,True,True,True,2000.0,-0.03496969696969687,-0.03496969696969687,True,SUCCESS,,0.5880095958709717
843,ZYZZYVA,0.6,2.0,7b131c7259d579cb,0,1500.0,1.242927738927739,3.242927738927739,True,True,True,1500.0,1.207958041958042,3.207958041958042,True,True,True,1500.0,-0.03496969696969687,-0.03496969696969687,True,SUCCESS,,0.6122889518737793
844,ZYZZYVA,0.6,2.5,14b458b733e999a0,0,1200.0,1.242927738927739,3.742927738927739,True,True,True,1200.0,1.207958041958042,3.707958041958042,True,True,True,1200.0,-0.03496969696969687,-0.03496969696969687,True,SUCCESS,,0.5996577739715576
845,ZYZZYVA,0.6,3.0,6de349abcb7ae92b,0,1000.0,1.242927738927739,4.2429277389277384,True,True,True,1000.0,1.207958041958042,4.207958041958042,True,True,True,1000.0,-0.03496969696969687,-0.03496969696969643,True,SUCCESS,,0.6219723224639893
846,ZYZZYVA,0.6,3.5,cc29cc27ab9e11a7,0,857.1428571428571,1.242927738927739,4.7429277389277384,True,True,True,857.1428571428571,1.207958041958042,4.707958041958042,True,True,True,857.1428571428571,-0.03496969696969687,-0.03496969696969643,True,SUCCESS,,0.6202373504638672
847,ZYZZYVA,0.6,4.0,ace4ccb019509a2a,0,750.0,1.242927738927739,5.2429277389277384,True,True,True,750.0,1.207958041958042,5.207958041958042,True,True,True,750.0,-0.03496969696969687,-0.03496969696969643,True,SUCCESS,,0.5812218189239502
848,ZYZZYVA,0.6,4.5,db292971b82e2705,0,666.6666666666666,1.242927738927739,5.7429277389277384,True,True,True,666.6666666666666,1.207958041958042,5.707958041958042,True,True,True,666.6666666666666,-0.03496969696969687,-0.03496969696969643,True,SUCCESS,,0.6414105892181396
849,ZYZZYVA,0.6,5.0,22f3371be3670a22,0,600.0,1.242927738927739,6.2429277389277384,True,True,True,600.0,1.207958041958042,6.207958041958042,True,True,True,600.0,-0.03496969696969687,-0.03496969696969643,True,SUCCESS,,0.6126303672790527
850,ZYZZYVA,0.6,5.5,10d3f7b3afbcd8b7,0,545.4545454545455,1.242927738927739,6.7429277389277384,True,True,True,545.4545454545455,1.207958041958042,6.707958041958042,True,True,True,545.4545454545455,-0.03496969696969687,-0.03496969696969643,True,SUCCESS,,0.6333849430084229
851,ZYZZYVA,0.6,6.0,a39b1289aab279d0,0,500.0,1.242927738927739,7.2429277389277384,True,True,True,500.0,1.207958041958042,7.207958041958042,True,True,True,500.0,-0.03496969696969687,-0.03496969696969643,True,SUCCESS,,0.5930237770080566
852,ZYZZYVA,0.6,6.5,3a704159ded5ae24,0,461.53846153846155,1.242927738927739,7.7429277389277384,True,True,True,461.53846153846155,1.207958041958042,7.707958041958042,True,True,True,461.53846153846155,-0.03496969696969687,-0.03496969696969643,True,SUCCESS,,0.6204812526702881
853,ZYZZYVA,0.6,7.0,230e90b2e886a1e1,0,428.57142857142856,1.242927738927739,8.242927738927738,True,True,True,428.57142857142856,1.2079580419580438,8.207958041958044,True,True,True,428.57142857142856,-0.0349696969696951,-0.03496969696969465,True,SUCCESS,,0.5927934646606445
854,ZYZZYVA,0.6,7.5,5be8f9864cd9ab9c,0,400.0,1.242927738927739,8.742927738927738,True,True,True,400.0,1.2079580419580402,8.70795804195804,True,True,True,400.0,-0.03496969696969865,-0.034969696969698205,True,SUCCESS,,0.6474530696868896
855,ZYZZYVA,0.6,8.0,031799268aef81b5,0,375.0,1.242927738927739,9.242927738927738,True,True,True,375.0,1.2079580419580402,9.20795804195804,True,True,True,375.0,-0.03496969696969865,-0.034969696969698205,True,SUCCESS,,0.634061336517334
856,ZYZZYVA,0.6,8.5,bbf6439bd36e0958,0,352.94117647058823,1.242927738927739,9.742927738927738,True,True,True,352.94117647058823,1.2079580419580402,9.70795804195804,True,True,True,352.94117647058823,-0.03496969696969865,-0.034969696969698205,True,SUCCESS,,0.6157848834991455
857,ZYZZYVA,0.6,9.0,6711af2519dd98fa,0,333.3333333333333,1.242927738927739,10.242927738927738,True,True,True,333.3333333333333,1.2079580419580402,10.20795804195804,True,True,True,333.3333333333333,-0.03496969696969865,-0.034969696969698205,True,SUCCESS,,0.6201603412628174
858,ZYZZYVA,0.6,9.5,c6c409e6a063da23,0,315.7894736842105,1.242927738927739,10.742927738927738,True,True,True,315.7894736842105,1.2079580419580402,10.70795804195804,True,True,True,315.7894736842105,-0.03496969696969865,-0.034969696969698205,True,SUCCESS,,0.6038808822631836
859,ZYZZYVA,0.6,10.0,f583d4ea55f2f719,0,300.0,1.242927738927739,11.242927738927738,True,True,True,300.0,1.2079580419580402,11.20795804195804,True,True,True,300.0,-0.03496969696969865,-0.034969696969698205,True,SUCCESS,,0.6110751628875732
860,ZYZZYVA,0.8,0.5,babe8dc8814a7cee,0,8000.0,1.6569137529137534,2.1569137529137534,True,True,True,8000.0,1.609822843822844,2.109822843822844,True,True,True,8000.0,-0.047090909090909516,-0.047090909090909516,True,SUCCESS,,0.7495486736297607
861,ZYZZYVA,0.8,1.0,25dad975dd775ea8,0,4000.0,1.6569137529137534,2.6569137529137534,True,True,True,4000.0,1.6098228438228444,2.6098228438228444,True,True,True,4000.0,-0.04709090909090907,-0.04709090909090907,True,SUCCESS,,0.7441513538360596
862,ZYZZYVA,0.8,1.5,efc4c6f0f5a209ee,0,2666.6666666666665,1.6569137529137534,3.1569137529137534,True,True,True,2666.6666666666665,1.609822843822844,3.109822843822844,True,True,True,2666.6666666666665,-0.047090909090909516,-0.047090909090909516,True,SUCCESS,,0.7519519329071045
863,ZYZZYVA,0.8,2.0,09b1329f4e8f8c4a,0,2000.0,1.6569137529137534,3.6569137529137534,True,True,True,2000.0,1.609822843822844,3.609822843822844,True,True,True,2000.0,-0.047090909090909516,-0.047090909090909516,True,SUCCESS,,0.7761983871459961
864,ZYZZYVA,0.8,2.5,ea329795dc099899,0,1600.0,1.6569137529137534,4.156913752913754,True,True,True,1600.0,1.609822843822844,4.109822843822844,True,True,True,1600.0,-0.047090909090909516,-0.04709090909090996,True,SUCCESS,,0.7686076164245605
865,ZYZZYVA,0.8,3.0,eed1469c48c980d4,0,1333.3333333333333,1.6569137529137534,4.656913752913754,True,True,True,1333.3333333333333,1.6098228438228448,4.609822843822845,True,True,True,1333.3333333333333,-0.04709090909090863,-0.04709090909090907,True,SUCCESS,,0.7511286735534668
866,ZYZZYVA,0.8,3.5,8b5258f2c33ce898,0,1142.857142857143,1.6569137529137534,5.156913752913754,True,True,True,1142.857142857143,1.609822843822844,5.109822843822844,True,True,True,1142.857142857143,-0.047090909090909516,-0.04709090909090996,True,SUCCESS,,0.734438419342041
867,ZYZZYVA,0.8,4.0,282df3cfa56a379d,0,1000.0,1.6569137529137534,5.656913752913754,True,True,True,1000.0,1.609822843822844,5.609822843822844,True,True,True,1000.0,-0.047090909090909516,-0.04709090909090996,True,SUCCESS,,0.7940740585327148
868,ZYZZYVA,0.8,4.5,3f433c07921387ad,0,888.8888888888889,1.6569137529137534,6.156913752913754,True,True,True,888.8888888888889,1.609822843822844,6.109822843822844,True,True,True,888.8888888888889,-0.047090909090909516,-0.04709090909090996,True,SUCCESS,,0.7499186992645264
869,ZYZZYVA,0.8,5.0,738295ac7bf7348d,0,800.0,1.6569137529137534,6.656913752913754,True,True,True,800.0,1.609822843822844,6.609822843822844,True,True,True,800.0,-0.047090909090909516,-0.04709090909090996,True,SUCCESS,,0.7887210845947266
870,ZYZZYVA,0.8,5.5,9d088198e32c1e9a,0,727.2727272727273,1.6569137529137534,7.156913752913754,True,True,True,727.2727272727273,1.609822843822844,7.109822843822844,True,True,True,727.2727272727273,-0.047090909090909516,-0.04709090909090996,True,SUCCESS,,0.7616548538208008
871,ZYZZYVA,0.8,6.0,eff7f0592f89cd80,0,666.6666666666666,1.6569137529137534,7.656913752913754,True,True,True,666.6666666666666,1.609822843822844,7.609822843822844,True,True,True,666.6666666666666,-0.047090909090909516,-0.04709090909090996,True,SUCCESS,,0.7191433906555176
872,ZYZZYVA,0.8,6.5,c33e62010b4d017c,0,615.3846153846154,1.6569137529137534,8.156913752913754,True,True,True,615.3846153846154,1.6098228438228457,8.109822843822846,True,True,True,615.3846153846154,-0.04709090909090774,-0.047090909090908184,True,SUCCESS,,0.7553961277008057
873,ZYZZYVA,0.8,7.0,eb204f2c4c1cb483,0,571.4285714285714,1.6569137529137534,8.656913752913754,True,True,True,571.4285714285714,1.6098228438228457,8.609822843822846,True,True,True,571.4285714285714,-0.04709090909090774,-0.047090909090908184,True,SUCCESS,,0.7841110229492188
874,ZYZZYVA,0.8,7.5,5285fe94e5742325,0,533.3333333333334,1.6569137529137534,9.156913752913754,True,True,True,533.3333333333334,1.6098228438228475,9.109822843822847,True,True,True,533.3333333333334,-0.047090909090905964,-0.04709090909090641,True,SUCCESS,,0.7665066719055176
875,ZYZZYVA,0.8,8.0,73f58e57da1dbd29,0,500.0,1.6569137529137534,9.656913752913754,True,True,True,500.0,1.6098228438228475,9.609822843822847,True,True,True,500.0,-0.047090909090905964,-0.04709090909090641,True,SUCCESS,,0.7681620121002197
876,ZYZZYVA,0.8,8.5,a88f4c5fc00f2124,0,470.5882352941176,1.6569137529137534,10.156913752913754,True,True,True,470.5882352941176,1.6098228438228475,10.109822843822847,True,True,True,470.5882352941176,-0.047090909090905964,-0.04709090909090641,True,SUCCESS,,0.7363224029541016
877,ZYZZYVA,0.8,9.0,78743c49d436ee11,0,444.44444444444446,1.6569137529137534,10.656913752913754,True,True,True,444.44444444444446,1.6098228438228475,10.609822843822847,True,True,True,444.44444444444446,-0.047090909090905964,-0.04709090909090641,True,SUCCESS,,0.7517988681793213
878,ZYZZYVA,0.8,9.5,b64efb45255a3b79,0,421.05263157894734,1.6569137529137534,11.156913752913754,True,True,True,421.05263157894734,1.6098228438228475,11.109822843822847,True,True,True,421.05263157894734,-0.047090909090905964,-0.04709090909090641,True,SUCCESS,,0.7670106887817383
879,ZYZZYVA,0.8,10.0,447ac1b21c40a251,0,400.0,1.6569137529137534,11.656913752913754,True,True,True,400.0,1.6098228438228475,11.609822843822847,True,True,True,400.0,-0.047090909090905964,-0.04709090909090641,True,SUCCESS,,0.770209789276123
880,ZYZZYVA,1.0,0.5,6173f6c2c1d3fa15,0,10000.0,2.070899766899767,2.570899766899767,True,True,True,10000.0,2.0116876456876462,2.5116876456876462,True,True,True,10000.0,-0.05921212121212083,-0.05921212121212083,True,SUCCESS,,0.9607336521148682
881,ZYZZYVA,1.0,1.0,48f9ca60d5d3ac91,0,5000.0,2.070899766899767,3.070899766899767,True,True,True,5000.0,2.011687645687646,3.011687645687646,True,True,True,5000.0,-0.05921212121212127,-0.05921212121212127,True,SUCCESS,,0.9854788780212402
882,ZYZZYVA,1.0,1.5,60fd76d44cc3e1b0,0,3333.3333333333335,2.070899766899767,3.570899766899767,True,True,True,3333.3333333333335,2.011687645687646,3.511687645687646,True,True,True,3333.3333333333335,-0.05921212121212127,-0.05921212121212127,True,SUCCESS,,0.9585635662078857
883,ZYZZYVA,1.0,2.0,acb838700140061e,0,2500.0,2.070899766899767,4.0708997668997675,True,True,True,2500.0,2.011687645687646,4.011687645687646,True,True,True,2500.0,-0.05921212121212127,-0.059212121212121716,True,SUCCESS,,0.9851198196411133
884,ZYZZYVA,1.0,2.5,576a91b0f04bb021,0,2000.0,2.070899766899767,4.5708997668997675,True,True,True,2000.0,2.011687645687644,4.511687645687644,True,True,True,2000.0,-0.05921212121212305,-0.05921212121212349,True,SUCCESS,,0.9934601783752441
885,ZYZZYVA,1.0,3.0,fc5fe74ce073b549,0,1666.6666666666667,2.070899766899767,5.0708997668997675,True,True,True,1666.6666666666667,2.011687645687644,5.011687645687644,True,True,True,1666.6666666666667,-0.05921212121212305,-0.05921212121212349,True,SUCCESS,,0.973628044128418
886,ZYZZYVA,1.0,3.5,900e3558454a3918,0,1428.5714285714287,2.070899766899767,5.5708997668997675,True,True,True,1428.5714285714287,2.011687645687644,5.511687645687644,True,True,True,1428.5714285714287,-0.05921212121212305,-0.05921212121212349,True,SUCCESS,,1.0064935684204102
887,ZYZZYVA,1.0,4.0,67d6a9598c0e2e18,0,1250.0,2.070899766899767,6.0708997668997675,True,True,True,1250.0,2.011687645687644,6.011687645687644,True,True,True,1250.0,-0.05921212121212305,-0.05921212121212349,True,SUCCESS,,0.9570472240447998
888,ZYZZYVA,1.0,4.5,a7610f40851afe0e,0,1111.111111111111,2.070899766899767,6.5708997668997675,True,True,True,1111.111111111111,2.011687645687644,6.511687645687644,True,True,True,1111.111111111111,-0.05921212121212305,-0.05921212121212349,True,SUCCESS,,0.9776856899261475
889,ZYZZYVA,1.0,5.0,3d4a97f5b7fea86c,0,1000.0,2.070899766899767,7.0708997668997675,True,True,True,1000.0,2.011687645687644,7.011687645687644,True,True,True,1000.0,-0.05921212121212305,-0.05921212121212349,True,SUCCESS,,0.9692764282226562
890,ZYZZYVA,1.0,5.5,e78bd3e8863c2f3a,0,909.0909090909091,2.070899766899767,7.5708997668997675,True,True,True,909.0909090909091,2.011687645687644,7.511687645687644,True,True,True,909.0909090909091,-0.05921212121212305,-0.05921212121212349,True,SUCCESS,,0.9701566696166992
891,ZYZZYVA,1.0,6.0,57c55661b21308d0,0,833.3333333333334,2.070899766899767,8.070899766899768,True,True,True,833.3333333333334,2.011687645687646,8.011687645687646,True,True,True,833.3333333333334,-0.05921212121212127,-0.059212121212121716,True,SUCCESS,,0.9569127559661865
892,ZYZZYVA,1.0,6.5,91c852f039017bf3,0,769.2307692307693,2.070899766899767,8.570899766899768,True,True,True,769.2307692307693,2.0116876456876494,8.51168764568765,True,True,True,769.2307692307693,-0.05921212121211772,-0.05921212121211816,True,SUCCESS,,1.107975959777832
893,ZYZZYVA,1.0,7.0,f1af892e6a275137,0,714.2857142857143,2.070899766899767,9.070899766899768,True,True,True,714.2857142857143,2.0116876456876476,9.011687645687648,True,True,True,714.2857142857143,-0.059212121212119495,-0.05921212121211994,True,SUCCESS,,1.0563685894012451
894,ZYZZYVA,1.0,7.5,1fba3375a6f8b75a,0,666.6666666666666,2.070899766899767,9.570899766899768,True,True,True,666.6666666666666,2.0116876456876476,9.511687645687648,True,True,True,666.6666666666666,-0.059212121212119495,-0.05921212121211994,True,SUCCESS,,1.036989450454712
895,ZYZZYVA,1.0,8.0,3b2a8e0782eb5192,0,625.0,2.070899766899767,10.070899766899768,True,True,True,625.0,2.0116876456876476,10.011687645687648,True,True,True,625.0,-0.059212121212119495,-0.05921212121211994,True,SUCCESS,,1.0267674922943115
896,ZYZZYVA,1.0,8.5,89045382a63df5ed,0,588.2352941176471,2.070899766899767,10.570899766899768,True,True,True,588.2352941176471,2.0116876456876476,10.511687645687648,True,True,True,588.2352941176471,-0.059212121212119495,-0.05921212121211994,True,SUCCESS,,1.0013890266418457
897,ZYZZYVA,1.0,9.0,36a987536a16d5cf,0,555.5555555555555,2.070899766899767,11.070899766899768,True,True,True,555.5555555555555,2.0116876456876476,11.011687645687648,True,True,True,555.5555555555555,-0.059212121212119495,-0.05921212121211994,True,SUCCESS,,1.1191940307617188
898,ZYZZYVA,1.0,9.5,5a5aedcfaaccf20c,0,526.3157894736842,2.070899766899767,11.570899766899768,True,True,True,526.3157894736842,2.0116876456876476,11.511687645687648,True,True,True,526.3157894736842,-0.059212121212119495,-0.05921212121211994,True,SUCCESS,,1.1694958209991455
899,ZYZZYVA,1.0,10.0,45a70b07f6b93fad,0,500.0,2.070899766899767,12.070899766899768,True,True,True,500.0,2.0116876456876476,12.011687645687648,True,True,True,500.0,-0.059212121212119495,-0.05921212121211994,True,SUCCESS,,1.076737642288208
900,ZYZZYVA,1.2,0.5,a9fb14af605e2851,0,12000.0,2.4848857808857807,2.9848857808857807,True,True,True,12000.0,2.4135524475524477,2.9135524475524477,True,True,True,12000.0,-0.07133333333333303,-0.07133333333333303,True,SUCCESS,,1.2680332660675049
901,ZYZZYVA,1.2,1.0,a8487ef2c53edebf,0,6000.0,2.4848857808857807,3.4848857808857807,True,True,True,6000.0,2.4135524475524477,3.4135524475524477,True,True,True,6000.0,-0.07133333333333303,-0.07133333333333303,True,SUCCESS,,1.2357614040374756
902,ZYZZYVA,1.2,1.5,5db39f04f3deabe8,0,4000.0,2.4848857808857807,3.9848857808857807,True,True,True,4000.0,2.4135524475524477,3.9135524475524477,True,True,True,4000.0,-0.07133333333333303,-0.07133333333333303,True,SUCCESS,,1.2595117092132568
903,ZYZZYVA,1.2,2.0,8e65dc534ca79b29,0,3000.0,2.4848857808857807,4.484885780885781,True,True,True,3000.0,2.413552447552445,4.413552447552445,True,True,True,3000.0,-0.07133333333333569,-0.07133333333333614,True,SUCCESS,,1.2366971969604492
904,ZYZZYVA,1.2,2.5,e4829a45b1340fc6,0,2400.0,2.4848857808857807,4.984885780885781,True,True,True,2400.0,2.4135524475524477,4.913552447552448,True,True,True,2400.0,-0.07133333333333303,-0.07133333333333347,True,SUCCESS,,1.2586593627929688
905,ZYZZYVA,1.2,3.0,efbffcb958de65e7,0,2000.0,2.4848857808857807,5.484885780885781,True,True,True,2000.0,2.4135524475524477,5.413552447552448,True,True,True,2000.0,-0.07133333333333303,-0.07133333333333347,True,SUCCESS,,1.2409796714782715
906,ZYZZYVA,1.2,3.5,500162f716441208,0,1714.2857142857142,2.4848857808857807,5.984885780885781,True,True,True,1714.2857142857142,2.4135524475524477,5.913552447552448,True,True,True,1714.2857142857142,-0.07133333333333303,-0.07133333333333347,True,SUCCESS,,1.228254795074463
907,ZYZZYVA,1.2,4.0,8661b3e9b34023d4,0,1500.0,2.4848857808857807,6.484885780885781,True,True,True,1500.0,2.4135524475524477,6.413552447552448,True,True,True,1500.0,-0.07133333333333303,-0.07133333333333347,True,SUCCESS,,1.197260856628418
908,ZYZZYVA,1.2,4.5,f577790d840b8f73,0,1333.3333333333333,2.4848857808857807,6.984885780885781,True,True,True,1333.3333333333333,2.4135524475524477,6.913552447552448,True,True,True,1333.3333333333333,-0.07133333333333303,-0.07133333333333347,True,SUCCESS,,1.2838246822357178
909,ZYZZYVA,1.2,5.0,57ba71b0146ae3e5,0,1200.0,2.4848857808857807,7.484885780885781,True,True,True,1200.0,2.4135524475524477,7.413552447552448,True,True,True,1200.0,-0.07133333333333303,-0.07133333333333347,True,SUCCESS,,1.1993327140808105
910,ZYZZYVA,1.2,5.5,13109b845f91df99,0,1090.909090909091,2.4848857808857807,7.984885780885781,True,True,True,1090.909090909091,2.4135524475524477,7.913552447552448,True,True,True,1090.909090909091,-0.07133333333333303,-0.07133333333333347,True,SUCCESS,,0.943040132522583
911,ZYZZYVA,1.2,6.0,37bf4c34028654bd,0,1000.0,2.4848857808857807,8.484885780885781,True,True,True,1000.0,2.4135524475524495,8.41355244755245,True,True,True,1000.0,-0.07133333333333125,-0.0713333333333317,True,SUCCESS,,0.9401798248291016
912,ZYZZYVA,1.2,6.5,db32dbe00adbaa4a,0,923.0769230769231,2.4848857808857807,8.984885780885781,True,True,True,923.0769230769231,2.413552447552446,8.913552447552446,True,True,True,923.0769230769231,-0.0713333333333348,-0.07133333333333525,True,SUCCESS,,1.0312371253967285
913,ZYZZYVA,1.2,7.0,2b7b23cf350be568,0,857.1428571428571,2.4848857808857807,9.484885780885781,True,True,True,857.1428571428571,2.4135524475524477,9.413552447552448,True,True,True,857.1428571428571,-0.07133333333333303,-0.07133333333333347,True,SUCCESS,,0.9882512092590332
914,ZYZZYVA,1.2,7.5,2f7d6414bf0afc57,0,800.0,2.4848857808857807,9.984885780885781,True,True,True,800.0,2.4135524475524477,9.913552447552448,True,True,True,800.0,-0.07133333333333303,-0.07133333333333347,True,SUCCESS,,1.0426974296569824
915,ZYZZYVA,1.2,8.0,df207db9e40bea71,0,750.0,2.4848857808857807,10.484885780885781,True,True,True,750.0,2.4135524475524477,10.413552447552448,True,True,True,750.0,-0.07133333333333303,-0.07133333333333347,True,SUCCESS,,1.0598540306091309
916,ZYZZYVA,1.2,8.5,a326ca449de5c20a,0,705.8823529411765,2.4848857808857807,10.984885780885781,True,True,True,705.8823529411765,2.4135524475524477,10.913552447552448,True,True,True,705.8823529411765,-0.07133333333333303,-0.07133333333333347,True,SUCCESS,,1.0057690143585205
917,ZYZZYVA,1.2,9.0,3f59086bb86f94de,0,666.6666666666666,2.4848857808857807,11.484885780885781,True,True,True,666.6666666666666,2.4135524475524477,11.413552447552448,True,True,True,666.6666666666666,-0.07133333333333303,-0.07133333333333347,True,SUCCESS,,1.0119836330413818
918,ZYZZYVA,1.2,9.5,360831d26a69596e,0,631.578947368421,2.4848857808857807,11.984885780885781,True,True,True,631.578947368421,2.4135524475524477,11.913552447552448,True,True,True,631.578947368421,-0.07133333333333303,-0.07133333333333347,True,SUCCESS,,1.0463714599609375
919,ZYZZYVA,1.2,10.0,b82143bb662e54c0,0,600.0,2.4848857808857807,12.484885780885781,True,True,True,600.0,2.4135524475524477,12.413552447552448,True,True,True,600.0,-0.07133333333333303,-0.07133333333333347,True,SUCCESS,,1.0432851314544678
920,ZYZZYVA,1.4,0.5,3ee9da2837dc4891,0,14000.0,2.898871794871795,3.398871794871795,True,False,True,0.0,2.8154172494172482,3.3154172494172482,True,False,True,0.0,-0.08345454545454656,-0.08345454545454656,True,SUCCESS,,1.2041971683502197
921,ZYZZYVA,1.4,1.0,f4b5838ce1931e2c,0,7000.0,2.898871794871795,3.898871794871795,True,True,True,7000.0,2.8154172494172496,3.8154172494172496,True,True,True,7000.0,-0.08345454545454523,-0.08345454545454523,True,SUCCESS,,1.3354558944702148
922,ZYZZYVA,1.4,1.5,8e092b74cb600474,0,4666.666666666667,2.898871794871795,4.398871794871795,True,True,True,4666.666666666667,2.8154172494172496,4.31541724941725,True,True,True,4666.666666666667,-0.08345454545454523,-0.08345454545454523,True,SUCCESS,,1.2447760105133057
923,ZYZZYVA,1.4,2.0,b418bc602bd27dfb,0,3500.0,2.898871794871795,4.898871794871795,True,True,True,3500.0,2.8154172494172496,4.81541724941725,True,True,True,3500.0,-0.08345454545454523,-0.08345454545454523,True,SUCCESS,,1.2580747604370117
924,ZYZZYVA,1.4,2.5,db1674823c702d64,0,2800.0,2.898871794871795,5.398871794871795,True,True,True,2800.0,2.8154172494172496,5.31541724941725,True,True,True,2800.0,-0.08345454545454523,-0.08345454545454523,True,SUCCESS,,1.206669569015503
925,ZYZZYVA,1.4,3.0,9cc66b154415c346,0,2333.3333333333335,2.898871794871795,5.898871794871795,True,True,True,2333.3333333333335,2.8154172494172496,5.81541724941725,True,True,True,2333.3333333333335,-0.08345454545454523,-0.08345454545454523,True,SUCCESS,,1.2157361507415771
926,ZYZZYVA,1.4,3.5,0e755109307d25e1,0,2000.0,2.898871794871795,6.398871794871795,True,True,True,2000.0,2.8154172494172496,6.31541724941725,True,True,True,2000.0,-0.08345454545454523,-0.08345454545454523,True,SUCCESS,,1.2319915294647217
927,ZYZZYVA,1.4,4.0,945040cb3f31f187,0,1750.0,2.898871794871795,6.898871794871795,True,True,True,1750.0,2.8154172494172496,6.81541724941725,True,True,True,1750.0,-0.08345454545454523,-0.08345454545454523,True,SUCCESS,,1.2625653743743896
928,ZYZZYVA,1.4,4.5,f8140d0445c1c5af,0,1555.5555555555557,2.898871794871795,7.398871794871795,True,True,True,1555.5555555555557,2.8154172494172496,7.31541724941725,True,True,True,1555.5555555555557,-0.08345454545454523,-0.08345454545454523,True,SUCCESS,,1.216045618057251
929,ZYZZYVA,1.4,5.0,687d92d4ad8d532d,0,1400.0,2.898871794871795,7.898871794871795,True,True,True,1400.0,2.8154172494172496,7.81541724941725,True,True,True,1400.0,-0.08345454545454523,-0.08345454545454523,True,SUCCESS,,1.2128963470458984
930,ZYZZYVA,1.4,5.5,81b933b61ceb12a8,0,1272.7272727272727,2.898871794871795,8.398871794871795,True,True,True,1272.7272727272727,2.815417249417248,8.315417249417248,True,True,True,1272.7272727272727,-0.083454545454547,-0.083454545454547,True,SUCCESS,,1.2544574737548828
931,ZYZZYVA,1.4,6.0,e7554aff09817835,0,1166.6666666666667,2.898871794871795,8.898871794871795,True,True,True,1166.6666666666667,2.8154172494172514,8.815417249417251,True,True,True,1166.6666666666667,-0.08345454545454345,-0.08345454545454345,True,SUCCESS,,1.2478175163269043
932,ZYZZYVA,1.4,6.5,52382062e747c4d9,0,1076.923076923077,2.898871794871795,9.398871794871795,True,True,True,1076.923076923077,2.8154172494172496,9.31541724941725,True,True,True,1076.923076923077,-0.08345454545454523,-0.08345454545454523,True,SUCCESS,,1.2053005695343018
933,ZYZZYVA,1.4,7.0,41b7dcdf0d6295d7,0,1000.0,2.898871794871795,9.898871794871795,True,True,True,1000.0,2.8154172494172514,9.815417249417251,True,True,True,1000.0,-0.08345454545454345,-0.08345454545454345,True,SUCCESS,,1.2134768962860107
934,ZYZZYVA,1.4,7.5,7145d90acdd22ebf,0,933.3333333333334,2.898871794871795,10.398871794871795,True,True,True,933.3333333333334,2.8154172494172514,10.315417249417251,True,True,True,933.3333333333334,-0.08345454545454345,-0.08345454545454345,True,SUCCESS,,1.2607948780059814
935,ZYZZYVA,1.4,8.0,262200f59c9ddf6c,0,875.0,2.898871794871795,10.898871794871795,True,True,True,875.0,2.8154172494172514,10.815417249417251,True,True,True,875.0,-0.08345454545454345,-0.08345454545454345,True,SUCCESS,,1.2294127941131592
936,ZYZZYVA,1.4,8.5,c5fb40f5f535c82c,0,823.5294117647059,2.898871794871795,11.398871794871795,True,True,True,823.5294117647059,2.8154172494172514,11.315417249417251,True,True,True,823.5294117647059,-0.08345454545454345,-0.08345454545454345,True,SUCCESS,,1.2229282855987549
937,ZYZZYVA,1.4,9.0,36fdc0c16ea6a3bb,0,777.7777777777778,2.898871794871795,11.898871794871795,True,True,True,777.7777777777778,2.8154172494172514,11.815417249417251,True,True,True,777.7777777777778,-0.08345454545454345,-0.08345454545454345,True,SUCCESS,,1.2301974296569824
938,ZYZZYVA,1.4,9.5,8142a42084197079,0,736.8421052631579,2.898871794871795,12.398871794871795,True,True,True,736.8421052631579,2.8154172494172514,12.315417249417251,True,True,True,736.8421052631579,-0.08345454545454345,-0.08345454545454345,True,SUCCESS,,1.2480549812316895
939,ZYZZYVA,1.4,10.0,c484f08ad2440a9f,0,700.0,2.898871794871795,12.898871794871795,True,True,True,700.0,2.8154172494172514,12.815417249417251,True,True,True,700.0,-0.08345454545454345,-0.08345454545454345,True,SUCCESS,,1.2404961585998535
940,ZYZZYVA,1.6,0.5,999aaed067de54f4,0,16000.0,3.31285780885781,3.81285780885781,True,False,True,0.0,3.2172820512820515,3.7172820512820515,True,False,True,0.0,-0.09557575757575831,-0.09557575757575831,True,SUCCESS,,1.3408424854278564
941,ZYZZYVA,1.6,1.0,e983d5983e04a956,0,8000.0,3.31285780885781,4.31285780885781,True,True,True,8000.0,3.2172820512820524,4.217282051282052,True,True,True,8000.0,-0.09557575757575743,-0.09557575757575787,True,SUCCESS,,1.3828251361846924
942,ZYZZYVA,1.6,1.5,72a49aa283b0b860,0,5333.333333333333,3.31285780885781,4.81285780885781,True,True,True,5333.333333333333,3.2172820512820506,4.717282051282051,True,True,True,5333.333333333333,-0.0955757575757592,-0.09557575757575965,True,SUCCESS,,1.3773770332336426
943,ZYZZYVA,1.6,2.0,57fbd37fc4412f71,0,4000.0,3.31285780885781,5.31285780885781,True,True,True,4000.0,3.2172820512820524,5.217282051282052,True,True,True,4000.0,-0.09557575757575743,-0.09557575757575787,True,SUCCESS,,1.3937759399414062
944,ZYZZYVA,1.6,2.5,250fb74e500efc35,0,3200.0,3.31285780885781,5.81285780885781,True,True,True,3200.0,3.2172820512820515,5.7172820512820515,True,True,True,3200.0,-0.09557575757575831,-0.09557575757575876,True,SUCCESS,,1.335556983947754
945,ZYZZYVA,1.6,3.0,63a57942e09448ff,0,2666.6666666666665,3.31285780885781,6.31285780885781,True,True,True,2666.6666666666665,3.2172820512820515,6.2172820512820515,True,True,True,2666.6666666666665,-0.09557575757575831,-0.09557575757575876,True,SUCCESS,,1.386408805847168
946,ZYZZYVA,1.6,3.5,8caade6b15e608b9,0,2285.714285714286,3.31285780885781,6.81285780885781,True,True,True,2285.714285714286,3.2172820512820515,6.7172820512820515,True,True,True,2285.714285714286,-0.09557575757575831,-0.09557575757575876,True,SUCCESS,,1.3720862865447998
947,ZYZZYVA,1.6,4.0,36b4efcc14a6773e,0,2000.0,3.31285780885781,7.31285780885781,True,True,True,2000.0,3.2172820512820515,7.2172820512820515,True,True,True,2000.0,-0.09557575757575831,-0.09557575757575876,True,SUCCESS,,1.3924143314361572
948,ZYZZYVA,1.6,4.5,4ef8f8aab9cdcdd0,0,1777.7777777777778,3.31285780885781,7.81285780885781,True,True,True,1777.7777777777778,3.2172820512820515,7.7172820512820515,True,True,True,1777.7777777777778,-0.09557575757575831,-0.09557575757575876,True,SUCCESS,,1.3660356998443604
949,ZYZZYVA,1.6,5.0,9d170b9db5ee9e28,0,1600.0,3.31285780885781,8.31285780885781,True,True,True,1600.0,3.2172820512820532,8.217282051282053,True,True,True,1600.0,-0.09557575757575654,-0.09557575757575698,True,SUCCESS,,1.3502354621887207
950,ZYZZYVA,1.6,5.5,ca8a7c86158b07d2,0,1454.5454545454545,3.31285780885781,8.81285780885781,True,True,True,1454.5454545454545,3.2172820512820532,8.717282051282053,True,True,True,1454.5454545454545,-0.09557575757575654,-0.09557575757575698,True,SUCCESS,,1.3529934883117676
951,ZYZZYVA,1.6,6.0,aed6ccc615d3716e,0,1333.3333333333333,3.31285780885781,9.31285780885781,True,True,True,1333.3333333333333,3.2172820512820515,9.217282051282051,True,True,True,1333.3333333333333,-0.09557575757575831,-0.09557575757575876,True,SUCCESS,,1.3644421100616455
952,ZYZZYVA,1.6,6.5,b057eb373d7240bb,0,1230.7692307692307,3.31285780885781,9.81285780885781,True,True,True,1230.7692307692307,3.2172820512820515,9.717282051282051,True,True,True,1230.7692307692307,-0.09557575757575831,-0.09557575757575876,True,SUCCESS,,1.3742380142211914
953,ZYZZYVA,1.6,7.0,e5fce9466c4597b1,0,1142.857142857143,3.31285780885781,10.31285780885781,True,True,True,1142.857142857143,3.2172820512820515,10.217282051282051,True,True,True,1142.857142857143,-0.09557575757575831,-0.09557575757575876,True,SUCCESS,,1.376962661743164
954,ZYZZYVA,1.6,7.5,872f3a8510668a1e,0,1066.6666666666667,3.31285780885781,10.81285780885781,True,True,True,1066.6666666666667,3.2172820512820515,10.717282051282051,True,True,True,1066.6666666666667,-0.09557575757575831,-0.09557575757575876,True,SUCCESS,,1.4404504299163818
955,ZYZZYVA,1.6,8.0,8cd2b2621f2c2daa,0,1000.0,3.31285780885781,11.31285780885781,True,True,True,1000.0,3.2172820512820515,11.217282051282051,True,True,True,1000.0,-0.09557575757575831,-0.09557575757575876,True,SUCCESS,,1.3703391551971436
956,ZYZZYVA,1.6,8.5,1b17338265e39956,0,941.1764705882352,3.31285780885781,11.81285780885781,True,True,True,941.1764705882352,3.2172820512820515,11.717282051282051,True,True,True,941.1764705882352,-0.09557575757575831,-0.09557575757575876,True,SUCCESS,,1.3491771221160889
957,ZYZZYVA,1.6,9.0,65434a9160dd160a,0,888.8888888888889,3.31285780885781,12.31285780885781,True,True,True,888.8888888888889,3.2172820512820515,12.217282051282051,True,True,True,888.8888888888889,-0.09557575757575831,-0.09557575757575876,True,SUCCESS,,1.3855078220367432
958,ZYZZYVA,1.6,9.5,2fb4d905174d2683,0,842.1052631578947,3.31285780885781,12.81285780885781,True,True,True,842.1052631578947,3.2172820512820515,12.717282051282051,True,True,True,842.1052631578947,-0.09557575757575831,-0.09557575757575876,True,SUCCESS,,1.380530595779419
959,ZYZZYVA,1.6,10.0,4b6a0231414752a6,0,800.0,3.31285780885781,13.31285780885781,True,True,True,800.0,3.2172820512820515,13.217282051282051,True,True,True,800.0,-0.09557575757575831,-0.09557575757575876,True,SUCCESS,,1.4122254848480225
960,ZYZZYVA,1.8,0.5,cb87eecff1efbf8c,0,18000.0,3.7268438228438234,4.226843822843824,True,False,True,0.0,3.6191468531468534,4.119146853146853,True,False,True,0.0,-0.10769696969697007,-0.10769696969697051,True,SUCCESS,,1.5764732360839844
961,ZYZZYVA,1.8,1.0,8ab31ad5c14bad40,0,9000.0,3.7268438228438234,4.726843822843824,True,True,True,9000.0,3.6191468531468525,4.6191468531468525,True,True,True,9000.0,-0.10769696969697096,-0.1076969696969714,True,SUCCESS,,1.6049275398254395
962,ZYZZYVA,1.8,1.5,ae129a1536ab6590,0,6000.0,3.7268438228438234,5.226843822843824,True,True,True,6000.0,3.6191468531468525,5.1191468531468525,True,True,True,6000.0,-0.10769696969697096,-0.1076969696969714,True,SUCCESS,,1.5913755893707275
963,ZYZZYVA,1.8,2.0,79cdbac1eea417c6,0,4500.0,3.7268438228438234,5.726843822843824,True,True,True,4500.0,3.6191468531468516,5.619146853146852,True,True,True,4500.0,-0.10769696969697184,-0.10769696969697229,True,SUCCESS,,1.586932897567749
964,ZYZZYVA,1.8,2.5,2f697849612ad445,0,3600.0,3.7268438228438234,6.226843822843824,True,True,True,3600.0,3.6191468531468516,6.119146853146852,True,True,True,3600.0,-0.10769696969697184,-0.10769696969697229,True,SUCCESS,,1.6360032558441162
965,ZYZZYVA,1.8,3.0,4bdcfa78e3ccf886,0,3000.0,3.7268438228438234,6.726843822843824,True,True,True,3000.0,3.6191468531468516,6.619146853146852,True,True,True,3000.0,-0.10769696969697184,-0.10769696969697229,True,SUCCESS,,1.6682713031768799
966,ZYZZYVA,1.8,3.5,97487e9af9b8ae41,0,2571.4285714285716,3.7268438228438234,7.226843822843824,True,True,True,2571.4285714285716,3.6191468531468516,7.119146853146852,True,True,True,2571.4285714285716,-0.10769696969697184,-0.10769696969697229,True,SUCCESS,,1.6008059978485107
967,ZYZZYVA,1.8,4.0,b1978944069d5d36,0,2250.0,3.7268438228438234,7.726843822843824,True,True,True,2250.0,3.6191468531468516,7.619146853146852,True,True,True,2250.0,-0.10769696969697184,-0.10769696969697229,True,SUCCESS,,1.6198217868804932
968,ZYZZYVA,1.8,4.5,079d2348c803db68,0,2000.0,3.7268438228438234,8.226843822843824,True,True,True,2000.0,3.6191468531468534,8.119146853146853,True,True,True,2000.0,-0.10769696969697007,-0.10769696969697051,True,SUCCESS,,1.624394416809082
969,ZYZZYVA,1.8,5.0,0e651a214813b420,0,1800.0,3.7268438228438234,8.726843822843824,True,True,True,1800.0,3.619146853146855,8.619146853146855,True,True,True,1800.0,-0.10769696969696829,-0.10769696969696874,True,SUCCESS,,1.6280369758605957
970,ZYZZYVA,1.8,5.5,c28be027937e2e9b,0,1636.3636363636363,3.7268438228438234,9.226843822843824,True,True,True,1636.3636363636363,3.6191468531468534,9.119146853146853,True,True,True,1636.3636363636363,-0.10769696969697007,-0.10769696969697051,True,SUCCESS,,1.5896458625793457
971,ZYZZYVA,1.8,6.0,fe08b248c6d65302,0,1500.0,3.7268438228438234,9.726843822843824,True,True,True,1500.0,3.6191468531468534,9.619146853146853,True,True,True,1500.0,-0.10769696969697007,-0.10769696969697051,True,SUCCESS,,1.5818612575531006
972,ZYZZYVA,1.8,6.5,633b72c50ec253f8,0,1384.6153846153845,3.7268438228438234,10.226843822843824,True,True,True,1384.6153846153845,3.6191468531468516,10.119146853146852,True,True,True,1384.6153846153845,-0.10769696969697184,-0.10769696969697229,True,SUCCESS,,1.6138145923614502
973,ZYZZYVA,1.8,7.0,40a89b9a2effabab,0,1285.7142857142858,3.7268438228438234,10.726843822843824,True,True,True,1285.7142857142858,3.6191468531468516,10.619146853146852,True,True,True,1285.7142857142858,-0.10769696969697184,-0.10769696969697229,True,SUCCESS,,1.6446127891540527
974,ZYZZYVA,1.8,7.5,4c5cba273caabcbb,0,1200.0,3.7268438228438234,11.226843822843824,True,True,True,1200.0,3.6191468531468516,11.119146853146852,True,True,True,1200.0,-0.10769696969697184,-0.10769696969697229,True,SUCCESS,,1.5971508026123047
975,ZYZZYVA,1.8,8.0,3f856674d5002440,0,1125.0,3.7268438228438234,11.726843822843824,True,True,True,1125.0,3.6191468531468516,11.619146853146852,True,True,True,1125.0,-0.10769696969697184,-0.10769696969697229,True,SUCCESS,,1.5934786796569824
976,ZYZZYVA,1.8,8.5,5fcf2573a72eb565,0,1058.8235294117646,3.7268438228438234,12.226843822843824,True,True,True,1058.8235294117646,3.6191468531468516,12.119146853146852,True,True,True,1058.8235294117646,-0.10769696969697184,-0.10769696969697229,True,SUCCESS,,1.6521875858306885
977,ZYZZYVA,1.8,9.0,c9f29a6d28ddc1e5,0,1000.0,3.7268438228438234,12.726843822843824,True,True,True,1000.0,3.6191468531468516,12.619146853146852,True,True,True,1000.0,-0.10769696969697184,-0.10769696969697229,True,SUCCESS,,1.6314516067504883
978,ZYZZYVA,1.8,9.5,24f3e66379b78ab6,0,947.3684210526316,3.7268438228438234,13.226843822843824,True,True,True,947.3684210526316,3.6191468531468516,13.119146853146852,True,True,True,947.3684210526316,-0.10769696969697184,-0.10769696969697229,True,SUCCESS,,1.7740511894226074
979,ZYZZYVA,1.8,10.0,9248b3eba2478f14,0,900.0,3.7268438228438234,13.726843822843824,True,True,True,900.0,3.6191468531468516,13.619146853146852,True,True,True,900.0,-0.10769696969697184,-0.10769696969697229,True,SUCCESS,,1.5787017345428467
980,ZYZZYVA,2.0,0.5,f890d8fe7366da21,0,20000.0,4.140829836829837,4.640829836829837,True,False,True,0.0,4.021011655011654,4.521011655011654,True,False,True,0.0,-0.11981818181818227,-0.11981818181818227,True,SUCCESS,,1.782334804534912
981,ZYZZYVA,2.0,1.0,35dc81a5fba398ce,0,10000.0,4.140829836829837,5.140829836829837,True,True,True,10000.0,4.021011655011655,5.021011655011655,True,True,True,10000.0,-0.11981818181818138,-0.11981818181818138,True,SUCCESS,,1.7705206871032715
982,ZYZZYVA,2.0,1.5,eaf923d554791be3,0,6666.666666666667,4.140829836829837,5.640829836829837,True,True,True,6666.666666666667,4.021011655011656,5.521011655011656,True,True,True,6666.666666666667,-0.11981818181818049,-0.11981818181818049,True,SUCCESS,,1.7788114547729492
983,ZYZZYVA,2.0,2.0,ed4345c0df37ec57,0,5000.0,4.140829836829837,6.140829836829837,True,True,True,5000.0,4.021011655011655,6.021011655011655,True,True,True,5000.0,-0.11981818181818138,-0.11981818181818138,True,SUCCESS,,1.7408909797668457
984,ZYZZYVA,2.0,2.5,d491dd577a46098f,0,4000.0,4.140829836829837,6.640829836829837,True,True,True,4000.0,4.021011655011655,6.521011655011655,True,True,True,4000.0,-0.11981818181818138,-0.11981818181818138,True,SUCCESS,,1.7053256034851074
985,ZYZZYVA,2.0,3.0,c3c9f4628d2fbdec,0,3333.3333333333335,4.140829836829837,7.140829836829837,True,True,True,3333.3333333333335,4.021011655011655,7.021011655011655,True,True,True,3333.3333333333335,-0.11981818181818138,-0.11981818181818138,True,SUCCESS,,1.7024784088134766
986,ZYZZYVA,2.0,3.5,71ae85281288e55a,0,2857.1428571428573,4.140829836829837,7.640829836829837,True,True,True,2857.1428571428573,4.021011655011655,7.521011655011655,True,True,True,2857.1428571428573,-0.11981818181818138,-0.11981818181818138,True,SUCCESS,,1.7394249439239502
987,ZYZZYVA,2.0,4.0,ecb700872252989d,0,2500.0,4.140829836829837,8.140829836829838,True,True,True,2500.0,4.021011655011657,8.021011655011657,True,True,True,2500.0,-0.1198181818181796,-0.11981818181818049,True,SUCCESS,,1.7629222869873047
988,ZYZZYVA,2.0,4.5,7af497339f46bfb8,0,2222.222222222222,4.140829836829837,8.640829836829838,True,True,True,2222.222222222222,4.021011655011657,8.521011655011657,True,True,True,2222.222222222222,-0.1198181818181796,-0.11981818181818049,True,SUCCESS,,1.721036672592163
989,ZYZZYVA,2.0,5.0,8871ce03aa5b8e62,0,2000.0,4.140829836829837,9.140829836829838,True,True,True,2000.0,4.021011655011657,9.021011655011657,True,True,True,2000.0,-0.1198181818181796,-0.11981818181818049,True,SUCCESS,,1.8467810153961182
990,ZYZZYVA,2.0,5.5,4e2ded5b4a35c71f,0,1818.1818181818182,4.140829836829837,9.640829836829838,True,True,True,1818.1818181818182,4.0210116550116535,9.521011655011653,True,True,True,1818.1818181818182,-0.11981818181818316,-0.11981818181818404,True,SUCCESS,,1.7233099937438965
991,ZYZZYVA,2.0,6.0,f6dd64d9e2226278,0,1666.6666666666667,4.140829836829837,10.140829836829838,True,True,True,1666.6666666666667,4.021011655011652,10.021011655011652,True,True,True,1666.6666666666667,-0.11981818181818493,-0.11981818181818582,True,SUCCESS,,1.7907788753509521
992,ZYZZYVA,2.0,6.5,e8641ec0dcdeac9a,0,1538.4615384615386,4.140829836829837,10.640829836829838,True,True,True,1538.4615384615386,4.021011655011652,10.521011655011652,True,True,True,1538.4615384615386,-0.11981818181818493,-0.11981818181818582,True,SUCCESS,,1.7742514610290527
993,ZYZZYVA,2.0,7.0,7adc3946ce38a2bf,0,1428.5714285714287,4.140829836829837,11.140829836829838,True,True,True,1428.5714285714287,4.021011655011652,11.021011655011652,True,True,True,1428.5714285714287,-0.11981818181818493,-0.11981818181818582,True,SUCCESS,,1.7155990600585938
994,ZYZZYVA,2.0,7.5,b4d78e16aefc7325,0,1333.3333333333333,4.140829836829837,11.640829836829838,True,True,True,1333.3333333333333,4.021011655011652,11.521011655011652,True,True,True,1333.3333333333333,-0.11981818181818493,-0.11981818181818582,True,SUCCESS,,1.7627537250518799
995,ZYZZYVA,2.0,8.0,95705f1d9b70f2db,0,1250.0,4.140829836829837,12.140829836829838,True,True,True,1250.0,4.021011655011652,12.021011655011652,True,True,True,1250.0,-0.11981818181818493,-0.11981818181818582,True,SUCCESS,,1.7452337741851807
996,ZYZZYVA,2.0,8.5,56d22672bb671cd6,0,1176.4705882352941,4.140829836829837,12.640829836829838,True,True,True,1176.4705882352941,4.021011655011652,12.521011655011652,True,True,True,1176.4705882352941,-0.11981818181818493,-0.11981818181818582,True,SUCCESS,,1.7206416130065918
997,ZYZZYVA,2.0,9.0,43d72deea05c176a,0,1111.111111111111,4.140829836829837,13.140829836829838,True,True,True,1111.111111111111,4.021011655011652,13.021011655011652,True,True,True,1111.111111111111,-0.11981818181818493,-0.11981818181818582,True,SUCCESS,,1.7854979038238525
998,ZYZZYVA,2.0,9.5,b7ecbd0907938d59,0,1052.6315789473683,4.140829836829837,13.640829836829838,True,True,True,1052.6315789473683,4.021011655011652,13.521011655011652,True,True,True,1052.6315789473683,-0.11981818181818493,-0.11981818181818582,True,SUCCESS,,1.7162363529205322
999,ZYZZYVA,2.0,10.0,c6b70a55ef1573b6,0,1000.0,4.140829836829837,14.140829836829838,True,True,True,1000.0,4.021011655011652,14.021011655011652,True,True,True,1000.0,-0.11981818181818493,-0.11981818181818582,True,SUCCESS,,1.7690811157226562
1000,ZYZZYVA,2.2,0.5,c1bfdf38159858d2,0,22000.0,4.554815850815851,5.054815850815851,True,False,True,0.0,4.422876456876457,4.922876456876457,True,False,True,0.0,-0.13193939393939402,-0.13193939393939402,True,SUCCESS,,1.9751837253570557
1001,ZYZZYVA,2.2,1.0,f4e4916f8dff450b,0,11000.0,4.554815850815851,5.554815850815851,True,True,True,11000.0,4.422876456876456,5.422876456876456,True,True,True,11000.0,-0.1319393939393949,-0.1319393939393949,True,SUCCESS,,1.9772005081176758
1002,ZYZZYVA,2.2,1.5,b6c36e24ddbf5ee8,0,7333.333333333333,4.554815850815851,6.054815850815851,True,True,True,7333.333333333333,4.422876456876456,5.922876456876456,True,True,True,7333.333333333333,-0.1319393939393949,-0.1319393939393949,True,SUCCESS,,1.934941291809082
1003,ZYZZYVA,2.2,2.0,7b4b9908054a5b61,0,5500.0,4.554815850815851,6.554815850815851,True,True,True,5500.0,4.422876456876457,6.422876456876457,True,True,True,5500.0,-0.13193939393939402,-0.13193939393939402,True,SUCCESS,,1.978532075881958
1004,ZYZZYVA,2.2,2.5,76457069d383b8b4,0,4400.0,4.554815850815851,7.054815850815851,True,True,True,4400.0,4.422876456876457,6.922876456876457,True,True,True,4400.0,-0.13193939393939402,-0.13193939393939402,True,SUCCESS,,1.9233248233795166
1005,ZYZZYVA,2.2,3.0,eb3a6a0bd8d7fa72,0,3666.6666666666665,4.554815850815851,7.554815850815851,True,True,True,3666.6666666666665,4.422876456876457,7.422876456876457,True,True,True,3666.6666666666665,-0.13193939393939402,-0.13193939393939402,True,SUCCESS,,1.9515137672424316
1006,ZYZZYVA,2.2,3.5,8ca1588bf9fa4d8e,0,3142.8571428571427,4.554815850815851,8.054815850815851,True,True,True,3142.8571428571427,4.422876456876457,7.922876456876457,True,True,True,3142.8571428571427,-0.13193939393939402,-0.13193939393939402,True,SUCCESS,,1.9450244903564453
1007,ZYZZYVA,2.2,4.0,f9d0ac59ba003d68,0,2750.0,4.554815850815851,8.554815850815851,True,True,True,2750.0,4.422876456876457,8.422876456876457,True,True,True,2750.0,-0.13193939393939402,-0.13193939393939402,True,SUCCESS,,1.9854905605316162
1008,ZYZZYVA,2.2,4.5,7258bc6fb8b1b1d1,0,2444.4444444444443,4.554815850815851,9.054815850815851,True,True,True,2444.4444444444443,4.422876456876459,8.922876456876459,True,True,True,2444.4444444444443,-0.13193939393939225,-0.13193939393939225,True,SUCCESS,,1.9717509746551514
1009,ZYZZYVA,2.2,5.0,5003e5e6a3034c9a,0,2200.0,4.554815850815851,9.554815850815851,True,True,True,2200.0,4.422876456876459,9.422876456876459,True,True,True,2200.0,-0.13193939393939225,-0.13193939393939225,True,SUCCESS,,1.96413254737854
1010,ZYZZYVA,2.2,5.5,aa14d971af489304,0,2000.0,4.554815850815851,10.054815850815851,True,True,True,2000.0,4.422876456876455,9.922876456876455,True,True,True,2000.0,-0.1319393939393958,-0.1319393939393958,True,SUCCESS,,1.9670615196228027
1011,ZYZZYVA,2.2,6.0,2b6fb9c3378c83bb,0,1833.3333333333333,4.554815850815851,10.554815850815851,True,True,True,1833.3333333333333,4.422876456876455,10.422876456876455,True,True,True,1833.3333333333333,-0.1319393939393958,-0.1319393939393958,True,SUCCESS,,2.036780834197998
1012,ZYZZYVA,2.2,6.5,9c5de2196ed9e2d3,0,1692.3076923076924,4.554815850815851,11.054815850815851,True,True,True,1692.3076923076924,4.422876456876455,10.922876456876455,True,True,True,1692.3076923076924,-0.1319393939393958,-0.1319393939393958,True,SUCCESS,,1.9677064418792725
1013,ZYZZYVA,2.2,7.0,702aa2c269acca63,0,1571.4285714285713,4.554815850815851,11.554815850815851,True,True,True,1571.4285714285713,4.422876456876455,11.422876456876455,True,True,True,1571.4285714285713,-0.1319393939393958,-0.1319393939393958,True,SUCCESS,,1.971949577331543
1014,ZYZZYVA,2.2,7.5,3f088b44b8a2f33f,0,1466.6666666666667,4.554815850815851,12.054815850815851,True,True,True,1466.6666666666667,4.422876456876455,11.922876456876455,True,True,True,1466.6666666666667,-0.1319393939393958,-0.1319393939393958,True,SUCCESS,,1.9991683959960938
1015,ZYZZYVA,2.2,8.0,ff6643a078b34fb0,0,1375.0,4.554815850815851,12.554815850815851,True,True,True,1375.0,4.422876456876455,12.422876456876455,True,True,True,1375.0,-0.1319393939393958,-0.1319393939393958,True,SUCCESS,,1.9835433959960938
1016,ZYZZYVA,2.2,8.5,50bea404631e872f,0,1294.1176470588234,4.554815850815851,13.054815850815851,True,True,True,1294.1176470588234,4.422876456876455,12.922876456876455,True,True,True,1294.1176470588234,-0.1319393939393958,-0.1319393939393958,True,SUCCESS,,1.931551218032837
1017,ZYZZYVA,2.2,9.0,c8361e871ecd272a,0,1222.2222222222222,4.554815850815851,13.554815850815851,True,True,True,1222.2222222222222,4.422876456876455,13.422876456876455,True,True,True,1222.2222222222222,-0.1319393939393958,-0.1319393939393958,True,SUCCESS,,1.9612956047058105
1018,ZYZZYVA,2.2,9.5,533a2b5332b57af4,0,1157.8947368421052,4.554815850815851,14.054815850815851,True,True,True,1157.8947368421052,4.422876456876455,13.922876456876455,True,True,True,1157.8947368421052,-0.1319393939393958,-0.1319393939393958,True,SUCCESS,,1.9564898014068604
1019,ZYZZYVA,2.2,10.0,0d4dcae095712a23,0,1100.0,4.554815850815851,14.554815850815851,True,True,True,1100.0,4.422876456876455,14.422876456876455,True,True,True,1100.0,-0.1319393939393958,-0.1319393939393958,True,SUCCESS,,1.9386320114135742
1020,ZYZZYVA,2.4,0.5,edfbfdb828807bd9,0,24000.0,4.968801864801864,5.468801864801864,True,False,True,0.0,4.824741258741258,5.324741258741258,True,False,True,0.0,-0.14406060606060578,-0.14406060606060578,True,SUCCESS,,2.1345126628875732
1021,ZYZZYVA,2.4,1.0,59495e4366ae9c32,0,12000.0,4.968801864801864,5.968801864801864,True,True,True,12000.0,4.824741258741259,5.824741258741259,True,True,True,12000.0,-0.1440606060606049,-0.1440606060606049,True,SUCCESS,,2.153264284133911
1022,ZYZZYVA,2.4,1.5,d5e1bfcedba28429,0,8000.0,4.968801864801864,6.468801864801864,True,True,True,8000.0,4.824741258741259,6.324741258741259,True,True,True,8000.0,-0.1440606060606049,-0.1440606060606049,True,SUCCESS,,2.1695618629455566
1023,ZYZZYVA,2.4,2.0,7bf5c13ee619cbdc,0,6000.0,4.968801864801864,6.968801864801864,True,True,True,6000.0,4.824741258741259,6.824741258741259,True,True,True,6000.0,-0.1440606060606049,-0.1440606060606049,True,SUCCESS,,2.0911943912506104
1024,ZYZZYVA,2.4,2.5,cdc20cf8db9b800a,0,4800.0,4.968801864801864,7.468801864801864,True,True,True,4800.0,4.824741258741259,7.324741258741259,True,True,True,4800.0,-0.1440606060606049,-0.1440606060606049,True,SUCCESS,,2.0832912921905518
1025,ZYZZYVA,2.4,3.0,10e9450794599e7a,0,4000.0,4.968801864801864,7.968801864801864,True,True,True,4000.0,4.824741258741259,7.824741258741259,True,True,True,4000.0,-0.1440606060606049,-0.1440606060606049,True,SUCCESS,,2.0943212509155273
1026,ZYZZYVA,2.4,3.5,e58007a6ab683e4e,0,3428.5714285714284,4.968801864801864,8.468801864801865,True,True,True,3428.5714285714284,4.824741258741257,8.324741258741257,True,True,True,3428.5714285714284,-0.14406060606060667,-0.14406060606060755,True,SUCCESS,,2.1287951469421387
1027,ZYZZYVA,2.4,4.0,75b341d2ef5f79cd,0,3000.0,4.968801864801864,8.968801864801865,True,True,True,3000.0,4.824741258741259,8.824741258741259,True,True,True,3000.0,-0.1440606060606049,-0.14406060606060578,True,SUCCESS,,2.0989506244659424
1028,ZYZZYVA,2.4,4.5,e04caf7a076f4f79,0,2666.6666666666665,4.968801864801864,9.468801864801865,True,True,True,2666.6666666666665,4.824741258741259,9.324741258741259,True,True,True,2666.6666666666665,-0.1440606060606049,-0.14406060606060578,True,SUCCESS,,2.0767154693603516
1029,ZYZZYVA,2.4,5.0,0ad67c28d0d96d43,0,2400.0,4.968801864801864,9.968801864801865,True,True,True,2400.0,4.824741258741257,9.824741258741257,True,True,True,2400.0,-0.14406060606060667,-0.14406060606060755,True,SUCCESS,,2.1535110473632812
1030,ZYZZYVA,2.4,5.5,271f8d591eb0bf1d,0,2181.818181818182,4.968801864801864,10.468801864801865,True,True,True,2181.818181818182,4.824741258741257,10.324741258741257,True,True,True,2181.818181818182,-0.14406060606060667,-0.14406060606060755,True,SUCCESS,,2.145198106765747
1031,ZYZZYVA,2.4,6.0,5338774bafba55ae,0,2000.0,4.968801864801864,10.968801864801865,True,True,True,2000.0,4.824741258741259,10.824741258741259,True,True,True,2000.0,-0.1440606060606049,-0.14406060606060578,True,SUCCESS,,2.0993235111236572
1032,ZYZZYVA,2.4,6.5,4377145b60e8e209,0,1846.1538461538462,4.968801864801864,11.468801864801865,True,True,True,1846.1538461538462,4.824741258741259,11.324741258741259,True,True,True,1846.1538461538462,-0.1440606060606049,-0.14406060606060578,True,SUCCESS,,2.0652008056640625
1033,ZYZZYVA,2.4,7.0,38385e9c6b52d3d3,0,1714.2857142857142,4.968801864801864,11.968801864801865,True,True,True,1714.2857142857142,4.824741258741259,11.824741258741259,True,True,True,1714.2857142857142,-0.1440606060606049,-0.14406060606060578,True,SUCCESS,,2.1089560985565186
1034,ZYZZYVA,2.4,7.5,314b74c92b085e04,0,1600.0,4.968801864801864,12.468801864801865,True,True,True,1600.0,4.824741258741259,12.324741258741259,True,True,True,1600.0,-0.1440606060606049,-0.14406060606060578,True,SUCCESS,,2.274789810180664
1035,ZYZZYVA,2.4,8.0,5077224e732d1e1a,0,1500.0,4.968801864801864,12.968801864801865,True,True,True,1500.0,4.824741258741259,12.824741258741259,True,True,True,1500.0,-0.1440606060606049,-0.14406060606060578,True,SUCCESS,,2.0994348526000977
1036,ZYZZYVA,2.4,8.5,752f09aaeb218cd1,0,1411.764705882353,4.968801864801864,13.468801864801865,True,True,True,1411.764705882353,4.824741258741259,13.324741258741259,True,True,True,1411.764705882353,-0.1440606060606049,-0.14406060606060578,True,SUCCESS,,2.111600637435913
1037,ZYZZYVA,2.4,9.0,05c01fbca166d1f9,0,1333.3333333333333,4.968801864801864,13.968801864801865,True,True,True,1333.3333333333333,4.824741258741259,13.824741258741259,True,True,True,1333.3333333333333,-0.1440606060606049,-0.14406060606060578,True,SUCCESS,,2.1234211921691895
1038,ZYZZYVA,2.4,9.5,64f33962f22b7a8f,0,1263.157894736842,4.968801864801864,14.468801864801865,True,True,True,1263.157894736842,4.824741258741259,14.324741258741259,True,True,True,1263.157894736842,-0.1440606060606049,-0.14406060606060578,True,SUCCESS,,2.1465399265289307
1039,ZYZZYVA,2.4,10.0,9b4031de2176fca4,0,1200.0,4.968801864801864,14.968801864801865,True,True,True,1200.0,4.824741258741259,14.824741258741259,True,True,True,1200.0,-0.1440606060606049,-0.14406060606060578,True,SUCCESS,,2.118556022644043
1040,ZYZZYVA,2.6,0.5,eb6d7a50b71e33db,0,26000.0,5.3827878787878785,5.8827878787878785,True,False,True,0.0,5.226606060606061,5.726606060606061,True,False,True,0.0,-0.15618181818181753,-0.15618181818181753,True,SUCCESS,,2.3248181343078613
1041,ZYZZYVA,2.6,1.0,89a0b0ef89639073,0,13000.0,5.3827878787878785,6.3827878787878785,True,False,True,0.0,5.226606060606061,6.226606060606061,True,False,True,0.0,-0.15618181818181753,-0.15618181818181753,True,SUCCESS,,2.3559772968292236
1042,ZYZZYVA,2.6,1.5,29c0532137a09f78,0,8666.666666666666,5.3827878787878785,6.8827878787878785,True,True,True,8666.666666666666,5.226606060606059,6.726606060606059,True,True,True,8666.666666666666,-0.1561818181818193,-0.1561818181818193,True,SUCCESS,,2.3590657711029053
1043,ZYZZYVA,2.6,2.0,3c6a96896a606fae,0,6500.0,5.3827878787878785,7.3827878787878785,True,True,True,6500.0,5.226606060606059,7.226606060606059,True,True,True,6500.0,-0.1561818181818193,-0.1561818181818193,True,SUCCESS,,2.363678455352783
1044,ZYZZYVA,2.6,2.5,0289b2f9f97b5f66,0,5200.0,5.3827878787878785,7.8827878787878785,True,True,True,5200.0,5.226606060606059,7.726606060606059,True,True,True,5200.0,-0.1561818181818193,-0.1561818181818193,True,SUCCESS,,2.497274875640869
1045,ZYZZYVA,2.6,3.0,90918f1410315fb9,0,4333.333333333333,5.3827878787878785,8.382787878787878,True,True,True,4333.333333333333,5.226606060606061,8.226606060606061,True,True,True,4333.333333333333,-0.15618181818181753,-0.15618181818181753,True,SUCCESS,,2.368143320083618
1046,ZYZZYVA,2.6,3.5,c04f5c1e2a92b221,0,3714.285714285714,5.3827878787878785,8.882787878787878,True,True,True,3714.285714285714,5.226606060606061,8.726606060606061,True,True,True,3714.285714285714,-0.15618181818181753,-0.15618181818181753,True,SUCCESS,,2.3310959339141846
1047,ZYZZYVA,2.6,4.0,3e3809f454949f24,0,3250.0,5.3827878787878785,9.382787878787878,True,True,True,3250.0,5.226606060606066,9.226606060606066,True,True,True,3250.0,-0.1561818181818122,-0.1561818181818122,True,SUCCESS,,2.3315930366516113
1048,ZYZZYVA,2.6,4.5,1e39fbe6375db930,0,2888.8888888888887,5.3827878787878785,9.882787878787878,True,True,True,2888.8888888888887,5.226606060606063,9.726606060606063,True,True,True,2888.8888888888887,-0.15618181818181576,-0.15618181818181576,True,SUCCESS,,2.3334789276123047
1049,ZYZZYVA,2.6,5.0,cc9ccc5d19417902,0,2600.0,5.3827878787878785,10.382787878787878,True,True,True,2600.0,5.226606060606063,10.226606060606063,True,True,True,2600.0,-0.15618181818181576,-0.15618181818181576,True,SUCCESS,,2.3610217571258545
1050,ZYZZYVA,2.6,5.5,8a4ccdbe1cc5561f,0,2363.6363636363635,5.3827878787878785,10.882787878787878,True,True,True,2363.6363636363635,5.226606060606063,10.726606060606063,True,True,True,2363.6363636363635,-0.15618181818181576,-0.15618181818181576,True,SUCCESS,,2.550720691680908
1051,ZYZZYVA,2.6,6.0,4c6faab210681b03,0,2166.6666666666665,5.3827878787878785,11.382787878787878,True,True,True,2166.6666666666665,5.226606060606063,11.226606060606063,True,True,True,2166.6666666666665,-0.15618181818181576,-0.15618181818181576,True,SUCCESS,,2.3306326866149902
1052,ZYZZYVA,2.6,6.5,d8ff72fe344874e3,0,2000.0,5.3827878787878785,11.882787878787878,True,True,True,2000.0,5.226606060606063,11.726606060606063,True,True,True,2000.0,-0.15618181818181576,-0.15618181818181576,True,SUCCESS,,2.3526382446289062
1053,ZYZZYVA,2.6,7.0,c71cc85a1f63e122,0,1857.142857142857,5.3827878787878785,12.382787878787878,True,True,True,1857.142857142857,5.226606060606063,12.226606060606063,True,True,True,1857.142857142857,-0.15618181818181576,-0.15618181818181576,True,SUCCESS,,2.3370275497436523
1054,ZYZZYVA,2.6,7.5,55cd370e5e550458,0,1733.3333333333333,5.3827878787878785,12.882787878787878,True,True,True,1733.3333333333333,5.226606060606063,12.726606060606063,True,True,True,1733.3333333333333,-0.15618181818181576,-0.15618181818181576,True,SUCCESS,,2.309420347213745
1055,ZYZZYVA,2.6,8.0,447cdf8e989b9767,0,1625.0,5.3827878787878785,13.382787878787878,True,True,True,1625.0,5.226606060606063,13.226606060606063,True,True,True,1625.0,-0.15618181818181576,-0.15618181818181576,True,SUCCESS,,2.3932862281799316
1056,ZYZZYVA,2.6,8.5,a2386880083ff21f,0,1529.4117647058824,5.3827878787878785,13.882787878787878,True,True,True,1529.4117647058824,5.226606060606063,13.726606060606063,True,True,True,1529.4117647058824,-0.15618181818181576,-0.15618181818181576,True,SUCCESS,,2.349778652191162
1057,ZYZZYVA,2.6,9.0,9651271886849ce5,0,1444.4444444444443,5.3827878787878785,14.382787878787878,True,True,True,1444.4444444444443,5.226606060606063,14.226606060606063,True,True,True,1444.4444444444443,-0.15618181818181576,-0.15618181818181576,True,SUCCESS,,2.339261531829834
1058,ZYZZYVA,2.6,9.5,3e5a48b1adefd944,0,1368.421052631579,5.3827878787878785,14.882787878787878,True,True,True,1368.421052631579,5.226606060606063,14.726606060606063,True,True,True,1368.421052631579,-0.15618181818181576,-0.15618181818181576,True,SUCCESS,,2.347400188446045
1059,ZYZZYVA,2.6,10.0,5ea312daea87615e,0,1300.0,5.3827878787878785,15.382787878787878,True,True,True,1300.0,5.226606060606063,15.226606060606063,True,True,True,1300.0,-0.15618181818181576,-0.15618181818181576,True,SUCCESS,,2.32810115814209
1060,ZYZZYVA,2.8,0.5,d0949b0486625c0b,0,28000.0,5.796773892773892,6.296773892773892,True,False,True,0.0,5.628470862470863,6.128470862470863,True,False,True,0.0,-0.1683030303030293,-0.1683030303030293,True,SUCCESS,,2.5305845737457275
1061,ZYZZYVA,2.8,1.0,a385e0605b610868,0,14000.0,5.796773892773892,6.796773892773892,True,False,True,0.0,5.62847086247086,6.62847086247086,True,False,True,0.0,-0.16830303030303195,-0.16830303030303195,True,SUCCESS,,2.492727756500244
1062,ZYZZYVA,2.8,1.5,37d45a110bceb399,0,9333.333333333334,5.796773892773892,7.296773892773892,True,True,True,9333.333333333334,5.628470862470863,7.128470862470863,True,True,True,9333.333333333334,-0.1683030303030293,-0.1683030303030293,True,SUCCESS,,2.493046283721924
1063,ZYZZYVA,2.8,2.0,c5ecbaf6162406f9,0,7000.0,5.796773892773892,7.796773892773892,True,True,True,7000.0,5.628470862470863,7.628470862470863,True,True,True,7000.0,-0.1683030303030293,-0.1683030303030293,True,SUCCESS,,2.5270774364471436
1064,ZYZZYVA,2.8,2.5,2fe193944fafe038,0,5600.0,5.796773892773892,8.296773892773892,True,True,True,5600.0,5.628470862470861,8.128470862470861,True,True,True,5600.0,-0.16830303030303106,-0.16830303030303106,True,SUCCESS,,2.441532850265503
1065,ZYZZYVA,2.8,3.0,dad65298ef808ccd,0,4666.666666666667,5.796773892773892,8.796773892773892,True,True,True,4666.666666666667,5.628470862470861,8.628470862470861,True,True,True,4666.666666666667,-0.16830303030303106,-0.16830303030303106,True,SUCCESS,,2.484548807144165
1066,ZYZZYVA,2.8,3.5,dae5ca6615c9d517,0,4000.0,5.796773892773892,9.296773892773892,True,True,True,4000.0,5.628470862470865,9.128470862470865,True,True,True,4000.0,-0.1683030303030275,-0.1683030303030275,True,SUCCESS,,2.5517799854278564
1067,ZYZZYVA,2.8,4.0,56e6b597a5424411,0,3500.0,5.796773892773892,9.796773892773892,True,True,True,3500.0,5.628470862470866,9.628470862470866,True,True,True,3500.0,-0.16830303030302574,-0.16830303030302574,True,SUCCESS,,2.51644229888916
1068,ZYZZYVA,2.8,4.5,185d28fe58fbd7c0,0,3111.1111111111113,5.796773892773892,10.296773892773892,True,True,True,3111.1111111111113,5.628470862470863,10.128470862470863,True,True,True,3111.1111111111113,-0.1683030303030293,-0.1683030303030293,True,SUCCESS,,2.5347301959991455
1069,ZYZZYVA,2.8,5.0,652c4f0ee2b8ab5e,0,2800.0,5.796773892773892,10.796773892773892,True,True,True,2800.0,5.628470862470863,10.628470862470863,True,True,True,2800.0,-0.1683030303030293,-0.1683030303030293,True,SUCCESS,,2.5510871410369873
1070,ZYZZYVA,2.8,5.5,c724ed727d28e8e3,0,2545.4545454545455,5.796773892773892,11.296773892773892,True,True,True,2545.4545454545455,5.628470862470863,11.128470862470863,True,True,True,2545.4545454545455,-0.1683030303030293,-0.1683030303030293,True,SUCCESS,,2.4588425159454346
1071,ZYZZYVA,2.8,6.0,6fb780f91fa21351,0,2333.3333333333335,5.796773892773892,11.796773892773892,True,True,True,2333.3333333333335,5.628470862470863,11.628470862470863,True,True,True,2333.3333333333335,-0.1683030303030293,-0.1683030303030293,True,SUCCESS,,2.4852261543273926
1072,ZYZZYVA,2.8,6.5,bd0326a55fc10670,0,2153.846153846154,5.796773892773892,12.296773892773892,True,True,True,2153.846153846154,5.628470862470863,12.128470862470863,True,True,True,2153.846153846154,-0.1683030303030293,-0.1683030303030293,True,SUCCESS,,2.528654098510742
1073,ZYZZYVA,2.8,7.0,de3df63327d45aab,0,2000.0,5.796773892773892,12.796773892773892,True,True,True,2000.0,5.628470862470863,12.628470862470863,True,True,True,2000.0,-0.1683030303030293,-0.1683030303030293,True,SUCCESS,,2.523663282394409
1074,ZYZZYVA,2.8,7.5,5ef6e623e2ef46e8,0,1866.6666666666667,5.796773892773892,13.296773892773892,True,True,True,1866.6666666666667,5.628470862470863,13.128470862470863,True,True,True,1866.6666666666667,-0.1683030303030293,-0.1683030303030293,True,SUCCESS,,2.50277042388916
1075,ZYZZYVA,2.8,8.0,8ac113dc1239fe23,0,1750.0,5.796773892773892,13.796773892773892,True,True,True,1750.0,5.628470862470863,13.628470862470863,True,True,True,1750.0,-0.1683030303030293,-0.1683030303030293,True,SUCCESS,,2.502305269241333
1076,ZYZZYVA,2.8,8.5,b76d3506a621adc7,0,1647.0588235294117,5.796773892773892,14.296773892773892,True,True,True,1647.0588235294117,5.628470862470863,14.128470862470863,True,True,True,1647.0588235294117,-0.1683030303030293,-0.1683030303030293,True,SUCCESS,,2.4884731769561768
1077,ZYZZYVA,2.8,9.0,be310c00a06c3284,0,1555.5555555555557,5.796773892773892,14.796773892773892,True,True,True,1555.5555555555557,5.628470862470863,14.628470862470863,True,True,True,1555.5555555555557,-0.1683030303030293,-0.1683030303030293,True,SUCCESS,,2.509352445602417
1078,ZYZZYVA,2.8,9.5,04d407173125a324,0,1473.6842105263158,5.796773892773892,15.296773892773892,True,True,True,1473.6842105263158,5.628470862470863,15.128470862470863,True,True,True,1473.6842105263158,-0.1683030303030293,-0.1683030303030293,True,SUCCESS,,2.5344324111938477
1079,ZYZZYVA,2.8,10.0,25d5ca019d1cfaf0,0,1400.0,5.796773892773892,15.796773892773892,True,True,True,1400.0,5.628470862470863,15.628470862470863,True,True,True,1400.0,-0.1683030303030293,-0.1683030303030293,True,SUCCESS,,2.549243688583374
1080,ZYZZYVA,3.0,0.5,7b501269fb32616e,0,30000.0,6.210759906759907,6.710759906759907,True,False,True,0.0,6.030335664335665,6.530335664335665,True,False,True,0.0,-0.18042424242424193,-0.18042424242424193,True,SUCCESS,,2.7682690620422363
1081,ZYZZYVA,3.0,1.0,d3915b720ac59776,0,15000.0,6.210759906759907,7.210759906759907,True,False,True,0.0,6.030335664335665,7.030335664335665,True,False,True,0.0,-0.18042424242424193,-0.18042424242424193,True,SUCCESS,,2.8003132343292236
1082,ZYZZYVA,3.0,1.5,43c9b7309395d22a,0,10000.0,6.210759906759907,7.710759906759907,True,True,True,10000.0,6.030335664335665,7.530335664335665,True,True,True,10000.0,-0.18042424242424193,-0.18042424242424193,True,SUCCESS,,2.7555294036865234
1083,ZYZZYVA,3.0,2.0,fe8c2d987b174b42,0,7500.0,6.210759906759907,8.210759906759908,True,True,True,7500.0,6.030335664335663,8.030335664335663,True,True,True,7500.0,-0.1804242424242437,-0.1804242424242446,True,SUCCESS,,2.723531723022461
1084,ZYZZYVA,3.0,2.5,6dfea18b06fd01f8,0,6000.0,6.210759906759907,8.710759906759908,True,True,True,6000.0,6.030335664335663,8.530335664335663,True,True,True,6000.0,-0.1804242424242437,-0.1804242424242446,True,SUCCESS,,2.776958703994751
1085,ZYZZYVA,3.0,3.0,7cb4e51f7cf9d02d,0,5000.0,6.210759906759907,9.210759906759908,True,True,True,5000.0,6.0303356643356665,9.030335664335666,True,True,True,5000.0,-0.18042424242424016,-0.18042424242424104,True,SUCCESS,,2.866426706314087
1086,ZYZZYVA,3.0,3.5,2caa80079b2cc77b,0,4285.714285714285,6.210759906759907,9.710759906759908,True,True,True,4285.714285714285,6.0303356643356665,9.530335664335666,True,True,True,4285.714285714285,-0.18042424242424016,-0.18042424242424104,True,SUCCESS,,2.801495313644409
1087,ZYZZYVA,3.0,4.0,79c3e22b9996c44b,0,3750.0,6.210759906759907,10.210759906759908,True,True,True,3750.0,6.030335664335665,10.030335664335665,True,True,True,3750.0,-0.18042424242424193,-0.18042424242424282,True,SUCCESS,,2.7728724479675293
1088,ZYZZYVA,3.0,4.5,6ccb91fb6c038713,0,3333.3333333333335,6.210759906759907,10.710759906759908,True,True,True,3333.3333333333335,6.030335664335665,10.530335664335665,True,True,True,3333.3333333333335,-0.18042424242424193,-0.18042424242424282,True,SUCCESS,,2.7767646312713623
1089,ZYZZYVA,3.0,5.0,29aaa84155a36fb7,0,3000.0,6.210759906759907,11.210759906759908,True,True,True,3000.0,6.030335664335663,11.030335664335663,True,True,True,3000.0,-0.1804242424242437,-0.1804242424242446,True,SUCCESS,,2.7051162719726562
1090,ZYZZYVA,3.0,5.5,ec41b1143d12cb05,0,2727.2727272727275,6.210759906759907,11.710759906759908,True,True,True,2727.2727272727275,6.030335664335663,11.530335664335663,True,True,True,2727.2727272727275,-0.1804242424242437,-0.1804242424242446,True,SUCCESS,,2.7987942695617676
1091,ZYZZYVA,3.0,6.0,c71853241cbbebd8,0,2500.0,6.210759906759907,12.210759906759908,True,True,True,2500.0,6.0303356643356665,12.030335664335666,True,True,True,2500.0,-0.18042424242424016,-0.18042424242424104,True,SUCCESS,,3.338136672973633
1092,ZYZZYVA,3.0,6.5,7198e14c2e09eba8,0,2307.6923076923076,6.210759906759907,12.710759906759908,True,True,True,2307.6923076923076,6.0303356643356665,12.530335664335666,True,True,True,2307.6923076923076,-0.18042424242424016,-0.18042424242424104,True,SUCCESS,,2.9444472789764404
1093,ZYZZYVA,3.0,7.0,c31886f314c7f243,0,2142.8571428571427,6.210759906759907,13.210759906759908,True,True,True,2142.8571428571427,6.0303356643356665,13.030335664335666,True,True,True,2142.8571428571427,-0.18042424242424016,-0.18042424242424104,True,SUCCESS,,2.8110949993133545
1094,ZYZZYVA,3.0,7.5,53802c59bd475f10,0,2000.0,6.210759906759907,13.710759906759908,True,True,True,2000.0,6.0303356643356665,13.530335664335666,True,True,True,2000.0,-0.18042424242424016,-0.18042424242424104,True,SUCCESS,,2.860114574432373
1095,ZYZZYVA,3.0,8.0,ade06645ba1d2b2b,0,1875.0,6.210759906759907,14.210759906759908,True,True,True,1875.0,6.0303356643356665,14.030335664335666,True,True,True,1875.0,-0.18042424242424016,-0.18042424242424104,True,SUCCESS,,2.8881726264953613
1096,ZYZZYVA,3.0,8.5,c986ac02184c0505,0,1764.7058823529412,6.210759906759907,14.710759906759908,True,True,True,1764.7058823529412,6.0303356643356665,14.530335664335666,True,True,True,1764.7058823529412,-0.18042424242424016,-0.18042424242424104,True,SUCCESS,,2.8397727012634277
1097,ZYZZYVA,3.0,9.0,2c0d5992b201d3d7,0,1666.6666666666667,6.210759906759907,15.210759906759908,True,True,True,1666.6666666666667,6.0303356643356665,15.030335664335666,True,True,True,1666.6666666666667,-0.18042424242424016,-0.18042424242424104,True,SUCCESS,,2.9998366832733154
1098,ZYZZYVA,3.0,9.5,49e73f10e75c7349,0,1578.9473684210527,6.210759906759907,15.710759906759908,True,True,True,1578.9473684210527,6.0303356643356665,15.530335664335666,True,True,True,1578.9473684210527,-0.18042424242424016,-0.18042424242424104,True,SUCCESS,,2.970728874206543
1099,ZYZZYVA,3.0,10.0,c3073ae2ba714431,0,1500.0,6.210759906759907,16.210759906759908,True,True,True,1500.0,6.0303356643356665,16.030335664335666,True,True,True,1500.0,-0.18042424242424016,-0.18042424242424104,True,SUCCESS,,2.8993189334869385
1100,ZYZZYVA,3.2,0.5,df241c9eb584767a,0,32000.0,6.624745920745922,7.124745920745922,True,False,True,0.0,6.432200466200467,6.932200466200467,True,False,True,0.0,-0.19254545454545546,-0.19254545454545546,True,SUCCESS,,3.1711578369140625
1101,ZYZZYVA,3.2,1.0,e58f404b73945275,0,16000.0,6.624745920745922,7.624745920745922,True,False,True,0.0,6.432200466200467,7.432200466200467,True,False,True,0.0,-0.19254545454545546,-0.19254545454545546,True,SUCCESS,,3.0868303775787354
1102,ZYZZYVA,3.2,1.5,c48d7bb169260318,0,10666.666666666666,6.624745920745922,8.124745920745923,True,True,True,10666.666666666666,6.432200466200467,7.932200466200467,True,True,True,10666.666666666666,-0.19254545454545546,-0.19254545454545635,True,SUCCESS,,3.2537379264831543
1103,ZYZZYVA,3.2,2.0,84e8ac5ee663ce4a,0,8000.0,6.624745920745922,8.624745920745923,True,True,True,8000.0,6.432200466200465,8.432200466200465,True,True,True,8000.0,-0.19254545454545724,-0.19254545454545813,True,SUCCESS,,3.2207508087158203
1104,ZYZZYVA,3.2,2.5,30484b5b8631f5d7,0,6400.0,6.624745920745922,9.124745920745923,True,True,True,6400.0,6.432200466200465,8.932200466200465,True,True,True,6400.0,-0.19254545454545724,-0.19254545454545813,True,SUCCESS,,3.2758021354675293
1105,ZYZZYVA,3.2,3.0,32ce8ea03a359a44,0,5333.333333333333,6.624745920745922,9.624745920745923,True,True,True,5333.333333333333,6.432200466200467,9.432200466200467,True,True,True,5333.333333333333,-0.19254545454545546,-0.19254545454545635,True,SUCCESS,,3.0623605251312256
1106,ZYZZYVA,3.2,3.5,33eb53913a90575c,0,4571.428571428572,6.624745920745922,10.124745920745923,True,True,True,4571.428571428572,6.432200466200468,9.932200466200468,True,True,True,4571.428571428572,-0.1925454545454537,-0.19254545454545458,True,SUCCESS,,3.1093289852142334
1107,ZYZZYVA,3.2,4.0,ba3ca8b7de98ce90,0,4000.0,6.624745920745922,10.624745920745923,True,True,True,4000.0,6.432200466200468,10.432200466200468,True,True,True,4000.0,-0.1925454545454537,-0.19254545454545458,True,SUCCESS,,3.1430277824401855
1108,ZYZZYVA,3.2,4.5,57fc23b084292684,0,3555.5555555555557,6.624745920745922,11.124745920745923,True,True,True,3555.5555555555557,6.432200466200468,10.932200466200468,True,True,True,3555.5555555555557,-0.1925454545454537,-0.19254545454545458,True,SUCCESS,,3.0040316581726074
1109,ZYZZYVA,3.2,5.0,0584d03693e0c2cb,0,3200.0,6.624745920745922,11.624745920745923,True,True,True,3200.0,6.432200466200467,11.432200466200467,True,True,True,3200.0,-0.19254545454545546,-0.19254545454545635,True,SUCCESS,,3.2365286350250244
1110,ZYZZYVA,3.2,5.5,38e1ccda84725dcc,0,2909.090909090909,6.624745920745922,12.124745920745923,True,True,True,2909.090909090909,6.432200466200467,11.932200466200467,True,True,True,2909.090909090909,-0.19254545454545546,-0.19254545454545635,True,SUCCESS,,3.1701266765594482
1111,ZYZZYVA,3.2,6.0,56d84c6911d0932d,0,2666.6666666666665,6.624745920745922,12.624745920745923,True,True,True,2666.6666666666665,6.432200466200467,12.432200466200467,True,True,True,2666.6666666666665,-0.19254545454545546,-0.19254545454545635,True,SUCCESS,,3.0183355808258057
1112,ZYZZYVA,3.2,6.5,26f1b474f3002140,0,2461.5384615384614,6.624745920745922,13.124745920745923,True,True,True,2461.5384615384614,6.432200466200467,12.932200466200467,True,True,True,2461.5384615384614,-0.19254545454545546,-0.19254545454545635,True,SUCCESS,,3.004929304122925
1113,ZYZZYVA,3.2,7.0,741eac15f87a8447,0,2285.714285714286,6.624745920745922,13.624745920745923,True,True,True,2285.714285714286,6.432200466200467,13.432200466200467,True,True,True,2285.714285714286,-0.19254545454545546,-0.19254545454545635,True,SUCCESS,,2.9793620109558105
1114,ZYZZYVA,3.2,7.5,b143dd774d84a2f5,0,2133.3333333333335,6.624745920745922,14.124745920745923,True,True,True,2133.3333333333335,6.432200466200467,13.932200466200467,True,True,True,2133.3333333333335,-0.19254545454545546,-0.19254545454545635,True,SUCCESS,,3.1056032180786133
1115,ZYZZYVA,3.2,8.0,7fc0363c866d0735,0,2000.0,6.624745920745922,14.624745920745923,True,True,True,2000.0,6.432200466200467,14.432200466200467,True,True,True,2000.0,-0.19254545454545546,-0.19254545454545635,True,SUCCESS,,3.0589423179626465
1116,ZYZZYVA,3.2,8.5,40968c8204d79bc0,0,1882.3529411764705,6.624745920745922,15.124745920745923,True,True,True,1882.3529411764705,6.432200466200467,14.932200466200467,True,True,True,1882.3529411764705,-0.19254545454545546,-0.19254545454545635,True,SUCCESS,,3.154280185699463
1117,ZYZZYVA,3.2,9.0,c9baf45735a8a361,0,1777.7777777777778,6.624745920745922,15.624745920745923,True,True,True,1777.7777777777778,6.432200466200467,15.432200466200467,True,True,True,1777.7777777777778,-0.19254545454545546,-0.19254545454545635,True,SUCCESS,,3.000725746154785
1118,ZYZZYVA,3.2,9.5,2b43d9dd40ff0b96,0,1684.2105263157894,6.624745920745922,16.124745920745923,True,True,True,1684.2105263157894,6.432200466200467,15.932200466200467,True,True,True,1684.2105263157894,-0.19254545454545546,-0.19254545454545635,True,SUCCESS,,2.993540048599243
1119,ZYZZYVA,3.2,10.0,e790f6ac1a2c5a04,0,1600.0,6.624745920745922,16.624745920745923,True,True,True,1600.0,6.432200466200467,16.432200466200467,True,True,True,1600.0,-0.19254545454545546,-0.19254545454545635,True,SUCCESS,,3.1058239936828613
1120,ZYZZYVA,3.4,0.5,0c948924d8173cf8,0,34000.0,7.038731934731934,7.538731934731934,True,False,True,0.0,6.834065268065267,7.334065268065267,True,False,True,0.0,-0.20466666666666722,-0.20466666666666722,True,SUCCESS,,3.268458843231201
1121,ZYZZYVA,3.4,1.0,b7bf9b55677250d0,0,17000.0,7.038731934731934,8.038731934731935,True,False,True,0.0,6.834065268065267,7.834065268065267,True,False,True,0.0,-0.20466666666666722,-0.2046666666666681,True,SUCCESS,,3.2386415004730225
1122,ZYZZYVA,3.4,1.5,bab0ee3416ac58a7,0,11333.333333333334,7.038731934731934,8.538731934731935,True,True,True,11333.333333333334,6.834065268065267,8.334065268065267,True,True,True,11333.333333333334,-0.20466666666666722,-0.2046666666666681,True,SUCCESS,,3.3137547969818115
1123,ZYZZYVA,3.4,2.0,7fcda7c8698b4af7,0,8500.0,7.038731934731934,9.038731934731935,True,True,True,8500.0,6.834065268065267,8.834065268065267,True,True,True,8500.0,-0.20466666666666722,-0.2046666666666681,True,SUCCESS,,3.211665630340576
1124,ZYZZYVA,3.4,2.5,a3f3223493da6df3,0,6800.0,7.038731934731934,9.538731934731935,True,True,True,6800.0,6.83406526806527,9.33406526806527,True,True,True,6800.0,-0.20466666666666367,-0.20466666666666455,True,SUCCESS,,3.3499557971954346
1125,ZYZZYVA,3.4,3.0,2bc502873164db1b,0,5666.666666666667,7.038731934731934,10.038731934731935,True,True,True,5666.666666666667,6.83406526806527,9.83406526806527,True,True,True,5666.666666666667,-0.20466666666666367,-0.20466666666666455,True,SUCCESS,,3.265119791030884
1126,ZYZZYVA,3.4,3.5,1007d9c7bfde7fad,0,4857.142857142857,7.038731934731934,10.538731934731935,True,True,True,4857.142857142857,6.834065268065267,10.334065268065267,True,True,True,4857.142857142857,-0.20466666666666722,-0.2046666666666681,True,SUCCESS,,3.300154685974121
1127,ZYZZYVA,3.4,4.0,c9478742f39acb02,0,4250.0,7.038731934731934,11.038731934731935,True,True,True,4250.0,6.834065268065267,10.834065268065267,True,True,True,4250.0,-0.20466666666666722,-0.2046666666666681,True,SUCCESS,,3.236751079559326
1128,ZYZZYVA,3.4,4.5,6f3b54fc9d6f4718,0,3777.777777777778,7.038731934731934,11.538731934731935,True,True,True,3777.777777777778,6.834065268065267,11.334065268065267,True,True,True,3777.777777777778,-0.20466666666666722,-0.2046666666666681,True,SUCCESS,,3.272094249725342
1129,ZYZZYVA,3.4,5.0,7691c51ad41be3a4,0,3400.0,7.038731934731934,12.038731934731935,True,True,True,3400.0,6.834065268065267,11.834065268065267,True,True,True,3400.0,-0.20466666666666722,-0.2046666666666681,True,SUCCESS,,3.3351032733917236
1130,ZYZZYVA,3.4,5.5,25be6c256e1c39c4,0,3090.909090909091,7.038731934731934,12.538731934731935,True,True,True,3090.909090909091,6.834065268065267,12.334065268065267,True,True,True,3090.909090909091,-0.20466666666666722,-0.2046666666666681,True,SUCCESS,,3.3123700618743896
1131,ZYZZYVA,3.4,6.0,5f7979c07f4aa21a,0,2833.3333333333335,7.038731934731934,13.038731934731935,True,True,True,2833.3333333333335,6.834065268065267,12.834065268065267,True,True,True,2833.3333333333335,-0.20466666666666722,-0.2046666666666681,True,SUCCESS,,3.307191848754883
1132,ZYZZYVA,3.4,6.5,59dee55b4529d5c0,0,2615.3846153846152,7.038731934731934,13.538731934731935,True,True,True,2615.3846153846152,6.834065268065267,13.334065268065267,True,True,True,2615.3846153846152,-0.20466666666666722,-0.2046666666666681,True,SUCCESS,,3.2807188034057617
1133,ZYZZYVA,3.4,7.0,0162df1695558fa0,0,2428.5714285714284,7.038731934731934,14.038731934731935,True,True,True,2428.5714285714284,6.834065268065267,13.834065268065267,True,True,True,2428.5714285714284,-0.20466666666666722,-0.2046666666666681,True,SUCCESS,,3.279867649078369
1134,ZYZZYVA,3.4,7.5,6ee0046c45d78aff,0,2266.6666666666665,7.038731934731934,14.538731934731935,True,True,True,2266.6666666666665,6.834065268065267,14.334065268065267,True,True,True,2266.6666666666665,-0.20466666666666722,-0.2046666666666681,True,SUCCESS,,3.690371513366699
1135,ZYZZYVA,3.4,8.0,07dc73c012bc7501,0,2125.0,7.038731934731934,15.038731934731935,True,True,True,2125.0,6.834065268065267,14.834065268065267,True,True,True,2125.0,-0.20466666666666722,-0.2046666666666681,True,SUCCESS,,3.3206863403320312
1136,ZYZZYVA,3.4,8.5,f290218a2cdbb99c,0,2000.0,7.038731934731934,15.538731934731935,True,True,True,2000.0,6.834065268065267,15.334065268065267,True,True,True,2000.0,-0.20466666666666722,-0.2046666666666681,True,SUCCESS,,3.374490737915039
1137,ZYZZYVA,3.4,9.0,aabdc7f338764433,0,1888.888888888889,7.038731934731934,16.038731934731935,True,True,True,1888.888888888889,6.834065268065267,15.834065268065267,True,True,True,1888.888888888889,-0.20466666666666722,-0.2046666666666681,True,SUCCESS,,3.3291923999786377
1138,ZYZZYVA,3.4,9.5,1e5f35a3b1ce5c3f,0,1789.4736842105262,7.038731934731934,16.538731934731935,True,True,True,1789.4736842105262,6.83406526806527,16.33406526806527,True,True,True,1789.4736842105262,-0.20466666666666367,-0.20466666666666455,True,SUCCESS,,3.34920334815979
1139,ZYZZYVA,3.4,10.0,deba4592ffd0c4aa,0,1700.0,7.038731934731934,17.038731934731935,True,True,True,1700.0,6.83406526806527,16.83406526806527,True,True,True,1700.0,-0.20466666666666367,-0.20466666666666455,True,SUCCESS,,3.268028974533081
1140,ZYZZYVA,3.6,0.5,026c0630720301f5,0,36000.0,7.452717948717949,7.952717948717949,True,False,True,0.0,7.23593006993007,7.73593006993007,True,False,True,0.0,-0.21678787878787897,-0.21678787878787897,True,SUCCESS,,3.535792350769043
1141,ZYZZYVA,3.6,1.0,87d1104a9b240249,0,18000.0,7.452717948717949,8.45271794871795,True,False,True,0.0,7.23593006993007,8.23593006993007,True,False,True,0.0,-0.21678787878787897,-0.21678787878787986,True,SUCCESS,,3.425656795501709
1142,ZYZZYVA,3.6,1.5,b8c11d5afc4d097c,0,12000.0,7.452717948717949,8.95271794871795,True,True,True,12000.0,7.23593006993007,8.73593006993007,True,True,True,12000.0,-0.21678787878787897,-0.21678787878787986,True,SUCCESS,,3.585303783416748
1143,ZYZZYVA,3.6,2.0,46aa740968cab86a,0,9000.0,7.452717948717949,9.45271794871795,True,True,True,9000.0,7.23593006993007,9.23593006993007,True,True,True,9000.0,-0.21678787878787897,-0.21678787878787986,True,SUCCESS,,3.6417641639709473
1144,ZYZZYVA,3.6,2.5,874d49cea9815cc1,0,7200.0,7.452717948717949,9.95271794871795,True,True,True,7200.0,7.23593006993007,9.73593006993007,True,True,True,7200.0,-0.21678787878787897,-0.21678787878787986,True,SUCCESS,,3.526031494140625
1145,ZYZZYVA,3.6,3.0,fbf44ad01802316e,0,6000.0,7.452717948717949,10.45271794871795,True,True,True,6000.0,7.23593006993007,10.23593006993007,True,True,True,6000.0,-0.21678787878787897,-0.21678787878787986,True,SUCCESS,,3.5325167179107666
1146,ZYZZYVA,3.6,3.5,5b2a941fd283fd28,0,5142.857142857143,7.452717948717949,10.95271794871795,True,True,True,5142.857142857143,7.235930069930067,10.735930069930067,True,True,True,5142.857142857143,-0.21678787878788253,-0.21678787878788341,True,SUCCESS,,3.834857702255249
1147,ZYZZYVA,3.6,4.0,1c631793f1f53146,0,4500.0,7.452717948717949,11.45271794871795,True,True,True,4500.0,7.235930069930067,11.235930069930067,True,True,True,4500.0,-0.21678787878788253,-0.21678787878788341,True,SUCCESS,,3.7970149517059326
1148,ZYZZYVA,3.6,4.5,aac1036f379b9cdb,0,4000.0,7.452717948717949,11.95271794871795,True,True,True,4000.0,7.235930069930067,11.735930069930067,True,True,True,4000.0,-0.21678787878788253,-0.21678787878788341,True,SUCCESS,,3.523979425430298
1149,ZYZZYVA,3.6,5.0,9542f82b9f0c153f,0,3600.0,7.452717948717949,12.45271794871795,True,True,True,3600.0,7.235930069930067,12.235930069930067,True,True,True,3600.0,-0.21678787878788253,-0.21678787878788341,True,SUCCESS,,3.4465742111206055
1150,ZYZZYVA,3.6,5.5,e517737f17ac00ac,0,3272.7272727272725,7.452717948717949,12.95271794871795,True,True,True,3272.7272727272725,7.235930069930067,12.735930069930067,True,True,True,3272.7272727272725,-0.21678787878788253,-0.21678787878788341,True,SUCCESS,,3.547325372695923
1151,ZYZZYVA,3.6,6.0,d5d12e5990c3a0e8,0,3000.0,7.452717948717949,13.45271794871795,True,True,True,3000.0,7.235930069930067,13.235930069930067,True,True,True,3000.0,-0.21678787878788253,-0.21678787878788341,True,SUCCESS,,3.6344943046569824
1152,ZYZZYVA,3.6,6.5,34734cc9d70f7333,0,2769.230769230769,7.452717948717949,13.95271794871795,True,True,True,2769.230769230769,7.235930069930067,13.735930069930067,True,True,True,2769.230769230769,-0.21678787878788253,-0.21678787878788341,True,SUCCESS,,3.5330264568328857
1153,ZYZZYVA,3.6,7.0,0370e988be1a1dad,0,2571.4285714285716,7.452717948717949,14.45271794871795,True,True,True,2571.4285714285716,7.235930069930067,14.235930069930067,True,True,True,2571.4285714285716,-0.21678787878788253,-0.21678787878788341,True,SUCCESS,,3.801137924194336
1154,ZYZZYVA,3.6,7.5,506de7519662f713,0,2400.0,7.452717948717949,14.95271794871795,True,True,True,2400.0,7.235930069930067,14.735930069930067,True,True,True,2400.0,-0.21678787878788253,-0.21678787878788341,True,SUCCESS,,3.5852060317993164
1155,ZYZZYVA,3.6,8.0,4cd624072d0019f2,0,2250.0,7.452717948717949,15.45271794871795,True,True,True,2250.0,7.235930069930067,15.235930069930067,True,True,True,2250.0,-0.21678787878788253,-0.21678787878788341,True,SUCCESS,,3.47589111328125
1156,ZYZZYVA,3.6,8.5,516ae82787818a4b,0,2117.6470588235293,7.452717948717949,15.95271794871795,True,True,True,2117.6470588235293,7.235930069930067,15.735930069930067,True,True,True,2117.6470588235293,-0.21678787878788253,-0.21678787878788341,True,SUCCESS,,3.5234813690185547
1157,ZYZZYVA,3.6,9.0,1c41557f2de02923,0,2000.0,7.452717948717949,16.45271794871795,True,True,True,2000.0,7.235930069930067,16.235930069930067,True,True,True,2000.0,-0.21678787878788253,-0.21678787878788341,True,SUCCESS,,3.4836623668670654
1158,ZYZZYVA,3.6,9.5,710518a8df763771,0,1894.7368421052631,7.452717948717949,16.95271794871795,True,True,True,1894.7368421052631,7.235930069930067,16.735930069930067,True,True,True,1894.7368421052631,-0.21678787878788253,-0.21678787878788341,True,SUCCESS,,3.481654167175293
1159,ZYZZYVA,3.6,10.0,fd32248f38c86ab2,0,1800.0,7.452717948717949,17.45271794871795,True,True,True,1800.0,7.23593006993007,17.23593006993007,True,True,True,1800.0,-0.21678787878787897,-0.21678787878787986,True,SUCCESS,,3.514517307281494
1160,ZYZZYVA,3.8,0.5,4e506d060b8fb46e,0,38000.0,7.866703962703961,8.366703962703962,True,False,True,0.0,7.6377948717948705,8.13779487179487,True,False,True,0.0,-0.22890909090909073,-0.22890909090909162,True,SUCCESS,,3.7723731994628906
1161,ZYZZYVA,3.8,1.0,3975e2d8d2d33d5a,0,19000.0,7.866703962703961,8.866703962703962,True,False,True,0.0,7.6377948717948705,8.63779487179487,True,False,True,0.0,-0.22890909090909073,-0.22890909090909162,True,SUCCESS,,3.756713390350342
1162,ZYZZYVA,3.8,1.5,fd3eefe895c30b3f,0,12666.666666666666,7.866703962703961,9.366703962703962,True,False,True,0.0,7.6377948717948705,9.13779487179487,True,False,True,0.0,-0.22890909090909073,-0.22890909090909162,True,SUCCESS,,3.8375244140625
1163,ZYZZYVA,3.8,2.0,e004037943283a10,0,9500.0,7.866703962703961,9.866703962703962,True,True,True,9500.0,7.6377948717948705,9.63779487179487,True,True,True,9500.0,-0.22890909090909073,-0.22890909090909162,True,SUCCESS,,3.7767996788024902
1164,ZYZZYVA,3.8,2.5,0e1b6a98910170dd,0,7600.0,7.866703962703961,10.366703962703962,True,True,True,7600.0,7.6377948717948705,10.13779487179487,True,True,True,7600.0,-0.22890909090909073,-0.22890909090909162,True,SUCCESS,,3.877845048904419
1165,ZYZZYVA,3.8,3.0,fe09fbe0460f414e,0,6333.333333333333,7.866703962703961,10.866703962703962,True,True,True,6333.333333333333,7.6377948717948705,10.63779487179487,True,True,True,6333.333333333333,-0.22890909090909073,-0.22890909090909162,True,SUCCESS,,4.084763765335083
1166,ZYZZYVA,3.8,3.5,aa313b7098f81648,0,5428.571428571428,7.866703962703961,11.366703962703962,True,True,True,5428.571428571428,7.6377948717948705,11.13779487179487,True,True,True,5428.571428571428,-0.22890909090909073,-0.22890909090909162,True,SUCCESS,,3.7408108711242676
1167,ZYZZYVA,3.8,4.0,14ea19ae42530d1a,0,4750.0,7.866703962703961,11.866703962703962,True,True,True,4750.0,7.6377948717948705,11.63779487179487,True,True,True,4750.0,-0.22890909090909073,-0.22890909090909162,True,SUCCESS,,3.953692674636841
1168,ZYZZYVA,3.8,4.5,c08d09af20aae206,0,4222.222222222223,7.866703962703961,12.366703962703962,True,True,True,4222.222222222223,7.6377948717948705,12.13779487179487,True,True,True,4222.222222222223,-0.22890909090909073,-0.22890909090909162,True,SUCCESS,,4.051193952560425
1169,ZYZZYVA,3.8,5.0,b28eece7109deebf,0,3800.0,7.866703962703961,12.866703962703962,True,True,True,3800.0,7.6377948717948705,12.63779487179487,True,True,True,3800.0,-0.22890909090909073,-0.22890909090909162,True,SUCCESS,,3.910120725631714
1170,ZYZZYVA,3.8,5.5,ec96ff089d411eb7,0,3454.5454545454545,7.866703962703961,13.366703962703962,True,True,True,3454.5454545454545,7.6377948717948705,13.13779487179487,True,True,True,3454.5454545454545,-0.22890909090909073,-0.22890909090909162,True,SUCCESS,,3.9142420291900635
1171,ZYZZYVA,3.8,6.0,f3626a03fa9cddce,0,3166.6666666666665,7.866703962703961,13.866703962703962,True,True,True,3166.6666666666665,7.6377948717948705,13.63779487179487,True,True,True,3166.6666666666665,-0.22890909090909073,-0.22890909090909162,True,SUCCESS,,3.742607355117798
1172,ZYZZYVA,3.8,6.5,9a5778a5623bb631,0,2923.076923076923,7.866703962703961,14.366703962703962,True,True,True,2923.076923076923,7.6377948717948705,14.13779487179487,True,True,True,2923.076923076923,-0.22890909090909073,-0.22890909090909162,True,SUCCESS,,3.876828908920288
1173,ZYZZYVA,3.8,7.0,7857d89d05e60b1b,0,2714.285714285714,7.866703962703961,14.866703962703962,True,True,True,2714.285714285714,7.6377948717948705,14.63779487179487,True,True,True,2714.285714285714,-0.22890909090909073,-0.22890909090909162,True,SUCCESS,,3.819387674331665
1174,ZYZZYVA,3.8,7.5,080bcf220dc66a8c,0,2533.3333333333335,7.866703962703961,15.366703962703962,True,True,True,2533.3333333333335,7.6377948717948705,15.13779487179487,True,True,True,2533.3333333333335,-0.22890909090909073,-0.22890909090909162,True,SUCCESS,,3.921393394470215
1175,ZYZZYVA,3.8,8.0,853c03d1578bfb00,0,2375.0,7.866703962703961,15.866703962703962,True,True,True,2375.0,7.6377948717948705,15.63779487179487,True,True,True,2375.0,-0.22890909090909073,-0.22890909090909162,True,SUCCESS,,3.8896939754486084
1176,ZYZZYVA,3.8,8.5,fb1961a2fdc0ca4d,0,2235.294117647059,7.866703962703961,16.366703962703962,True,True,True,2235.294117647059,7.6377948717948705,16.13779487179487,True,True,True,2235.294117647059,-0.22890909090909073,-0.22890909090909162,True,SUCCESS,,4.078611850738525
1177,ZYZZYVA,3.8,9.0,1a4bb8a91727316d,0,2111.1111111111113,7.866703962703961,16.866703962703962,True,True,True,2111.1111111111113,7.6377948717948705,16.63779487179487,True,True,True,2111.1111111111113,-0.22890909090909073,-0.22890909090909162,True,SUCCESS,,4.225215673446655
1178,ZYZZYVA,3.8,9.5,1aa2f65020ab2a8f,0,2000.0,7.866703962703961,17.366703962703962,True,True,True,2000.0,7.6377948717948705,17.13779487179487,True,True,True,2000.0,-0.22890909090909073,-0.22890909090909162,True,SUCCESS,,4.283322095870972
1179,ZYZZYVA,3.8,10.0,ef1c6d7ad1afdc30,0,1900.0,7.866703962703961,17.866703962703962,True,True,True,1900.0,7.637794871794867,17.637794871794867,True,True,True,1900.0,-0.22890909090909428,-0.22890909090909517,True,SUCCESS,,4.548607587814331
1180,ZYZZYVA,4.0,0.5,8e0da98f2dd6fc65,0,40000.0,8.280689976689978,8.780689976689978,True,False,True,0.0,8.039659673659674,8.539659673659674,True,False,True,0.0,-0.24103030303030337,-0.24103030303030337,True,SUCCESS,,4.843271255493164
1181,ZYZZYVA,4.0,1.0,8ad39243b2834b1f,0,20000.0,8.280689976689978,9.280689976689978,True,False,True,0.0,8.039659673659674,9.039659673659674,True,False,True,0.0,-0.24103030303030337,-0.24103030303030337,True,SUCCESS,,4.659096956253052
1182,ZYZZYVA,4.0,1.5,3dc5033721020b1b,0,13333.333333333334,8.280689976689978,9.780689976689978,True,False,True,0.0,8.039659673659674,9.539659673659674,True,False,True,0.0,-0.24103030303030337,-0.24103030303030337,True,SUCCESS,,4.856401205062866
1183,ZYZZYVA,4.0,2.0,b05e1d1f1771a6b7,0,10000.0,8.280689976689978,10.280689976689978,True,True,True,10000.0,8.039659673659674,10.039659673659674,True,True,True,10000.0,-0.24103030303030337,-0.24103030303030337,True,SUCCESS,,4.6643242835998535
1184,ZYZZYVA,4.0,2.5,73a6bb638806d03c,0,8000.0,8.280689976689978,10.780689976689978,True,True,True,8000.0,8.039659673659674,10.539659673659674,True,True,True,8000.0,-0.24103030303030337,-0.24103030303030337,True,SUCCESS,,4.215717077255249
1185,ZYZZYVA,4.0,3.0,8e2d610c3420e8aa,0,6666.666666666667,8.280689976689978,11.280689976689978,True,True,True,6666.666666666667,8.039659673659674,11.039659673659674,True,True,True,6666.666666666667,-0.24103030303030337,-0.24103030303030337,True,SUCCESS,,4.370614767074585
1186,ZYZZYVA,4.0,3.5,1f8da250154b4580,0,5714.285714285715,8.280689976689978,11.780689976689978,True,True,True,5714.285714285715,8.039659673659678,11.539659673659678,True,True,True,5714.285714285715,-0.24103030303029982,-0.24103030303029982,True,SUCCESS,,4.082234144210815
1187,ZYZZYVA,4.0,4.0,9fd7d564f841cf2a,0,5000.0,8.280689976689978,12.280689976689978,True,True,True,5000.0,8.039659673659678,12.039659673659678,True,True,True,5000.0,-0.24103030303029982,-0.24103030303029982,True,SUCCESS,,3.9764633178710938
1188,ZYZZYVA,4.0,4.5,431c6adb2ec770e9,0,4444.444444444444,8.280689976689978,12.780689976689978,True,True,True,4444.444444444444,8.039659673659678,12.539659673659678,True,True,True,4444.444444444444,-0.24103030303029982,-0.24103030303029982,True,SUCCESS,,4.127819061279297
1189,ZYZZYVA,4.0,5.0,eea8f2089b546c3c,0,4000.0,8.280689976689978,13.280689976689978,True,True,True,4000.0,8.039659673659678,13.039659673659678,True,True,True,4000.0,-0.24103030303029982,-0.24103030303029982,True,SUCCESS,,4.016772985458374
1190,ZYZZYVA,4.0,5.5,050169ab2e53b105,0,3636.3636363636365,8.280689976689978,13.780689976689978,True,True,True,3636.3636363636365,8.039659673659678,13.539659673659678,True,True,True,3636.3636363636365,-0.24103030303029982,-0.24103030303029982,True,SUCCESS,,3.936851739883423
1191,ZYZZYVA,4.0,6.0,e0a1c12ef527fe7a,0,3333.3333333333335,8.280689976689978,14.280689976689978,True,True,True,3333.3333333333335,8.039659673659678,14.039659673659678,True,True,True,3333.3333333333335,-0.24103030303029982,-0.24103030303029982,True,SUCCESS,,4.058872222900391
1192,ZYZZYVA,4.0,6.5,e03c7543b17f05f7,0,3076.923076923077,8.280689976689978,14.780689976689978,True,True,True,3076.923076923077,8.039659673659678,14.539659673659678,True,True,True,3076.923076923077,-0.24103030303029982,-0.24103030303029982,True,SUCCESS,,4.005535125732422
1193,ZYZZYVA,4.0,7.0,74d0500b18ab51e2,0,2857.1428571428573,8.280689976689978,15.280689976689978,True,True,True,2857.1428571428573,8.039659673659678,15.039659673659678,True,True,True,2857.1428571428573,-0.24103030303029982,-0.24103030303029982,True,SUCCESS,,4.024792194366455
1194,ZYZZYVA,4.0,7.5,6bce7262650be777,0,2666.6666666666665,8.280689976689978,15.780689976689978,True,True,True,2666.6666666666665,8.039659673659678,15.539659673659678,True,True,True,2666.6666666666665,-0.24103030303029982,-0.24103030303029982,True,SUCCESS,,3.9804275035858154
1195,ZYZZYVA,4.0,8.0,818767a707230eff,0,2500.0,8.280689976689978,16.280689976689978,True,True,True,2500.0,8.039659673659678,16.039659673659678,True,True,True,2500.0,-0.24103030303029982,-0.24103030303029982,True,SUCCESS,,3.931061267852783
1196,ZYZZYVA,4.0,8.5,5a1ba5567f67e1d4,0,2352.9411764705883,8.280689976689978,16.780689976689978,True,True,True,2352.9411764705883,8.039659673659678,16.539659673659678,True,True,True,2352.9411764705883,-0.24103030303029982,-0.24103030303029982,True,SUCCESS,,4.057227611541748
1197,ZYZZYVA,4.0,9.0,7fc23d2ea36e2a1d,0,2222.222222222222,8.280689976689978,17.280689976689978,True,True,True,2222.222222222222,8.039659673659678,17.039659673659678,True,True,True,2222.222222222222,-0.24103030303029982,-0.24103030303029982,True,SUCCESS,,3.980818510055542
1198,ZYZZYVA,4.0,9.5,8086c1d4c6ed7f96,0,2105.2631578947367,8.280689976689978,17.780689976689978,True,True,True,2105.2631578947367,8.039659673659674,17.539659673659674,True,True,True,2105.2631578947367,-0.24103030303030337,-0.24103030303030337,True,SUCCESS,,4.037377834320068
1199,ZYZZYVA,4.0,10.0,e4367a8b42849ace,0,2000.0,8.280689976689978,18.280689976689978,True,True,True,2000.0,8.039659673659674,18.039659673659674,True,True,True,2000.0,-0.24103030303030337,-0.24103030303030337,True,SUCCESS,,4.039369583129883
1200,ZYZZYVA,4.2,0.5,0aad7ff85ef1ed24,0,42000.0,8.694675990675991,9.194675990675991,True,False,True,0.0,8.441524475524476,8.941524475524476,True,False,True,0.0,-0.2531515151515151,-0.2531515151515151,True,SUCCESS,,4.197296142578125
1201,ZYZZYVA,4.2,1.0,36bf6f5acad2b0cd,0,21000.0,8.694675990675991,9.694675990675991,True,False,True,0.0,8.44152447552448,9.44152447552448,True,False,True,0.0,-0.2531515151515116,-0.2531515151515116,True,SUCCESS,,4.330713272094727
1202,ZYZZYVA,4.2,1.5,c141fe5fbb5a1305,0,14000.0,8.694675990675991,10.194675990675991,True,False,True,0.0,8.44152447552448,9.94152447552448,True,False,True,0.0,-0.2531515151515116,-0.2531515151515116,True,SUCCESS,,4.360295295715332
1203,ZYZZYVA,4.2,2.0,b4c72d94ddeb27f2,0,10500.0,8.694675990675991,10.694675990675991,True,True,True,10500.0,8.44152447552448,10.44152447552448,True,True,True,10500.0,-0.2531515151515116,-0.2531515151515116,True,SUCCESS,,4.441915035247803
1204,ZYZZYVA,4.2,2.5,5889e910018ce7c0,0,8400.0,8.694675990675991,11.194675990675991,True,True,True,8400.0,8.441524475524476,10.941524475524476,True,True,True,8400.0,-0.2531515151515151,-0.2531515151515151,True,SUCCESS,,4.3155364990234375
1205,ZYZZYVA,4.2,3.0,f8b56e66e55809c2,0,7000.0,8.694675990675991,11.694675990675991,True,True,True,7000.0,8.441524475524476,11.441524475524476,True,True,True,7000.0,-0.2531515151515151,-0.2531515151515151,True,SUCCESS,,4.347771883010864
1206,ZYZZYVA,4.2,3.5,a5b08995fa7aaeb6,0,6000.0,8.694675990675991,12.194675990675991,True,True,True,6000.0,8.441524475524478,11.941524475524478,True,True,True,6000.0,-0.25315151515151335,-0.25315151515151335,True,SUCCESS,,4.3791961669921875
1207,ZYZZYVA,4.2,4.0,f7f0817df2817337,0,5250.0,8.694675990675991,12.694675990675991,True,True,True,5250.0,8.441524475524478,12.441524475524478,True,True,True,5250.0,-0.25315151515151335,-0.25315151515151335,True,SUCCESS,,4.354719161987305
1208,ZYZZYVA,4.2,4.5,804a161bf2018feb,0,4666.666666666667,8.694675990675991,13.194675990675991,True,True,True,4666.666666666667,8.441524475524478,12.941524475524478,True,True,True,4666.666666666667,-0.25315151515151335,-0.25315151515151335,True,SUCCESS,,4.180410146713257
1209,ZYZZYVA,4.2,5.0,1637973db8579727,0,4200.0,8.694675990675991,13.694675990675991,True,True,True,4200.0,8.441524475524478,13.441524475524478,True,True,True,4200.0,-0.25315151515151335,-0.25315151515151335,True,SUCCESS,,4.509556531906128
1210,ZYZZYVA,4.2,5.5,8af71a3228703abe,0,3818.181818181818,8.694675990675991,14.194675990675991,True,True,True,3818.181818181818,8.441524475524478,13.941524475524478,True,True,True,3818.181818181818,-0.25315151515151335,-0.25315151515151335,True,SUCCESS,,4.273935079574585
1211,ZYZZYVA,4.2,6.0,b9d8decc9524013a,0,3500.0,8.694675990675991,14.694675990675991,True,True,True,3500.0,8.441524475524478,14.441524475524478,True,True,True,3500.0,-0.25315151515151335,-0.25315151515151335,True,SUCCESS,,4.350822448730469
1212,ZYZZYVA,4.2,6.5,f1c56ee507804bb9,0,3230.769230769231,8.694675990675991,15.194675990675991,True,True,True,3230.769230769231,8.441524475524478,14.941524475524478,True,True,True,3230.769230769231,-0.25315151515151335,-0.25315151515151335,True,SUCCESS,,4.332006216049194
1213,ZYZZYVA,4.2,7.0,1ec38fec91d83b57,0,3000.0,8.694675990675991,15.694675990675991,True,True,True,3000.0,8.441524475524478,15.441524475524478,True,True,True,3000.0,-0.25315151515151335,-0.25315151515151335,True,SUCCESS,,4.552509784698486
1214,ZYZZYVA,4.2,7.5,96b80b8100fc6bf1,0,2800.0,8.694675990675991,16.19467599067599,True,True,True,2800.0,8.441524475524478,15.941524475524478,True,True,True,2800.0,-0.25315151515151335,-0.2531515151515116,True,SUCCESS,,4.198079824447632
1215,ZYZZYVA,4.2,8.0,b5c4fc5543c8aa16,0,2625.0,8.694675990675991,16.69467599067599,True,True,True,2625.0,8.441524475524478,16.441524475524478,True,True,True,2625.0,-0.25315151515151335,-0.2531515151515116,True,SUCCESS,,4.35073709487915
1216,ZYZZYVA,4.2,8.5,28459fb2f831bd13,0,2470.5882352941176,8.694675990675991,17.19467599067599,True,True,True,2470.5882352941176,8.441524475524478,16.941524475524478,True,True,True,2470.5882352941176,-0.25315151515151335,-0.2531515151515116,True,SUCCESS,,4.153203725814819
1217,ZYZZYVA,4.2,9.0,a0e77f64feaa22eb,0,2333.3333333333335,8.694675990675991,17.69467599067599,True,True,True,2333.3333333333335,8.441524475524474,17.441524475524474,True,True,True,2333.3333333333335,-0.2531515151515169,-0.2531515151515151,True,SUCCESS,,4.274761199951172
1218,ZYZZYVA,4.2,9.5,96cf9f8b61c0c1ec,0,2210.5263157894738,8.694675990675991,18.19467599067599,True,True,True,2210.5263157894738,8.441524475524474,17.941524475524474,True,True,True,2210.5263157894738,-0.2531515151515169,-0.2531515151515151,True,SUCCESS,,4.405980587005615
1219,ZYZZYVA,4.2,10.0,eff5a742c53cb200,0,2100.0,8.694675990675991,18.69467599067599,True,True,True,2100.0,8.441524475524474,18.441524475524474,True,True,True,2100.0,-0.2531515151515169,-0.2531515151515151,True,SUCCESS,,4.480944871902466
1220,ZYZZYVA,4.4,0.5,beb4892353551a07,0,44000.0,9.108662004662007,9.608662004662007,True,False,True,0.0,8.843389277389281,9.343389277389281,True,False,True,0.0,-0.2652727272727251,-0.2652727272727251,True,SUCCESS,,4.501779794692993
1221,ZYZZYVA,4.4,1.0,dd39d0e137a84445,0,22000.0,9.108662004662007,10.108662004662007,True,False,True,0.0,8.843389277389281,9.843389277389281,True,False,True,0.0,-0.2652727272727251,-0.2652727272727251,True,SUCCESS,,4.500706434249878
1222,ZYZZYVA,4.4,1.5,e5315f2188611459,0,14666.666666666666,9.108662004662007,10.608662004662007,True,False,True,0.0,8.843389277389281,10.343389277389281,True,False,True,0.0,-0.2652727272727251,-0.2652727272727251,True,SUCCESS,,4.45019268989563
1223,ZYZZYVA,4.4,2.0,89a9f6afa28fc737,0,11000.0,9.108662004662007,11.108662004662007,True,True,True,11000.0,8.843389277389281,10.843389277389281,True,True,True,11000.0,-0.2652727272727251,-0.2652727272727251,True,SUCCESS,,4.535820722579956
1224,ZYZZYVA,4.4,2.5,a160c0ac7c481c47,0,8800.0,9.108662004662007,11.608662004662007,True,True,True,8800.0,8.843389277389278,11.343389277389278,True,True,True,8800.0,-0.26527272727272866,-0.26527272727272866,True,SUCCESS,,4.644619703292847
1225,ZYZZYVA,4.4,3.0,4dfab88514bed219,0,7333.333333333333,9.108662004662007,12.108662004662007,True,True,True,7333.333333333333,8.843389277389278,11.843389277389278,True,True,True,7333.333333333333,-0.26527272727272866,-0.26527272727272866,True,SUCCESS,,4.59072208404541
1226,ZYZZYVA,4.4,3.5,516b90b7b84d4684,0,6285.714285714285,9.108662004662007,12.608662004662007,True,True,True,6285.714285714285,8.843389277389276,12.343389277389276,True,True,True,6285.714285714285,-0.26527272727273044,-0.26527272727273044,True,SUCCESS,,4.5297675132751465
1227,ZYZZYVA,4.4,4.0,9c9f62434d83e01e,0,5500.0,9.108662004662007,13.108662004662007,True,True,True,5500.0,8.843389277389278,12.843389277389278,True,True,True,5500.0,-0.26527272727272866,-0.26527272727272866,True,SUCCESS,,4.464078187942505
1228,ZYZZYVA,4.4,4.5,ce96f2da358e507b,0,4888.888888888889,9.108662004662007,13.608662004662007,True,True,True,4888.888888888889,8.843389277389278,13.343389277389278,True,True,True,4888.888888888889,-0.26527272727272866,-0.26527272727272866,True,SUCCESS,,4.506740093231201
1229,ZYZZYVA,4.4,5.0,64aff4f33425d76d,0,4400.0,9.108662004662007,14.108662004662007,True,True,True,4400.0,8.843389277389278,13.843389277389278,True,True,True,4400.0,-0.26527272727272866,-0.26527272727272866,True,SUCCESS,,4.475305795669556
1230,ZYZZYVA,4.4,5.5,1f3922ba028cbc9b,0,4000.0,9.108662004662007,14.608662004662007,True,True,True,4000.0,8.843389277389278,14.343389277389278,True,True,True,4000.0,-0.26527272727272866,-0.26527272727272866,True,SUCCESS,,4.509319305419922
1231,ZYZZYVA,4.4,6.0,3c3e0e75b8b1b965,0,3666.6666666666665,9.108662004662007,15.108662004662007,True,True,True,3666.6666666666665,8.843389277389278,14.843389277389278,True,True,True,3666.6666666666665,-0.26527272727272866,-0.26527272727272866,True,SUCCESS,,4.46270227432251
1232,ZYZZYVA,4.4,6.5,628b445d51d5056c,0,3384.6153846153848,9.108662004662007,15.608662004662007,True,True,True,3384.6153846153848,8.843389277389278,15.343389277389278,True,True,True,3384.6153846153848,-0.26527272727272866,-0.26527272727272866,True,SUCCESS,,4.406909942626953
1233,ZYZZYVA,4.4,7.0,81137ba57383057c,0,3142.8571428571427,9.108662004662007,16.10866200466201,True,True,True,3142.8571428571427,8.843389277389278,15.843389277389278,True,True,True,3142.8571428571427,-0.26527272727272866,-0.26527272727273044,True,SUCCESS,,4.801141262054443
1234,ZYZZYVA,4.4,7.5,eab697da2deca9c2,0,2933.3333333333335,9.108662004662007,16.60866200466201,True,True,True,2933.3333333333335,8.843389277389274,16.343389277389274,True,True,True,2933.3333333333335,-0.2652727272727322,-0.265272727272734,True,SUCCESS,,4.38272762298584
1235,ZYZZYVA,4.4,8.0,d738cc30939b912c,0,2750.0,9.108662004662007,17.10866200466201,True,True,True,2750.0,8.843389277389274,16.843389277389274,True,True,True,2750.0,-0.2652727272727322,-0.265272727272734,True,SUCCESS,,4.5898518562316895
1236,ZYZZYVA,4.4,8.5,9bd1dcecce39880e,0,2588.235294117647,9.108662004662007,17.60866200466201,True,True,True,2588.235294117647,8.843389277389274,17.343389277389274,True,True,True,2588.235294117647,-0.2652727272727322,-0.265272727272734,True,SUCCESS,,4.621501922607422
1237,ZYZZYVA,4.4,9.0,0b7971d6db7d7a85,0,2444.4444444444443,9.108662004662007,18.10866200466201,True,True,True,2444.4444444444443,8.843389277389278,17.843389277389278,True,True,True,2444.4444444444443,-0.26527272727272866,-0.26527272727273044,True,SUCCESS,,4.4794464111328125
1238,ZYZZYVA,4.4,9.5,f1118093cb543026,0,2315.7894736842104,9.108662004662007,18.60866200466201,True,True,True,2315.7894736842104,8.843389277389278,18.343389277389278,True,True,True,2315.7894736842104,-0.26527272727272866,-0.26527272727273044,True,SUCCESS,,4.3816986083984375
1239,ZYZZYVA,4.4,10.0,7275551ae152e9ac,0,2200.0,9.108662004662007,19.10866200466201,True,True,True,2200.0,8.843389277389278,18.843389277389278,True,True,True,2200.0,-0.26527272727272866,-0.26527272727273044,True,SUCCESS,,4.588290452957153
1240,ZYZZYVA,4.6,0.5,699877590e54b909,0,46000.0,9.522648018648018,10.022648018648018,True,False,True,0.0,9.245254079254082,9.745254079254082,True,False,True,0.0,-0.27739393939393686,-0.27739393939393686,True,SUCCESS,,5.000811338424683
1241,ZYZZYVA,4.6,1.0,03b95ace65430e7c,0,23000.0,9.522648018648018,10.522648018648018,True,False,True,0.0,9.24525407925408,10.24525407925408,True,False,True,0.0,-0.27739393939393864,-0.27739393939393864,True,SUCCESS,,5.574968576431274
1242,ZYZZYVA,4.6,1.5,93323402b5616d2a,0,15333.333333333334,9.522648018648018,11.022648018648018,True,False,True,0.0,9.24525407925408,10.74525407925408,True,False,True,0.0,-0.27739393939393864,-0.27739393939393864,True,SUCCESS,,63043.947749853134
1243,ZYZZYVA,4.6,2.0,d1d8e61db3f3b2e5,0,11500.0,9.522648018648018,11.522648018648018,True,True,True,11500.0,9.245254079254076,11.245254079254076,True,True,True,11500.0,-0.2773939393939422,-0.2773939393939422,True,SUCCESS,,5.975294828414917
1244,ZYZZYVA,4.6,2.5,7581bcdec102e395,0,9200.0,9.522648018648018,12.022648018648018,True,True,True,9200.0,9.245254079254076,11.745254079254076,True,True,True,9200.0,-0.2773939393939422,-0.2773939393939422,True,SUCCESS,,4.9992828369140625
1245,ZYZZYVA,4.6,3.0,3da979029a278ad6,0,7666.666666666667,9.522648018648018,12.522648018648018,True,True,True,7666.666666666667,9.245254079254076,12.245254079254076,True,True,True,7666.666666666667,-0.2773939393939422,-0.2773939393939422,True,SUCCESS,,4.767249345779419
1246,ZYZZYVA,4.6,3.5,29aba09592a11a1e,0,6571.428571428572,9.522648018648018,13.022648018648018,True,True,True,6571.428571428572,9.245254079254078,12.745254079254078,True,True,True,6571.428571428572,-0.2773939393939404,-0.2773939393939404,True,SUCCESS,,4.834386825561523
1247,ZYZZYVA,4.6,4.0,2450534e71fc2371,0,5750.0,9.522648018648018,13.522648018648018,True,True,True,5750.0,9.245254079254078,13.245254079254078,True,True,True,5750.0,-0.2773939393939404,-0.2773939393939404,True,SUCCESS,,4.677199840545654
1248,ZYZZYVA,4.6,4.5,c49e66e5a2c54e00,0,5111.111111111111,9.522648018648018,14.022648018648018,True,True,True,5111.111111111111,9.245254079254078,13.745254079254078,True,True,True,5111.111111111111,-0.2773939393939404,-0.2773939393939404,True,SUCCESS,,5.0126731395721436
1249,ZYZZYVA,4.6,5.0,903b3fadf1aac158,0,4600.0,9.522648018648018,14.522648018648018,True,True,True,4600.0,9.245254079254078,14.245254079254078,True,True,True,4600.0,-0.2773939393939404,-0.2773939393939404,True,SUCCESS,,4.822691440582275
1250,ZYZZYVA,4.6,5.5,581292f12d77a904,0,4181.818181818182,9.522648018648018,15.022648018648018,True,True,True,4181.818181818182,9.245254079254078,14.745254079254078,True,True,True,4181.818181818182,-0.2773939393939404,-0.2773939393939404,True,SUCCESS,,4.476568937301636
1251,ZYZZYVA,4.6,6.0,4e74a1e863f9044a,0,3833.3333333333335,9.522648018648018,15.522648018648018,True,True,True,3833.3333333333335,9.245254079254078,15.245254079254078,True,True,True,3833.3333333333335,-0.2773939393939404,-0.2773939393939404,True,SUCCESS,,4.681617259979248
1252,ZYZZYVA,4.6,6.5,46bd023aaac93553,0,3538.4615384615386,9.522648018648018,16.02264801864802,True,True,True,3538.4615384615386,9.245254079254078,15.745254079254078,True,True,True,3538.4615384615386,-0.2773939393939404,-0.2773939393939422,True,SUCCESS,,4.63513970375061
1253,ZYZZYVA,4.6,7.0,b13c1d90426614ac,0,3285.714285714286,9.522648018648018,16.52264801864802,True,True,True,3285.714285714286,9.245254079254074,16.245254079254074,True,True,True,3285.714285714286,-0.27739393939394397,-0.27739393939394574,True,SUCCESS,,5.503227710723877
1254,ZYZZYVA,4.6,7.5,c92a64f66e641f54,0,3066.6666666666665,9.522648018648018,17.02264801864802,True,True,True,3066.6666666666665,9.245254079254074,16.745254079254074,True,True,True,3066.6666666666665,-0.27739393939394397,-0.27739393939394574,True,SUCCESS,,6.473400592803955
1255,ZYZZYVA,4.6,8.0,3d1a7fca32f7a4f0,0,2875.0,9.522648018648018,17.52264801864802,True,True,True,2875.0,9.245254079254074,17.245254079254074,True,True,True,2875.0,-0.27739393939394397,-0.27739393939394574,True,SUCCESS,,4.558347463607788
1256,ZYZZYVA,4.6,8.5,06e8037911c364c0,0,2705.8823529411766,9.522648018648018,18.02264801864802,True,True,True,2705.8823529411766,9.245254079254074,17.745254079254074,True,True,True,2705.8823529411766,-0.27739393939394397,-0.27739393939394574,True,SUCCESS,,4.6142895221710205
1257,ZYZZYVA,4.6,9.0,e5d159da9ecf366a,0,2555.5555555555557,9.522648018648018,18.52264801864802,True,True,True,2555.5555555555557,9.245254079254074,18.245254079254074,True,True,True,2555.5555555555557,-0.27739393939394397,-0.27739393939394574,True,SUCCESS,,4.815703392028809
1258,ZYZZYVA,4.6,9.5,a6cd6b375e8c9777,0,2421.0526315789475,9.522648018648018,19.02264801864802,True,True,True,2421.0526315789475,9.245254079254074,18.745254079254074,True,True,True,2421.0526315789475,-0.27739393939394397,-0.27739393939394574,True,SUCCESS,,4.518647193908691
1259,ZYZZYVA,4.6,10.0,d493569550c110d8,0,2300.0,9.522648018648018,19.52264801864802,True,True,True,2300.0,9.245254079254074,19.245254079254074,True,True,True,2300.0,-0.27739393939394397,-0.27739393939394574,True,SUCCESS,,4.508317232131958
1260,ZYZZYVA,4.8,0.5,6db7f40694963fb6,0,48000.0,9.936634032634032,10.436634032634032,True,False,True,0.0,9.647118881118883,10.147118881118883,True,False,True,0.0,-0.2895151515151486,-0.2895151515151486,True,SUCCESS,,4.848913669586182
1261,ZYZZYVA,4.8,1.0,89887885bcffa60e,0,24000.0,9.936634032634032,10.936634032634032,True,False,True,0.0,9.647118881118882,10.647118881118882,True,False,True,0.0,-0.2895151515151504,-0.2895151515151504,True,SUCCESS,,4.705780982971191
1262,ZYZZYVA,4.8,1.5,6a60df04b4b55b9f,0,16000.0,9.936634032634032,11.436634032634032,True,False,True,0.0,9.647118881118882,11.147118881118882,True,False,True,0.0,-0.2895151515151504,-0.2895151515151504,True,SUCCESS,,4.728508949279785
1263,ZYZZYVA,4.8,2.0,b32911a8d01babe2,0,12000.0,9.936634032634032,11.936634032634032,True,True,True,12000.0,9.647118881118882,11.647118881118882,True,True,True,12000.0,-0.2895151515151504,-0.2895151515151504,True,SUCCESS,,4.8006086349487305
1264,ZYZZYVA,4.8,2.5,df63e88ba91878de,0,9600.0,9.936634032634032,12.436634032634032,True,True,True,9600.0,9.647118881118882,12.147118881118882,True,True,True,9600.0,-0.2895151515151504,-0.2895151515151504,True,SUCCESS,,4.6630566120147705
1265,ZYZZYVA,4.8,3.0,bb9ef9280fdfc643,0,8000.0,9.936634032634032,12.936634032634032,True,True,True,8000.0,9.647118881118883,12.647118881118883,True,True,True,8000.0,-0.2895151515151486,-0.2895151515151486,True,SUCCESS,,4.726536273956299
1266,ZYZZYVA,4.8,3.5,fee471f0f4c39d03,0,6857.142857142857,9.936634032634032,13.436634032634032,True,True,True,6857.142857142857,9.647118881118882,13.147118881118882,True,True,True,6857.142857142857,-0.2895151515151504,-0.2895151515151504,True,SUCCESS,,4.965720891952515
1267,ZYZZYVA,4.8,4.0,e6812ac5cfe41dfe,0,6000.0,9.936634032634032,13.936634032634032,True,True,True,6000.0,9.647118881118882,13.647118881118882,True,True,True,6000.0,-0.2895151515151504,-0.2895151515151504,True,SUCCESS,,4.754402160644531
1268,ZYZZYVA,4.8,4.5,4bf23fac97c7528a,0,5333.333333333333,9.936634032634032,14.436634032634032,True,True,True,5333.333333333333,9.647118881118882,14.147118881118882,True,True,True,5333.333333333333,-0.2895151515151504,-0.2895151515151504,True,SUCCESS,,4.679025411605835
1269,ZYZZYVA,4.8,5.0,3e26823f3fb2f04d,0,4800.0,9.936634032634032,14.936634032634032,True,True,True,4800.0,9.647118881118882,14.647118881118882,True,True,True,4800.0,-0.2895151515151504,-0.2895151515151504,True,SUCCESS,,4.803699731826782
1270,ZYZZYVA,4.8,5.5,d7a592d5dac8a64b,0,4363.636363636364,9.936634032634032,15.436634032634032,True,True,True,4363.636363636364,9.647118881118882,15.147118881118882,True,True,True,4363.636363636364,-0.2895151515151504,-0.2895151515151504,True,SUCCESS,,4.679527759552002
1271,ZYZZYVA,4.8,6.0,b930b9d7fee505eb,0,4000.0,9.936634032634032,15.936634032634032,True,True,True,4000.0,9.647118881118882,15.647118881118882,True,True,True,4000.0,-0.2895151515151504,-0.2895151515151504,True,SUCCESS,,4.640494346618652
1272,ZYZZYVA,4.8,6.5,b615778fe9230df7,0,3692.3076923076924,9.936634032634032,16.436634032634032,True,True,True,3692.3076923076924,9.647118881118882,16.14711888111888,True,True,True,3692.3076923076924,-0.2895151515151504,-0.2895151515151504,True,SUCCESS,,5.269576549530029
1273,ZYZZYVA,4.8,7.0,fc735ccce7ef81ef,0,3428.5714285714284,9.936634032634032,16.936634032634032,True,True,True,3428.5714285714284,9.647118881118882,16.64711888111888,True,True,True,3428.5714285714284,-0.2895151515151504,-0.2895151515151504,True,SUCCESS,,4.790978908538818
1274,ZYZZYVA,4.8,7.5,b6da5da132a8826c,0,3200.0,9.936634032634032,17.436634032634032,True,True,True,3200.0,9.647118881118882,17.14711888111888,True,True,True,3200.0,-0.2895151515151504,-0.2895151515151504,True,SUCCESS,,5.1886537075042725
1275,ZYZZYVA,4.8,8.0,3a57f44cdc75c7de,0,3000.0,9.936634032634032,17.936634032634032,True,True,True,3000.0,9.647118881118875,17.647118881118875,True,True,True,3000.0,-0.2895151515151575,-0.2895151515151575,True,SUCCESS,,5.35270357131958
1276,ZYZZYVA,4.8,8.5,ccb262c90823cfd2,0,2823.529411764706,9.936634032634032,18.436634032634032,True,True,True,2823.529411764706,9.647118881118875,18.147118881118875,True,True,True,2823.529411764706,-0.2895151515151575,-0.2895151515151575,True,SUCCESS,,5.703948736190796
1277,ZYZZYVA,4.8,9.0,e0bedd3710d1f7f9,0,2666.6666666666665,9.936634032634032,18.936634032634032,True,True,True,2666.6666666666665,9.647118881118875,18.647118881118875,True,True,True,2666.6666666666665,-0.2895151515151575,-0.2895151515151575,True,SUCCESS,,7.830724239349365
1278,ZYZZYVA,4.8,9.5,e8fa1e91174a3c79,0,2526.315789473684,9.936634032634032,19.436634032634032,True,True,True,2526.315789473684,9.647118881118875,19.147118881118875,True,True,True,2526.315789473684,-0.2895151515151575,-0.2895151515151575,True,SUCCESS,,6.803882598876953
1279,ZYZZYVA,4.8,10.0,6e0a19e50106358f,0,2400.0,9.936634032634032,19.936634032634032,True,True,True,2400.0,9.647118881118882,19.64711888111888,True,True,True,2400.0,-0.2895151515151504,-0.2895151515151504,True,SUCCESS,,6.020222425460815
1280,ZYZZYVA,5.0,0.5,dc8d565b942bb489,0,50000.0,10.350620046620046,10.850620046620046,True,False,True,0.0,10.048983682983684,10.548983682983684,True,False,True,0.0,-0.30163636363636215,-0.30163636363636215,True,SUCCESS,,5.728716611862183
1281,ZYZZYVA,5.0,1.0,7d53a996d5a55690,0,25000.0,10.350620046620046,11.350620046620046,True,False,True,0.0,10.048983682983684,11.048983682983684,True,False,True,0.0,-0.30163636363636215,-0.30163636363636215,True,SUCCESS,,5.8227667808532715
1282,ZYZZYVA,5.0,1.5,0ee78abef91bbec6,0,16666.666666666668,10.350620046620046,11.850620046620046,True,False,True,0.0,10.048983682983684,11.548983682983684,True,False,True,0.0,-0.30163636363636215,-0.30163636363636215,True,SUCCESS,,5.932999610900879
1283,ZYZZYVA,5.0,2.0,678630fb830864db,0,12500.0,10.350620046620046,12.350620046620046,True,False,True,0.0,10.048983682983684,12.048983682983684,True,False,True,0.0,-0.30163636363636215,-0.30163636363636215,True,SUCCESS,,5.7261176109313965
1284,ZYZZYVA,5.0,2.5,cfc0e01ac18d2578,0,10000.0,10.350620046620046,12.850620046620046,True,True,True,10000.0,10.048983682983682,12.548983682983682,True,True,True,10000.0,-0.3016363636363639,-0.3016363636363639,True,SUCCESS,,5.502822160720825
1285,ZYZZYVA,5.0,3.0,a4e45a7a1d76c120,0,8333.333333333334,10.350620046620046,13.350620046620046,True,True,True,8333.333333333334,10.048983682983682,13.048983682983682,True,True,True,8333.333333333334,-0.3016363636363639,-0.3016363636363639,True,SUCCESS,,5.159789800643921
1286,ZYZZYVA,5.0,3.5,d785c173e330ff34,0,7142.857142857143,10.350620046620046,13.850620046620046,True,True,True,7142.857142857143,10.048983682983682,13.548983682983682,True,True,True,7142.857142857143,-0.3016363636363639,-0.3016363636363639,True,SUCCESS,,5.571253538131714
1287,ZYZZYVA,5.0,4.0,1795204819e10239,0,6250.0,10.350620046620046,14.350620046620046,True,True,True,6250.0,10.048983682983682,14.048983682983682,True,True,True,6250.0,-0.3016363636363639,-0.3016363636363639,True,SUCCESS,,6.448883533477783
1288,ZYZZYVA,5.0,4.5,b20a15b2b9de88e3,0,5555.555555555556,10.350620046620046,14.850620046620046,True,True,True,5555.555555555556,10.048983682983682,14.548983682983682,True,True,True,5555.555555555556,-0.3016363636363639,-0.3016363636363639,True,SUCCESS,,6.839718818664551
1289,ZYZZYVA,5.0,5.0,7fb8921b595dbde7,0,5000.0,10.350620046620046,15.350620046620046,True,True,True,5000.0,10.048983682983682,15.048983682983682,True,True,True,5000.0,-0.3016363636363639,-0.3016363636363639,True,SUCCESS,,6.892335414886475
1290,ZYZZYVA,5.0,5.5,6cbdfb3730b39d3b,0,4545.454545454545,10.350620046620046,15.850620046620046,True,True,True,4545.454545454545,10.048983682983682,15.548983682983682,True,True,True,4545.454545454545,-0.3016363636363639,-0.3016363636363639,True,SUCCESS,,5.590473890304565
1291,ZYZZYVA,5.0,6.0,7af2ff36d3f28d61,0,4166.666666666667,10.350620046620046,16.350620046620044,True,True,True,4166.666666666667,10.048983682983682,16.048983682983682,True,True,True,4166.666666666667,-0.3016363636363639,-0.30163636363636215,True,SUCCESS,,5.6627373695373535
1292,ZYZZYVA,5.0,6.5,f0ef799ef5a5cca5,0,3846.153846153846,10.350620046620046,16.850620046620044,True,True,True,3846.153846153846,10.048983682983682,16.548983682983682,True,True,True,3846.153846153846,-0.3016363636363639,-0.30163636363636215,True,SUCCESS,,5.542638778686523
1293,ZYZZYVA,5.0,7.0,657895517877e54f,0,3571.4285714285716,10.350620046620046,17.350620046620044,True,True,True,3571.4285714285716,10.048983682983682,17.048983682983682,True,True,True,3571.4285714285716,-0.3016363636363639,-0.30163636363636215,True,SUCCESS,,5.7355897426605225
1294,ZYZZYVA,5.0,7.5,1b5dc0a66e16c84d,0,3333.3333333333335,10.350620046620046,17.850620046620044,True,True,True,3333.3333333333335,10.048983682983682,17.548983682983682,True,True,True,3333.3333333333335,-0.3016363636363639,-0.30163636363636215,True,SUCCESS,,5.640711545944214
1295,ZYZZYVA,5.0,8.0,88ab6aecaeed01da,0,3125.0,10.350620046620046,18.350620046620044,True,True,True,3125.0,10.048983682983685,18.048983682983685,True,True,True,3125.0,-0.30163636363636037,-0.3016363636363586,True,SUCCESS,,5.758890151977539
1296,ZYZZYVA,5.0,8.5,547f0f14c1b46cf2,0,2941.176470588235,10.350620046620046,18.850620046620044,True,True,True,2941.176470588235,10.048983682983685,18.548983682983685,True,True,True,2941.176470588235,-0.30163636363636037,-0.3016363636363586,True,SUCCESS,,5.795571804046631
1297,ZYZZYVA,5.0,9.0,8e57980fcdbd7984,0,2777.777777777778,10.350620046620046,19.350620046620044,True,True,True,2777.777777777778,10.048983682983682,19.048983682983682,True,True,True,2777.777777777778,-0.3016363636363639,-0.30163636363636215,True,SUCCESS,,5.6111741065979
1298,ZYZZYVA,5.0,9.5,92b1a36630dfa957,0,2631.5789473684213,10.350620046620046,19.850620046620044,True,True,True,2631.5789473684213,10.048983682983689,19.54898368298369,True,True,True,2631.5789473684213,-0.3016363636363568,-0.30163636363635504,True,SUCCESS,,5.944490671157837
1299,ZYZZYVA,5.0,10.0,c748b0ee604ae947,0,2500.0,10.350620046620046,20.350620046620044,True,True,True,2500.0,10.048983682983689,20.04898368298369,True,True,True,2500.0,-0.3016363636363568,-0.30163636363635504,True,SUCCESS,,5.5094382762908936
1300,ZYZZYVA,5.2,0.5,b6b32ffbb891747a,0,52000.0,10.764606060606061,11.264606060606061,True,False,True,0.0,10.450848484848485,10.950848484848485,True,False,True,0.0,-0.3137575757575757,-0.3137575757575757,True,SUCCESS,,6.3596413135528564
1301,ZYZZYVA,5.2,1.0,314eb6258c65e3c6,0,26000.0,10.764606060606061,11.764606060606061,True,False,True,0.0,10.450848484848482,11.450848484848482,True,False,True,0.0,-0.31375757575757923,-0.31375757575757923,True,SUCCESS,,5.913160085678101
1302,ZYZZYVA,5.2,1.5,4cc884c513e860ff,0,17333.333333333332,10.764606060606061,12.264606060606061,True,False,True,0.0,10.450848484848482,11.950848484848482,True,False,True,0.0,-0.31375757575757923,-0.31375757575757923,True,SUCCESS,,6.03966760635376
1303,ZYZZYVA,5.2,2.0,655f25c5e05d2250,0,13000.0,10.764606060606061,12.764606060606061,True,False,True,0.0,10.450848484848482,12.450848484848482,True,False,True,0.0,-0.31375757575757923,-0.31375757575757923,True,SUCCESS,,6.195401668548584
1304,ZYZZYVA,5.2,2.5,835534ea088e0b5a,0,10400.0,10.764606060606061,13.264606060606061,True,True,True,10400.0,10.450848484848482,12.950848484848482,True,True,True,10400.0,-0.31375757575757923,-0.31375757575757923,True,SUCCESS,,6.4611170291900635
1305,ZYZZYVA,5.2,3.0,20b3eaad9aa6e37a,0,8666.666666666666,10.764606060606061,13.764606060606061,True,True,True,8666.666666666666,10.450848484848482,13.450848484848482,True,True,True,8666.666666666666,-0.31375757575757923,-0.31375757575757923,True,SUCCESS,,6.013802528381348
1306,ZYZZYVA,5.2,3.5,9c8b2533d07b5ec5,0,7428.571428571428,10.764606060606061,14.264606060606061,True,True,True,7428.571428571428,10.450848484848482,13.950848484848482,True,True,True,7428.571428571428,-0.31375757575757923,-0.31375757575757923,True,SUCCESS,,5.883042573928833
1307,ZYZZYVA,5.2,4.0,2163d5812e651bf4,0,6500.0,10.764606060606061,14.764606060606061,True,True,True,6500.0,10.450848484848482,14.450848484848482,True,True,True,6500.0,-0.31375757575757923,-0.31375757575757923,True,SUCCESS,,6.036954164505005
1308,ZYZZYVA,5.2,4.5,3e5723d11ef496b3,0,5777.777777777777,10.764606060606061,15.264606060606061,True,True,True,5777.777777777777,10.450848484848482,14.950848484848482,True,True,True,5777.777777777777,-0.31375757575757923,-0.31375757575757923,True,SUCCESS,,6.944148778915405
1309,ZYZZYVA,5.2,5.0,98e8400a95256c52,0,5200.0,10.764606060606061,15.764606060606061,True,True,True,5200.0,10.450848484848482,15.450848484848482,True,True,True,5200.0,-0.31375757575757923,-0.31375757575757923,True,SUCCESS,,6.7969536781311035
1310,ZYZZYVA,5.2,5.5,fee6ee2e4a077119,0,4727.272727272727,10.764606060606061,16.264606060606063,True,True,True,4727.272727272727,10.450848484848482,15.950848484848482,True,True,True,4727.272727272727,-0.31375757575757923,-0.313757575757581,True,SUCCESS,,6.359709978103638
1311,ZYZZYVA,5.2,6.0,1a77f2b9fbdc5221,0,4333.333333333333,10.764606060606061,16.764606060606063,True,True,True,4333.333333333333,10.450848484848482,16.450848484848482,True,True,True,4333.333333333333,-0.31375757575757923,-0.313757575757581,True,SUCCESS,,6.033871412277222
1312,ZYZZYVA,5.2,6.5,f5c1979e7e617bb0,0,4000.0,10.764606060606061,17.264606060606063,True,True,True,4000.0,10.450848484848482,16.950848484848482,True,True,True,4000.0,-0.31375757575757923,-0.313757575757581,True,SUCCESS,,5.8485400676727295
1313,ZYZZYVA,5.2,7.0,722b9364b88153c7,0,3714.285714285714,10.764606060606061,17.764606060606063,True,True,True,3714.285714285714,10.450848484848482,17.450848484848482,True,True,True,3714.285714285714,-0.31375757575757923,-0.313757575757581,True,SUCCESS,,6.057276487350464
1314,ZYZZYVA,5.2,7.5,9628ae01c4027d54,0,3466.6666666666665,10.764606060606061,18.264606060606063,True,True,True,3466.6666666666665,10.450848484848489,17.95084848484849,True,True,True,3466.6666666666665,-0.3137575757575721,-0.3137575757575739,True,SUCCESS,,5.874830007553101
1315,ZYZZYVA,5.2,8.0,85076d1f9c30ba4a,0,3250.0,10.764606060606061,18.764606060606063,True,True,True,3250.0,10.450848484848489,18.45084848484849,True,True,True,3250.0,-0.3137575757575721,-0.3137575757575739,True,SUCCESS,,6.024492502212524
1316,ZYZZYVA,5.2,8.5,7ec31b5d24aeab47,0,3058.823529411765,10.764606060606061,19.264606060606063,True,True,True,3058.823529411765,10.450848484848489,18.95084848484849,True,True,True,3058.823529411765,-0.3137575757575721,-0.3137575757575739,True,SUCCESS,,5.9118812084198
1317,ZYZZYVA,5.2,9.0,bf4aea3d6d0d4494,0,2888.8888888888887,10.764606060606061,19.764606060606063,True,True,True,2888.8888888888887,10.450848484848493,19.450848484848493,True,True,True,2888.8888888888887,-0.3137575757575686,-0.31375757575757035,True,SUCCESS,,5.985917806625366
1318,ZYZZYVA,5.2,9.5,c65ec3a35b551ea6,0,2736.842105263158,10.764606060606061,20.264606060606063,True,True,True,2736.842105263158,10.450848484848493,19.950848484848493,True,True,True,2736.842105263158,-0.3137575757575686,-0.31375757575757035,True,SUCCESS,,6.123181581497192
1319,ZYZZYVA,5.2,10.0,fd54ceff5ea95cd1,0,2600.0,10.764606060606061,20.764606060606063,True,True,True,2600.0,10.450848484848493,20.450848484848493,True,True,True,2600.0,-0.3137575757575686,-0.31375757575757035,True,SUCCESS,,5.847132682800293
1320,ZYZZYVA,5.4,0.5,83a7c83211acec08,0,54000.0,11.178592074592077,11.678592074592077,True,False,True,0.0,10.852713286713287,11.352713286713287,True,False,True,0.0,-0.3258787878787892,-0.3258787878787892,True,SUCCESS,,6.270940780639648
1321,ZYZZYVA,5.4,1.0,199d99bcd0628dbf,0,27000.0,11.178592074592077,12.178592074592077,True,False,True,0.0,10.852713286713287,11.852713286713287,True,False,True,0.0,-0.3258787878787892,-0.3258787878787892,True,SUCCESS,,6.320080757141113
1322,ZYZZYVA,5.4,1.5,b8bf67baee374ec1,0,18000.0,11.178592074592077,12.678592074592077,True,False,True,0.0,10.852713286713287,12.352713286713287,True,False,True,0.0,-0.3258787878787892,-0.3258787878787892,True,SUCCESS,,6.2490410804748535
1323,ZYZZYVA,5.4,2.0,01831c9697248766,0,13500.0,11.178592074592077,13.178592074592077,True,False,True,0.0,10.852713286713287,12.852713286713287,True,False,True,0.0,-0.3258787878787892,-0.3258787878787892,True,SUCCESS,,6.418774843215942
1324,ZYZZYVA,5.4,2.5,ee45febb28cd3082,0,10800.0,11.178592074592077,13.678592074592077,True,True,True,10800.0,10.852713286713287,13.352713286713287,True,True,True,10800.0,-0.3258787878787892,-0.3258787878787892,True,SUCCESS,,6.2287304401397705
1325,ZYZZYVA,5.4,3.0,0b84b9ee0d2818b3,0,9000.0,11.178592074592077,14.178592074592077,True,True,True,9000.0,10.852713286713286,13.852713286713286,True,True,True,9000.0,-0.325878787878791,-0.325878787878791,True,SUCCESS,,6.328697681427002
1326,ZYZZYVA,5.4,3.5,c5b4d04bce7070d1,0,7714.285714285715,11.178592074592077,14.678592074592077,True,True,True,7714.285714285715,10.852713286713286,14.352713286713286,True,True,True,7714.285714285715,-0.325878787878791,-0.325878787878791,True,SUCCESS,,6.303370952606201
1327,ZYZZYVA,5.4,4.0,9b5ad012de1a37fb,0,6750.0,11.178592074592077,15.178592074592077,True,True,True,6750.0,10.852713286713286,14.852713286713286,True,True,True,6750.0,-0.325878787878791,-0.325878787878791,True,SUCCESS,,6.174820423126221
1328,ZYZZYVA,5.4,4.5,63ec66e57c615498,0,6000.0,11.178592074592077,15.678592074592077,True,True,True,6000.0,10.852713286713286,15.352713286713286,True,True,True,6000.0,-0.325878787878791,-0.325878787878791,True,SUCCESS,,6.201396465301514
1329,ZYZZYVA,5.4,5.0,e183d818b5399486,0,5400.0,11.178592074592077,16.178592074592075,True,True,True,5400.0,10.852713286713286,15.852713286713286,True,True,True,5400.0,-0.325878787878791,-0.3258787878787892,True,SUCCESS,,6.218897819519043
1330,ZYZZYVA,5.4,5.5,13610dfe54b1a4e3,0,4909.090909090909,11.178592074592077,16.678592074592075,True,True,True,4909.090909090909,10.852713286713293,16.352713286713293,True,True,True,4909.090909090909,-0.3258787878787839,-0.3258787878787821,True,SUCCESS,,6.148473024368286
1331,ZYZZYVA,5.4,6.0,e8628ec8c81668a4,0,4500.0,11.178592074592077,17.178592074592075,True,True,True,4500.0,10.852713286713293,16.852713286713293,True,True,True,4500.0,-0.3258787878787839,-0.3258787878787821,True,SUCCESS,,6.186304807662964
1332,ZYZZYVA,5.4,6.5,e692519da63f974c,0,4153.846153846154,11.178592074592077,17.678592074592075,True,True,True,4153.846153846154,10.852713286713293,17.352713286713293,True,True,True,4153.846153846154,-0.3258787878787839,-0.3258787878787821,True,SUCCESS,,6.13847017288208
1333,ZYZZYVA,5.4,7.0,df9d4acf57922d8e,0,3857.1428571428573,11.178592074592077,18.178592074592075,True,True,True,3857.1428571428573,10.852713286713293,17.852713286713293,True,True,True,3857.1428571428573,-0.3258787878787839,-0.3258787878787821,True,SUCCESS,,6.338757753372192
1334,ZYZZYVA,5.4,7.5,5d3e0e456bce6d75,0,3600.0,11.178592074592077,18.678592074592075,True,True,True,3600.0,10.852713286713293,18.352713286713293,True,True,True,3600.0,-0.3258787878787839,-0.3258787878787821,True,SUCCESS,,6.212435007095337
1335,ZYZZYVA,5.4,8.0,60f58e88cfc55ef9,0,3375.0,11.178592074592077,19.178592074592075,True,True,True,3375.0,10.852713286713293,18.852713286713293,True,True,True,3375.0,-0.3258787878787839,-0.3258787878787821,True,SUCCESS,,6.011852025985718
1336,ZYZZYVA,5.4,8.5,65e65a1c0128f65c,0,3176.470588235294,11.178592074592077,19.678592074592075,True,True,True,3176.470588235294,10.85271328671329,19.35271328671329,True,True,True,3176.470588235294,-0.32587878787878743,-0.32587878787878566,True,SUCCESS,,6.251961946487427
1337,ZYZZYVA,5.4,9.0,b2839a13410fa9b0,0,3000.0,11.178592074592077,20.178592074592075,True,True,True,3000.0,10.852713286713296,19.852713286713296,True,True,True,3000.0,-0.32587878787878033,-0.32587878787877855,True,SUCCESS,,6.163869142532349
1338,ZYZZYVA,5.4,9.5,6d95f351e5248441,0,2842.1052631578946,11.178592074592077,20.678592074592075,True,True,True,2842.1052631578946,10.852713286713296,20.352713286713296,True,True,True,2842.1052631578946,-0.32587878787878033,-0.32587878787877855,True,SUCCESS,,6.1648242473602295
1339,ZYZZYVA,5.4,10.0,1d25e96783f3f173,0,2700.0,11.178592074592077,21.178592074592075,True,True,True,2700.0,10.852713286713296,20.852713286713296,True,True,True,2700.0,-0.32587878787878033,-0.32587878787877855,True,SUCCESS,,6.216941833496094
1340,ZYZZYVA,5.6,0.5,e04e040a0a26b14a,0,56000.0,11.592578088578088,12.092578088578088,True,False,True,0.0,11.254578088578084,11.754578088578084,True,False,True,0.0,-0.3380000000000045,-0.3380000000000045,True,SUCCESS,,6.37061071395874
1341,ZYZZYVA,5.6,1.0,2ccd1be81ac86fef,0,28000.0,11.592578088578088,12.592578088578088,True,False,True,0.0,11.254578088578084,12.254578088578084,True,False,True,0.0,-0.3380000000000045,-0.3380000000000045,True,SUCCESS,,6.468189477920532
1342,ZYZZYVA,5.6,1.5,b92e813ba368be9c,0,18666.666666666668,11.592578088578088,13.092578088578088,True,False,True,0.0,11.254578088578084,12.754578088578084,True,False,True,0.0,-0.3380000000000045,-0.3380000000000045,True,SUCCESS,,6.46437668800354
1343,ZYZZYVA,5.6,2.0,ffdffde3d076e539,0,14000.0,11.592578088578088,13.592578088578088,True,False,True,0.0,11.254578088578084,13.254578088578084,True,False,True,0.0,-0.3380000000000045,-0.3380000000000045,True,SUCCESS,,6.294079542160034
1344,ZYZZYVA,5.6,2.5,29daefdd74000bef,0,11200.0,11.592578088578088,14.092578088578088,True,True,True,11200.0,11.25457808857809,13.75457808857809,True,True,True,11200.0,-0.3379999999999992,-0.3379999999999992,True,SUCCESS,,6.870567321777344
1345,ZYZZYVA,5.6,3.0,e4f07ee2d6a27e16,0,9333.333333333334,11.592578088578088,14.592578088578088,True,True,True,9333.333333333334,11.25457808857809,14.25457808857809,True,True,True,9333.333333333334,-0.3379999999999992,-0.3379999999999992,True,SUCCESS,,6.964623928070068
1346,ZYZZYVA,5.6,3.5,928dec4b06093b7d,0,8000.0,11.592578088578088,15.092578088578088,True,True,True,8000.0,11.25457808857809,14.75457808857809,True,True,True,8000.0,-0.3379999999999992,-0.3379999999999992,True,SUCCESS,,6.788585901260376
1347,ZYZZYVA,5.6,4.0,3095389e2ce34da6,0,7000.0,11.592578088578088,15.592578088578088,True,True,True,7000.0,11.25457808857809,15.25457808857809,True,True,True,7000.0,-0.3379999999999992,-0.3379999999999992,True,SUCCESS,,7.069777727127075
1348,ZYZZYVA,5.6,4.5,dd80f57cfc20f4c6,0,6222.222222222223,11.592578088578088,16.092578088578087,True,True,True,6222.222222222223,11.25457808857809,15.75457808857809,True,True,True,6222.222222222223,-0.3379999999999992,-0.3379999999999974,True,SUCCESS,,6.677204847335815
1349,ZYZZYVA,5.6,5.0,10342a369599ef32,0,5600.0,11.592578088578088,16.592578088578087,True,True,True,5600.0,11.25457808857809,16.25457808857809,True,True,True,5600.0,-0.3379999999999992,-0.3379999999999974,True,SUCCESS,,6.25248122215271
1350,ZYZZYVA,5.6,5.5,0877509deed56a34,0,5090.909090909091,11.592578088578088,17.092578088578087,True,True,True,5090.909090909091,11.25457808857809,16.75457808857809,True,True,True,5090.909090909091,-0.3379999999999992,-0.3379999999999974,True,SUCCESS,,6.626665830612183
1351,ZYZZYVA,5.6,6.0,b752baa2b918b41a,0,4666.666666666667,11.592578088578088,17.592578088578087,True,True,True,4666.666666666667,11.25457808857809,17.25457808857809,True,True,True,4666.666666666667,-0.3379999999999992,-0.3379999999999974,True,SUCCESS,,6.496706008911133
1352,ZYZZYVA,5.6,6.5,e77dd25743331318,0,4307.692307692308,11.592578088578088,18.092578088578087,True,True,True,4307.692307692308,11.25457808857809,17.75457808857809,True,True,True,4307.692307692308,-0.3379999999999992,-0.3379999999999974,True,SUCCESS,,6.378543138504028
1353,ZYZZYVA,5.6,7.0,b779e31e1f842cfc,0,4000.0,11.592578088578088,18.592578088578087,True,True,True,4000.0,11.25457808857809,18.25457808857809,True,True,True,4000.0,-0.3379999999999992,-0.3379999999999974,True,SUCCESS,,6.685446262359619
1354,ZYZZYVA,5.6,7.5,fba515ec15ab980a,0,3733.3333333333335,11.592578088578088,19.092578088578087,True,True,True,3733.3333333333335,11.25457808857809,18.75457808857809,True,True,True,3733.3333333333335,-0.3379999999999992,-0.3379999999999974,True,SUCCESS,,6.5932838916778564
1355,ZYZZYVA,5.6,8.0,0f3e199fd0da9523,0,3500.0,11.592578088578088,19.592578088578087,True,True,True,3500.0,11.254578088578093,19.254578088578093,True,True,True,3500.0,-0.33799999999999564,-0.33799999999999386,True,SUCCESS,,6.5102972984313965
1356,ZYZZYVA,5.6,8.5,d493ff7fced9b1b8,0,3294.1176470588234,11.592578088578088,20.092578088578087,True,True,True,3294.1176470588234,11.254578088578093,19.754578088578093,True,True,True,3294.1176470588234,-0.33799999999999564,-0.33799999999999386,True,SUCCESS,,6.563191175460815
1357,ZYZZYVA,5.6,9.0,57a7448a8f586bcf,0,3111.1111111111113,11.592578088578088,20.592578088578087,True,True,True,3111.1111111111113,11.254578088578093,20.254578088578093,True,True,True,3111.1111111111113,-0.33799999999999564,-0.33799999999999386,True,SUCCESS,,6.362976551055908
1358,ZYZZYVA,5.6,9.5,a1cb4a17e3412a1d,0,2947.3684210526317,11.592578088578088,21.092578088578087,True,True,True,2947.3684210526317,11.254578088578093,20.754578088578093,True,True,True,2947.3684210526317,-0.33799999999999564,-0.33799999999999386,True,SUCCESS,,6.724907398223877
1359,ZYZZYVA,5.6,10.0,4dd4b15ce3635610,0,2800.0,11.592578088578088,21.592578088578087,True,True,True,2800.0,11.25457808857809,21.25457808857809,True,True,True,2800.0,-0.3379999999999992,-0.3379999999999974,True,SUCCESS,,6.510558128356934
1360,ZYZZYVA,5.8,0.5,e18835013ad89760,0,58000.0,12.006564102564104,12.506564102564104,True,False,True,0.0,11.656442890442891,12.156442890442891,True,False,True,0.0,-0.3501212121212127,-0.3501212121212127,True,SUCCESS,,6.922897100448608
1361,ZYZZYVA,5.8,1.0,076b431f27557e89,0,29000.0,12.006564102564104,13.006564102564104,True,False,True,0.0,11.656442890442891,12.656442890442891,True,False,True,0.0,-0.3501212121212127,-0.3501212121212127,True,SUCCESS,,6.858612775802612
1362,ZYZZYVA,5.8,1.5,7328a38bda2b3b5e,0,19333.333333333332,12.006564102564104,13.506564102564104,True,False,True,0.0,11.65644289044289,13.15644289044289,True,False,True,0.0,-0.3501212121212145,-0.3501212121212145,True,SUCCESS,,6.926894187927246
1363,ZYZZYVA,5.8,2.0,cff5a40fbcda1f4d,0,14500.0,12.006564102564104,14.006564102564104,True,False,True,0.0,11.65644289044289,13.65644289044289,True,False,True,0.0,-0.3501212121212145,-0.3501212121212145,True,SUCCESS,,6.814315557479858
1364,ZYZZYVA,5.8,2.5,343f1fc004ebe995,0,11600.0,12.006564102564104,14.506564102564104,True,True,True,11600.0,11.65644289044289,14.15644289044289,True,True,True,11600.0,-0.3501212121212145,-0.3501212121212145,True,SUCCESS,,6.825939416885376
1365,ZYZZYVA,5.8,3.0,60cbfb083f327fd8,0,9666.666666666666,12.006564102564104,15.006564102564104,True,True,True,9666.666666666666,11.65644289044289,14.65644289044289,True,True,True,9666.666666666666,-0.3501212121212145,-0.3501212121212145,True,SUCCESS,,6.900693416595459
1366,ZYZZYVA,5.8,3.5,07a5648aece296af,0,8285.714285714286,12.006564102564104,15.506564102564104,True,True,True,8285.714285714286,11.65644289044289,15.15644289044289,True,True,True,8285.714285714286,-0.3501212121212145,-0.3501212121212145,True,SUCCESS,,6.751453161239624
1367,ZYZZYVA,5.8,4.0,338c463be8fba23e,0,7250.0,12.006564102564104,16.006564102564106,True,True,True,7250.0,11.65644289044289,15.65644289044289,True,True,True,7250.0,-0.3501212121212145,-0.3501212121212163,True,SUCCESS,,6.7554709911346436
1368,ZYZZYVA,5.8,4.5,a31ae324d4d29f64,0,6444.444444444444,12.006564102564104,16.506564102564106,True,True,True,6444.444444444444,11.65644289044289,16.15644289044289,True,True,True,6444.444444444444,-0.3501212121212145,-0.3501212121212163,True,SUCCESS,,6.845330476760864
1369,ZYZZYVA,5.8,5.0,e8c4a0484ece5884,0,5800.0,12.006564102564104,17.006564102564106,True,True,True,5800.0,11.65644289044289,16.65644289044289,True,True,True,5800.0,-0.3501212121212145,-0.3501212121212163,True,SUCCESS,,6.770703077316284
1370,ZYZZYVA,5.8,5.5,b4ca98faf61e5e45,0,5272.727272727273,12.006564102564104,17.506564102564106,True,True,True,5272.727272727273,11.65644289044289,17.15644289044289,True,True,True,5272.727272727273,-0.3501212121212145,-0.3501212121212163,True,SUCCESS,,6.83629035949707
1371,ZYZZYVA,5.8,6.0,0f28c83b17996832,0,4833.333333333333,12.006564102564104,18.006564102564106,True,True,True,4833.333333333333,11.65644289044289,17.65644289044289,True,True,True,4833.333333333333,-0.3501212121212145,-0.3501212121212163,True,SUCCESS,,7.012861490249634
1372,ZYZZYVA,5.8,6.5,8a02db2e050f8c24,0,4461.538461538462,12.006564102564104,18.506564102564106,True,True,True,4461.538461538462,11.65644289044289,18.15644289044289,True,True,True,4461.538461538462,-0.3501212121212145,-0.3501212121212163,True,SUCCESS,,6.742291212081909
1373,ZYZZYVA,5.8,7.0,ce2f7f161ecfdfec,0,4142.857142857143,12.006564102564104,19.006564102564106,True,True,True,4142.857142857143,11.65644289044289,18.65644289044289,True,True,True,4142.857142857143,-0.3501212121212145,-0.3501212121212163,True,SUCCESS,,6.9705493450164795
1374,ZYZZYVA,5.8,7.5,8c6bbd591f678d9b,0,3866.6666666666665,12.006564102564104,19.506564102564106,True,True,True,3866.6666666666665,11.65644289044289,19.15644289044289,True,True,True,3866.6666666666665,-0.3501212121212145,-0.3501212121212163,True,SUCCESS,,6.918783903121948
1375,ZYZZYVA,5.8,8.0,7445e95344d76a22,0,3625.0,12.006564102564104,20.006564102564106,True,True,True,3625.0,11.65644289044289,19.65644289044289,True,True,True,3625.0,-0.3501212121212145,-0.3501212121212163,True,SUCCESS,,6.797483205795288
1376,ZYZZYVA,5.8,8.5,e62fa7d634ca67bf,0,3411.764705882353,12.006564102564104,20.506564102564106,True,True,True,3411.764705882353,11.656442890442896,20.156442890442896,True,True,True,3411.764705882353,-0.3501212121212074,-0.35012121212120917,True,SUCCESS,,6.7566139698028564
1377,ZYZZYVA,5.8,9.0,f0a37b42c4443c5b,0,3222.222222222222,12.006564102564104,21.006564102564106,True,True,True,3222.222222222222,11.656442890442896,20.656442890442896,True,True,True,3222.222222222222,-0.3501212121212074,-0.35012121212120917,True,SUCCESS,,6.993999242782593
1378,ZYZZYVA,5.8,9.5,6f72cd3801f2536f,0,3052.6315789473683,12.006564102564104,21.506564102564106,True,True,True,3052.6315789473683,11.656442890442893,21.156442890442893,True,True,True,3052.6315789473683,-0.35012121212121095,-0.3501212121212127,True,SUCCESS,,6.816911220550537
1379,ZYZZYVA,5.8,10.0,73f934e717fb322d,0,2900.0,12.006564102564104,22.006564102564106,True,True,True,2900.0,11.656442890442893,21.656442890442893,True,True,True,2900.0,-0.35012121212121095,-0.3501212121212127,True,SUCCESS,,6.721020221710205
1380,ZYZZYVA,6.0,0.5,e7a2d18e84920bcd,0,60000.0,12.420550116550118,12.920550116550118,True,False,True,0.0,12.058307692307695,12.558307692307695,True,False,True,0.0,-0.3622424242424227,-0.3622424242424227,True,SUCCESS,,7.18588662147522
1381,ZYZZYVA,6.0,1.0,1ed734fb92f33e0c,0,30000.0,12.420550116550118,13.420550116550118,True,False,True,0.0,12.058307692307695,13.058307692307695,True,False,True,0.0,-0.3622424242424227,-0.3622424242424227,True,SUCCESS,,7.129112243652344
1382,ZYZZYVA,6.0,1.5,87fd6af537666779,0,20000.0,12.420550116550118,13.920550116550118,True,False,True,0.0,12.058307692307693,13.558307692307693,True,False,True,0.0,-0.3622424242424245,-0.3622424242424245,True,SUCCESS,,7.040183782577515
1383,ZYZZYVA,6.0,2.0,a03f9789c81effa2,0,15000.0,12.420550116550118,14.420550116550118,True,False,True,0.0,12.058307692307693,14.058307692307693,True,False,True,0.0,-0.3622424242424245,-0.3622424242424245,True,SUCCESS,,7.075129508972168
1384,ZYZZYVA,6.0,2.5,af8c853667bd21e5,0,12000.0,12.420550116550118,14.920550116550118,True,True,True,12000.0,12.058307692307693,14.558307692307693,True,True,True,12000.0,-0.3622424242424245,-0.3622424242424245,True,SUCCESS,,7.178753614425659
1385,ZYZZYVA,6.0,3.0,4601d5ca71b995dd,0,10000.0,12.420550116550118,15.420550116550118,True,True,True,10000.0,12.058307692307693,15.058307692307693,True,True,True,10000.0,-0.3622424242424245,-0.3622424242424245,True,SUCCESS,,6.9663474559783936
1386,ZYZZYVA,6.0,3.5,55357c746f266d57,0,8571.42857142857,12.420550116550118,15.920550116550118,True,True,True,8571.42857142857,12.058307692307693,15.558307692307693,True,True,True,8571.42857142857,-0.3622424242424245,-0.3622424242424245,True,SUCCESS,,7.073640584945679
1387,ZYZZYVA,6.0,4.0,610c3120f446dbb0,0,7500.0,12.420550116550118,16.420550116550118,True,True,True,7500.0,12.058307692307693,16.058307692307693,True,True,True,7500.0,-0.3622424242424245,-0.3622424242424245,True,SUCCESS,,7.0985729694366455
1388,ZYZZYVA,6.0,4.5,7e1ff766d21992c8,0,6666.666666666667,12.420550116550118,16.920550116550118,True,True,True,6666.666666666667,12.058307692307693,16.558307692307693,True,True,True,6666.666666666667,-0.3622424242424245,-0.3622424242424245,True,SUCCESS,,7.023705720901489
1389,ZYZZYVA,6.0,5.0,e855f7454e3456e5,0,6000.0,12.420550116550118,17.420550116550118,True,True,True,6000.0,12.058307692307693,17.058307692307693,True,True,True,6000.0,-0.3622424242424245,-0.3622424242424245,True,SUCCESS,,7.038196563720703
1390,ZYZZYVA,6.0,5.5,cd29b1aeb7b3f808,0,5454.545454545455,12.420550116550118,17.920550116550118,True,True,True,5454.545454545455,12.058307692307693,17.558307692307693,True,True,True,5454.545454545455,-0.3622424242424245,-0.3622424242424245,True,SUCCESS,,7.233722925186157
1391,ZYZZYVA,6.0,6.0,fa9bb52218222adc,0,5000.0,12.420550116550118,18.420550116550118,True,True,True,5000.0,12.05830769230769,18.05830769230769,True,True,True,5000.0,-0.36224242424242803,-0.36224242424242803,True,SUCCESS,,7.079458951950073
1392,ZYZZYVA,6.0,6.5,f19ae59b90ece860,0,4615.384615384615,12.420550116550118,18.920550116550118,True,True,True,4615.384615384615,12.05830769230769,18.55830769230769,True,True,True,4615.384615384615,-0.36224242424242803,-0.36224242424242803,True,SUCCESS,,6.974230527877808
1393,ZYZZYVA,6.0,7.0,7b57b118d5350bf7,0,4285.714285714285,12.420550116550118,19.420550116550118,True,True,True,4285.714285714285,12.05830769230769,19.05830769230769,True,True,True,4285.714285714285,-0.36224242424242803,-0.36224242424242803,True,SUCCESS,,7.1167285442352295
1394,ZYZZYVA,6.0,7.5,659a6beb63dc1db0,0,4000.0,12.420550116550118,19.920550116550118,True,True,True,4000.0,12.05830769230769,19.55830769230769,True,True,True,4000.0,-0.36224242424242803,-0.36224242424242803,True,SUCCESS,,7.1775221824646
1395,ZYZZYVA,6.0,8.0,a01eb249aee1f786,0,3750.0,12.420550116550118,20.420550116550118,True,True,True,3750.0,12.058307692307704,20.058307692307704,True,True,True,3750.0,-0.3622424242424138,-0.3622424242424138,True,SUCCESS,,7.217620849609375
1396,ZYZZYVA,6.0,8.5,5f85c64445dd9eb9,0,3529.4117647058824,12.420550116550118,20.920550116550118,True,True,True,3529.4117647058824,12.058307692307704,20.558307692307704,True,True,True,3529.4117647058824,-0.3622424242424138,-0.3622424242424138,True,SUCCESS,,7.2847394943237305
1397,ZYZZYVA,6.0,9.0,54a33c477335a949,0,3333.3333333333335,12.420550116550118,21.420550116550118,True,True,True,3333.3333333333335,12.058307692307704,21.058307692307704,True,True,True,3333.3333333333335,-0.3622424242424138,-0.3622424242424138,True,SUCCESS,,7.106046915054321
1398,ZYZZYVA,6.0,9.5,56234a53879289a2,0,3157.8947368421054,12.420550116550118,21.920550116550118,True,True,True,3157.8947368421054,12.058307692307704,21.558307692307704,True,True,True,3157.8947368421054,-0.3622424242424138,-0.3622424242424138,True,SUCCESS,,7.06082820892334
1399,ZYZZYVA,6.0,10.0,bb7a88a6163729b3,0,3000.0,12.420550116550118,22.420550116550118,True,True,True,3000.0,12.0583076923077,22.0583076923077,True,True,True,3000.0,-0.36224242424241737,-0.36224242424241737,True,SUCCESS,,7.086201429367065
1400,ZYZZYVA,6.2,0.5,b8548b118acfe3f9,0,62000.0,12.834536130536131,13.334536130536131,True,False,True,0.0,12.460172494172495,12.960172494172495,True,False,True,0.0,-0.37436363636363623,-0.37436363636363623,True,SUCCESS,,7.557750463485718
1401,ZYZZYVA,6.2,1.0,3ef534dee86c7e69,0,31000.0,12.834536130536131,13.834536130536131,True,False,True,0.0,12.460172494172495,13.460172494172495,True,False,True,0.0,-0.37436363636363623,-0.37436363636363623,True,SUCCESS,,7.463491439819336
1402,ZYZZYVA,6.2,1.5,4d3b62043ba16e2c,0,20666.666666666668,12.834536130536131,14.334536130536131,True,False,True,0.0,12.460172494172493,13.960172494172493,True,False,True,0.0,-0.374363636363638,-0.374363636363638,True,SUCCESS,,7.377935409545898
1403,ZYZZYVA,6.2,2.0,a5f3681b2a955092,0,15500.0,12.834536130536131,14.834536130536131,True,False,True,0.0,12.460172494172493,14.460172494172493,True,False,True,0.0,-0.374363636363638,-0.374363636363638,True,SUCCESS,,7.400803804397583
1404,ZYZZYVA,6.2,2.5,fcc6d815ebd937e4,0,12400.0,12.834536130536131,15.334536130536131,True,False,True,0.0,12.460172494172493,14.960172494172493,True,True,True,12400.0,-0.374363636363638,-0.374363636363638,False,SUCCESS,,7.428111553192139
1405,ZYZZYVA,6.2,3.0,3d6b5f439797e792,0,10333.333333333334,12.834536130536131,15.834536130536131,True,True,True,10333.333333333334,12.460172494172493,15.460172494172493,True,True,True,10333.333333333334,-0.374363636363638,-0.374363636363638,True,SUCCESS,,7.342311382293701
1406,ZYZZYVA,6.2,3.5,4007c3cab2313035,0,8857.142857142857,12.834536130536131,16.33453613053613,True,True,True,8857.142857142857,12.46017249417249,15.96017249417249,True,True,True,8857.142857142857,-0.37436363636364156,-0.3743636363636398,True,SUCCESS,,7.445874214172363
1407,ZYZZYVA,6.2,4.0,80d479e24e40fb0b,0,7750.0,12.834536130536131,16.83453613053613,True,True,True,7750.0,12.46017249417249,16.46017249417249,True,True,True,7750.0,-0.37436363636364156,-0.3743636363636398,True,SUCCESS,,7.471327066421509
1408,ZYZZYVA,6.2,4.5,18e80cecd39f54d9,0,6888.888888888889,12.834536130536131,17.33453613053613,True,True,True,6888.888888888889,12.46017249417249,16.96017249417249,True,True,True,6888.888888888889,-0.37436363636364156,-0.3743636363636398,True,SUCCESS,,7.490901231765747
1409,ZYZZYVA,6.2,5.0,56a031714e97d66a,0,6200.0,12.834536130536131,17.83453613053613,True,True,True,6200.0,12.46017249417249,17.46017249417249,True,True,True,6200.0,-0.37436363636364156,-0.3743636363636398,True,SUCCESS,,7.390740633010864
1410,ZYZZYVA,6.2,5.5,06ccced05ee1faea,0,5636.363636363636,12.834536130536131,18.33453613053613,True,True,True,5636.363636363636,12.460172494172493,17.960172494172493,True,True,True,5636.363636363636,-0.374363636363638,-0.37436363636363623,True,SUCCESS,,7.322925806045532
1411,ZYZZYVA,6.2,6.0,dd0663d6a62ba2de,0,5166.666666666667,12.834536130536131,18.83453613053613,True,True,True,5166.666666666667,12.460172494172493,18.460172494172493,True,True,True,5166.666666666667,-0.374363636363638,-0.37436363636363623,True,SUCCESS,,7.486270427703857
1412,ZYZZYVA,6.2,6.5,d341ddb69c5be962,0,4769.2307692307695,12.834536130536131,19.33453613053613,True,True,True,4769.2307692307695,12.460172494172493,18.960172494172493,True,True,True,4769.2307692307695,-0.374363636363638,-0.37436363636363623,True,SUCCESS,,7.895639657974243
1413,ZYZZYVA,6.2,7.0,489034135ab58d72,0,4428.571428571428,12.834536130536131,19.83453613053613,True,True,True,4428.571428571428,12.460172494172493,19.460172494172493,True,True,True,4428.571428571428,-0.374363636363638,-0.37436363636363623,True,SUCCESS,,7.989753007888794
1414,ZYZZYVA,6.2,7.5,10ab72136fd60275,0,4133.333333333333,12.834536130536131,20.33453613053613,True,True,True,4133.333333333333,12.460172494172497,19.960172494172497,True,True,True,4133.333333333333,-0.37436363636363446,-0.3743636363636327,True,SUCCESS,,8.322609663009644
1415,ZYZZYVA,6.2,8.0,ea94ae7202da80ed,0,3875.0,12.834536130536131,20.83453613053613,True,True,True,3875.0,12.460172494172497,20.460172494172497,True,True,True,3875.0,-0.37436363636363446,-0.3743636363636327,True,SUCCESS,,8.182586669921875
1416,ZYZZYVA,6.2,8.5,b51e4b5ebbcd3152,0,3647.0588235294117,12.834536130536131,21.33453613053613,True,True,True,3647.0588235294117,12.460172494172497,20.960172494172497,True,True,True,3647.0588235294117,-0.37436363636363446,-0.3743636363636327,True,SUCCESS,,7.56064510345459
1417,ZYZZYVA,6.2,9.0,7034d967c0a1cdea,0,3444.4444444444443,12.834536130536131,21.83453613053613,True,True,True,3444.4444444444443,12.460172494172497,21.460172494172497,True,True,True,3444.4444444444443,-0.37436363636363446,-0.3743636363636327,True,SUCCESS,,7.8763017654418945
1418,ZYZZYVA,6.2,9.5,912a808a67748a38,0,3263.157894736842,12.834536130536131,22.33453613053613,True,True,True,3263.157894736842,12.4601724941725,21.9601724941725,True,True,True,3263.157894736842,-0.3743636363636309,-0.3743636363636291,True,SUCCESS,,7.441737174987793
1419,ZYZZYVA,6.2,10.0,4a942ee33a68bfc8,0,3100.0,12.834536130536131,22.83453613053613,True,True,True,3100.0,12.460172494172497,22.460172494172497,True,True,True,3100.0,-0.37436363636363446,-0.3743636363636327,True,SUCCESS,,7.566091060638428
1420,ZYZZYVA,6.4,0.5,7a13b4accc948134,0,64000.0,13.248522144522148,13.748522144522148,True,False,True,0.0,12.862037296037297,13.362037296037297,True,False,True,0.0,-0.38648484848485154,-0.38648484848485154,True,SUCCESS,,7.9801294803619385
1421,ZYZZYVA,6.4,1.0,15fab3ac073dd400,0,32000.0,13.248522144522148,14.248522144522148,True,False,True,0.0,12.862037296037299,13.862037296037299,True,False,True,0.0,-0.38648484848484976,-0.38648484848484976,True,SUCCESS,,7.887765407562256
1422,ZYZZYVA,6.4,1.5,8fe1af6b42cedcb5,0,21333.333333333332,13.248522144522148,14.748522144522148,True,False,True,0.0,12.862037296037299,14.362037296037299,True,False,True,0.0,-0.38648484848484976,-0.38648484848484976,True,SUCCESS,,7.875421762466431
1423,ZYZZYVA,6.4,2.0,7df5752006292f7c,0,16000.0,13.248522144522148,15.248522144522148,True,False,True,0.0,12.862037296037297,14.862037296037297,True,False,True,0.0,-0.38648484848485154,-0.38648484848485154,True,SUCCESS,,7.601481914520264
1424,ZYZZYVA,6.4,2.5,c993e123aa286da0,0,12800.0,13.248522144522148,15.748522144522148,True,False,True,0.0,12.862037296037297,15.362037296037297,True,False,True,0.0,-0.38648484848485154,-0.38648484848485154,True,SUCCESS,,7.737548589706421
1425,ZYZZYVA,6.4,3.0,2e381c25077e78f1,0,10666.666666666666,13.248522144522148,16.24852214452215,True,True,True,10666.666666666666,12.862037296037297,15.862037296037297,True,True,True,10666.666666666666,-0.38648484848485154,-0.38648484848485154,True,SUCCESS,,7.646625995635986
1426,ZYZZYVA,6.4,3.5,12ba167d428d18f5,0,9142.857142857143,13.248522144522148,16.74852214452215,True,True,True,9142.857142857143,12.862037296037297,16.362037296037297,True,True,True,9142.857142857143,-0.38648484848485154,-0.38648484848485154,True,SUCCESS,,7.703730583190918
1427,ZYZZYVA,6.4,4.0,a33246396529e993,0,8000.0,13.248522144522148,17.24852214452215,True,True,True,8000.0,12.862037296037297,16.862037296037297,True,True,True,8000.0,-0.38648484848485154,-0.38648484848485154,True,SUCCESS,,7.579756498336792
1428,ZYZZYVA,6.4,4.5,ac5562add7efc1ee,0,7111.111111111111,13.248522144522148,17.74852214452215,True,True,True,7111.111111111111,12.862037296037297,17.362037296037297,True,True,True,7111.111111111111,-0.38648484848485154,-0.38648484848485154,True,SUCCESS,,7.85786247253418
1429,ZYZZYVA,6.4,5.0,5fe191dc0adf94c8,0,6400.0,13.248522144522148,18.24852214452215,True,True,True,6400.0,12.862037296037297,17.862037296037297,True,True,True,6400.0,-0.38648484848485154,-0.38648484848485154,True,SUCCESS,,7.830394506454468
1430,ZYZZYVA,6.4,5.5,59bb0fac8ff29695,0,5818.181818181818,13.248522144522148,18.74852214452215,True,True,True,5818.181818181818,12.862037296037293,18.362037296037293,True,True,True,5818.181818181818,-0.3864848484848551,-0.3864848484848551,True,SUCCESS,,8.153910398483276
1431,ZYZZYVA,6.4,6.0,6eccd37ab2ee15c0,0,5333.333333333333,13.248522144522148,19.24852214452215,True,True,True,5333.333333333333,12.862037296037293,18.862037296037293,True,True,True,5333.333333333333,-0.3864848484848551,-0.3864848484848551,True,SUCCESS,,7.649073123931885
1432,ZYZZYVA,6.4,6.5,88a8bd6cc49405d6,0,4923.076923076923,13.248522144522148,19.74852214452215,True,True,True,4923.076923076923,12.862037296037293,19.362037296037293,True,True,True,4923.076923076923,-0.3864848484848551,-0.3864848484848551,True,SUCCESS,,7.7089221477508545
1433,ZYZZYVA,6.4,7.0,9c8613eb0255bfb5,0,4571.428571428572,13.248522144522148,20.24852214452215,True,True,True,4571.428571428572,12.862037296037293,19.862037296037293,True,True,True,4571.428571428572,-0.3864848484848551,-0.3864848484848551,True,SUCCESS,,7.763153791427612
1434,ZYZZYVA,6.4,7.5,18291a7a004298f6,0,4266.666666666667,13.248522144522148,20.74852214452215,True,True,True,4266.666666666667,12.8620372960373,20.3620372960373,True,True,True,4266.666666666667,-0.386484848484848,-0.386484848484848,True,SUCCESS,,7.704772710800171
1435,ZYZZYVA,6.4,8.0,54df75d7fd8ff990,0,4000.0,13.248522144522148,21.24852214452215,True,True,True,4000.0,12.8620372960373,20.8620372960373,True,True,True,4000.0,-0.386484848484848,-0.386484848484848,True,SUCCESS,,7.608690023422241
1436,ZYZZYVA,6.4,8.5,84224d4f1fd35746,0,3764.705882352941,13.248522144522148,21.74852214452215,True,True,True,3764.705882352941,12.8620372960373,21.3620372960373,True,True,True,3764.705882352941,-0.386484848484848,-0.386484848484848,True,SUCCESS,,7.6837158203125
1437,ZYZZYVA,6.4,9.0,9dc09d0698e3a529,0,3555.5555555555557,13.248522144522148,22.24852214452215,True,True,True,3555.5555555555557,12.8620372960373,21.8620372960373,True,True,True,3555.5555555555557,-0.386484848484848,-0.386484848484848,True,SUCCESS,,7.716871976852417
1438,ZYZZYVA,6.4,9.5,3fe177080dac85d7,0,3368.4210526315787,13.248522144522148,22.74852214452215,True,True,True,3368.4210526315787,12.8620372960373,22.3620372960373,True,True,True,3368.4210526315787,-0.386484848484848,-0.386484848484848,True,SUCCESS,,7.811777591705322
1439,ZYZZYVA,6.4,10.0,134e2d4f1035e6d8,0,3200.0,13.248522144522148,23.24852214452215,True,True,True,3200.0,12.8620372960373,22.8620372960373,True,True,True,3200.0,-0.386484848484848,-0.386484848484848,True,SUCCESS,,7.583265781402588
1440,ZYZZYVA,6.6,0.5,89e8ae416f617821,0,66000.0,13.662508158508158,14.162508158508158,True,False,True,0.0,13.263902097902099,13.763902097902099,True,False,True,0.0,-0.39860606060605974,-0.39860606060605974,True,SUCCESS,,8.052868604660034
1441,ZYZZYVA,6.6,1.0,ad57dd53d892ef34,0,33000.0,13.662508158508158,14.662508158508158,True,False,True,0.0,13.263902097902099,14.263902097902099,True,False,True,0.0,-0.39860606060605974,-0.39860606060605974,True,SUCCESS,,8.124786138534546
1442,ZYZZYVA,6.6,1.5,9538c2940ad1afbf,0,22000.0,13.662508158508158,15.162508158508158,True,False,True,0.0,13.263902097902097,14.763902097902097,True,False,True,0.0,-0.3986060606060615,-0.3986060606060615,True,SUCCESS,,8.130363941192627
1443,ZYZZYVA,6.6,2.0,d061570eb6973559,0,16500.0,13.662508158508158,15.662508158508158,True,False,True,0.0,13.263902097902097,15.263902097902097,True,False,True,0.0,-0.3986060606060615,-0.3986060606060615,True,SUCCESS,,8.100012063980103
1444,ZYZZYVA,6.6,2.5,85443485b95be73a,0,13200.0,13.662508158508158,16.16250815850816,True,False,True,0.0,13.263902097902097,15.763902097902097,True,False,True,0.0,-0.3986060606060615,-0.3986060606060633,True,SUCCESS,,7.924497127532959
1445,ZYZZYVA,6.6,3.0,2196b15de1a8f5ec,0,11000.0,13.662508158508158,16.66250815850816,True,True,True,11000.0,13.263902097902097,16.263902097902097,True,True,True,11000.0,-0.3986060606060615,-0.3986060606060633,True,SUCCESS,,8.074857473373413
1446,ZYZZYVA,6.6,3.5,36b386d4ea7b9bd5,0,9428.57142857143,13.662508158508158,17.16250815850816,True,True,True,9428.57142857143,13.263902097902097,16.763902097902097,True,True,True,9428.57142857143,-0.3986060606060615,-0.3986060606060633,True,SUCCESS,,8.083486795425415
1447,ZYZZYVA,6.6,4.0,f1814c00598e9e3f,0,8250.0,13.662508158508158,17.66250815850816,True,True,True,8250.0,13.263902097902097,17.263902097902097,True,True,True,8250.0,-0.3986060606060615,-0.3986060606060633,True,SUCCESS,,8.161436557769775
1448,ZYZZYVA,6.6,4.5,c88619e0de1dcda7,0,7333.333333333333,13.662508158508158,18.16250815850816,True,True,True,7333.333333333333,13.263902097902097,17.763902097902097,True,True,True,7333.333333333333,-0.3986060606060615,-0.3986060606060633,True,SUCCESS,,8.151667833328247
1449,ZYZZYVA,6.6,5.0,a04501ca6a9878f3,0,6600.0,13.662508158508158,18.66250815850816,True,True,True,6600.0,13.263902097902093,18.263902097902093,True,True,True,6600.0,-0.39860606060606507,-0.39860606060606685,True,SUCCESS,,8.09273386001587
1450,ZYZZYVA,6.6,5.5,5ca8a33140da2291,0,6000.0,13.662508158508158,19.16250815850816,True,True,True,6000.0,13.263902097902093,18.763902097902093,True,True,True,6000.0,-0.39860606060606507,-0.39860606060606685,True,SUCCESS,,8.176101684570312
1451,ZYZZYVA,6.6,6.0,579129b601658ce9,0,5500.0,13.662508158508158,19.66250815850816,True,True,True,5500.0,13.263902097902093,19.263902097902093,True,True,True,5500.0,-0.39860606060606507,-0.39860606060606685,True,SUCCESS,,8.072331666946411
1452,ZYZZYVA,6.6,6.5,767fd67d6bd8b73f,0,5076.923076923077,13.662508158508158,20.16250815850816,True,True,True,5076.923076923077,13.263902097902093,19.763902097902093,True,True,True,5076.923076923077,-0.39860606060606507,-0.39860606060606685,True,SUCCESS,,8.202891111373901
1453,ZYZZYVA,6.6,7.0,6d9997a84ea0c7d7,0,4714.285714285715,13.662508158508158,20.66250815850816,True,True,True,4714.285714285715,13.263902097902097,20.263902097902097,True,True,True,4714.285714285715,-0.3986060606060615,-0.3986060606060633,True,SUCCESS,,8.249186754226685
1454,ZYZZYVA,6.6,7.5,c42587357f981cbf,0,4400.0,13.662508158508158,21.16250815850816,True,True,True,4400.0,13.263902097902097,20.763902097902097,True,True,True,4400.0,-0.3986060606060615,-0.3986060606060633,True,SUCCESS,,8.100580215454102
1455,ZYZZYVA,6.6,8.0,4e482d82a13e2213,0,4125.0,13.662508158508158,21.66250815850816,True,True,True,4125.0,13.263902097902097,21.263902097902097,True,True,True,4125.0,-0.3986060606060615,-0.3986060606060633,True,SUCCESS,,8.021266460418701
1456,ZYZZYVA,6.6,8.5,f3e1a09a4435c776,0,3882.3529411764707,13.662508158508158,22.16250815850816,True,True,True,3882.3529411764707,13.263902097902097,21.763902097902097,True,True,True,3882.3529411764707,-0.3986060606060615,-0.3986060606060633,True,SUCCESS,,8.108026504516602
1457,ZYZZYVA,6.6,9.0,8ecd738387293759,0,3666.6666666666665,13.662508158508158,22.66250815850816,True,True,True,3666.6666666666665,13.2639020979021,22.2639020979021,True,True,True,3666.6666666666665,-0.39860606060605797,-0.39860606060605974,True,SUCCESS,,8.19652009010315
1458,ZYZZYVA,6.6,9.5,de8ab5a7a9b43825,0,3473.684210526316,13.662508158508158,23.16250815850816,True,True,True,3473.684210526316,13.263902097902097,22.763902097902097,True,True,True,3473.684210526316,-0.3986060606060615,-0.3986060606060633,True,SUCCESS,,8.097541809082031
1459,ZYZZYVA,6.6,10.0,5d0dafcf531e46cf,0,3300.0,13.662508158508158,23.66250815850816,True,True,True,3300.0,13.263902097902097,23.263902097902097,True,True,True,3300.0,-0.3986060606060615,-0.3986060606060633,True,SUCCESS,,7.990712404251099
1460,ZYZZYVA,6.8,0.5,f013edee2a327e80,0,68000.0,14.076494172494172,14.576494172494172,True,False,True,0.0,13.665766899766897,14.165766899766897,True,False,True,0.0,-0.41072727272727505,-0.41072727272727505,True,SUCCESS,,8.396642446517944
1461,ZYZZYVA,6.8,1.0,c6d5753c7dcdb462,0,34000.0,14.076494172494172,15.076494172494172,True,False,True,0.0,13.665766899766897,14.665766899766897,True,False,True,0.0,-0.41072727272727505,-0.41072727272727505,True,SUCCESS,,8.41022515296936
1462,ZYZZYVA,6.8,1.5,865e6426f2054a21,0,22666.666666666668,14.076494172494172,15.576494172494172,True,False,True,0.0,13.665766899766897,15.165766899766897,True,False,True,0.0,-0.41072727272727505,-0.41072727272727505,True,SUCCESS,,8.455033302307129
1463,ZYZZYVA,6.8,2.0,b89e911ac7c08c4e,0,17000.0,14.076494172494172,16.076494172494172,True,False,True,0.0,13.665766899766897,15.665766899766897,True,False,True,0.0,-0.41072727272727505,-0.41072727272727505,True,SUCCESS,,8.305737733840942
1464,ZYZZYVA,6.8,2.5,e7978ae6dec9f6b7,0,13600.0,14.076494172494172,16.576494172494172,True,False,True,0.0,13.6657668997669,16.1657668997669,True,False,True,0.0,-0.4107272727272715,-0.4107272727272715,True,SUCCESS,,8.348469257354736
1465,ZYZZYVA,6.8,3.0,7edc57ee897c6ab1,0,11333.333333333334,14.076494172494172,17.076494172494172,True,True,True,11333.333333333334,13.6657668997669,16.6657668997669,True,True,True,11333.333333333334,-0.4107272727272715,-0.4107272727272715,True,SUCCESS,,8.26606559753418
1466,ZYZZYVA,6.8,3.5,e0151ebb5802776a,0,9714.285714285714,14.076494172494172,17.576494172494172,True,True,True,9714.285714285714,13.6657668997669,17.1657668997669,True,True,True,9714.285714285714,-0.4107272727272715,-0.4107272727272715,True,SUCCESS,,8.320812463760376
1467,ZYZZYVA,6.8,4.0,e1e1881b8632daaa,0,8500.0,14.076494172494172,18.076494172494172,True,True,True,8500.0,13.6657668997669,17.6657668997669,True,True,True,8500.0,-0.4107272727272715,-0.4107272727272715,True,SUCCESS,,8.419139862060547
1468,ZYZZYVA,6.8,4.5,53624559c4a47edd,0,7555.555555555556,14.076494172494172,18.576494172494172,True,True,True,7555.555555555556,13.665766899766904,18.165766899766904,True,True,True,7555.555555555556,-0.41072727272726794,-0.41072727272726794,True,SUCCESS,,8.48224925994873
1469,ZYZZYVA,6.8,5.0,73257722ec358016,0,6800.0,14.076494172494172,19.076494172494172,True,True,True,6800.0,13.665766899766904,18.665766899766904,True,True,True,6800.0,-0.41072727272726794,-0.41072727272726794,True,SUCCESS,,7.812904357910156
1470,ZYZZYVA,6.8,5.5,98d9b09813ca0e2b,0,6181.818181818182,14.076494172494172,19.576494172494172,True,True,True,6181.818181818182,13.665766899766904,19.165766899766904,True,True,True,6181.818181818182,-0.41072727272726794,-0.41072727272726794,True,SUCCESS,,7.666591644287109
1471,ZYZZYVA,6.8,6.0,5fe11f2555354efb,0,5666.666666666667,14.076494172494172,20.076494172494172,True,True,True,5666.666666666667,13.665766899766904,19.665766899766904,True,True,True,5666.666666666667,-0.41072727272726794,-0.41072727272726794,True,SUCCESS,,7.731346607208252
1472,ZYZZYVA,6.8,6.5,ec7a6e96673f85b9,0,5230.7692307692305,14.076494172494172,20.576494172494172,True,True,True,5230.7692307692305,13.6657668997669,20.1657668997669,True,True,True,5230.7692307692305,-0.4107272727272715,-0.4107272727272715,True,SUCCESS,,7.586390018463135
1473,ZYZZYVA,6.8,7.0,3ee16ecb29af8820,0,4857.142857142857,14.076494172494172,21.076494172494172,True,True,True,4857.142857142857,13.6657668997669,20.6657668997669,True,True,True,4857.142857142857,-0.4107272727272715,-0.4107272727272715,True,SUCCESS,,7.708081245422363
1474,ZYZZYVA,6.8,7.5,641cc9e6cbb9fb10,0,4533.333333333333,14.076494172494172,21.576494172494172,True,True,True,4533.333333333333,13.6657668997669,21.1657668997669,True,True,True,4533.333333333333,-0.4107272727272715,-0.4107272727272715,True,SUCCESS,,7.658976316452026
1475,ZYZZYVA,6.8,8.0,c2586d0d2edb620f,0,4250.0,14.076494172494172,22.076494172494172,True,True,True,4250.0,13.6657668997669,21.6657668997669,True,True,True,4250.0,-0.4107272727272715,-0.4107272727272715,True,SUCCESS,,7.671944856643677
1476,ZYZZYVA,6.8,8.5,46f2d2b251562d8c,0,4000.0,14.076494172494172,22.576494172494172,True,True,True,4000.0,13.665766899766904,22.165766899766904,True,True,True,4000.0,-0.41072727272726794,-0.41072727272726794,True,SUCCESS,,7.603264570236206
1477,ZYZZYVA,6.8,9.0,fb7c27a12f32a101,0,3777.777777777778,14.076494172494172,23.076494172494172,True,True,True,3777.777777777778,13.665766899766904,22.665766899766904,True,True,True,3777.777777777778,-0.41072727272726794,-0.41072727272726794,True,SUCCESS,,7.6972455978393555
1478,ZYZZYVA,6.8,9.5,8df7bda44744e49a,0,3578.9473684210525,14.076494172494172,23.576494172494172,True,True,True,3578.9473684210525,13.6657668997669,23.1657668997669,True,True,True,3578.9473684210525,-0.4107272727272715,-0.4107272727272715,True,SUCCESS,,7.57845401763916
1479,ZYZZYVA,6.8,10.0,ea697f8e2f969107,0,3400.0,14.076494172494172,24.076494172494172,True,True,True,3400.0,13.6657668997669,23.6657668997669,True,True,True,3400.0,-0.4107272727272715,-0.4107272727272715,True,SUCCESS,,7.726232051849365
1480,ZYZZYVA,7.0,0.5,8f5c4bc0eaf90bd6,0,70000.0,14.490480186480186,14.990480186480186,True,False,True,0.0,14.067631701631699,14.567631701631699,True,False,True,0.0,-0.4228484848484868,-0.4228484848484868,True,SUCCESS,,7.073381185531616
1481,ZYZZYVA,7.0,1.0,227161cb014ee1bf,0,35000.0,14.490480186480186,15.490480186480186,True,False,True,0.0,14.0676317016317,15.0676317016317,True,False,True,0.0,-0.42284848484848503,-0.42284848484848503,True,SUCCESS,,8.033837080001831
1482,ZYZZYVA,7.0,1.5,77aba8bfc653c788,0,23333.333333333332,14.490480186480186,15.990480186480186,True,False,True,0.0,14.0676317016317,15.5676317016317,True,False,True,0.0,-0.42284848484848503,-0.42284848484848503,True,SUCCESS,,7.8879969120025635
1483,ZYZZYVA,7.0,2.0,a1f93af4d75e8bf1,0,17500.0,14.490480186480186,16.490480186480184,True,False,True,0.0,14.067631701631704,16.067631701631704,True,False,True,0.0,-0.4228484848484815,-0.4228484848484797,True,SUCCESS,,7.940290927886963
1484,ZYZZYVA,7.0,2.5,0ddd1bdad04b1cb1,0,14000.0,14.490480186480186,16.990480186480184,True,False,True,0.0,14.067631701631704,16.567631701631704,True,False,True,0.0,-0.4228484848484815,-0.4228484848484797,True,SUCCESS,,7.988104343414307
1485,ZYZZYVA,7.0,3.0,2b111e428c3a4092,0,11666.666666666666,14.490480186480186,17.490480186480184,True,True,True,11666.666666666666,14.0676317016317,17.0676317016317,True,True,True,11666.666666666666,-0.42284848484848503,-0.42284848484848325,True,SUCCESS,,8.02169942855835
1486,ZYZZYVA,7.0,3.5,0315ec8ed2af606a,0,10000.0,14.490480186480186,17.990480186480184,True,True,True,10000.0,14.0676317016317,17.5676317016317,True,True,True,10000.0,-0.42284848484848503,-0.42284848484848325,True,SUCCESS,,7.970308780670166
1487,ZYZZYVA,7.0,4.0,31c54f323675cb8d,0,8750.0,14.490480186480186,18.490480186480184,True,True,True,8750.0,14.0676317016317,18.0676317016317,True,True,True,8750.0,-0.42284848484848503,-0.42284848484848325,True,SUCCESS,,7.971240997314453
1488,ZYZZYVA,7.0,4.5,fa4d35384bfe8c1b,0,7777.777777777777,14.490480186480186,18.990480186480184,True,True,True,7777.777777777777,14.067631701631704,18.567631701631704,True,True,True,7777.777777777777,-0.4228484848484815,-0.4228484848484797,True,SUCCESS,,7.946823596954346
1489,ZYZZYVA,7.0,5.0,313086cf3913f184,0,7000.0,14.490480186480186,19.490480186480184,True,True,True,7000.0,14.067631701631704,19.067631701631704,True,True,True,7000.0,-0.4228484848484815,-0.4228484848484797,True,SUCCESS,,7.923730850219727
1490,ZYZZYVA,7.0,5.5,ab6f12f8b8a08b4c,0,6363.636363636364,14.490480186480186,19.990480186480184,True,True,True,6363.636363636364,14.067631701631704,19.567631701631704,True,True,True,6363.636363636364,-0.4228484848484815,-0.4228484848484797,True,SUCCESS,,8.079249858856201
1491,ZYZZYVA,7.0,6.0,8be3f9279a2cfa74,0,5833.333333333333,14.490480186480186,20.490480186480184,True,True,True,5833.333333333333,14.0676317016317,20.0676317016317,True,True,True,5833.333333333333,-0.42284848484848503,-0.42284848484848325,True,SUCCESS,,7.933553695678711
1492,ZYZZYVA,7.0,6.5,36d0507f65fb66f7,0,5384.615384615385,14.490480186480186,20.990480186480184,True,True,True,5384.615384615385,14.0676317016317,20.5676317016317,True,True,True,5384.615384615385,-0.42284848484848503,-0.42284848484848325,True,SUCCESS,,7.925500154495239
1493,ZYZZYVA,7.0,7.0,d71657f31b98cab3,0,5000.0,14.490480186480186,21.490480186480184,True,True,True,5000.0,14.067631701631708,21.067631701631708,True,True,True,5000.0,-0.4228484848484779,-0.42284848484847615,True,SUCCESS,,7.940484285354614
1494,ZYZZYVA,7.0,7.5,3d895eb8b32acc80,0,4666.666666666667,14.490480186480186,21.990480186480184,True,True,True,4666.666666666667,14.067631701631708,21.567631701631708,True,True,True,4666.666666666667,-0.4228484848484779,-0.42284848484847615,True,SUCCESS,,8.017527103424072
1495,ZYZZYVA,7.0,8.0,0de480b099004c96,0,4375.0,14.490480186480186,22.490480186480184,True,True,True,4375.0,14.067631701631708,22.067631701631708,True,True,True,4375.0,-0.4228484848484779,-0.42284848484847615,True,SUCCESS,,7.954654216766357
1496,ZYZZYVA,7.0,8.5,e8668d0a37ab369a,0,4117.64705882353,14.490480186480186,22.990480186480184,True,True,True,4117.64705882353,14.067631701631704,22.567631701631704,True,True,True,4117.64705882353,-0.4228484848484815,-0.4228484848484797,True,SUCCESS,,8.022974252700806
1497,ZYZZYVA,7.0,9.0,8a733580dccc197f,0,3888.8888888888887,14.490480186480186,23.490480186480184,True,True,True,3888.8888888888887,14.067631701631704,23.067631701631704,True,True,True,3888.8888888888887,-0.4228484848484815,-0.4228484848484797,True,SUCCESS,,7.895585060119629
1498,ZYZZYVA,7.0,9.5,cd9401d24a7a44b0,0,3684.2105263157896,14.490480186480186,23.990480186480184,True,True,True,3684.2105263157896,14.067631701631704,23.567631701631704,True,True,True,3684.2105263157896,-0.4228484848484815,-0.4228484848484797,True,SUCCESS,,7.907227993011475
1499,ZYZZYVA,7.0,10.0,68907672f20e2a64,0,3500.0,14.490480186480186,24.490480186480184,True,True,True,3500.0,14.067631701631704,24.067631701631704,True,True,True,3500.0,-0.4228484848484815,-0.4228484848484797,True,SUCCESS,,9.1212739944458
1500,ZYZZYVA,7.2,0.5,4ad4fadc23b9c28f,0,72000.0,14.904466200466203,15.404466200466203,True,False,True,0.0,14.4694965034965,14.9694965034965,True,False,True,0.0,-0.4349696969697021,-0.4349696969697021,True,SUCCESS,,8.610197067260742
1501,ZYZZYVA,7.2,1.0,e1a75c190c166fea,0,36000.0,14.904466200466203,15.904466200466203,True,False,True,0.0,14.4694965034965,15.4694965034965,True,False,True,0.0,-0.4349696969697021,-0.4349696969697021,True,SUCCESS,,9.946821212768555
1502,ZYZZYVA,7.2,1.5,426af4d9fd5b35b9,0,24000.0,14.904466200466203,16.404466200466203,True,False,True,0.0,14.4694965034965,15.9694965034965,True,False,True,0.0,-0.4349696969697021,-0.4349696969697021,True,SUCCESS,,9.361574649810791
1503,ZYZZYVA,7.2,2.0,8d629c87f4629472,0,18000.0,14.904466200466203,16.904466200466203,True,False,True,0.0,14.4694965034965,16.4694965034965,True,False,True,0.0,-0.4349696969697021,-0.4349696969697021,True,SUCCESS,,9.517012119293213
1504,ZYZZYVA,7.2,2.5,51465407f992288e,0,14400.0,14.904466200466203,17.404466200466203,True,False,True,0.0,14.4694965034965,16.9694965034965,True,False,True,0.0,-0.4349696969697021,-0.4349696969697021,True,SUCCESS,,9.564807176589966
1505,ZYZZYVA,7.2,3.0,f25c2336f2a0d7e3,0,12000.0,14.904466200466203,17.904466200466203,True,True,True,12000.0,14.4694965034965,17.4694965034965,True,True,True,12000.0,-0.4349696969697021,-0.4349696969697021,True,SUCCESS,,9.285687923431396
1506,ZYZZYVA,7.2,3.5,864f1a09db10370e,0,10285.714285714286,14.904466200466203,18.404466200466203,True,True,True,10285.714285714286,14.4694965034965,17.9694965034965,True,True,True,10285.714285714286,-0.4349696969697021,-0.4349696969697021,True,SUCCESS,,9.029557466506958
1507,ZYZZYVA,7.2,4.0,976630b4a87fcb49,0,9000.0,14.904466200466203,18.904466200466203,True,True,True,9000.0,14.469496503496504,18.469496503496504,True,True,True,9000.0,-0.43496969696969856,-0.43496969696969856,True,SUCCESS,,9.227737665176392
1508,ZYZZYVA,7.2,4.5,5422e950676c1bcd,0,8000.0,14.904466200466203,19.404466200466203,True,True,True,8000.0,14.469496503496504,18.969496503496504,True,True,True,8000.0,-0.43496969696969856,-0.43496969696969856,True,SUCCESS,,9.009024143218994
1509,ZYZZYVA,7.2,5.0,a314b59e10e0ed4a,0,7200.0,14.904466200466203,19.904466200466203,True,True,True,7200.0,14.469496503496504,19.469496503496504,True,True,True,7200.0,-0.43496969696969856,-0.43496969696969856,True,SUCCESS,,9.015697717666626
1510,ZYZZYVA,7.2,5.5,2f3090e7ee9e1123,0,6545.454545454545,14.904466200466203,20.404466200466203,True,True,True,6545.454545454545,14.469496503496504,19.969496503496504,True,True,True,6545.454545454545,-0.43496969696969856,-0.43496969696969856,True,SUCCESS,,9.026644229888916
1511,ZYZZYVA,7.2,6.0,5bcb90b7eb9b82a1,0,6000.0,14.904466200466203,20.904466200466203,True,True,True,6000.0,14.4694965034965,20.4694965034965,True,True,True,6000.0,-0.4349696969697021,-0.4349696969697021,True,SUCCESS,,9.742532968521118
1512,ZYZZYVA,7.2,6.5,188b943ab98d7d81,0,5538.461538461538,14.904466200466203,21.404466200466203,True,True,True,5538.461538461538,14.4694965034965,20.9694965034965,True,True,True,5538.461538461538,-0.4349696969697021,-0.4349696969697021,True,SUCCESS,,8.488030672073364
1513,ZYZZYVA,7.2,7.0,109b4d57b5562293,0,5142.857142857143,14.904466200466203,21.904466200466203,True,True,True,5142.857142857143,14.4694965034965,21.4694965034965,True,True,True,5142.857142857143,-0.4349696969697021,-0.4349696969697021,True,SUCCESS,,8.04057502746582
1514,ZYZZYVA,7.2,7.5,ae3d63e7b30333fa,0,4800.0,14.904466200466203,22.404466200466203,True,True,True,4800.0,14.4694965034965,21.9694965034965,True,True,True,4800.0,-0.4349696969697021,-0.4349696969697021,True,SUCCESS,,8.037851572036743
1515,ZYZZYVA,7.2,8.0,f669044acc619200,0,4500.0,14.904466200466203,22.904466200466203,True,True,True,4500.0,14.469496503496504,22.469496503496504,True,True,True,4500.0,-0.43496969696969856,-0.43496969696969856,True,SUCCESS,,7.950420379638672
1516,ZYZZYVA,7.2,8.5,e93a234832842eb7,0,4235.294117647059,14.904466200466203,23.404466200466203,True,True,True,4235.294117647059,14.469496503496504,22.969496503496504,True,True,True,4235.294117647059,-0.43496969696969856,-0.43496969696969856,True,SUCCESS,,8.104246854782104
1517,ZYZZYVA,7.2,9.0,e34277a719aa7180,0,4000.0,14.904466200466203,23.904466200466203,True,True,True,4000.0,14.4694965034965,23.4694965034965,True,True,True,4000.0,-0.4349696969697021,-0.4349696969697021,True,SUCCESS,,7.980620622634888
1518,ZYZZYVA,7.2,9.5,9ba18fa860b69094,0,3789.4736842105262,14.904466200466203,24.404466200466203,True,True,True,3789.4736842105262,14.4694965034965,23.9694965034965,True,True,True,3789.4736842105262,-0.4349696969697021,-0.4349696969697021,True,SUCCESS,,8.002410650253296
1519,ZYZZYVA,7.2,10.0,97f181928665e8be,0,3600.0,14.904466200466203,24.904466200466203,True,True,True,3600.0,14.4694965034965,24.4694965034965,True,True,True,3600.0,-0.4349696969697021,-0.4349696969697021,True,SUCCESS,,7.972537994384766
1520,ZYZZYVA,7.4,0.5,ee956adbbf3abd33,0,74000.0,15.318452214452217,15.818452214452217,True,False,True,0.0,14.87136130536131,15.37136130536131,True,False,True,0.0,-0.44709090909090676,-0.44709090909090676,True,SUCCESS,,6.651520252227783
1521,ZYZZYVA,7.4,1.0,aaf365a37a0b10b2,0,37000.0,15.318452214452217,16.318452214452215,True,False,True,0.0,14.871361305361305,15.871361305361305,True,False,True,0.0,-0.4470909090909121,-0.4470909090909103,True,SUCCESS,,8.406189203262329
1522,ZYZZYVA,7.4,1.5,cd527eb28dbecb88,0,24666.666666666668,15.318452214452217,16.818452214452215,True,False,True,0.0,14.871361305361305,16.371361305361305,True,False,True,0.0,-0.4470909090909121,-0.4470909090909103,True,SUCCESS,,8.082456111907959
1523,ZYZZYVA,7.4,2.0,94d36970315d1243,0,18500.0,15.318452214452217,17.318452214452215,True,False,True,0.0,14.871361305361305,16.871361305361305,True,False,True,0.0,-0.4470909090909121,-0.4470909090909103,True,SUCCESS,,8.304157733917236
1524,ZYZZYVA,7.4,2.5,b14b7b9800560caa,0,14800.0,15.318452214452217,17.818452214452215,True,False,True,0.0,14.871361305361305,17.371361305361305,True,False,True,0.0,-0.4470909090909121,-0.4470909090909103,True,SUCCESS,,8.220722913742065
1525,ZYZZYVA,7.4,3.0,98955f8a7d976b75,0,12333.333333333334,15.318452214452217,18.318452214452215,True,False,True,0.0,14.871361305361305,17.871361305361305,True,True,True,12333.333333333334,-0.4470909090909121,-0.4470909090909103,False,SUCCESS,,8.19547152519226
1526,ZYZZYVA,7.4,3.5,bd16e39d979818e7,0,10571.42857142857,15.318452214452217,18.818452214452215,True,True,True,10571.42857142857,14.871361305361305,18.371361305361305,True,True,True,10571.42857142857,-0.4470909090909121,-0.4470909090909103,True,SUCCESS,,8.649081230163574
1527,ZYZZYVA,7.4,4.0,ef682710b3d84f4d,0,9250.0,15.318452214452217,19.318452214452215,True,True,True,9250.0,14.871361305361305,18.871361305361305,True,True,True,9250.0,-0.4470909090909121,-0.4470909090909103,True,SUCCESS,,9.377910137176514
1528,ZYZZYVA,7.4,4.5,4ea3d8b6f753c559,0,8222.222222222223,15.318452214452217,19.818452214452215,True,True,True,8222.222222222223,14.871361305361305,19.371361305361305,True,True,True,8222.222222222223,-0.4470909090909121,-0.4470909090909103,True,SUCCESS,,9.011182069778442
1529,ZYZZYVA,7.4,5.0,42ccc01302b5f047,0,7400.0,15.318452214452217,20.318452214452215,True,True,True,7400.0,14.871361305361305,19.871361305361305,True,True,True,7400.0,-0.4470909090909121,-0.4470909090909103,True,SUCCESS,,9.5226309299469
1530,ZYZZYVA,7.4,5.5,2d2f31351f041821,0,6727.272727272727,15.318452214452217,20.818452214452215,True,True,True,6727.272727272727,14.871361305361305,20.371361305361305,True,True,True,6727.272727272727,-0.4470909090909121,-0.4470909090909103,True,SUCCESS,,9.410763025283813
1531,ZYZZYVA,7.4,6.0,89093495bcd7920b,0,6166.666666666667,15.318452214452217,21.318452214452215,True,True,True,6166.666666666667,14.871361305361305,20.871361305361305,True,True,True,6166.666666666667,-0.4470909090909121,-0.4470909090909103,True,SUCCESS,,9.116467952728271
1532,ZYZZYVA,7.4,6.5,8e5b69bb31bbaa12,0,5692.307692307692,15.318452214452217,21.818452214452215,True,True,True,5692.307692307692,14.871361305361312,21.37136130536131,True,True,True,5692.307692307692,-0.447090909090905,-0.4470909090909032,True,SUCCESS,,9.325762748718262
1533,ZYZZYVA,7.4,7.0,95d821be7659243a,0,5285.714285714285,15.318452214452217,22.318452214452215,True,True,True,5285.714285714285,14.871361305361312,21.87136130536131,True,True,True,5285.714285714285,-0.447090909090905,-0.4470909090909032,True,SUCCESS,,9.426240921020508
1534,ZYZZYVA,7.4,7.5,eafacf2c0cc3d4e6,0,4933.333333333333,15.318452214452217,22.818452214452215,True,True,True,4933.333333333333,14.871361305361312,22.37136130536131,True,True,True,4933.333333333333,-0.447090909090905,-0.4470909090909032,True,SUCCESS,,9.088915586471558
1535,ZYZZYVA,7.4,8.0,24fb21822a198ce8,0,4625.0,15.318452214452217,23.318452214452215,True,True,True,4625.0,14.871361305361312,22.87136130536131,True,True,True,4625.0,-0.447090909090905,-0.4470909090909032,True,SUCCESS,,9.528248310089111
1536,ZYZZYVA,7.4,8.5,ad8c756c1f9ddd86,0,4352.941176470588,15.318452214452217,23.818452214452215,True,True,True,4352.941176470588,14.871361305361312,23.37136130536131,True,True,True,4352.941176470588,-0.447090909090905,-0.4470909090909032,True,SUCCESS,,9.468833923339844
1537,ZYZZYVA,7.4,9.0,801a5e75ae9a7e92,0,4111.111111111111,15.318452214452217,24.318452214452215,True,True,True,4111.111111111111,14.871361305361312,23.87136130536131,True,True,True,4111.111111111111,-0.447090909090905,-0.4470909090909032,True,SUCCESS,,9.20704174041748
1538,ZYZZYVA,7.4,9.5,bbdab143618326d3,0,3894.7368421052633,15.318452214452217,24.818452214452215,True,True,True,3894.7368421052633,14.871361305361312,24.37136130536131,True,True,True,3894.7368421052633,-0.447090909090905,-0.4470909090909032,True,SUCCESS,,9.40200138092041
1539,ZYZZYVA,7.4,10.0,320288c44067be3b,0,3700.0,15.318452214452217,25.318452214452215,True,True,True,3700.0,14.871361305361312,24.87136130536131,True,True,True,3700.0,-0.447090909090905,-0.4470909090909032,True,SUCCESS,,9.112452983856201
1540,ZYZZYVA,7.6,0.5,ee80aaebc8768078,0,76000.0,15.732438228438227,16.232438228438227,True,False,True,0.0,15.273226107226108,15.773226107226108,True,False,True,0.0,-0.4592121212121185,-0.4592121212121185,True,SUCCESS,,7.251760959625244
1541,ZYZZYVA,7.6,1.0,1029cb8582361f2e,0,38000.0,15.732438228438227,16.732438228438227,True,False,True,0.0,15.273226107226108,16.273226107226108,True,False,True,0.0,-0.4592121212121185,-0.4592121212121185,True,SUCCESS,,9.330242156982422
1542,ZYZZYVA,7.6,1.5,a34a236f2203f8fb,0,25333.333333333332,15.732438228438227,17.232438228438227,True,False,True,0.0,15.273226107226108,16.773226107226108,True,False,True,0.0,-0.4592121212121185,-0.4592121212121185,True,SUCCESS,,9.52741026878357
1543,ZYZZYVA,7.6,2.0,9b4c01862d47ccac,0,19000.0,15.732438228438227,17.732438228438227,True,False,True,0.0,15.273226107226108,17.273226107226108,True,False,True,0.0,-0.4592121212121185,-0.4592121212121185,True,SUCCESS,,9.815377235412598
1544,ZYZZYVA,7.6,2.5,6353b0df09116031,0,15200.0,15.732438228438227,18.232438228438227,True,False,True,0.0,15.273226107226108,17.773226107226108,True,False,True,0.0,-0.4592121212121185,-0.4592121212121185,True,SUCCESS,,9.557002544403076
1545,ZYZZYVA,7.6,3.0,dc26452d2f315b24,0,12666.666666666666,15.732438228438227,18.732438228438227,True,False,True,0.0,15.273226107226101,18.2732261072261,True,False,True,0.0,-0.4592121212121256,-0.4592121212121256,True,SUCCESS,,9.419228792190552
1546,ZYZZYVA,7.6,3.5,67ef6437dfb93607,0,10857.142857142857,15.732438228438227,19.232438228438227,True,True,True,10857.142857142857,15.273226107226101,18.7732261072261,True,True,True,10857.142857142857,-0.4592121212121256,-0.4592121212121256,True,SUCCESS,,9.128970623016357
1547,ZYZZYVA,7.6,4.0,752806735481ef45,0,9500.0,15.732438228438227,19.732438228438227,True,True,True,9500.0,15.273226107226101,19.2732261072261,True,True,True,9500.0,-0.4592121212121256,-0.4592121212121256,True,SUCCESS,,8.870800495147705
1548,ZYZZYVA,7.6,4.5,d0655b878b03f894,0,8444.444444444445,15.732438228438227,20.232438228438227,True,True,True,8444.444444444445,15.273226107226101,19.7732261072261,True,True,True,8444.444444444445,-0.4592121212121256,-0.4592121212121256,True,SUCCESS,,8.673758506774902
1549,ZYZZYVA,7.6,5.0,d0e18d27f0c23951,0,7600.0,15.732438228438227,20.732438228438227,True,True,True,7600.0,15.273226107226101,20.2732261072261,True,True,True,7600.0,-0.4592121212121256,-0.4592121212121256,True,SUCCESS,,8.763228416442871
1550,ZYZZYVA,7.6,5.5,7004f9d52b69238d,0,6909.090909090909,15.732438228438227,21.232438228438227,True,True,True,6909.090909090909,15.273226107226101,20.7732261072261,True,True,True,6909.090909090909,-0.4592121212121256,-0.4592121212121256,True,SUCCESS,,8.703908443450928
1551,ZYZZYVA,7.6,6.0,c1ec41d5d7e9828d,0,6333.333333333333,15.732438228438227,21.732438228438227,True,True,True,6333.333333333333,15.273226107226101,21.2732261072261,True,True,True,6333.333333333333,-0.4592121212121256,-0.4592121212121256,True,SUCCESS,,8.734157085418701
1552,ZYZZYVA,7.6,6.5,3e73b617c2740a92,0,5846.153846153846,15.732438228438227,22.232438228438227,True,True,True,5846.153846153846,15.273226107226101,21.7732261072261,True,True,True,5846.153846153846,-0.4592121212121256,-0.4592121212121256,True,SUCCESS,,8.814259767532349
1553,ZYZZYVA,7.6,7.0,0ebd5885410d0bc1,0,5428.571428571428,15.732438228438227,22.732438228438227,True,True,True,5428.571428571428,15.273226107226101,22.2732261072261,True,True,True,5428.571428571428,-0.4592121212121256,-0.4592121212121256,True,SUCCESS,,8.576465129852295
1554,ZYZZYVA,7.6,7.5,c508ad9b1aa105a9,0,5066.666666666667,15.732438228438227,23.232438228438227,True,True,True,5066.666666666667,15.273226107226101,22.7732261072261,True,True,True,5066.666666666667,-0.4592121212121256,-0.4592121212121256,True,SUCCESS,,8.65796709060669
1555,ZYZZYVA,7.6,8.0,a44e565f3bb21527,0,4750.0,15.732438228438227,23.732438228438227,True,True,True,4750.0,15.273226107226101,23.2732261072261,True,True,True,4750.0,-0.4592121212121256,-0.4592121212121256,True,SUCCESS,,8.919612169265747
1556,ZYZZYVA,7.6,8.5,905897b5e05428d1,0,4470.588235294118,15.732438228438227,24.232438228438227,True,True,True,4470.588235294118,15.273226107226101,23.7732261072261,True,True,True,4470.588235294118,-0.4592121212121256,-0.4592121212121256,True,SUCCESS,,9.348331928253174
1557,ZYZZYVA,7.6,9.0,6b544ecfbb8b3acc,0,4222.222222222223,15.732438228438227,24.732438228438227,True,True,True,4222.222222222223,15.273226107226101,24.2732261072261,True,True,True,4222.222222222223,-0.4592121212121256,-0.4592121212121256,True,SUCCESS,,9.480632781982422
1558,ZYZZYVA,7.6,9.5,675505eb22ca903e,0,4000.0,15.732438228438227,25.232438228438227,True,True,True,4000.0,15.273226107226101,24.7732261072261,True,True,True,4000.0,-0.4592121212121256,-0.4592121212121256,True,SUCCESS,,9.415973663330078
1559,ZYZZYVA,7.6,10.0,5ea5e2103caadb6f,0,3800.0,15.732438228438227,25.732438228438227,True,True,True,3800.0,15.273226107226101,25.2732261072261,True,True,True,3800.0,-0.4592121212121256,-0.4592121212121256,True,SUCCESS,,9.653586387634277
1560,ZYZZYVA,7.8,0.5,a6f957e6fd21771d,0,78000.0,16.146424242424242,16.646424242424242,True,False,True,0.0,15.675090909090908,16.17509090909091,True,False,True,0.0,-0.4713333333333338,-0.4713333333333338,True,SUCCESS,,7.267998695373535
1561,ZYZZYVA,7.8,1.0,6af487b0fb0af345,0,39000.0,16.146424242424242,17.146424242424242,True,False,True,0.0,15.675090909090908,16.67509090909091,True,False,True,0.0,-0.4713333333333338,-0.4713333333333338,True,SUCCESS,,9.707290172576904
1562,ZYZZYVA,7.8,1.5,96ea2b4ee451950b,0,26000.0,16.146424242424242,17.646424242424242,True,False,True,0.0,15.675090909090908,17.17509090909091,True,False,True,0.0,-0.4713333333333338,-0.4713333333333338,True,SUCCESS,,9.589240074157715
1563,ZYZZYVA,7.8,2.0,dd8602cada29d3c1,0,19500.0,16.146424242424242,18.146424242424242,True,False,True,0.0,15.675090909090908,17.67509090909091,True,False,True,0.0,-0.4713333333333338,-0.4713333333333338,True,SUCCESS,,9.994026184082031
1564,ZYZZYVA,7.8,2.5,57b373a3545b8b5e,0,15600.0,16.146424242424242,18.646424242424242,True,False,True,0.0,15.675090909090905,18.175090909090905,True,False,True,0.0,-0.4713333333333374,-0.4713333333333374,True,SUCCESS,,10.401395559310913
1565,ZYZZYVA,7.8,3.0,e7c27bed69500898,0,13000.0,16.146424242424242,19.146424242424242,True,False,True,0.0,15.675090909090905,18.675090909090905,True,False,True,0.0,-0.4713333333333374,-0.4713333333333374,True,SUCCESS,,10.579464435577393
1566,ZYZZYVA,7.8,3.5,55c89b87602e3aa2,0,11142.857142857143,16.146424242424242,19.646424242424242,True,True,True,11142.857142857143,15.675090909090905,19.175090909090905,True,True,True,11142.857142857143,-0.4713333333333374,-0.4713333333333374,True,SUCCESS,,9.952973127365112
1567,ZYZZYVA,7.8,4.0,ca413b1294f95678,0,9750.0,16.146424242424242,20.146424242424242,True,True,True,9750.0,15.675090909090905,19.675090909090905,True,True,True,9750.0,-0.4713333333333374,-0.4713333333333374,True,SUCCESS,,10.011691331863403
1568,ZYZZYVA,7.8,4.5,79dc3b658055b1e8,0,8666.666666666666,16.146424242424242,20.646424242424242,True,True,True,8666.666666666666,15.675090909090905,20.175090909090905,True,True,True,8666.666666666666,-0.4713333333333374,-0.4713333333333374,True,SUCCESS,,9.793276071548462
1569,ZYZZYVA,7.8,5.0,f616c7893c10bec6,0,7800.0,16.146424242424242,21.146424242424242,True,True,True,7800.0,15.675090909090905,20.675090909090905,True,True,True,7800.0,-0.4713333333333374,-0.4713333333333374,True,SUCCESS,,9.357020139694214
1570,ZYZZYVA,7.8,5.5,81b4a2e30c0fc6bc,0,7090.909090909091,16.146424242424242,21.646424242424242,True,True,True,7090.909090909091,15.675090909090912,21.175090909090912,True,True,True,7090.909090909091,-0.4713333333333303,-0.4713333333333303,True,SUCCESS,,9.316687107086182
1571,ZYZZYVA,7.8,6.0,7ac47dd1362e5426,0,6500.0,16.146424242424242,22.146424242424242,True,True,True,6500.0,15.675090909090912,21.675090909090912,True,True,True,6500.0,-0.4713333333333303,-0.4713333333333303,True,SUCCESS,,9.50642704963684
1572,ZYZZYVA,7.8,6.5,dbad90fa62e117d6,0,6000.0,16.146424242424242,22.646424242424242,True,True,True,6000.0,15.675090909090912,22.175090909090912,True,True,True,6000.0,-0.4713333333333303,-0.4713333333333303,True,SUCCESS,,9.150607824325562
1573,ZYZZYVA,7.8,7.0,4be57ffe2499af47,0,5571.428571428572,16.146424242424242,23.146424242424242,True,True,True,5571.428571428572,15.675090909090912,22.675090909090912,True,True,True,5571.428571428572,-0.4713333333333303,-0.4713333333333303,True,SUCCESS,,9.219780445098877
1574,ZYZZYVA,7.8,7.5,c0d95a4c921087e4,0,5200.0,16.146424242424242,23.646424242424242,True,True,True,5200.0,15.675090909090908,23.17509090909091,True,True,True,5200.0,-0.4713333333333338,-0.4713333333333338,True,SUCCESS,,9.206226587295532
1575,ZYZZYVA,7.8,8.0,c3d53c0bcdaf2791,0,4875.0,16.146424242424242,24.146424242424242,True,True,True,4875.0,15.675090909090908,23.67509090909091,True,True,True,4875.0,-0.4713333333333338,-0.4713333333333338,True,SUCCESS,,9.162025451660156
1576,ZYZZYVA,7.8,8.5,84b6f5a3214f6432,0,4588.235294117647,16.146424242424242,24.646424242424242,True,True,True,4588.235294117647,15.675090909090912,24.175090909090912,True,True,True,4588.235294117647,-0.4713333333333303,-0.4713333333333303,True,SUCCESS,,9.233226537704468
1577,ZYZZYVA,7.8,9.0,813ea01684c5dddf,0,4333.333333333333,16.146424242424242,25.146424242424242,True,True,True,4333.333333333333,15.675090909090912,24.675090909090912,True,True,True,4333.333333333333,-0.4713333333333303,-0.4713333333333303,True,SUCCESS,,9.134019613265991
1578,ZYZZYVA,7.8,9.5,e6ffa7e50da9dbd3,0,4105.263157894737,16.146424242424242,25.646424242424242,True,True,True,4105.263157894737,15.675090909090912,25.175090909090912,True,True,True,4105.263157894737,-0.4713333333333303,-0.4713333333333303,True,SUCCESS,,9.210108995437622
1579,ZYZZYVA,7.8,10.0,baf32a339b810e4e,0,3900.0,16.146424242424242,26.146424242424242,True,True,True,3900.0,15.675090909090912,25.675090909090912,True,True,True,3900.0,-0.4713333333333303,-0.4713333333333303,True,SUCCESS,,9.251621961593628
1580,ZYZZYVA,8.0,0.5,8b29082dc01940df,0,80000.0,16.560410256410258,17.060410256410258,True,False,True,0.0,16.076955710955712,16.576955710955712,True,False,True,0.0,-0.4834545454545456,-0.4834545454545456,True,SUCCESS,,6.674680233001709
1581,ZYZZYVA,8.0,1.0,464f610bbddc1c9a,0,40000.0,16.560410256410258,17.560410256410258,True,False,True,0.0,16.076955710955712,17.076955710955712,True,False,True,0.0,-0.4834545454545456,-0.4834545454545456,True,SUCCESS,,9.379247665405273
1582,ZYZZYVA,8.0,1.5,a3f0c9f12440165a,0,26666.666666666668,16.560410256410258,18.060410256410258,True,False,True,0.0,16.076955710955712,17.576955710955712,True,False,True,0.0,-0.4834545454545456,-0.4834545454545456,True,SUCCESS,,9.225135087966919
1583,ZYZZYVA,8.0,2.0,b816e82990549d58,0,20000.0,16.560410256410258,18.560410256410258,True,False,True,0.0,16.076955710955712,18.076955710955712,True,False,True,0.0,-0.4834545454545456,-0.4834545454545456,True,SUCCESS,,9.426963090896606
1584,ZYZZYVA,8.0,2.5,4156af87b25508e0,0,16000.0,16.560410256410258,19.060410256410258,True,False,True,0.0,16.076955710955716,18.576955710955716,True,False,True,0.0,-0.48345454545454203,-0.48345454545454203,True,SUCCESS,,9.34179139137268
1585,ZYZZYVA,8.0,3.0,64abb39bd5d32005,0,13333.333333333334,16.560410256410258,19.560410256410258,True,False,True,0.0,16.076955710955716,19.076955710955716,True,False,True,0.0,-0.48345454545454203,-0.48345454545454203,True,SUCCESS,,9.427031517028809
1586,ZYZZYVA,8.0,3.5,aa2b99f552c6118b,0,11428.57142857143,16.560410256410258,20.060410256410258,True,True,True,11428.57142857143,16.076955710955716,19.576955710955716,True,True,True,11428.57142857143,-0.48345454545454203,-0.48345454545454203,True,SUCCESS,,9.345402717590332
1587,ZYZZYVA,8.0,4.0,8bd21b961f67fe6b,0,10000.0,16.560410256410258,20.560410256410258,True,True,True,10000.0,16.076955710955716,20.076955710955716,True,True,True,10000.0,-0.48345454545454203,-0.48345454545454203,True,SUCCESS,,9.468500852584839
1588,ZYZZYVA,8.0,4.5,34f64805d5f47394,0,8888.888888888889,16.560410256410258,21.060410256410258,True,True,True,8888.888888888889,16.076955710955716,20.576955710955716,True,True,True,8888.888888888889,-0.48345454545454203,-0.48345454545454203,True,SUCCESS,,9.491389513015747
1589,ZYZZYVA,8.0,5.0,a0205870baed967f,0,8000.0,16.560410256410258,21.560410256410258,True,True,True,8000.0,16.076955710955712,21.076955710955712,True,True,True,8000.0,-0.4834545454545456,-0.4834545454545456,True,SUCCESS,,9.631268978118896
1590,ZYZZYVA,8.0,5.5,a5ee114660098a82,0,7272.727272727273,16.560410256410258,22.060410256410258,True,True,True,7272.727272727273,16.076955710955712,21.576955710955712,True,True,True,7272.727272727273,-0.4834545454545456,-0.4834545454545456,True,SUCCESS,,9.41425371170044
1591,ZYZZYVA,8.0,6.0,510fef63e6a15a63,0,6666.666666666667,16.560410256410258,22.560410256410258,True,True,True,6666.666666666667,16.076955710955712,22.076955710955712,True,True,True,6666.666666666667,-0.4834545454545456,-0.4834545454545456,True,SUCCESS,,9.569369792938232
1592,ZYZZYVA,8.0,6.5,1cd0dea9673751e8,0,6153.846153846154,16.560410256410258,23.060410256410258,True,True,True,6153.846153846154,16.076955710955712,22.576955710955712,True,True,True,6153.846153846154,-0.4834545454545456,-0.4834545454545456,True,SUCCESS,,9.42529296875
1593,ZYZZYVA,8.0,7.0,e258491c75e5bd40,0,5714.285714285715,16.560410256410258,23.560410256410258,True,True,True,5714.285714285715,16.076955710955712,23.076955710955712,True,True,True,5714.285714285715,-0.4834545454545456,-0.4834545454545456,True,SUCCESS,,9.442625522613525
1594,ZYZZYVA,8.0,7.5,435f782144a127d8,0,5333.333333333333,16.560410256410258,24.060410256410258,True,True,True,5333.333333333333,16.076955710955712,23.576955710955712,True,True,True,5333.333333333333,-0.4834545454545456,-0.4834545454545456,True,SUCCESS,,9.492188930511475
1595,ZYZZYVA,8.0,8.0,7e2112a0c84d8e8a,0,5000.0,16.560410256410258,24.560410256410258,True,True,True,5000.0,16.076955710955716,24.076955710955716,True,True,True,5000.0,-0.48345454545454203,-0.48345454545454203,True,SUCCESS,,9.872347831726074
1596,ZYZZYVA,8.0,8.5,bf574a0adcd36d5c,0,4705.882352941177,16.560410256410258,25.060410256410258,True,True,True,4705.882352941177,16.076955710955716,24.576955710955716,True,True,True,4705.882352941177,-0.48345454545454203,-0.48345454545454203,True,SUCCESS,,9.425467252731323
1597,ZYZZYVA,8.0,9.0,caf82160e6697e2d,0,4444.444444444444,16.560410256410258,25.560410256410258,True,True,True,4444.444444444444,16.076955710955716,25.076955710955716,True,True,True,4444.444444444444,-0.48345454545454203,-0.48345454545454203,True,SUCCESS,,9.457329273223877
1598,ZYZZYVA,8.0,9.5,ec736f6e36be3a2b,0,4210.526315789473,16.560410256410258,26.060410256410258,True,True,True,4210.526315789473,16.076955710955716,25.576955710955716,True,True,True,4210.526315789473,-0.48345454545454203,-0.48345454545454203,True,SUCCESS,,9.386478662490845
1599,ZYZZYVA,8.0,10.0,3b6cb997be608f95,0,4000.0,16.560410256410258,26.560410256410258,True,True,True,4000.0,16.076955710955716,26.076955710955716,True,True,True,4000.0,-0.48345454545454203,-0.48345454545454203,True,SUCCESS,,9.421894550323486
1600,LIU_QUORUM,0.2,0.5,07730ad99b608311,0,2000.0,0.2912727272727273,0.7912727272727273,True,True,True,2000.0,0.29130909090909096,0.791309090909091,True,True,True,2000.0,3.6363636363667684e-05,3.636363636361217e-05,True,SUCCESS,,0.2314465045928955
1601,LIU_QUORUM,0.2,1.0,dafa386c534c8b8e,0,1000.0,0.2912727272727273,1.2912727272727273,True,True,True,1000.0,0.29130909090909096,1.291309090909091,True,True,True,1000.0,3.6363636363667684e-05,3.636363636361217e-05,True,SUCCESS,,0.283496618270874
1602,LIU_QUORUM,0.2,1.5,24b77454aa097278,0,666.6666666666666,0.2912727272727273,1.7912727272727273,True,True,True,666.6666666666666,0.29130909090909096,1.791309090909091,True,True,True,666.6666666666666,3.6363636363667684e-05,3.636363636361217e-05,True,SUCCESS,,0.25618910789489746
1603,LIU_QUORUM,0.2,2.0,dd15073e3e42d43a,0,500.0,0.2912727272727273,2.291272727272727,True,True,True,500.0,0.29130909090909096,2.291309090909091,True,True,True,500.0,3.6363636363667684e-05,3.636363636383422e-05,True,SUCCESS,,0.27338647842407227
1604,LIU_QUORUM,0.2,2.5,26dd47272f6b4a27,0,400.0,0.2912727272727273,2.791272727272727,True,True,True,400.0,0.29130909090909096,2.791309090909091,True,True,True,400.0,3.6363636363667684e-05,3.636363636383422e-05,True,SUCCESS,,0.2595248222351074
1605,LIU_QUORUM,0.2,3.0,0bb3ce0c376a9a40,0,333.3333333333333,0.2912727272727273,3.291272727272727,True,True,True,333.3333333333333,0.29130909090909096,3.291309090909091,True,True,True,333.3333333333333,3.6363636363667684e-05,3.636363636383422e-05,True,SUCCESS,,0.2351534366607666
1606,LIU_QUORUM,0.2,3.5,34edf76ac2acee0e,0,285.7142857142857,0.2912727272727273,3.791272727272727,True,True,True,285.7142857142857,0.29130909090909096,3.791309090909091,True,True,True,285.7142857142857,3.6363636363667684e-05,3.636363636383422e-05,True,SUCCESS,,0.2553858757019043
1607,LIU_QUORUM,0.2,4.0,4ebbcd1348f675e9,0,250.0,0.2912727272727273,4.291272727272728,True,True,True,250.0,0.2913090909090901,4.29130909090909,True,True,True,250.0,3.6363636362779506e-05,3.636363636250195e-05,True,SUCCESS,,0.25457143783569336
1608,LIU_QUORUM,0.2,4.5,5e13fd469eb12e85,0,222.22222222222223,0.2912727272727273,4.791272727272728,True,True,True,222.22222222222223,0.2913090909090901,4.79130909090909,True,True,True,222.22222222222223,3.6363636362779506e-05,3.636363636250195e-05,True,SUCCESS,,0.2594609260559082
1609,LIU_QUORUM,0.2,5.0,516bcf6cb1dca134,0,200.0,0.2912727272727273,5.291272727272728,True,True,True,200.0,0.2913090909090901,5.29130909090909,True,True,True,200.0,3.6363636362779506e-05,3.636363636250195e-05,True,SUCCESS,,0.25545525550842285
1610,LIU_QUORUM,0.2,5.5,077e35ec67432123,0,181.8181818181818,0.2912727272727273,5.791272727272728,True,True,True,181.8181818181818,0.2913090909090901,5.79130909090909,True,True,True,181.8181818181818,3.6363636362779506e-05,3.636363636250195e-05,True,SUCCESS,,0.25733160972595215
1611,LIU_QUORUM,0.2,6.0,d1c2da5411725e5e,0,166.66666666666666,0.2912727272727273,6.291272727272728,True,True,True,166.66666666666666,0.2913090909090901,6.29130909090909,True,True,True,166.66666666666666,3.6363636362779506e-05,3.636363636250195e-05,True,SUCCESS,,0.25760316848754883
1612,LIU_QUORUM,0.2,6.5,98f0f3a81a9ca5e6,0,153.84615384615384,0.2912727272727273,6.791272727272728,True,True,True,153.84615384615384,0.2913090909090901,6.79130909090909,True,True,True,153.84615384615384,3.6363636362779506e-05,3.636363636250195e-05,True,SUCCESS,,0.26357531547546387
1613,LIU_QUORUM,0.2,7.0,0cc806e5fbbc1990,0,142.85714285714286,0.2912727272727273,7.291272727272728,True,True,True,142.85714285714286,0.2913090909090901,7.29130909090909,True,True,True,142.85714285714286,3.6363636362779506e-05,3.636363636250195e-05,True,SUCCESS,,0.23514032363891602
1614,LIU_QUORUM,0.2,7.5,cb348f1d6ca0b11c,0,133.33333333333334,0.2912727272727273,7.791272727272728,True,True,True,133.33333333333334,0.2913090909090901,7.79130909090909,True,True,True,133.33333333333334,3.6363636362779506e-05,3.636363636250195e-05,True,SUCCESS,,0.260692834854126
1615,LIU_QUORUM,0.2,8.0,214f9cd4c3c932ad,0,125.0,0.2912727272727273,8.291272727272727,True,True,True,125.0,0.2913090909090883,8.291309090909088,True,True,True,125.0,3.636363636100315e-05,3.636363636161377e-05,True,SUCCESS,,0.2786736488342285
1616,LIU_QUORUM,0.2,8.5,12629c9f1309c55f,0,117.6470588235294,0.2912727272727273,8.791272727272727,True,True,True,117.6470588235294,0.2913090909090883,8.791309090909088,True,True,True,117.6470588235294,3.636363636100315e-05,3.636363636161377e-05,True,SUCCESS,,0.28397297859191895
1617,LIU_QUORUM,0.2,9.0,fc6422cca44cd2ff,0,111.11111111111111,0.2912727272727273,9.291272727272727,True,True,True,111.11111111111111,0.2913090909090883,9.291309090909088,True,True,True,111.11111111111111,3.636363636100315e-05,3.636363636161377e-05,True,SUCCESS,,0.23679208755493164
1618,LIU_QUORUM,0.2,9.5,1ddf3b0482ca7321,0,105.26315789473684,0.2912727272727273,9.791272727272727,True,True,True,105.26315789473684,0.2913090909090883,9.791309090909088,True,True,True,105.26315789473684,3.636363636100315e-05,3.636363636161377e-05,True,SUCCESS,,0.2591245174407959
1619,LIU_QUORUM,0.2,10.0,701b6fe0784d19a9,0,100.0,0.2912727272727273,10.291272727272727,True,True,True,100.0,0.2913090909090883,10.291309090909088,True,True,True,100.0,3.636363636100315e-05,3.636363636161377e-05,True,SUCCESS,,0.27698469161987305
1620,LIU_QUORUM,0.4,0.5,d53d4be223ea2b05,0,4000.0,0.5821818181818182,1.0821818181818181,True,True,True,4000.0,0.582218181818182,1.082218181818182,True,True,True,4000.0,3.6363636363723195e-05,3.636363636383422e-05,True,SUCCESS,,0.36912083625793457
1621,LIU_QUORUM,0.4,1.0,59da6e04d0af4d6f,0,2000.0,0.5821818181818182,1.5821818181818181,True,True,True,2000.0,0.582218181818182,1.582218181818182,True,True,True,2000.0,3.6363636363723195e-05,3.636363636383422e-05,True,SUCCESS,,0.39348602294921875
1622,LIU_QUORUM,0.4,1.5,c63c8fe41a32a225,0,1333.3333333333333,0.5821818181818182,2.082181818181818,True,True,True,1333.3333333333333,0.5822181818181815,2.0822181818181815,True,True,True,1333.3333333333333,3.6363636363279106e-05,3.636363636339013e-05,True,SUCCESS,,0.41443872451782227
1623,LIU_QUORUM,0.4,2.0,9b2c662f04f13e09,0,1000.0,0.5821818181818182,2.582181818181818,True,True,True,1000.0,0.582218181818182,2.582218181818182,True,True,True,1000.0,3.6363636363723195e-05,3.636363636383422e-05,True,SUCCESS,,0.4088566303253174
1624,LIU_QUORUM,0.4,2.5,2aa6a83c196fd341,0,800.0,0.5821818181818182,3.082181818181818,True,True,True,800.0,0.582218181818182,3.082218181818182,True,True,True,800.0,3.6363636363723195e-05,3.636363636383422e-05,True,SUCCESS,,0.3527998924255371
1625,LIU_QUORUM,0.4,3.0,756f5fd669a11fce,0,666.6666666666666,0.5821818181818182,3.582181818181818,True,True,True,666.6666666666666,0.582218181818182,3.582218181818182,True,True,True,666.6666666666666,3.6363636363723195e-05,3.636363636383422e-05,True,SUCCESS,,0.398479700088501
1626,LIU_QUORUM,0.4,3.5,dd023c2f4b3898ba,0,571.4285714285714,0.5821818181818182,4.082181818181819,True,True,True,571.4285714285714,0.5822181818181829,4.082218181818183,True,True,True,571.4285714285714,3.6363636364611374e-05,3.636363636427831e-05,True,SUCCESS,,0.41472601890563965
1627,LIU_QUORUM,0.4,4.0,a915013bf147acc9,0,500.0,0.5821818181818182,4.582181818181819,True,True,True,500.0,0.5822181818181829,4.582218181818183,True,True,True,500.0,3.6363636364611374e-05,3.636363636427831e-05,True,SUCCESS,,0.35669493675231934
1628,LIU_QUORUM,0.4,4.5,acba3a90afa6b02b,0,444.44444444444446,0.5821818181818182,5.082181818181819,True,True,True,444.44444444444446,0.5822181818181829,5.082218181818183,True,True,True,444.44444444444446,3.6363636364611374e-05,3.636363636427831e-05,True,SUCCESS,,0.41358399391174316
1629,LIU_QUORUM,0.4,5.0,86a75e9305564f8b,0,400.0,0.5821818181818182,5.582181818181819,True,True,True,400.0,0.5822181818181829,5.582218181818183,True,True,True,400.0,3.6363636364611374e-05,3.636363636427831e-05,True,SUCCESS,,0.35953545570373535
1630,LIU_QUORUM,0.4,5.5,d7eb9e344b2ccded,0,363.6363636363636,0.5821818181818182,6.082181818181819,True,True,True,363.6363636363636,0.5822181818181829,6.082218181818183,True,True,True,363.6363636363636,3.6363636364611374e-05,3.636363636427831e-05,True,SUCCESS,,0.39205312728881836
1631,LIU_QUORUM,0.4,6.0,ed04bde5f7c2a92e,0,333.3333333333333,0.5821818181818182,6.582181818181819,True,True,True,333.3333333333333,0.5822181818181829,6.582218181818183,True,True,True,333.3333333333333,3.6363636364611374e-05,3.636363636427831e-05,True,SUCCESS,,0.40299105644226074
1632,LIU_QUORUM,0.4,6.5,35b33fed72024a71,0,307.6923076923077,0.5821818181818182,7.082181818181819,True,True,True,307.6923076923077,0.5822181818181829,7.082218181818183,True,True,True,307.6923076923077,3.6363636364611374e-05,3.636363636427831e-05,True,SUCCESS,,0.3623080253601074
1633,LIU_QUORUM,0.4,7.0,b41d7fe9119bb194,0,285.7142857142857,0.5821818181818182,7.582181818181819,True,True,True,285.7142857142857,0.5822181818181829,7.582218181818183,True,True,True,285.7142857142857,3.6363636364611374e-05,3.636363636427831e-05,True,SUCCESS,,0.406688928604126
1634,LIU_QUORUM,0.4,7.5,ba2d92e1a125e1f0,0,266.6666666666667,0.5821818181818182,8.082181818181818,True,True,True,266.6666666666667,0.5822181818181775,8.082218181818178,True,True,True,266.6666666666667,3.63636363592823e-05,3.6363636359837415e-05,True,SUCCESS,,0.3765690326690674
1635,LIU_QUORUM,0.4,8.0,bd607790aa78e65b,0,250.0,0.5821818181818182,8.582181818181818,True,True,True,250.0,0.5822181818181775,8.582218181818178,True,True,True,250.0,3.63636363592823e-05,3.6363636359837415e-05,True,SUCCESS,,0.4077742099761963
1636,LIU_QUORUM,0.4,8.5,fe9e26a06d446375,0,235.2941176470588,0.5821818181818182,9.082181818181818,True,True,True,235.2941176470588,0.5822181818181775,9.082218181818178,True,True,True,235.2941176470588,3.63636363592823e-05,3.6363636359837415e-05,True,SUCCESS,,0.3566009998321533
1637,LIU_QUORUM,0.4,9.0,03aff06654c7bf69,0,222.22222222222223,0.5821818181818182,9.582181818181818,True,True,True,222.22222222222223,0.5822181818181775,9.582218181818178,True,True,True,222.22222222222223,3.63636363592823e-05,3.6363636359837415e-05,True,SUCCESS,,0.4157559871673584
1638,LIU_QUORUM,0.4,9.5,e46cd3690c3cd9e1,0,210.52631578947367,0.5821818181818182,10.082181818181818,True,True,True,210.52631578947367,0.5822181818181775,10.082218181818178,True,True,True,210.52631578947367,3.63636363592823e-05,3.6363636359837415e-05,True,SUCCESS,,0.35422778129577637
1639,LIU_QUORUM,0.4,10.0,f335ac81e4a523b1,0,200.0,0.5821818181818182,10.582181818181818,True,True,True,200.0,0.5822181818181775,10.582218181818178,True,True,True,200.0,3.63636363592823e-05,3.6363636359837415e-05,True,SUCCESS,,0.39205121994018555
1640,LIU_QUORUM,0.6,0.5,8edf92b605d06d7a,0,6000.0,0.873090909090909,1.3730909090909091,True,True,True,6000.0,0.873127272727273,1.373127272727273,True,True,True,6000.0,3.636363636394524e-05,3.636363636383422e-05,True,SUCCESS,,0.5953676700592041
1641,LIU_QUORUM,0.6,1.0,3c1257d5789500d6,0,3000.0,0.873090909090909,1.8730909090909091,True,True,True,3000.0,0.873127272727273,1.873127272727273,True,True,True,3000.0,3.636363636394524e-05,3.636363636383422e-05,True,SUCCESS,,0.591820478439331
1642,LIU_QUORUM,0.6,1.5,c7c0d451ba0dc3ce,0,2000.0,0.873090909090909,2.373090909090909,True,True,True,2000.0,0.873127272727273,2.373127272727273,True,True,True,2000.0,3.636363636394524e-05,3.636363636383422e-05,True,SUCCESS,,0.6182639598846436
1643,LIU_QUORUM,0.6,2.0,440fc8fa7ca389e9,0,1500.0,0.873090909090909,2.873090909090909,True,True,True,1500.0,0.873127272727273,2.873127272727273,True,True,True,1500.0,3.636363636394524e-05,3.636363636383422e-05,True,SUCCESS,,0.6502249240875244
1644,LIU_QUORUM,0.6,2.5,9ff44f480e69cffd,0,1200.0,0.873090909090909,3.373090909090909,True,True,True,1200.0,0.873127272727273,3.373127272727273,True,True,True,1200.0,3.636363636394524e-05,3.636363636383422e-05,True,SUCCESS,,0.5834696292877197
1645,LIU_QUORUM,0.6,3.0,9f7215da5d8e1bea,0,1000.0,0.873090909090909,3.873090909090909,True,True,True,1000.0,0.8731272727272721,3.873127272727272,True,True,True,1000.0,3.636363636305706e-05,3.636363636294604e-05,True,SUCCESS,,0.5993607044219971
1646,LIU_QUORUM,0.6,3.5,262082898271f7eb,0,857.1428571428571,0.873090909090909,4.373090909090909,True,True,True,857.1428571428571,0.8731272727272721,4.373127272727272,True,True,True,857.1428571428571,3.636363636305706e-05,3.636363636339013e-05,True,SUCCESS,,0.6401896476745605
1647,LIU_QUORUM,0.6,4.0,e5f5da030e15c8fb,0,750.0,0.873090909090909,4.873090909090909,True,True,True,750.0,0.8731272727272721,4.873127272727272,True,True,True,750.0,3.636363636305706e-05,3.636363636339013e-05,True,SUCCESS,,0.625159740447998
1648,LIU_QUORUM,0.6,4.5,b87ac08bc501662f,0,666.6666666666666,0.873090909090909,5.373090909090909,True,True,True,666.6666666666666,0.8731272727272721,5.373127272727272,True,True,True,666.6666666666666,3.636363636305706e-05,3.636363636339013e-05,True,SUCCESS,,0.6258721351623535
1649,LIU_QUORUM,0.6,5.0,af556ebe944c98d2,0,600.0,0.873090909090909,5.873090909090909,True,True,True,600.0,0.8731272727272721,5.873127272727272,True,True,True,600.0,3.636363636305706e-05,3.636363636339013e-05,True,SUCCESS,,0.6529614925384521
1650,LIU_QUORUM,0.6,5.5,9880dfab4a2433a0,0,545.4545454545455,0.873090909090909,6.373090909090909,True,True,True,545.4545454545455,0.8731272727272721,6.373127272727272,True,True,True,545.4545454545455,3.636363636305706e-05,3.636363636339013e-05,True,SUCCESS,,0.6397891044616699
1651,LIU_QUORUM,0.6,6.0,e85db5e4cbc97a59,0,500.0,0.873090909090909,6.873090909090909,True,True,True,500.0,0.8731272727272721,6.873127272727272,True,True,True,500.0,3.636363636305706e-05,3.636363636339013e-05,True,SUCCESS,,0.6760299205780029
1652,LIU_QUORUM,0.6,6.5,b21934852d6fc23d,0,461.53846153846155,0.873090909090909,7.373090909090909,True,True,True,461.53846153846155,0.8731272727272721,7.373127272727272,True,True,True,461.53846153846155,3.636363636305706e-05,3.636363636339013e-05,True,SUCCESS,,0.6796836853027344
1653,LIU_QUORUM,0.6,7.0,b26f7467f80a2957,0,428.57142857142856,0.873090909090909,7.873090909090909,True,True,True,428.57142857142856,0.8731272727272739,7.873127272727274,True,True,True,428.57142857142856,3.636363636483342e-05,3.6363636365166485e-05,True,SUCCESS,,0.6555812358856201
1654,LIU_QUORUM,0.6,7.5,ac60c3dc2b65406d,0,400.0,0.873090909090909,8.373090909090909,True,True,True,400.0,0.8731272727272739,8.373127272727274,True,True,True,400.0,3.636363636483342e-05,3.6363636365166485e-05,True,SUCCESS,,0.6315362453460693
1655,LIU_QUORUM,0.6,8.0,c31bceff8545b997,0,375.0,0.873090909090909,8.873090909090909,True,True,True,375.0,0.8731272727272739,8.873127272727274,True,True,True,375.0,3.636363636483342e-05,3.6363636365166485e-05,True,SUCCESS,,0.6528964042663574
1656,LIU_QUORUM,0.6,8.5,6bd196c2ef838941,0,352.94117647058823,0.873090909090909,9.373090909090909,True,True,True,352.94117647058823,0.8731272727272739,9.373127272727274,True,True,True,352.94117647058823,3.636363636483342e-05,3.6363636365166485e-05,True,SUCCESS,,0.679126501083374
1657,LIU_QUORUM,0.6,9.0,bdd4a745323ab214,0,333.3333333333333,0.873090909090909,9.873090909090909,True,True,True,333.3333333333333,0.8731272727272739,9.873127272727274,True,True,True,333.3333333333333,3.636363636483342e-05,3.6363636365166485e-05,True,SUCCESS,,0.6517632007598877
1658,LIU_QUORUM,0.6,9.5,02bcc8ec6303cfe1,0,315.7894736842105,0.873090909090909,10.373090909090909,True,True,True,315.7894736842105,0.8731272727272739,10.373127272727274,True,True,True,315.7894736842105,3.636363636483342e-05,3.6363636365166485e-05,True,SUCCESS,,0.6665606498718262
1659,LIU_QUORUM,0.6,10.0,eb28b1f04479f1ff,0,300.0,0.873090909090909,10.873090909090909,True,True,True,300.0,0.8731272727272739,10.873127272727274,True,True,True,300.0,3.636363636483342e-05,3.6363636365166485e-05,True,SUCCESS,,0.5930333137512207
1660,LIU_QUORUM,0.8,0.5,35ffc0405cb0d45e,0,8000.0,1.1640000000000001,1.6640000000000001,True,True,True,8000.0,1.164036363636364,1.664036363636364,True,True,True,8000.0,3.636363636383422e-05,3.636363636383422e-05,True,SUCCESS,,0.814335823059082
1661,LIU_QUORUM,0.8,1.0,bc47dee9f2edd104,0,4000.0,1.1640000000000001,2.164,True,True,True,4000.0,1.1640363636363635,2.1640363636363635,True,True,True,4000.0,3.636363636339013e-05,3.636363636339013e-05,True,SUCCESS,,0.755340576171875
1662,LIU_QUORUM,0.8,1.5,f7b66e94883ab869,0,2666.6666666666665,1.1640000000000001,2.664,True,True,True,2666.6666666666665,1.164036363636364,2.664036363636364,True,True,True,2666.6666666666665,3.636363636383422e-05,3.636363636383422e-05,True,SUCCESS,,0.8172545433044434
1663,LIU_QUORUM,0.8,2.0,963b3193c9562503,0,2000.0,1.1640000000000001,3.164,True,True,True,2000.0,1.164036363636364,3.164036363636364,True,True,True,2000.0,3.636363636383422e-05,3.636363636383422e-05,True,SUCCESS,,0.7495791912078857
1664,LIU_QUORUM,0.8,2.5,b6ca2d42fd4a9396,0,1600.0,1.1640000000000001,3.664,True,True,True,1600.0,1.164036363636364,3.664036363636364,True,True,True,1600.0,3.636363636383422e-05,3.636363636383422e-05,True,SUCCESS,,0.8619565963745117
1665,LIU_QUORUM,0.8,3.0,1f82954a3228a30e,0,1333.3333333333333,1.1640000000000001,4.164,True,True,True,1333.3333333333333,1.164036363636364,4.164036363636364,True,True,True,1333.3333333333333,3.636363636383422e-05,3.636363636427831e-05,True,SUCCESS,,0.8185563087463379
1666,LIU_QUORUM,0.8,3.5,f5e762571d4d1c7d,0,1142.857142857143,1.1640000000000001,4.664,True,True,True,1142.857142857143,1.1640363636363649,4.664036363636365,True,True,True,1142.857142857143,3.6363636364722396e-05,3.6363636365166485e-05,True,SUCCESS,,0.7898342609405518
1667,LIU_QUORUM,0.8,4.0,5ea4234bcfc2ec72,0,1000.0,1.1640000000000001,5.164,True,True,True,1000.0,1.1640363636363649,5.164036363636365,True,True,True,1000.0,3.6363636364722396e-05,3.6363636365166485e-05,True,SUCCESS,,0.8773677349090576
1668,LIU_QUORUM,0.8,4.5,3e82e45c62bda071,0,888.8888888888889,1.1640000000000001,5.664,True,True,True,888.8888888888889,1.1640363636363649,5.664036363636365,True,True,True,888.8888888888889,3.6363636364722396e-05,3.6363636365166485e-05,True,SUCCESS,,0.7505431175231934
1669,LIU_QUORUM,0.8,5.0,48dec0898e763840,0,800.0,1.1640000000000001,6.164,True,True,True,800.0,1.1640363636363649,6.164036363636365,True,True,True,800.0,3.6363636364722396e-05,3.6363636365166485e-05,True,SUCCESS,,0.8201310634613037
1670,LIU_QUORUM,0.8,5.5,14c9940e36f204f5,0,727.2727272727273,1.1640000000000001,6.664,True,True,True,727.2727272727273,1.1640363636363649,6.664036363636365,True,True,True,727.2727272727273,3.6363636364722396e-05,3.6363636365166485e-05,True,SUCCESS,,0.7867996692657471
1671,LIU_QUORUM,0.8,6.0,3d0a94da26cd5ee6,0,666.6666666666666,1.1640000000000001,7.164,True,True,True,666.6666666666666,1.1640363636363649,7.164036363636365,True,True,True,666.6666666666666,3.6363636364722396e-05,3.6363636365166485e-05,True,SUCCESS,,0.7758159637451172
1672,LIU_QUORUM,0.8,6.5,e1f6c7a9e7284adf,0,615.3846153846154,1.1640000000000001,7.664,True,True,True,615.3846153846154,1.1640363636363649,7.664036363636365,True,True,True,615.3846153846154,3.6363636364722396e-05,3.6363636365166485e-05,True,SUCCESS,,0.7858331203460693
1673,LIU_QUORUM,0.8,7.0,58f46434977cfcb0,0,571.4285714285714,1.1640000000000001,8.164,True,True,True,571.4285714285714,1.1640363636363613,8.164036363636361,True,True,True,571.4285714285714,3.636363636116968e-05,3.636363636161377e-05,True,SUCCESS,,0.7577955722808838
1674,LIU_QUORUM,0.8,7.5,794a846424e5d9c5,0,533.3333333333334,1.1640000000000001,8.664,True,True,True,533.3333333333334,1.164036363636363,8.664036363636363,True,True,True,533.3333333333334,3.636363636294604e-05,3.636363636339013e-05,True,SUCCESS,,0.7757799625396729
1675,LIU_QUORUM,0.8,8.0,161e90eacc78b333,0,500.0,1.1640000000000001,9.164,True,True,True,500.0,1.164036363636363,9.164036363636363,True,True,True,500.0,3.636363636294604e-05,3.636363636339013e-05,True,SUCCESS,,0.7417867183685303
1676,LIU_QUORUM,0.8,8.5,dd54f592d15c5c30,0,470.5882352941176,1.1640000000000001,9.664,True,True,True,470.5882352941176,1.164036363636363,9.664036363636363,True,True,True,470.5882352941176,3.636363636294604e-05,3.636363636339013e-05,True,SUCCESS,,0.76346755027771
1677,LIU_QUORUM,0.8,9.0,ed9c4246e0cff2dc,0,444.44444444444446,1.1640000000000001,10.164,True,True,True,444.44444444444446,1.164036363636363,10.164036363636363,True,True,True,444.44444444444446,3.636363636294604e-05,3.636363636339013e-05,True,SUCCESS,,0.7699744701385498
1678,LIU_QUORUM,0.8,9.5,7af11b0dff65c1a4,0,421.05263157894734,1.1640000000000001,10.664,True,True,True,421.05263157894734,1.164036363636363,10.664036363636363,True,True,True,421.05263157894734,3.636363636294604e-05,3.636363636339013e-05,True,SUCCESS,,0.833949089050293
1679,LIU_QUORUM,0.8,10.0,c4c5183be18abf9e,0,400.0,1.1640000000000001,11.164,True,True,True,400.0,1.164036363636363,11.164036363636363,True,True,True,400.0,3.636363636294604e-05,3.636363636339013e-05,True,SUCCESS,,0.7689847946166992
1680,LIU_QUORUM,1.0,0.5,4607b5e0c8737c46,0,10000.0,1.454909090909091,1.954909090909091,True,True,True,10000.0,1.4549454545454545,1.9549454545454545,True,True,True,10000.0,3.636363636361217e-05,3.636363636361217e-05,True,SUCCESS,,0.9894039630889893
1681,LIU_QUORUM,1.0,1.0,871fcd6df34dc731,0,5000.0,1.454909090909091,2.4549090909090907,True,True,True,5000.0,1.454945454545455,2.454945454545455,True,True,True,5000.0,3.636363636405626e-05,3.636363636427831e-05,True,SUCCESS,,0.9556581974029541
1682,LIU_QUORUM,1.0,1.5,5b6279b59f368ad4,0,3333.3333333333335,1.454909090909091,2.9549090909090907,True,True,True,3333.3333333333335,1.454945454545455,2.954945454545455,True,True,True,3333.3333333333335,3.636363636405626e-05,3.636363636427831e-05,True,SUCCESS,,0.9713070392608643
1683,LIU_QUORUM,1.0,2.0,4bb72c05e335acf2,0,2500.0,1.454909090909091,3.4549090909090907,True,True,True,2500.0,1.454945454545455,3.454945454545455,True,True,True,2500.0,3.636363636405626e-05,3.636363636427831e-05,True,SUCCESS,,0.9198119640350342
1684,LIU_QUORUM,1.0,2.5,eb76c72ec00b36b1,0,2000.0,1.454909090909091,3.9549090909090907,True,True,True,2000.0,1.454945454545454,3.954945454545454,True,True,True,2000.0,3.6363636363168084e-05,3.636363636339013e-05,True,SUCCESS,,0.9791629314422607
1685,LIU_QUORUM,1.0,3.0,96b38b3a7a1e086a,0,1666.6666666666667,1.454909090909091,4.454909090909091,True,True,True,1666.6666666666667,1.454945454545454,4.454945454545454,True,True,True,1666.6666666666667,3.6363636363168084e-05,3.636363636339013e-05,True,SUCCESS,,0.924067497253418
1686,LIU_QUORUM,1.0,3.5,00fd2e2b724ffda4,0,1428.5714285714287,1.454909090909091,4.954909090909091,True,True,True,1428.5714285714287,1.454945454545454,4.954945454545454,True,True,True,1428.5714285714287,3.6363636363168084e-05,3.636363636339013e-05,True,SUCCESS,,0.9578802585601807
1687,LIU_QUORUM,1.0,4.0,b9adbe0115ee8f98,0,1250.0,1.454909090909091,5.454909090909091,True,True,True,1250.0,1.454945454545454,5.454945454545454,True,True,True,1250.0,3.6363636363168084e-05,3.636363636339013e-05,True,SUCCESS,,0.9614934921264648
1688,LIU_QUORUM,1.0,4.5,ba4bb68bdd0f3647,0,1111.111111111111,1.454909090909091,5.954909090909091,True,True,True,1111.111111111111,1.454945454545454,5.954945454545454,True,True,True,1111.111111111111,3.6363636363168084e-05,3.636363636339013e-05,True,SUCCESS,,0.9615359306335449
1689,LIU_QUORUM,1.0,5.0,70cf580a042b5f72,0,1000.0,1.454909090909091,6.454909090909091,True,True,True,1000.0,1.454945454545454,6.454945454545454,True,True,True,1000.0,3.6363636363168084e-05,3.636363636339013e-05,True,SUCCESS,,0.9236657619476318
1690,LIU_QUORUM,1.0,5.5,83eef6c09047992b,0,909.0909090909091,1.454909090909091,6.954909090909091,True,True,True,909.0909090909091,1.454945454545454,6.954945454545454,True,True,True,909.0909090909091,3.6363636363168084e-05,3.636363636339013e-05,True,SUCCESS,,0.9541516304016113
1691,LIU_QUORUM,1.0,6.0,69ab962e72463e43,0,833.3333333333334,1.454909090909091,7.454909090909091,True,True,True,833.3333333333334,1.454945454545454,7.454945454545454,True,True,True,833.3333333333334,3.6363636363168084e-05,3.636363636339013e-05,True,SUCCESS,,0.9274575710296631
1692,LIU_QUORUM,1.0,6.5,9226bbd7f10ea312,0,769.2307692307693,1.454909090909091,7.954909090909091,True,True,True,769.2307692307693,1.454945454545454,7.954945454545454,True,True,True,769.2307692307693,3.6363636363168084e-05,3.636363636339013e-05,True,SUCCESS,,0.9517755508422852
1693,LIU_QUORUM,1.0,7.0,9dbe8b89fb7872aa,0,714.2857142857143,1.454909090909091,8.45490909090909,True,True,True,714.2857142857143,1.4549454545454523,8.454945454545452,True,True,True,714.2857142857143,3.636363636139173e-05,3.636363636161377e-05,True,SUCCESS,,0.9450719356536865
1694,LIU_QUORUM,1.0,7.5,57ad452ca2f48245,0,666.6666666666666,1.454909090909091,8.95490909090909,True,True,True,666.6666666666666,1.4549454545454523,8.954945454545452,True,True,True,666.6666666666666,3.636363636139173e-05,3.636363636161377e-05,True,SUCCESS,,0.9643611907958984
1695,LIU_QUORUM,1.0,8.0,e5927dff29632b04,0,625.0,1.454909090909091,9.45490909090909,True,True,True,625.0,1.4549454545454523,9.454945454545452,True,True,True,625.0,3.636363636139173e-05,3.636363636161377e-05,True,SUCCESS,,0.9242494106292725
1696,LIU_QUORUM,1.0,8.5,9d0b1513d9dd8a41,0,588.2352941176471,1.454909090909091,9.95490909090909,True,True,True,588.2352941176471,1.4549454545454523,9.954945454545452,True,True,True,588.2352941176471,3.636363636139173e-05,3.636363636161377e-05,True,SUCCESS,,0.9252660274505615
1697,LIU_QUORUM,1.0,9.0,dd731551f8e3128e,0,555.5555555555555,1.454909090909091,10.45490909090909,True,True,True,555.5555555555555,1.4549454545454523,10.454945454545452,True,True,True,555.5555555555555,3.636363636139173e-05,3.636363636161377e-05,True,SUCCESS,,0.9713265895843506
1698,LIU_QUORUM,1.0,9.5,32b9892815fb2ada,0,526.3157894736842,1.454909090909091,10.95490909090909,True,True,True,526.3157894736842,1.4549454545454523,10.954945454545452,True,True,True,526.3157894736842,3.636363636139173e-05,3.636363636161377e-05,True,SUCCESS,,0.928748369216919
1699,LIU_QUORUM,1.0,10.0,960d93fe9e507a16,0,500.0,1.454909090909091,11.45490909090909,True,True,True,500.0,1.4549454545454523,11.454945454545452,True,True,True,500.0,3.636363636139173e-05,3.636363636161377e-05,True,SUCCESS,,0.9526402950286865
1700,LIU_QUORUM,1.2,0.5,b4c9527161a4562d,0,12000.0,1.7458181818181817,2.2458181818181817,True,True,True,12000.0,1.745854545454546,2.245854545454546,True,True,True,12000.0,3.636363636427831e-05,3.636363636427831e-05,True,SUCCESS,,1.0685291290283203
1701,LIU_QUORUM,1.2,1.0,f9546da8af16f925,0,6000.0,1.7458181818181817,2.7458181818181817,True,True,True,6000.0,1.745854545454546,2.745854545454546,True,True,True,6000.0,3.636363636427831e-05,3.636363636427831e-05,True,SUCCESS,,1.1019606590270996
1702,LIU_QUORUM,1.2,1.5,e4416da56dee5f3a,0,4000.0,1.7458181818181817,3.2458181818181817,True,True,True,4000.0,1.745854545454546,3.245854545454546,True,True,True,4000.0,3.636363636427831e-05,3.636363636427831e-05,True,SUCCESS,,1.1882274150848389
1703,LIU_QUORUM,1.2,2.0,a648cf1e6a3a707c,0,3000.0,1.7458181818181817,3.7458181818181817,True,True,True,3000.0,1.745854545454546,3.745854545454546,True,True,True,3000.0,3.636363636427831e-05,3.636363636427831e-05,True,SUCCESS,,1.073519229888916
1704,LIU_QUORUM,1.2,2.5,95afc8dfa6a773b5,0,2400.0,1.7458181818181817,4.245818181818182,True,True,True,2400.0,1.7458545454545469,4.245854545454547,True,True,True,2400.0,3.6363636365166485e-05,3.6363636365166485e-05,True,SUCCESS,,1.1028759479522705
1705,LIU_QUORUM,1.2,3.0,5d3de7e5998be8e2,0,2000.0,1.7458181818181817,4.745818181818182,True,True,True,2000.0,1.7458545454545469,4.745854545454547,True,True,True,2000.0,3.6363636365166485e-05,3.6363636365166485e-05,True,SUCCESS,,1.1059277057647705
1706,LIU_QUORUM,1.2,3.5,e20ff2427f1678e9,0,1714.2857142857142,1.7458181818181817,5.245818181818182,True,True,True,1714.2857142857142,1.7458545454545469,5.245854545454547,True,True,True,1714.2857142857142,3.6363636365166485e-05,3.6363636365166485e-05,True,SUCCESS,,1.0829229354858398
1707,LIU_QUORUM,1.2,4.0,cfbd5d27c2f8ea0f,0,1500.0,1.7458181818181817,5.745818181818182,True,True,True,1500.0,1.7458545454545469,5.745854545454547,True,True,True,1500.0,3.6363636365166485e-05,3.6363636365166485e-05,True,SUCCESS,,1.099411964416504
1708,LIU_QUORUM,1.2,4.5,3aab0f7c64433dd0,0,1333.3333333333333,1.7458181818181817,6.245818181818182,True,True,True,1333.3333333333333,1.7458545454545469,6.245854545454547,True,True,True,1333.3333333333333,3.6363636365166485e-05,3.6363636365166485e-05,True,SUCCESS,,1.121706247329712
1709,LIU_QUORUM,1.2,5.0,ba9ac26eed17476c,0,1200.0,1.7458181818181817,6.745818181818182,True,True,True,1200.0,1.7458545454545469,6.745854545454547,True,True,True,1200.0,3.6363636365166485e-05,3.6363636365166485e-05,True,SUCCESS,,1.1008849143981934
1710,LIU_QUORUM,1.2,5.5,90edfff2815c7bbc,0,1090.909090909091,1.7458181818181817,7.245818181818182,True,True,True,1090.909090909091,1.7458545454545469,7.245854545454547,True,True,True,1090.909090909091,3.6363636365166485e-05,3.6363636365166485e-05,True,SUCCESS,,1.0933785438537598
1711,LIU_QUORUM,1.2,6.0,d953b36d11d29d8a,0,1000.0,1.7458181818181817,7.745818181818182,True,True,True,1000.0,1.7458545454545469,7.745854545454547,True,True,True,1000.0,3.6363636365166485e-05,3.6363636365166485e-05,True,SUCCESS,,1.0891361236572266
1712,LIU_QUORUM,1.2,6.5,2b76e3c883e17e31,0,923.0769230769231,1.7458181818181817,8.245818181818182,True,True,True,923.0769230769231,1.7458545454545433,8.245854545454543,True,True,True,923.0769230769231,3.636363636161377e-05,3.636363636161377e-05,True,SUCCESS,,1.0551412105560303
1713,LIU_QUORUM,1.2,7.0,9e21806a5bb34a3c,0,857.1428571428571,1.7458181818181817,8.745818181818182,True,True,True,857.1428571428571,1.7458545454545416,8.745854545454542,True,True,True,857.1428571428571,3.6363636359837415e-05,3.6363636359837415e-05,True,SUCCESS,,1.0884521007537842
1714,LIU_QUORUM,1.2,7.5,6a6dfc648d7115fa,0,800.0,1.7458181818181817,9.245818181818182,True,True,True,800.0,1.7458545454545416,9.245854545454542,True,True,True,800.0,3.6363636359837415e-05,3.6363636359837415e-05,True,SUCCESS,,1.0868492126464844
1715,LIU_QUORUM,1.2,8.0,6694de6645d09d4f,0,750.0,1.7458181818181817,9.745818181818182,True,True,True,750.0,1.7458545454545416,9.745854545454542,True,True,True,750.0,3.6363636359837415e-05,3.6363636359837415e-05,True,SUCCESS,,1.0972282886505127
1716,LIU_QUORUM,1.2,8.5,8fdb58ae3a631ca2,0,705.8823529411765,1.7458181818181817,10.245818181818182,True,True,True,705.8823529411765,1.7458545454545416,10.245854545454542,True,True,True,705.8823529411765,3.6363636359837415e-05,3.6363636359837415e-05,True,SUCCESS,,1.132408618927002
1717,LIU_QUORUM,1.2,9.0,a1ff182d6de9183c,0,666.6666666666666,1.7458181818181817,10.745818181818182,True,True,True,666.6666666666666,1.7458545454545416,10.745854545454542,True,True,True,666.6666666666666,3.6363636359837415e-05,3.6363636359837415e-05,True,SUCCESS,,1.12123703956604
1718,LIU_QUORUM,1.2,9.5,10915774b6f9c49f,0,631.578947368421,1.7458181818181817,11.245818181818182,True,True,True,631.578947368421,1.7458545454545416,11.245854545454542,True,True,True,631.578947368421,3.6363636359837415e-05,3.6363636359837415e-05,True,SUCCESS,,1.0900835990905762
1719,LIU_QUORUM,1.2,10.0,173b63b04a4b1574,0,600.0,1.7458181818181817,11.745818181818182,True,True,True,600.0,1.7458545454545416,11.745854545454542,True,True,True,600.0,3.6363636359837415e-05,3.6363636359837415e-05,True,SUCCESS,,1.0884919166564941
1720,LIU_QUORUM,1.4,0.5,e9d4036c3bcb7340,0,14000.0,2.0367272727272727,2.5367272727272727,True,True,True,14000.0,2.0367636363636366,2.5367636363636366,True,True,True,14000.0,3.636363636383422e-05,3.636363636383422e-05,True,SUCCESS,,1.2874891757965088
1721,LIU_QUORUM,1.4,1.0,102ab45832fab5dd,0,7000.0,2.0367272727272727,3.0367272727272727,True,True,True,7000.0,2.036763636363636,3.036763636363636,True,True,True,7000.0,3.636363636339013e-05,3.636363636339013e-05,True,SUCCESS,,1.3308348655700684
1722,LIU_QUORUM,1.4,1.5,2a90d22a137da208,0,4666.666666666667,2.0367272727272727,3.5367272727272727,True,True,True,4666.666666666667,2.036763636363636,3.536763636363636,True,True,True,4666.666666666667,3.636363636339013e-05,3.636363636339013e-05,True,SUCCESS,,1.2883095741271973
1723,LIU_QUORUM,1.4,2.0,5385f8de4ef221b9,0,3500.0,2.0367272727272727,4.036727272727273,True,True,True,3500.0,2.036763636363636,4.036763636363636,True,True,True,3500.0,3.636363636339013e-05,3.636363636339013e-05,True,SUCCESS,,1.3144199848175049
1724,LIU_QUORUM,1.4,2.5,07ffcec9c5ce7ca0,0,2800.0,2.0367272727272727,4.536727272727273,True,True,True,2800.0,2.036763636363636,4.536763636363636,True,True,True,2800.0,3.636363636339013e-05,3.636363636339013e-05,True,SUCCESS,,1.2926042079925537
1725,LIU_QUORUM,1.4,3.0,cb315d4b4a91c9c7,0,2333.3333333333335,2.0367272727272727,5.036727272727273,True,True,True,2333.3333333333335,2.036763636363636,5.036763636363636,True,True,True,2333.3333333333335,3.636363636339013e-05,3.636363636339013e-05,True,SUCCESS,,1.3331663608551025
1726,LIU_QUORUM,1.4,3.5,85862ce195f603bb,0,2000.0,2.0367272727272727,5.536727272727273,True,True,True,2000.0,2.036763636363636,5.536763636363636,True,True,True,2000.0,3.636363636339013e-05,3.636363636339013e-05,True,SUCCESS,,1.3118672370910645
1727,LIU_QUORUM,1.4,4.0,ba21c75dd2a39b87,0,1750.0,2.0367272727272727,6.036727272727273,True,True,True,1750.0,2.036763636363636,6.036763636363636,True,True,True,1750.0,3.636363636339013e-05,3.636363636339013e-05,True,SUCCESS,,1.3207824230194092
1728,LIU_QUORUM,1.4,4.5,6bb38ca32bb95355,0,1555.5555555555557,2.0367272727272727,6.536727272727273,True,True,True,1555.5555555555557,2.036763636363636,6.536763636363636,True,True,True,1555.5555555555557,3.636363636339013e-05,3.636363636339013e-05,True,SUCCESS,,1.315047264099121
1729,LIU_QUORUM,1.4,5.0,a449ca7591c6bcc3,0,1400.0,2.0367272727272727,7.036727272727273,True,True,True,1400.0,2.036763636363636,7.036763636363636,True,True,True,1400.0,3.636363636339013e-05,3.636363636339013e-05,True,SUCCESS,,1.3355014324188232
1730,LIU_QUORUM,1.4,5.5,5452208757454bb5,0,1272.7272727272727,2.0367272727272727,7.536727272727273,True,True,True,1272.7272727272727,2.036763636363636,7.536763636363636,True,True,True,1272.7272727272727,3.636363636339013e-05,3.636363636339013e-05,True,SUCCESS,,1.3279540538787842
1731,LIU_QUORUM,1.4,6.0,68eea53e8eefa048,0,1166.6666666666667,2.0367272727272727,8.036727272727273,True,True,True,1166.6666666666667,2.036763636363638,8.036763636363638,True,True,True,1166.6666666666667,3.6363636365166485e-05,3.6363636365166485e-05,True,SUCCESS,,1.2923972606658936
1732,LIU_QUORUM,1.4,6.5,1538fe488119ac19,0,1076.923076923077,2.0367272727272727,8.536727272727273,True,True,True,1076.923076923077,2.036763636363636,8.536763636363636,True,True,True,1076.923076923077,3.636363636339013e-05,3.636363636339013e-05,True,SUCCESS,,1.3216633796691895
1733,LIU_QUORUM,1.4,7.0,69495be465312b01,0,1000.0,2.0367272727272727,9.036727272727273,True,True,True,1000.0,2.036763636363638,9.036763636363638,True,True,True,1000.0,3.6363636365166485e-05,3.6363636365166485e-05,True,SUCCESS,,1.3161001205444336
1734,LIU_QUORUM,1.4,7.5,838ddaacd64f1910,0,933.3333333333334,2.0367272727272727,9.536727272727273,True,True,True,933.3333333333334,2.036763636363638,9.536763636363638,True,True,True,933.3333333333334,3.6363636365166485e-05,3.6363636365166485e-05,True,SUCCESS,,1.3389840126037598
1735,LIU_QUORUM,1.4,8.0,5afbd5f2d0c097f5,0,875.0,2.0367272727272727,10.036727272727273,True,True,True,875.0,2.036763636363638,10.036763636363638,True,True,True,875.0,3.6363636365166485e-05,3.6363636365166485e-05,True,SUCCESS,,1.3028347492218018
1736,LIU_QUORUM,1.4,8.5,ee78677d35424f7a,0,823.5294117647059,2.0367272727272727,10.536727272727273,True,True,True,823.5294117647059,2.036763636363638,10.536763636363638,True,True,True,823.5294117647059,3.6363636365166485e-05,3.6363636365166485e-05,True,SUCCESS,,1.305990219116211
1737,LIU_QUORUM,1.4,9.0,a155b84118b41407,0,777.7777777777778,2.0367272727272727,11.036727272727273,True,True,True,777.7777777777778,2.036763636363638,11.036763636363638,True,True,True,777.7777777777778,3.6363636365166485e-05,3.6363636365166485e-05,True,SUCCESS,,1.3244879245758057
1738,LIU_QUORUM,1.4,9.5,20513832b19cef75,0,736.8421052631579,2.0367272727272727,11.536727272727273,True,True,True,736.8421052631579,2.036763636363638,11.536763636363638,True,True,True,736.8421052631579,3.6363636365166485e-05,3.6363636365166485e-05,True,SUCCESS,,1.3211472034454346
1739,LIU_QUORUM,1.4,10.0,7ceb32f951958941,0,700.0,2.0367272727272727,12.036727272727273,True,True,True,700.0,2.036763636363638,12.036763636363638,True,True,True,700.0,3.6363636365166485e-05,3.6363636365166485e-05,True,SUCCESS,,1.333261251449585
1740,LIU_QUORUM,1.6,0.5,c6062659dddf1679,0,16000.0,2.327636363636364,2.827636363636364,True,True,True,16000.0,2.327672727272728,2.827672727272728,True,True,True,16000.0,3.636363636383422e-05,3.636363636383422e-05,True,SUCCESS,,1.4597382545471191
1741,LIU_QUORUM,1.6,1.0,aa9f02b4292dead1,0,8000.0,2.327636363636364,3.327636363636364,True,True,True,8000.0,2.327672727272728,3.327672727272728,True,True,True,8000.0,3.636363636383422e-05,3.636363636383422e-05,True,SUCCESS,,1.4543771743774414
1742,LIU_QUORUM,1.6,1.5,9f490672eefb3885,0,5333.333333333333,2.327636363636364,3.827636363636364,True,True,True,5333.333333333333,2.327672727272728,3.827672727272728,True,True,True,5333.333333333333,3.636363636383422e-05,3.636363636383422e-05,True,SUCCESS,,1.4375035762786865
1743,LIU_QUORUM,1.6,2.0,0b09f1cef91b8c7f,0,4000.0,2.327636363636364,4.327636363636364,True,True,True,4000.0,2.327672727272728,4.327672727272728,True,True,True,4000.0,3.636363636383422e-05,3.636363636427831e-05,True,SUCCESS,,1.4467575550079346
1744,LIU_QUORUM,1.6,2.5,cf3bcdf5002f42be,0,3200.0,2.327636363636364,4.827636363636364,True,True,True,3200.0,2.327672727272729,4.827672727272729,True,True,True,3200.0,3.6363636364722396e-05,3.6363636365166485e-05,True,SUCCESS,,1.4171321392059326
1745,LIU_QUORUM,1.6,3.0,0cbcb258c4bf3b0b,0,2666.6666666666665,2.327636363636364,5.327636363636364,True,True,True,2666.6666666666665,2.327672727272729,5.327672727272729,True,True,True,2666.6666666666665,3.6363636364722396e-05,3.6363636365166485e-05,True,SUCCESS,,1.4512364864349365
1746,LIU_QUORUM,1.6,3.5,69380c091a4e3958,0,2285.714285714286,2.327636363636364,5.827636363636364,True,True,True,2285.714285714286,2.327672727272729,5.827672727272729,True,True,True,2285.714285714286,3.6363636364722396e-05,3.6363636365166485e-05,True,SUCCESS,,1.4403185844421387
1747,LIU_QUORUM,1.6,4.0,7bee2c0b752f06bd,0,2000.0,2.327636363636364,6.327636363636364,True,True,True,2000.0,2.327672727272729,6.327672727272729,True,True,True,2000.0,3.6363636364722396e-05,3.6363636365166485e-05,True,SUCCESS,,1.4594988822937012
1748,LIU_QUORUM,1.6,4.5,882021c6f0de1876,0,1777.7777777777778,2.327636363636364,6.827636363636364,True,True,True,1777.7777777777778,2.327672727272729,6.827672727272729,True,True,True,1777.7777777777778,3.6363636364722396e-05,3.6363636365166485e-05,True,SUCCESS,,1.4505057334899902
1749,LIU_QUORUM,1.6,5.0,ed101a100419ed85,0,1600.0,2.327636363636364,7.327636363636364,True,True,True,1600.0,2.327672727272729,7.327672727272729,True,True,True,1600.0,3.6363636364722396e-05,3.6363636365166485e-05,True,SUCCESS,,1.4685747623443604
1750,LIU_QUORUM,1.6,5.5,ef36fbf6cdaf4b94,0,1454.5454545454545,2.327636363636364,7.827636363636364,True,True,True,1454.5454545454545,2.327672727272729,7.827672727272729,True,True,True,1454.5454545454545,3.6363636364722396e-05,3.6363636365166485e-05,True,SUCCESS,,1.464202880859375
1751,LIU_QUORUM,1.6,6.0,97a73ada5a0515cd,0,1333.3333333333333,2.327636363636364,8.327636363636364,True,True,True,1333.3333333333333,2.327672727272727,8.327672727272727,True,True,True,1333.3333333333333,3.636363636294604e-05,3.636363636339013e-05,True,SUCCESS,,1.4630792140960693
1752,LIU_QUORUM,1.6,6.5,e7a7c76fc5a4659b,0,1230.7692307692307,2.327636363636364,8.827636363636364,True,True,True,1230.7692307692307,2.327672727272727,8.827672727272727,True,True,True,1230.7692307692307,3.636363636294604e-05,3.636363636339013e-05,True,SUCCESS,,1.4730772972106934
1753,LIU_QUORUM,1.6,7.0,69ed74defe4e8c9f,0,1142.857142857143,2.327636363636364,9.327636363636364,True,True,True,1142.857142857143,2.327672727272727,9.327672727272727,True,True,True,1142.857142857143,3.636363636294604e-05,3.636363636339013e-05,True,SUCCESS,,1.4553067684173584
1754,LIU_QUORUM,1.6,7.5,e04208180ff797e6,0,1066.6666666666667,2.327636363636364,9.827636363636364,True,True,True,1066.6666666666667,2.327672727272727,9.827672727272727,True,True,True,1066.6666666666667,3.636363636294604e-05,3.636363636339013e-05,True,SUCCESS,,1.503166913986206
1755,LIU_QUORUM,1.6,8.0,25d3e35ac40c09f6,0,1000.0,2.327636363636364,10.327636363636364,True,True,True,1000.0,2.327672727272727,10.327672727272727,True,True,True,1000.0,3.636363636294604e-05,3.636363636339013e-05,True,SUCCESS,,1.426635980606079
1756,LIU_QUORUM,1.6,8.5,c0bdb0760dfb939d,0,941.1764705882352,2.327636363636364,10.827636363636364,True,True,True,941.1764705882352,2.327672727272727,10.827672727272727,True,True,True,941.1764705882352,3.636363636294604e-05,3.636363636339013e-05,True,SUCCESS,,1.4495253562927246
1757,LIU_QUORUM,1.6,9.0,c129536794d553d7,0,888.8888888888889,2.327636363636364,11.327636363636364,True,True,True,888.8888888888889,2.327672727272727,11.327672727272727,True,True,True,888.8888888888889,3.636363636294604e-05,3.636363636339013e-05,True,SUCCESS,,1.4608409404754639
1758,LIU_QUORUM,1.6,9.5,549384a759e83e4c,0,842.1052631578947,2.327636363636364,11.827636363636364,True,True,True,842.1052631578947,2.327672727272727,11.827672727272727,True,True,True,842.1052631578947,3.636363636294604e-05,3.636363636339013e-05,True,SUCCESS,,1.485931396484375
1759,LIU_QUORUM,1.6,10.0,12fb615bc88bc8ea,0,800.0,2.327636363636364,12.327636363636364,True,True,True,800.0,2.327672727272727,12.327672727272727,True,True,True,800.0,3.636363636294604e-05,3.636363636339013e-05,True,SUCCESS,,1.447173833847046
1760,LIU_QUORUM,1.8,0.5,8b47608e8013f2a5,0,18000.0,2.6185454545454547,3.1185454545454547,True,False,True,0.0,2.618581818181818,3.118581818181818,True,False,True,0.0,3.636363636339013e-05,3.636363636339013e-05,True,SUCCESS,,1.7381248474121094
1761,LIU_QUORUM,1.8,1.0,15abb82788d86ede,0,9000.0,2.6185454545454547,3.6185454545454547,True,True,True,9000.0,2.618581818181819,3.618581818181819,True,True,True,9000.0,3.636363636427831e-05,3.636363636427831e-05,True,SUCCESS,,1.6927273273468018
1762,LIU_QUORUM,1.8,1.5,c6a798236fd55606,0,6000.0,2.6185454545454547,4.118545454545455,True,True,True,6000.0,2.618581818181819,4.118581818181819,True,True,True,6000.0,3.636363636427831e-05,3.636363636427831e-05,True,SUCCESS,,1.712247610092163
1763,LIU_QUORUM,1.8,2.0,77dd71e33870156d,0,4500.0,2.6185454545454547,4.618545454545455,True,True,True,4500.0,2.618581818181818,4.618581818181818,True,True,True,4500.0,3.636363636339013e-05,3.636363636339013e-05,True,SUCCESS,,1.7063789367675781
1764,LIU_QUORUM,1.8,2.5,3c78c1cfd7b8248c,0,3600.0,2.6185454545454547,5.118545454545455,True,True,True,3600.0,2.618581818181818,5.118581818181818,True,True,True,3600.0,3.636363636339013e-05,3.636363636339013e-05,True,SUCCESS,,1.6727750301361084
1765,LIU_QUORUM,1.8,3.0,1d2f085091952d2b,0,3000.0,2.6185454545454547,5.618545454545455,True,True,True,3000.0,2.618581818181818,5.618581818181818,True,True,True,3000.0,3.636363636339013e-05,3.636363636339013e-05,True,SUCCESS,,1.667536735534668
1766,LIU_QUORUM,1.8,3.5,6fa1e6a31c3d7ff3,0,2571.4285714285716,2.6185454545454547,6.118545454545455,True,True,True,2571.4285714285716,2.618581818181818,6.118581818181818,True,True,True,2571.4285714285716,3.636363636339013e-05,3.636363636339013e-05,True,SUCCESS,,1.6683108806610107
1767,LIU_QUORUM,1.8,4.0,a034d7e11ee02eb2,0,2250.0,2.6185454545454547,6.618545454545455,True,True,True,2250.0,2.618581818181818,6.618581818181818,True,True,True,2250.0,3.636363636339013e-05,3.636363636339013e-05,True,SUCCESS,,1.6820404529571533
1768,LIU_QUORUM,1.8,4.5,e844a0fd544b7ce8,0,2000.0,2.6185454545454547,7.118545454545455,True,True,True,2000.0,2.618581818181818,7.118581818181818,True,True,True,2000.0,3.636363636339013e-05,3.636363636339013e-05,True,SUCCESS,,1.7319343090057373
1769,LIU_QUORUM,1.8,5.0,de3dad14f24bbd1b,0,1800.0,2.6185454545454547,7.618545454545455,True,True,True,1800.0,2.61858181818182,7.61858181818182,True,True,True,1800.0,3.6363636365166485e-05,3.6363636365166485e-05,True,SUCCESS,,1.6761724948883057
1770,LIU_QUORUM,1.8,5.5,8f3f06c837b3ffad,0,1636.3636363636363,2.6185454545454547,8.118545454545455,True,True,True,1636.3636363636363,2.618581818181818,8.118581818181818,True,True,True,1636.3636363636363,3.636363636339013e-05,3.636363636339013e-05,True,SUCCESS,,1.6511991024017334
1771,LIU_QUORUM,1.8,6.0,54e20bb6ff7741c8,0,1500.0,2.6185454545454547,8.618545454545455,True,True,True,1500.0,2.618581818181818,8.618581818181818,True,True,True,1500.0,3.636363636339013e-05,3.636363636339013e-05,True,SUCCESS,,1.674147367477417
1772,LIU_QUORUM,1.8,6.5,5148a1665d4d5268,0,1384.6153846153845,2.6185454545454547,9.118545454545455,True,True,True,1384.6153846153845,2.6185818181818163,9.118581818181816,True,True,True,1384.6153846153845,3.636363636161377e-05,3.636363636161377e-05,True,SUCCESS,,1.685605525970459
1773,LIU_QUORUM,1.8,7.0,abb610825c043930,0,1285.7142857142858,2.6185454545454547,9.618545454545455,True,True,True,1285.7142857142858,2.6185818181818163,9.618581818181816,True,True,True,1285.7142857142858,3.636363636161377e-05,3.636363636161377e-05,True,SUCCESS,,1.6726930141448975
1774,LIU_QUORUM,1.8,7.5,d558fd6858e05820,0,1200.0,2.6185454545454547,10.118545454545455,True,True,True,1200.0,2.6185818181818163,10.118581818181816,True,True,True,1200.0,3.636363636161377e-05,3.636363636161377e-05,True,SUCCESS,,1.6594245433807373
1775,LIU_QUORUM,1.8,8.0,542f910aeb5b959d,0,1125.0,2.6185454545454547,10.618545454545455,True,True,True,1125.0,2.6185818181818163,10.618581818181816,True,True,True,1125.0,3.636363636161377e-05,3.636363636161377e-05,True,SUCCESS,,1.7191357612609863
1776,LIU_QUORUM,1.8,8.5,7bf39f09709950eb,0,1058.8235294117646,2.6185454545454547,11.118545454545455,True,True,True,1058.8235294117646,2.6185818181818163,11.118581818181816,True,True,True,1058.8235294117646,3.636363636161377e-05,3.636363636161377e-05,True,SUCCESS,,1.6878900527954102
1777,LIU_QUORUM,1.8,9.0,e8f9a58bdfbfac06,0,1000.0,2.6185454545454547,11.618545454545455,True,True,True,1000.0,2.6185818181818163,11.618581818181816,True,True,True,1000.0,3.636363636161377e-05,3.636363636161377e-05,True,SUCCESS,,1.6814537048339844
1778,LIU_QUORUM,1.8,9.5,e217d62c2f26c3fa,0,947.3684210526316,2.6185454545454547,12.118545454545455,True,True,True,947.3684210526316,2.6185818181818163,12.118581818181816,True,True,True,947.3684210526316,3.636363636161377e-05,3.636363636161377e-05,True,SUCCESS,,1.6677305698394775
1779,LIU_QUORUM,1.8,10.0,1f5308883d3a4c75,0,900.0,2.6185454545454547,12.618545454545455,True,True,True,900.0,2.6185818181818163,12.618581818181816,True,True,True,900.0,3.636363636161377e-05,3.636363636161377e-05,True,SUCCESS,,1.6573305130004883
1780,LIU_QUORUM,2.0,0.5,d0e96964ed4265f4,0,20000.0,2.9094545454545457,3.4094545454545457,True,False,True,0.0,2.9094909090909082,3.4094909090909082,True,False,True,0.0,3.636363636250195e-05,3.636363636250195e-05,True,SUCCESS,,1.819864273071289
1781,LIU_QUORUM,2.0,1.0,21152529b25cc211,0,10000.0,2.9094545454545457,3.9094545454545457,True,True,True,10000.0,2.909490909090909,3.909490909090909,True,True,True,10000.0,3.636363636339013e-05,3.636363636339013e-05,True,SUCCESS,,1.8045611381530762
1782,LIU_QUORUM,2.0,1.5,3e02ad9adc892091,0,6666.666666666667,2.9094545454545457,4.409454545454546,True,True,True,6666.666666666667,2.90949090909091,4.40949090909091,True,True,True,6666.666666666667,3.636363636427831e-05,3.636363636427831e-05,True,SUCCESS,,1.809885025024414
1783,LIU_QUORUM,2.0,2.0,143f9a367d152958,0,5000.0,2.9094545454545457,4.909454545454546,True,True,True,5000.0,2.909490909090911,4.909490909090911,True,True,True,5000.0,3.6363636365166485e-05,3.6363636365166485e-05,True,SUCCESS,,1.7966053485870361
1784,LIU_QUORUM,2.0,2.5,6809bf0bc67ce6f0,0,4000.0,2.9094545454545457,5.409454545454546,True,True,True,4000.0,2.909490909090911,5.409490909090911,True,True,True,4000.0,3.6363636365166485e-05,3.6363636365166485e-05,True,SUCCESS,,1.810887336730957
1785,LIU_QUORUM,2.0,3.0,384705454a5ea1dc,0,3333.3333333333335,2.9094545454545457,5.909454545454546,True,True,True,3333.3333333333335,2.909490909090911,5.909490909090911,True,True,True,3333.3333333333335,3.6363636365166485e-05,3.6363636365166485e-05,True,SUCCESS,,1.8395707607269287
1786,LIU_QUORUM,2.0,3.5,7fc7d1db3a994cd1,0,2857.1428571428573,2.9094545454545457,6.409454545454546,True,True,True,2857.1428571428573,2.909490909090911,6.409490909090911,True,True,True,2857.1428571428573,3.6363636365166485e-05,3.6363636365166485e-05,True,SUCCESS,,1.8600847721099854
1787,LIU_QUORUM,2.0,4.0,71b53282e80a3a5b,0,2500.0,2.9094545454545457,6.909454545454546,True,True,True,2500.0,2.909490909090911,6.909490909090911,True,True,True,2500.0,3.6363636365166485e-05,3.6363636365166485e-05,True,SUCCESS,,1.818269968032837
1788,LIU_QUORUM,2.0,4.5,cdea70ea39104792,0,2222.222222222222,2.9094545454545457,7.409454545454546,True,True,True,2222.222222222222,2.909490909090911,7.409490909090911,True,True,True,2222.222222222222,3.6363636365166485e-05,3.6363636365166485e-05,True,SUCCESS,,1.8447747230529785
1789,LIU_QUORUM,2.0,5.0,298ce1b8c0395a26,0,2000.0,2.9094545454545457,7.909454545454546,True,True,True,2000.0,2.909490909090911,7.909490909090911,True,True,True,2000.0,3.6363636365166485e-05,3.6363636365166485e-05,True,SUCCESS,,1.7877848148345947
1790,LIU_QUORUM,2.0,5.5,d5b53a28fa33c5f0,0,1818.1818181818182,2.9094545454545457,8.409454545454546,True,True,True,1818.1818181818182,2.9094909090909074,8.409490909090907,True,True,True,1818.1818181818182,3.636363636161377e-05,3.636363636161377e-05,True,SUCCESS,,1.8033387660980225
1791,LIU_QUORUM,2.0,6.0,58174f0bdd53279b,0,1666.6666666666667,2.9094545454545457,8.909454545454546,True,True,True,1666.6666666666667,2.9094909090909056,8.909490909090906,True,True,True,1666.6666666666667,3.6363636359837415e-05,3.6363636359837415e-05,True,SUCCESS,,1.8177242279052734
1792,LIU_QUORUM,2.0,6.5,924579b0c822713e,0,1538.4615384615386,2.9094545454545457,9.409454545454546,True,True,True,1538.4615384615386,2.9094909090909056,9.409490909090906,True,True,True,1538.4615384615386,3.6363636359837415e-05,3.6363636359837415e-05,True,SUCCESS,,1.7790777683258057
1793,LIU_QUORUM,2.0,7.0,8895fbda57ad0dd6,0,1428.5714285714287,2.9094545454545457,9.909454545454546,True,True,True,1428.5714285714287,2.9094909090909056,9.909490909090906,True,True,True,1428.5714285714287,3.6363636359837415e-05,3.6363636359837415e-05,True,SUCCESS,,1.7878913879394531
1794,LIU_QUORUM,2.0,7.5,6624748ae0c7c616,0,1333.3333333333333,2.9094545454545457,10.409454545454546,True,True,True,1333.3333333333333,2.9094909090909056,10.409490909090906,True,True,True,1333.3333333333333,3.6363636359837415e-05,3.6363636359837415e-05,True,SUCCESS,,1.8424062728881836
1795,LIU_QUORUM,2.0,8.0,ec28cf2cff90dcd0,0,1250.0,2.9094545454545457,10.909454545454546,True,True,True,1250.0,2.9094909090909056,10.909490909090906,True,True,True,1250.0,3.6363636359837415e-05,3.6363636359837415e-05,True,SUCCESS,,1.8043136596679688
1796,LIU_QUORUM,2.0,8.5,a8fc030d9ebc6538,0,1176.4705882352941,2.9094545454545457,11.409454545454546,True,True,True,1176.4705882352941,2.9094909090909056,11.409490909090906,True,True,True,1176.4705882352941,3.6363636359837415e-05,3.6363636359837415e-05,True,SUCCESS,,1.7918407917022705
1797,LIU_QUORUM,2.0,9.0,a5a11819e8324521,0,1111.111111111111,2.9094545454545457,11.909454545454546,True,True,True,1111.111111111111,2.9094909090909056,11.909490909090906,True,True,True,1111.111111111111,3.6363636359837415e-05,3.6363636359837415e-05,True,SUCCESS,,1.8005506992340088
1798,LIU_QUORUM,2.0,9.5,b7b1da9a099b9c33,0,1052.6315789473683,2.9094545454545457,12.409454545454546,True,True,True,1052.6315789473683,2.9094909090909056,12.409490909090906,True,True,True,1052.6315789473683,3.6363636359837415e-05,3.6363636359837415e-05,True,SUCCESS,,1.7870194911956787
1799,LIU_QUORUM,2.0,10.0,d6521dce10dbe708,0,1000.0,2.9094545454545457,12.909454545454546,True,True,True,1000.0,2.9094909090909056,12.909490909090906,True,True,True,1000.0,3.6363636359837415e-05,3.6363636359837415e-05,True,SUCCESS,,1.7984497547149658
1800,LIU_QUORUM,2.2,0.5,616913866aa0a977,0,22000.0,3.2003636363636367,3.7003636363636367,True,False,True,0.0,3.2004,3.7004,True,False,True,0.0,3.636363636339013e-05,3.636363636339013e-05,True,SUCCESS,,2.0009212493896484
1801,LIU_QUORUM,2.2,1.0,b2c33418fa71edbc,0,11000.0,3.2003636363636367,4.200363636363637,True,True,True,11000.0,3.200400000000001,4.200400000000001,True,True,True,11000.0,3.636363636427831e-05,3.636363636427831e-05,True,SUCCESS,,2.0519001483917236
1802,LIU_QUORUM,2.2,1.5,0e72574aa816680a,0,7333.333333333333,3.2003636363636367,4.700363636363637,True,True,True,7333.333333333333,3.200400000000001,4.700400000000001,True,True,True,7333.333333333333,3.636363636427831e-05,3.636363636427831e-05,True,SUCCESS,,2.0656208992004395
1803,LIU_QUORUM,2.2,2.0,d3218454847f5bf1,0,5500.0,3.2003636363636367,5.200363636363637,True,True,True,5500.0,3.2004,5.2004,True,True,True,5500.0,3.636363636339013e-05,3.636363636339013e-05,True,SUCCESS,,2.033684492111206
1804,LIU_QUORUM,2.2,2.5,992b267e28ca5811,0,4400.0,3.2003636363636367,5.700363636363637,True,True,True,4400.0,3.2004,5.7004,True,True,True,4400.0,3.636363636339013e-05,3.636363636339013e-05,True,SUCCESS,,2.0141451358795166
1805,LIU_QUORUM,2.2,3.0,8419be5076ec3b0a,0,3666.6666666666665,3.2003636363636367,6.200363636363637,True,True,True,3666.6666666666665,3.2004,6.2004,True,True,True,3666.6666666666665,3.636363636339013e-05,3.636363636339013e-05,True,SUCCESS,,1.9960556030273438
1806,LIU_QUORUM,2.2,3.5,c89e7dc8f5f4ed98,0,3142.8571428571427,3.2003636363636367,6.700363636363637,True,True,True,3142.8571428571427,3.2004,6.7004,True,True,True,3142.8571428571427,3.636363636339013e-05,3.636363636339013e-05,True,SUCCESS,,2.050679922103882
1807,LIU_QUORUM,2.2,4.0,1a72966378d8913d,0,2750.0,3.2003636363636367,7.200363636363637,True,True,True,2750.0,3.2004,7.2004,True,True,True,2750.0,3.636363636339013e-05,3.636363636339013e-05,True,SUCCESS,,2.0481081008911133
1808,LIU_QUORUM,2.2,4.5,c1fd898ca04c8742,0,2444.4444444444443,3.2003636363636367,7.700363636363637,True,True,True,2444.4444444444443,3.200400000000002,7.700400000000002,True,True,True,2444.4444444444443,3.6363636365166485e-05,3.6363636365166485e-05,True,SUCCESS,,1.9969382286071777
1809,LIU_QUORUM,2.2,5.0,912e5486c6c7a650,0,2200.0,3.2003636363636367,8.200363636363637,True,True,True,2200.0,3.200400000000002,8.200400000000002,True,True,True,2200.0,3.6363636365166485e-05,3.6363636365166485e-05,True,SUCCESS,,2.046497344970703
1810,LIU_QUORUM,2.2,5.5,7fbd11ee12aeb875,0,2000.0,3.2003636363636367,8.700363636363637,True,True,True,2000.0,3.200400000000002,8.700400000000002,True,True,True,2000.0,3.6363636365166485e-05,3.6363636365166485e-05,True,SUCCESS,,2.030186891555786
1811,LIU_QUORUM,2.2,6.0,39775a7315cc3959,0,1833.3333333333333,3.2003636363636367,9.200363636363637,True,True,True,1833.3333333333333,3.200400000000002,9.200400000000002,True,True,True,1833.3333333333333,3.6363636365166485e-05,3.6363636365166485e-05,True,SUCCESS,,2.0415232181549072
1812,LIU_QUORUM,2.2,6.5,673b29929dc33b86,0,1692.3076923076924,3.2003636363636367,9.700363636363637,True,True,True,1692.3076923076924,3.200400000000002,9.700400000000002,True,True,True,1692.3076923076924,3.6363636365166485e-05,3.6363636365166485e-05,True,SUCCESS,,2.0323233604431152
1813,LIU_QUORUM,2.2,7.0,b9c4ae6fcfb92c7d,0,1571.4285714285713,3.2003636363636367,10.200363636363637,True,True,True,1571.4285714285713,3.200400000000002,10.200400000000002,True,True,True,1571.4285714285713,3.6363636365166485e-05,3.6363636365166485e-05,True,SUCCESS,,1.988875389099121
1814,LIU_QUORUM,2.2,7.5,fceef033434761d0,0,1466.6666666666667,3.2003636363636367,10.700363636363637,True,True,True,1466.6666666666667,3.200400000000002,10.700400000000002,True,True,True,1466.6666666666667,3.6363636365166485e-05,3.6363636365166485e-05,True,SUCCESS,,2.056518316268921
1815,LIU_QUORUM,2.2,8.0,3799cbc124470669,0,1375.0,3.2003636363636367,11.200363636363637,True,True,True,1375.0,3.200400000000002,11.200400000000002,True,True,True,1375.0,3.6363636365166485e-05,3.6363636365166485e-05,True,SUCCESS,,2.121083974838257
1816,LIU_QUORUM,2.2,8.5,e8f3368fc4c9a334,0,1294.1176470588234,3.2003636363636367,11.700363636363637,True,True,True,1294.1176470588234,3.200400000000002,11.700400000000002,True,True,True,1294.1176470588234,3.6363636365166485e-05,3.6363636365166485e-05,True,SUCCESS,,2.0538833141326904
1817,LIU_QUORUM,2.2,9.0,c9ed7f995d9fc83b,0,1222.2222222222222,3.2003636363636367,12.200363636363637,True,True,True,1222.2222222222222,3.200400000000002,12.200400000000002,True,True,True,1222.2222222222222,3.6363636365166485e-05,3.6363636365166485e-05,True,SUCCESS,,2.0386457443237305
1818,LIU_QUORUM,2.2,9.5,09eff394b9e2dd12,0,1157.8947368421052,3.2003636363636367,12.700363636363637,True,True,True,1157.8947368421052,3.200400000000002,12.700400000000002,True,True,True,1157.8947368421052,3.6363636365166485e-05,3.6363636365166485e-05,True,SUCCESS,,2.047788619995117
1819,LIU_QUORUM,2.2,10.0,7a5b60e0076473e0,0,1100.0,3.2003636363636367,13.200363636363637,True,True,True,1100.0,3.200400000000002,13.200400000000002,True,True,True,1100.0,3.6363636365166485e-05,3.6363636365166485e-05,True,SUCCESS,,2.107564926147461
1820,LIU_QUORUM,2.4,0.5,50b63a3093a7b001,0,24000.0,3.4912727272727273,3.9912727272727273,True,False,True,0.0,3.4913090909090903,3.9913090909090903,True,False,True,0.0,3.636363636294604e-05,3.636363636294604e-05,True,SUCCESS,,2.1851654052734375
1821,LIU_QUORUM,2.4,1.0,e421f15a9fcb7f75,0,12000.0,3.4912727272727273,4.491272727272728,True,True,True,12000.0,3.491309090909093,4.491309090909093,True,True,True,12000.0,3.6363636365610574e-05,3.6363636365166485e-05,True,SUCCESS,,2.332106828689575
1822,LIU_QUORUM,2.4,1.5,02f9d0d9b863de33,0,8000.0,3.4912727272727273,4.991272727272728,True,True,True,8000.0,3.491309090909093,4.991309090909093,True,True,True,8000.0,3.6363636365610574e-05,3.6363636365166485e-05,True,SUCCESS,,2.205512762069702
1823,LIU_QUORUM,2.4,2.0,0c76030151fd066f,0,6000.0,3.4912727272727273,5.491272727272728,True,True,True,6000.0,3.491309090909093,5.491309090909093,True,True,True,6000.0,3.6363636365610574e-05,3.6363636365166485e-05,True,SUCCESS,,2.186711072921753
1824,LIU_QUORUM,2.4,2.5,aae4372e39e06ec1,0,4800.0,3.4912727272727273,5.991272727272728,True,True,True,4800.0,3.491309090909093,5.991309090909093,True,True,True,4800.0,3.6363636365610574e-05,3.6363636365166485e-05,True,SUCCESS,,2.191167116165161
1825,LIU_QUORUM,2.4,3.0,0c75b6bce8613f7c,0,4000.0,3.4912727272727273,6.491272727272728,True,True,True,4000.0,3.491309090909093,6.491309090909093,True,True,True,4000.0,3.6363636365610574e-05,3.6363636365166485e-05,True,SUCCESS,,2.1612329483032227
1826,LIU_QUORUM,2.4,3.5,3fe1722796dea169,0,3428.5714285714284,3.4912727272727273,6.991272727272728,True,True,True,3428.5714285714284,3.491309090909093,6.991309090909093,True,True,True,3428.5714285714284,3.6363636365610574e-05,3.6363636365166485e-05,True,SUCCESS,,2.162017583847046
1827,LIU_QUORUM,2.4,4.0,f80eca6ae35a42bf,0,3000.0,3.4912727272727273,7.491272727272728,True,True,True,3000.0,3.491309090909091,7.491309090909091,True,True,True,3000.0,3.636363636383422e-05,3.636363636339013e-05,True,SUCCESS,,2.1551856994628906
1828,LIU_QUORUM,2.4,4.5,654be2f2d2998986,0,2666.6666666666665,3.4912727272727273,7.991272727272728,True,True,True,2666.6666666666665,3.491309090909091,7.991309090909091,True,True,True,2666.6666666666665,3.636363636383422e-05,3.636363636339013e-05,True,SUCCESS,,2.1963894367218018
1829,LIU_QUORUM,2.4,5.0,ff31427f086e4951,0,2400.0,3.4912727272727273,8.491272727272728,True,True,True,2400.0,3.4913090909090894,8.49130909090909,True,True,True,2400.0,3.636363636205786e-05,3.636363636161377e-05,True,SUCCESS,,2.1513614654541016
1830,LIU_QUORUM,2.4,5.5,8195933342847aff,0,2181.818181818182,3.4912727272727273,8.991272727272728,True,True,True,2181.818181818182,3.4913090909090894,8.99130909090909,True,True,True,2181.818181818182,3.636363636205786e-05,3.636363636161377e-05,True,SUCCESS,,2.2071473598480225
1831,LIU_QUORUM,2.4,6.0,e0b77601c51f9e3c,0,2000.0,3.4912727272727273,9.491272727272728,True,True,True,2000.0,3.491309090909091,9.491309090909091,True,True,True,2000.0,3.636363636383422e-05,3.636363636339013e-05,True,SUCCESS,,2.1433379650115967
1832,LIU_QUORUM,2.4,6.5,d84ec573ad9842d1,0,1846.1538461538462,3.4912727272727273,9.991272727272728,True,True,True,1846.1538461538462,3.491309090909091,9.991309090909091,True,True,True,1846.1538461538462,3.636363636383422e-05,3.636363636339013e-05,True,SUCCESS,,2.208538770675659
1833,LIU_QUORUM,2.4,7.0,d2e6dc7362317516,0,1714.2857142857142,3.4912727272727273,10.491272727272728,True,True,True,1714.2857142857142,3.491309090909091,10.491309090909091,True,True,True,1714.2857142857142,3.636363636383422e-05,3.636363636339013e-05,True,SUCCESS,,2.1737804412841797
1834,LIU_QUORUM,2.4,7.5,3a5dee0f7367a6d5,0,1600.0,3.4912727272727273,10.991272727272728,True,True,True,1600.0,3.491309090909091,10.991309090909091,True,True,True,1600.0,3.636363636383422e-05,3.636363636339013e-05,True,SUCCESS,,2.177760362625122
1835,LIU_QUORUM,2.4,8.0,4211e188c301614d,0,1500.0,3.4912727272727273,11.491272727272728,True,True,True,1500.0,3.491309090909091,11.491309090909091,True,True,True,1500.0,3.636363636383422e-05,3.636363636339013e-05,True,SUCCESS,,2.155918836593628
1836,LIU_QUORUM,2.4,8.5,66851f685de68c34,0,1411.764705882353,3.4912727272727273,11.991272727272728,True,True,True,1411.764705882353,3.491309090909091,11.991309090909091,True,True,True,1411.764705882353,3.636363636383422e-05,3.636363636339013e-05,True,SUCCESS,,2.2552900314331055
1837,LIU_QUORUM,2.4,9.0,c1007f7970eed797,0,1333.3333333333333,3.4912727272727273,12.491272727272728,True,True,True,1333.3333333333333,3.491309090909091,12.491309090909091,True,True,True,1333.3333333333333,3.636363636383422e-05,3.636363636339013e-05,True,SUCCESS,,2.204184055328369
1838,LIU_QUORUM,2.4,9.5,d1470eaab1103933,0,1263.157894736842,3.4912727272727273,12.991272727272728,True,True,True,1263.157894736842,3.491309090909091,12.991309090909091,True,True,True,1263.157894736842,3.636363636383422e-05,3.636363636339013e-05,True,SUCCESS,,2.173999071121216
1839,LIU_QUORUM,2.4,10.0,c96a3da4d77f6a6f,0,1200.0,3.4912727272727273,13.491272727272728,True,True,True,1200.0,3.491309090909091,13.491309090909091,True,True,True,1200.0,3.636363636383422e-05,3.636363636339013e-05,True,SUCCESS,,2.1413655281066895
1840,LIU_QUORUM,2.6,0.5,a57ed2b95f4dab41,0,26000.0,3.7821818181818183,4.282181818181819,True,False,True,0.0,3.782218181818182,4.282218181818182,True,False,True,0.0,3.636363636383422e-05,3.636363636339013e-05,True,SUCCESS,,2.4527790546417236
1841,LIU_QUORUM,2.6,1.0,615fbcbca0f68fcb,0,13000.0,3.7821818181818183,4.782181818181819,True,True,True,13000.0,3.782218181818182,4.782218181818182,True,True,True,13000.0,3.636363636383422e-05,3.636363636339013e-05,True,SUCCESS,,2.4073989391326904
1842,LIU_QUORUM,2.6,1.5,51c1a78d8efad8cb,0,8666.666666666666,3.7821818181818183,5.282181818181819,True,True,True,8666.666666666666,3.782218181818182,5.282218181818182,True,True,True,8666.666666666666,3.636363636383422e-05,3.636363636339013e-05,True,SUCCESS,,2.4282543659210205
1843,LIU_QUORUM,2.6,2.0,dae4d2b104e902fb,0,6500.0,3.7821818181818183,5.782181818181819,True,True,True,6500.0,3.782218181818182,5.782218181818182,True,True,True,6500.0,3.636363636383422e-05,3.636363636339013e-05,True,SUCCESS,,2.4608523845672607
1844,LIU_QUORUM,2.6,2.5,a3b0715604cd6a18,0,5200.0,3.7821818181818183,6.282181818181819,True,True,True,5200.0,3.782218181818182,6.282218181818182,True,True,True,5200.0,3.636363636383422e-05,3.636363636339013e-05,True,SUCCESS,,2.425706624984741
1845,LIU_QUORUM,2.6,3.0,33ac689d883664ab,0,4333.333333333333,3.7821818181818183,6.782181818181819,True,True,True,4333.333333333333,3.782218181818182,6.782218181818182,True,True,True,4333.333333333333,3.636363636383422e-05,3.636363636339013e-05,True,SUCCESS,,2.4899346828460693
1846,LIU_QUORUM,2.6,3.5,d86469e8b5a25369,0,3714.285714285714,3.7821818181818183,7.282181818181819,True,True,True,3714.285714285714,3.782218181818182,7.282218181818182,True,True,True,3714.285714285714,3.636363636383422e-05,3.636363636339013e-05,True,SUCCESS,,2.38337779045105
1847,LIU_QUORUM,2.6,4.0,6124ea85dfc48b89,0,3250.0,3.7821818181818183,7.782181818181819,True,True,True,3250.0,3.782218181818184,7.782218181818184,True,True,True,3250.0,3.6363636365610574e-05,3.6363636365166485e-05,True,SUCCESS,,2.3961760997772217
1848,LIU_QUORUM,2.6,4.5,a5e6798f0a0acef4,0,2888.8888888888887,3.7821818181818183,8.282181818181819,True,True,True,2888.8888888888887,3.7822181818181804,8.28221818181818,True,True,True,2888.8888888888887,3.636363636205786e-05,3.636363636161377e-05,True,SUCCESS,,2.3842861652374268
1849,LIU_QUORUM,2.6,5.0,e527f2ad957c0352,0,2600.0,3.7821818181818183,8.782181818181819,True,True,True,2600.0,3.7822181818181804,8.78221818181818,True,True,True,2600.0,3.636363636205786e-05,3.636363636161377e-05,True,SUCCESS,,2.413459539413452
1850,LIU_QUORUM,2.6,5.5,e92c5d74836cceff,0,2363.6363636363635,3.7821818181818183,9.282181818181819,True,True,True,2363.6363636363635,3.7822181818181804,9.28221818181818,True,True,True,2363.6363636363635,3.636363636205786e-05,3.636363636161377e-05,True,SUCCESS,,2.5112791061401367
1851,LIU_QUORUM,2.6,6.0,0ef455529171b61a,0,2166.6666666666665,3.7821818181818183,9.782181818181819,True,True,True,2166.6666666666665,3.7822181818181804,9.78221818181818,True,True,True,2166.6666666666665,3.636363636205786e-05,3.636363636161377e-05,True,SUCCESS,,2.4193031787872314
1852,LIU_QUORUM,2.6,6.5,8ae4d756ad49ac76,0,2000.0,3.7821818181818183,10.282181818181819,True,True,True,2000.0,3.7822181818181804,10.28221818181818,True,True,True,2000.0,3.636363636205786e-05,3.636363636161377e-05,True,SUCCESS,,2.390366315841675
1853,LIU_QUORUM,2.6,7.0,ba9bd4d4a9612f8d,0,1857.142857142857,3.7821818181818183,10.782181818181819,True,True,True,1857.142857142857,3.7822181818181804,10.78221818181818,True,True,True,1857.142857142857,3.636363636205786e-05,3.636363636161377e-05,True,SUCCESS,,2.643244743347168
1854,LIU_QUORUM,2.6,7.5,1a937a89da64e2c4,0,1733.3333333333333,3.7821818181818183,11.282181818181819,True,True,True,1733.3333333333333,3.7822181818181804,11.28221818181818,True,True,True,1733.3333333333333,3.636363636205786e-05,3.636363636161377e-05,True,SUCCESS,,2.4154796600341797
1855,LIU_QUORUM,2.6,8.0,9c96f5c8ad470bf0,0,1625.0,3.7821818181818183,11.782181818181819,True,True,True,1625.0,3.7822181818181804,11.78221818181818,True,True,True,1625.0,3.636363636205786e-05,3.636363636161377e-05,True,SUCCESS,,2.70234751701355
1856,LIU_QUORUM,2.6,8.5,b9f54911d57ac084,0,1529.4117647058824,3.7821818181818183,12.282181818181819,True,True,True,1529.4117647058824,3.7822181818181804,12.28221818181818,True,True,True,1529.4117647058824,3.636363636205786e-05,3.636363636161377e-05,True,SUCCESS,,2.600242853164673
1857,LIU_QUORUM,2.6,9.0,73c63e22857e315b,0,1444.4444444444443,3.7821818181818183,12.782181818181819,True,True,True,1444.4444444444443,3.7822181818181804,12.78221818181818,True,True,True,1444.4444444444443,3.636363636205786e-05,3.636363636161377e-05,True,SUCCESS,,2.3904287815093994
1858,LIU_QUORUM,2.6,9.5,254e280150b1dd76,0,1368.421052631579,3.7821818181818183,13.282181818181819,True,True,True,1368.421052631579,3.7822181818181804,13.28221818181818,True,True,True,1368.421052631579,3.636363636205786e-05,3.636363636161377e-05,True,SUCCESS,,2.497769832611084
1859,LIU_QUORUM,2.6,10.0,41ebcac2dcb5378a,0,1300.0,3.7821818181818183,13.782181818181819,True,True,True,1300.0,3.7822181818181804,13.78221818181818,True,True,True,1300.0,3.636363636205786e-05,3.636363636161377e-05,True,SUCCESS,,2.5206451416015625
1860,LIU_QUORUM,2.8,0.5,bff2899a5dae4c09,0,28000.0,4.073090909090909,4.573090909090909,True,False,True,0.0,4.073127272727273,4.573127272727273,True,False,True,0.0,3.636363636427831e-05,3.636363636427831e-05,True,SUCCESS,,2.568323850631714
1861,LIU_QUORUM,2.8,1.0,5eb34d575cede094,0,14000.0,4.073090909090909,5.073090909090909,True,True,True,14000.0,4.073127272727274,5.073127272727274,True,True,True,14000.0,3.6363636365166485e-05,3.6363636365166485e-05,True,SUCCESS,,2.5682320594787598
1862,LIU_QUORUM,2.8,1.5,b07cb2dd20bb6ec1,0,9333.333333333334,4.073090909090909,5.573090909090909,True,True,True,9333.333333333334,4.073127272727273,5.573127272727273,True,True,True,9333.333333333334,3.636363636427831e-05,3.636363636427831e-05,True,SUCCESS,,2.5732531547546387
1863,LIU_QUORUM,2.8,2.0,ea82a81fa5bb727e,0,7000.0,4.073090909090909,6.073090909090909,True,True,True,7000.0,4.073127272727273,6.073127272727273,True,True,True,7000.0,3.636363636427831e-05,3.636363636427831e-05,True,SUCCESS,,2.5434908866882324
1864,LIU_QUORUM,2.8,2.5,7da22e50b53d9da4,0,5600.0,4.073090909090909,6.573090909090909,True,True,True,5600.0,4.073127272727275,6.573127272727275,True,True,True,5600.0,3.6363636366054664e-05,3.6363636366054664e-05,True,SUCCESS,,2.530895233154297
1865,LIU_QUORUM,2.8,3.0,7a2c48f592b70696,0,4666.666666666667,4.073090909090909,7.073090909090909,True,True,True,4666.666666666667,4.073127272727275,7.073127272727275,True,True,True,4666.666666666667,3.6363636366054664e-05,3.6363636366054664e-05,True,SUCCESS,,2.4943950176239014
1866,LIU_QUORUM,2.8,3.5,b07bd366f4c057e4,0,4000.0,4.073090909090909,7.573090909090909,True,True,True,4000.0,4.073127272727275,7.573127272727275,True,True,True,4000.0,3.6363636366054664e-05,3.6363636366054664e-05,True,SUCCESS,,2.5205631256103516
1867,LIU_QUORUM,2.8,4.0,1d5faebe620b2ad4,0,3500.0,4.073090909090909,8.073090909090908,True,True,True,3500.0,4.073127272727273,8.073127272727273,True,True,True,3500.0,3.636363636427831e-05,3.6363636365166485e-05,True,SUCCESS,,2.5329103469848633
1868,LIU_QUORUM,2.8,4.5,28fda842fb35b74a,0,3111.1111111111113,4.073090909090909,8.573090909090908,True,True,True,3111.1111111111113,4.07312727272727,8.57312727272727,True,True,True,3111.1111111111113,3.636363636072559e-05,3.636363636161377e-05,True,SUCCESS,,2.522538423538208
1869,LIU_QUORUM,2.8,5.0,ee76ca5edbeab64c,0,2800.0,4.073090909090909,9.073090909090908,True,True,True,2800.0,4.07312727272727,9.07312727272727,True,True,True,2800.0,3.636363636072559e-05,3.636363636161377e-05,True,SUCCESS,,2.520371198654175
1870,LIU_QUORUM,2.8,5.5,3c11999e0347e95c,0,2545.4545454545455,4.073090909090909,9.573090909090908,True,True,True,2545.4545454545455,4.07312727272727,9.57312727272727,True,True,True,2545.4545454545455,3.636363636072559e-05,3.636363636161377e-05,True,SUCCESS,,2.5229921340942383
1871,LIU_QUORUM,2.8,6.0,1cf3a58947417101,0,2333.3333333333335,4.073090909090909,10.073090909090908,True,True,True,2333.3333333333335,4.07312727272727,10.07312727272727,True,True,True,2333.3333333333335,3.636363636072559e-05,3.636363636161377e-05,True,SUCCESS,,2.5286788940429688
1872,LIU_QUORUM,2.8,6.5,8698640dbf038f01,0,2153.846153846154,4.073090909090909,10.573090909090908,True,True,True,2153.846153846154,4.07312727272727,10.57312727272727,True,True,True,2153.846153846154,3.636363636072559e-05,3.636363636161377e-05,True,SUCCESS,,2.5030648708343506
1873,LIU_QUORUM,2.8,7.0,490f9c4f117fc4a1,0,2000.0,4.073090909090909,11.073090909090908,True,True,True,2000.0,4.07312727272727,11.07312727272727,True,True,True,2000.0,3.636363636072559e-05,3.636363636161377e-05,True,SUCCESS,,2.557318925857544
1874,LIU_QUORUM,2.8,7.5,b68274258b0d0782,0,1866.6666666666667,4.073090909090909,11.573090909090908,True,True,True,1866.6666666666667,4.07312727272727,11.57312727272727,True,True,True,1866.6666666666667,3.636363636072559e-05,3.636363636161377e-05,True,SUCCESS,,2.6632368564605713
1875,LIU_QUORUM,2.8,8.0,b06201d68694c03a,0,1750.0,4.073090909090909,12.073090909090908,True,True,True,1750.0,4.07312727272727,12.07312727272727,True,True,True,1750.0,3.636363636072559e-05,3.636363636161377e-05,True,SUCCESS,,2.5156898498535156
1876,LIU_QUORUM,2.8,8.5,87b7797a996053b7,0,1647.0588235294117,4.073090909090909,12.573090909090908,True,True,True,1647.0588235294117,4.07312727272727,12.57312727272727,True,True,True,1647.0588235294117,3.636363636072559e-05,3.636363636161377e-05,True,SUCCESS,,2.5008490085601807
1877,LIU_QUORUM,2.8,9.0,a74092475ce4df09,0,1555.5555555555557,4.073090909090909,13.073090909090908,True,True,True,1555.5555555555557,4.07312727272727,13.07312727272727,True,True,True,1555.5555555555557,3.636363636072559e-05,3.636363636161377e-05,True,SUCCESS,,2.5931880474090576
1878,LIU_QUORUM,2.8,9.5,e992515523948ccd,0,1473.6842105263158,4.073090909090909,13.573090909090908,True,True,True,1473.6842105263158,4.07312727272727,13.57312727272727,True,True,True,1473.6842105263158,3.636363636072559e-05,3.636363636161377e-05,True,SUCCESS,,2.5097873210906982
1879,LIU_QUORUM,2.8,10.0,9091757c2b52d813,0,1400.0,4.073090909090909,14.073090909090908,True,True,True,1400.0,4.07312727272727,14.07312727272727,True,True,True,1400.0,3.636363636072559e-05,3.636363636161377e-05,True,SUCCESS,,2.5620317459106445
1880,LIU_QUORUM,3.0,0.5,8685ab2637ace2e1,0,30000.0,4.364,4.864,True,False,True,0.0,4.364036363636364,4.864036363636364,True,False,True,0.0,3.636363636427831e-05,3.636363636427831e-05,True,SUCCESS,,2.8041892051696777
1881,LIU_QUORUM,3.0,1.0,ec059c8bef944e43,0,15000.0,4.364,5.364,True,True,True,15000.0,4.364036363636364,5.364036363636364,True,True,True,15000.0,3.636363636427831e-05,3.636363636427831e-05,True,SUCCESS,,2.8332533836364746
1882,LIU_QUORUM,3.0,1.5,8a64b145d517d2af,0,10000.0,4.364,5.864,True,True,True,10000.0,4.364036363636364,5.864036363636364,True,True,True,10000.0,3.636363636427831e-05,3.636363636427831e-05,True,SUCCESS,,2.8420019149780273
1883,LIU_QUORUM,3.0,2.0,a593356e815e8eb1,0,7500.0,4.364,6.364,True,True,True,7500.0,4.364036363636364,6.364036363636364,True,True,True,7500.0,3.636363636427831e-05,3.636363636427831e-05,True,SUCCESS,,2.7546396255493164
1884,LIU_QUORUM,3.0,2.5,cef3fbd138a5f498,0,6000.0,4.364,6.864,True,True,True,6000.0,4.364036363636364,6.864036363636364,True,True,True,6000.0,3.636363636427831e-05,3.636363636427831e-05,True,SUCCESS,,2.8340916633605957
1885,LIU_QUORUM,3.0,3.0,3416dda2e1452f51,0,5000.0,4.364,7.364,True,True,True,5000.0,4.364036363636362,7.364036363636362,True,True,True,5000.0,3.636363636250195e-05,3.636363636250195e-05,True,SUCCESS,,2.7626092433929443
1886,LIU_QUORUM,3.0,3.5,a50c0a69b251078b,0,4285.714285714285,4.364,7.864,True,True,True,4285.714285714285,4.364036363636362,7.864036363636362,True,True,True,4285.714285714285,3.636363636250195e-05,3.636363636250195e-05,True,SUCCESS,,2.7313482761383057
1887,LIU_QUORUM,3.0,4.0,9980aee3b93136cc,0,3750.0,4.364,8.364,True,True,True,3750.0,4.364036363636364,8.364036363636364,True,True,True,3750.0,3.636363636427831e-05,3.636363636339013e-05,True,SUCCESS,,2.773499011993408
1888,LIU_QUORUM,3.0,4.5,73389688798d25a1,0,3333.3333333333335,4.364,8.864,True,True,True,3333.3333333333335,4.364036363636364,8.864036363636364,True,True,True,3333.3333333333335,3.636363636427831e-05,3.636363636339013e-05,True,SUCCESS,,2.7954769134521484
1889,LIU_QUORUM,3.0,5.0,1367acc7e9a50e42,0,3000.0,4.364,9.364,True,True,True,3000.0,4.364036363636362,9.364036363636362,True,True,True,3000.0,3.636363636250195e-05,3.636363636161377e-05,True,SUCCESS,,2.7350056171417236
1890,LIU_QUORUM,3.0,5.5,838e29d59a830fb7,0,2727.2727272727275,4.364,9.864,True,True,True,2727.2727272727275,4.364036363636362,9.864036363636362,True,True,True,2727.2727272727275,3.636363636250195e-05,3.636363636161377e-05,True,SUCCESS,,2.819478750228882
1891,LIU_QUORUM,3.0,6.0,4e07adea479bde89,0,2500.0,4.364,10.364,True,True,True,2500.0,4.364036363636359,10.364036363636359,True,True,True,2500.0,3.6363636358949236e-05,3.636363635806106e-05,True,SUCCESS,,2.751901865005493
1892,LIU_QUORUM,3.0,6.5,9d7719b28c4898a2,0,2307.6923076923076,4.364,10.864,True,True,True,2307.6923076923076,4.364036363636359,10.864036363636359,True,True,True,2307.6923076923076,3.6363636358949236e-05,3.636363635806106e-05,True,SUCCESS,,2.7664108276367188
1893,LIU_QUORUM,3.0,7.0,8afae0cdaf743544,0,2142.8571428571427,4.364,11.364,True,True,True,2142.8571428571427,4.364036363636359,11.364036363636359,True,True,True,2142.8571428571427,3.6363636358949236e-05,3.636363635806106e-05,True,SUCCESS,,2.760762929916382
1894,LIU_QUORUM,3.0,7.5,321da1e405f3649e,0,2000.0,4.364,11.864,True,True,True,2000.0,4.364036363636359,11.864036363636359,True,True,True,2000.0,3.6363636358949236e-05,3.636363635806106e-05,True,SUCCESS,,2.8009653091430664
1895,LIU_QUORUM,3.0,8.0,4ee043a2a5cdc99f,0,1875.0,4.364,12.364,True,True,True,1875.0,4.364036363636359,12.364036363636359,True,True,True,1875.0,3.6363636358949236e-05,3.636363635806106e-05,True,SUCCESS,,2.793076515197754
1896,LIU_QUORUM,3.0,8.5,a30298855b9887c0,0,1764.7058823529412,4.364,12.864,True,True,True,1764.7058823529412,4.364036363636359,12.864036363636359,True,True,True,1764.7058823529412,3.6363636358949236e-05,3.636363635806106e-05,True,SUCCESS,,2.792508125305176
1897,LIU_QUORUM,3.0,9.0,18127ccced776a60,0,1666.6666666666667,4.364,13.364,True,True,True,1666.6666666666667,4.364036363636359,13.364036363636359,True,True,True,1666.6666666666667,3.6363636358949236e-05,3.636363635806106e-05,True,SUCCESS,,2.8322336673736572
1898,LIU_QUORUM,3.0,9.5,4ab5ec0b8d1d6b26,0,1578.9473684210527,4.364,13.864,True,True,True,1578.9473684210527,4.364036363636359,13.864036363636359,True,True,True,1578.9473684210527,3.6363636358949236e-05,3.636363635806106e-05,True,SUCCESS,,2.711434841156006
1899,LIU_QUORUM,3.0,10.0,d8dac7e00e8776f7,0,1500.0,4.364,14.364,True,True,True,1500.0,4.364036363636359,14.364036363636359,True,True,True,1500.0,3.6363636358949236e-05,3.636363635806106e-05,True,SUCCESS,,2.793652296066284
1900,LIU_QUORUM,3.2,0.5,0af967400500c6c9,0,32000.0,4.654909090909092,5.154909090909092,True,False,True,0.0,4.654945454545457,5.154945454545457,True,False,True,0.0,3.6363636365166485e-05,3.6363636365166485e-05,True,SUCCESS,,3.06302547454834
1901,LIU_QUORUM,3.2,1.0,725d886aed438a62,0,16000.0,4.654909090909092,5.654909090909092,True,True,True,16000.0,4.654945454545457,5.654945454545457,True,True,True,16000.0,3.6363636365166485e-05,3.6363636365166485e-05,True,SUCCESS,,2.913455009460449
1902,LIU_QUORUM,3.2,1.5,9cf4b62b4f60e337,0,10666.666666666666,4.654909090909092,6.154909090909092,True,True,True,10666.666666666666,4.654945454545457,6.154945454545457,True,True,True,10666.666666666666,3.6363636365166485e-05,3.6363636365166485e-05,True,SUCCESS,,2.959434747695923
1903,LIU_QUORUM,3.2,2.0,a96eecf8a69fcc10,0,8000.0,4.654909090909092,6.654909090909092,True,True,True,8000.0,4.654945454545457,6.654945454545457,True,True,True,8000.0,3.6363636365166485e-05,3.6363636365166485e-05,True,SUCCESS,,2.983818531036377
1904,LIU_QUORUM,3.2,2.5,5353fbb0fe116810,0,6400.0,4.654909090909092,7.154909090909092,True,True,True,6400.0,4.654945454545457,7.154945454545457,True,True,True,6400.0,3.6363636365166485e-05,3.6363636365166485e-05,True,SUCCESS,,2.9336259365081787
1905,LIU_QUORUM,3.2,3.0,6a07fa7c5629df99,0,5333.333333333333,4.654909090909092,7.654909090909092,True,True,True,5333.333333333333,4.654945454545455,7.654945454545455,True,True,True,5333.333333333333,3.636363636339013e-05,3.636363636339013e-05,True,SUCCESS,,3.0418453216552734
1906,LIU_QUORUM,3.2,3.5,d2f6cb7350d5140d,0,4571.428571428572,4.654909090909092,8.154909090909092,True,True,True,4571.428571428572,4.654945454545457,8.154945454545457,True,True,True,4571.428571428572,3.6363636365166485e-05,3.6363636365166485e-05,True,SUCCESS,,2.938577890396118
1907,LIU_QUORUM,3.2,4.0,c60d93209d315b37,0,4000.0,4.654909090909092,8.654909090909092,True,True,True,4000.0,4.654945454545453,8.654945454545453,True,True,True,4000.0,3.636363636161377e-05,3.636363636161377e-05,True,SUCCESS,,2.9496049880981445
1908,LIU_QUORUM,3.2,4.5,e7168fd0851eed7e,0,3555.5555555555557,4.654909090909092,9.154909090909092,True,True,True,3555.5555555555557,4.654945454545453,9.154945454545453,True,True,True,3555.5555555555557,3.636363636161377e-05,3.636363636161377e-05,True,SUCCESS,,3.1529080867767334
1909,LIU_QUORUM,3.2,5.0,063f9c197f61ec24,0,3200.0,4.654909090909092,9.654909090909092,True,True,True,3200.0,4.654945454545455,9.654945454545455,True,True,True,3200.0,3.636363636339013e-05,3.636363636339013e-05,True,SUCCESS,,3.0239198207855225
1910,LIU_QUORUM,3.2,5.5,37b1b1c6c241dabb,0,2909.090909090909,4.654909090909092,10.154909090909092,True,True,True,2909.090909090909,4.654945454545455,10.154945454545455,True,True,True,2909.090909090909,3.636363636339013e-05,3.636363636339013e-05,True,SUCCESS,,3.0393404960632324
1911,LIU_QUORUM,3.2,6.0,7fc476144d3f1003,0,2666.6666666666665,4.654909090909092,10.654909090909092,True,True,True,2666.6666666666665,4.654945454545455,10.654945454545455,True,True,True,2666.6666666666665,3.636363636339013e-05,3.636363636339013e-05,True,SUCCESS,,3.022120952606201
1912,LIU_QUORUM,3.2,6.5,28bf0f09aaa6cf70,0,2461.5384615384614,4.654909090909092,11.154909090909092,True,True,True,2461.5384615384614,4.654945454545455,11.154945454545455,True,True,True,2461.5384615384614,3.636363636339013e-05,3.636363636339013e-05,True,SUCCESS,,2.92581844329834
1913,LIU_QUORUM,3.2,7.0,52561e383dfffd6a,0,2285.714285714286,4.654909090909092,11.654909090909092,True,True,True,2285.714285714286,4.654945454545455,11.654945454545455,True,True,True,2285.714285714286,3.636363636339013e-05,3.636363636339013e-05,True,SUCCESS,,3.0213849544525146
1914,LIU_QUORUM,3.2,7.5,032512fc130ffa05,0,2133.3333333333335,4.654909090909092,12.154909090909092,True,True,True,2133.3333333333335,4.654945454545455,12.154945454545455,True,True,True,2133.3333333333335,3.636363636339013e-05,3.636363636339013e-05,True,SUCCESS,,3.035437822341919
1915,LIU_QUORUM,3.2,8.0,88a073050d65334d,0,2000.0,4.654909090909092,12.654909090909092,True,True,True,2000.0,4.654945454545455,12.654945454545455,True,True,True,2000.0,3.636363636339013e-05,3.636363636339013e-05,True,SUCCESS,,3.0343635082244873
1916,LIU_QUORUM,3.2,8.5,1337f7881d2e4112,0,1882.3529411764705,4.654909090909092,13.154909090909092,True,True,True,1882.3529411764705,4.654945454545455,13.154945454545455,True,True,True,1882.3529411764705,3.636363636339013e-05,3.636363636339013e-05,True,SUCCESS,,3.031450033187866
1917,LIU_QUORUM,3.2,9.0,1fdd1b69903c455c,0,1777.7777777777778,4.654909090909092,13.654909090909092,True,True,True,1777.7777777777778,4.654945454545455,13.654945454545455,True,True,True,1777.7777777777778,3.636363636339013e-05,3.636363636339013e-05,True,SUCCESS,,2.9774770736694336
1918,LIU_QUORUM,3.2,9.5,3d5ef8f8ecb08b8a,0,1684.2105263157894,4.654909090909092,14.154909090909092,True,True,True,1684.2105263157894,4.654945454545455,14.154945454545455,True,True,True,1684.2105263157894,3.636363636339013e-05,3.636363636339013e-05,True,SUCCESS,,2.963684320449829
1919,LIU_QUORUM,3.2,10.0,2a3a85263ef7d087,0,1600.0,4.654909090909092,14.654909090909092,True,True,True,1600.0,4.654945454545455,14.654945454545455,True,True,True,1600.0,3.636363636339013e-05,3.636363636339013e-05,True,SUCCESS,,2.9936463832855225
1920,LIU_QUORUM,3.4,0.5,68c35191955e4bde,0,34000.0,4.945818181818182,5.445818181818182,True,False,True,0.0,4.945854545454546,5.445854545454546,True,False,True,0.0,3.636363636427831e-05,3.636363636427831e-05,True,SUCCESS,,3.271022081375122
1921,LIU_QUORUM,3.4,1.0,e0c0166366c03afe,0,17000.0,4.945818181818182,5.945818181818182,True,True,True,17000.0,4.945854545454546,5.945854545454546,True,True,True,17000.0,3.636363636427831e-05,3.636363636427831e-05,True,SUCCESS,,3.2574141025543213
1922,LIU_QUORUM,3.4,1.5,fdddeee1d5701c26,0,11333.333333333334,4.945818181818182,6.445818181818182,True,True,True,11333.333333333334,4.945854545454546,6.445854545454546,True,True,True,11333.333333333334,3.636363636427831e-05,3.636363636427831e-05,True,SUCCESS,,3.201122999191284
1923,LIU_QUORUM,3.4,2.0,63ebd6d57e9ebdd5,0,8500.0,4.945818181818182,6.945818181818182,True,True,True,8500.0,4.945854545454546,6.945854545454546,True,True,True,8500.0,3.636363636427831e-05,3.636363636427831e-05,True,SUCCESS,,3.292520046234131
1924,LIU_QUORUM,3.4,2.5,bf0b96ffbf480078,0,6800.0,4.945818181818182,7.445818181818182,True,True,True,6800.0,4.945854545454548,7.445854545454548,True,True,True,6800.0,3.6363636366054664e-05,3.6363636366054664e-05,True,SUCCESS,,3.1627275943756104
1925,LIU_QUORUM,3.4,3.0,f40bf55ac8688aaa,0,5666.666666666667,4.945818181818182,7.945818181818182,True,True,True,5666.666666666667,4.945854545454548,7.945854545454548,True,True,True,5666.666666666667,3.6363636366054664e-05,3.6363636366054664e-05,True,SUCCESS,,3.3220067024230957
1926,LIU_QUORUM,3.4,3.5,d4748dce82b5f771,0,4857.142857142857,4.945818181818182,8.445818181818183,True,True,True,4857.142857142857,4.945854545454544,8.445854545454544,True,True,True,4857.142857142857,3.636363636250195e-05,3.636363636161377e-05,True,SUCCESS,,3.2418551445007324
1927,LIU_QUORUM,3.4,4.0,cc62f2fbce5b56a6,0,4250.0,4.945818181818182,8.945818181818183,True,True,True,4250.0,4.945854545454544,8.945854545454544,True,True,True,4250.0,3.636363636250195e-05,3.636363636161377e-05,True,SUCCESS,,3.2923073768615723
1928,LIU_QUORUM,3.4,4.5,2d5cb526ad77c4af,0,3777.777777777778,4.945818181818182,9.445818181818183,True,True,True,3777.777777777778,4.945854545454544,9.445854545454544,True,True,True,3777.777777777778,3.636363636250195e-05,3.636363636161377e-05,True,SUCCESS,,3.1889524459838867
1929,LIU_QUORUM,3.4,5.0,819352d77656f67f,0,3400.0,4.945818181818182,9.945818181818183,True,True,True,3400.0,4.945854545454544,9.945854545454544,True,True,True,3400.0,3.636363636250195e-05,3.636363636161377e-05,True,SUCCESS,,3.2054615020751953
1930,LIU_QUORUM,3.4,5.5,9a57d4a7155d6f89,0,3090.909090909091,4.945818181818182,10.445818181818183,True,True,True,3090.909090909091,4.945854545454544,10.445854545454544,True,True,True,3090.909090909091,3.636363636250195e-05,3.636363636161377e-05,True,SUCCESS,,3.2120704650878906
1931,LIU_QUORUM,3.4,6.0,e88fd4896d3e1162,0,2833.3333333333335,4.945818181818182,10.945818181818183,True,True,True,2833.3333333333335,4.945854545454544,10.945854545454544,True,True,True,2833.3333333333335,3.636363636250195e-05,3.636363636161377e-05,True,SUCCESS,,3.2529430389404297
1932,LIU_QUORUM,3.4,6.5,54d2aaec1721f66d,0,2615.3846153846152,4.945818181818182,11.445818181818183,True,True,True,2615.3846153846152,4.945854545454544,11.445854545454544,True,True,True,2615.3846153846152,3.636363636250195e-05,3.636363636161377e-05,True,SUCCESS,,3.1678733825683594
1933,LIU_QUORUM,3.4,7.0,98ecad9528398616,0,2428.5714285714284,4.945818181818182,11.945818181818183,True,True,True,2428.5714285714284,4.945854545454544,11.945854545454544,True,True,True,2428.5714285714284,3.636363636250195e-05,3.636363636161377e-05,True,SUCCESS,,3.354043960571289
1934,LIU_QUORUM,3.4,7.5,48e403bb63ee2d11,0,2266.6666666666665,4.945818181818182,12.445818181818183,True,True,True,2266.6666666666665,4.945854545454544,12.445854545454544,True,True,True,2266.6666666666665,3.636363636250195e-05,3.636363636161377e-05,True,SUCCESS,,3.1847071647644043
1935,LIU_QUORUM,3.4,8.0,02b0e62bd593cfef,0,2125.0,4.945818181818182,12.945818181818183,True,True,True,2125.0,4.945854545454544,12.945854545454544,True,True,True,2125.0,3.636363636250195e-05,3.636363636161377e-05,True,SUCCESS,,3.2210898399353027
1936,LIU_QUORUM,3.4,8.5,7f5faf4ce819b4ac,0,2000.0,4.945818181818182,13.445818181818183,True,True,True,2000.0,4.945854545454544,13.445854545454544,True,True,True,2000.0,3.636363636250195e-05,3.636363636161377e-05,True,SUCCESS,,3.214128017425537
1937,LIU_QUORUM,3.4,9.0,9a77254013e4f7a7,0,1888.888888888889,4.945818181818182,13.945818181818183,True,True,True,1888.888888888889,4.945854545454544,13.945854545454544,True,True,True,1888.888888888889,3.636363636250195e-05,3.636363636161377e-05,True,SUCCESS,,3.234940767288208
1938,LIU_QUORUM,3.4,9.5,02c383f031f1f4fa,0,1789.4736842105262,4.945818181818182,14.445818181818183,True,True,True,1789.4736842105262,4.945854545454544,14.445854545454544,True,True,True,1789.4736842105262,3.636363636250195e-05,3.636363636161377e-05,True,SUCCESS,,3.22182559967041
1939,LIU_QUORUM,3.4,10.0,74da3d8a79da6a55,0,1700.0,4.945818181818182,14.945818181818183,True,True,True,1700.0,4.945854545454544,14.945854545454544,True,True,True,1700.0,3.636363636250195e-05,3.636363636161377e-05,True,SUCCESS,,3.2432360649108887
1940,LIU_QUORUM,3.6,0.5,316842223d5ecdca,0,36000.0,5.236727272727273,5.736727272727273,True,False,True,0.0,5.236763636363637,5.736763636363637,True,False,True,0.0,3.636363636427831e-05,3.636363636427831e-05,True,SUCCESS,,3.3821239471435547
1941,LIU_QUORUM,3.6,1.0,eabf52e2ad48a849,0,18000.0,5.236727272727273,6.236727272727273,True,False,True,0.0,5.236763636363637,6.236763636363637,True,False,True,0.0,3.636363636427831e-05,3.636363636427831e-05,True,SUCCESS,,3.4133081436157227
1942,LIU_QUORUM,3.6,1.5,e2db042c1dfe6da5,0,12000.0,5.236727272727273,6.736727272727273,True,True,True,12000.0,5.236763636363637,6.736763636363637,True,True,True,12000.0,3.636363636427831e-05,3.636363636427831e-05,True,SUCCESS,,3.3450684547424316
1943,LIU_QUORUM,3.6,2.0,c0df6b6e1111e540,0,9000.0,5.236727272727273,7.236727272727273,True,True,True,9000.0,5.236763636363637,7.236763636363637,True,True,True,9000.0,3.636363636427831e-05,3.636363636427831e-05,True,SUCCESS,,3.4439146518707275
1944,LIU_QUORUM,3.6,2.5,6f2324ddd65e8d6f,0,7200.0,5.236727272727273,7.736727272727273,True,True,True,7200.0,5.236763636363637,7.736763636363637,True,True,True,7200.0,3.636363636427831e-05,3.636363636427831e-05,True,SUCCESS,,3.3533716201782227
1945,LIU_QUORUM,3.6,3.0,898d366367884c2e,0,6000.0,5.236727272727273,8.236727272727272,True,True,True,6000.0,5.236763636363637,8.236763636363637,True,True,True,6000.0,3.636363636427831e-05,3.6363636365166485e-05,True,SUCCESS,,3.3779709339141846
1946,LIU_QUORUM,3.6,3.5,804052eab2ce1e23,0,5142.857142857143,5.236727272727273,8.736727272727272,True,True,True,5142.857142857143,5.236763636363634,8.736763636363634,True,True,True,5142.857142857143,3.636363636072559e-05,3.636363636161377e-05,True,SUCCESS,,3.3251020908355713
1947,LIU_QUORUM,3.6,4.0,fb464339f99360ea,0,4500.0,5.236727272727273,9.236727272727272,True,True,True,4500.0,5.236763636363634,9.236763636363634,True,True,True,4500.0,3.636363636072559e-05,3.636363636161377e-05,True,SUCCESS,,3.3232717514038086
1948,LIU_QUORUM,3.6,4.5,36343bf767dc88f3,0,4000.0,5.236727272727273,9.736727272727272,True,True,True,4000.0,5.236763636363634,9.736763636363634,True,True,True,4000.0,3.636363636072559e-05,3.636363636161377e-05,True,SUCCESS,,3.47204327583313
1949,LIU_QUORUM,3.6,5.0,c56adf5936acec02,0,3600.0,5.236727272727273,10.236727272727272,True,True,True,3600.0,5.236763636363634,10.236763636363634,True,True,True,3600.0,3.636363636072559e-05,3.636363636161377e-05,True,SUCCESS,,3.3589742183685303
1950,LIU_QUORUM,3.6,5.5,52b9aa65fc08e29b,0,3272.7272727272725,5.236727272727273,10.736727272727272,True,True,True,3272.7272727272725,5.236763636363634,10.736763636363634,True,True,True,3272.7272727272725,3.636363636072559e-05,3.636363636161377e-05,True,SUCCESS,,3.305039405822754
1951,LIU_QUORUM,3.6,6.0,b94d4fdae8c75388,0,3000.0,5.236727272727273,11.236727272727272,True,True,True,3000.0,5.236763636363634,11.236763636363634,True,True,True,3000.0,3.636363636072559e-05,3.636363636161377e-05,True,SUCCESS,,3.394451379776001
1952,LIU_QUORUM,3.6,6.5,7e6f2476757a1444,0,2769.230769230769,5.236727272727273,11.736727272727272,True,True,True,2769.230769230769,5.236763636363634,11.736763636363634,True,True,True,2769.230769230769,3.636363636072559e-05,3.636363636161377e-05,True,SUCCESS,,3.414119005203247
1953,LIU_QUORUM,3.6,7.0,4102d184c8d372ea,0,2571.4285714285716,5.236727272727273,12.236727272727272,True,True,True,2571.4285714285716,5.236763636363634,12.236763636363634,True,True,True,2571.4285714285716,3.636363636072559e-05,3.636363636161377e-05,True,SUCCESS,,3.351299285888672
1954,LIU_QUORUM,3.6,7.5,6d8ed9a69a9828c8,0,2400.0,5.236727272727273,12.736727272727272,True,True,True,2400.0,5.236763636363634,12.736763636363634,True,True,True,2400.0,3.636363636072559e-05,3.636363636161377e-05,True,SUCCESS,,3.3475780487060547
1955,LIU_QUORUM,3.6,8.0,3c701677bb6fb5ee,0,2250.0,5.236727272727273,13.236727272727272,True,True,True,2250.0,5.236763636363634,13.236763636363634,True,True,True,2250.0,3.636363636072559e-05,3.636363636161377e-05,True,SUCCESS,,3.4494669437408447
1956,LIU_QUORUM,3.6,8.5,af6a514f246faeba,0,2117.6470588235293,5.236727272727273,13.736727272727272,True,True,True,2117.6470588235293,5.236763636363634,13.736763636363634,True,True,True,2117.6470588235293,3.636363636072559e-05,3.636363636161377e-05,True,SUCCESS,,3.374039649963379
1957,LIU_QUORUM,3.6,9.0,c1f4085905d10102,0,2000.0,5.236727272727273,14.236727272727272,True,True,True,2000.0,5.236763636363634,14.236763636363634,True,True,True,2000.0,3.636363636072559e-05,3.636363636161377e-05,True,SUCCESS,,3.381765604019165
1958,LIU_QUORUM,3.6,9.5,3164f5c0aa88d054,0,1894.7368421052631,5.236727272727273,14.736727272727272,True,True,True,1894.7368421052631,5.236763636363634,14.736763636363634,True,True,True,1894.7368421052631,3.636363636072559e-05,3.636363636161377e-05,True,SUCCESS,,3.320913314819336
1959,LIU_QUORUM,3.6,10.0,b6058606a62cb058,0,1800.0,5.236727272727273,15.236727272727272,True,True,True,1800.0,5.236763636363634,15.236763636363634,True,True,True,1800.0,3.636363636072559e-05,3.636363636161377e-05,True,SUCCESS,,3.365593194961548
1960,LIU_QUORUM,3.8,0.5,529b3685e7248459,0,38000.0,5.527636363636364,6.027636363636364,True,False,True,0.0,5.527672727272728,6.027672727272728,True,False,True,0.0,3.636363636427831e-05,3.636363636427831e-05,True,SUCCESS,,3.6170244216918945
1961,LIU_QUORUM,3.8,1.0,7c4f1faee362d944,0,19000.0,5.527636363636364,6.527636363636364,True,False,True,0.0,5.527672727272728,6.527672727272728,True,False,True,0.0,3.636363636427831e-05,3.636363636427831e-05,True,SUCCESS,,3.712372303009033
1962,LIU_QUORUM,3.8,1.5,b920ec099e4e8677,0,12666.666666666666,5.527636363636364,7.027636363636364,True,True,True,12666.666666666666,5.527672727272726,7.027672727272726,True,True,True,12666.666666666666,3.636363636250195e-05,3.636363636250195e-05,True,SUCCESS,,3.6654324531555176
1963,LIU_QUORUM,3.8,2.0,75c18cd76961c30b,0,9500.0,5.527636363636364,7.527636363636364,True,True,True,9500.0,5.527672727272726,7.527672727272726,True,True,True,9500.0,3.636363636250195e-05,3.636363636250195e-05,True,SUCCESS,,3.6429662704467773
1964,LIU_QUORUM,3.8,2.5,2311b693c511c94c,0,7600.0,5.527636363636364,8.027636363636365,True,True,True,7600.0,5.527672727272726,8.027672727272726,True,True,True,7600.0,3.636363636250195e-05,3.636363636161377e-05,True,SUCCESS,,3.7206618785858154
1965,LIU_QUORUM,3.8,3.0,431f7bacfdd0d040,0,6333.333333333333,5.527636363636364,8.527636363636365,True,True,True,6333.333333333333,5.527672727272726,8.527672727272726,True,True,True,6333.333333333333,3.636363636250195e-05,3.636363636161377e-05,True,SUCCESS,,3.7519333362579346
1966,LIU_QUORUM,3.8,3.5,0a9bcb60656ae0e3,0,5428.571428571428,5.527636363636364,9.027636363636365,True,True,True,5428.571428571428,5.527672727272726,9.027672727272726,True,True,True,5428.571428571428,3.636363636250195e-05,3.636363636161377e-05,True,SUCCESS,,3.6057214736938477
1967,LIU_QUORUM,3.8,4.0,ca4071c30e276086,0,4750.0,5.527636363636364,9.527636363636365,True,True,True,4750.0,5.527672727272726,9.527672727272726,True,True,True,4750.0,3.636363636250195e-05,3.636363636161377e-05,True,SUCCESS,,3.6001179218292236
1968,LIU_QUORUM,3.8,4.5,e202aeb5325b63db,0,4222.222222222223,5.527636363636364,10.027636363636365,True,True,True,4222.222222222223,5.527672727272726,10.027672727272726,True,True,True,4222.222222222223,3.636363636250195e-05,3.636363636161377e-05,True,SUCCESS,,3.578275203704834
1969,LIU_QUORUM,3.8,5.0,3ce69a8849813f4a,0,3800.0,5.527636363636364,10.527636363636365,True,True,True,3800.0,5.527672727272726,10.527672727272726,True,True,True,3800.0,3.636363636250195e-05,3.636363636161377e-05,True,SUCCESS,,3.691903829574585
1970,LIU_QUORUM,3.8,5.5,599e886bd4a00f13,0,3454.5454545454545,5.527636363636364,11.027636363636365,True,True,True,3454.5454545454545,5.527672727272726,11.027672727272726,True,True,True,3454.5454545454545,3.636363636250195e-05,3.636363636161377e-05,True,SUCCESS,,3.5878891944885254
1971,LIU_QUORUM,3.8,6.0,463ceb3e041e611a,0,3166.6666666666665,5.527636363636364,11.527636363636365,True,True,True,3166.6666666666665,5.527672727272726,11.527672727272726,True,True,True,3166.6666666666665,3.636363636250195e-05,3.636363636161377e-05,True,SUCCESS,,3.7446396350860596
1972,LIU_QUORUM,3.8,6.5,f32379bc929ebe72,0,2923.076923076923,5.527636363636364,12.027636363636365,True,True,True,2923.076923076923,5.527672727272726,12.027672727272726,True,True,True,2923.076923076923,3.636363636250195e-05,3.636363636161377e-05,True,SUCCESS,,3.656334400177002
1973,LIU_QUORUM,3.8,7.0,f2ae541dd47d387b,0,2714.285714285714,5.527636363636364,12.527636363636365,True,True,True,2714.285714285714,5.527672727272726,12.527672727272726,True,True,True,2714.285714285714,3.636363636250195e-05,3.636363636161377e-05,True,SUCCESS,,3.6441259384155273
1974,LIU_QUORUM,3.8,7.5,8622ff70db8edd5a,0,2533.3333333333335,5.527636363636364,13.027636363636365,True,True,True,2533.3333333333335,5.527672727272726,13.027672727272726,True,True,True,2533.3333333333335,3.636363636250195e-05,3.636363636161377e-05,True,SUCCESS,,3.651432514190674
1975,LIU_QUORUM,3.8,8.0,312fd1cffa82a594,0,2375.0,5.527636363636364,13.527636363636365,True,True,True,2375.0,5.527672727272726,13.527672727272726,True,True,True,2375.0,3.636363636250195e-05,3.636363636161377e-05,True,SUCCESS,,3.596892833709717
1976,LIU_QUORUM,3.8,8.5,7e1599d992a66c61,0,2235.294117647059,5.527636363636364,14.027636363636365,True,True,True,2235.294117647059,5.527672727272726,14.027672727272726,True,True,True,2235.294117647059,3.636363636250195e-05,3.636363636161377e-05,True,SUCCESS,,3.616503953933716
1977,LIU_QUORUM,3.8,9.0,c87bf1f99f917227,0,2111.1111111111113,5.527636363636364,14.527636363636365,True,True,True,2111.1111111111113,5.527672727272726,14.527672727272726,True,True,True,2111.1111111111113,3.636363636250195e-05,3.636363636161377e-05,True,SUCCESS,,3.70987606048584
1978,LIU_QUORUM,3.8,9.5,fbbe55a74d2cb4a7,0,2000.0,5.527636363636364,15.027636363636365,True,True,True,2000.0,5.527672727272726,15.027672727272726,True,True,True,2000.0,3.636363636250195e-05,3.636363636161377e-05,True,SUCCESS,,3.565305471420288
1979,LIU_QUORUM,3.8,10.0,d05a0868d1dd676f,0,1900.0,5.527636363636364,15.527636363636365,True,True,True,1900.0,5.52767272727273,15.52767272727273,True,True,True,1900.0,3.6363636366054664e-05,3.6363636365166485e-05,True,SUCCESS,,3.611022710800171
1980,LIU_QUORUM,4.0,0.5,a900fb72f02c3af5,0,40000.0,5.818545454545455,6.318545454545455,True,False,True,0.0,5.818581818181819,6.318581818181819,True,False,True,0.0,3.636363636427831e-05,3.636363636427831e-05,True,SUCCESS,,3.828747510910034
1981,LIU_QUORUM,4.0,1.0,aa66b5ffc0589b17,0,20000.0,5.818545454545455,6.818545454545455,True,False,True,0.0,5.818581818181819,6.818581818181819,True,False,True,0.0,3.636363636427831e-05,3.636363636427831e-05,True,SUCCESS,,3.8746581077575684
1982,LIU_QUORUM,4.0,1.5,417780431218346d,0,13333.333333333334,5.818545454545455,7.318545454545455,True,True,True,13333.333333333334,5.818581818181819,7.318581818181819,True,True,True,13333.333333333334,3.636363636427831e-05,3.636363636427831e-05,True,SUCCESS,,3.7767765522003174
1983,LIU_QUORUM,4.0,2.0,31d007c4af32699a,0,10000.0,5.818545454545455,7.818545454545455,True,True,True,10000.0,5.818581818181819,7.818581818181819,True,True,True,10000.0,3.636363636427831e-05,3.636363636427831e-05,True,SUCCESS,,3.798677921295166
1984,LIU_QUORUM,4.0,2.5,7336b40cd9189255,0,8000.0,5.818545454545455,8.318545454545454,True,True,True,8000.0,5.818581818181819,8.31858181818182,True,True,True,8000.0,3.636363636427831e-05,3.6363636365166485e-05,True,SUCCESS,,3.820571184158325
1985,LIU_QUORUM,4.0,3.0,44d94c8442a3c2dc,0,6666.666666666667,5.818545454545455,8.818545454545454,True,True,True,6666.666666666667,5.818581818181819,8.81858181818182,True,True,True,6666.666666666667,3.636363636427831e-05,3.6363636365166485e-05,True,SUCCESS,,3.8669114112854004
1986,LIU_QUORUM,4.0,3.5,e3dfd2bbc03f672a,0,5714.285714285715,5.818545454545455,9.318545454545454,True,True,True,5714.285714285715,5.818581818181819,9.31858181818182,True,True,True,5714.285714285715,3.636363636427831e-05,3.6363636365166485e-05,True,SUCCESS,,3.7732605934143066
1987,LIU_QUORUM,4.0,4.0,6537934cfc4c8aa3,0,5000.0,5.818545454545455,9.818545454545454,True,True,True,5000.0,5.818581818181819,9.81858181818182,True,True,True,5000.0,3.636363636427831e-05,3.6363636365166485e-05,True,SUCCESS,,3.823185443878174
1988,LIU_QUORUM,4.0,4.5,5278b87e2bf3b641,0,4444.444444444444,5.818545454545455,10.318545454545454,True,True,True,4444.444444444444,5.818581818181819,10.31858181818182,True,True,True,4444.444444444444,3.636363636427831e-05,3.6363636365166485e-05,True,SUCCESS,,3.894097089767456
1989,LIU_QUORUM,4.0,5.0,d264e46ee598f88b,0,4000.0,5.818545454545455,10.818545454545454,True,True,True,4000.0,5.818581818181819,10.81858181818182,True,True,True,4000.0,3.636363636427831e-05,3.6363636365166485e-05,True,SUCCESS,,3.8593337535858154
1990,LIU_QUORUM,4.0,5.5,7c2d16cd84dd9fa4,0,3636.3636363636365,5.818545454545455,11.318545454545454,True,True,True,3636.3636363636365,5.818581818181819,11.31858181818182,True,True,True,3636.3636363636365,3.636363636427831e-05,3.6363636365166485e-05,True,SUCCESS,,3.7488958835601807
1991,LIU_QUORUM,4.0,6.0,a166fd4bbf090a2c,0,3333.3333333333335,5.818545454545455,11.818545454545454,True,True,True,3333.3333333333335,5.818581818181819,11.81858181818182,True,True,True,3333.3333333333335,3.636363636427831e-05,3.6363636365166485e-05,True,SUCCESS,,3.792480945587158
1992,LIU_QUORUM,4.0,6.5,7f339262d74a0223,0,3076.923076923077,5.818545454545455,12.318545454545454,True,True,True,3076.923076923077,5.818581818181819,12.31858181818182,True,True,True,3076.923076923077,3.636363636427831e-05,3.6363636365166485e-05,True,SUCCESS,,3.7464101314544678
1993,LIU_QUORUM,4.0,7.0,4d46be60ea21e5d1,0,2857.1428571428573,5.818545454545455,12.818545454545454,True,True,True,2857.1428571428573,5.818581818181819,12.81858181818182,True,True,True,2857.1428571428573,3.636363636427831e-05,3.6363636365166485e-05,True,SUCCESS,,3.8305037021636963
1994,LIU_QUORUM,4.0,7.5,3613093e8d5004ae,0,2666.6666666666665,5.818545454545455,13.318545454545454,True,True,True,2666.6666666666665,5.818581818181819,13.31858181818182,True,True,True,2666.6666666666665,3.636363636427831e-05,3.6363636365166485e-05,True,SUCCESS,,3.7921624183654785
1995,LIU_QUORUM,4.0,8.0,18f13ec9915eb3c1,0,2500.0,5.818545454545455,13.818545454545454,True,True,True,2500.0,5.818581818181819,13.81858181818182,True,True,True,2500.0,3.636363636427831e-05,3.6363636365166485e-05,True,SUCCESS,,3.8050427436828613
1996,LIU_QUORUM,4.0,8.5,423ad45b0ee82c93,0,2352.9411764705883,5.818545454545455,14.318545454545454,True,True,True,2352.9411764705883,5.818581818181819,14.31858181818182,True,True,True,2352.9411764705883,3.636363636427831e-05,3.6363636365166485e-05,True,SUCCESS,,3.8045434951782227
1997,LIU_QUORUM,4.0,9.0,c42828d0f973d881,0,2222.222222222222,5.818545454545455,14.818545454545454,True,True,True,2222.222222222222,5.818581818181819,14.81858181818182,True,True,True,2222.222222222222,3.636363636427831e-05,3.6363636365166485e-05,True,SUCCESS,,3.8675622940063477
1998,LIU_QUORUM,4.0,9.5,9ea0bfb7efcc5706,0,2105.2631578947367,5.818545454545455,15.318545454545454,True,True,True,2105.2631578947367,5.818581818181816,15.318581818181816,True,True,True,2105.2631578947367,3.636363636072559e-05,3.636363636161377e-05,True,SUCCESS,,3.7968590259552
1999,LIU_QUORUM,4.0,10.0,693ff68efbfc018a,0,2000.0,5.818545454545455,15.818545454545454,True,True,True,2000.0,5.818581818181816,15.818581818181816,True,True,True,2000.0,3.636363636072559e-05,3.636363636161377e-05,True,SUCCESS,,3.7763400077819824
2000,LIU_QUORUM,4.2,0.5,777c4438a4fc6462,0,42000.0,6.109454545454546,6.609454545454546,True,False,True,0.0,6.10949090909091,6.60949090909091,True,False,True,0.0,3.636363636427831e-05,3.636363636427831e-05,True,SUCCESS,,4.061591148376465
2001,LIU_QUORUM,4.2,1.0,51e22ddb76892e18,0,21000.0,6.109454545454546,7.109454545454546,True,False,True,0.0,6.10949090909091,7.10949090909091,True,False,True,0.0,3.636363636427831e-05,3.636363636427831e-05,True,SUCCESS,,4.110363721847534
2002,LIU_QUORUM,4.2,1.5,ea0f1f007b11f66e,0,14000.0,6.109454545454546,7.609454545454546,True,True,True,14000.0,6.10949090909091,7.60949090909091,True,True,True,14000.0,3.636363636427831e-05,3.636363636427831e-05,True,SUCCESS,,4.049390077590942
2003,LIU_QUORUM,4.2,2.0,86dad2c2a9a73e12,0,10500.0,6.109454545454546,8.109454545454547,True,True,True,10500.0,6.10949090909091,8.10949090909091,True,True,True,10500.0,3.636363636427831e-05,3.636363636339013e-05,True,SUCCESS,,4.040655851364136
2004,LIU_QUORUM,4.2,2.5,683189ffb65c9f86,0,8400.0,6.109454545454546,8.609454545454547,True,True,True,8400.0,6.10949090909091,8.60949090909091,True,True,True,8400.0,3.636363636427831e-05,3.636363636339013e-05,True,SUCCESS,,4.045593738555908
2005,LIU_QUORUM,4.2,3.0,5f9032c2488e0e22,0,7000.0,6.109454545454546,9.109454545454547,True,True,True,7000.0,6.10949090909091,9.10949090909091,True,True,True,7000.0,3.636363636427831e-05,3.636363636339013e-05,True,SUCCESS,,4.058775424957275
2006,LIU_QUORUM,4.2,3.5,1c10c21aae25baf7,0,6000.0,6.109454545454546,9.609454545454547,True,True,True,6000.0,6.109490909090908,9.609490909090908,True,True,True,6000.0,3.636363636250195e-05,3.636363636161377e-05,True,SUCCESS,,4.1120123863220215
2007,LIU_QUORUM,4.2,4.0,313aa676612cf597,0,5250.0,6.109454545454546,10.109454545454547,True,True,True,5250.0,6.109490909090908,10.109490909090908,True,True,True,5250.0,3.636363636250195e-05,3.636363636161377e-05,True,SUCCESS,,4.046705961227417
2008,LIU_QUORUM,4.2,4.5,97890a14937d0635,0,4666.666666666667,6.109454545454546,10.609454545454547,True,True,True,4666.666666666667,6.109490909090908,10.609490909090908,True,True,True,4666.666666666667,3.636363636250195e-05,3.636363636161377e-05,True,SUCCESS,,4.078775644302368
2009,LIU_QUORUM,4.2,5.0,f8fe143a39a66e01,0,4200.0,6.109454545454546,11.109454545454547,True,True,True,4200.0,6.109490909090908,11.109490909090908,True,True,True,4200.0,3.636363636250195e-05,3.636363636161377e-05,True,SUCCESS,,4.156441688537598
2010,LIU_QUORUM,4.2,5.5,3aaa5ad249ba0d6a,0,3818.181818181818,6.109454545454546,11.609454545454547,True,True,True,3818.181818181818,6.109490909090908,11.609490909090908,True,True,True,3818.181818181818,3.636363636250195e-05,3.636363636161377e-05,True,SUCCESS,,4.063234090805054
2011,LIU_QUORUM,4.2,6.0,efdd1e057d0b062f,0,3500.0,6.109454545454546,12.109454545454547,True,True,True,3500.0,6.109490909090908,12.109490909090908,True,True,True,3500.0,3.636363636250195e-05,3.636363636161377e-05,True,SUCCESS,,4.048109531402588
2012,LIU_QUORUM,4.2,6.5,be90b791c64937c7,0,3230.769230769231,6.109454545454546,12.609454545454547,True,True,True,3230.769230769231,6.109490909090908,12.609490909090908,True,True,True,3230.769230769231,3.636363636250195e-05,3.636363636161377e-05,True,SUCCESS,,4.058878421783447
2013,LIU_QUORUM,4.2,7.0,c37c84e69a94655f,0,3000.0,6.109454545454546,13.109454545454547,True,True,True,3000.0,6.109490909090908,13.109490909090908,True,True,True,3000.0,3.636363636250195e-05,3.636363636161377e-05,True,SUCCESS,,4.01744270324707
2014,LIU_QUORUM,4.2,7.5,48fde8f8f12295af,0,2800.0,6.109454545454546,13.609454545454547,True,True,True,2800.0,6.109490909090908,13.609490909090908,True,True,True,2800.0,3.636363636250195e-05,3.636363636161377e-05,True,SUCCESS,,4.29908299446106
2015,LIU_QUORUM,4.2,8.0,4849e977227ae0bc,0,2625.0,6.109454545454546,14.109454545454547,True,True,True,2625.0,6.109490909090908,14.109490909090908,True,True,True,2625.0,3.636363636250195e-05,3.636363636161377e-05,True,SUCCESS,,4.205061912536621
2016,LIU_QUORUM,4.2,8.5,bddfc8e780ff8749,0,2470.5882352941176,6.109454545454546,14.609454545454547,True,True,True,2470.5882352941176,6.109490909090908,14.609490909090908,True,True,True,2470.5882352941176,3.636363636250195e-05,3.636363636161377e-05,True,SUCCESS,,4.14072585105896
2017,LIU_QUORUM,4.2,9.0,540b08751b53b471,0,2333.3333333333335,6.109454545454546,15.109454545454547,True,True,True,2333.3333333333335,6.109490909090908,15.109490909090908,True,True,True,2333.3333333333335,3.636363636250195e-05,3.636363636161377e-05,True,SUCCESS,,4.110473155975342
2018,LIU_QUORUM,4.2,9.5,5c1de91eb5097554,0,2210.5263157894738,6.109454545454546,15.609454545454547,True,True,True,2210.5263157894738,6.109490909090908,15.609490909090908,True,True,True,2210.5263157894738,3.636363636250195e-05,3.636363636161377e-05,True,SUCCESS,,4.047699451446533
2019,LIU_QUORUM,4.2,10.0,f2dd97168a753205,0,2100.0,6.109454545454546,16.109454545454547,True,True,True,2100.0,6.109490909090908,16.10949090909091,True,True,True,2100.0,3.636363636250195e-05,3.636363636161377e-05,True,SUCCESS,,4.0440661907196045
2020,LIU_QUORUM,4.4,0.5,1212d4a2fff6ba9f,0,44000.0,6.400363636363637,6.900363636363637,True,False,True,0.0,6.400400000000001,6.900400000000001,True,False,True,0.0,3.636363636427831e-05,3.636363636427831e-05,True,SUCCESS,,4.267014026641846
2021,LIU_QUORUM,4.4,1.0,a0b9f05bd6c1cf11,0,22000.0,6.400363636363637,7.400363636363637,True,False,True,0.0,6.400400000000001,7.400400000000001,True,False,True,0.0,3.636363636427831e-05,3.636363636427831e-05,True,SUCCESS,,4.310529947280884
2022,LIU_QUORUM,4.4,1.5,3ec9f5509d8af7c7,0,14666.666666666666,6.400363636363637,7.900363636363637,True,True,True,14666.666666666666,6.400400000000001,7.900400000000001,True,True,True,14666.666666666666,3.636363636427831e-05,3.636363636427831e-05,True,SUCCESS,,4.314168691635132
2023,LIU_QUORUM,4.4,2.0,ff3a59c0bdead0e6,0,11000.0,6.400363636363637,8.400363636363636,True,True,True,11000.0,6.400399999999998,8.400399999999998,True,True,True,11000.0,3.636363636072559e-05,3.636363636161377e-05,True,SUCCESS,,4.239068031311035
2024,LIU_QUORUM,4.4,2.5,61fde264f5d2ac80,0,8800.0,6.400363636363637,8.900363636363636,True,True,True,8800.0,6.400399999999998,8.900399999999998,True,True,True,8800.0,3.636363636072559e-05,3.636363636161377e-05,True,SUCCESS,,4.237002372741699
2025,LIU_QUORUM,4.4,3.0,9e59c64934f78af7,0,7333.333333333333,6.400363636363637,9.400363636363636,True,True,True,7333.333333333333,6.400399999999998,9.400399999999998,True,True,True,7333.333333333333,3.636363636072559e-05,3.636363636161377e-05,True,SUCCESS,,4.2620038986206055
2026,LIU_QUORUM,4.4,3.5,8a05d589131e2799,0,6285.714285714285,6.400363636363637,9.900363636363636,True,True,True,6285.714285714285,6.400399999999999,9.9004,True,True,True,6285.714285714285,3.636363636250195e-05,3.636363636339013e-05,True,SUCCESS,,4.225049734115601
2027,LIU_QUORUM,4.4,4.0,83f4e6db939f8034,0,5500.0,6.400363636363637,10.400363636363636,True,True,True,5500.0,6.400399999999998,10.400399999999998,True,True,True,5500.0,3.636363636072559e-05,3.636363636161377e-05,True,SUCCESS,,4.228564739227295
2028,LIU_QUORUM,4.4,4.5,e2e8ff1298959455,0,4888.888888888889,6.400363636363637,10.900363636363636,True,True,True,4888.888888888889,6.400399999999998,10.900399999999998,True,True,True,4888.888888888889,3.636363636072559e-05,3.636363636161377e-05,True,SUCCESS,,4.291859149932861
2029,LIU_QUORUM,4.4,5.0,85a64b5cbf66c6a1,0,4400.0,6.400363636363637,11.400363636363636,True,True,True,4400.0,6.400399999999998,11.400399999999998,True,True,True,4400.0,3.636363636072559e-05,3.636363636161377e-05,True,SUCCESS,,4.244627952575684
2030,LIU_QUORUM,4.4,5.5,ab4c462aba45afed,0,4000.0,6.400363636363637,11.900363636363636,True,True,True,4000.0,6.400399999999998,11.900399999999998,True,True,True,4000.0,3.636363636072559e-05,3.636363636161377e-05,True,SUCCESS,,4.272723197937012
2031,LIU_QUORUM,4.4,6.0,fd6f06f6dacac35d,0,3666.6666666666665,6.400363636363637,12.400363636363636,True,True,True,3666.6666666666665,6.400399999999998,12.400399999999998,True,True,True,3666.6666666666665,3.636363636072559e-05,3.636363636161377e-05,True,SUCCESS,,4.240877866744995
2032,LIU_QUORUM,4.4,6.5,594896324507ef7b,0,3384.6153846153848,6.400363636363637,12.900363636363636,True,True,True,3384.6153846153848,6.400399999999998,12.900399999999998,True,True,True,3384.6153846153848,3.636363636072559e-05,3.636363636161377e-05,True,SUCCESS,,5.19277286529541
2033,LIU_QUORUM,4.4,7.0,9e3b21a963153a5d,0,3142.8571428571427,6.400363636363637,13.400363636363636,True,True,True,3142.8571428571427,6.400399999999998,13.400399999999998,True,True,True,3142.8571428571427,3.636363636072559e-05,3.636363636161377e-05,True,SUCCESS,,5.505994081497192
2034,LIU_QUORUM,4.4,7.5,bfb35a5b5ff9df61,0,2933.3333333333335,6.400363636363637,13.900363636363636,True,True,True,2933.3333333333335,6.400399999999998,13.900399999999998,True,True,True,2933.3333333333335,3.636363636072559e-05,3.636363636161377e-05,True,SUCCESS,,4.901644706726074
2035,LIU_QUORUM,4.4,8.0,a39fd70c09e368ed,0,2750.0,6.400363636363637,14.400363636363636,True,True,True,2750.0,6.400399999999998,14.400399999999998,True,True,True,2750.0,3.636363636072559e-05,3.636363636161377e-05,True,SUCCESS,,4.462402105331421
2036,LIU_QUORUM,4.4,8.5,0711b0147f74a9f4,0,2588.235294117647,6.400363636363637,14.900363636363636,True,True,True,2588.235294117647,6.400400000000001,14.900400000000001,True,True,True,2588.235294117647,3.636363636427831e-05,3.6363636365166485e-05,True,SUCCESS,,4.329920530319214
2037,LIU_QUORUM,4.4,9.0,87d3fda9a69b970c,0,2444.4444444444443,6.400363636363637,15.400363636363636,True,True,True,2444.4444444444443,6.400399999999998,15.400399999999998,True,True,True,2444.4444444444443,3.636363636072559e-05,3.636363636161377e-05,True,SUCCESS,,4.334555625915527
2038,LIU_QUORUM,4.4,9.5,fda14c77b540651c,0,2315.7894736842104,6.400363636363637,15.900363636363636,True,True,True,2315.7894736842104,6.400399999999998,15.900399999999998,True,True,True,2315.7894736842104,3.636363636072559e-05,3.636363636161377e-05,True,SUCCESS,,4.263150453567505
2039,LIU_QUORUM,4.4,10.0,ed0db9f7fb054e8a,0,2200.0,6.400363636363637,16.400363636363636,True,True,True,2200.0,6.400400000000005,16.400400000000005,True,True,True,2200.0,3.636363636783102e-05,3.63636363687192e-05,True,SUCCESS,,4.4830546379089355
2040,LIU_QUORUM,4.6,0.5,833a1d17ae2f59ef,0,46000.0,6.691272727272727,7.191272727272727,True,False,True,0.0,6.69130909090909,7.19130909090909,True,False,True,0.0,3.636363636339013e-05,3.636363636339013e-05,True,SUCCESS,,4.493856430053711
2041,LIU_QUORUM,4.6,1.0,a5b4366f48ca193b,0,23000.0,6.691272727272727,7.691272727272727,True,False,True,0.0,6.691309090909092,7.691309090909092,True,False,True,0.0,3.6363636365166485e-05,3.6363636365166485e-05,True,SUCCESS,,4.590319871902466
2042,LIU_QUORUM,4.6,1.5,b8b710b1fed60b1d,0,15333.333333333334,6.691272727272727,8.191272727272727,True,True,True,15333.333333333334,6.691309090909092,8.191309090909092,True,True,True,15333.333333333334,3.6363636365166485e-05,3.6363636365166485e-05,True,SUCCESS,,4.505764007568359
2043,LIU_QUORUM,4.6,2.0,db28874fccdfaec7,0,11500.0,6.691272727272727,8.691272727272727,True,True,True,11500.0,6.691309090909089,8.691309090909089,True,True,True,11500.0,3.636363636161377e-05,3.636363636161377e-05,True,SUCCESS,,4.557550668716431
2044,LIU_QUORUM,4.6,2.5,ec489266696da3d4,0,9200.0,6.691272727272727,9.191272727272727,True,True,True,9200.0,6.691309090909089,9.191309090909089,True,True,True,9200.0,3.636363636161377e-05,3.636363636161377e-05,True,SUCCESS,,4.58213472366333
2045,LIU_QUORUM,4.6,3.0,e15fe6b8b481520f,0,7666.666666666667,6.691272727272727,9.691272727272727,True,True,True,7666.666666666667,6.691309090909089,9.691309090909089,True,True,True,7666.666666666667,3.636363636161377e-05,3.636363636161377e-05,True,SUCCESS,,4.596102237701416
2046,LIU_QUORUM,4.6,3.5,df3b11f1d06207d0,0,6571.428571428572,6.691272727272727,10.191272727272727,True,True,True,6571.428571428572,6.691309090909087,10.191309090909087,True,True,True,6571.428571428572,3.6363636359837415e-05,3.6363636359837415e-05,True,SUCCESS,,4.579829454421997
2047,LIU_QUORUM,4.6,4.0,6e3838b21a58a725,0,5750.0,6.691272727272727,10.691272727272727,True,True,True,5750.0,6.691309090909087,10.691309090909087,True,True,True,5750.0,3.6363636359837415e-05,3.6363636359837415e-05,True,SUCCESS,,4.548715829849243
2048,LIU_QUORUM,4.6,4.5,3ddeae113f1572e8,0,5111.111111111111,6.691272727272727,11.191272727272727,True,True,True,5111.111111111111,6.691309090909087,11.191309090909087,True,True,True,5111.111111111111,3.6363636359837415e-05,3.6363636359837415e-05,True,SUCCESS,,5.099087238311768
2049,LIU_QUORUM,4.6,5.0,62325b97cd39c55d,0,4600.0,6.691272727272727,11.691272727272727,True,True,True,4600.0,6.691309090909087,11.691309090909087,True,True,True,4600.0,3.6363636359837415e-05,3.6363636359837415e-05,True,SUCCESS,,4.667481422424316
2050,LIU_QUORUM,4.6,5.5,80c4c79527ae123c,0,4181.818181818182,6.691272727272727,12.191272727272727,True,True,True,4181.818181818182,6.691309090909087,12.191309090909087,True,True,True,4181.818181818182,3.6363636359837415e-05,3.6363636359837415e-05,True,SUCCESS,,4.582276344299316
2051,LIU_QUORUM,4.6,6.0,70ee7b6c5f7203f7,0,3833.3333333333335,6.691272727272727,12.691272727272727,True,True,True,3833.3333333333335,6.691309090909087,12.691309090909087,True,True,True,3833.3333333333335,3.6363636359837415e-05,3.6363636359837415e-05,True,SUCCESS,,4.74500584602356
2052,LIU_QUORUM,4.6,6.5,b13c7c179f7ae6f7,0,3538.4615384615386,6.691272727272727,13.191272727272727,True,True,True,3538.4615384615386,6.691309090909087,13.191309090909087,True,True,True,3538.4615384615386,3.6363636359837415e-05,3.6363636359837415e-05,True,SUCCESS,,4.5848400592803955
2053,LIU_QUORUM,4.6,7.0,06bc92ec0fcca209,0,3285.714285714286,6.691272727272727,13.691272727272727,True,True,True,3285.714285714286,6.691309090909087,13.691309090909087,True,True,True,3285.714285714286,3.6363636359837415e-05,3.6363636359837415e-05,True,SUCCESS,,4.597486734390259
2054,LIU_QUORUM,4.6,7.5,c7ee2c7a95fd1fbb,0,3066.6666666666665,6.691272727272727,14.191272727272727,True,True,True,3066.6666666666665,6.691309090909087,14.191309090909087,True,True,True,3066.6666666666665,3.6363636359837415e-05,3.6363636359837415e-05,True,SUCCESS,,4.487622261047363
2055,LIU_QUORUM,4.6,8.0,b525955736887773,0,2875.0,6.691272727272727,14.691272727272727,True,True,True,2875.0,6.691309090909087,14.691309090909087,True,True,True,2875.0,3.6363636359837415e-05,3.6363636359837415e-05,True,SUCCESS,,4.474160432815552
2056,LIU_QUORUM,4.6,8.5,46a300f6a215770c,0,2705.8823529411766,6.691272727272727,15.191272727272727,True,True,True,2705.8823529411766,6.691309090909087,15.191309090909087,True,True,True,2705.8823529411766,3.6363636359837415e-05,3.6363636359837415e-05,True,SUCCESS,,4.687067031860352
2057,LIU_QUORUM,4.6,9.0,f2ada4157af87f6c,0,2555.5555555555557,6.691272727272727,15.691272727272727,True,True,True,2555.5555555555557,6.691309090909087,15.691309090909087,True,True,True,2555.5555555555557,3.6363636359837415e-05,3.6363636359837415e-05,True,SUCCESS,,4.510762929916382
2058,LIU_QUORUM,4.6,9.5,1efe717994710098,0,2421.0526315789475,6.691272727272727,16.191272727272725,True,True,True,2421.0526315789475,6.691309090909087,16.191309090909087,True,True,True,2421.0526315789475,3.6363636359837415e-05,3.636363636161377e-05,True,SUCCESS,,4.527211904525757
2059,LIU_QUORUM,4.6,10.0,43292601dda8265b,0,2300.0,6.691272727272727,16.691272727272725,True,True,True,2300.0,6.691309090909087,16.691309090909087,True,True,True,2300.0,3.6363636359837415e-05,3.636363636161377e-05,True,SUCCESS,,5.044359445571899
2060,LIU_QUORUM,4.8,0.5,71f88ae722261375,0,48000.0,6.982181818181818,7.482181818181818,True,False,True,0.0,6.982218181818181,7.482218181818181,True,False,True,0.0,3.636363636339013e-05,3.636363636339013e-05,True,SUCCESS,,5.921265125274658
2061,LIU_QUORUM,4.8,1.0,3e04cb9fb6077a22,0,24000.0,6.982181818181818,7.982181818181818,True,False,True,0.0,6.982218181818183,7.982218181818183,True,False,True,0.0,3.6363636365166485e-05,3.6363636365166485e-05,True,SUCCESS,,3.8037729263305664
2062,LIU_QUORUM,4.8,1.5,6dc66c7a43d866e1,0,16000.0,6.982181818181818,8.482181818181818,True,True,True,16000.0,6.982218181818183,8.482218181818183,True,True,True,16000.0,3.6363636365166485e-05,3.6363636365166485e-05,True,SUCCESS,,3.8903286457061768
2063,LIU_QUORUM,4.8,2.0,5dd52f3d1e5617e3,0,12000.0,6.982181818181818,8.982181818181818,True,True,True,12000.0,6.982218181818183,8.982218181818183,True,True,True,12000.0,3.6363636365166485e-05,3.6363636365166485e-05,True,SUCCESS,,3.8948140144348145
2064,LIU_QUORUM,4.8,2.5,cb690d5454268241,0,9600.0,6.982181818181818,9.482181818181818,True,True,True,9600.0,6.982218181818183,9.482218181818183,True,True,True,9600.0,3.6363636365166485e-05,3.6363636365166485e-05,True,SUCCESS,,3.8444366455078125
2065,LIU_QUORUM,4.8,3.0,2f296618f6243d57,0,8000.0,6.982181818181818,9.982181818181818,True,True,True,8000.0,6.982218181818181,9.982218181818181,True,True,True,8000.0,3.636363636339013e-05,3.636363636339013e-05,True,SUCCESS,,3.8065147399902344
2066,LIU_QUORUM,4.8,3.5,d8fb79f978420a45,0,6857.142857142857,6.982181818181818,10.482181818181818,True,True,True,6857.142857142857,6.982218181818183,10.482218181818183,True,True,True,6857.142857142857,3.6363636365166485e-05,3.6363636365166485e-05,True,SUCCESS,,3.9006314277648926
2067,LIU_QUORUM,4.8,4.0,db7e9f1343b5ffec,0,6000.0,6.982181818181818,10.982181818181818,True,True,True,6000.0,6.982218181818183,10.982218181818183,True,True,True,6000.0,3.6363636365166485e-05,3.6363636365166485e-05,True,SUCCESS,,3.8345539569854736
2068,LIU_QUORUM,4.8,4.5,a1c85d96d707352a,0,5333.333333333333,6.982181818181818,11.482181818181818,True,True,True,5333.333333333333,6.982218181818183,11.482218181818183,True,True,True,5333.333333333333,3.6363636365166485e-05,3.6363636365166485e-05,True,SUCCESS,,3.95517897605896
2069,LIU_QUORUM,4.8,5.0,9298c8b6ea7803a2,0,4800.0,6.982181818181818,11.982181818181818,True,True,True,4800.0,6.982218181818183,11.982218181818183,True,True,True,4800.0,3.6363636365166485e-05,3.6363636365166485e-05,True,SUCCESS,,3.9232709407806396
2070,LIU_QUORUM,4.8,5.5,673b3e2660769fd8,0,4363.636363636364,6.982181818181818,12.482181818181818,True,True,True,4363.636363636364,6.982218181818183,12.482218181818183,True,True,True,4363.636363636364,3.6363636365166485e-05,3.6363636365166485e-05,True,SUCCESS,,3.8809123039245605
2071,LIU_QUORUM,4.8,6.0,b230c5d8d753b466,0,4000.0,6.982181818181818,12.982181818181818,True,True,True,4000.0,6.982218181818183,12.982218181818183,True,True,True,4000.0,3.6363636365166485e-05,3.6363636365166485e-05,True,SUCCESS,,3.9994449615478516
2072,LIU_QUORUM,4.8,6.5,2ab3c7d004251bc6,0,3692.3076923076924,6.982181818181818,13.482181818181818,True,True,True,3692.3076923076924,6.982218181818183,13.482218181818183,True,True,True,3692.3076923076924,3.6363636365166485e-05,3.6363636365166485e-05,True,SUCCESS,,3.993939161300659
2073,LIU_QUORUM,4.8,7.0,627fa195ca96c07d,0,3428.5714285714284,6.982181818181818,13.982181818181818,True,True,True,3428.5714285714284,6.982218181818183,13.982218181818183,True,True,True,3428.5714285714284,3.6363636365166485e-05,3.6363636365166485e-05,True,SUCCESS,,3.9274051189422607
2074,LIU_QUORUM,4.8,7.5,7dc8654abdb424f0,0,3200.0,6.982181818181818,14.482181818181818,True,True,True,3200.0,6.982218181818183,14.482218181818183,True,True,True,3200.0,3.6363636365166485e-05,3.6363636365166485e-05,True,SUCCESS,,3.9739158153533936
2075,LIU_QUORUM,4.8,8.0,21078db8927cb977,0,3000.0,6.982181818181818,14.982181818181818,True,True,True,3000.0,6.98221818181818,14.98221818181818,True,True,True,3000.0,3.636363636161377e-05,3.636363636161377e-05,True,SUCCESS,,3.9968960285186768
2076,LIU_QUORUM,4.8,8.5,965b405b65d3bd4b,0,2823.529411764706,6.982181818181818,15.482181818181818,True,True,True,2823.529411764706,6.98221818181818,15.48221818181818,True,True,True,2823.529411764706,3.636363636161377e-05,3.636363636161377e-05,True,SUCCESS,,4.031566143035889
2077,LIU_QUORUM,4.8,9.0,21e781a774e40826,0,2666.6666666666665,6.982181818181818,15.982181818181818,True,True,True,2666.6666666666665,6.98221818181818,15.98221818181818,True,True,True,2666.6666666666665,3.636363636161377e-05,3.636363636161377e-05,True,SUCCESS,,4.011266469955444
2078,LIU_QUORUM,4.8,9.5,a1ca7ae987925e58,0,2526.315789473684,6.982181818181818,16.482181818181818,True,True,True,2526.315789473684,6.98221818181818,16.48221818181818,True,True,True,2526.315789473684,3.636363636161377e-05,3.636363636161377e-05,True,SUCCESS,,4.061001539230347
2079,LIU_QUORUM,4.8,10.0,e8236d5a6bb78bb0,0,2400.0,6.982181818181818,16.982181818181818,True,True,True,2400.0,6.98221818181818,16.98221818181818,True,True,True,2400.0,3.636363636161377e-05,3.636363636161377e-05,True,SUCCESS,,4.033128499984741
2080,LIU_QUORUM,5.0,0.5,f728faf6a4bce94d,0,50000.0,7.273090909090909,7.773090909090909,True,False,True,0.0,7.273127272727274,7.773127272727274,True,False,True,0.0,3.6363636365166485e-05,3.6363636365166485e-05,True,SUCCESS,,4.3452019691467285
2081,LIU_QUORUM,5.0,1.0,afc359c15c47f8ee,0,25000.0,7.273090909090909,8.273090909090909,True,False,True,0.0,7.273127272727274,8.273127272727274,True,False,True,0.0,3.6363636365166485e-05,3.6363636365166485e-05,True,SUCCESS,,4.448160171508789
2082,LIU_QUORUM,5.0,1.5,0fb07bfedfc20c0d,0,16666.666666666668,7.273090909090909,8.773090909090909,True,True,True,16666.666666666668,7.273127272727271,8.77312727272727,True,True,True,16666.666666666668,3.636363636161377e-05,3.636363636161377e-05,True,SUCCESS,,4.300923585891724
2083,LIU_QUORUM,5.0,2.0,8cca1b78a3fbc55a,0,12500.0,7.273090909090909,9.273090909090909,True,True,True,12500.0,7.273127272727271,9.27312727272727,True,True,True,12500.0,3.636363636161377e-05,3.636363636161377e-05,True,SUCCESS,,4.358419179916382
2084,LIU_QUORUM,5.0,2.5,7a982a49eb0fdff1,0,10000.0,7.273090909090909,9.773090909090909,True,True,True,10000.0,7.273127272727272,9.773127272727272,True,True,True,10000.0,3.636363636339013e-05,3.636363636339013e-05,True,SUCCESS,,4.320963144302368
2085,LIU_QUORUM,5.0,3.0,c661b0e3dadcc8f1,0,8333.333333333334,7.273090909090909,10.273090909090909,True,True,True,8333.333333333334,7.273127272727272,10.273127272727272,True,True,True,8333.333333333334,3.636363636339013e-05,3.636363636339013e-05,True,SUCCESS,,4.342950105667114
2086,LIU_QUORUM,5.0,3.5,88fd96ba9151141e,0,7142.857142857143,7.273090909090909,10.773090909090909,True,True,True,7142.857142857143,7.273127272727272,10.773127272727272,True,True,True,7142.857142857143,3.636363636339013e-05,3.636363636339013e-05,True,SUCCESS,,4.335190773010254
2087,LIU_QUORUM,5.0,4.0,4829b89474aaa39f,0,6250.0,7.273090909090909,11.273090909090909,True,True,True,6250.0,7.273127272727272,11.273127272727272,True,True,True,6250.0,3.636363636339013e-05,3.636363636339013e-05,True,SUCCESS,,4.380378246307373
2088,LIU_QUORUM,5.0,4.5,6adcb1e3e094fa5f,0,5555.555555555556,7.273090909090909,11.773090909090909,True,True,True,5555.555555555556,7.273127272727272,11.773127272727272,True,True,True,5555.555555555556,3.636363636339013e-05,3.636363636339013e-05,True,SUCCESS,,4.54953145980835
2089,LIU_QUORUM,5.0,5.0,243b00a37169c1a8,0,5000.0,7.273090909090909,12.273090909090909,True,True,True,5000.0,7.273127272727272,12.273127272727272,True,True,True,5000.0,3.636363636339013e-05,3.636363636339013e-05,True,SUCCESS,,4.352967977523804
2090,LIU_QUORUM,5.0,5.5,71e12453e3af678e,0,4545.454545454545,7.273090909090909,12.773090909090909,True,True,True,4545.454545454545,7.273127272727272,12.773127272727272,True,True,True,4545.454545454545,3.636363636339013e-05,3.636363636339013e-05,True,SUCCESS,,4.446772813796997
2091,LIU_QUORUM,5.0,6.0,eabb243bae4e15fc,0,4166.666666666667,7.273090909090909,13.273090909090909,True,True,True,4166.666666666667,7.273127272727272,13.273127272727272,True,True,True,4166.666666666667,3.636363636339013e-05,3.636363636339013e-05,True,SUCCESS,,4.382015705108643
2092,LIU_QUORUM,5.0,6.5,7041b927acbffd42,0,3846.153846153846,7.273090909090909,13.773090909090909,True,True,True,3846.153846153846,7.273127272727272,13.773127272727272,True,True,True,3846.153846153846,3.636363636339013e-05,3.636363636339013e-05,True,SUCCESS,,4.396617650985718
2093,LIU_QUORUM,5.0,7.0,1f46035487adaab5,0,3571.4285714285716,7.273090909090909,14.273090909090909,True,True,True,3571.4285714285716,7.273127272727272,14.273127272727272,True,True,True,3571.4285714285716,3.636363636339013e-05,3.636363636339013e-05,True,SUCCESS,,4.504819393157959
2094,LIU_QUORUM,5.0,7.5,7708f367b2810a2c,0,3333.3333333333335,7.273090909090909,14.773090909090909,True,True,True,3333.3333333333335,7.273127272727272,14.773127272727272,True,True,True,3333.3333333333335,3.636363636339013e-05,3.636363636339013e-05,True,SUCCESS,,4.435896873474121
2095,LIU_QUORUM,5.0,8.0,e377a50c158465b3,0,3125.0,7.273090909090909,15.273090909090909,True,True,True,3125.0,7.273127272727269,15.273127272727269,True,True,True,3125.0,3.6363636359837415e-05,3.6363636359837415e-05,True,SUCCESS,,4.45339822769165
2096,LIU_QUORUM,5.0,8.5,2bdb3c2c750c46b2,0,2941.176470588235,7.273090909090909,15.773090909090909,True,True,True,2941.176470588235,7.273127272727269,15.773127272727269,True,True,True,2941.176470588235,3.6363636359837415e-05,3.6363636359837415e-05,True,SUCCESS,,4.423017263412476
2097,LIU_QUORUM,5.0,9.0,0037182c7b0a71c1,0,2777.777777777778,7.273090909090909,16.27309090909091,True,True,True,2777.777777777778,7.273127272727272,16.273127272727272,True,True,True,2777.777777777778,3.636363636339013e-05,3.636363636161377e-05,True,SUCCESS,,4.4995667934417725
2098,LIU_QUORUM,5.0,9.5,97daba373c183389,0,2631.5789473684213,7.273090909090909,16.77309090909091,True,True,True,2631.5789473684213,7.273127272727265,16.773127272727265,True,True,True,2631.5789473684213,3.63636363562847e-05,3.6363636354508344e-05,True,SUCCESS,,4.494736909866333
2099,LIU_QUORUM,5.0,10.0,964a8ae4298e1d98,0,2500.0,7.273090909090909,17.27309090909091,True,True,True,2500.0,7.273127272727265,17.273127272727265,True,True,True,2500.0,3.63636363562847e-05,3.6363636354508344e-05,True,SUCCESS,,4.602718353271484
2100,LIU_QUORUM,5.2,0.5,627761b9a48a4276,0,52000.0,7.564,8.064,True,False,True,0.0,7.564036363636365,8.064036363636365,True,False,True,0.0,3.6363636365166485e-05,3.6363636365166485e-05,True,SUCCESS,,4.912522792816162
2101,LIU_QUORUM,5.2,1.0,c93aa8e10394a9a0,0,26000.0,7.564,8.564,True,False,True,0.0,7.564036363636362,8.564036363636362,True,False,True,0.0,3.636363636161377e-05,3.636363636161377e-05,True,SUCCESS,,4.917759418487549
2102,LIU_QUORUM,5.2,1.5,f758fee3460d677d,0,17333.333333333332,7.564,9.064,True,False,True,0.0,7.564036363636362,9.064036363636362,True,False,True,0.0,3.636363636161377e-05,3.636363636161377e-05,True,SUCCESS,,4.905165910720825
2103,LIU_QUORUM,5.2,2.0,92d98d96f769d0fc,0,13000.0,7.564,9.564,True,True,True,13000.0,7.564036363636362,9.564036363636362,True,True,True,13000.0,3.636363636161377e-05,3.636363636161377e-05,True,SUCCESS,,4.883230447769165
2104,LIU_QUORUM,5.2,2.5,1f31de29c933d6f3,0,10400.0,7.564,10.064,True,True,True,10400.0,7.564036363636362,10.064036363636362,True,True,True,10400.0,3.636363636161377e-05,3.636363636161377e-05,True,SUCCESS,,4.890592098236084
2105,LIU_QUORUM,5.2,3.0,ef2c9e48feb07160,0,8666.666666666666,7.564,10.564,True,True,True,8666.666666666666,7.564036363636362,10.564036363636362,True,True,True,8666.666666666666,3.636363636161377e-05,3.636363636161377e-05,True,SUCCESS,,4.881558656692505
2106,LIU_QUORUM,5.2,3.5,7610d19c1b3361b5,0,7428.571428571428,7.564,11.064,True,True,True,7428.571428571428,7.564036363636362,11.064036363636362,True,True,True,7428.571428571428,3.636363636161377e-05,3.636363636161377e-05,True,SUCCESS,,4.969152450561523
2107,LIU_QUORUM,5.2,4.0,1594708a7d75b5bd,0,6500.0,7.564,11.564,True,True,True,6500.0,7.564036363636362,11.564036363636362,True,True,True,6500.0,3.636363636161377e-05,3.636363636161377e-05,True,SUCCESS,,4.92376708984375
2108,LIU_QUORUM,5.2,4.5,b5ddbf1079e6ec65,0,5777.777777777777,7.564,12.064,True,True,True,5777.777777777777,7.564036363636362,12.064036363636362,True,True,True,5777.777777777777,3.636363636161377e-05,3.636363636161377e-05,True,SUCCESS,,4.955644369125366
2109,LIU_QUORUM,5.2,5.0,d28004df2f88e045,0,5200.0,7.564,12.564,True,True,True,5200.0,7.564036363636362,12.564036363636362,True,True,True,5200.0,3.636363636161377e-05,3.636363636161377e-05,True,SUCCESS,,4.96614670753479
2110,LIU_QUORUM,5.2,5.5,9039b078c24c28e5,0,4727.272727272727,7.564,13.064,True,True,True,4727.272727272727,7.564036363636362,13.064036363636362,True,True,True,4727.272727272727,3.636363636161377e-05,3.636363636161377e-05,True,SUCCESS,,4.928696632385254
2111,LIU_QUORUM,5.2,6.0,56de4169ce1166c2,0,4333.333333333333,7.564,13.564,True,True,True,4333.333333333333,7.564036363636362,13.564036363636362,True,True,True,4333.333333333333,3.636363636161377e-05,3.636363636161377e-05,True,SUCCESS,,4.988508701324463
2112,LIU_QUORUM,5.2,6.5,71d53ffecff02ff7,0,4000.0,7.564,14.064,True,True,True,4000.0,7.564036363636362,14.064036363636362,True,True,True,4000.0,3.636363636161377e-05,3.636363636161377e-05,True,SUCCESS,,5.183329820632935
2113,LIU_QUORUM,5.2,7.0,8c1f5b956acd7aa9,0,3714.285714285714,7.564,14.564,True,True,True,3714.285714285714,7.564036363636365,14.564036363636365,True,True,True,3714.285714285714,3.6363636365166485e-05,3.6363636365166485e-05,True,SUCCESS,,5.009506702423096
2114,LIU_QUORUM,5.2,7.5,9e7d9587d57ca3cd,0,3466.6666666666665,7.564,15.064,True,True,True,3466.6666666666665,7.564036363636365,15.064036363636365,True,True,True,3466.6666666666665,3.6363636365166485e-05,3.6363636365166485e-05,True,SUCCESS,,5.000790596008301
2115,LIU_QUORUM,5.2,8.0,231b77e8026f4be9,0,3250.0,7.564,15.564,True,True,True,3250.0,7.564036363636365,15.564036363636365,True,True,True,3250.0,3.6363636365166485e-05,3.6363636365166485e-05,True,SUCCESS,,5.0948591232299805
2116,LIU_QUORUM,5.2,8.5,96e06a7c75bd3ece,0,3058.823529411765,7.564,16.064,True,True,True,3058.823529411765,7.564036363636365,16.064036363636365,True,True,True,3058.823529411765,3.6363636365166485e-05,3.6363636365166485e-05,True,SUCCESS,,4.977411985397339
2117,LIU_QUORUM,5.2,9.0,91009f648cb04833,0,2888.8888888888887,7.564,16.564,True,True,True,2888.8888888888887,7.564036363636362,16.56403636363636,True,True,True,2888.8888888888887,3.636363636161377e-05,3.636363636161377e-05,True,SUCCESS,,5.184055328369141
2118,LIU_QUORUM,5.2,9.5,d76cef7432958e0d,0,2736.842105263158,7.564,17.064,True,True,True,2736.842105263158,7.564036363636362,17.06403636363636,True,True,True,2736.842105263158,3.636363636161377e-05,3.636363636161377e-05,True,SUCCESS,,5.044173955917358
2119,LIU_QUORUM,5.2,10.0,7fe532841db3c556,0,2600.0,7.564,17.564,True,True,True,2600.0,7.564036363636362,17.56403636363636,True,True,True,2600.0,3.636363636161377e-05,3.636363636161377e-05,True,SUCCESS,,5.0218186378479
2120,LIU_QUORUM,5.4,0.5,8a93c6c0e23070cf,0,54000.0,7.854909090909092,8.354909090909093,True,False,True,0.0,7.854945454545456,8.354945454545456,True,False,True,0.0,3.636363636427831e-05,3.636363636339013e-05,True,SUCCESS,,5.261842489242554
2121,LIU_QUORUM,5.4,1.0,019a157b5918fd35,0,27000.0,7.854909090909092,8.854909090909093,True,False,True,0.0,7.854945454545453,8.854945454545453,True,False,True,0.0,3.636363636072559e-05,3.6363636359837415e-05,True,SUCCESS,,5.416473865509033
2122,LIU_QUORUM,5.4,1.5,2932f4163f0298f0,0,18000.0,7.854909090909092,9.354909090909093,True,False,True,0.0,7.854945454545453,9.354945454545453,True,False,True,0.0,3.636363636072559e-05,3.6363636359837415e-05,True,SUCCESS,,5.201495885848999
2123,LIU_QUORUM,5.4,2.0,8adf54a79e61451f,0,13500.0,7.854909090909092,9.854909090909093,True,True,True,13500.0,7.854945454545453,9.854945454545453,True,True,True,13500.0,3.636363636072559e-05,3.6363636359837415e-05,True,SUCCESS,,5.298273801803589
2124,LIU_QUORUM,5.4,2.5,00482879d4e2196a,0,10800.0,7.854909090909092,10.354909090909093,True,True,True,10800.0,7.854945454545453,10.354945454545453,True,True,True,10800.0,3.636363636072559e-05,3.6363636359837415e-05,True,SUCCESS,,5.2677366733551025
2125,LIU_QUORUM,5.4,3.0,af57b32984f5c231,0,9000.0,7.854909090909092,10.854909090909093,True,True,True,9000.0,7.854945454545458,10.854945454545458,True,True,True,9000.0,3.6363636366054664e-05,3.6363636365166485e-05,True,SUCCESS,,5.4317076206207275
2126,LIU_QUORUM,5.4,3.5,66b89be31b3bb7f4,0,7714.285714285715,7.854909090909092,11.354909090909093,True,True,True,7714.285714285715,7.854945454545458,11.354945454545458,True,True,True,7714.285714285715,3.6363636366054664e-05,3.6363636365166485e-05,True,SUCCESS,,5.505157232284546
2127,LIU_QUORUM,5.4,4.0,a36f7032619e1b3e,0,6750.0,7.854909090909092,11.854909090909093,True,True,True,6750.0,7.854945454545458,11.854945454545458,True,True,True,6750.0,3.6363636366054664e-05,3.6363636365166485e-05,True,SUCCESS,,5.411398887634277
2128,LIU_QUORUM,5.4,4.5,3ddba14fa1356f20,0,6000.0,7.854909090909092,12.354909090909093,True,True,True,6000.0,7.854945454545458,12.354945454545458,True,True,True,6000.0,3.6363636366054664e-05,3.6363636365166485e-05,True,SUCCESS,,5.4253435134887695
2129,LIU_QUORUM,5.4,5.0,b104ce959bbfddb7,0,5400.0,7.854909090909092,12.854909090909093,True,True,True,5400.0,7.854945454545458,12.854945454545458,True,True,True,5400.0,3.6363636366054664e-05,3.6363636365166485e-05,True,SUCCESS,,5.376943349838257
2130,LIU_QUORUM,5.4,5.5,a90f1f6f70728213,0,4909.090909090909,7.854909090909092,13.354909090909093,True,True,True,4909.090909090909,7.8549454545454545,13.354945454545454,True,True,True,4909.090909090909,3.636363636250195e-05,3.636363636161377e-05,True,SUCCESS,,5.416606187820435
2131,LIU_QUORUM,5.4,6.0,8778dd3e0462ea2f,0,4500.0,7.854909090909092,13.854909090909093,True,True,True,4500.0,7.8549454545454545,13.854945454545454,True,True,True,4500.0,3.636363636250195e-05,3.636363636161377e-05,True,SUCCESS,,5.411511182785034
2132,LIU_QUORUM,5.4,6.5,93aa36bbf437fe02,0,4153.846153846154,7.854909090909092,14.354909090909093,True,True,True,4153.846153846154,7.8549454545454545,14.354945454545454,True,True,True,4153.846153846154,3.636363636250195e-05,3.636363636161377e-05,True,SUCCESS,,5.390650033950806
2133,LIU_QUORUM,5.4,7.0,ae19943b11e97688,0,3857.1428571428573,7.854909090909092,14.854909090909093,True,True,True,3857.1428571428573,7.8549454545454545,14.854945454545454,True,True,True,3857.1428571428573,3.636363636250195e-05,3.636363636161377e-05,True,SUCCESS,,5.462386846542358
2134,LIU_QUORUM,5.4,7.5,721fbfec5a64405b,0,3600.0,7.854909090909092,15.354909090909093,True,True,True,3600.0,7.8549454545454545,15.354945454545454,True,True,True,3600.0,3.636363636250195e-05,3.636363636161377e-05,True,SUCCESS,,5.647186756134033
2135,LIU_QUORUM,5.4,8.0,e52541e4574b0dd2,0,3375.0,7.854909090909092,15.854909090909093,True,True,True,3375.0,7.8549454545454545,15.854945454545454,True,True,True,3375.0,3.636363636250195e-05,3.636363636161377e-05,True,SUCCESS,,5.603628396987915
2136,LIU_QUORUM,5.4,8.5,4943483dc3186a39,0,3176.470588235294,7.854909090909092,16.354909090909093,True,True,True,3176.470588235294,7.854945454545458,16.354945454545458,True,True,True,3176.470588235294,3.6363636366054664e-05,3.6363636365166485e-05,True,SUCCESS,,5.7457053661346436
2137,LIU_QUORUM,5.4,9.0,89c3b2bb34b3c77a,0,3000.0,7.854909090909092,16.854909090909093,True,True,True,3000.0,7.854945454545458,16.854945454545458,True,True,True,3000.0,3.6363636366054664e-05,3.6363636365166485e-05,True,SUCCESS,,5.622199535369873
2138,LIU_QUORUM,5.4,9.5,a042063733b9729c,0,2842.1052631578946,7.854909090909092,17.354909090909093,True,True,True,2842.1052631578946,7.854945454545458,17.354945454545458,True,True,True,2842.1052631578946,3.6363636366054664e-05,3.6363636365166485e-05,True,SUCCESS,,5.65460991859436
2139,LIU_QUORUM,5.4,10.0,fa06abf6c58d1838,0,2700.0,7.854909090909092,17.854909090909093,True,True,True,2700.0,7.854945454545458,17.854945454545458,True,True,True,2700.0,3.6363636366054664e-05,3.6363636365166485e-05,True,SUCCESS,,5.7195048332214355
2140,LIU_QUORUM,5.6,0.5,0529ca7d42522ba4,0,56000.0,8.14581818181818,8.64581818181818,True,False,True,0.0,8.145854545454542,8.645854545454542,True,False,True,0.0,3.636363636161377e-05,3.636363636161377e-05,True,SUCCESS,,5.950319051742554
2141,LIU_QUORUM,5.6,1.0,b390e011db639142,0,28000.0,8.14581818181818,9.14581818181818,True,False,True,0.0,8.145854545454542,9.145854545454542,True,False,True,0.0,3.636363636161377e-05,3.636363636161377e-05,True,SUCCESS,,5.938327312469482
2142,LIU_QUORUM,5.6,1.5,3065aab0f0592143,0,18666.666666666668,8.14581818181818,9.64581818181818,True,False,True,0.0,8.145854545454542,9.645854545454542,True,False,True,0.0,3.636363636161377e-05,3.636363636161377e-05,True,SUCCESS,,5.97109580039978
2143,LIU_QUORUM,5.6,2.0,5742e1b125226732,0,14000.0,8.14581818181818,10.14581818181818,True,True,True,14000.0,8.145854545454542,10.145854545454542,True,True,True,14000.0,3.636363636161377e-05,3.636363636161377e-05,True,SUCCESS,,5.97456693649292
2144,LIU_QUORUM,5.6,2.5,50f05747f4e1daa4,0,11200.0,8.14581818181818,10.64581818181818,True,True,True,11200.0,8.14585454545454,10.64585454545454,True,True,True,11200.0,3.6363636359837415e-05,3.6363636359837415e-05,True,SUCCESS,,6.023874521255493
2145,LIU_QUORUM,5.6,3.0,4fe78193bb4ae4b4,0,9333.333333333334,8.14581818181818,11.14581818181818,True,True,True,9333.333333333334,8.14585454545454,11.14585454545454,True,True,True,9333.333333333334,3.6363636359837415e-05,3.6363636359837415e-05,True,SUCCESS,,6.021475076675415
2146,LIU_QUORUM,5.6,3.5,4b4e12887006deac,0,8000.0,8.14581818181818,11.64581818181818,True,True,True,8000.0,8.14585454545454,11.64585454545454,True,True,True,8000.0,3.6363636359837415e-05,3.6363636359837415e-05,True,SUCCESS,,6.122974872589111
2147,LIU_QUORUM,5.6,4.0,97a6c8243dd4dd63,0,7000.0,8.14581818181818,12.14581818181818,True,True,True,7000.0,8.14585454545454,12.14585454545454,True,True,True,7000.0,3.6363636359837415e-05,3.6363636359837415e-05,True,SUCCESS,,5.866914510726929
2148,LIU_QUORUM,5.6,4.5,8d1bb7ffca037b50,0,6222.222222222223,8.14581818181818,12.64581818181818,True,True,True,6222.222222222223,8.14585454545454,12.64585454545454,True,True,True,6222.222222222223,3.6363636359837415e-05,3.6363636359837415e-05,True,SUCCESS,,5.599193334579468
2149,LIU_QUORUM,5.6,5.0,6cd58e405a2e85be,0,5600.0,8.14581818181818,13.14581818181818,True,True,True,5600.0,8.145854545454544,13.145854545454544,True,True,True,5600.0,3.636363636339013e-05,3.636363636339013e-05,True,SUCCESS,,5.665609836578369
2150,LIU_QUORUM,5.6,5.5,442579057593553c,0,5090.909090909091,8.14581818181818,13.64581818181818,True,True,True,5090.909090909091,8.145854545454544,13.645854545454544,True,True,True,5090.909090909091,3.636363636339013e-05,3.636363636339013e-05,True,SUCCESS,,5.603190898895264
2151,LIU_QUORUM,5.6,6.0,2421170e17bea6ad,0,4666.666666666667,8.14581818181818,14.14581818181818,True,True,True,4666.666666666667,8.145854545454544,14.145854545454544,True,True,True,4666.666666666667,3.636363636339013e-05,3.636363636339013e-05,True,SUCCESS,,5.602574348449707
2152,LIU_QUORUM,5.6,6.5,9a8b67e8919c26f4,0,4307.692307692308,8.14581818181818,14.64581818181818,True,True,True,4307.692307692308,8.145854545454544,14.645854545454544,True,True,True,4307.692307692308,3.636363636339013e-05,3.636363636339013e-05,True,SUCCESS,,5.620700836181641
2153,LIU_QUORUM,5.6,7.0,e092b37c1df679ef,0,4000.0,8.14581818181818,15.14581818181818,True,True,True,4000.0,8.145854545454544,15.145854545454544,True,True,True,4000.0,3.636363636339013e-05,3.636363636339013e-05,True,SUCCESS,,5.642618894577026
2154,LIU_QUORUM,5.6,7.5,8315a2f57c20731d,0,3733.3333333333335,8.14581818181818,15.64581818181818,True,True,True,3733.3333333333335,8.145854545454544,15.645854545454544,True,True,True,3733.3333333333335,3.636363636339013e-05,3.636363636339013e-05,True,SUCCESS,,5.878600835800171
2155,LIU_QUORUM,5.6,8.0,29d6f08197d9a9ad,0,3500.0,8.14581818181818,16.14581818181818,True,True,True,3500.0,8.14585454545454,16.14585454545454,True,True,True,3500.0,3.6363636359837415e-05,3.636363636161377e-05,True,SUCCESS,,4.240811824798584
2156,LIU_QUORUM,5.6,8.5,e7c44d95170fcf23,0,3294.1176470588234,8.14581818181818,16.64581818181818,True,True,True,3294.1176470588234,8.14585454545454,16.64585454545454,True,True,True,3294.1176470588234,3.6363636359837415e-05,3.636363636161377e-05,True,SUCCESS,,4.298709869384766
2157,LIU_QUORUM,5.6,9.0,b83c4eb4128dd44d,0,3111.1111111111113,8.14581818181818,17.14581818181818,True,True,True,3111.1111111111113,8.14585454545454,17.14585454545454,True,True,True,3111.1111111111113,3.6363636359837415e-05,3.636363636161377e-05,True,SUCCESS,,4.333834648132324
2158,LIU_QUORUM,5.6,9.5,5b0c87158959af3f,0,2947.3684210526317,8.14581818181818,17.64581818181818,True,True,True,2947.3684210526317,8.14585454545454,17.64585454545454,True,True,True,2947.3684210526317,3.6363636359837415e-05,3.636363636161377e-05,True,SUCCESS,,4.342248439788818
2159,LIU_QUORUM,5.6,10.0,75914cb583da3c1d,0,2800.0,8.14581818181818,18.14581818181818,True,True,True,2800.0,8.145854545454544,18.145854545454544,True,True,True,2800.0,3.636363636339013e-05,3.6363636365166485e-05,True,SUCCESS,,4.427970886230469
2160,LIU_QUORUM,5.8,0.5,b1e9318058faba72,0,58000.0,8.436727272727271,8.936727272727271,True,False,True,0.0,8.436763636363635,8.936763636363635,True,False,True,0.0,3.636363636339013e-05,3.636363636339013e-05,True,SUCCESS,,4.6840338706970215
2161,LIU_QUORUM,5.8,1.0,b1ca0a503b8d1fb5,0,29000.0,8.436727272727271,9.436727272727271,True,False,True,0.0,8.436763636363635,9.436763636363635,True,False,True,0.0,3.636363636339013e-05,3.636363636339013e-05,True,SUCCESS,,4.709671497344971
2162,LIU_QUORUM,5.8,1.5,7426bea4446bf550,0,19333.333333333332,8.436727272727271,9.936727272727271,True,False,True,0.0,8.436763636363636,9.936763636363636,True,False,True,0.0,3.6363636365166485e-05,3.6363636365166485e-05,True,SUCCESS,,4.664440870285034
2163,LIU_QUORUM,5.8,2.0,c82ea325bb2196aa,0,14500.0,8.436727272727271,10.436727272727271,True,True,True,14500.0,8.436763636363636,10.436763636363636,True,True,True,14500.0,3.6363636365166485e-05,3.6363636365166485e-05,True,SUCCESS,,4.744166612625122
2164,LIU_QUORUM,5.8,2.5,2f47cd9ffca18a20,0,11600.0,8.436727272727271,10.936727272727271,True,True,True,11600.0,8.436763636363636,10.936763636363636,True,True,True,11600.0,3.6363636365166485e-05,3.6363636365166485e-05,True,SUCCESS,,4.772994518280029
2165,LIU_QUORUM,5.8,3.0,31456fa1613f5964,0,9666.666666666666,8.436727272727271,11.436727272727271,True,True,True,9666.666666666666,8.436763636363636,11.436763636363636,True,True,True,9666.666666666666,3.6363636365166485e-05,3.6363636365166485e-05,True,SUCCESS,,4.759330987930298
2166,LIU_QUORUM,5.8,3.5,5be9205f5c4eeb54,0,8285.714285714286,8.436727272727271,11.936727272727271,True,True,True,8285.714285714286,8.436763636363636,11.936763636363636,True,True,True,8285.714285714286,3.6363636365166485e-05,3.6363636365166485e-05,True,SUCCESS,,4.85552453994751
2167,LIU_QUORUM,5.8,4.0,db6042e9a858eaaa,0,7250.0,8.436727272727271,12.436727272727271,True,True,True,7250.0,8.436763636363636,12.436763636363636,True,True,True,7250.0,3.6363636365166485e-05,3.6363636365166485e-05,True,SUCCESS,,4.790583848953247
2168,LIU_QUORUM,5.8,4.5,7e90d75dddd87228,0,6444.444444444444,8.436727272727271,12.936727272727271,True,True,True,6444.444444444444,8.436763636363636,12.936763636363636,True,True,True,6444.444444444444,3.6363636365166485e-05,3.6363636365166485e-05,True,SUCCESS,,4.79093074798584
2169,LIU_QUORUM,5.8,5.0,58de4995dfa07f0f,0,5800.0,8.436727272727271,13.436727272727271,True,True,True,5800.0,8.436763636363636,13.436763636363636,True,True,True,5800.0,3.6363636365166485e-05,3.6363636365166485e-05,True,SUCCESS,,4.8366379737854
2170,LIU_QUORUM,5.8,5.5,2ebb8c3fe6b64cec,0,5272.727272727273,8.436727272727271,13.936727272727271,True,True,True,5272.727272727273,8.436763636363636,13.936763636363636,True,True,True,5272.727272727273,3.6363636365166485e-05,3.6363636365166485e-05,True,SUCCESS,,4.8316426277160645
2171,LIU_QUORUM,5.8,6.0,863a4eeb7e37748b,0,4833.333333333333,8.436727272727271,14.436727272727271,True,True,True,4833.333333333333,8.436763636363636,14.436763636363636,True,True,True,4833.333333333333,3.6363636365166485e-05,3.6363636365166485e-05,True,SUCCESS,,4.971745491027832
2172,LIU_QUORUM,5.8,6.5,afa3f1dac315355e,0,4461.538461538462,8.436727272727271,14.936727272727271,True,True,True,4461.538461538462,8.436763636363636,14.936763636363636,True,True,True,4461.538461538462,3.6363636365166485e-05,3.6363636365166485e-05,True,SUCCESS,,5.027254343032837
2173,LIU_QUORUM,5.8,7.0,0e37d3d06ef555a2,0,4142.857142857143,8.436727272727271,15.436727272727271,True,True,True,4142.857142857143,8.436763636363636,15.436763636363636,True,True,True,4142.857142857143,3.6363636365166485e-05,3.6363636365166485e-05,True,SUCCESS,,4.9453284740448
2174,LIU_QUORUM,5.8,7.5,2e816aed879800e4,0,3866.6666666666665,8.436727272727271,15.936727272727271,True,True,True,3866.6666666666665,8.436763636363636,15.936763636363636,True,True,True,3866.6666666666665,3.6363636365166485e-05,3.6363636365166485e-05,True,SUCCESS,,4.9982404708862305
2175,LIU_QUORUM,5.8,8.0,10d7b52a753ac4c9,0,3625.0,8.436727272727271,16.43672727272727,True,True,True,3625.0,8.436763636363636,16.436763636363636,True,True,True,3625.0,3.6363636365166485e-05,3.6363636365166485e-05,True,SUCCESS,,5.036653280258179
2176,LIU_QUORUM,5.8,8.5,772ebfa196108b7b,0,3411.764705882353,8.436727272727271,16.93672727272727,True,True,True,3411.764705882353,8.436763636363636,16.936763636363636,True,True,True,3411.764705882353,3.6363636365166485e-05,3.6363636365166485e-05,True,SUCCESS,,4.981910705566406
2177,LIU_QUORUM,5.8,9.0,0e910138471090aa,0,3222.222222222222,8.436727272727271,17.43672727272727,True,True,True,3222.222222222222,8.436763636363636,17.436763636363636,True,True,True,3222.222222222222,3.6363636365166485e-05,3.6363636365166485e-05,True,SUCCESS,,5.011415958404541
2178,LIU_QUORUM,5.8,9.5,82dfb10a034b02f6,0,3052.6315789473683,8.436727272727271,17.93672727272727,True,True,True,3052.6315789473683,8.436763636363633,17.936763636363633,True,True,True,3052.6315789473683,3.636363636161377e-05,3.636363636161377e-05,True,SUCCESS,,5.126236438751221
2179,LIU_QUORUM,5.8,10.0,93a3e767cba272ca,0,2900.0,8.436727272727271,18.43672727272727,True,True,True,2900.0,8.436763636363633,18.436763636363633,True,True,True,2900.0,3.636363636161377e-05,3.636363636161377e-05,True,SUCCESS,,5.051609754562378
2180,LIU_QUORUM,6.0,0.5,20b1d08c8725ffe1,0,60000.0,8.727636363636362,9.227636363636362,True,False,True,0.0,8.727672727272724,9.227672727272724,True,False,True,0.0,3.636363636161377e-05,3.636363636161377e-05,True,SUCCESS,,5.295116662979126
2181,LIU_QUORUM,6.0,1.0,318538c5e10519fe,0,30000.0,8.727636363636362,9.727636363636362,True,False,True,0.0,8.727672727272724,9.727672727272724,True,False,True,0.0,3.636363636161377e-05,3.636363636161377e-05,True,SUCCESS,,5.323769569396973
2182,LIU_QUORUM,6.0,1.5,52985f456bb0d51b,0,20000.0,8.727636363636362,10.227636363636362,True,False,True,0.0,8.727672727272726,10.227672727272726,True,False,True,0.0,3.636363636339013e-05,3.636363636339013e-05,True,SUCCESS,,5.297499179840088
2183,LIU_QUORUM,6.0,2.0,0f1ca6328b5ed6ea,0,15000.0,8.727636363636362,10.727636363636362,True,True,True,15000.0,8.727672727272726,10.727672727272726,True,True,True,15000.0,3.636363636339013e-05,3.636363636339013e-05,True,SUCCESS,,5.295893669128418
2184,LIU_QUORUM,6.0,2.5,29ff240cd5b07a78,0,12000.0,8.727636363636362,11.227636363636362,True,True,True,12000.0,8.727672727272726,11.227672727272726,True,True,True,12000.0,3.636363636339013e-05,3.636363636339013e-05,True,SUCCESS,,5.326812267303467
2185,LIU_QUORUM,6.0,3.0,242ddf7b59f291b4,0,10000.0,8.727636363636362,11.727636363636362,True,True,True,10000.0,8.727672727272726,11.727672727272726,True,True,True,10000.0,3.636363636339013e-05,3.636363636339013e-05,True,SUCCESS,,5.3585028648376465
2186,LIU_QUORUM,6.0,3.5,1134c2c8ef44b6dd,0,8571.42857142857,8.727636363636362,12.227636363636362,True,True,True,8571.42857142857,8.727672727272726,12.227672727272726,True,True,True,8571.42857142857,3.636363636339013e-05,3.636363636339013e-05,True,SUCCESS,,5.386067152023315
2187,LIU_QUORUM,6.0,4.0,f2e01bf0849bdb00,0,7500.0,8.727636363636362,12.727636363636362,True,True,True,7500.0,8.727672727272726,12.727672727272726,True,True,True,7500.0,3.636363636339013e-05,3.636363636339013e-05,True,SUCCESS,,5.367269039154053
2188,LIU_QUORUM,6.0,4.5,e164a4cbb76cc845,0,6666.666666666667,8.727636363636362,13.227636363636362,True,True,True,6666.666666666667,8.727672727272726,13.227672727272726,True,True,True,6666.666666666667,3.636363636339013e-05,3.636363636339013e-05,True,SUCCESS,,5.415043115615845
2189,LIU_QUORUM,6.0,5.0,c591fc9a7f44fdac,0,6000.0,8.727636363636362,13.727636363636362,True,True,True,6000.0,8.727672727272726,13.727672727272726,True,True,True,6000.0,3.636363636339013e-05,3.636363636339013e-05,True,SUCCESS,,5.532049179077148
2190,LIU_QUORUM,6.0,5.5,659a06e7f0f4cc7d,0,5454.545454545455,8.727636363636362,14.227636363636362,True,True,True,5454.545454545455,8.727672727272726,14.227672727272726,True,True,True,5454.545454545455,3.636363636339013e-05,3.636363636339013e-05,True,SUCCESS,,5.464468717575073
2191,LIU_QUORUM,6.0,6.0,e6f544491e7f1aa5,0,5000.0,8.727636363636362,14.727636363636362,True,True,True,5000.0,8.727672727272722,14.727672727272722,True,True,True,5000.0,3.6363636359837415e-05,3.6363636359837415e-05,True,SUCCESS,,5.567089080810547
2192,LIU_QUORUM,6.0,6.5,21e7fc0595e7397a,0,4615.384615384615,8.727636363636362,15.227636363636362,True,True,True,4615.384615384615,8.727672727272722,15.227672727272722,True,True,True,4615.384615384615,3.6363636359837415e-05,3.6363636359837415e-05,True,SUCCESS,,5.7293195724487305
2193,LIU_QUORUM,6.0,7.0,6e5e9d4bbe661248,0,4285.714285714285,8.727636363636362,15.727636363636362,True,True,True,4285.714285714285,8.727672727272722,15.727672727272722,True,True,True,4285.714285714285,3.6363636359837415e-05,3.6363636359837415e-05,True,SUCCESS,,5.988917350769043
2194,LIU_QUORUM,6.0,7.5,5ed457f703405e51,0,4000.0,8.727636363636362,16.227636363636364,True,True,True,4000.0,8.727672727272722,16.227672727272722,True,True,True,4000.0,3.6363636359837415e-05,3.636363635806106e-05,True,SUCCESS,,5.992089748382568
2195,LIU_QUORUM,6.0,8.0,65553d11580d9f38,0,3750.0,8.727636363636362,16.727636363636364,True,True,True,3750.0,8.727672727272722,16.727672727272722,True,True,True,3750.0,3.6363636359837415e-05,3.636363635806106e-05,True,SUCCESS,,5.609176874160767
2196,LIU_QUORUM,6.0,8.5,56864d14f3148ca5,0,3529.4117647058824,8.727636363636362,17.227636363636364,True,True,True,3529.4117647058824,8.727672727272722,17.227672727272722,True,True,True,3529.4117647058824,3.6363636359837415e-05,3.636363635806106e-05,True,SUCCESS,,5.610398292541504
2197,LIU_QUORUM,6.0,9.0,ffeb3bac4c285c2a,0,3333.3333333333335,8.727636363636362,17.727636363636364,True,True,True,3333.3333333333335,8.727672727272722,17.727672727272722,True,True,True,3333.3333333333335,3.6363636359837415e-05,3.636363635806106e-05,True,SUCCESS,,5.721127986907959
2198,LIU_QUORUM,6.0,9.5,6132b53339fa07e9,0,3157.8947368421054,8.727636363636362,18.227636363636364,True,True,True,3157.8947368421054,8.727672727272722,18.227672727272722,True,True,True,3157.8947368421054,3.6363636359837415e-05,3.636363635806106e-05,True,SUCCESS,,5.625974178314209
2199,LIU_QUORUM,6.0,10.0,b0e10bdab685f5b7,0,3000.0,8.727636363636362,18.727636363636364,True,True,True,3000.0,8.727672727272719,18.72767272727272,True,True,True,3000.0,3.63636363562847e-05,3.6363636354508344e-05,True,SUCCESS,,5.67911171913147
2200,LIU_QUORUM,6.2,0.5,a250bd0d54e6d4aa,0,62000.0,9.018545454545453,9.518545454545453,True,False,True,0.0,9.018581818181817,9.518581818181817,True,False,True,0.0,3.636363636339013e-05,3.636363636339013e-05,True,SUCCESS,,5.91081166267395
2201,LIU_QUORUM,6.2,1.0,47ab3974d4204cca,0,31000.0,9.018545454545453,10.018545454545453,True,False,True,0.0,9.018581818181817,10.018581818181817,True,False,True,0.0,3.636363636339013e-05,3.636363636339013e-05,True,SUCCESS,,5.939593315124512
2202,LIU_QUORUM,6.2,1.5,a50668c3a34807b3,0,20666.666666666668,9.018545454545453,10.518545454545453,True,False,True,0.0,9.018581818181815,10.518581818181815,True,False,True,0.0,3.636363636161377e-05,3.636363636161377e-05,True,SUCCESS,,5.887417554855347
2203,LIU_QUORUM,6.2,2.0,79926c579161295d,0,15500.0,9.018545454545453,11.018545454545453,True,True,True,15500.0,9.018581818181815,11.018581818181815,True,True,True,15500.0,3.636363636161377e-05,3.636363636161377e-05,True,SUCCESS,,5.921145677566528
2204,LIU_QUORUM,6.2,2.5,a197f024ed160d09,0,12400.0,9.018545454545453,11.518545454545453,True,True,True,12400.0,9.018581818181815,11.518581818181815,True,True,True,12400.0,3.636363636161377e-05,3.636363636161377e-05,True,SUCCESS,,5.994391679763794
2205,LIU_QUORUM,6.2,3.0,419b83d009f9d761,0,10333.333333333334,9.018545454545453,12.018545454545453,True,True,True,10333.333333333334,9.018581818181815,12.018581818181815,True,True,True,10333.333333333334,3.636363636161377e-05,3.636363636161377e-05,True,SUCCESS,,6.025089502334595
2206,LIU_QUORUM,6.2,3.5,97fa991d3d8b9dcb,0,8857.142857142857,9.018545454545453,12.518545454545453,True,True,True,8857.142857142857,9.018581818181815,12.518581818181815,True,True,True,8857.142857142857,3.636363636161377e-05,3.636363636161377e-05,True,SUCCESS,,5.967255353927612
2207,LIU_QUORUM,6.2,4.0,43c5ab95f5cf5a58,0,7750.0,9.018545454545453,13.018545454545453,True,True,True,7750.0,9.018581818181815,13.018581818181815,True,True,True,7750.0,3.636363636161377e-05,3.636363636161377e-05,True,SUCCESS,,6.5260913372039795
2208,LIU_QUORUM,6.2,4.5,f26f6aae61f42f59,0,6888.888888888889,9.018545454545453,13.518545454545453,True,True,True,6888.888888888889,9.018581818181815,13.518581818181815,True,True,True,6888.888888888889,3.636363636161377e-05,3.636363636161377e-05,True,SUCCESS,,6.459009170532227
2209,LIU_QUORUM,6.2,5.0,38dadd747310cea8,0,6200.0,9.018545454545453,14.018545454545453,True,True,True,6200.0,9.018581818181815,14.018581818181815,True,True,True,6200.0,3.636363636161377e-05,3.636363636161377e-05,True,SUCCESS,,6.210070848464966
2210,LIU_QUORUM,6.2,5.5,a0e7b45a199a69d5,0,5636.363636363636,9.018545454545453,14.518545454545453,True,True,True,5636.363636363636,9.018581818181818,14.518581818181818,True,True,True,5636.363636363636,3.6363636365166485e-05,3.6363636365166485e-05,True,SUCCESS,,6.126616716384888
2211,LIU_QUORUM,6.2,6.0,1b96747ec54273d4,0,5166.666666666667,9.018545454545453,15.018545454545453,True,True,True,5166.666666666667,9.018581818181818,15.018581818181818,True,True,True,5166.666666666667,3.6363636365166485e-05,3.6363636365166485e-05,True,SUCCESS,,6.065168380737305
2212,LIU_QUORUM,6.2,6.5,0472ce4b37fd2de8,0,4769.2307692307695,9.018545454545453,15.518545454545453,True,True,True,4769.2307692307695,9.018581818181818,15.518581818181818,True,True,True,4769.2307692307695,3.6363636365166485e-05,3.6363636365166485e-05,True,SUCCESS,,6.092026472091675
2213,LIU_QUORUM,6.2,7.0,5fb0afcc9a410292,0,4428.571428571428,9.018545454545453,16.018545454545453,True,True,True,4428.571428571428,9.018581818181818,16.01858181818182,True,True,True,4428.571428571428,3.6363636365166485e-05,3.6363636365166485e-05,True,SUCCESS,,6.045461416244507
2214,LIU_QUORUM,6.2,7.5,d2d499dbd5f7250a,0,4133.333333333333,9.018545454545453,16.518545454545453,True,True,True,4133.333333333333,9.018581818181815,16.518581818181815,True,True,True,4133.333333333333,3.636363636161377e-05,3.636363636161377e-05,True,SUCCESS,,6.243219614028931
2215,LIU_QUORUM,6.2,8.0,390e3e4dc78dc79e,0,3875.0,9.018545454545453,17.018545454545453,True,True,True,3875.0,9.018581818181815,17.018581818181815,True,True,True,3875.0,3.636363636161377e-05,3.636363636161377e-05,True,SUCCESS,,6.31002140045166
2216,LIU_QUORUM,6.2,8.5,ef5c2e28b1eac45a,0,3647.0588235294117,9.018545454545453,17.518545454545453,True,True,True,3647.0588235294117,9.018581818181815,17.518581818181815,True,True,True,3647.0588235294117,3.636363636161377e-05,3.636363636161377e-05,True,SUCCESS,,6.129337310791016
2217,LIU_QUORUM,6.2,9.0,31294658ed183d15,0,3444.4444444444443,9.018545454545453,18.018545454545453,True,True,True,3444.4444444444443,9.018581818181815,18.018581818181815,True,True,True,3444.4444444444443,3.636363636161377e-05,3.636363636161377e-05,True,SUCCESS,,6.147112846374512
2218,LIU_QUORUM,6.2,9.5,d446497dd1dc0a05,0,3263.157894736842,9.018545454545453,18.518545454545453,True,True,True,3263.157894736842,9.018581818181818,18.51858181818182,True,True,True,3263.157894736842,3.6363636365166485e-05,3.6363636365166485e-05,True,SUCCESS,,6.100533485412598
2219,LIU_QUORUM,6.2,10.0,5b211e75b0983971,0,3100.0,9.018545454545453,19.018545454545453,True,True,True,3100.0,9.018581818181815,19.018581818181815,True,True,True,3100.0,3.636363636161377e-05,3.636363636161377e-05,True,SUCCESS,,5.979478359222412
2220,LIU_QUORUM,6.4,0.5,385499b434638a2e,0,64000.0,9.309454545454546,9.809454545454546,True,False,True,0.0,9.309490909090911,9.809490909090911,True,False,True,0.0,3.6363636365166485e-05,3.6363636365166485e-05,True,SUCCESS,,6.202023267745972
2221,LIU_QUORUM,6.4,1.0,56c188941fb8b0bc,0,32000.0,9.309454545454546,10.309454545454546,True,False,True,0.0,9.30949090909091,10.30949090909091,True,False,True,0.0,3.636363636339013e-05,3.636363636339013e-05,True,SUCCESS,,6.295792579650879
2222,LIU_QUORUM,6.4,1.5,35bf950e73da2263,0,21333.333333333332,9.309454545454546,10.809454545454546,True,False,True,0.0,9.30949090909091,10.80949090909091,True,False,True,0.0,3.636363636339013e-05,3.636363636339013e-05,True,SUCCESS,,6.147287607192993
2223,LIU_QUORUM,6.4,2.0,d957f3e1da1c69cd,0,16000.0,9.309454545454546,11.309454545454546,True,True,True,16000.0,9.309490909090911,11.309490909090911,True,True,True,16000.0,3.6363636365166485e-05,3.6363636365166485e-05,True,SUCCESS,,6.146734237670898
2224,LIU_QUORUM,6.4,2.5,42bbbc7d17a025a0,0,12800.0,9.309454545454546,11.809454545454546,True,True,True,12800.0,9.309490909090911,11.809490909090911,True,True,True,12800.0,3.6363636365166485e-05,3.6363636365166485e-05,True,SUCCESS,,6.121114253997803
2225,LIU_QUORUM,6.4,3.0,329bac6a1c38b14d,0,10666.666666666666,9.309454545454546,12.309454545454546,True,True,True,10666.666666666666,9.309490909090911,12.309490909090911,True,True,True,10666.666666666666,3.6363636365166485e-05,3.6363636365166485e-05,True,SUCCESS,,6.123600006103516
2226,LIU_QUORUM,6.4,3.5,2a73a4ac81cbccea,0,9142.857142857143,9.309454545454546,12.809454545454546,True,True,True,9142.857142857143,9.309490909090911,12.809490909090911,True,True,True,9142.857142857143,3.6363636365166485e-05,3.6363636365166485e-05,True,SUCCESS,,6.190009355545044
2227,LIU_QUORUM,6.4,4.0,0904fa383d24544f,0,8000.0,9.309454545454546,13.309454545454546,True,True,True,8000.0,9.309490909090911,13.309490909090911,True,True,True,8000.0,3.6363636365166485e-05,3.6363636365166485e-05,True,SUCCESS,,6.237791299819946
2228,LIU_QUORUM,6.4,4.5,60e5b9fe5d755ff1,0,7111.111111111111,9.309454545454546,13.809454545454546,True,True,True,7111.111111111111,9.309490909090911,13.809490909090911,True,True,True,7111.111111111111,3.6363636365166485e-05,3.6363636365166485e-05,True,SUCCESS,,6.267752170562744
2229,LIU_QUORUM,6.4,5.0,b052c1dd5d13cf39,0,6400.0,9.309454545454546,14.309454545454546,True,True,True,6400.0,9.309490909090908,14.309490909090908,True,True,True,6400.0,3.636363636161377e-05,3.636363636161377e-05,True,SUCCESS,,6.301165580749512
2230,LIU_QUORUM,6.4,5.5,e1f9cd21eb5eed2e,0,5818.181818181818,9.309454545454546,14.809454545454546,True,True,True,5818.181818181818,9.309490909090911,14.809490909090911,True,True,True,5818.181818181818,3.6363636365166485e-05,3.6363636365166485e-05,True,SUCCESS,,6.3611814975738525
2231,LIU_QUORUM,6.4,6.0,0b5e07e48c68dec4,0,5333.333333333333,9.309454545454546,15.309454545454546,True,True,True,5333.333333333333,9.309490909090911,15.309490909090911,True,True,True,5333.333333333333,3.6363636365166485e-05,3.6363636365166485e-05,True,SUCCESS,,6.396191596984863
2232,LIU_QUORUM,6.4,6.5,4dea6b8b6ab698b9,0,4923.076923076923,9.309454545454546,15.809454545454546,True,True,True,4923.076923076923,9.309490909090911,15.809490909090911,True,True,True,4923.076923076923,3.6363636365166485e-05,3.6363636365166485e-05,True,SUCCESS,,6.34031867980957
2233,LIU_QUORUM,6.4,7.0,5b8abe3ffba2d767,0,4571.428571428572,9.309454545454546,16.309454545454546,True,True,True,4571.428571428572,9.309490909090911,16.30949090909091,True,True,True,4571.428571428572,3.6363636365166485e-05,3.6363636365166485e-05,True,SUCCESS,,6.391526460647583
2234,LIU_QUORUM,6.4,7.5,0e821470840fab21,0,4266.666666666667,9.309454545454546,16.809454545454546,True,True,True,4266.666666666667,9.309490909090911,16.80949090909091,True,True,True,4266.666666666667,3.6363636365166485e-05,3.6363636365166485e-05,True,SUCCESS,,6.434548616409302
2235,LIU_QUORUM,6.4,8.0,f544b6ef6b591d64,0,4000.0,9.309454545454546,17.309454545454546,True,True,True,4000.0,9.309490909090911,17.30949090909091,True,True,True,4000.0,3.6363636365166485e-05,3.6363636365166485e-05,True,SUCCESS,,6.403779745101929
2236,LIU_QUORUM,6.4,8.5,cdd5cf5ed6eff3b4,0,3764.705882352941,9.309454545454546,17.809454545454546,True,True,True,3764.705882352941,9.309490909090911,17.80949090909091,True,True,True,3764.705882352941,3.6363636365166485e-05,3.6363636365166485e-05,True,SUCCESS,,6.4612627029418945
2237,LIU_QUORUM,6.4,9.0,25cf63a480eb9798,0,3555.5555555555557,9.309454545454546,18.309454545454546,True,True,True,3555.5555555555557,9.309490909090911,18.30949090909091,True,True,True,3555.5555555555557,3.6363636365166485e-05,3.6363636365166485e-05,True,SUCCESS,,6.459303379058838
2238,LIU_QUORUM,6.4,9.5,2ec0bfb9506fb9b9,0,3368.4210526315787,9.309454545454546,18.809454545454546,True,True,True,3368.4210526315787,9.309490909090911,18.80949090909091,True,True,True,3368.4210526315787,3.6363636365166485e-05,3.6363636365166485e-05,True,SUCCESS,,6.470534324645996
2239,LIU_QUORUM,6.4,10.0,94c68096f4da019b,0,3200.0,9.309454545454546,19.309454545454546,True,True,True,3200.0,9.309490909090911,19.30949090909091,True,True,True,3200.0,3.6363636365166485e-05,3.6363636365166485e-05,True,SUCCESS,,6.528788089752197
2240,LIU_QUORUM,6.6,0.5,f0a9df3e7ca3e236,0,66000.0,9.600363636363635,10.100363636363635,True,False,True,0.0,9.600399999999999,10.100399999999999,True,False,True,0.0,3.636363636339013e-05,3.636363636339013e-05,True,SUCCESS,,6.747767925262451
2241,LIU_QUORUM,6.6,1.0,9f9a1ba60fdc5697,0,33000.0,9.600363636363635,10.600363636363635,True,False,True,0.0,9.600399999999999,10.600399999999999,True,False,True,0.0,3.636363636339013e-05,3.636363636339013e-05,True,SUCCESS,,7.0242626667022705
2242,LIU_QUORUM,6.6,1.5,342e6427e39b2483,0,22000.0,9.600363636363635,11.100363636363635,True,False,True,0.0,9.6004,11.1004,True,False,True,0.0,3.6363636365166485e-05,3.6363636365166485e-05,True,SUCCESS,,6.621670246124268
2243,LIU_QUORUM,6.6,2.0,97ad158cf66deb7b,0,16500.0,9.600363636363635,11.600363636363635,True,True,True,16500.0,9.6004,11.6004,True,True,True,16500.0,3.6363636365166485e-05,3.6363636365166485e-05,True,SUCCESS,,6.738516330718994
2244,LIU_QUORUM,6.6,2.5,fc8e7347c27d5f33,0,13200.0,9.600363636363635,12.100363636363635,True,True,True,13200.0,9.6004,12.1004,True,True,True,13200.0,3.6363636365166485e-05,3.6363636365166485e-05,True,SUCCESS,,6.6015613079071045
2245,LIU_QUORUM,6.6,3.0,b0504205c5f25b88,0,11000.0,9.600363636363635,12.600363636363635,True,True,True,11000.0,9.6004,12.6004,True,True,True,11000.0,3.6363636365166485e-05,3.6363636365166485e-05,True,SUCCESS,,6.809113264083862
2246,LIU_QUORUM,6.6,3.5,2442f6a17d774ead,0,9428.57142857143,9.600363636363635,13.100363636363635,True,True,True,9428.57142857143,9.6004,13.1004,True,True,True,9428.57142857143,3.6363636365166485e-05,3.6363636365166485e-05,True,SUCCESS,,6.7568583488464355
2247,LIU_QUORUM,6.6,4.0,884cba7226432713,0,8250.0,9.600363636363635,13.600363636363635,True,True,True,8250.0,9.6004,13.6004,True,True,True,8250.0,3.6363636365166485e-05,3.6363636365166485e-05,True,SUCCESS,,6.751314878463745
2248,LIU_QUORUM,6.6,4.5,91dfe2f561f5d1e5,0,7333.333333333333,9.600363636363635,14.100363636363635,True,True,True,7333.333333333333,9.6004,14.1004,True,True,True,7333.333333333333,3.6363636365166485e-05,3.6363636365166485e-05,True,SUCCESS,,6.6996588706970215
2249,LIU_QUORUM,6.6,5.0,a71a99907fb3538b,0,6600.0,9.600363636363635,14.600363636363635,True,True,True,6600.0,9.600399999999997,14.600399999999997,True,True,True,6600.0,3.636363636161377e-05,3.636363636161377e-05,True,SUCCESS,,6.754288673400879
2250,LIU_QUORUM,6.6,5.5,91f2ee2e4131f24d,0,6000.0,9.600363636363635,15.100363636363635,True,True,True,6000.0,9.600399999999997,15.100399999999997,True,True,True,6000.0,3.636363636161377e-05,3.636363636161377e-05,True,SUCCESS,,6.704336643218994
2251,LIU_QUORUM,6.6,6.0,5d0218373cdfb9c3,0,5500.0,9.600363636363635,15.600363636363635,True,True,True,5500.0,9.600399999999997,15.600399999999997,True,True,True,5500.0,3.636363636161377e-05,3.636363636161377e-05,True,SUCCESS,,6.904928684234619
2252,LIU_QUORUM,6.6,6.5,e9ef266a2bcf5fe6,0,5076.923076923077,9.600363636363635,16.100363636363635,True,True,True,5076.923076923077,9.600399999999997,16.100399999999997,True,True,True,5076.923076923077,3.636363636161377e-05,3.636363636161377e-05,True,SUCCESS,,6.773498773574829
2253,LIU_QUORUM,6.6,7.0,ff959e2cc5dda4b0,0,4714.285714285715,9.600363636363635,16.600363636363635,True,True,True,4714.285714285715,9.600399999999993,16.600399999999993,True,True,True,4714.285714285715,3.636363635806106e-05,3.636363635806106e-05,True,SUCCESS,,6.872243642807007
2254,LIU_QUORUM,6.6,7.5,20979bd12278c893,0,4400.0,9.600363636363635,17.100363636363635,True,True,True,4400.0,9.600399999999993,17.100399999999993,True,True,True,4400.0,3.636363635806106e-05,3.636363635806106e-05,True,SUCCESS,,6.777673959732056
2255,LIU_QUORUM,6.6,8.0,7f1aa160bb8a6089,0,4125.0,9.600363636363635,17.600363636363635,True,True,True,4125.0,9.600399999999993,17.600399999999993,True,True,True,4125.0,3.636363635806106e-05,3.636363635806106e-05,True,SUCCESS,,6.783052682876587
2256,LIU_QUORUM,6.6,8.5,6f21b570a1d12fd4,0,3882.3529411764707,9.600363636363635,18.100363636363635,True,True,True,3882.3529411764707,9.600399999999993,18.100399999999993,True,True,True,3882.3529411764707,3.636363635806106e-05,3.636363635806106e-05,True,SUCCESS,,6.937883377075195
2257,LIU_QUORUM,6.6,9.0,8e309448dbc0be2f,0,3666.6666666666665,9.600363636363635,18.600363636363635,True,True,True,3666.6666666666665,9.600399999999997,18.600399999999997,True,True,True,3666.6666666666665,3.636363636161377e-05,3.636363636161377e-05,True,SUCCESS,,6.823949098587036
2258,LIU_QUORUM,6.6,9.5,cbd51de2c9640745,0,3473.684210526316,9.600363636363635,19.100363636363635,True,True,True,3473.684210526316,9.600399999999993,19.100399999999993,True,True,True,3473.684210526316,3.636363635806106e-05,3.636363635806106e-05,True,SUCCESS,,6.958995819091797
2259,LIU_QUORUM,6.6,10.0,a987cb7195d0266a,0,3300.0,9.600363636363635,19.600363636363635,True,True,True,3300.0,9.600399999999993,19.600399999999993,True,True,True,3300.0,3.636363635806106e-05,3.636363635806106e-05,True,SUCCESS,,6.853590726852417
2260,LIU_QUORUM,6.8,0.5,da88fe7fcaa39b25,0,68000.0,9.891272727272726,10.391272727272726,True,False,True,0.0,9.89130909090909,10.39130909090909,True,False,True,0.0,3.636363636339013e-05,3.636363636339013e-05,True,SUCCESS,,7.222365379333496
2261,LIU_QUORUM,6.8,1.0,8a72e49d7fa87cc4,0,34000.0,9.891272727272726,10.891272727272726,True,False,True,0.0,9.89130909090909,10.89130909090909,True,False,True,0.0,3.636363636339013e-05,3.636363636339013e-05,True,SUCCESS,,7.260505199432373
2262,LIU_QUORUM,6.8,1.5,1e3898cd0db88239,0,22666.666666666668,9.891272727272726,11.391272727272726,True,False,True,0.0,9.89130909090909,11.39130909090909,True,False,True,0.0,3.636363636339013e-05,3.636363636339013e-05,True,SUCCESS,,7.016676664352417
2263,LIU_QUORUM,6.8,2.0,e1eb45776cea6be9,0,17000.0,9.891272727272726,11.891272727272726,True,True,True,17000.0,9.89130909090909,11.89130909090909,True,True,True,17000.0,3.636363636339013e-05,3.636363636339013e-05,True,SUCCESS,,7.002477169036865
2264,LIU_QUORUM,6.8,2.5,aa05d7371431dd12,0,13600.0,9.891272727272726,12.391272727272726,True,True,True,13600.0,9.89130909090909,12.39130909090909,True,True,True,13600.0,3.636363636339013e-05,3.636363636339013e-05,True,SUCCESS,,7.06259560585022
2265,LIU_QUORUM,6.8,3.0,b5bafcb96f3533fe,0,11333.333333333334,9.891272727272726,12.891272727272726,True,True,True,11333.333333333334,9.89130909090909,12.89130909090909,True,True,True,11333.333333333334,3.636363636339013e-05,3.636363636339013e-05,True,SUCCESS,,7.0428407192230225
2266,LIU_QUORUM,6.8,3.5,e16b84ba7e965ee1,0,9714.285714285714,9.891272727272726,13.391272727272726,True,True,True,9714.285714285714,9.89130909090909,13.39130909090909,True,True,True,9714.285714285714,3.636363636339013e-05,3.636363636339013e-05,True,SUCCESS,,7.052567481994629
2267,LIU_QUORUM,6.8,4.0,a1d45f4c648adf08,0,8500.0,9.891272727272726,13.891272727272726,True,True,True,8500.0,9.89130909090909,13.89130909090909,True,True,True,8500.0,3.636363636339013e-05,3.636363636339013e-05,True,SUCCESS,,7.140652179718018
2268,LIU_QUORUM,6.8,4.5,eef5ec0bed221ccf,0,7555.555555555556,9.891272727272726,14.391272727272726,True,True,True,7555.555555555556,9.891309090909093,14.391309090909093,True,True,True,7555.555555555556,3.636363636694284e-05,3.636363636694284e-05,True,SUCCESS,,7.0872743129730225
2269,LIU_QUORUM,6.8,5.0,194a6a802ea80506,0,6800.0,9.891272727272726,14.891272727272726,True,True,True,6800.0,9.891309090909093,14.891309090909093,True,True,True,6800.0,3.636363636694284e-05,3.636363636694284e-05,True,SUCCESS,,7.201163291931152
2270,LIU_QUORUM,6.8,5.5,530bd05847e145ce,0,6181.818181818182,9.891272727272726,15.391272727272726,True,True,True,6181.818181818182,9.891309090909093,15.391309090909093,True,True,True,6181.818181818182,3.636363636694284e-05,3.636363636694284e-05,True,SUCCESS,,7.105877637863159
2271,LIU_QUORUM,6.8,6.0,d26fca50f904f60f,0,5666.666666666667,9.891272727272726,15.891272727272726,True,True,True,5666.666666666667,9.891309090909093,15.891309090909093,True,True,True,5666.666666666667,3.636363636694284e-05,3.636363636694284e-05,True,SUCCESS,,7.0867040157318115
2272,LIU_QUORUM,6.8,6.5,990ebfd99291681d,0,5230.7692307692305,9.891272727272726,16.391272727272728,True,True,True,5230.7692307692305,9.89130909090909,16.39130909090909,True,True,True,5230.7692307692305,3.636363636339013e-05,3.636363636161377e-05,True,SUCCESS,,7.110565423965454
2273,LIU_QUORUM,6.8,7.0,64eb3888439c62ac,0,4857.142857142857,9.891272727272726,16.891272727272728,True,True,True,4857.142857142857,9.89130909090909,16.89130909090909,True,True,True,4857.142857142857,3.636363636339013e-05,3.636363636161377e-05,True,SUCCESS,,7.135196208953857
2274,LIU_QUORUM,6.8,7.5,15ca3dc257d856ec,0,4533.333333333333,9.891272727272726,17.391272727272728,True,True,True,4533.333333333333,9.89130909090909,17.39130909090909,True,True,True,4533.333333333333,3.636363636339013e-05,3.636363636161377e-05,True,SUCCESS,,7.1152472496032715
2275,LIU_QUORUM,6.8,8.0,a3e12f648d9fbd62,0,4250.0,9.891272727272726,17.891272727272728,True,True,True,4250.0,9.89130909090909,17.89130909090909,True,True,True,4250.0,3.636363636339013e-05,3.636363636161377e-05,True,SUCCESS,,7.163278818130493
2276,LIU_QUORUM,6.8,8.5,2ec9ae6aaf6b9f82,0,4000.0,9.891272727272726,18.391272727272728,True,True,True,4000.0,9.891309090909086,18.391309090909086,True,True,True,4000.0,3.6363636359837415e-05,3.636363635806106e-05,True,SUCCESS,,7.132556676864624
2277,LIU_QUORUM,6.8,9.0,c5ef468e691bf66d,0,3777.777777777778,9.891272727272726,18.891272727272728,True,True,True,3777.777777777778,9.891309090909086,18.891309090909086,True,True,True,3777.777777777778,3.6363636359837415e-05,3.636363635806106e-05,True,SUCCESS,,7.4123430252075195
2278,LIU_QUORUM,6.8,9.5,784dc7495714f021,0,3578.9473684210525,9.891272727272726,19.391272727272728,True,True,True,3578.9473684210525,9.89130909090909,19.39130909090909,True,True,True,3578.9473684210525,3.636363636339013e-05,3.636363636161377e-05,True,SUCCESS,,7.294467210769653
2279,LIU_QUORUM,6.8,10.0,7bf507e7cda4d847,0,3400.0,9.891272727272726,19.891272727272728,True,True,True,3400.0,9.89130909090909,19.89130909090909,True,True,True,3400.0,3.636363636339013e-05,3.636363636161377e-05,True,SUCCESS,,7.282826900482178
2280,LIU_QUORUM,7.0,0.5,d9c0ce84f2c7d3d0,0,70000.0,10.182181818181817,10.682181818181817,True,False,True,0.0,10.18221818181818,10.68221818181818,True,False,True,0.0,3.636363636339013e-05,3.636363636339013e-05,True,SUCCESS,,6.765297174453735
2281,LIU_QUORUM,7.0,1.0,c864bbfdb0f00039,0,35000.0,10.182181818181817,11.182181818181817,True,False,True,0.0,10.182218181818179,11.182218181818179,True,False,True,0.0,3.636363636161377e-05,3.636363636161377e-05,True,SUCCESS,,7.552511930465698
2282,LIU_QUORUM,7.0,1.5,956d1f49e787873e,0,23333.333333333332,10.182181818181817,11.682181818181817,True,False,True,0.0,10.182218181818179,11.682218181818179,True,False,True,0.0,3.636363636161377e-05,3.636363636161377e-05,True,SUCCESS,,7.332481145858765
2283,LIU_QUORUM,7.0,2.0,95ec3a0b5e60f070,0,17500.0,10.182181818181817,12.182181818181817,True,False,True,0.0,10.182218181818179,12.182218181818179,True,False,True,0.0,3.636363636161377e-05,3.636363636161377e-05,True,SUCCESS,,7.521516799926758
2284,LIU_QUORUM,7.0,2.5,9e6085549fe70abd,0,14000.0,10.182181818181817,12.682181818181817,True,True,True,14000.0,10.182218181818179,12.682218181818179,True,True,True,14000.0,3.636363636161377e-05,3.636363636161377e-05,True,SUCCESS,,7.394819974899292
2285,LIU_QUORUM,7.0,3.0,c23ac2e4f39b59e1,0,11666.666666666666,10.182181818181817,13.182181818181817,True,True,True,11666.666666666666,10.182218181818179,13.182218181818179,True,True,True,11666.666666666666,3.636363636161377e-05,3.636363636161377e-05,True,SUCCESS,,7.53907585144043
2286,LIU_QUORUM,7.0,3.5,43a76210379853ea,0,10000.0,10.182181818181817,13.682181818181817,True,True,True,10000.0,10.182218181818179,13.682218181818179,True,True,True,10000.0,3.636363636161377e-05,3.636363636161377e-05,True,SUCCESS,,7.310135364532471
2287,LIU_QUORUM,7.0,4.0,7f1f4223668355f0,0,8750.0,10.182181818181817,14.182181818181817,True,True,True,8750.0,10.182218181818183,14.182218181818183,True,True,True,8750.0,3.6363636365166485e-05,3.6363636365166485e-05,True,SUCCESS,,7.494004487991333
2288,LIU_QUORUM,7.0,4.5,3aa0d15263b030cf,0,7777.777777777777,10.182181818181817,14.682181818181817,True,True,True,7777.777777777777,10.182218181818179,14.682218181818179,True,True,True,7777.777777777777,3.636363636161377e-05,3.636363636161377e-05,True,SUCCESS,,7.3837103843688965
2289,LIU_QUORUM,7.0,5.0,b09431af3e2f98dc,0,7000.0,10.182181818181817,15.182181818181817,True,True,True,7000.0,10.182218181818179,15.182218181818179,True,True,True,7000.0,3.636363636161377e-05,3.636363636161377e-05,True,SUCCESS,,7.542177200317383
2290,LIU_QUORUM,7.0,5.5,8054fdd5128871c6,0,6363.636363636364,10.182181818181817,15.682181818181817,True,True,True,6363.636363636364,10.182218181818179,15.682218181818179,True,True,True,6363.636363636364,3.636363636161377e-05,3.636363636161377e-05,True,SUCCESS,,7.436181545257568
2291,LIU_QUORUM,7.0,6.0,445db76f1e1ae036,0,5833.333333333333,10.182181818181817,16.182181818181817,True,True,True,5833.333333333333,10.182218181818183,16.182218181818183,True,True,True,5833.333333333333,3.6363636365166485e-05,3.6363636365166485e-05,True,SUCCESS,,7.460377216339111
2292,LIU_QUORUM,7.0,6.5,caed1c5fe593217f,0,5384.615384615385,10.182181818181817,16.682181818181817,True,True,True,5384.615384615385,10.182218181818183,16.682218181818183,True,True,True,5384.615384615385,3.6363636365166485e-05,3.6363636365166485e-05,True,SUCCESS,,7.461757183074951
2293,LIU_QUORUM,7.0,7.0,d7f05619dc1cdd36,0,5000.0,10.182181818181817,17.182181818181817,True,True,True,5000.0,10.182218181818183,17.182218181818183,True,True,True,5000.0,3.6363636365166485e-05,3.6363636365166485e-05,True,SUCCESS,,7.550278186798096
2294,LIU_QUORUM,7.0,7.5,77f4b929470c0c59,0,4666.666666666667,10.182181818181817,17.682181818181817,True,True,True,4666.666666666667,10.182218181818183,17.682218181818183,True,True,True,4666.666666666667,3.6363636365166485e-05,3.6363636365166485e-05,True,SUCCESS,,7.480834245681763
2295,LIU_QUORUM,7.0,8.0,40034c6d37b0a8b9,0,4375.0,10.182181818181817,18.182181818181817,True,True,True,4375.0,10.182218181818183,18.182218181818183,True,True,True,4375.0,3.6363636365166485e-05,3.6363636365166485e-05,True,SUCCESS,,7.524317741394043
2296,LIU_QUORUM,7.0,8.5,0e7a54f64a80d6c6,0,4117.64705882353,10.182181818181817,18.682181818181817,True,True,True,4117.64705882353,10.182218181818186,18.682218181818186,True,True,True,4117.64705882353,3.63636363687192e-05,3.63636363687192e-05,True,SUCCESS,,7.665950059890747
2297,LIU_QUORUM,7.0,9.0,401fa552137d6ddc,0,3888.8888888888887,10.182181818181817,19.182181818181817,True,True,True,3888.8888888888887,10.182218181818186,19.182218181818186,True,True,True,3888.8888888888887,3.63636363687192e-05,3.63636363687192e-05,True,SUCCESS,,7.731456279754639
2298,LIU_QUORUM,7.0,9.5,47a523205721c4c6,0,3684.2105263157896,10.182181818181817,19.682181818181817,True,True,True,3684.2105263157896,10.182218181818186,19.682218181818186,True,True,True,3684.2105263157896,3.63636363687192e-05,3.63636363687192e-05,True,SUCCESS,,7.51058554649353
2299,LIU_QUORUM,7.0,10.0,6ca120ffba9888bf,0,3500.0,10.182181818181817,20.182181818181817,True,True,True,3500.0,10.182218181818186,20.182218181818186,True,True,True,3500.0,3.63636363687192e-05,3.63636363687192e-05,True,SUCCESS,,7.5263352394104
2300,LIU_QUORUM,7.2,0.5,8b848f96e3fa7319,0,72000.0,10.473090909090908,10.973090909090908,True,False,True,0.0,10.473127272727268,10.973127272727268,True,False,True,0.0,3.6363636359837415e-05,3.6363636359837415e-05,True,SUCCESS,,6.6646716594696045
2301,LIU_QUORUM,7.2,1.0,6d2d2ca7af8bd982,0,36000.0,10.473090909090908,11.473090909090908,True,False,True,0.0,10.473127272727268,11.473127272727268,True,False,True,0.0,3.6363636359837415e-05,3.6363636359837415e-05,True,SUCCESS,,7.823910474777222
2302,LIU_QUORUM,7.2,1.5,715df02b59e3a615,0,24000.0,10.473090909090908,11.973090909090908,True,False,True,0.0,10.473127272727268,11.973127272727268,True,False,True,0.0,3.6363636359837415e-05,3.6363636359837415e-05,True,SUCCESS,,7.6188294887542725
2303,LIU_QUORUM,7.2,2.0,2d54cc4f62c85285,0,18000.0,10.473090909090908,12.473090909090908,True,False,True,0.0,10.473127272727268,12.473127272727268,True,False,True,0.0,3.6363636359837415e-05,3.6363636359837415e-05,True,SUCCESS,,7.7378315925598145
2304,LIU_QUORUM,7.2,2.5,2e356d13980a6fe8,0,14400.0,10.473090909090908,12.973090909090908,True,True,True,14400.0,10.473127272727268,12.973127272727268,True,True,True,14400.0,3.6363636359837415e-05,3.6363636359837415e-05,True,SUCCESS,,7.623264789581299
2305,LIU_QUORUM,7.2,3.0,9c2c0539676ed171,0,12000.0,10.473090909090908,13.473090909090908,True,True,True,12000.0,10.473127272727268,13.473127272727268,True,True,True,12000.0,3.6363636359837415e-05,3.6363636359837415e-05,True,SUCCESS,,7.872274398803711
2306,LIU_QUORUM,7.2,3.5,5a144aa008cb9b94,0,10285.714285714286,10.473090909090908,13.973090909090908,True,True,True,10285.714285714286,10.473127272727268,13.973127272727268,True,True,True,10285.714285714286,3.6363636359837415e-05,3.6363636359837415e-05,True,SUCCESS,,7.627313613891602
2307,LIU_QUORUM,7.2,4.0,2058f1223b8721dc,0,9000.0,10.473090909090908,14.473090909090908,True,True,True,9000.0,10.473127272727272,14.473127272727272,True,True,True,9000.0,3.636363636339013e-05,3.636363636339013e-05,True,SUCCESS,,7.7599265575408936
2308,LIU_QUORUM,7.2,4.5,36a440cb3eec1fc8,0,8000.0,10.473090909090908,14.973090909090908,True,True,True,8000.0,10.473127272727272,14.973127272727272,True,True,True,8000.0,3.636363636339013e-05,3.636363636339013e-05,True,SUCCESS,,7.7114317417144775
2309,LIU_QUORUM,7.2,5.0,0dca49d891152ee1,0,7200.0,10.473090909090908,15.473090909090908,True,True,True,7200.0,10.473127272727272,15.473127272727272,True,True,True,7200.0,3.636363636339013e-05,3.636363636339013e-05,True,SUCCESS,,7.799824953079224
2310,LIU_QUORUM,7.2,5.5,730d013e9283de2f,0,6545.454545454545,10.473090909090908,15.973090909090908,True,True,True,6545.454545454545,10.473127272727272,15.973127272727272,True,True,True,6545.454545454545,3.636363636339013e-05,3.636363636339013e-05,True,SUCCESS,,7.8042144775390625
2311,LIU_QUORUM,7.2,6.0,e6e4b65987a87a5b,0,6000.0,10.473090909090908,16.473090909090907,True,True,True,6000.0,10.473127272727268,16.473127272727268,True,True,True,6000.0,3.6363636359837415e-05,3.636363636161377e-05,True,SUCCESS,,7.9490807056427
2312,LIU_QUORUM,7.2,6.5,0d19b4d771316d32,0,5538.461538461538,10.473090909090908,16.973090909090907,True,True,True,5538.461538461538,10.473127272727268,16.973127272727268,True,True,True,5538.461538461538,3.6363636359837415e-05,3.636363636161377e-05,True,SUCCESS,,7.943020343780518
2313,LIU_QUORUM,7.2,7.0,fb6b31be2819a957,0,5142.857142857143,10.473090909090908,17.473090909090907,True,True,True,5142.857142857143,10.473127272727268,17.473127272727268,True,True,True,5142.857142857143,3.6363636359837415e-05,3.636363636161377e-05,True,SUCCESS,,7.907825231552124
2314,LIU_QUORUM,7.2,7.5,cbe05708f2700bbd,0,4800.0,10.473090909090908,17.973090909090907,True,True,True,4800.0,10.473127272727268,17.973127272727268,True,True,True,4800.0,3.6363636359837415e-05,3.636363636161377e-05,True,SUCCESS,,7.899101972579956
2315,LIU_QUORUM,7.2,8.0,544be3412e9e9588,0,4500.0,10.473090909090908,18.473090909090907,True,True,True,4500.0,10.473127272727272,18.47312727272727,True,True,True,4500.0,3.636363636339013e-05,3.6363636365166485e-05,True,SUCCESS,,7.984840393066406
2316,LIU_QUORUM,7.2,8.5,1012a2116ce0262b,0,4235.294117647059,10.473090909090908,18.973090909090907,True,True,True,4235.294117647059,10.473127272727272,18.97312727272727,True,True,True,4235.294117647059,3.636363636339013e-05,3.6363636365166485e-05,True,SUCCESS,,7.997539043426514
2317,LIU_QUORUM,7.2,9.0,328b3d2c3f35830b,0,4000.0,10.473090909090908,19.473090909090907,True,True,True,4000.0,10.473127272727268,19.473127272727268,True,True,True,4000.0,3.6363636359837415e-05,3.636363636161377e-05,True,SUCCESS,,7.887819528579712
2318,LIU_QUORUM,7.2,9.5,bcb6cb7563958bdb,0,3789.4736842105262,10.473090909090908,19.973090909090907,True,True,True,3789.4736842105262,10.473127272727268,19.973127272727268,True,True,True,3789.4736842105262,3.6363636359837415e-05,3.636363636161377e-05,True,SUCCESS,,7.735366582870483
2319,LIU_QUORUM,7.2,10.0,1afc6e4d5005abef,0,3600.0,10.473090909090908,20.473090909090907,True,True,True,3600.0,10.473127272727268,20.473127272727268,True,True,True,3600.0,3.6363636359837415e-05,3.636363636161377e-05,True,SUCCESS,,7.949381113052368
2320,LIU_QUORUM,7.4,0.5,1727cfec2e65c947,0,74000.0,10.764,11.264,True,False,True,0.0,10.764036363636363,11.264036363636363,True,False,True,0.0,3.636363636339013e-05,3.636363636339013e-05,True,SUCCESS,,6.764519929885864
2321,LIU_QUORUM,7.4,1.0,4a1e03b630b96ee1,0,37000.0,10.764,11.764,True,False,True,0.0,10.764036363636365,11.764036363636365,True,False,True,0.0,3.6363636365166485e-05,3.6363636365166485e-05,True,SUCCESS,,8.321819067001343
2322,LIU_QUORUM,7.4,1.5,b94d8934926cc6c3,0,24666.666666666668,10.764,12.264,True,False,True,0.0,10.764036363636365,12.264036363636365,True,False,True,0.0,3.6363636365166485e-05,3.6363636365166485e-05,True,SUCCESS,,8.09489893913269
2323,LIU_QUORUM,7.4,2.0,78e2ee2272d89c55,0,18500.0,10.764,12.764,True,False,True,0.0,10.764036363636365,12.764036363636365,True,False,True,0.0,3.6363636365166485e-05,3.6363636365166485e-05,True,SUCCESS,,8.214529514312744
2324,LIU_QUORUM,7.4,2.5,273d3728f72af5ad,0,14800.0,10.764,13.264,True,True,True,14800.0,10.764036363636365,13.264036363636365,True,True,True,14800.0,3.6363636365166485e-05,3.6363636365166485e-05,True,SUCCESS,,8.21940565109253
2325,LIU_QUORUM,7.4,3.0,6361a779ae6078ae,0,12333.333333333334,10.764,13.764,True,True,True,12333.333333333334,10.764036363636365,13.764036363636365,True,True,True,12333.333333333334,3.6363636365166485e-05,3.6363636365166485e-05,True,SUCCESS,,8.315850973129272
2326,LIU_QUORUM,7.4,3.5,8b8cef4b9b8548eb,0,10571.42857142857,10.764,14.264,True,True,True,10571.42857142857,10.764036363636365,14.264036363636365,True,True,True,10571.42857142857,3.6363636365166485e-05,3.6363636365166485e-05,True,SUCCESS,,8.233396768569946
2327,LIU_QUORUM,7.4,4.0,d0ca7c9be7b8f814,0,9250.0,10.764,14.764,True,True,True,9250.0,10.764036363636365,14.764036363636365,True,True,True,9250.0,3.6363636365166485e-05,3.6363636365166485e-05,True,SUCCESS,,8.283650636672974
2328,LIU_QUORUM,7.4,4.5,6fd934f8232ce544,0,8222.222222222223,10.764,15.264,True,True,True,8222.222222222223,10.764036363636365,15.264036363636365,True,True,True,8222.222222222223,3.6363636365166485e-05,3.6363636365166485e-05,True,SUCCESS,,8.258765697479248
2329,LIU_QUORUM,7.4,5.0,8f061badc68a41c0,0,7400.0,10.764,15.764,True,True,True,7400.0,10.764036363636365,15.764036363636365,True,True,True,7400.0,3.6363636365166485e-05,3.6363636365166485e-05,True,SUCCESS,,8.142441034317017
2330,LIU_QUORUM,7.4,5.5,72905dc0ca85f624,0,6727.272727272727,10.764,16.264,True,True,True,6727.272727272727,10.764036363636365,16.264036363636365,True,True,True,6727.272727272727,3.6363636365166485e-05,3.6363636365166485e-05,True,SUCCESS,,8.028998613357544
2331,LIU_QUORUM,7.4,6.0,fd1ec315723e0a58,0,6166.666666666667,10.764,16.764,True,True,True,6166.666666666667,10.764036363636365,16.764036363636365,True,True,True,6166.666666666667,3.6363636365166485e-05,3.6363636365166485e-05,True,SUCCESS,,8.25998568534851
2332,LIU_QUORUM,7.4,6.5,809e53a873b5b12c,0,5692.307692307692,10.764,17.264,True,True,True,5692.307692307692,10.764036363636365,17.264036363636365,True,True,True,5692.307692307692,3.6363636365166485e-05,3.6363636365166485e-05,True,SUCCESS,,8.024339199066162
2333,LIU_QUORUM,7.4,7.0,92653308e92e2038,0,5285.714285714285,10.764,17.764,True,True,True,5285.714285714285,10.764036363636365,17.764036363636365,True,True,True,5285.714285714285,3.6363636365166485e-05,3.6363636365166485e-05,True,SUCCESS,,8.18326473236084
2334,LIU_QUORUM,7.4,7.5,c2c58db54203d118,0,4933.333333333333,10.764,18.264,True,True,True,4933.333333333333,10.764036363636365,18.264036363636365,True,True,True,4933.333333333333,3.6363636365166485e-05,3.6363636365166485e-05,True,SUCCESS,,8.187290668487549
2335,LIU_QUORUM,7.4,8.0,115a1d34c869cba5,0,4625.0,10.764,18.764,True,True,True,4625.0,10.764036363636365,18.764036363636365,True,True,True,4625.0,3.6363636365166485e-05,3.6363636365166485e-05,True,SUCCESS,,8.249333620071411
2336,LIU_QUORUM,7.4,8.5,5c4fb6682e0368d1,0,4352.941176470588,10.764,19.264,True,True,True,4352.941176470588,10.764036363636365,19.264036363636365,True,True,True,4352.941176470588,3.6363636365166485e-05,3.6363636365166485e-05,True,SUCCESS,,8.268747568130493
2337,LIU_QUORUM,7.4,9.0,1ef605c0df5570a5,0,4111.111111111111,10.764,19.764,True,True,True,4111.111111111111,10.764036363636365,19.764036363636365,True,True,True,4111.111111111111,3.6363636365166485e-05,3.6363636365166485e-05,True,SUCCESS,,8.417829990386963
2338,LIU_QUORUM,7.4,9.5,c8243b5b11ddf41c,0,3894.7368421052633,10.764,20.264,True,True,True,3894.7368421052633,10.764036363636365,20.264036363636365,True,True,True,3894.7368421052633,3.6363636365166485e-05,3.6363636365166485e-05,True,SUCCESS,,8.078140497207642
2339,LIU_QUORUM,7.4,10.0,6bc6b1c3a05153ef,0,3700.0,10.764,20.764,True,True,True,3700.0,10.764036363636365,20.764036363636365,True,True,True,3700.0,3.6363636365166485e-05,3.6363636365166485e-05,True,SUCCESS,,8.155787229537964
2340,LIU_QUORUM,7.6,0.5,f8875e39ef3a339e,0,76000.0,11.05490909090909,11.55490909090909,True,False,True,0.0,11.054945454545454,11.554945454545454,True,False,True,0.0,3.636363636339013e-05,3.636363636339013e-05,True,SUCCESS,,6.523656845092773
2341,LIU_QUORUM,7.6,1.0,a66edf7e49edd934,0,38000.0,11.05490909090909,12.05490909090909,True,False,True,0.0,11.054945454545454,12.054945454545454,True,False,True,0.0,3.636363636339013e-05,3.636363636339013e-05,True,SUCCESS,,8.37002682685852
2342,LIU_QUORUM,7.6,1.5,7adb5fcc643f0c73,0,25333.333333333332,11.05490909090909,12.55490909090909,True,False,True,0.0,11.054945454545454,12.554945454545454,True,False,True,0.0,3.636363636339013e-05,3.636363636339013e-05,True,SUCCESS,,8.295169353485107
2343,LIU_QUORUM,7.6,2.0,9553f03c17e2d987,0,19000.0,11.05490909090909,13.05490909090909,True,False,True,0.0,11.054945454545454,13.054945454545454,True,False,True,0.0,3.636363636339013e-05,3.636363636339013e-05,True,SUCCESS,,8.399390697479248
2344,LIU_QUORUM,7.6,2.5,38fb98c46fe522df,0,15200.0,11.05490909090909,13.55490909090909,True,True,True,15200.0,11.054945454545454,13.554945454545454,True,True,True,15200.0,3.636363636339013e-05,3.636363636339013e-05,True,SUCCESS,,8.275238990783691
2345,LIU_QUORUM,7.6,3.0,313b95fab9851d1e,0,12666.666666666666,11.05490909090909,14.05490909090909,True,True,True,12666.666666666666,11.054945454545454,14.054945454545454,True,True,True,12666.666666666666,3.636363636339013e-05,3.636363636339013e-05,True,SUCCESS,,8.390098571777344
2346,LIU_QUORUM,7.6,3.5,7454e5a4828a60f9,0,10857.142857142857,11.05490909090909,14.55490909090909,True,True,True,10857.142857142857,11.054945454545454,14.554945454545454,True,True,True,10857.142857142857,3.636363636339013e-05,3.636363636339013e-05,True,SUCCESS,,8.300190210342407
2347,LIU_QUORUM,7.6,4.0,556cb091b80a2944,0,9500.0,11.05490909090909,15.05490909090909,True,True,True,9500.0,11.054945454545454,15.054945454545454,True,True,True,9500.0,3.636363636339013e-05,3.636363636339013e-05,True,SUCCESS,,8.354862689971924
2348,LIU_QUORUM,7.6,4.5,210714ddfb42a634,0,8444.444444444445,11.05490909090909,15.55490909090909,True,True,True,8444.444444444445,11.054945454545454,15.554945454545454,True,True,True,8444.444444444445,3.636363636339013e-05,3.636363636339013e-05,True,SUCCESS,,8.281877994537354
2349,LIU_QUORUM,7.6,5.0,91d783c5bd9c984f,0,7600.0,11.05490909090909,16.054909090909092,True,True,True,7600.0,11.054945454545454,16.054945454545454,True,True,True,7600.0,3.636363636339013e-05,3.636363636161377e-05,True,SUCCESS,,8.618453025817871
2350,LIU_QUORUM,7.6,5.5,b4e26dc3c10d7955,0,6909.090909090909,11.05490909090909,16.554909090909092,True,True,True,6909.090909090909,11.054945454545454,16.554945454545454,True,True,True,6909.090909090909,3.636363636339013e-05,3.636363636161377e-05,True,SUCCESS,,8.348915338516235
2351,LIU_QUORUM,7.6,6.0,895e0ebc036bb158,0,6333.333333333333,11.05490909090909,17.054909090909092,True,True,True,6333.333333333333,11.05494545454546,17.05494545454546,True,True,True,6333.333333333333,3.6363636370495556e-05,3.63636363687192e-05,True,SUCCESS,,8.419868469238281
2352,LIU_QUORUM,7.6,6.5,a0d0c09860d01219,0,5846.153846153846,11.05490909090909,17.554909090909092,True,True,True,5846.153846153846,11.05494545454546,17.55494545454546,True,True,True,5846.153846153846,3.6363636370495556e-05,3.63636363687192e-05,True,SUCCESS,,8.424189805984497
2353,LIU_QUORUM,7.6,7.0,6af8eeab688f7d85,0,5428.571428571428,11.05490909090909,18.054909090909092,True,True,True,5428.571428571428,11.05494545454546,18.05494545454546,True,True,True,5428.571428571428,3.6363636370495556e-05,3.63636363687192e-05,True,SUCCESS,,8.433629035949707
2354,LIU_QUORUM,7.6,7.5,340685d334756761,0,5066.666666666667,11.05490909090909,18.554909090909092,True,True,True,5066.666666666667,11.05494545454546,18.55494545454546,True,True,True,5066.666666666667,3.6363636370495556e-05,3.63636363687192e-05,True,SUCCESS,,8.318548917770386
2355,LIU_QUORUM,7.6,8.0,455249e949f194f5,0,4750.0,11.05490909090909,19.054909090909092,True,True,True,4750.0,11.05494545454546,19.05494545454546,True,True,True,4750.0,3.6363636370495556e-05,3.63636363687192e-05,True,SUCCESS,,8.464460134506226
2356,LIU_QUORUM,7.6,8.5,4f513e6bda4aab2d,0,4470.588235294118,11.05490909090909,19.554909090909092,True,True,True,4470.588235294118,11.05494545454546,19.55494545454546,True,True,True,4470.588235294118,3.6363636370495556e-05,3.63636363687192e-05,True,SUCCESS,,8.479090452194214
2357,LIU_QUORUM,7.6,9.0,71db24bbea7a65fd,0,4222.222222222223,11.05490909090909,20.054909090909092,True,True,True,4222.222222222223,11.05494545454546,20.05494545454546,True,True,True,4222.222222222223,3.6363636370495556e-05,3.63636363687192e-05,True,SUCCESS,,8.489585399627686
2358,LIU_QUORUM,7.6,9.5,7d0a06ec1c985dbe,0,4000.0,11.05490909090909,20.554909090909092,True,True,True,4000.0,11.05494545454546,20.55494545454546,True,True,True,4000.0,3.6363636370495556e-05,3.63636363687192e-05,True,SUCCESS,,8.38304090499878
2359,LIU_QUORUM,7.6,10.0,df61a8067ebc1f2e,0,3800.0,11.05490909090909,21.054909090909092,True,True,True,3800.0,11.05494545454546,21.05494545454546,True,True,True,3800.0,3.6363636370495556e-05,3.63636363687192e-05,True,SUCCESS,,8.514705657958984
2360,LIU_QUORUM,7.8,0.5,0f60e82fadf94ca0,0,78000.0,11.345818181818181,11.845818181818181,True,False,True,0.0,11.345854545454543,11.845854545454543,True,False,True,0.0,3.636363636161377e-05,3.636363636161377e-05,True,SUCCESS,,6.502343654632568
2361,LIU_QUORUM,7.8,1.0,0852151200899e6f,0,39000.0,11.345818181818181,12.345818181818181,True,False,True,0.0,11.345854545454543,12.345854545454543,True,False,True,0.0,3.636363636161377e-05,3.636363636161377e-05,True,SUCCESS,,8.818142652511597
2362,LIU_QUORUM,7.8,1.5,b315151d8549c68e,0,26000.0,11.345818181818181,12.845818181818181,True,False,True,0.0,11.345854545454543,12.845854545454543,True,False,True,0.0,3.636363636161377e-05,3.636363636161377e-05,True,SUCCESS,,8.687703371047974
2363,LIU_QUORUM,7.8,2.0,c517cdb92ccb928b,0,19500.0,11.345818181818181,13.345818181818181,True,False,True,0.0,11.345854545454543,13.345854545454543,True,False,True,0.0,3.636363636161377e-05,3.636363636161377e-05,True,SUCCESS,,8.99278450012207
2364,LIU_QUORUM,7.8,2.5,53763497bfffa8c3,0,15600.0,11.345818181818181,13.845818181818181,True,True,True,15600.0,11.345854545454543,13.845854545454543,True,True,True,15600.0,3.636363636161377e-05,3.636363636161377e-05,True,SUCCESS,,9.348198175430298
2365,LIU_QUORUM,7.8,3.0,ef56b0518f31d007,0,13000.0,11.345818181818181,14.345818181818181,True,True,True,13000.0,11.345854545454543,14.345854545454543,True,True,True,13000.0,3.636363636161377e-05,3.636363636161377e-05,True,SUCCESS,,8.83089804649353
2366,LIU_QUORUM,7.8,3.5,b4252f088fa2e932,0,11142.857142857143,11.345818181818181,14.845818181818181,True,True,True,11142.857142857143,11.345854545454543,14.845854545454543,True,True,True,11142.857142857143,3.636363636161377e-05,3.636363636161377e-05,True,SUCCESS,,8.830904245376587
2367,LIU_QUORUM,7.8,4.0,1afa452ee4cce41d,0,9750.0,11.345818181818181,15.345818181818181,True,True,True,9750.0,11.345854545454543,15.345854545454543,True,True,True,9750.0,3.636363636161377e-05,3.636363636161377e-05,True,SUCCESS,,9.630729913711548
2368,LIU_QUORUM,7.8,4.5,b4fd6817fdc98835,0,8666.666666666666,11.345818181818181,15.845818181818181,True,True,True,8666.666666666666,11.345854545454543,15.845854545454543,True,True,True,8666.666666666666,3.636363636161377e-05,3.636363636161377e-05,True,SUCCESS,,9.385219097137451
2369,LIU_QUORUM,7.8,5.0,c2eee66e021d717b,0,7800.0,11.345818181818181,16.34581818181818,True,True,True,7800.0,11.345854545454543,16.345854545454543,True,True,True,7800.0,3.636363636161377e-05,3.636363636161377e-05,True,SUCCESS,,8.72026515007019
2370,LIU_QUORUM,7.8,5.5,ab75aa7b7bbb5de2,0,7090.909090909091,11.345818181818181,16.84581818181818,True,True,True,7090.909090909091,11.345854545454543,16.845854545454543,True,True,True,7090.909090909091,3.636363636161377e-05,3.636363636161377e-05,True,SUCCESS,,9.44439172744751
2371,LIU_QUORUM,7.8,6.0,87ff073b47afc386,0,6500.0,11.345818181818181,17.34581818181818,True,True,True,6500.0,11.345854545454543,17.345854545454543,True,True,True,6500.0,3.636363636161377e-05,3.636363636161377e-05,True,SUCCESS,,9.135395526885986
2372,LIU_QUORUM,7.8,6.5,d53a37bea81658cc,0,6000.0,11.345818181818181,17.84581818181818,True,True,True,6000.0,11.345854545454543,17.845854545454543,True,True,True,6000.0,3.636363636161377e-05,3.636363636161377e-05,True,SUCCESS,,9.022178173065186
2373,LIU_QUORUM,7.8,7.0,8b23c54da11c935b,0,5571.428571428572,11.345818181818181,18.34581818181818,True,True,True,5571.428571428572,11.345854545454543,18.345854545454543,True,True,True,5571.428571428572,3.636363636161377e-05,3.636363636161377e-05,True,SUCCESS,,9.081618309020996
2374,LIU_QUORUM,7.8,7.5,02fe74569a8e9056,0,5200.0,11.345818181818181,18.84581818181818,True,True,True,5200.0,11.345854545454547,18.845854545454547,True,True,True,5200.0,3.6363636365166485e-05,3.6363636365166485e-05,True,SUCCESS,,9.114186763763428
2375,LIU_QUORUM,7.8,8.0,921a4173f51847eb,0,4875.0,11.345818181818181,19.34581818181818,True,True,True,4875.0,11.345854545454547,19.345854545454547,True,True,True,4875.0,3.6363636365166485e-05,3.6363636365166485e-05,True,SUCCESS,,8.956395387649536
2376,LIU_QUORUM,7.8,8.5,364f2e2ec12b2860,0,4588.235294117647,11.345818181818181,19.84581818181818,True,True,True,4588.235294117647,11.345854545454543,19.845854545454543,True,True,True,4588.235294117647,3.636363636161377e-05,3.636363636161377e-05,True,SUCCESS,,9.036182880401611
2377,LIU_QUORUM,7.8,9.0,f158b3c706a05e52,0,4333.333333333333,11.345818181818181,20.34581818181818,True,True,True,4333.333333333333,11.345854545454543,20.345854545454543,True,True,True,4333.333333333333,3.636363636161377e-05,3.636363636161377e-05,True,SUCCESS,,9.07819652557373
2378,LIU_QUORUM,7.8,9.5,34f6a3113bd15b2f,0,4105.263157894737,11.345818181818181,20.84581818181818,True,True,True,4105.263157894737,11.345854545454543,20.845854545454543,True,True,True,4105.263157894737,3.636363636161377e-05,3.636363636161377e-05,True,SUCCESS,,9.058349132537842
2379,LIU_QUORUM,7.8,10.0,3bb79c732b1e8373,0,3900.0,11.345818181818181,21.34581818181818,True,True,True,3900.0,11.345854545454543,21.345854545454543,True,True,True,3900.0,3.636363636161377e-05,3.636363636161377e-05,True,SUCCESS,,9.060465574264526
2380,LIU_QUORUM,8.0,0.5,1a63716a531a7fad,0,80000.0,11.636727272727272,12.136727272727272,True,False,True,0.0,11.636763636363636,12.136763636363636,True,False,True,0.0,3.636363636339013e-05,3.636363636339013e-05,True,SUCCESS,,6.760642766952515
2381,LIU_QUORUM,8.0,1.0,a3d155b266ff8c35,0,40000.0,11.636727272727272,12.636727272727272,True,False,True,0.0,11.636763636363636,12.636763636363636,True,False,True,0.0,3.636363636339013e-05,3.636363636339013e-05,True,SUCCESS,,9.259728908538818
2382,LIU_QUORUM,8.0,1.5,9352f5b55618c8ff,0,26666.666666666668,11.636727272727272,13.136727272727272,True,False,True,0.0,11.636763636363636,13.136763636363636,True,False,True,0.0,3.636363636339013e-05,3.636363636339013e-05,True,SUCCESS,,9.256830930709839
2383,LIU_QUORUM,8.0,2.0,b387e1b2fb62632d,0,20000.0,11.636727272727272,13.636727272727272,True,False,True,0.0,11.636763636363636,13.636763636363636,True,False,True,0.0,3.636363636339013e-05,3.636363636339013e-05,True,SUCCESS,,9.263331651687622
2384,LIU_QUORUM,8.0,2.5,3c5a9b2b4395a2f1,0,16000.0,11.636727272727272,14.136727272727272,True,True,True,16000.0,11.63676363636364,14.13676363636364,True,True,True,16000.0,3.636363636694284e-05,3.636363636694284e-05,True,SUCCESS,,9.223716020584106
2385,LIU_QUORUM,8.0,3.0,c60a2ffe8c8ae447,0,13333.333333333334,11.636727272727272,14.636727272727272,True,True,True,13333.333333333334,11.63676363636364,14.63676363636364,True,True,True,13333.333333333334,3.636363636694284e-05,3.636363636694284e-05,True,SUCCESS,,9.11649751663208
2386,LIU_QUORUM,8.0,3.5,df8992b1ba6a3eaf,0,11428.57142857143,11.636727272727272,15.136727272727272,True,True,True,11428.57142857143,11.63676363636364,15.13676363636364,True,True,True,11428.57142857143,3.636363636694284e-05,3.636363636694284e-05,True,SUCCESS,,9.174122333526611
2387,LIU_QUORUM,8.0,4.0,3157d950de234f63,0,10000.0,11.636727272727272,15.636727272727272,True,True,True,10000.0,11.63676363636364,15.63676363636364,True,True,True,10000.0,3.636363636694284e-05,3.636363636694284e-05,True,SUCCESS,,9.265146017074585
2388,LIU_QUORUM,8.0,4.5,0c6f7526eb6add80,0,8888.888888888889,11.636727272727272,16.13672727272727,True,True,True,8888.888888888889,11.63676363636364,16.13676363636364,True,True,True,8888.888888888889,3.636363636694284e-05,3.63636363687192e-05,True,SUCCESS,,9.150874853134155
2389,LIU_QUORUM,8.0,5.0,c39d5c212d91225b,0,8000.0,11.636727272727272,16.63672727272727,True,True,True,8000.0,11.636763636363636,16.636763636363636,True,True,True,8000.0,3.636363636339013e-05,3.6363636365166485e-05,True,SUCCESS,,9.296095371246338
2390,LIU_QUORUM,8.0,5.5,f72fd7ccab0a1686,0,7272.727272727273,11.636727272727272,17.13672727272727,True,True,True,7272.727272727273,11.636763636363636,17.136763636363636,True,True,True,7272.727272727273,3.636363636339013e-05,3.6363636365166485e-05,True,SUCCESS,,9.226807355880737
2391,LIU_QUORUM,8.0,6.0,217081bd23c0ec3f,0,6666.666666666667,11.636727272727272,17.63672727272727,True,True,True,6666.666666666667,11.636763636363636,17.636763636363636,True,True,True,6666.666666666667,3.636363636339013e-05,3.6363636365166485e-05,True,SUCCESS,,9.536201238632202
2392,LIU_QUORUM,8.0,6.5,8500ad2a23134e3c,0,6153.846153846154,11.636727272727272,18.13672727272727,True,True,True,6153.846153846154,11.636763636363636,18.136763636363636,True,True,True,6153.846153846154,3.636363636339013e-05,3.6363636365166485e-05,True,SUCCESS,,9.239335775375366
2393,LIU_QUORUM,8.0,7.0,01970625fc606c0c,0,5714.285714285715,11.636727272727272,18.63672727272727,True,True,True,5714.285714285715,11.636763636363636,18.636763636363636,True,True,True,5714.285714285715,3.636363636339013e-05,3.6363636365166485e-05,True,SUCCESS,,9.36614727973938
2394,LIU_QUORUM,8.0,7.5,a2c4d64576d02ce0,0,5333.333333333333,11.636727272727272,19.13672727272727,True,True,True,5333.333333333333,11.636763636363636,19.136763636363636,True,True,True,5333.333333333333,3.636363636339013e-05,3.6363636365166485e-05,True,SUCCESS,,9.342104196548462
2395,LIU_QUORUM,8.0,8.0,83e6f958fad2db49,0,5000.0,11.636727272727272,19.63672727272727,True,True,True,5000.0,11.63676363636364,19.63676363636364,True,True,True,5000.0,3.636363636694284e-05,3.63636363687192e-05,True,SUCCESS,,9.74384880065918
2396,LIU_QUORUM,8.0,8.5,3c8af5881df5c2e2,0,4705.882352941177,11.636727272727272,20.13672727272727,True,True,True,4705.882352941177,11.63676363636364,20.13676363636364,True,True,True,4705.882352941177,3.636363636694284e-05,3.63636363687192e-05,True,SUCCESS,,9.447893619537354
2397,LIU_QUORUM,8.0,9.0,1293830aaaf0fe9e,0,4444.444444444444,11.636727272727272,20.63672727272727,True,True,True,4444.444444444444,11.63676363636364,20.63676363636364,True,True,True,4444.444444444444,3.636363636694284e-05,3.63636363687192e-05,True,SUCCESS,,9.208681344985962
2398,LIU_QUORUM,8.0,9.5,eefa478fbf889a0a,0,4210.526315789473,11.636727272727272,21.13672727272727,True,True,True,4210.526315789473,11.63676363636364,21.13676363636364,True,True,True,4210.526315789473,3.636363636694284e-05,3.63636363687192e-05,True,SUCCESS,,9.108771085739136
2399,LIU_QUORUM,8.0,10.0,99351c39d858673e,0,4000.0,11.636727272727272,21.63672727272727,True,True,True,4000.0,11.63676363636364,21.63676363636364,True,True,True,4000.0,3.636363636694284e-05,3.63636363687192e-05,True,SUCCESS,,8.934339046478271
