episode,reward,epsilon,mode,protocol,block_size_mb,block_interval_s,stake_gini,c1,c2,c3,failure,loss,step_s
0,4000.0,1.0,explore,PBFT,1.2,1.5,0.0715,1,1,1,FINALIZED_WITHIN_C2_LIMIT,,0.792
1,0.0,0.999,explore,PBFT,5.8,6.0,0.1284,1,0,1,C2_DEADLINE_EXCEEDED,,1.359
2,4571.429,0.998,explore,LIU_QUORUM,6.4,7.0,0.1416,1,1,1,FINALIZED_WITHIN_C2_LIMIT,,1.443
3,0.0,0.9971,explore,PBFT,1.4,5.5,0.2251,0,1,1,FINALIZED_WITHIN_C2_LIMIT,,0.635
4,1230.769,0.9961,explore,ZYZZYVA,1.6,6.5,0.0362,1,1,1,FINALIZED_WITHIN_C2_LIMIT,,0.69
5,3684.211,0.9951,explore,LIU_QUORUM,7.0,9.5,0.069,1,1,1,FINALIZED_WITHIN_C2_LIMIT,,1.598
6,4923.077,0.9941,explore,LIU_QUORUM,6.4,6.5,0.0779,1,1,1,FINALIZED_WITHIN_C2_LIMIT,,1.53
7,0.0,0.9931,explore,ZYZZYVA,3.4,10.0,0.2811,0,1,1,FINALIZED_WITHIN_C2_LIMIT,,1.026
8,4714.286,0.9922,explore,PBFT,6.6,7.0,0.0768,1,1,1,FINALIZED_WITHIN_C2_LIMIT,,1.617
9,0.0,0.9912,explore,PBFT,6.4,8.5,0.0679,1,0,1,C2_DEADLINE_EXCEEDED,,1.521
10,3052.632,0.9902,explore,ZYZZYVA,5.8,9.5,0.1284,1,1,1,FINALIZED_WITHIN_C2_LIMIT,,3.603
11,2352.941,0.9892,explore,PBFT,4.0,8.5,0.0689,1,1,1,FINALIZED_WITHIN_C2_LIMIT,,1.102
12,7500.0,0.9882,explore,ZYZZYVA,3.0,2.0,0.1982,1,1,1,FINALIZED_WITHIN_C2_LIMIT,,2.453
13,3529.412,0.9873,explore,LIU_QUORUM,6.0,8.5,0.1141,1,1,1,FINALIZED_WITHIN_C2_LIMIT,,1.259
14,6909.091,0.9863,explore,ZYZZYVA,7.6,5.5,0.1459,1,1,1,FINALIZED_WITHIN_C2_LIMIT,,1.694
15,0.0,0.9853,explore,ZYZZYVA,7.0,1.0,0.03,1,0,1,C2_DEADLINE_EXCEEDED,,1.613
16,6000.0,0.9843,explore,PBFT,3.0,2.5,0.1982,1,1,1,FINALIZED_WITHIN_C2_LIMIT,,1.992
17,6666.667,0.9833,explore,ZYZZYVA,4.0,3.0,0.1459,1,1,1,FINALIZED_WITHIN_C2_LIMIT,,1.234
18,0.0,0.9824,explore,PBFT,4.2,7.0,0.0758,1,0,1,C2_DEADLINE_EXCEEDED,,1.292
19,4666.667,0.9814,explore,ZYZZYVA,7.0,7.5,0.0933,1,1,1,FINALIZED_WITHIN_C2_LIMIT,,1.961
20,315.789,0.9804,explore,ZYZZYVA,0.6,9.5,0.0705,1,1,1,FINALIZED_WITHIN_C2_LIMIT,,0.563
21,2307.692,0.9794,explore,PBFT,3.0,6.5,0.0316,1,1,1,FINALIZED_WITHIN_C2_LIMIT,,1.465
22,7500.0,0.9784,explore,LIU_QUORUM,6.0,4.0,0.0651,1,1,1,FINALIZED_WITHIN_C2_LIMIT,,1.548
23,0.0,0.9775,explore,ZYZZYVA,7.6,7.5,0.0705,1,0,1,RUNTIME_GUARD_FAILURE,,3.726
24,4000.0,0.9765,greedy,LIU_QUORUM,8.0,10.0,0.1801,1,1,1,FINALIZED_WITHIN_C2_LIMIT,,2.373
25,0.0,0.9755,explore,LIU_QUORUM,7.0,1.0,0.067,1,0,1,C2_DEADLINE_EXCEEDED,,1.707
26,2400.0,0.9745,explore,PBFT,2.4,5.0,0.0686,1,1,1,FINALIZED_WITHIN_C2_LIMIT,,0.768
27,3846.154,0.9735,explore,ZYZZYVA,5.0,6.5,0.0789,1,1,1,FINALIZED_WITHIN_C2_LIMIT,,1.151
28,1600.0,0.9726,explore,ZYZZYVA,0.8,2.5,0.0294,1,1,1,FINALIZED_WITHIN_C2_LIMIT,,0.497
29,5555.556,0.9716,explore,ZYZZYVA,5.0,4.5,0.0679,1,1,1,FINALIZED_WITHIN_C2_LIMIT,,1.715
30,4000.0,0.9706,explore,LIU_QUORUM,0.4,0.5,0.0647,1,1,1,FINALIZED_WITHIN_C2_LIMIT,,0.231
31,4833.333,0.9696,explore,PBFT,5.8,6.0,0.0651,1,1,1,FINALIZED_WITHIN_C2_LIMIT,,1.861
32,7750.0,0.9686,explore,LIU_QUORUM,6.2,4.0,0.0697,1,1,1,FINALIZED_WITHIN_C2_LIMIT,,2.138
33,1066.667,0.9677,explore,LIU_QUORUM,1.6,7.5,0.0298,1,1,1,FINALIZED_WITHIN_C2_LIMIT,,0.656
34,526.316,0.9667,explore,ZYZZYVA,1.0,9.5,0.104,1,1,1,FINALIZED_WITHIN_C2_LIMIT,,0.517
35,2923.077,0.9657,explore,PBFT,3.8,6.5,0.19,1,1,1,FINALIZED_WITHIN_C2_LIMIT,,1.096
36,9142.857,0.9647,explore,PBFT,6.4,3.5,0.0933,1,1,1,FINALIZED_WITHIN_C2_LIMIT,,1.601
37,1400.0,0.9637,explore,LIU_QUORUM,1.4,5.0,0.0311,1,1,1,FINALIZED_WITHIN_C2_LIMIT,,0.591
38,0.0,0.9628,explore,ZYZZYVA,7.8,2.0,0.0311,1,0,1,C2_DEADLINE_EXCEEDED,,1.783
39,0.0,0.9618,greedy,LIU_QUORUM,8.0,10.0,0.2423,0,1,1,FINALIZED_WITHIN_C2_LIMIT,,2.073
40,0.0,0.9608,explore,LIU_QUORUM,6.8,3.5,0.2536,0,1,1,FINALIZED_WITHIN_C2_LIMIT,,1.721
41,4800.0,0.9598,explore,PBFT,4.8,5.0,0.0282,1,1,1,FINALIZED_WITHIN_C2_LIMIT,,1.481
42,4285.714,0.9588,explore,ZYZZYVA,6.0,7.0,0.1208,1,1,1,FINALIZED_WITHIN_C2_LIMIT,,1.433
43,8250.0,0.9579,explore,PBFT,6.6,4.0,0.0647,1,1,1,FINALIZED_WITHIN_C2_LIMIT,,1.661
44,1473.684,0.9569,explore,ZYZZYVA,2.8,9.5,0.0362,1,1,1,FINALIZED_WITHIN_C2_LIMIT,,0.943
45,0.0,0.9559,explore,LIU_QUORUM,4.8,10.0,0.1284,1,0,1,RUNTIME_GUARD_FAILURE,,2.286
46,0.0,0.9549,explore,ZYZZYVA,4.4,1.5,0.0362,1,0,1,C2_DEADLINE_EXCEEDED,,1.427
47,9142.857,0.9539,explore,PBFT,6.4,3.5,0.0741,1,1,1,FINALIZED_WITHIN_C2_LIMIT,,1.709
48,6200.0,0.953,explore,LIU_QUORUM,6.2,5.0,0.0288,1,1,1,FINALIZED_WITHIN_C2_LIMIT,,1.485
49,6750.0,0.952,explore,ZYZZYVA,5.4,4.0,0.0453,1,1,1,FINALIZED_WITHIN_C2_LIMIT,,1.386
50,10000.0,0.951,explore,ZYZZYVA,7.0,3.5,0.0688,1,1,1,FINALIZED_WITHIN_C2_LIMIT,,1.711
51,2857.143,0.95,explore,ZYZZYVA,2.0,3.5,0.0294,1,1,1,FINALIZED_WITHIN_C2_LIMIT,,0.749
52,3272.727,0.949,explore,PBFT,3.6,5.5,0.0453,1,1,1,FINALIZED_WITHIN_C2_LIMIT,,1.036
53,0.0,0.9481,explore,LIU_QUORUM,6.0,1.0,0.1085,1,0,1,C2_DEADLINE_EXCEEDED,,1.679
54,5142.857,0.9471,explore,LIU_QUORUM,3.6,3.5,0.0278,1,1,1,FINALIZED_WITHIN_C2_LIMIT,,1.409
55,0.0,0.9461,explore,LIU_QUORUM,5.8,1.0,0.0316,1,0,1,C2_DEADLINE_EXCEEDED,,1.405
56,1000.0,0.9451,explore,ZYZZYVA,0.8,4.0,0.0278,1,1,1,FINALIZED_WITHIN_C2_LIMIT,,0.539
57,1000.0,0.9441,explore,ZYZZYVA,0.4,2.0,0.0688,1,1,1,FINALIZED_WITHIN_C2_LIMIT,,0.459
58,7400.0,0.9432,explore,ZYZZYVA,7.4,5.0,0.072,1,1,1,FINALIZED_WITHIN_C2_LIMIT,,2.658
59,2600.0,0.9422,explore,LIU_QUORUM,2.6,5.0,0.1141,1,1,1,FINALIZED_WITHIN_C2_LIMIT,,0.816
60,0.0,0.9412,explore,PBFT,2.8,1.5,0.0674,1,0,1,C2_DEADLINE_EXCEEDED,,0.806
61,7555.556,0.9402,explore,LIU_QUORUM,6.8,4.5,0.0686,1,1,1,FINALIZED_WITHIN_C2_LIMIT,,1.852
62,0.0,0.9392,explore,PBFT,0.4,5.0,0.1582,1,0,1,C2_DEADLINE_EXCEEDED,,0.338
63,0.0,0.9383,explore,PBFT,2.6,1.0,0.0686,1,0,1,C2_DEADLINE_EXCEEDED,,1.108
64,1555.556,0.9373,explore,PBFT,1.4,4.5,0.068,1,1,1,FINALIZED_WITHIN_C2_LIMIT,,0.613
65,1200.0,0.9363,explore,ZYZZYVA,1.8,7.5,0.0715,1,1,1,FINALIZED_WITHIN_C2_LIMIT,,0.636
66,444.444,0.9353,explore,ZYZZYVA,0.8,9.0,0.0278,1,1,1,FINALIZED_WITHIN_C2_LIMIT,,0.495
67,3894.737,0.9343,explore,LIU_QUORUM,7.4,9.5,0.03,1,1,1,FINALIZED_WITHIN_C2_LIMIT,,4.959
68,1888.889,0.9334,explore,LIU_QUORUM,3.4,9.0,0.0786,1,1,1,FINALIZED_WITHIN_C2_LIMIT,,1.279
69,2222.222,0.9324,explore,PBFT,4.0,9.0,0.0739,1,1,1,FINALIZED_WITHIN_C2_LIMIT,,1.224
70,2500.0,0.9314,explore,LIU_QUORUM,1.0,2.0,0.0609,1,1,1,FINALIZED_WITHIN_C2_LIMIT,,0.543
71,0.0,0.9304,explore,PBFT,2.4,1.0,0.1368,1,0,1,RUNTIME_GUARD_FAILURE,,1.346
72,6000.0,0.9294,explore,ZYZZYVA,6.0,5.0,0.1284,1,1,1,FINALIZED_WITHIN_C2_LIMIT,,2.167
73,3900.0,0.9285,explore,PBFT,7.8,10.0,0.0282,1,1,1,FINALIZED_WITHIN_C2_LIMIT,,2.197
74,1555.556,0.9275,explore,LIU_QUORUM,1.4,4.5,0.0769,1,1,1,FINALIZED_WITHIN_C2_LIMIT,,0.71
75,6000.0,0.9265,explore,ZYZZYVA,2.4,2.0,0.1582,1,1,1,FINALIZED_WITHIN_C2_LIMIT,,0.74
76,4400.0,0.9255,explore,LIU_QUORUM,6.6,7.5,0.1368,1,1,1,FINALIZED_WITHIN_C2_LIMIT,,1.848
77,0.0,0.9245,explore,LIU_QUORUM,6.2,7.5,0.2536,0,1,1,FINALIZED_WITHIN_C2_LIMIT,,1.779
78,0.0,0.9236,greedy,LIU_QUORUM,8.0,10.0,0.2047,0,1,1,FINALIZED_WITHIN_C2_LIMIT,,1.874
79,0.0,0.9226,greedy,PBFT,8.0,9.5,0.2175,0,1,1,FINALIZED_WITHIN_C2_LIMIT,,2.547
80,0.0,0.9216,explore,PBFT,7.0,1.0,0.0786,1,0,1,C2_DEADLINE_EXCEEDED,,1.775
81,500.0,0.9206,explore,ZYZZYVA,0.8,8.0,0.0789,1,1,1,FINALIZED_WITHIN_C2_LIMIT,,0.512
82,4533.333,0.9196,explore,PBFT,6.8,7.5,0.0758,1,1,1,FINALIZED_WITHIN_C2_LIMIT,,2.176
83,4000.0,0.9187,explore,ZYZZYVA,8.0,10.0,0.0697,1,1,1,FINALIZED_WITHIN_C2_LIMIT,,3.245
84,4000.0,0.9177,greedy,LIU_QUORUM,8.0,10.0,0.193,1,1,1,FINALIZED_WITHIN_C2_LIMIT,,2.295
85,4222.222,0.9167,explore,ZYZZYVA,3.8,4.5,0.0768,1,1,1,FINALIZED_WITHIN_C2_LIMIT,,1.313
86,4000.0,0.9157,explore,LIU_QUORUM,6.8,8.5,0.0453,1,1,1,FINALIZED_WITHIN_C2_LIMIT,,2.075
87,2625.0,0.9147,explore,ZYZZYVA,4.2,8.0,0.0679,1,1,1,FINALIZED_WITHIN_C2_LIMIT,,1.53
88,4000.0,0.9138,greedy,LIU_QUORUM,8.0,10.0,0.189,1,1,1,FINALIZED_WITHIN_C2_LIMIT,,2.382
89,0.0,0.9128,explore,LIU_QUORUM,6.4,0.5,0.1831,1,0,1,C2_DEADLINE_EXCEEDED,,1.925
90,1600.0,0.9118,explore,PBFT,2.4,7.5,0.19,1,1,1,FINALIZED_WITHIN_C2_LIMIT,,1.363
91,2300.0,0.9108,explore,LIU_QUORUM,4.6,10.0,0.0288,1,1,1,FINALIZED_WITHIN_C2_LIMIT,,1.788
92,0.0,0.9098,explore,LIU_QUORUM,5.0,0.5,0.1459,1,0,1,C2_DEADLINE_EXCEEDED,,2.736
93,0.0,0.9089,explore,PBFT,3.0,0.5,0.0311,1,0,1,C2_DEADLINE_EXCEEDED,,1.334
94,4500.0,0.9079,explore,ZYZZYVA,1.8,2.0,0.0789,1,1,1,FINALIZED_WITHIN_C2_LIMIT,,0.683
95,5285.714,0.9069,explore,LIU_QUORUM,7.4,7.0,0.0651,1,1,1,FINALIZED_WITHIN_C2_LIMIT,,2.153
96,6000.0,0.9059,explore,PBFT,1.8,1.5,0.0316,1,1,1,FINALIZED_WITHIN_C2_LIMIT,,0.709
97,7272.727,0.9049,explore,LIU_QUORUM,8.0,5.5,0.0294,1,1,1,FINALIZED_WITHIN_C2_LIMIT,,2.018
98,3111.111,0.904,explore,ZYZZYVA,2.8,4.5,0.0669,1,1,1,FINALIZED_WITHIN_C2_LIMIT,,1.067
99,7142.857,0.903,explore,ZYZZYVA,5.0,3.5,0.0679,1,1,1,FINALIZED_WITHIN_C2_LIMIT,,1.412
100,3176.471,0.902,explore,PBFT,5.4,8.5,0.0694,1,1,1,FINALIZED_WITHIN_C2_LIMIT,,1.408
101,0.0,0.901,explore,PBFT,3.0,9.0,0.2536,0,1,1,FINALIZED_WITHIN_C2_LIMIT,,1.102
102,10285.714,0.9,explore,LIU_QUORUM,7.2,3.5,0.1368,1,1,1,FINALIZED_WITHIN_C2_LIMIT,,1.799
103,571.429,0.8991,explore,ZYZZYVA,0.8,7.0,0.0362,1,1,1,FINALIZED_WITHIN_C2_LIMIT,,0.567
104,6400.0,0.8981,explore,ZYZZYVA,6.4,5.0,0.1723,1,1,1,FINALIZED_WITHIN_C2_LIMIT,,2.116
105,5142.857,0.8971,explore,ZYZZYVA,7.2,7.0,0.0708,1,1,1,FINALIZED_WITHIN_C2_LIMIT,,2.27
106,10666.667,0.8961,explore,LIU_QUORUM,6.4,3.0,0.0694,1,1,1,FINALIZED_WITHIN_C2_LIMIT,,1.767
107,0.0,0.8951,explore,LIU_QUORUM,5.8,3.5,0.2536,0,1,1,FINALIZED_WITHIN_C2_LIMIT,,2.292
108,5666.667,0.8942,explore,LIU_QUORUM,6.8,6.0,0.0694,1,1,1,FINALIZED_WITHIN_C2_LIMIT,,2.223
109,4000.0,0.8932,greedy,LIU_QUORUM,8.0,10.0,0.193,1,1,1,FINALIZED_WITHIN_C2_LIMIT,,2.364
110,0.0,0.8922,explore,PBFT,5.6,5.5,0.0697,1,0,1,C2_DEADLINE_EXCEEDED,,1.508
111,0.0,0.8912,explore,PBFT,4.4,9.5,0.0278,1,0,1,C2_DEADLINE_EXCEEDED,,1.249
112,2400.0,0.8902,explore,ZYZZYVA,3.6,7.5,0.0316,1,1,1,FINALIZED_WITHIN_C2_LIMIT,,1.345
113,12400.0,0.8893,explore,ZYZZYVA,6.2,2.5,0.0669,1,1,1,FINALIZED_WITHIN_C2_LIMIT,,1.83
114,0.0,0.8883,explore,ZYZZYVA,3.0,1.0,0.0362,1,0,1,C2_DEADLINE_EXCEEDED,,0.971
115,2444.444,0.8873,explore,PBFT,2.2,4.5,0.1416,1,1,1,FINALIZED_WITHIN_C2_LIMIT,,0.915
116,2428.571,0.8863,explore,ZYZZYVA,3.4,7.0,0.1982,1,1,1,FINALIZED_WITHIN_C2_LIMIT,,1.159
117,3375.0,0.8853,explore,PBFT,5.4,8.0,0.0697,1,1,1,FINALIZED_WITHIN_C2_LIMIT,,3.033
118,0.0,0.8844,explore,LIU_QUORUM,2.2,5.0,0.0278,1,0,1,RUNTIME_GUARD_FAILURE,,1.363
119,0.0,0.8834,explore,LIU_QUORUM,7.0,9.0,0.2536,0,1,1,FINALIZED_WITHIN_C2_LIMIT,,1.832
120,5636.364,0.8824,explore,PBFT,6.2,5.5,0.0278,1,1,1,FINALIZED_WITHIN_C2_LIMIT,,1.738
121,5538.462,0.8814,explore,ZYZZYVA,7.2,6.5,0.0298,1,1,1,FINALIZED_WITHIN_C2_LIMIT,,2.053
122,0.0,0.8804,explore,LIU_QUORUM,1.8,0.5,0.1085,1,0,1,C2_DEADLINE_EXCEEDED,,0.661
123,5000.0,0.8795,explore,ZYZZYVA,7.0,7.0,0.1982,1,1,1,FINALIZED_WITHIN_C2_LIMIT,,2.092
124,4000.0,0.8785,greedy,LIU_QUORUM,8.0,10.0,0.193,1,1,1,FINALIZED_WITHIN_C2_LIMIT,,4.24
125,8000.0,0.8775,explore,ZYZZYVA,2.4,1.5,0.1284,1,1,1,FINALIZED_WITHIN_C2_LIMIT,,0.838
126,5000.0,0.8765,explore,LIU_QUORUM,7.0,7.0,0.0786,1,1,1,FINALIZED_WITHIN_C2_LIMIT,,5.389
127,0.0,0.8755,greedy,LIU_QUORUM,8.0,10.0,0.2706,0,1,1,FINALIZED_WITHIN_C2_LIMIT,,2.532
128,1800.0,0.8746,explore,ZYZZYVA,1.8,5.0,0.0933,1,1,1,FINALIZED_WITHIN_C2_LIMIT,,0.694
129,0.0,0.8736,greedy,LIU_QUORUM,8.0,10.0,0.2049,0,1,1,FINALIZED_WITHIN_C2_LIMIT,,3.335
130,0.0,0.8726,explore,LIU_QUORUM,1.0,4.5,0.2251,0,1,1,FINALIZED_WITHIN_C2_LIMIT,,0.95
131,0.0,0.8716,explore,ZYZZYVA,5.8,0.5,0.0786,1,0,1,C2_DEADLINE_EXCEEDED,,1.931
132,1294.118,0.8706,explore,ZYZZYVA,2.2,8.5,0.0705,1,1,1,FINALIZED_WITHIN_C2_LIMIT,,0.921
133,0.0,0.8697,explore,PBFT,4.6,1.5,0.0758,1,0,1,C2_DEADLINE_EXCEEDED,,1.4
134,4000.0,0.8687,greedy,ZYZZYVA,0.4,0.5,0.1833,1,1,1,FINALIZED_WITHIN_C2_LIMIT,,0.251
135,1000.0,0.8677,explore,ZYZZYVA,1.2,6.0,0.069,1,1,1,FINALIZED_WITHIN_C2_LIMIT,,0.669
136,5000.0,0.8667,explore,LIU_QUORUM,3.0,3.0,0.0668,1,1,1,FINALIZED_WITHIN_C2_LIMIT,,0.917
137,1076.923,0.8657,explore,ZYZZYVA,1.4,6.5,0.067,1,1,1,FINALIZED_WITHIN_C2_LIMIT,,0.909
138,6666.667,0.8648,explore,PBFT,8.0,6.0,0.0789,1,1,1,FINALIZED_WITHIN_C2_LIMIT,,2.641
139,0.0,0.8638,explore,PBFT,3.0,2.5,0.0715,1,0,1,C2_DEADLINE_EXCEEDED,,0.886
140,7142.857,0.8628,explore,LIU_QUORUM,5.0,3.5,0.0789,1,1,1,FINALIZED_WITHIN_C2_LIMIT,,1.54
141,3529.412,0.8618,explore,LIU_QUORUM,6.0,8.5,0.068,1,1,1,FINALIZED_WITHIN_C2_LIMIT,,1.514
142,2300.0,0.8608,greedy,ZYZZYVA,4.6,10.0,0.1871,1,1,1,FINALIZED_WITHIN_C2_LIMIT,,1.305
143,2800.0,0.8599,explore,ZYZZYVA,2.8,5.0,0.0809,1,1,1,FINALIZED_WITHIN_C2_LIMIT,,0.839
144,0.0,0.8589,explore,ZYZZYVA,3.0,4.0,0.2103,0,1,1,FINALIZED_WITHIN_C2_LIMIT,,0.901
145,900.0,0.8579,explore,LIU_QUORUM,1.8,10.0,0.0668,1,1,1,FINALIZED_WITHIN_C2_LIMIT,,0.642
146,10000.0,0.8569,explore,ZYZZYVA,5.0,2.5,0.0739,1,1,1,FINALIZED_WITHIN_C2_LIMIT,,1.442
147,3333.333,0.8559,explore,LIU_QUORUM,5.0,7.5,0.1208,1,1,1,FINALIZED_WITHIN_C2_LIMIT,,1.51
148,0.0,0.855,explore,LIU_QUORUM,7.8,1.0,0.0739,1,0,1,C2_DEADLINE_EXCEEDED,,2.061
149,0.0,0.854,explore,LIU_QUORUM,2.0,3.5,0.2811,0,1,1,FINALIZED_WITHIN_C2_LIMIT,,0.714
150,10333.333,0.853,explore,LIU_QUORUM,6.2,3.0,0.069,1,1,1,FINALIZED_WITHIN_C2_LIMIT,,2.017
151,4285.714,0.852,explore,PBFT,3.0,3.5,0.068,1,1,1,FINALIZED_WITHIN_C2_LIMIT,,1.038
152,4727.273,0.851,explore,PBFT,5.2,5.5,0.0694,1,1,1,FINALIZED_WITHIN_C2_LIMIT,,1.402
153,615.385,0.8501,explore,LIU_QUORUM,0.8,6.5,0.0683,1,1,1,FINALIZED_WITHIN_C2_LIMIT,,0.6
154,3500.0,0.8491,explore,ZYZZYVA,4.2,6.0,0.0278,1,1,1,FINALIZED_WITHIN_C2_LIMIT,,1.318
155,4666.667,0.8481,explore,LIU_QUORUM,1.4,1.5,0.0758,1,1,1,FINALIZED_WITHIN_C2_LIMIT,,0.595
156,5538.462,0.8471,explore,PBFT,7.2,6.5,0.0315,1,1,1,FINALIZED_WITHIN_C2_LIMIT,,3.262
157,2000.0,0.8461,explore,LIU_QUORUM,0.8,2.0,0.0278,1,1,1,FINALIZED_WITHIN_C2_LIMIT,,0.563
158,9200.0,0.8452,explore,ZYZZYVA,4.6,2.5,0.0708,1,1,1,FINALIZED_WITHIN_C2_LIMIT,,2.695
159,4875.0,0.8442,explore,LIU_QUORUM,7.8,8.0,0.0316,1,1,1,FINALIZED_WITHIN_C2_LIMIT,,2.2
160,6400.0,0.8432,explore,LIU_QUORUM,3.2,2.5,0.072,1,1,1,FINALIZED_WITHIN_C2_LIMIT,,0.954
161,500.0,0.8422,explore,ZYZZYVA,0.8,8.0,0.0312,1,1,1,FINALIZED_WITHIN_C2_LIMIT,,0.514
162,0.0,0.8412,explore,PBFT,7.0,8.0,0.1459,1,0,1,C2_DEADLINE_EXCEEDED,,1.992
163,4461.538,0.8403,explore,ZYZZYVA,5.8,6.5,0.1416,1,1,1,FINALIZED_WITHIN_C2_LIMIT,,1.66
164,6000.0,0.8393,explore,ZYZZYVA,1.8,1.5,0.0688,1,1,1,FINALIZED_WITHIN_C2_LIMIT,,0.654
165,125.0,0.8383,explore,ZYZZYVA,0.2,8.0,0.1001,1,1,1,FINALIZED_WITHIN_C2_LIMIT,,0.301
166,7333.333,0.8373,explore,ZYZZYVA,2.2,1.5,0.0558,1,1,1,FINALIZED_WITHIN_C2_LIMIT,,0.999
167,0.0,0.8363,explore,PBFT,3.0,9.5,0.0647,1,0,1,C2_DEADLINE_EXCEEDED,,0.959
168,4222.222,0.8354,explore,LIU_QUORUM,7.6,9.0,0.0739,1,1,1,FINALIZED_WITHIN_C2_LIMIT,,2.045
169,6000.0,0.8344,explore,ZYZZYVA,7.8,6.5,0.0401,1,1,1,FINALIZED_WITHIN_C2_LIMIT,,2.094
170,0.0,0.8334,explore,PBFT,6.2,2.5,0.2811,0,0,1,C2_DEADLINE_EXCEEDED,,1.765
171,4000.0,0.8324,greedy,LIU_QUORUM,8.0,10.0,0.1794,1,1,1,FINALIZED_WITHIN_C2_LIMIT,,2.118
172,2200.0,0.8314,greedy,ZYZZYVA,4.4,10.0,0.1667,1,1,1,FINALIZED_WITHIN_C2_LIMIT,,1.125
173,0.0,0.8305,greedy,ZYZZYVA,3.4,0.5,0.193,1,0,1,C2_DEADLINE_EXCEEDED,,0.944
174,0.0,0.8295,explore,ZYZZYVA,1.0,8.5,0.0809,1,0,1,RUNTIME_GUARD_FAILURE,,0.961
175,0.0,0.8285,explore,LIU_QUORUM,5.4,1.0,0.0609,1,0,1,C2_DEADLINE_EXCEEDED,,1.61
176,0.0,0.8275,explore,ZYZZYVA,2.4,0.5,0.1141,1,0,1,C2_DEADLINE_EXCEEDED,,0.972
177,8000.0,0.8265,explore,LIU_QUORUM,3.2,2.0,0.0288,1,1,1,FINALIZED_WITHIN_C2_LIMIT,,0.914
178,0.0,0.8256,greedy,ZYZZYVA,3.4,0.5,0.2083,0,0,1,C2_DEADLINE_EXCEEDED,,0.925
179,1692.308,0.8246,explore,LIU_QUORUM,2.2,6.5,0.0315,1,1,1,FINALIZED_WITHIN_C2_LIMIT,,0.783
180,6000.0,0.8236,explore,LIU_QUORUM,4.8,4.0,0.0768,1,1,1,FINALIZED_WITHIN_C2_LIMIT,,1.282
181,2300.0,0.8226,greedy,ZYZZYVA,4.6,10.0,0.1683,1,1,1,FINALIZED_WITHIN_C2_LIMIT,,1.46
182,0.0,0.8216,explore,PBFT,6.6,6.0,0.0558,1,0,1,C2_DEADLINE_EXCEEDED,,1.488
183,1692.308,0.8207,explore,ZYZZYVA,2.2,6.5,0.0715,1,1,1,FINALIZED_WITHIN_C2_LIMIT,,0.735
184,3375.0,0.8197,explore,LIU_QUORUM,5.4,8.0,0.0453,1,1,1,FINALIZED_WITHIN_C2_LIMIT,,1.64
185,6800.0,0.8187,explore,ZYZZYVA,3.4,2.5,0.072,1,1,1,FINALIZED_WITHIN_C2_LIMIT,,0.95
186,3454.545,0.8177,explore,ZYZZYVA,3.8,5.5,0.0679,1,1,1,FINALIZED_WITHIN_C2_LIMIT,,1.821
187,5200.0,0.8167,explore,ZYZZYVA,5.2,5.0,0.0278,1,1,1,FINALIZED_WITHIN_C2_LIMIT,,1.36
188,0.0,0.8158,explore,PBFT,6.2,9.0,0.0686,1,0,1,C2_DEADLINE_EXCEEDED,,1.915
189,0.0,0.8148,explore,PBFT,6.4,3.0,0.0679,1,0,1,C2_DEADLINE_EXCEEDED,,1.729
190,800.0,0.8138,explore,LIU_QUORUM,0.8,5.0,0.068,1,1,1,FINALIZED_WITHIN_C2_LIMIT,,0.822
191,3000.0,0.8128,explore,LIU_QUORUM,1.2,2.0,0.1831,1,1,1,FINALIZED_WITHIN_C2_LIMIT,,0.706
192,14000.0,0.8118,explore,LIU_QUORUM,1.4,0.5,0.0767,1,1,1,FINALIZED_WITHIN_C2_LIMIT,,0.663
193,0.0,0.8109,greedy,ZYZZYVA,4.6,10.0,0.1963,1,0,1,RUNTIME_GUARD_FAILURE,,2.699
194,0.0,0.8099,explore,PBFT,1.0,0.5,0.03,1,0,1,C2_DEADLINE_EXCEEDED,,0.547
195,800.0,0.8089,explore,PBFT,0.4,2.5,0.0689,1,1,1,FINALIZED_WITHIN_C2_LIMIT,,0.451
196,4444.444,0.8079,explore,ZYZZYVA,8.0,9.0,0.0779,1,1,1,FINALIZED_WITHIN_C2_LIMIT,,2.016
197,3764.706,0.8069,explore,LIU_QUORUM,6.4,8.5,0.0316,1,1,1,FINALIZED_WITHIN_C2_LIMIT,,1.412
198,4000.0,0.806,greedy,LIU_QUORUM,8.0,10.0,0.189,1,1,1,FINALIZED_WITHIN_C2_LIMIT,,1.943
199,1777.778,0.805,explore,ZYZZYVA,3.2,9.0,0.0739,1,1,1,FINALIZED_WITHIN_C2_LIMIT,0.468444,1.059
200,769.231,0.804,explore,ZYZZYVA,1.0,6.5,0.0609,1,1,1,FINALIZED_WITHIN_C2_LIMIT,1.464803,0.608
201,0.0,0.803,greedy,LIU_QUORUM,8.0,10.0,0.3843,0,1,1,FINALIZED_WITHIN_C2_LIMIT,4.136869,2.723
202,6888.889,0.802,explore,ZYZZYVA,6.2,4.5,0.0768,1,1,1,FINALIZED_WITHIN_C2_LIMIT,1.632211,1.514
203,0.0,0.8011,explore,PBFT,2.8,4.0,0.0789,1,0,1,C2_DEADLINE_EXCEEDED,0.08065,0.942
204,7500.0,0.8001,explore,ZYZZYVA,3.0,2.0,0.0308,1,1,1,FINALIZED_WITHIN_C2_LIMIT,4.043496,0.942
205,100.0,0.7991,greedy,ZYZZYVA,0.2,10.0,0.1585,1,1,1,FINALIZED_WITHIN_C2_LIMIT,5.749732,0.486
206,0.0,0.7981,explore,PBFT,4.8,2.5,0.0609,1,0,1,C2_DEADLINE_EXCEEDED,3.438031,1.621
207,0.0,0.7971,greedy,ZYZZYVA,0.2,10.0,0.3131,0,1,1,FINALIZED_WITHIN_C2_LIMIT,0.643752,0.31
208,2400.0,0.7962,explore,PBFT,2.4,5.0,0.0702,1,1,1,FINALIZED_WITHIN_C2_LIMIT,0.301056,0.867
209,0.0,0.7952,explore,PBFT,2.2,0.5,0.0316,1,0,1,C2_DEADLINE_EXCEEDED,0.584614,1.371
210,500.0,0.7942,explore,LIU_QUORUM,0.4,4.0,0.0291,1,1,1,FINALIZED_WITHIN_C2_LIMIT,0.13006,0.523
211,0.0,0.7932,greedy,ZYZZYVA,0.2,10.0,0.3289,0,1,1,FINALIZED_WITHIN_C2_LIMIT,0.47076,0.299
212,1200.0,0.7922,explore,ZYZZYVA,1.8,7.5,0.0308,1,1,1,FINALIZED_WITHIN_C2_LIMIT,0.77702,0.754
213,0.0,0.7913,greedy,ZYZZYVA,0.2,10.0,0.3134,0,1,1,FINALIZED_WITHIN_C2_LIMIT,0.397446,0.648
214,0.0,0.7903,explore,PBFT,4.6,2.0,0.0668,1,0,1,C2_DEADLINE_EXCEEDED,0.047142,1.28
215,2266.667,0.7893,explore,PBFT,3.4,7.5,0.0705,1,1,1,FINALIZED_WITHIN_C2_LIMIT,0.063028,1.068
216,8444.444,0.7883,explore,LIU_QUORUM,7.6,4.5,0.0789,1,1,1,FINALIZED_WITHIN_C2_LIMIT,0.108398,1.883
217,7200.0,0.7873,explore,LIU_QUORUM,7.2,5.0,0.0298,1,1,1,FINALIZED_WITHIN_C2_LIMIT,0.050889,2.099
218,1466.667,0.7864,explore,ZYZZYVA,2.2,7.5,0.072,1,1,1,FINALIZED_WITHIN_C2_LIMIT,0.125576,0.843
219,0.0,0.7854,explore,ZYZZYVA,7.0,1.5,0.2355,0,0,1,RUNTIME_GUARD_FAILURE,0.147998,3.615
220,4352.941,0.7844,explore,LIU_QUORUM,7.4,8.5,0.072,1,1,1,FINALIZED_WITHIN_C2_LIMIT,0.023055,1.709
221,0.0,0.7834,greedy,ZYZZYVA,0.2,1.0,0.3148,0,1,1,FINALIZED_WITHIN_C2_LIMIT,0.264585,0.289
222,2400.0,0.7824,explore,LIU_QUORUM,4.8,10.0,0.0278,1,1,1,FINALIZED_WITHIN_C2_LIMIT,0.33372,1.604
223,22666.667,0.7815,explore,ZYZZYVA,6.8,1.5,0.19,1,1,1,FINALIZED_WITHIN_C2_LIMIT,0.130035,2.771
224,0.0,0.7805,greedy,ZYZZYVA,0.2,0.5,0.297,0,1,1,FINALIZED_WITHIN_C2_LIMIT,0.044861,0.537
225,0.0,0.7795,greedy,ZYZZYVA,8.0,1.0,0.3031,0,0,1,C2_DEADLINE_EXCEEDED,0.099774,1.8
226,3473.684,0.7785,explore,LIU_QUORUM,6.6,9.5,0.0308,1,1,1,FINALIZED_WITHIN_C2_LIMIT,0.039326,1.551
227,4266.667,0.7775,explore,LIU_QUORUM,6.4,7.5,0.0702,1,1,1,FINALIZED_WITHIN_C2_LIMIT,0.112267,1.433
228,12000.0,0.7766,explore,ZYZZYVA,4.8,2.0,0.0401,1,1,1,FINALIZED_WITHIN_C2_LIMIT,0.204021,1.369
229,8333.333,0.7756,explore,LIU_QUORUM,5.0,3.0,0.0789,1,1,1,FINALIZED_WITHIN_C2_LIMIT,0.085926,1.422
230,4222.222,0.7746,explore,ZYZZYVA,7.6,9.0,0.1001,1,1,1,FINALIZED_WITHIN_C2_LIMIT,0.0762,2.652
231,0.0,0.7736,explore,LIU_QUORUM,4.2,1.5,0.0685,1,0,1,RUNTIME_GUARD_FAILURE,0.126798,2.271
232,0.0,0.7726,greedy,ZYZZYVA,8.0,1.0,0.297,0,0,1,C2_DEADLINE_EXCEEDED,0.08565,1.971
233,1400.0,0.7717,explore,LIU_QUORUM,2.8,10.0,0.0671,1,1,1,FINALIZED_WITHIN_C2_LIMIT,0.08377,0.898
234,4666.667,0.7707,explore,ZYZZYVA,4.2,4.5,0.0741,1,1,1,FINALIZED_WITHIN_C2_LIMIT,0.121488,1.244
235,0.0,0.7697,explore,LIU_QUORUM,5.2,1.5,0.0779,1,0,1,C2_DEADLINE_EXCEEDED,0.064092,1.588
236,0.0,0.7687,greedy,ZYZZYVA,8.0,1.5,0.3052,0,0,1,C2_DEADLINE_EXCEEDED,0.070161,3.627
237,13000.0,0.7677,explore,LIU_QUORUM,7.8,3.0,0.0311,1,1,1,FINALIZED_WITHIN_C2_LIMIT,0.120634,2.173
238,8500.0,0.7668,explore,PBFT,3.4,2.0,0.0684,1,1,1,FINALIZED_WITHIN_C2_LIMIT,0.080743,1.163
239,8500.0,0.7658,explore,LIU_QUORUM,3.4,2.0,0.0685,1,1,1,FINALIZED_WITHIN_C2_LIMIT,0.068225,1.1
240,571.429,0.7648,explore,PBFT,0.4,3.5,0.0786,1,1,1,FINALIZED_WITHIN_C2_LIMIT,0.074009,0.58
241,2333.333,0.7638,explore,ZYZZYVA,1.4,3.0,0.0694,1,1,1,FINALIZED_WITHIN_C2_LIMIT,0.064017,0.477
242,333.333,0.7628,explore,LIU_QUORUM,0.4,6.0,0.1582,1,1,1,FINALIZED_WITHIN_C2_LIMIT,0.045086,0.667
243,5333.333,0.7619,explore,PBFT,6.4,6.0,0.0767,1,1,1,FINALIZED_WITHIN_C2_LIMIT,0.092433,1.954
244,2181.818,0.7609,explore,ZYZZYVA,2.4,5.5,0.0651,1,1,1,FINALIZED_WITHIN_C2_LIMIT,0.036128,0.967
245,2727.273,0.7599,explore,LIU_QUORUM,3.0,5.5,0.0669,1,1,1,FINALIZED_WITHIN_C2_LIMIT,0.052715,0.989
246,0.0,0.7589,greedy,LIU_QUORUM,8.0,5.5,0.3052,0,1,1,FINALIZED_WITHIN_C2_LIMIT,0.07234,1.768
247,0.0,0.7579,explore,PBFT,4.6,4.0,0.0881,1,0,1,C2_DEADLINE_EXCEEDED,0.078238,1.414
248,10666.667,0.757,explore,ZYZZYVA,6.4,3.0,0.0689,1,1,1,FINALIZED_WITHIN_C2_LIMIT,0.044751,1.632
249,500.0,0.756,explore,LIU_QUORUM,0.8,8.0,0.0453,1,1,1,FINALIZED_WITHIN_C2_LIMIT,0.074579,0.568
250,0.0,0.755,greedy,LIU_QUORUM,8.0,5.5,0.3328,0,1,1,FINALIZED_WITHIN_C2_LIMIT,0.0463,2.255
251,8400.0,0.754,explore,LIU_QUORUM,4.2,2.5,0.1001,1,1,1,FINALIZED_WITHIN_C2_LIMIT,0.058765,1.202
252,0.0,0.753,explore,PBFT,2.0,9.5,0.1982,1,0,1,C2_DEADLINE_EXCEEDED,0.114425,0.747
253,0.0,0.7521,greedy,LIU_QUORUM,8.0,5.0,0.3328,0,1,1,FINALIZED_WITHIN_C2_LIMIT,0.082577,2.948
254,6000.0,0.7511,explore,PBFT,3.6,3.0,0.0651,1,1,1,FINALIZED_WITHIN_C2_LIMIT,0.034665,1.379
255,2000.0,0.7501,explore,ZYZZYVA,2.8,7.0,0.0679,1,1,1,FINALIZED_WITHIN_C2_LIMIT,0.065726,1.287
256,0.0,0.7491,greedy,LIU_QUORUM,8.0,5.0,0.325,0,1,1,FINALIZED_WITHIN_C2_LIMIT,0.029586,2.385
257,0.0,0.7481,greedy,LIU_QUORUM,8.0,5.0,0.309,0,1,1,FINALIZED_WITHIN_C2_LIMIT,0.056014,1.943
258,1090.909,0.7472,explore,ZYZZYVA,1.2,5.5,0.1085,1,1,1,FINALIZED_WITHIN_C2_LIMIT,0.111475,0.663
259,6153.846,0.7462,explore,LIU_QUORUM,8.0,6.5,0.0686,1,1,1,FINALIZED_WITHIN_C2_LIMIT,0.070004,2.124
260,0.0,0.7452,greedy,LIU_QUORUM,8.0,5.0,0.3275,0,1,1,FINALIZED_WITHIN_C2_LIMIT,0.033972,2.496
261,4105.263,0.7442,explore,PBFT,7.8,9.5,0.0786,1,1,1,FINALIZED_WITHIN_C2_LIMIT,0.052619,2.374
262,1200.0,0.7432,explore,LIU_QUORUM,2.4,10.0,0.0809,1,1,1,FINALIZED_WITHIN_C2_LIMIT,0.011192,0.849
263,1333.333,0.7423,explore,ZYZZYVA,0.8,3.0,0.0786,1,1,1,FINALIZED_WITHIN_C2_LIMIT,0.029106,0.563
264,714.286,0.7413,explore,ZYZZYVA,1.0,7.0,0.0609,1,1,1,FINALIZED_WITHIN_C2_LIMIT,0.022528,0.706
265,0.0,0.7403,explore,PBFT,8.0,8.5,0.0362,1,0,1,C2_DEADLINE_EXCEEDED,0.02723,2.375
266,6500.0,0.7393,explore,PBFT,7.8,6.0,0.0881,1,1,1,FINALIZED_WITHIN_C2_LIMIT,0.047073,4.548
267,0.0,0.7383,greedy,ZYZZYVA,7.8,3.5,0.309,0,1,1,FINALIZED_WITHIN_C2_LIMIT,0.032371,4.231
268,3636.364,0.7374,explore,PBFT,4.0,5.5,0.0739,1,1,1,FINALIZED_WITHIN_C2_LIMIT,0.032187,1.162
269,0.0,0.7364,explore,PBFT,6.8,6.5,0.0401,1,0,1,C2_DEADLINE_EXCEEDED,0.022882,2.761
270,0.0,0.7354,explore,ZYZZYVA,7.8,0.5,0.1001,1,0,1,C2_DEADLINE_EXCEEDED,0.033144,2.574
271,5428.571,0.7344,explore,PBFT,7.6,7.0,0.0299,1,1,1,FINALIZED_WITHIN_C2_LIMIT,0.034983,1.764
272,1076.923,0.7334,explore,ZYZZYVA,1.4,6.5,0.0697,1,1,1,FINALIZED_WITHIN_C2_LIMIT,0.036469,0.675
273,0.0,0.7325,explore,ZYZZYVA,1.8,0.5,0.1368,1,0,1,C2_DEADLINE_EXCEEDED,0.065197,0.736
274,3600.0,0.7315,explore,LIU_QUORUM,7.2,10.0,0.0294,1,1,1,FINALIZED_WITHIN_C2_LIMIT,0.022688,3.548
275,0.0,0.7305,explore,LIU_QUORUM,1.0,2.0,0.2355,0,1,1,FINALIZED_WITHIN_C2_LIMIT,0.053727,0.593
276,3800.0,0.7295,explore,LIU_QUORUM,7.6,10.0,0.1368,1,1,1,FINALIZED_WITHIN_C2_LIMIT,0.081431,1.892
277,1066.667,0.7285,explore,PBFT,1.6,7.5,0.0767,1,1,1,FINALIZED_WITHIN_C2_LIMIT,0.033627,0.828
278,1529.412,0.7276,explore,ZYZZYVA,2.6,8.5,0.1723,1,1,1,FINALIZED_WITHIN_C2_LIMIT,0.037419,0.807
279,3571.429,0.7266,explore,PBFT,5.0,7.0,0.0299,1,1,1,FINALIZED_WITHIN_C2_LIMIT,0.063282,1.356
280,1625.0,0.7256,explore,ZYZZYVA,2.6,8.0,0.0668,1,1,1,FINALIZED_WITHIN_C2_LIMIT,0.03135,1.06
281,9500.0,0.7246,explore,ZYZZYVA,3.8,2.0,0.072,1,1,1,FINALIZED_WITHIN_C2_LIMIT,0.04745,1.119
282,10000.0,0.7236,explore,ZYZZYVA,2.0,1.0,0.0299,1,1,1,FINALIZED_WITHIN_C2_LIMIT,0.035299,0.809
283,0.0,0.7227,greedy,ZYZZYVA,5.4,2.5,0.3283,0,0,1,C2_DEADLINE_EXCEEDED,0.020056,1.781
284,0.0,0.7217,explore,PBFT,7.8,2.5,0.0278,1,0,1,C2_DEADLINE_EXCEEDED,0.051862,2.318
285,3000.0,0.7207,explore,LIU_QUORUM,1.2,2.0,0.0741,1,1,1,FINALIZED_WITHIN_C2_LIMIT,0.066824,0.672
286,0.0,0.7197,explore,ZYZZYVA,5.0,5.0,0.2355,0,1,1,FINALIZED_WITHIN_C2_LIMIT,0.042329,1.311
287,0.0,0.7187,explore,PBFT,2.2,1.0,0.0278,1,0,1,C2_DEADLINE_EXCEEDED,0.028935,0.783
288,0.0,0.7178,explore,PBFT,5.8,9.5,0.2355,0,1,1,FINALIZED_WITHIN_C2_LIMIT,0.040325,1.699
289,0.0,0.7168,greedy,ZYZZYVA,5.6,2.5,0.3064,0,1,1,FINALIZED_WITHIN_C2_LIMIT,0.014945,1.605
290,4000.0,0.7158,explore,PBFT,0.8,1.0,0.0705,1,1,1,FINALIZED_WITHIN_C2_LIMIT,0.04494,0.703
291,6750.0,0.7148,explore,ZYZZYVA,5.4,4.0,0.0933,1,1,1,FINALIZED_WITHIN_C2_LIMIT,0.04084,1.646
292,1500.0,0.7138,explore,LIU_QUORUM,1.2,4.0,0.0809,1,1,1,FINALIZED_WITHIN_C2_LIMIT,0.022751,0.738
293,8666.667,0.7129,explore,ZYZZYVA,2.6,1.5,0.1723,1,1,1,FINALIZED_WITHIN_C2_LIMIT,0.058323,0.893
294,0.0,0.7119,explore,ZYZZYVA,7.4,6.5,0.2103,0,1,1,FINALIZED_WITHIN_C2_LIMIT,0.095318,1.709
295,2500.0,0.7109,explore,PBFT,3.0,6.0,0.0688,1,1,1,FINALIZED_WITHIN_C2_LIMIT,0.029689,1.071
296,714.286,0.7099,explore,LIU_QUORUM,1.0,7.0,0.0679,1,1,1,FINALIZED_WITHIN_C2_LIMIT,0.127621,0.598
297,5666.667,0.7089,explore,ZYZZYVA,6.8,6.0,0.1208,1,1,1,FINALIZED_WITHIN_C2_LIMIT,0.134465,1.669
298,4250.0,0.708,explore,PBFT,3.4,4.0,0.1001,1,1,1,FINALIZED_WITHIN_C2_LIMIT,0.018708,1.06
299,0.0,0.707,greedy,ZYZZYVA,5.2,2.5,0.2588,0,1,1,FINALIZED_WITHIN_C2_LIMIT,0.46283,1.456
300,7333.333,0.706,explore,PBFT,4.4,3.0,0.0684,1,1,1,FINALIZED_WITHIN_C2_LIMIT,0.587048,1.245
301,0.0,0.705,explore,PBFT,0.2,2.0,0.2103,0,1,1,FINALIZED_WITHIN_C2_LIMIT,0.396932,0.363
302,0.0,0.704,explore,PBFT,1.8,8.0,0.0789,1,0,1,C2_DEADLINE_EXCEEDED,0.16274,1.001
303,400.0,0.7031,explore,PBFT,0.4,5.0,0.0809,1,1,1,FINALIZED_WITHIN_C2_LIMIT,0.021881,0.611
304,0.0,0.7021,greedy,ZYZZYVA,5.2,2.5,0.3019,0,1,1,FINALIZED_WITHIN_C2_LIMIT,0.130071,1.64
305,0.0,0.7011,greedy,ZYZZYVA,5.2,2.5,0.3236,0,1,1,FINALIZED_WITHIN_C2_LIMIT,0.134367,1.326
306,6363.636,0.7001,explore,ZYZZYVA,7.0,5.5,0.19,1,1,1,FINALIZED_WITHIN_C2_LIMIT,0.052541,2.833
307,0.0,0.6991,greedy,ZYZZYVA,5.2,2.5,0.272,0,1,1,FINALIZED_WITHIN_C2_LIMIT,0.10747,1.385
308,0.0,0.6982,greedy,ZYZZYVA,5.0,2.5,0.272,0,1,1,FINALIZED_WITHIN_C2_LIMIT,0.179145,1.354
309,3200.0,0.6972,explore,ZYZZYVA,6.4,10.0,0.0688,1,1,1,FINALIZED_WITHIN_C2_LIMIT,0.070752,1.525
310,0.0,0.6962,greedy,ZYZZYVA,5.0,2.5,0.3035,0,1,1,FINALIZED_WITHIN_C2_LIMIT,0.054724,1.292
311,6500.0,0.6952,explore,PBFT,7.8,6.0,0.0291,1,1,1,FINALIZED_WITHIN_C2_LIMIT,0.047629,2.21
312,0.0,0.6942,greedy,ZYZZYVA,5.0,2.5,0.346,0,1,1,FINALIZED_WITHIN_C2_LIMIT,0.020272,1.272
313,0.0,0.6933,greedy,ZYZZYVA,5.0,2.5,0.3379,0,1,1,FINALIZED_WITHIN_C2_LIMIT,0.044185,1.289
314,0.0,0.6923,greedy,ZYZZYVA,5.0,2.5,0.3379,0,1,1,FINALIZED_WITHIN_C2_LIMIT,0.049804,1.357
315,4428.571,0.6913,explore,ZYZZYVA,6.2,7.0,0.0689,1,1,1,FINALIZED_WITHIN_C2_LIMIT,0.038387,1.837
316,0.0,0.6903,explore,LIU_QUORUM,7.4,0.5,0.0288,1,0,1,C2_DEADLINE_EXCEEDED,0.075347,1.854
317,1333.333,0.6893,explore,PBFT,1.6,6.0,0.069,1,1,1,FINALIZED_WITHIN_C2_LIMIT,0.062175,0.984
318,10285.714,0.6884,explore,ZYZZYVA,7.2,3.5,0.0688,1,1,1,FINALIZED_WITHIN_C2_LIMIT,0.021685,1.901
319,5777.778,0.6874,explore,ZYZZYVA,5.2,4.5,0.0684,1,1,1,FINALIZED_WITHIN_C2_LIMIT,0.030333,1.353
320,0.0,0.6864,greedy,LIU_QUORUM,2.2,0.5,0.3165,0,1,1,FINALIZED_WITHIN_C2_LIMIT,0.024306,0.988
321,1473.684,0.6854,explore,ZYZZYVA,2.8,9.5,0.0315,1,1,1,FINALIZED_WITHIN_C2_LIMIT,0.066456,1.183
322,2615.385,0.6844,explore,PBFT,3.4,6.5,0.0647,1,1,1,FINALIZED_WITHIN_C2_LIMIT,0.04384,1.337
323,0.0,0.6835,explore,LIU_QUORUM,5.2,1.5,0.0674,1,0,1,C2_DEADLINE_EXCEEDED,0.044354,1.649
324,0.0,0.6825,explore,PBFT,0.8,7.0,0.2811,0,1,1,FINALIZED_WITHIN_C2_LIMIT,0.034074,0.661
325,0.0,0.6815,greedy,LIU_QUORUM,2.2,0.5,0.3385,0,0,1,C2_DEADLINE_EXCEEDED,0.060992,0.902
326,533.333,0.6805,explore,PBFT,0.8,7.5,0.0689,1,1,1,FINALIZED_WITHIN_C2_LIMIT,0.055294,0.748
327,12333.333,0.6795,explore,ZYZZYVA,7.4,3.0,0.0779,1,1,1,FINALIZED_WITHIN_C2_LIMIT,0.015671,3.474
328,11428.571,0.6786,greedy,ZYZZYVA,8.0,3.5,0.1949,1,1,1,FINALIZED_WITHIN_C2_LIMIT,0.041962,2.268
329,4153.846,0.6776,explore,PBFT,5.4,6.5,0.0558,1,1,1,FINALIZED_WITHIN_C2_LIMIT,0.022683,1.811
330,0.0,0.6766,explore,LIU_QUORUM,6.6,1.5,0.0668,1,0,1,C2_DEADLINE_EXCEEDED,0.017488,1.756
331,0.0,0.6756,greedy,ZYZZYVA,8.0,3.5,0.3552,0,1,1,FINALIZED_WITHIN_C2_LIMIT,0.032826,2.024
332,1000.0,0.6746,explore,LIU_QUORUM,0.8,4.0,0.1723,1,1,1,FINALIZED_WITHIN_C2_LIMIT,0.039384,0.991
333,0.0,0.6737,explore,ZYZZYVA,5.2,2.0,0.0674,1,0,1,C2_DEADLINE_EXCEEDED,0.031239,1.515
334,1333.333,0.6727,explore,LIU_QUORUM,0.4,1.5,0.1208,1,1,1,FINALIZED_WITHIN_C2_LIMIT,0.047455,0.372
335,1444.444,0.6717,explore,PBFT,2.6,9.0,0.1368,1,1,1,FINALIZED_WITHIN_C2_LIMIT,0.052563,1.379
336,0.0,0.6707,greedy,ZYZZYVA,8.0,3.5,0.299,0,1,1,FINALIZED_WITHIN_C2_LIMIT,0.025604,2.243
337,4000.0,0.6697,explore,LIU_QUORUM,3.6,4.5,0.0609,1,1,1,FINALIZED_WITHIN_C2_LIMIT,0.087843,1.107
338,3066.667,0.6688,explore,PBFT,4.6,7.5,0.0674,1,1,1,FINALIZED_WITHIN_C2_LIMIT,0.123158,1.326
339,0.0,0.6678,explore,LIU_QUORUM,8.0,6.0,0.2103,0,1,1,FINALIZED_WITHIN_C2_LIMIT,0.032446,2.993
340,6222.222,0.6668,explore,ZYZZYVA,5.6,4.5,0.0671,1,1,1,FINALIZED_WITHIN_C2_LIMIT,0.046537,1.456
341,4307.692,0.6658,explore,ZYZZYVA,5.6,6.5,0.0294,1,1,1,FINALIZED_WITHIN_C2_LIMIT,0.081258,1.378
342,4000.0,0.6648,explore,ZYZZYVA,4.8,6.0,0.0308,1,1,1,FINALIZED_WITHIN_C2_LIMIT,0.037265,2.422
343,6666.667,0.6639,explore,PBFT,2.0,1.5,0.0609,1,1,1,FINALIZED_WITHIN_C2_LIMIT,0.044097,0.829
344,12666.667,0.6629,explore,ZYZZYVA,7.6,3.0,0.069,1,1,1,FINALIZED_WITHIN_C2_LIMIT,0.041803,2.308
345,4444.444,0.6619,explore,PBFT,4.0,4.5,0.0311,1,1,1,FINALIZED_WITHIN_C2_LIMIT,0.020942,1.312
346,1222.222,0.6609,explore,ZYZZYVA,2.2,9.0,0.067,1,1,1,FINALIZED_WITHIN_C2_LIMIT,0.049018,1.649
347,3600.0,0.6599,explore,PBFT,7.2,10.0,0.0671,1,1,1,FINALIZED_WITHIN_C2_LIMIT,0.113671,1.916
348,8666.667,0.659,explore,LIU_QUORUM,7.8,4.5,0.0933,1,1,1,FINALIZED_WITHIN_C2_LIMIT,0.039296,3.902
349,5750.0,0.658,explore,PBFT,4.6,4.0,0.0881,1,1,1,FINALIZED_WITHIN_C2_LIMIT,0.027066,1.277
350,0.0,0.657,greedy,ZYZZYVA,8.0,3.5,0.2978,0,1,1,FINALIZED_WITHIN_C2_LIMIT,0.028358,4.514
351,0.0,0.656,greedy,ZYZZYVA,8.0,3.5,0.2978,0,1,1,FINALIZED_WITHIN_C2_LIMIT,0.02483,2.001
352,0.0,0.655,greedy,ZYZZYVA,8.0,3.5,0.3364,0,1,1,FINALIZED_WITHIN_C2_LIMIT,0.038614,2.005
353,0.0,0.6541,greedy,ZYZZYVA,8.0,3.5,0.3782,0,1,1,FINALIZED_WITHIN_C2_LIMIT,0.044538,1.739
354,10857.143,0.6531,explore,LIU_QUORUM,7.6,3.5,0.03,1,1,1,FINALIZED_WITHIN_C2_LIMIT,0.013512,2.133
355,0.0,0.6521,greedy,ZYZZYVA,8.0,3.5,0.3789,0,1,1,FINALIZED_WITHIN_C2_LIMIT,0.046947,2.249
356,600.0,0.6511,explore,LIU_QUORUM,1.2,10.0,0.0963,1,1,1,FINALIZED_WITHIN_C2_LIMIT,0.04794,0.638
357,0.0,0.6501,greedy,ZYZZYVA,8.0,3.5,0.3942,0,1,1,FINALIZED_WITHIN_C2_LIMIT,0.023766,2.124
358,0.0,0.6492,greedy,ZYZZYVA,7.4,3.0,0.3654,0,1,1,FINALIZED_WITHIN_C2_LIMIT,0.036965,1.748
359,7250.0,0.6482,explore,LIU_QUORUM,5.8,4.0,0.0312,1,1,1,FINALIZED_WITHIN_C2_LIMIT,0.04939,1.679
360,0.0,0.6472,greedy,ZYZZYVA,7.4,3.5,0.4215,0,1,1,FINALIZED_WITHIN_C2_LIMIT,0.03006,2.037
361,1600.0,0.6462,explore,LIU_QUORUM,1.6,5.0,0.19,1,1,1,FINALIZED_WITHIN_C2_LIMIT,0.014908,0.752
362,0.0,0.6452,greedy,LIU_QUORUM,6.0,3.5,0.2994,0,1,1,FINALIZED_WITHIN_C2_LIMIT,0.061676,1.75
363,0.0,0.6443,greedy,LIU_QUORUM,6.0,3.5,0.3563,0,1,1,FINALIZED_WITHIN_C2_LIMIT,0.037601,1.76
364,1833.333,0.6433,explore,LIU_QUORUM,2.2,6.0,0.067,1,1,1,FINALIZED_WITHIN_C2_LIMIT,0.017419,0.936
365,8571.429,0.6423,explore,ZYZZYVA,6.0,3.5,0.1459,1,1,1,FINALIZED_WITHIN_C2_LIMIT,0.021059,1.789
366,0.0,0.6413,greedy,LIU_QUORUM,6.0,3.5,0.3883,0,1,1,FINALIZED_WITHIN_C2_LIMIT,0.014799,1.926
367,526.316,0.6403,explore,ZYZZYVA,1.0,9.5,0.1416,1,1,1,FINALIZED_WITHIN_C2_LIMIT,0.01622,0.649
368,0.0,0.6394,greedy,LIU_QUORUM,5.8,3.5,0.2684,0,1,1,FINALIZED_WITHIN_C2_LIMIT,0.023045,2.23
369,2588.235,0.6384,explore,PBFT,4.4,8.5,0.1723,1,1,1,FINALIZED_WITHIN_C2_LIMIT,0.018463,1.436
370,14000.0,0.6374,explore,LIU_QUORUM,5.6,2.0,0.0674,1,1,1,FINALIZED_WITHIN_C2_LIMIT,0.012979,1.55
371,0.0,0.6364,greedy,LIU_QUORUM,6.0,3.5,0.2394,0,1,1,FINALIZED_WITHIN_C2_LIMIT,0.017671,2.175
372,4222.222,0.6354,explore,ZYZZYVA,7.6,9.0,0.1831,1,1,1,FINALIZED_WITHIN_C2_LIMIT,0.023828,3.293
373,0.0,0.6345,greedy,LIU_QUORUM,6.0,3.5,0.2077,0,1,1,FINALIZED_WITHIN_C2_LIMIT,0.015552,1.409
374,8571.429,0.6335,greedy,LIU_QUORUM,6.0,3.5,0.1469,1,1,1,FINALIZED_WITHIN_C2_LIMIT,0.026016,1.52
375,3684.211,0.6325,explore,PBFT,7.0,9.5,0.03,1,1,1,FINALIZED_WITHIN_C2_LIMIT,0.060396,1.929
376,4400.0,0.6315,explore,ZYZZYVA,2.2,2.5,0.0758,1,1,1,FINALIZED_WITHIN_C2_LIMIT,0.026191,0.803
377,0.0,0.6305,explore,LIU_QUORUM,6.0,8.0,0.2355,0,1,1,FINALIZED_WITHIN_C2_LIMIT,0.069304,1.659
378,736.842,0.6296,explore,PBFT,1.4,9.5,0.0312,1,1,1,FINALIZED_WITHIN_C2_LIMIT,0.052354,1.083
379,8000.0,0.6286,greedy,ZYZZYVA,8.0,5.0,0.0791,1,1,1,FINALIZED_WITHIN_C2_LIMIT,0.031171,2.572
380,0.0,0.6276,explore,PBFT,3.8,0.5,0.0739,1,0,1,C2_DEADLINE_EXCEEDED,0.028683,1.305
381,8000.0,0.6266,greedy,ZYZZYVA,8.0,5.0,0.1695,1,1,1,FINALIZED_WITHIN_C2_LIMIT,0.01495,2.128
382,1222.222,0.6256,explore,PBFT,2.2,9.0,0.072,1,1,1,FINALIZED_WITHIN_C2_LIMIT,0.013554,0.89
383,9142.857,0.6247,greedy,LIU_QUORUM,6.4,3.5,0.1513,1,1,1,FINALIZED_WITHIN_C2_LIMIT,0.014196,2.035
384,8285.714,0.6237,explore,ZYZZYVA,5.8,3.5,0.0299,1,1,1,FINALIZED_WITHIN_C2_LIMIT,0.011653,1.718
385,0.0,0.6227,explore,PBFT,6.2,8.0,0.0299,1,0,1,C2_DEADLINE_EXCEEDED,0.013258,1.875
386,8857.143,0.6217,greedy,LIU_QUORUM,6.2,3.5,0.1379,1,1,1,FINALIZED_WITHIN_C2_LIMIT,0.018793,1.79
387,8857.143,0.6207,greedy,LIU_QUORUM,6.2,3.5,0.1525,1,1,1,FINALIZED_WITHIN_C2_LIMIT,0.012828,1.77
388,8857.143,0.6198,greedy,LIU_QUORUM,6.2,3.5,0.1536,1,1,1,FINALIZED_WITHIN_C2_LIMIT,0.020753,1.898
389,7333.333,0.6188,explore,PBFT,6.6,4.5,0.0689,1,1,1,FINALIZED_WITHIN_C2_LIMIT,0.011897,2.195
390,5538.462,0.6178,explore,PBFT,7.2,6.5,0.0767,1,1,1,FINALIZED_WITHIN_C2_LIMIT,0.012724,1.988
391,8444.444,0.6168,greedy,PBFT,7.6,4.5,0.1536,1,1,1,FINALIZED_WITHIN_C2_LIMIT,0.009753,2.352
392,0.0,0.6158,explore,LIU_QUORUM,6.6,0.5,0.068,1,0,1,C2_DEADLINE_EXCEEDED,0.024242,2.457
393,10333.333,0.6149,explore,ZYZZYVA,6.2,3.0,0.0739,1,1,1,FINALIZED_WITHIN_C2_LIMIT,0.021426,1.604
394,7400.0,0.6139,greedy,PBFT,7.4,5.0,0.1622,1,1,1,FINALIZED_WITHIN_C2_LIMIT,0.012372,1.815
395,923.077,0.6129,explore,PBFT,1.2,6.5,0.0674,1,1,1,FINALIZED_WITHIN_C2_LIMIT,0.022639,0.704
396,6800.0,0.6119,explore,ZYZZYVA,6.8,5.0,0.0506,1,1,1,FINALIZED_WITHIN_C2_LIMIT,0.007991,1.966
397,3000.0,0.6109,explore,LIU_QUORUM,1.2,2.0,0.1582,1,1,1,FINALIZED_WITHIN_C2_LIMIT,0.030692,0.628
398,10666.667,0.61,explore,ZYZZYVA,3.2,1.5,0.0739,1,1,1,FINALIZED_WITHIN_C2_LIMIT,0.023806,1.036
399,0.0,0.609,greedy,ZYZZYVA,6.2,4.0,0.2228,0,1,1,FINALIZED_WITHIN_C2_LIMIT,0.304596,3.276
400,12500.0,0.608,explore,LIU_QUORUM,5.0,2.0,0.0308,1,1,1,FINALIZED_WITHIN_C2_LIMIT,0.282451,1.351
401,0.0,0.607,explore,PBFT,1.2,3.0,0.0741,1,0,1,C2_DEADLINE_EXCEEDED,0.179059,0.96
402,0.0,0.606,greedy,ZYZZYVA,6.8,5.0,0.2655,0,1,1,FINALIZED_WITHIN_C2_LIMIT,0.043741,2.083
403,0.0,0.6051,explore,PBFT,7.4,1.0,0.0609,1,0,1,C2_DEADLINE_EXCEEDED,0.174947,3.042
404,9666.667,0.6041,explore,ZYZZYVA,5.8,3.0,0.0689,1,1,1,FINALIZED_WITHIN_C2_LIMIT,0.336667,1.789
405,3263.158,0.6031,explore,LIU_QUORUM,6.2,9.5,0.0316,1,1,1,FINALIZED_WITHIN_C2_LIMIT,0.184712,2.222
406,0.0,0.6021,greedy,ZYZZYVA,8.0,7.0,0.3218,0,1,1,FINALIZED_WITHIN_C2_LIMIT,0.043261,2.541
407,0.0,0.6011,explore,PBFT,5.0,9.0,0.0881,1,0,1,C2_DEADLINE_EXCEEDED,0.062197,1.725
408,0.0,0.6002,greedy,ZYZZYVA,8.0,7.5,0.283,0,1,1,FINALIZED_WITHIN_C2_LIMIT,0.037826,2.106
409,1600.0,0.5992,explore,ZYZZYVA,1.6,5.0,0.0679,1,1,1,FINALIZED_WITHIN_C2_LIMIT,0.056191,1.151
410,5384.615,0.5982,explore,LIU_QUORUM,7.0,6.5,0.0739,1,1,1,FINALIZED_WITHIN_C2_LIMIT,0.033624,2.097
411,8000.0,0.5972,greedy,PBFT,8.0,5.0,0.1119,1,1,1,FINALIZED_WITHIN_C2_LIMIT,0.027914,2.36
412,0.0,0.5962,explore,ZYZZYVA,5.2,0.5,0.0308,1,0,1,C2_DEADLINE_EXCEEDED,0.033541,1.402
413,13333.333,0.5953,explore,ZYZZYVA,4.0,1.5,0.0669,1,1,1,FINALIZED_WITHIN_C2_LIMIT,0.054797,1.556
414,0.0,0.5943,greedy,PBFT,8.0,4.5,0.2788,0,1,1,FINALIZED_WITHIN_C2_LIMIT,0.036534,2.298
415,4533.333,0.5933,explore,LIU_QUORUM,6.8,7.5,0.0741,1,1,1,FINALIZED_WITHIN_C2_LIMIT,0.046736,1.881
416,5454.545,0.5923,explore,ZYZZYVA,6.0,5.5,0.0767,1,1,1,FINALIZED_WITHIN_C2_LIMIT,0.025381,1.842
417,5692.308,0.5913,explore,PBFT,7.4,6.5,0.0768,1,1,1,FINALIZED_WITHIN_C2_LIMIT,0.072028,4.569
418,0.0,0.5904,explore,LIU_QUORUM,4.4,1.0,0.0739,1,0,1,C2_DEADLINE_EXCEEDED,0.034696,1.363
419,3066.667,0.5894,explore,LIU_QUORUM,4.6,7.5,0.1982,1,1,1,FINALIZED_WITHIN_C2_LIMIT,0.02183,1.331
420,8888.889,0.5884,greedy,PBFT,8.0,4.5,0.1167,1,1,1,FINALIZED_WITHIN_C2_LIMIT,0.02603,2.008
421,3384.615,0.5874,explore,PBFT,4.4,6.5,0.0685,1,1,1,FINALIZED_WITHIN_C2_LIMIT,0.036902,1.349
422,8888.889,0.5864,greedy,PBFT,8.0,4.5,0.1326,1,1,1,FINALIZED_WITHIN_C2_LIMIT,0.019189,2.263
423,333.333,0.5855,explore,LIU_QUORUM,0.4,6.0,0.1982,1,1,1,FINALIZED_WITHIN_C2_LIMIT,0.137302,0.513
424,3076.923,0.5845,explore,ZYZZYVA,4.0,6.5,0.0688,1,1,1,FINALIZED_WITHIN_C2_LIMIT,0.051859,1.289
425,5000.0,0.5835,explore,PBFT,5.0,5.0,0.069,1,1,1,FINALIZED_WITHIN_C2_LIMIT,0.074423,1.447
426,4210.526,0.5825,explore,LIU_QUORUM,8.0,9.5,0.0298,1,1,1,FINALIZED_WITHIN_C2_LIMIT,0.072749,2.156
427,7333.333,0.5815,explore,LIU_QUORUM,2.2,1.5,0.1208,1,1,1,FINALIZED_WITHIN_C2_LIMIT,0.025961,0.81
428,1647.059,0.5806,explore,ZYZZYVA,2.8,8.5,0.0558,1,1,1,FINALIZED_WITHIN_C2_LIMIT,0.042054,1.014
429,9714.286,0.5796,greedy,ZYZZYVA,6.8,3.5,0.063,1,1,1,FINALIZED_WITHIN_C2_LIMIT,0.033395,1.891
430,3400.0,0.5786,explore,ZYZZYVA,6.8,10.0,0.0684,1,1,1,FINALIZED_WITHIN_C2_LIMIT,0.045142,2.049
431,0.0,0.5776,greedy,ZYZZYVA,6.2,3.0,0.2215,0,1,1,FINALIZED_WITHIN_C2_LIMIT,0.033533,1.588
432,0.0,0.5766,greedy,ZYZZYVA,6.2,3.0,0.2063,0,1,1,FINALIZED_WITHIN_C2_LIMIT,0.022067,1.639
433,0.0,0.5757,greedy,ZYZZYVA,6.6,3.0,0.0549,1,0,1,C2_DEADLINE_EXCEEDED,0.06878,1.708
434,10800.0,0.5747,explore,LIU_QUORUM,5.4,2.5,0.0963,1,1,1,FINALIZED_WITHIN_C2_LIMIT,0.045086,1.644
435,2666.667,0.5737,explore,PBFT,4.0,7.5,0.0506,1,1,1,FINALIZED_WITHIN_C2_LIMIT,0.013925,1.134
436,0.0,0.5727,explore,PBFT,0.6,4.0,0.03,1,0,1,C2_DEADLINE_EXCEEDED,0.044696,0.366
437,3846.154,0.5717,explore,LIU_QUORUM,5.0,6.5,0.0739,1,1,1,FINALIZED_WITHIN_C2_LIMIT,0.016539,1.514
438,0.0,0.5708,greedy,LIU_QUORUM,8.0,4.0,0.2787,0,1,1,FINALIZED_WITHIN_C2_LIMIT,0.024494,2.009
439,0.0,0.5698,explore,ZYZZYVA,6.0,9.5,0.0705,1,0,1,RUNTIME_GUARD_FAILURE,0.026766,2.749
440,2105.263,0.5688,explore,LIU_QUORUM,4.0,9.5,0.0291,1,1,1,FINALIZED_WITHIN_C2_LIMIT,0.02045,1.042
441,0.0,0.5678,greedy,PBFT,8.0,5.5,0.3315,0,1,1,FINALIZED_WITHIN_C2_LIMIT,0.024679,2.192
442,1428.571,0.5668,explore,LIU_QUORUM,2.0,7.0,0.0702,1,1,1,FINALIZED_WITHIN_C2_LIMIT,0.010657,0.754
443,2333.333,0.5659,explore,ZYZZYVA,1.4,3.0,0.072,1,1,1,FINALIZED_WITHIN_C2_LIMIT,0.018885,0.725
444,10000.0,0.5649,greedy,ZYZZYVA,6.0,3.0,0.0688,1,1,1,FINALIZED_WITHIN_C2_LIMIT,0.034053,3.093
445,5636.364,0.5639,explore,LIU_QUORUM,6.2,5.5,0.0308,1,1,1,FINALIZED_WITHIN_C2_LIMIT,0.015118,1.535
446,10000.0,0.5629,greedy,ZYZZYVA,6.0,3.0,0.1169,1,1,1,FINALIZED_WITHIN_C2_LIMIT,0.067115,1.571
447,10000.0,0.5619,greedy,ZYZZYVA,6.0,3.0,0.1864,1,1,1,FINALIZED_WITHIN_C2_LIMIT,0.068454,1.532
448,10000.0,0.561,greedy,ZYZZYVA,6.0,3.0,0.1304,1,1,1,FINALIZED_WITHIN_C2_LIMIT,0.018543,1.672
449,3789.474,0.56,explore,ZYZZYVA,7.2,9.5,0.1982,1,1,1,FINALIZED_WITHIN_C2_LIMIT,0.1057,1.863
450,0.0,0.559,greedy,ZYZZYVA,6.6,3.0,0.0673,1,0,1,C2_DEADLINE_EXCEEDED,0.19222,1.619
451,1647.059,0.558,explore,PBFT,2.8,8.5,0.0679,1,1,1,FINALIZED_WITHIN_C2_LIMIT,0.11565,2.06
452,0.0,0.557,explore,PBFT,0.8,6.0,0.0316,1,0,1,C2_DEADLINE_EXCEEDED,0.01909,0.575
453,1666.667,0.5561,explore,PBFT,1.0,3.0,0.0739,1,1,1,FINALIZED_WITHIN_C2_LIMIT,0.078965,0.618
454,1111.111,0.5551,explore,LIU_QUORUM,1.0,4.5,0.19,1,1,1,FINALIZED_WITHIN_C2_LIMIT,0.136573,0.677
455,3647.059,0.5541,explore,PBFT,6.2,8.5,0.0679,1,1,1,FINALIZED_WITHIN_C2_LIMIT,0.088164,1.983
456,0.0,0.5531,greedy,ZYZZYVA,5.8,3.0,0.2056,0,1,1,FINALIZED_WITHIN_C2_LIMIT,0.022415,3.399
457,1555.556,0.5521,explore,PBFT,1.4,4.5,0.1085,1,1,1,FINALIZED_WITHIN_C2_LIMIT,0.044633,0.643
458,9666.667,0.5512,greedy,ZYZZYVA,5.8,3.0,0.0932,1,1,1,FINALIZED_WITHIN_C2_LIMIT,0.074005,1.445
459,5666.667,0.5502,explore,PBFT,3.4,3.0,0.0809,1,1,1,FINALIZED_WITHIN_C2_LIMIT,0.035248,1.846
460,0.0,0.5492,explore,ZYZZYVA,7.0,0.5,0.0316,1,0,1,C2_DEADLINE_EXCEEDED,0.034447,2.055
461,9666.667,0.5482,greedy,ZYZZYVA,5.8,3.0,0.196,1,1,1,FINALIZED_WITHIN_C2_LIMIT,0.029276,2.149
462,7400.0,0.5472,explore,ZYZZYVA,7.4,5.0,0.1085,1,1,1,FINALIZED_WITHIN_C2_LIMIT,0.024946,1.792
463,13000.0,0.5463,explore,LIU_QUORUM,2.6,1.0,0.0767,1,1,1,FINALIZED_WITHIN_C2_LIMIT,0.023094,0.936
464,6666.667,0.5453,greedy,LIU_QUORUM,8.0,6.0,0.0837,1,1,1,FINALIZED_WITHIN_C2_LIMIT,0.020607,2.357
465,0.0,0.5443,explore,PBFT,5.6,0.5,0.0401,1,0,1,C2_DEADLINE_EXCEEDED,0.015204,1.951
466,0.0,0.5433,explore,LIU_QUORUM,0.4,1.0,0.2355,0,1,1,FINALIZED_WITHIN_C2_LIMIT,0.014263,0.313
467,8888.889,0.5423,greedy,LIU_QUORUM,8.0,4.5,0.1706,1,1,1,FINALIZED_WITHIN_C2_LIMIT,0.012176,2.724
468,8000.0,0.5414,greedy,PBFT,8.0,5.0,0.1149,1,1,1,FINALIZED_WITHIN_C2_LIMIT,0.020268,2.066
469,8000.0,0.5404,greedy,PBFT,8.0,5.0,0.1001,1,1,1,FINALIZED_WITHIN_C2_LIMIT,0.01653,4.716
470,0.0,0.5394,greedy,PBFT,8.0,5.0,0.112,1,0,1,C2_DEADLINE_EXCEEDED,0.022051,2.08
471,9000.0,0.5384,greedy,ZYZZYVA,5.4,3.0,0.0572,1,1,1,FINALIZED_WITHIN_C2_LIMIT,0.048653,1.596
472,9000.0,0.5374,greedy,ZYZZYVA,5.4,3.0,0.0572,1,1,1,FINALIZED_WITHIN_C2_LIMIT,0.029123,1.55
473,0.0,0.5365,greedy,ZYZZYVA,5.4,3.0,0.0716,1,0,1,RUNTIME_GUARD_FAILURE,0.036999,2.881
474,9000.0,0.5355,explore,PBFT,5.4,3.0,0.0308,1,1,1,FINALIZED_WITHIN_C2_LIMIT,0.051803,1.608
475,8666.667,0.5345,greedy,ZYZZYVA,5.2,3.0,0.1217,1,1,1,FINALIZED_WITHIN_C2_LIMIT,0.017176,1.557
476,0.0,0.5335,greedy,ZYZZYVA,5.2,3.0,0.2051,0,1,1,FINALIZED_WITHIN_C2_LIMIT,0.014033,1.396
477,8666.667,0.5325,greedy,ZYZZYVA,5.2,3.0,0.1701,1,1,1,FINALIZED_WITHIN_C2_LIMIT,0.022638,1.271
478,0.0,0.5316,explore,LIU_QUORUM,7.2,0.5,0.1459,1,0,1,C2_DEADLINE_EXCEEDED,0.015648,2.037
479,6750.0,0.5306,explore,ZYZZYVA,5.4,4.0,0.0679,1,1,1,FINALIZED_WITHIN_C2_LIMIT,0.014586,1.649
480,0.0,0.5296,greedy,LIU_QUORUM,8.0,4.5,0.2371,0,1,1,FINALIZED_WITHIN_C2_LIMIT,0.013238,2.028
481,4500.0,0.5286,explore,PBFT,1.8,2.0,0.0294,1,1,1,FINALIZED_WITHIN_C2_LIMIT,0.014172,1.043
482,5200.0,0.5276,explore,LIU_QUORUM,7.8,7.5,0.0311,1,1,1,FINALIZED_WITHIN_C2_LIMIT,0.013261,2.624
483,0.0,0.5267,greedy,LIU_QUORUM,8.0,4.5,0.245,0,1,1,FINALIZED_WITHIN_C2_LIMIT,0.017606,2.317
484,0.0,0.5257,explore,PBFT,3.4,2.5,0.0288,1,0,1,C2_DEADLINE_EXCEEDED,0.017067,1.266
485,8888.889,0.5247,greedy,LIU_QUORUM,8.0,4.5,0.1659,1,1,1,FINALIZED_WITHIN_C2_LIMIT,0.012538,2.256
486,8888.889,0.5237,greedy,LIU_QUORUM,8.0,4.5,0.1961,1,1,1,FINALIZED_WITHIN_C2_LIMIT,0.008283,2.227
487,0.0,0.5227,explore,LIU_QUORUM,0.4,8.0,0.0609,1,0,1,RUNTIME_GUARD_FAILURE,0.009923,0.859
488,5000.0,0.5218,explore,LIU_QUORUM,3.0,3.0,0.0668,1,1,1,FINALIZED_WITHIN_C2_LIMIT,0.011386,1.114
489,8000.0,0.5208,greedy,PBFT,8.0,5.0,0.1762,1,1,1,FINALIZED_WITHIN_C2_LIMIT,0.009604,2.455
490,2133.333,0.5198,explore,ZYZZYVA,3.2,7.5,0.068,1,1,1,FINALIZED_WITHIN_C2_LIMIT,0.014379,1.178
491,0.0,0.5188,explore,ZYZZYVA,4.8,1.0,0.0679,1,0,1,C2_DEADLINE_EXCEEDED,0.010959,1.689
492,0.0,0.5178,explore,PBFT,4.2,5.0,0.2103,0,1,1,FINALIZED_WITHIN_C2_LIMIT,0.010015,1.369
493,6857.143,0.5169,explore,ZYZZYVA,4.8,3.5,0.0683,1,1,1,FINALIZED_WITHIN_C2_LIMIT,0.010587,1.638
494,0.0,0.5159,greedy,PBFT,8.0,5.0,0.2434,0,1,1,FINALIZED_WITHIN_C2_LIMIT,0.008353,2.257
495,0.0,0.5149,greedy,ZYZZYVA,5.6,3.0,0.2486,0,1,1,FINALIZED_WITHIN_C2_LIMIT,0.009153,1.846
496,0.0,0.5139,greedy,ZYZZYVA,5.6,3.0,0.2486,0,1,1,FINALIZED_WITHIN_C2_LIMIT,0.013743,1.818
497,0.0,0.5129,explore,ZYZZYVA,0.4,0.5,0.2536,0,1,1,FINALIZED_WITHIN_C2_LIMIT,0.014986,0.31
498,0.0,0.512,greedy,ZYZZYVA,5.6,3.0,0.2388,0,1,1,FINALIZED_WITHIN_C2_LIMIT,0.012243,2.119
499,0.0,0.511,greedy,ZYZZYVA,6.2,3.5,0.2352,0,1,1,FINALIZED_WITHIN_C2_LIMIT,0.238219,1.971
500,0.0,0.51,greedy,ZYZZYVA,5.8,3.0,0.2388,0,1,1,FINALIZED_WITHIN_C2_LIMIT,0.125145,1.736
501,0.0,0.509,greedy,ZYZZYVA,6.0,3.0,0.2343,0,1,1,FINALIZED_WITHIN_C2_LIMIT,0.021884,1.75
502,0.0,0.508,greedy,ZYZZYVA,6.0,3.0,0.2458,0,1,1,FINALIZED_WITHIN_C2_LIMIT,0.104864,2.018
503,0.0,0.5071,greedy,ZYZZYVA,6.0,3.0,0.235,0,1,1,FINALIZED_WITHIN_C2_LIMIT,0.125722,1.837
504,2500.0,0.5061,explore,LIU_QUORUM,1.0,2.0,0.0758,1,1,1,FINALIZED_WITHIN_C2_LIMIT,0.020734,0.662
505,3777.778,0.5051,explore,ZYZZYVA,3.4,4.5,0.0506,1,1,1,FINALIZED_WITHIN_C2_LIMIT,0.065523,1.106
506,9333.333,0.5041,greedy,ZYZZYVA,5.6,3.0,0.0747,1,1,1,FINALIZED_WITHIN_C2_LIMIT,0.097148,1.682
507,0.0,0.5031,explore,PBFT,5.8,1.0,0.0686,1,0,1,C2_DEADLINE_EXCEEDED,0.049096,1.63
508,9333.333,0.5022,greedy,ZYZZYVA,5.6,3.0,0.092,1,1,1,FINALIZED_WITHIN_C2_LIMIT,0.030454,1.526
509,10400.0,0.5012,greedy,ZYZZYVA,5.2,2.5,0.0994,1,1,1,FINALIZED_WITHIN_C2_LIMIT,0.056901,1.436
510,9333.333,0.5002,greedy,ZYZZYVA,5.6,3.0,0.1033,1,1,1,FINALIZED_WITHIN_C2_LIMIT,0.024243,1.638
511,9000.0,0.4992,greedy,ZYZZYVA,5.4,3.0,0.1317,1,1,1,FINALIZED_WITHIN_C2_LIMIT,0.025228,2.904
512,0.0,0.4982,explore,LIU_QUORUM,3.4,0.5,0.1982,1,0,1,C2_DEADLINE_EXCEEDED,0.026828,1.613
513,3111.111,0.4973,explore,PBFT,2.8,4.5,0.1001,1,1,1,FINALIZED_WITHIN_C2_LIMIT,0.043636,1.151
514,4400.0,0.4963,explore,ZYZZYVA,6.6,7.5,0.0739,1,1,1,FINALIZED_WITHIN_C2_LIMIT,0.032757,1.762
515,2727.273,0.4953,explore,PBFT,3.0,5.5,0.1141,1,1,1,FINALIZED_WITHIN_C2_LIMIT,0.017252,1.036
516,11000.0,0.4943,greedy,ZYZZYVA,4.4,2.0,0.1611,1,1,1,FINALIZED_WITHIN_C2_LIMIT,0.036031,1.369
517,10000.0,0.4933,greedy,LIU_QUORUM,6.0,3.0,0.1741,1,1,1,FINALIZED_WITHIN_C2_LIMIT,0.014715,1.493
518,8888.889,0.4924,greedy,LIU_QUORUM,8.0,4.5,0.1739,1,1,1,FINALIZED_WITHIN_C2_LIMIT,0.059842,2.321
519,8888.889,0.4914,greedy,LIU_QUORUM,8.0,4.5,0.1706,1,1,1,FINALIZED_WITHIN_C2_LIMIT,0.053975,1.943
520,5428.571,0.4904,explore,ZYZZYVA,3.8,3.5,0.19,1,1,1,FINALIZED_WITHIN_C2_LIMIT,0.019417,1.16
521,166.667,0.4894,explore,LIU_QUORUM,0.2,6.0,0.0702,1,1,1,FINALIZED_WITHIN_C2_LIMIT,0.031538,0.324
522,8888.889,0.4884,greedy,LIU_QUORUM,8.0,4.5,0.173,1,1,1,FINALIZED_WITHIN_C2_LIMIT,0.014096,2.255
523,0.0,0.4875,greedy,LIU_QUORUM,8.0,4.5,0.2282,0,1,1,FINALIZED_WITHIN_C2_LIMIT,0.017597,2.488
524,0.0,0.4865,explore,PBFT,3.6,8.5,0.2103,0,1,1,FINALIZED_WITHIN_C2_LIMIT,0.029922,2.039
525,12500.0,0.4855,greedy,ZYZZYVA,5.0,2.0,0.198,1,1,1,FINALIZED_WITHIN_C2_LIMIT,0.019265,1.393
526,0.0,0.4845,explore,PBFT,7.6,0.5,0.0668,1,0,1,C2_DEADLINE_EXCEEDED,0.063409,2.05
527,0.0,0.4835,greedy,LIU_QUORUM,8.0,4.5,0.2282,0,1,1,FINALIZED_WITHIN_C2_LIMIT,0.042223,2.368
528,0.0,0.4826,explore,PBFT,2.8,6.5,0.0668,1,0,1,C2_DEADLINE_EXCEEDED,0.011597,0.984
529,400.0,0.4816,explore,PBFT,0.6,7.5,0.0809,1,1,1,FINALIZED_WITHIN_C2_LIMIT,0.025457,0.602
530,0.0,0.4806,explore,PBFT,2.6,6.0,0.072,1,0,1,C2_DEADLINE_EXCEEDED,0.013634,0.867
531,0.0,0.4796,explore,PBFT,1.8,7.5,0.0278,1,0,1,C2_DEADLINE_EXCEEDED,0.015907,0.719
532,0.0,0.4786,greedy,ZYZZYVA,4.8,2.0,0.1958,1,0,1,C2_DEADLINE_EXCEEDED,0.019062,1.224
533,5142.857,0.4777,explore,PBFT,7.2,7.0,0.0683,1,1,1,FINALIZED_WITHIN_C2_LIMIT,0.017009,1.816
534,4333.333,0.4767,explore,ZYZZYVA,5.2,6.0,0.0558,1,1,1,FINALIZED_WITHIN_C2_LIMIT,0.032471,1.368
535,12000.0,0.4757,explore,ZYZZYVA,6.0,2.5,0.1284,1,1,1,FINALIZED_WITHIN_C2_LIMIT,0.012946,1.728
536,1400.0,0.4747,explore,PBFT,1.4,5.0,0.0739,1,1,1,FINALIZED_WITHIN_C2_LIMIT,0.032598,0.799
537,6250.0,0.4737,explore,ZYZZYVA,5.0,4.0,0.0651,1,1,1,FINALIZED_WITHIN_C2_LIMIT,0.029355,1.396
538,0.0,0.4728,greedy,ZYZZYVA,4.8,2.0,0.2295,0,1,1,FINALIZED_WITHIN_C2_LIMIT,0.015638,1.336
539,0.0,0.4718,explore,LIU_QUORUM,3.8,0.5,0.0674,1,0,1,C2_DEADLINE_EXCEEDED,0.01194,1.435
540,0.0,0.4708,explore,PBFT,8.0,8.5,0.2103,0,1,1,FINALIZED_WITHIN_C2_LIMIT,0.024655,3.36
541,0.0,0.4698,explore,ZYZZYVA,1.6,6.5,0.2103,0,1,1,FINALIZED_WITHIN_C2_LIMIT,0.01275,0.932
542,0.0,0.4688,greedy,ZYZZYVA,5.4,2.5,0.2315,0,0,1,C2_DEADLINE_EXCEEDED,0.021982,1.63
543,0.0,0.4679,greedy,ZYZZYVA,5.4,2.5,0.2294,0,1,1,FINALIZED_WITHIN_C2_LIMIT,0.017353,1.473
544,0.0,0.4669,explore,PBFT,5.8,9.0,0.0316,1,0,1,C2_DEADLINE_EXCEEDED,0.031957,2.03
545,10800.0,0.4659,greedy,ZYZZYVA,5.4,2.5,0.144,1,1,1,FINALIZED_WITHIN_C2_LIMIT,0.03132,1.622
546,3500.0,0.4649,explore,LIU_QUORUM,7.0,10.0,0.0315,1,1,1,FINALIZED_WITHIN_C2_LIMIT,0.009662,1.774
547,10800.0,0.4639,greedy,ZYZZYVA,5.4,2.5,0.1726,1,1,1,FINALIZED_WITHIN_C2_LIMIT,0.02152,2.456
548,222.222,0.463,explore,LIU_QUORUM,0.2,4.5,0.0708,1,1,1,FINALIZED_WITHIN_C2_LIMIT,0.005263,0.445
549,10800.0,0.462,greedy,ZYZZYVA,5.4,2.5,0.1733,1,1,1,FINALIZED_WITHIN_C2_LIMIT,0.01752,1.562
550,0.0,0.461,explore,PBFT,2.0,5.5,0.0686,1,0,1,C2_DEADLINE_EXCEEDED,0.00811,1.266
551,0.0,0.46,greedy,ZYZZYVA,5.4,2.5,0.1743,1,0,1,C2_DEADLINE_EXCEEDED,0.019983,1.454
552,3866.667,0.459,explore,ZYZZYVA,5.8,7.5,0.19,1,1,1,FINALIZED_WITHIN_C2_LIMIT,0.010838,1.533
553,0.0,0.4581,explore,LIU_QUORUM,8.0,0.5,0.0708,1,0,1,C2_DEADLINE_EXCEEDED,0.020358,2.027
554,0.0,0.4571,explore,ZYZZYVA,0.4,4.5,0.2103,0,1,1,FINALIZED_WITHIN_C2_LIMIT,0.006807,0.328
555,9000.0,0.4561,explore,ZYZZYVA,7.2,4.0,0.0308,1,1,1,FINALIZED_WITHIN_C2_LIMIT,0.018963,2.409
556,15600.0,0.4551,explore,LIU_QUORUM,7.8,2.5,0.0739,1,1,1,FINALIZED_WITHIN_C2_LIMIT,0.01172,2.385
557,11200.0,0.4541,greedy,ZYZZYVA,5.6,2.5,0.1447,1,1,1,FINALIZED_WITHIN_C2_LIMIT,0.007929,2.047
558,1250.0,0.4532,explore,ZYZZYVA,1.0,4.0,0.0963,1,1,1,FINALIZED_WITHIN_C2_LIMIT,0.008013,0.675
559,0.0,0.4522,explore,PBFT,3.0,9.0,0.0809,1,0,1,C2_DEADLINE_EXCEEDED,0.010959,1.233
560,11200.0,0.4512,greedy,ZYZZYVA,5.6,2.5,0.1736,1,1,1,FINALIZED_WITHIN_C2_LIMIT,0.00957,1.747
561,0.0,0.4502,explore,ZYZZYVA,2.2,0.5,0.0689,1,0,1,C2_DEADLINE_EXCEEDED,0.008396,0.828
562,6400.0,0.4492,explore,ZYZZYVA,3.2,2.5,0.0786,1,1,1,FINALIZED_WITHIN_C2_LIMIT,0.008308,1.134
563,11200.0,0.4483,greedy,ZYZZYVA,5.6,2.5,0.1726,1,1,1,FINALIZED_WITHIN_C2_LIMIT,0.007159,2.793
564,11200.0,0.4473,greedy,ZYZZYVA,5.6,2.5,0.1736,1,1,1,FINALIZED_WITHIN_C2_LIMIT,0.010074,1.612
565,0.0,0.4463,greedy,ZYZZYVA,5.6,2.5,0.1982,1,0,1,C2_DEADLINE_EXCEEDED,0.006142,4.458
566,6500.0,0.4453,explore,ZYZZYVA,2.6,2.0,0.0362,1,1,1,FINALIZED_WITHIN_C2_LIMIT,0.007334,0.951
567,0.0,0.4443,greedy,ZYZZYVA,5.6,2.5,0.2018,0,1,1,FINALIZED_WITHIN_C2_LIMIT,0.004793,1.524
568,5000.0,0.4434,explore,LIU_QUORUM,1.0,1.0,0.0679,1,1,1,FINALIZED_WITHIN_C2_LIMIT,0.017701,0.622
569,6857.143,0.4424,explore,ZYZZYVA,4.8,3.5,0.0688,1,1,1,FINALIZED_WITHIN_C2_LIMIT,0.009959,1.32
570,1666.667,0.4414,explore,PBFT,1.0,3.0,0.0881,1,1,1,FINALIZED_WITHIN_C2_LIMIT,0.008968,0.614
571,0.0,0.4404,explore,PBFT,3.2,2.5,0.0739,1,0,1,C2_DEADLINE_EXCEEDED,0.009372,1.467
572,0.0,0.4394,greedy,ZYZZYVA,5.6,2.5,0.2049,0,1,1,FINALIZED_WITHIN_C2_LIMIT,0.006407,1.617
573,0.0,0.4385,greedy,ZYZZYVA,5.6,2.5,0.2158,0,1,1,FINALIZED_WITHIN_C2_LIMIT,0.008426,1.591
574,0.0,0.4375,greedy,ZYZZYVA,5.6,2.5,0.208,0,0,1,C2_DEADLINE_EXCEEDED,0.006053,1.577
575,0.0,0.4365,greedy,ZYZZYVA,5.6,2.5,0.2211,0,0,1,C2_DEADLINE_EXCEEDED,0.007027,1.951
576,0.0,0.4355,explore,PBFT,3.6,2.5,0.0684,1,0,1,C2_DEADLINE_EXCEEDED,0.018408,1.178
577,0.0,0.4345,greedy,ZYZZYVA,5.6,2.5,0.2528,0,0,1,C2_DEADLINE_EXCEEDED,0.014679,1.745
578,4000.0,0.4336,explore,PBFT,3.6,4.5,0.0278,1,1,1,FINALIZED_WITHIN_C2_LIMIT,0.013457,1.093
579,0.0,0.4326,greedy,ZYZZYVA,5.6,2.5,0.2179,0,1,1,FINALIZED_WITHIN_C2_LIMIT,0.01656,1.626
580,0.0,0.4316,explore,PBFT,5.6,8.0,0.0694,1,0,1,C2_DEADLINE_EXCEEDED,0.009891,1.655
581,0.0,0.4306,greedy,ZYZZYVA,6.2,3.0,0.208,0,1,1,FINALIZED_WITHIN_C2_LIMIT,0.005334,1.703
582,0.0,0.4296,greedy,ZYZZYVA,6.2,3.0,0.2081,0,1,1,FINALIZED_WITHIN_C2_LIMIT,0.01051,1.68
583,0.0,0.4287,greedy,ZYZZYVA,5.8,2.5,0.2036,0,1,1,FINALIZED_WITHIN_C2_LIMIT,0.00463,1.658
584,4000.0,0.4277,explore,LIU_QUORUM,5.6,7.0,0.0739,1,1,1,FINALIZED_WITHIN_C2_LIMIT,0.013656,1.562
585,4000.0,0.4267,explore,PBFT,1.2,1.5,0.0671,1,1,1,FINALIZED_WITHIN_C2_LIMIT,0.008594,0.805
586,0.0,0.4257,explore,ZYZZYVA,7.8,3.0,0.2103,0,1,1,FINALIZED_WITHIN_C2_LIMIT,0.01103,2.327
587,0.0,0.4247,greedy,ZYZZYVA,5.8,2.5,0.2334,0,1,1,FINALIZED_WITHIN_C2_LIMIT,0.019109,3.277
588,0.0,0.4238,greedy,ZYZZYVA,5.8,2.5,0.2334,0,1,1,FINALIZED_WITHIN_C2_LIMIT,0.014728,1.512
589,1100.0,0.4228,explore,PBFT,2.2,10.0,0.1368,1,1,1,FINALIZED_WITHIN_C2_LIMIT,0.014666,0.945
590,0.0,0.4218,greedy,ZYZZYVA,6.0,2.5,0.2334,0,0,1,RUNTIME_GUARD_FAILURE,0.009104,3.202
591,0.0,0.4208,greedy,ZYZZYVA,6.0,2.5,0.2334,0,1,1,FINALIZED_WITHIN_C2_LIMIT,0.008199,1.777
592,1384.615,0.4198,explore,LIU_QUORUM,1.8,6.5,0.0671,1,1,1,FINALIZED_WITHIN_C2_LIMIT,0.007854,0.705
593,10000.0,0.4189,explore,ZYZZYVA,2.0,1.0,0.0401,1,1,1,FINALIZED_WITHIN_C2_LIMIT,0.006408,0.899
594,0.0,0.4179,explore,LIU_QUORUM,3.2,8.5,0.0311,1,0,1,RUNTIME_GUARD_FAILURE,0.009946,1.744
595,0.0,0.4169,greedy,ZYZZYVA,6.0,2.5,0.2043,0,1,1,FINALIZED_WITHIN_C2_LIMIT,0.008248,2.647
596,5076.923,0.4159,explore,LIU_QUORUM,6.6,6.5,0.1416,1,1,1,FINALIZED_WITHIN_C2_LIMIT,0.011216,1.659
597,5111.111,0.4149,explore,LIU_QUORUM,4.6,4.5,0.0609,1,1,1,FINALIZED_WITHIN_C2_LIMIT,0.004686,1.256
598,11600.0,0.414,greedy,ZYZZYVA,5.8,2.5,0.1978,1,1,1,FINALIZED_WITHIN_C2_LIMIT,0.005782,1.769
599,0.0,0.413,greedy,ZYZZYVA,5.8,2.5,0.2049,0,0,1,C2_DEADLINE_EXCEEDED,0.208555,1.805
600,0.0,0.412,greedy,ZYZZYVA,5.8,2.5,0.1767,1,0,1,C2_DEADLINE_EXCEEDED,0.090117,1.854
601,3294.118,0.411,explore,ZYZZYVA,5.6,8.5,0.0881,1,1,1,FINALIZED_WITHIN_C2_LIMIT,0.026223,1.443
602,0.0,0.41,greedy,ZYZZYVA,6.6,3.0,0.1741,1,0,1,C2_DEADLINE_EXCEEDED,0.071952,2.141
603,10666.667,0.4091,greedy,ZYZZYVA,6.4,3.0,0.1741,1,1,1,FINALIZED_WITHIN_C2_LIMIT,0.025061,1.945
604,10333.333,0.4081,greedy,ZYZZYVA,6.2,3.0,0.1704,1,1,1,FINALIZED_WITHIN_C2_LIMIT,0.043213,1.532
605,0.0,0.4071,explore,LIU_QUORUM,5.0,0.5,0.0705,1,0,1,C2_DEADLINE_EXCEEDED,0.049726,1.304
606,2400.0,0.4061,explore,LIU_QUORUM,3.6,7.5,0.0708,1,1,1,FINALIZED_WITHIN_C2_LIMIT,0.023006,1.024
607,9666.667,0.4051,greedy,ZYZZYVA,5.8,3.0,0.1717,1,1,1,FINALIZED_WITHIN_C2_LIMIT,0.015695,2.941
608,4142.857,0.4042,explore,ZYZZYVA,5.8,7.0,0.069,1,1,1,FINALIZED_WITHIN_C2_LIMIT,0.025227,1.685
609,2200.0,0.4032,explore,PBFT,2.2,5.0,0.0787,1,1,1,FINALIZED_WITHIN_C2_LIMIT,0.015754,0.921
610,0.0,0.4022,greedy,ZYZZYVA,6.0,3.0,0.2257,0,1,1,FINALIZED_WITHIN_C2_LIMIT,0.02702,1.781
611,4588.235,0.4012,explore,LIU_QUORUM,7.8,8.5,0.0298,1,1,1,FINALIZED_WITHIN_C2_LIMIT,0.012744,2.365
612,0.0,0.4002,greedy,PBFT,8.0,5.0,0.2017,0,1,1,FINALIZED_WITHIN_C2_LIMIT,0.042369,7.197
613,0.0,0.3993,greedy,PBFT,8.0,4.5,0.2344,0,1,1,FINALIZED_WITHIN_C2_LIMIT,0.022727,2.133
614,8444.444,0.3983,explore,PBFT,7.6,4.5,0.0278,1,1,1,FINALIZED_WITHIN_C2_LIMIT,0.053971,2.138
615,0.0,0.3973,greedy,LIU_QUORUM,6.2,3.0,0.2247,0,1,1,FINALIZED_WITHIN_C2_LIMIT,0.076513,1.938
616,0.0,0.3963,greedy,LIU_QUORUM,6.2,3.0,0.2473,0,1,1,FINALIZED_WITHIN_C2_LIMIT,0.013369,1.959
617,0.0,0.3953,greedy,LIU_QUORUM,6.2,3.0,0.2417,0,1,1,FINALIZED_WITHIN_C2_LIMIT,0.043524,2.053
618,5428.571,0.3944,explore,PBFT,7.6,7.0,0.0702,1,1,1,FINALIZED_WITHIN_C2_LIMIT,0.01116,2.26
619,0.0,0.3934,explore,ZYZZYVA,3.8,4.0,0.2536,0,1,1,FINALIZED_WITHIN_C2_LIMIT,0.025293,1.239
620,0.0,0.3924,greedy,LIU_QUORUM,8.0,4.0,0.2419,0,1,1,FINALIZED_WITHIN_C2_LIMIT,0.015694,2.386
621,0.0,0.3914,explore,PBFT,3.2,0.5,0.0316,1,0,1,C2_DEADLINE_EXCEEDED,0.046051,1.228
622,0.0,0.3904,greedy,LIU_QUORUM,8.0,5.5,0.2783,0,1,1,FINALIZED_WITHIN_C2_LIMIT,0.035629,3.117
623,0.0,0.3895,greedy,LIU_QUORUM,8.0,4.5,0.2452,0,1,1,FINALIZED_WITHIN_C2_LIMIT,0.016222,2.297
624,3176.471,0.3885,explore,ZYZZYVA,5.4,8.5,0.0688,1,1,1,FINALIZED_WITHIN_C2_LIMIT,0.029333,3.316
625,4588.235,0.3875,explore,PBFT,7.8,8.5,0.1001,1,1,1,FINALIZED_WITHIN_C2_LIMIT,0.022829,2.492
626,0.0,0.3865,greedy,LIU_QUORUM,7.4,4.0,0.2124,0,1,1,FINALIZED_WITHIN_C2_LIMIT,0.014331,1.931
627,900.0,0.3855,explore,LIU_QUORUM,1.8,10.0,0.0558,1,1,1,FINALIZED_WITHIN_C2_LIMIT,0.027119,1.168
628,0.0,0.3846,explore,ZYZZYVA,7.8,0.5,0.1368,1,0,1,C2_DEADLINE_EXCEEDED,0.022052,2.31
629,8285.714,0.3836,greedy,ZYZZYVA,5.8,3.5,0.1345,1,1,1,FINALIZED_WITHIN_C2_LIMIT,0.038071,1.729
630,8285.714,0.3826,greedy,ZYZZYVA,5.8,3.5,0.1191,1,1,1,FINALIZED_WITHIN_C2_LIMIT,0.030535,1.906
631,1200.0,0.3816,explore,LIU_QUORUM,1.8,7.5,0.1723,1,1,1,FINALIZED_WITHIN_C2_LIMIT,0.014205,0.873
632,0.0,0.3806,greedy,ZYZZYVA,5.6,2.5,0.2223,0,0,1,C2_DEADLINE_EXCEEDED,0.04353,1.688
633,5800.0,0.3797,explore,LIU_QUORUM,5.8,5.0,0.1416,1,1,1,FINALIZED_WITHIN_C2_LIMIT,0.017257,1.734
634,8285.714,0.3787,greedy,ZYZZYVA,5.8,3.5,0.1206,1,1,1,FINALIZED_WITHIN_C2_LIMIT,0.040479,1.982
635,8285.714,0.3777,greedy,ZYZZYVA,5.8,3.5,0.1293,1,1,1,FINALIZED_WITHIN_C2_LIMIT,0.050836,1.672
636,10800.0,0.3767,greedy,ZYZZYVA,5.4,2.5,0.1653,1,1,1,FINALIZED_WITHIN_C2_LIMIT,0.013731,1.509
637,10800.0,0.3757,greedy,ZYZZYVA,5.4,2.5,0.1741,1,1,1,FINALIZED_WITHIN_C2_LIMIT,0.041506,1.741
638,0.0,0.3748,explore,PBFT,6.8,1.0,0.0881,1,0,1,C2_DEADLINE_EXCEEDED,0.038935,2.235
639,6000.0,0.3738,explore,ZYZZYVA,1.2,1.0,0.0705,1,1,1,FINALIZED_WITHIN_C2_LIMIT,0.019341,0.684
640,9333.333,0.3728,greedy,ZYZZYVA,5.6,3.0,0.0991,1,1,1,FINALIZED_WITHIN_C2_LIMIT,0.021329,1.69
641,3666.667,0.3718,explore,LIU_QUORUM,2.2,3.0,0.0401,1,1,1,FINALIZED_WITHIN_C2_LIMIT,0.007611,0.817
642,0.0,0.3708,explore,PBFT,7.6,8.5,0.0739,1,0,1,C2_DEADLINE_EXCEEDED,0.014764,2.27
643,9333.333,0.3699,greedy,ZYZZYVA,5.6,3.0,0.0751,1,1,1,FINALIZED_WITHIN_C2_LIMIT,0.016943,1.665
644,10800.0,0.3689,greedy,ZYZZYVA,5.4,2.5,0.1023,1,1,1,FINALIZED_WITHIN_C2_LIMIT,0.009571,1.437
645,10800.0,0.3679,greedy,ZYZZYVA,5.4,2.5,0.0946,1,1,1,FINALIZED_WITHIN_C2_LIMIT,0.007088,1.473
646,10800.0,0.3669,greedy,ZYZZYVA,5.4,2.5,0.0991,1,1,1,FINALIZED_WITHIN_C2_LIMIT,0.013703,1.585
647,11200.0,0.3659,greedy,ZYZZYVA,5.6,2.5,0.092,1,1,1,FINALIZED_WITHIN_C2_LIMIT,0.008538,1.598
648,11200.0,0.365,greedy,ZYZZYVA,5.6,2.5,0.0982,1,1,1,FINALIZED_WITHIN_C2_LIMIT,0.009142,1.691
649,11200.0,0.364,greedy,ZYZZYVA,5.6,2.5,0.0831,1,1,1,FINALIZED_WITHIN_C2_LIMIT,0.007817,1.546
650,11200.0,0.363,greedy,ZYZZYVA,5.6,2.5,0.0978,1,1,1,FINALIZED_WITHIN_C2_LIMIT,0.005379,1.601
651,0.0,0.362,explore,PBFT,5.8,8.5,0.2811,0,1,1,FINALIZED_WITHIN_C2_LIMIT,0.007539,1.736
652,0.0,0.361,greedy,ZYZZYVA,5.6,2.5,0.0946,1,0,1,C2_DEADLINE_EXCEEDED,0.009709,1.599
653,2800.0,0.3601,explore,ZYZZYVA,5.6,10.0,0.0278,1,1,1,FINALIZED_WITHIN_C2_LIMIT,0.013121,1.71
654,0.0,0.3591,greedy,ZYZZYVA,5.4,2.5,0.0932,1,0,1,C2_DEADLINE_EXCEEDED,0.00642,1.68
655,0.0,0.3581,greedy,ZYZZYVA,5.6,2.5,0.1079,1,0,1,C2_DEADLINE_EXCEEDED,0.01277,1.922
656,0.0,0.3571,greedy,ZYZZYVA,5.4,2.5,0.0902,1,0,1,C2_DEADLINE_EXCEEDED,0.013789,4.168
657,5714.286,0.3561,explore,ZYZZYVA,4.0,3.5,0.072,1,1,1,FINALIZED_WITHIN_C2_LIMIT,0.005431,1.437
658,10800.0,0.3552,greedy,ZYZZYVA,5.4,2.5,0.0981,1,1,1,FINALIZED_WITHIN_C2_LIMIT,0.009955,1.671
659,9666.667,0.3542,greedy,ZYZZYVA,5.8,3.0,0.1337,1,1,1,FINALIZED_WITHIN_C2_LIMIT,0.015514,1.838
660,9333.333,0.3532,greedy,ZYZZYVA,5.6,3.0,0.1317,1,1,1,FINALIZED_WITHIN_C2_LIMIT,0.010849,1.984
661,10000.0,0.3522,greedy,ZYZZYVA,6.0,3.0,0.1706,1,1,1,FINALIZED_WITHIN_C2_LIMIT,0.062349,2.065
662,0.0,0.3512,greedy,ZYZZYVA,5.4,2.5,0.2284,0,0,1,C2_DEADLINE_EXCEEDED,0.057754,3.578
663,0.0,0.3503,greedy,ZYZZYVA,5.4,2.5,0.2639,0,1,1,FINALIZED_WITHIN_C2_LIMIT,0.011245,1.725
664,0.0,0.3493,explore,ZYZZYVA,5.6,0.5,0.072,1,0,1,C2_DEADLINE_EXCEEDED,0.024958,2.1
665,6400.0,0.3483,explore,LIU_QUORUM,6.4,5.0,0.0609,1,1,1,FINALIZED_WITHIN_C2_LIMIT,0.018333,2.101
666,0.0,0.3473,greedy,ZYZZYVA,5.4,2.5,0.2921,0,0,1,C2_DEADLINE_EXCEEDED,0.034076,2.007
667,0.0,0.3463,greedy,ZYZZYVA,5.4,2.5,0.2601,0,1,1,FINALIZED_WITHIN_C2_LIMIT,0.034638,1.754
668,0.0,0.3454,greedy,ZYZZYVA,5.8,3.0,0.3006,0,1,1,FINALIZED_WITHIN_C2_LIMIT,0.014289,1.814
669,1750.0,0.3444,explore,ZYZZYVA,2.8,8.0,0.067,1,1,1,FINALIZED_WITHIN_C2_LIMIT,0.021604,0.911
670,0.0,0.3434,greedy,ZYZZYVA,5.4,2.5,0.2931,0,1,1,FINALIZED_WITHIN_C2_LIMIT,0.017135,3.547
671,0.0,0.3424,greedy,ZYZZYVA,5.4,2.5,0.2625,0,1,1,FINALIZED_WITHIN_C2_LIMIT,0.015092,1.587
672,0.0,0.3414,greedy,ZYZZYVA,5.4,2.5,0.2333,0,0,1,C2_DEADLINE_EXCEEDED,0.014146,1.847
673,0.0,0.3405,greedy,ZYZZYVA,5.4,2.5,0.2251,0,0,1,C2_DEADLINE_EXCEEDED,0.010912,1.762
674,0.0,0.3395,explore,LIU_QUORUM,5.0,0.5,0.0316,1,0,1,C2_DEADLINE_EXCEEDED,0.010277,3.015
675,10800.0,0.3385,greedy,ZYZZYVA,5.4,2.5,0.1694,1,1,1,FINALIZED_WITHIN_C2_LIMIT,0.007579,1.602
676,0.0,0.3375,greedy,ZYZZYVA,5.4,2.5,0.1694,1,0,1,RUNTIME_GUARD_FAILURE,0.011584,3.367
677,0.0,0.3365,greedy,ZYZZYVA,5.4,2.5,0.0755,1,0,1,C2_DEADLINE_EXCEEDED,0.019279,1.59
678,3294.118,0.3356,explore,ZYZZYVA,5.6,8.5,0.0702,1,1,1,FINALIZED_WITHIN_C2_LIMIT,0.009838,1.866
679,0.0,0.3346,greedy,ZYZZYVA,5.4,2.5,0.0589,1,0,1,C2_DEADLINE_EXCEEDED,0.038877,1.961
680,3157.895,0.3336,explore,PBFT,6.0,9.5,0.0679,1,1,1,FINALIZED_WITHIN_C2_LIMIT,0.02453,1.985
681,10800.0,0.3326,greedy,ZYZZYVA,5.4,2.5,0.0445,1,1,1,FINALIZED_WITHIN_C2_LIMIT,0.017241,4.913
682,10800.0,0.3316,greedy,ZYZZYVA,5.4,2.5,0.0445,1,1,1,FINALIZED_WITHIN_C2_LIMIT,0.019939,1.847
683,10800.0,0.3307,greedy,ZYZZYVA,5.4,2.5,0.0589,1,1,1,FINALIZED_WITHIN_C2_LIMIT,0.017683,1.778
684,10800.0,0.3297,greedy,ZYZZYVA,5.4,2.5,0.0589,1,1,1,FINALIZED_WITHIN_C2_LIMIT,0.010552,1.676
685,0.0,0.3287,greedy,ZYZZYVA,5.4,2.5,0.0589,1,0,1,C2_DEADLINE_EXCEEDED,0.023242,1.667
686,10800.0,0.3277,greedy,ZYZZYVA,5.4,2.5,0.0589,1,1,1,FINALIZED_WITHIN_C2_LIMIT,0.008586,1.71
687,0.0,0.3267,greedy,ZYZZYVA,5.0,2.0,0.0841,1,0,1,C2_DEADLINE_EXCEEDED,0.022144,1.754
688,0.0,0.3258,greedy,ZYZZYVA,5.0,2.0,0.06,1,0,1,C2_DEADLINE_EXCEEDED,0.014443,1.735
689,4909.091,0.3248,explore,ZYZZYVA,5.4,5.5,0.1416,1,1,1,FINALIZED_WITHIN_C2_LIMIT,0.031063,2.4
690,7800.0,0.3238,explore,PBFT,7.8,5.0,0.0705,1,1,1,FINALIZED_WITHIN_C2_LIMIT,0.029527,2.262
691,10400.0,0.3228,greedy,ZYZZYVA,5.2,2.5,0.1258,1,1,1,FINALIZED_WITHIN_C2_LIMIT,0.008737,3.136
692,0.0,0.3218,greedy,ZYZZYVA,5.2,2.5,0.1256,1,0,1,RUNTIME_GUARD_FAILURE,0.013959,3.222
693,10400.0,0.3209,greedy,ZYZZYVA,5.2,2.5,0.1587,1,1,1,FINALIZED_WITHIN_C2_LIMIT,0.010798,1.657
694,0.0,0.3199,greedy,ZYZZYVA,5.2,2.5,0.208,0,1,1,FINALIZED_WITHIN_C2_LIMIT,0.01028,1.342
695,10400.0,0.3189,greedy,ZYZZYVA,5.2,2.5,0.179,1,1,1,FINALIZED_WITHIN_C2_LIMIT,0.01105,1.617
696,10400.0,0.3179,greedy,ZYZZYVA,5.2,2.5,0.1401,1,1,1,FINALIZED_WITHIN_C2_LIMIT,0.011977,1.755
697,10400.0,0.3169,greedy,ZYZZYVA,5.2,2.5,0.1737,1,1,1,FINALIZED_WITHIN_C2_LIMIT,0.008894,1.564
698,10400.0,0.316,greedy,ZYZZYVA,5.2,2.5,0.1428,1,1,1,FINALIZED_WITHIN_C2_LIMIT,0.005863,1.841
699,10400.0,0.315,greedy,ZYZZYVA,5.2,2.5,0.1261,1,1,1,FINALIZED_WITHIN_C2_LIMIT,0.172619,1.648
700,10400.0,0.314,greedy,ZYZZYVA,5.2,2.5,0.1439,1,1,1,FINALIZED_WITHIN_C2_LIMIT,0.097923,1.746
701,0.0,0.313,explore,PBFT,2.6,1.0,0.0288,1,0,1,C2_DEADLINE_EXCEEDED,0.023114,1.366
702,10800.0,0.312,greedy,ZYZZYVA,5.4,2.5,0.1731,1,1,1,FINALIZED_WITHIN_C2_LIMIT,0.077856,2.294
703,7000.0,0.3111,explore,LIU_QUORUM,7.0,5.0,0.0453,1,1,1,FINALIZED_WITHIN_C2_LIMIT,0.135968,2.396
704,0.0,0.3101,explore,ZYZZYVA,2.0,0.5,0.0308,1,0,1,C2_DEADLINE_EXCEEDED,0.0574,0.946
705,10400.0,0.3091,greedy,ZYZZYVA,5.2,2.5,0.1447,1,1,1,FINALIZED_WITHIN_C2_LIMIT,0.043197,1.53
706,10400.0,0.3081,greedy,ZYZZYVA,5.2,2.5,0.1447,1,1,1,FINALIZED_WITHIN_C2_LIMIT,0.072763,1.448
707,10400.0,0.3071,greedy,ZYZZYVA,5.2,2.5,0.1754,1,1,1,FINALIZED_WITHIN_C2_LIMIT,0.050537,1.494
708,10400.0,0.3062,greedy,ZYZZYVA,5.2,2.5,0.1741,1,1,1,FINALIZED_WITHIN_C2_LIMIT,0.019265,1.871
709,10400.0,0.3052,greedy,ZYZZYVA,5.2,2.5,0.1971,1,1,1,FINALIZED_WITHIN_C2_LIMIT,0.035707,1.788
710,2142.857,0.3042,explore,PBFT,3.0,7.0,0.0697,1,1,1,FINALIZED_WITHIN_C2_LIMIT,0.020999,1.315
711,2588.235,0.3032,explore,ZYZZYVA,4.4,8.5,0.072,1,1,1,FINALIZED_WITHIN_C2_LIMIT,0.051597,1.407
712,8666.667,0.3022,greedy,ZYZZYVA,5.2,3.0,0.111,1,1,1,FINALIZED_WITHIN_C2_LIMIT,0.066124,1.669
713,10000.0,0.3013,greedy,ZYZZYVA,5.0,2.5,0.1208,1,1,1,FINALIZED_WITHIN_C2_LIMIT,0.014374,1.391
714,10400.0,0.3003,greedy,ZYZZYVA,5.2,2.5,0.1924,1,1,1,FINALIZED_WITHIN_C2_LIMIT,0.035609,4.096
715,0.0,0.2993,greedy,ZYZZYVA,5.2,2.5,0.2281,0,1,1,FINALIZED_WITHIN_C2_LIMIT,0.067609,1.847
716,0.0,0.2983,greedy,LIU_QUORUM,5.8,3.0,0.2258,0,1,1,FINALIZED_WITHIN_C2_LIMIT,0.020133,1.756
717,0.0,0.2973,explore,ZYZZYVA,5.8,0.5,0.0651,1,0,1,C2_DEADLINE_EXCEEDED,0.085502,1.652
718,4000.0,0.2964,explore,ZYZZYVA,5.6,7.0,0.0741,1,1,1,FINALIZED_WITHIN_C2_LIMIT,0.161117,1.804
719,9666.667,0.2954,greedy,LIU_QUORUM,5.8,3.0,0.1111,1,1,1,FINALIZED_WITHIN_C2_LIMIT,0.095383,1.879
720,9250.0,0.2944,greedy,LIU_QUORUM,7.4,4.0,0.184,1,1,1,FINALIZED_WITHIN_C2_LIMIT,0.011007,2.062
721,1684.211,0.2934,explore,LIU_QUORUM,3.2,9.5,0.0308,1,1,1,FINALIZED_WITHIN_C2_LIMIT,0.089515,1.051
722,0.0,0.2924,greedy,LIU_QUORUM,8.0,4.0,0.2605,0,1,1,FINALIZED_WITHIN_C2_LIMIT,0.143583,2.152
723,0.0,0.2915,greedy,LIU_QUORUM,8.0,4.5,0.2444,0,1,1,FINALIZED_WITHIN_C2_LIMIT,0.079903,3.597
724,8888.889,0.2905,greedy,LIU_QUORUM,8.0,4.5,0.1932,1,1,1,FINALIZED_WITHIN_C2_LIMIT,0.021178,2.431
725,9750.0,0.2895,greedy,LIU_QUORUM,7.8,4.0,0.1399,1,1,1,FINALIZED_WITHIN_C2_LIMIT,0.03031,2.144
726,9750.0,0.2885,greedy,LIU_QUORUM,7.8,4.0,0.183,1,1,1,FINALIZED_WITHIN_C2_LIMIT,0.021594,2.007
727,10000.0,0.2875,greedy,LIU_QUORUM,8.0,4.0,0.1998,1,1,1,FINALIZED_WITHIN_C2_LIMIT,0.066069,2.076
728,0.0,0.2866,explore,PBFT,3.6,3.5,0.0705,1,0,1,RUNTIME_GUARD_FAILURE,0.045512,2.293
729,0.0,0.2856,greedy,ZYZZYVA,4.8,2.0,0.1625,1,0,1,C2_DEADLINE_EXCEEDED,0.016088,1.688
730,0.0,0.2846,greedy,ZYZZYVA,4.8,2.0,0.1155,1,0,1,C2_DEADLINE_EXCEEDED,0.046753,1.651
731,0.0,0.2836,explore,ZYZZYVA,6.8,0.5,0.0683,1,0,1,C2_DEADLINE_EXCEEDED,0.04772,3.116
732,1888.889,0.2826,explore,ZYZZYVA,3.4,9.0,0.0786,1,1,1,FINALIZED_WITHIN_C2_LIMIT,0.013544,1.263
733,0.0,0.2817,greedy,ZYZZYVA,5.2,2.0,0.1669,1,0,1,C2_DEADLINE_EXCEEDED,0.058326,1.727
734,13000.0,0.2807,greedy,ZYZZYVA,5.2,2.0,0.1112,1,1,1,FINALIZED_WITHIN_C2_LIMIT,0.046937,1.794
735,13000.0,0.2797,greedy,ZYZZYVA,5.2,2.0,0.111,1,1,1,FINALIZED_WITHIN_C2_LIMIT,0.013244,1.846
736,12500.0,0.2787,greedy,ZYZZYVA,5.0,2.0,0.111,1,1,1,FINALIZED_WITHIN_C2_LIMIT,0.025586,1.615
737,12500.0,0.2777,greedy,ZYZZYVA,5.0,2.0,0.1293,1,1,1,FINALIZED_WITHIN_C2_LIMIT,0.010211,1.961
738,13000.0,0.2768,greedy,ZYZZYVA,5.2,2.0,0.1451,1,1,1,FINALIZED_WITHIN_C2_LIMIT,0.040685,1.59
739,13000.0,0.2758,greedy,ZYZZYVA,5.2,2.0,0.1451,1,1,1,FINALIZED_WITHIN_C2_LIMIT,0.029494,1.598
740,10400.0,0.2748,greedy,ZYZZYVA,5.2,2.5,0.1293,1,1,1,FINALIZED_WITHIN_C2_LIMIT,0.018563,1.926
741,10400.0,0.2738,greedy,ZYZZYVA,5.2,2.5,0.1287,1,1,1,FINALIZED_WITHIN_C2_LIMIT,0.013136,1.755
742,10400.0,0.2728,greedy,ZYZZYVA,5.2,2.5,0.1446,1,1,1,FINALIZED_WITHIN_C2_LIMIT,0.021223,1.544
743,2117.647,0.2719,explore,LIU_QUORUM,3.6,8.5,0.0647,1,1,1,FINALIZED_WITHIN_C2_LIMIT,0.016738,1.172
744,0.0,0.2709,explore,LIU_QUORUM,7.0,1.5,0.0315,1,0,1,C2_DEADLINE_EXCEEDED,0.018131,2.587
745,0.0,0.2699,greedy,ZYZZYVA,5.2,2.5,0.2116,0,1,1,FINALIZED_WITHIN_C2_LIMIT,0.01205,1.826
746,2266.667,0.2689,explore,PBFT,3.4,7.5,0.0288,1,1,1,FINALIZED_WITHIN_C2_LIMIT,0.017361,1.416
747,10400.0,0.2679,greedy,ZYZZYVA,5.2,2.5,0.157,1,1,1,FINALIZED_WITHIN_C2_LIMIT,0.01982,2.18
748,10400.0,0.267,greedy,ZYZZYVA,5.2,2.5,0.1719,1,1,1,FINALIZED_WITHIN_C2_LIMIT,0.0156,1.776
749,10400.0,0.266,greedy,ZYZZYVA,5.2,2.5,0.1642,1,1,1,FINALIZED_WITHIN_C2_LIMIT,0.030493,1.545
750,0.0,0.265,greedy,ZYZZYVA,5.2,2.5,0.1625,1,0,1,RUNTIME_GUARD_FAILURE,0.014428,2.935
751,10400.0,0.264,greedy,ZYZZYVA,5.2,2.5,0.1688,1,1,1,FINALIZED_WITHIN_C2_LIMIT,0.011971,1.681
752,10400.0,0.263,greedy,ZYZZYVA,5.2,2.5,0.1642,1,1,1,FINALIZED_WITHIN_C2_LIMIT,0.01986,1.647
753,4615.385,0.2621,explore,ZYZZYVA,6.0,6.5,0.069,1,1,1,FINALIZED_WITHIN_C2_LIMIT,0.012144,4.267
754,10400.0,0.2611,greedy,ZYZZYVA,5.2,2.5,0.1643,1,1,1,FINALIZED_WITHIN_C2_LIMIT,0.015065,1.845
755,10400.0,0.2601,greedy,ZYZZYVA,5.2,2.5,0.17,1,1,1,FINALIZED_WITHIN_C2_LIMIT,0.015534,1.854
756,10400.0,0.2591,greedy,ZYZZYVA,5.2,2.5,0.1767,1,1,1,FINALIZED_WITHIN_C2_LIMIT,0.014758,1.775
757,10400.0,0.2581,greedy,ZYZZYVA,5.2,2.5,0.1769,1,1,1,FINALIZED_WITHIN_C2_LIMIT,0.021336,1.783
758,8285.714,0.2572,explore,PBFT,5.8,3.5,0.0787,1,1,1,FINALIZED_WITHIN_C2_LIMIT,0.005594,1.967
759,0.0,0.2562,explore,PBFT,4.0,1.0,0.1001,1,0,1,C2_DEADLINE_EXCEEDED,0.013238,1.26
760,0.0,0.2552,explore,LIU_QUORUM,1.0,2.0,0.2103,0,1,1,FINALIZED_WITHIN_C2_LIMIT,0.015278,0.6
761,2000.0,0.2542,explore,ZYZZYVA,1.6,4.0,0.0308,1,1,1,FINALIZED_WITHIN_C2_LIMIT,0.014295,0.798
762,3076.923,0.2532,explore,ZYZZYVA,4.0,6.5,0.0697,1,1,1,FINALIZED_WITHIN_C2_LIMIT,0.011769,1.931
763,2700.0,0.2523,explore,LIU_QUORUM,5.4,10.0,0.1831,1,1,1,FINALIZED_WITHIN_C2_LIMIT,0.019428,1.64
764,3272.727,0.2513,explore,PBFT,3.6,5.5,0.0315,1,1,1,FINALIZED_WITHIN_C2_LIMIT,0.010247,1.701
765,9333.333,0.2503,greedy,ZYZZYVA,5.6,3.0,0.1701,1,1,1,FINALIZED_WITHIN_C2_LIMIT,0.015637,1.874
766,9000.0,0.2493,greedy,ZYZZYVA,5.4,3.0,0.1723,1,1,1,FINALIZED_WITHIN_C2_LIMIT,0.01263,2.064
767,9000.0,0.2483,greedy,ZYZZYVA,5.4,3.0,0.1701,1,1,1,FINALIZED_WITHIN_C2_LIMIT,0.011446,1.971
768,0.0,0.2474,explore,PBFT,1.8,2.0,0.0963,1,0,1,C2_DEADLINE_EXCEEDED,0.011695,0.74
769,9000.0,0.2464,greedy,ZYZZYVA,5.4,3.0,0.1861,1,1,1,FINALIZED_WITHIN_C2_LIMIT,0.009893,1.606
770,9000.0,0.2454,greedy,ZYZZYVA,5.4,3.0,0.1701,1,1,1,FINALIZED_WITHIN_C2_LIMIT,0.021964,1.595
771,10000.0,0.2444,greedy,LIU_QUORUM,8.0,4.0,0.1701,1,1,1,FINALIZED_WITHIN_C2_LIMIT,0.014136,2.189
772,9333.333,0.2434,greedy,ZYZZYVA,5.6,3.0,0.1735,1,1,1,FINALIZED_WITHIN_C2_LIMIT,0.036409,1.82
773,10400.0,0.2425,greedy,ZYZZYVA,5.2,2.5,0.182,1,1,1,FINALIZED_WITHIN_C2_LIMIT,0.072157,1.492
774,7090.909,0.2415,explore,LIU_QUORUM,7.8,5.5,0.0684,1,1,1,FINALIZED_WITHIN_C2_LIMIT,0.013791,2.175
775,9333.333,0.2405,greedy,ZYZZYVA,5.6,3.0,0.1548,1,1,1,FINALIZED_WITHIN_C2_LIMIT,0.060062,1.799
776,9333.333,0.2395,greedy,ZYZZYVA,5.6,3.0,0.1684,1,1,1,FINALIZED_WITHIN_C2_LIMIT,0.111324,1.554
777,10400.0,0.2385,greedy,ZYZZYVA,5.2,2.5,0.1716,1,1,1,FINALIZED_WITHIN_C2_LIMIT,0.064571,3.544
778,0.0,0.2376,explore,PBFT,3.8,1.5,0.0278,1,0,1,C2_DEADLINE_EXCEEDED,0.006512,2.388
779,3777.778,0.2366,explore,PBFT,6.8,9.0,0.0316,1,1,1,FINALIZED_WITHIN_C2_LIMIT,0.067791,2.321
780,10800.0,0.2356,greedy,ZYZZYVA,5.4,2.5,0.1785,1,1,1,FINALIZED_WITHIN_C2_LIMIT,0.0473,1.702
781,10800.0,0.2346,greedy,ZYZZYVA,5.4,2.5,0.182,1,1,1,FINALIZED_WITHIN_C2_LIMIT,0.012697,1.604
782,0.0,0.2336,greedy,ZYZZYVA,5.4,2.5,0.1478,1,0,1,C2_DEADLINE_EXCEEDED,0.045152,1.693
783,3333.333,0.2327,explore,ZYZZYVA,2.0,3.0,0.0282,1,1,1,FINALIZED_WITHIN_C2_LIMIT,0.069842,0.872
784,7750.0,0.2317,explore,LIU_QUORUM,6.2,4.0,0.0758,1,1,1,FINALIZED_WITHIN_C2_LIMIT,0.042878,3.98
785,4428.571,0.2307,explore,PBFT,6.2,7.0,0.067,1,1,1,FINALIZED_WITHIN_C2_LIMIT,0.020739,2.241
786,2666.667,0.2297,explore,LIU_QUORUM,4.0,7.5,0.03,1,1,1,FINALIZED_WITHIN_C2_LIMIT,0.039655,2.114
787,13600.0,0.2287,explore,PBFT,6.8,2.5,0.0768,1,1,1,FINALIZED_WITHIN_C2_LIMIT,0.024976,2.109
788,10400.0,0.2278,greedy,ZYZZYVA,5.2,2.5,0.1644,1,1,1,FINALIZED_WITHIN_C2_LIMIT,0.038315,1.762
789,10400.0,0.2268,greedy,ZYZZYVA,5.2,2.5,0.1644,1,1,1,FINALIZED_WITHIN_C2_LIMIT,0.090426,1.638
790,10400.0,0.2258,greedy,ZYZZYVA,5.2,2.5,0.1583,1,1,1,FINALIZED_WITHIN_C2_LIMIT,0.036494,1.967
791,10400.0,0.2248,greedy,ZYZZYVA,5.2,2.5,0.1669,1,1,1,FINALIZED_WITHIN_C2_LIMIT,0.015634,1.474
792,10400.0,0.2238,greedy,ZYZZYVA,5.2,2.5,0.1247,1,1,1,FINALIZED_WITHIN_C2_LIMIT,0.047266,1.699
793,6000.0,0.2229,explore,LIU_QUORUM,5.4,4.5,0.0686,1,1,1,FINALIZED_WITHIN_C2_LIMIT,0.020567,1.432
794,10400.0,0.2219,greedy,ZYZZYVA,5.2,2.5,0.1674,1,1,1,FINALIZED_WITHIN_C2_LIMIT,0.035126,1.411
795,10400.0,0.2209,greedy,ZYZZYVA,5.2,2.5,0.1666,1,1,1,FINALIZED_WITHIN_C2_LIMIT,0.053831,1.438
796,10400.0,0.2199,greedy,ZYZZYVA,5.2,2.5,0.1669,1,1,1,FINALIZED_WITHIN_C2_LIMIT,0.018677,1.709
797,0.0,0.2189,explore,PBFT,3.8,6.5,0.2355,0,1,1,FINALIZED_WITHIN_C2_LIMIT,0.039029,1.572
798,0.0,0.218,greedy,ZYZZYVA,5.2,2.5,0.2062,0,1,1,FINALIZED_WITHIN_C2_LIMIT,0.062253,2.136
799,10400.0,0.217,greedy,ZYZZYVA,5.2,2.5,0.1769,1,1,1,FINALIZED_WITHIN_C2_LIMIT,0.156612,1.735
800,0.0,0.216,greedy,ZYZZYVA,5.0,2.0,0.1769,1,0,1,C2_DEADLINE_EXCEEDED,0.095993,1.458
801,0.0,0.215,greedy,ZYZZYVA,5.0,2.0,0.2062,0,1,1,FINALIZED_WITHIN_C2_LIMIT,0.02489,1.76
802,0.0,0.214,greedy,ZYZZYVA,5.0,2.0,0.2595,0,1,1,FINALIZED_WITHIN_C2_LIMIT,0.119906,1.594
803,0.0,0.2131,greedy,ZYZZYVA,5.0,2.0,0.2214,0,1,1,FINALIZED_WITHIN_C2_LIMIT,0.196306,2.741
804,0.0,0.2121,greedy,ZYZZYVA,5.0,2.0,0.2595,0,1,1,FINALIZED_WITHIN_C2_LIMIT,0.174644,1.966
805,0.0,0.2111,greedy,ZYZZYVA,5.0,2.0,0.2006,0,0,1,C2_DEADLINE_EXCEEDED,0.064709,1.994
806,12000.0,0.2101,greedy,ZYZZYVA,4.8,2.0,0.1253,1,1,1,FINALIZED_WITHIN_C2_LIMIT,0.050324,1.716
807,10000.0,0.2091,greedy,LIU_QUORUM,8.0,4.0,0.1243,1,1,1,FINALIZED_WITHIN_C2_LIMIT,0.12604,2.477
808,10000.0,0.2082,greedy,LIU_QUORUM,8.0,4.0,0.1305,1,1,1,FINALIZED_WITHIN_C2_LIMIT,0.1087,3.689
809,10000.0,0.2072,greedy,LIU_QUORUM,8.0,4.0,0.1668,1,1,1,FINALIZED_WITHIN_C2_LIMIT,0.04849,2.754
810,10000.0,0.2062,greedy,LIU_QUORUM,8.0,4.0,0.1797,1,1,1,FINALIZED_WITHIN_C2_LIMIT,0.040121,2.224
811,2947.368,0.2052,explore,PBFT,5.6,9.5,0.0787,1,1,1,FINALIZED_WITHIN_C2_LIMIT,0.116176,2.115
812,0.0,0.2042,greedy,LIU_QUORUM,8.0,4.0,0.2527,0,1,1,FINALIZED_WITHIN_C2_LIMIT,0.070693,2.629
813,10000.0,0.2033,greedy,LIU_QUORUM,8.0,4.0,0.1795,1,1,1,FINALIZED_WITHIN_C2_LIMIT,0.021004,3.068
814,8888.889,0.2023,greedy,LIU_QUORUM,8.0,4.5,0.1795,1,1,1,FINALIZED_WITHIN_C2_LIMIT,0.036136,2.553
815,0.0,0.2013,greedy,LIU_QUORUM,8.0,4.0,0.2402,0,1,1,FINALIZED_WITHIN_C2_LIMIT,0.039247,2.579
816,0.0,0.2003,explore,LIU_QUORUM,6.6,2.0,0.0278,1,0,1,C2_DEADLINE_EXCEEDED,0.016898,1.997
817,10400.0,0.1993,greedy,ZYZZYVA,5.2,2.5,0.1753,1,1,1,FINALIZED_WITHIN_C2_LIMIT,0.027689,2.831
818,10400.0,0.1984,greedy,ZYZZYVA,5.2,2.5,0.1231,1,1,1,FINALIZED_WITHIN_C2_LIMIT,0.013568,2.755
819,0.0,0.1974,greedy,ZYZZYVA,5.2,2.5,0.0818,1,0,1,RUNTIME_GUARD_FAILURE,0.037031,2.904
820,10400.0,0.1964,greedy,ZYZZYVA,5.2,2.5,0.0818,1,1,1,FINALIZED_WITHIN_C2_LIMIT,0.026779,3.037
821,10400.0,0.1954,greedy,ZYZZYVA,5.2,2.5,0.1166,1,1,1,FINALIZED_WITHIN_C2_LIMIT,0.0243,1.511
822,10400.0,0.1944,greedy,ZYZZYVA,5.2,2.5,0.0996,1,1,1,FINALIZED_WITHIN_C2_LIMIT,0.026368,1.808
823,10400.0,0.1935,greedy,ZYZZYVA,5.2,2.5,0.0988,1,1,1,FINALIZED_WITHIN_C2_LIMIT,0.023483,1.739
824,0.0,0.1925,explore,PBFT,5.0,1.5,0.0684,1,0,1,C2_DEADLINE_EXCEEDED,0.017937,1.888
825,10400.0,0.1915,greedy,ZYZZYVA,5.2,2.5,0.1012,1,1,1,FINALIZED_WITHIN_C2_LIMIT,0.026218,1.764
826,10400.0,0.1905,greedy,ZYZZYVA,5.2,2.5,0.1156,1,1,1,FINALIZED_WITHIN_C2_LIMIT,0.024951,2.983
827,1100.0,0.1895,explore,PBFT,2.2,10.0,0.0312,1,1,1,FINALIZED_WITHIN_C2_LIMIT,0.040249,1.017
828,10400.0,0.1886,greedy,ZYZZYVA,5.2,2.5,0.0998,1,1,1,FINALIZED_WITHIN_C2_LIMIT,0.041151,1.795
829,10400.0,0.1876,greedy,ZYZZYVA,5.2,2.5,0.1325,1,1,1,FINALIZED_WITHIN_C2_LIMIT,0.009378,1.879
830,10400.0,0.1866,greedy,ZYZZYVA,5.2,2.5,0.1658,1,1,1,FINALIZED_WITHIN_C2_LIMIT,0.042162,1.881
831,10400.0,0.1856,greedy,ZYZZYVA,5.2,2.5,0.1956,1,1,1,FINALIZED_WITHIN_C2_LIMIT,0.029878,3.213
832,0.0,0.1846,greedy,ZYZZYVA,5.2,2.5,0.2022,0,1,1,FINALIZED_WITHIN_C2_LIMIT,0.01794,1.438
833,10000.0,0.1837,greedy,ZYZZYVA,5.0,2.5,0.1985,1,1,1,FINALIZED_WITHIN_C2_LIMIT,0.03439,1.389
834,10000.0,0.1827,greedy,ZYZZYVA,5.0,2.5,0.1663,1,1,1,FINALIZED_WITHIN_C2_LIMIT,0.020711,1.641
835,10400.0,0.1817,greedy,ZYZZYVA,5.2,2.5,0.1667,1,1,1,FINALIZED_WITHIN_C2_LIMIT,0.045065,1.988
836,0.0,0.1807,greedy,ZYZZYVA,5.2,2.5,0.2003,0,1,1,FINALIZED_WITHIN_C2_LIMIT,0.065494,1.752
837,0.0,0.1797,greedy,ZYZZYVA,5.2,2.5,0.2139,0,1,1,FINALIZED_WITHIN_C2_LIMIT,0.010507,2.569
838,0.0,0.1788,greedy,ZYZZYVA,5.0,2.5,0.2589,0,1,1,FINALIZED_WITHIN_C2_LIMIT,0.028585,1.624
839,0.0,0.1778,greedy,ZYZZYVA,5.0,2.5,0.2589,0,1,1,FINALIZED_WITHIN_C2_LIMIT,0.045417,1.804
840,10400.0,0.1768,greedy,ZYZZYVA,5.2,2.5,0.1783,1,1,1,FINALIZED_WITHIN_C2_LIMIT,0.013954,1.656
841,10400.0,0.1758,greedy,ZYZZYVA,5.2,2.5,0.1809,1,1,1,FINALIZED_WITHIN_C2_LIMIT,0.021026,2.476
842,10400.0,0.1748,greedy,ZYZZYVA,5.2,2.5,0.1712,1,1,1,FINALIZED_WITHIN_C2_LIMIT,0.016454,2.91
843,10400.0,0.1739,greedy,ZYZZYVA,5.2,2.5,0.1825,1,1,1,FINALIZED_WITHIN_C2_LIMIT,0.032251,1.757
844,10400.0,0.1729,greedy,ZYZZYVA,5.2,2.5,0.1611,1,1,1,FINALIZED_WITHIN_C2_LIMIT,0.01958,1.956
845,10800.0,0.1719,greedy,ZYZZYVA,5.4,2.5,0.164,1,1,1,FINALIZED_WITHIN_C2_LIMIT,0.033526,1.835
846,10800.0,0.1709,greedy,ZYZZYVA,5.4,2.5,0.164,1,1,1,FINALIZED_WITHIN_C2_LIMIT,0.029094,2.137
847,10800.0,0.1699,greedy,ZYZZYVA,5.4,2.5,0.1656,1,1,1,FINALIZED_WITHIN_C2_LIMIT,0.017931,1.86
848,10800.0,0.169,greedy,ZYZZYVA,5.4,2.5,0.1146,1,1,1,FINALIZED_WITHIN_C2_LIMIT,0.024417,2.066
849,0.0,0.168,greedy,ZYZZYVA,5.4,2.5,0.161,1,0,1,C2_DEADLINE_EXCEEDED,0.014419,1.881
850,0.0,0.167,greedy,ZYZZYVA,5.4,2.5,0.1352,1,0,1,C2_DEADLINE_EXCEEDED,0.011613,1.827
851,10800.0,0.166,greedy,ZYZZYVA,5.4,2.5,0.1161,1,1,1,FINALIZED_WITHIN_C2_LIMIT,0.017589,2.738
852,10400.0,0.165,greedy,ZYZZYVA,5.2,2.5,0.1069,1,1,1,FINALIZED_WITHIN_C2_LIMIT,0.010459,1.851
853,10400.0,0.1641,greedy,ZYZZYVA,5.2,2.5,0.1251,1,1,1,FINALIZED_WITHIN_C2_LIMIT,0.011565,1.767
854,10800.0,0.1631,greedy,ZYZZYVA,5.4,2.5,0.1431,1,1,1,FINALIZED_WITHIN_C2_LIMIT,0.01866,2.035
855,10400.0,0.1621,greedy,ZYZZYVA,5.2,2.5,0.1069,1,1,1,FINALIZED_WITHIN_C2_LIMIT,0.028388,2.126
856,10400.0,0.1611,greedy,ZYZZYVA,5.2,2.5,0.1086,1,1,1,FINALIZED_WITHIN_C2_LIMIT,0.013457,1.694
857,10400.0,0.1601,greedy,ZYZZYVA,5.2,2.5,0.1353,1,1,1,FINALIZED_WITHIN_C2_LIMIT,0.028594,1.618
858,10400.0,0.1592,greedy,ZYZZYVA,5.2,2.5,0.1569,1,1,1,FINALIZED_WITHIN_C2_LIMIT,0.02657,2.004
859,0.0,0.1582,explore,PBFT,6.8,0.5,0.072,1,0,1,C2_DEADLINE_EXCEEDED,0.01136,2.877
860,10400.0,0.1572,greedy,ZYZZYVA,5.2,2.5,0.1453,1,1,1,FINALIZED_WITHIN_C2_LIMIT,0.034985,3.774
861,10400.0,0.1562,greedy,ZYZZYVA,5.2,2.5,0.1532,1,1,1,FINALIZED_WITHIN_C2_LIMIT,0.031995,1.907
862,0.0,0.1552,greedy,ZYZZYVA,5.2,2.5,0.2059,0,1,1,FINALIZED_WITHIN_C2_LIMIT,0.01696,1.595
863,10400.0,0.1543,greedy,ZYZZYVA,5.2,2.5,0.1636,1,1,1,FINALIZED_WITHIN_C2_LIMIT,0.01333,1.696
864,10400.0,0.1533,greedy,ZYZZYVA,5.2,2.5,0.1636,1,1,1,FINALIZED_WITHIN_C2_LIMIT,0.013344,1.823
865,10400.0,0.1523,greedy,ZYZZYVA,5.2,2.5,0.1396,1,1,1,FINALIZED_WITHIN_C2_LIMIT,0.026401,1.82
866,10400.0,0.1513,greedy,ZYZZYVA,5.2,2.5,0.1396,1,1,1,FINALIZED_WITHIN_C2_LIMIT,0.007892,2.127
867,10400.0,0.1503,greedy,ZYZZYVA,5.2,2.5,0.1737,1,1,1,FINALIZED_WITHIN_C2_LIMIT,0.027585,1.479
868,10400.0,0.1494,greedy,ZYZZYVA,5.2,2.5,0.1086,1,1,1,FINALIZED_WITHIN_C2_LIMIT,0.016068,1.561
869,10400.0,0.1484,greedy,ZYZZYVA,5.2,2.5,0.1138,1,1,1,FINALIZED_WITHIN_C2_LIMIT,0.030042,2.439
870,10400.0,0.1474,greedy,ZYZZYVA,5.2,2.5,0.1148,1,1,1,FINALIZED_WITHIN_C2_LIMIT,0.031963,1.775
871,1500.0,0.1464,explore,ZYZZYVA,2.4,8.0,0.0609,1,1,1,FINALIZED_WITHIN_C2_LIMIT,0.009565,1.017
872,10400.0,0.1454,greedy,ZYZZYVA,5.2,2.5,0.1237,1,1,1,FINALIZED_WITHIN_C2_LIMIT,0.026927,1.747
873,10400.0,0.1445,greedy,ZYZZYVA,5.2,2.5,0.1105,1,1,1,FINALIZED_WITHIN_C2_LIMIT,0.012328,1.737
874,10000.0,0.1435,greedy,ZYZZYVA,5.0,2.5,0.1203,1,1,1,FINALIZED_WITHIN_C2_LIMIT,0.017483,2.336
875,10000.0,0.1425,greedy,ZYZZYVA,5.0,2.5,0.1028,1,1,1,FINALIZED_WITHIN_C2_LIMIT,0.016026,1.761
876,10000.0,0.1415,greedy,ZYZZYVA,5.0,2.5,0.118,1,1,1,FINALIZED_WITHIN_C2_LIMIT,0.008095,1.68
877,10000.0,0.1405,greedy,ZYZZYVA,5.0,2.5,0.1351,1,1,1,FINALIZED_WITHIN_C2_LIMIT,0.007922,1.511
878,9600.0,0.1396,greedy,ZYZZYVA,4.8,2.5,0.1197,1,1,1,FINALIZED_WITHIN_C2_LIMIT,0.008324,1.463
879,9600.0,0.1386,greedy,ZYZZYVA,4.8,2.5,0.1197,1,1,1,FINALIZED_WITHIN_C2_LIMIT,0.011824,1.534
880,9600.0,0.1376,greedy,ZYZZYVA,4.8,2.5,0.163,1,1,1,FINALIZED_WITHIN_C2_LIMIT,0.009421,1.438
881,9600.0,0.1366,greedy,ZYZZYVA,4.8,2.5,0.1351,1,1,1,FINALIZED_WITHIN_C2_LIMIT,0.013793,1.757
882,9600.0,0.1356,greedy,ZYZZYVA,4.8,2.5,0.1353,1,1,1,FINALIZED_WITHIN_C2_LIMIT,0.014971,2.653
883,9600.0,0.1347,greedy,ZYZZYVA,4.8,2.5,0.1241,1,1,1,FINALIZED_WITHIN_C2_LIMIT,0.007518,1.454
884,7000.0,0.1337,explore,ZYZZYVA,7.0,5.0,0.1831,1,1,1,FINALIZED_WITHIN_C2_LIMIT,0.009839,1.987
885,7600.0,0.1327,explore,PBFT,3.8,2.5,0.0278,1,1,1,FINALIZED_WITHIN_C2_LIMIT,0.009667,1.374
886,9600.0,0.1317,greedy,ZYZZYVA,4.8,2.5,0.1175,1,1,1,FINALIZED_WITHIN_C2_LIMIT,0.011911,2.681
887,9600.0,0.1307,greedy,ZYZZYVA,4.8,2.5,0.1177,1,1,1,FINALIZED_WITHIN_C2_LIMIT,0.023909,1.73
888,9600.0,0.1298,greedy,ZYZZYVA,4.8,2.5,0.1342,1,1,1,FINALIZED_WITHIN_C2_LIMIT,0.007827,2.709
889,9600.0,0.1288,greedy,ZYZZYVA,4.8,2.5,0.1351,1,1,1,FINALIZED_WITHIN_C2_LIMIT,0.00872,1.497
890,9600.0,0.1278,greedy,ZYZZYVA,4.8,2.5,0.18,1,1,1,FINALIZED_WITHIN_C2_LIMIT,0.010685,1.635
891,8666.667,0.1268,explore,LIU_QUORUM,2.6,1.5,0.1208,1,1,1,FINALIZED_WITHIN_C2_LIMIT,0.008791,1.523
892,10000.0,0.1258,greedy,ZYZZYVA,5.0,2.5,0.18,1,1,1,FINALIZED_WITHIN_C2_LIMIT,0.006934,4.603
893,9600.0,0.1249,greedy,ZYZZYVA,4.8,2.5,0.1747,1,1,1,FINALIZED_WITHIN_C2_LIMIT,0.014962,2.019
894,10000.0,0.1239,greedy,ZYZZYVA,5.0,2.5,0.1657,1,1,1,FINALIZED_WITHIN_C2_LIMIT,0.005829,1.804
895,10000.0,0.1229,greedy,ZYZZYVA,5.0,2.5,0.1658,1,1,1,FINALIZED_WITHIN_C2_LIMIT,0.016539,1.429
896,1250.0,0.1219,explore,LIU_QUORUM,2.0,8.0,0.0362,1,1,1,FINALIZED_WITHIN_C2_LIMIT,0.006186,0.843
897,10000.0,0.1209,greedy,ZYZZYVA,5.0,2.5,0.1332,1,1,1,FINALIZED_WITHIN_C2_LIMIT,0.011195,1.791
898,10000.0,0.12,greedy,ZYZZYVA,5.0,2.5,0.1315,1,1,1,FINALIZED_WITHIN_C2_LIMIT,0.005395,1.622
899,10000.0,0.119,greedy,ZYZZYVA,5.0,2.5,0.1247,1,1,1,FINALIZED_WITHIN_C2_LIMIT,0.150189,2.362
900,10000.0,0.118,greedy,ZYZZYVA,5.0,2.5,0.1247,1,1,1,FINALIZED_WITHIN_C2_LIMIT,0.044874,1.553
901,10400.0,0.117,greedy,ZYZZYVA,5.2,2.5,0.1253,1,1,1,FINALIZED_WITHIN_C2_LIMIT,0.097075,2.026
902,10400.0,0.116,greedy,ZYZZYVA,5.2,2.5,0.121,1,1,1,FINALIZED_WITHIN_C2_LIMIT,0.196451,1.724
903,222.222,0.1151,explore,ZYZZYVA,0.2,4.5,0.1582,1,1,1,FINALIZED_WITHIN_C2_LIMIT,0.182118,0.343
904,10000.0,0.1141,greedy,ZYZZYVA,5.0,2.5,0.1247,1,1,1,FINALIZED_WITHIN_C2_LIMIT,0.027773,1.902
905,9600.0,0.1131,greedy,ZYZZYVA,4.8,2.5,0.1295,1,1,1,FINALIZED_WITHIN_C2_LIMIT,0.085972,1.784
906,9600.0,0.1121,greedy,ZYZZYVA,4.8,2.5,0.1448,1,1,1,FINALIZED_WITHIN_C2_LIMIT,0.226134,1.541
907,8888.889,0.1111,greedy,LIU_QUORUM,8.0,4.5,0.1448,1,1,1,FINALIZED_WITHIN_C2_LIMIT,0.160467,1.882
908,8888.889,0.1102,greedy,LIU_QUORUM,8.0,4.5,0.1396,1,1,1,FINALIZED_WITHIN_C2_LIMIT,0.062631,1.913
909,8888.889,0.1092,greedy,LIU_QUORUM,8.0,4.5,0.1793,1,1,1,FINALIZED_WITHIN_C2_LIMIT,0.04839,2.32
910,8888.889,0.1082,greedy,LIU_QUORUM,8.0,4.5,0.1842,1,1,1,FINALIZED_WITHIN_C2_LIMIT,0.112913,3.004
911,0.0,0.1072,explore,PBFT,3.0,5.5,0.0705,1,0,1,C2_DEADLINE_EXCEEDED,0.05721,1.093
912,4222.222,0.1062,explore,LIU_QUORUM,3.8,4.5,0.0881,1,1,1,FINALIZED_WITHIN_C2_LIMIT,0.036595,1.248
913,8888.889,0.1053,greedy,LIU_QUORUM,8.0,4.5,0.1882,1,1,1,FINALIZED_WITHIN_C2_LIMIT,0.089518,2.287
914,8888.889,0.1043,greedy,LIU_QUORUM,8.0,4.5,0.1537,1,1,1,FINALIZED_WITHIN_C2_LIMIT,0.100908,2.126
915,8888.889,0.1033,greedy,LIU_QUORUM,8.0,4.5,0.1422,1,1,1,FINALIZED_WITHIN_C2_LIMIT,0.058845,2.046
916,10000.0,0.1023,greedy,ZYZZYVA,5.0,2.5,0.0893,1,1,1,FINALIZED_WITHIN_C2_LIMIT,0.031586,1.314
917,10000.0,0.1013,greedy,ZYZZYVA,5.0,2.5,0.0855,1,1,1,FINALIZED_WITHIN_C2_LIMIT,0.042494,1.594
918,10000.0,0.1004,greedy,ZYZZYVA,5.0,2.5,0.0991,1,1,1,FINALIZED_WITHIN_C2_LIMIT,0.017584,1.667
919,10000.0,0.0994,greedy,ZYZZYVA,5.0,2.5,0.0988,1,1,1,FINALIZED_WITHIN_C2_LIMIT,0.053856,2.039
920,10000.0,0.0984,greedy,ZYZZYVA,5.0,2.5,0.099,1,1,1,FINALIZED_WITHIN_C2_LIMIT,0.060937,1.613
921,0.0,0.0974,explore,LIU_QUORUM,7.4,1.0,0.0683,1,0,1,C2_DEADLINE_EXCEEDED,0.014856,2.503
922,12000.0,0.0964,greedy,ZYZZYVA,4.8,2.0,0.0998,1,1,1,FINALIZED_WITHIN_C2_LIMIT,0.047313,1.743
923,12000.0,0.0955,greedy,ZYZZYVA,4.8,2.0,0.0998,1,1,1,FINALIZED_WITHIN_C2_LIMIT,0.035283,1.657
924,12000.0,0.0945,greedy,ZYZZYVA,4.8,2.0,0.0996,1,1,1,FINALIZED_WITHIN_C2_LIMIT,0.022695,1.504
925,0.0,0.0935,greedy,ZYZZYVA,4.8,2.0,0.1015,1,0,1,C2_DEADLINE_EXCEEDED,0.022806,1.659
926,0.0,0.0925,greedy,ZYZZYVA,4.8,2.0,0.1005,1,0,1,C2_DEADLINE_EXCEEDED,0.024188,1.764
927,0.0,0.0915,greedy,ZYZZYVA,4.8,2.0,0.1005,1,0,1,C2_DEADLINE_EXCEEDED,0.017164,3.415
928,12000.0,0.0906,greedy,ZYZZYVA,4.8,2.0,0.0999,1,1,1,FINALIZED_WITHIN_C2_LIMIT,0.021404,3.436
929,12000.0,0.0896,greedy,ZYZZYVA,4.8,2.0,0.0862,1,1,1,FINALIZED_WITHIN_C2_LIMIT,0.02205,1.708
930,0.0,0.0886,greedy,ZYZZYVA,4.8,2.0,0.0805,1,0,1,C2_DEADLINE_EXCEEDED,0.026612,1.455
931,12000.0,0.0876,greedy,ZYZZYVA,4.8,2.0,0.0991,1,1,1,FINALIZED_WITHIN_C2_LIMIT,0.036594,1.542
932,0.0,0.0866,greedy,ZYZZYVA,4.8,2.0,0.0991,1,0,1,C2_DEADLINE_EXCEEDED,0.023912,2.017
933,0.0,0.0857,greedy,ZYZZYVA,4.8,2.0,0.0991,1,0,1,C2_DEADLINE_EXCEEDED,0.031184,2.319
934,0.0,0.0847,greedy,ZYZZYVA,4.8,2.0,0.1135,1,0,1,C2_DEADLINE_EXCEEDED,0.018456,2.25
935,12000.0,0.0837,greedy,ZYZZYVA,4.8,2.0,0.0751,1,1,1,FINALIZED_WITHIN_C2_LIMIT,0.038501,3.0
936,12000.0,0.0827,greedy,ZYZZYVA,4.8,2.0,0.0946,1,1,1,FINALIZED_WITHIN_C2_LIMIT,0.021702,2.819
937,12000.0,0.0817,greedy,ZYZZYVA,4.8,2.0,0.1012,1,1,1,FINALIZED_WITHIN_C2_LIMIT,0.03871,1.484
938,12000.0,0.0808,greedy,ZYZZYVA,4.8,2.0,0.1012,1,1,1,FINALIZED_WITHIN_C2_LIMIT,0.057789,1.519
939,12000.0,0.0798,greedy,ZYZZYVA,4.8,2.0,0.1057,1,1,1,FINALIZED_WITHIN_C2_LIMIT,0.015389,1.483
940,12000.0,0.0788,greedy,ZYZZYVA,4.8,2.0,0.129,1,1,1,FINALIZED_WITHIN_C2_LIMIT,0.060042,3.763
941,12000.0,0.0778,greedy,ZYZZYVA,4.8,2.0,0.1563,1,1,1,FINALIZED_WITHIN_C2_LIMIT,0.10468,2.193
942,12000.0,0.0768,greedy,ZYZZYVA,4.8,2.0,0.1866,1,1,1,FINALIZED_WITHIN_C2_LIMIT,0.070214,1.618
943,0.0,0.0759,greedy,ZYZZYVA,4.8,2.0,0.1865,1,0,1,C2_DEADLINE_EXCEEDED,0.021024,1.384
944,4117.647,0.0749,explore,PBFT,7.0,8.5,0.0702,1,1,1,FINALIZED_WITHIN_C2_LIMIT,0.047126,4.706
945,10000.0,0.0739,greedy,ZYZZYVA,5.0,2.5,0.159,1,1,1,FINALIZED_WITHIN_C2_LIMIT,0.019648,2.066
946,10400.0,0.0729,greedy,ZYZZYVA,5.2,2.5,0.1819,1,1,1,FINALIZED_WITHIN_C2_LIMIT,0.067322,1.677
947,10400.0,0.0719,greedy,ZYZZYVA,5.2,2.5,0.1898,1,1,1,FINALIZED_WITHIN_C2_LIMIT,0.072688,1.907
948,10400.0,0.071,greedy,ZYZZYVA,5.2,2.5,0.1889,1,1,1,FINALIZED_WITHIN_C2_LIMIT,0.026321,2.17
949,10000.0,0.07,greedy,ZYZZYVA,5.0,2.5,0.1865,1,1,1,FINALIZED_WITHIN_C2_LIMIT,0.047809,1.493
950,10000.0,0.069,greedy,ZYZZYVA,5.0,2.5,0.1233,1,1,1,FINALIZED_WITHIN_C2_LIMIT,0.079856,1.514
951,10000.0,0.068,greedy,ZYZZYVA,5.0,2.5,0.1525,1,1,1,FINALIZED_WITHIN_C2_LIMIT,0.044413,1.462
952,10400.0,0.067,greedy,ZYZZYVA,5.2,2.5,0.161,1,1,1,FINALIZED_WITHIN_C2_LIMIT,0.014425,2.406
953,10000.0,0.0661,greedy,ZYZZYVA,5.0,2.5,0.1525,1,1,1,FINALIZED_WITHIN_C2_LIMIT,0.037174,1.373
954,10000.0,0.0651,greedy,ZYZZYVA,5.0,2.5,0.1633,1,1,1,FINALIZED_WITHIN_C2_LIMIT,0.027553,1.457
955,10000.0,0.0641,greedy,ZYZZYVA,5.0,2.5,0.133,1,1,1,FINALIZED_WITHIN_C2_LIMIT,0.046514,1.513
956,10400.0,0.0631,greedy,ZYZZYVA,5.2,2.5,0.0951,1,1,1,FINALIZED_WITHIN_C2_LIMIT,0.043699,1.616
957,3333.333,0.0621,explore,LIU_QUORUM,4.0,6.0,0.0933,1,1,1,FINALIZED_WITHIN_C2_LIMIT,0.020626,1.282
958,10400.0,0.0612,greedy,ZYZZYVA,5.2,2.5,0.1884,1,1,1,FINALIZED_WITHIN_C2_LIMIT,0.040678,1.722
959,0.0,0.0602,greedy,ZYZZYVA,5.2,2.5,0.2058,0,1,1,FINALIZED_WITHIN_C2_LIMIT,0.037394,1.892
960,10400.0,0.0592,greedy,ZYZZYVA,5.2,2.5,0.1884,1,1,1,FINALIZED_WITHIN_C2_LIMIT,0.019478,1.708
961,10400.0,0.0582,greedy,ZYZZYVA,5.2,2.5,0.1549,1,1,1,FINALIZED_WITHIN_C2_LIMIT,0.021042,1.519
962,1000.0,0.0572,explore,PBFT,0.6,3.0,0.0668,1,1,1,FINALIZED_WITHIN_C2_LIMIT,0.012319,0.698
963,0.0,0.0563,greedy,ZYZZYVA,5.2,2.5,0.1549,1,0,1,RUNTIME_GUARD_FAILURE,0.011359,3.508
964,10400.0,0.0553,greedy,ZYZZYVA,5.2,2.5,0.1046,1,1,1,FINALIZED_WITHIN_C2_LIMIT,0.010298,2.979
965,10400.0,0.0543,greedy,ZYZZYVA,5.2,2.5,0.1067,1,1,1,FINALIZED_WITHIN_C2_LIMIT,0.015688,2.142
966,10400.0,0.0533,greedy,ZYZZYVA,5.2,2.5,0.1067,1,1,1,FINALIZED_WITHIN_C2_LIMIT,0.018938,1.814
967,10000.0,0.0523,greedy,ZYZZYVA,5.0,2.5,0.1225,1,1,1,FINALIZED_WITHIN_C2_LIMIT,0.014929,1.523
968,10000.0,0.0514,greedy,ZYZZYVA,5.0,2.5,0.129,1,1,1,FINALIZED_WITHIN_C2_LIMIT,0.010024,1.57
969,10000.0,0.0504,greedy,ZYZZYVA,5.0,2.5,0.1457,1,1,1,FINALIZED_WITHIN_C2_LIMIT,0.015926,3.712
970,10000.0,0.0494,greedy,ZYZZYVA,5.0,2.5,0.1402,1,1,1,FINALIZED_WITHIN_C2_LIMIT,0.019817,3.711
971,10000.0,0.0484,greedy,ZYZZYVA,5.0,2.5,0.1457,1,1,1,FINALIZED_WITHIN_C2_LIMIT,0.011703,2.685
972,10000.0,0.0474,greedy,ZYZZYVA,5.0,2.5,0.1457,1,1,1,FINALIZED_WITHIN_C2_LIMIT,0.009999,1.615
973,10000.0,0.0465,greedy,ZYZZYVA,5.0,2.5,0.1398,1,1,1,FINALIZED_WITHIN_C2_LIMIT,0.010883,1.607
974,10000.0,0.0455,greedy,ZYZZYVA,5.0,2.5,0.1401,1,1,1,FINALIZED_WITHIN_C2_LIMIT,0.015641,1.544
975,10000.0,0.0445,greedy,ZYZZYVA,5.0,2.5,0.1174,1,1,1,FINALIZED_WITHIN_C2_LIMIT,0.007833,1.442
976,10000.0,0.0435,greedy,ZYZZYVA,5.0,2.5,0.1407,1,1,1,FINALIZED_WITHIN_C2_LIMIT,0.017147,1.491
977,10400.0,0.0425,greedy,ZYZZYVA,5.2,2.5,0.145,1,1,1,FINALIZED_WITHIN_C2_LIMIT,0.01931,1.529
978,0.0,0.0416,greedy,ZYZZYVA,5.0,2.5,0.1273,1,0,1,RUNTIME_GUARD_FAILURE,0.006375,2.929
979,10000.0,0.0406,greedy,ZYZZYVA,5.0,2.5,0.1067,1,1,1,FINALIZED_WITHIN_C2_LIMIT,0.008128,1.488
980,10000.0,0.0396,greedy,ZYZZYVA,5.0,2.5,0.1224,1,1,1,FINALIZED_WITHIN_C2_LIMIT,0.008469,1.476
981,10000.0,0.0386,greedy,ZYZZYVA,5.0,2.5,0.1298,1,1,1,FINALIZED_WITHIN_C2_LIMIT,0.012669,2.201
982,10000.0,0.0376,greedy,ZYZZYVA,5.0,2.5,0.1234,1,1,1,FINALIZED_WITHIN_C2_LIMIT,0.017482,1.677
983,10000.0,0.0367,greedy,ZYZZYVA,5.0,2.5,0.1234,1,1,1,FINALIZED_WITHIN_C2_LIMIT,0.009809,1.465
984,12000.0,0.0357,greedy,ZYZZYVA,4.8,2.0,0.1349,1,1,1,FINALIZED_WITHIN_C2_LIMIT,0.015908,1.655
985,11500.0,0.0347,greedy,ZYZZYVA,4.6,2.0,0.1407,1,1,1,FINALIZED_WITHIN_C2_LIMIT,0.009712,1.553
986,11500.0,0.0337,greedy,ZYZZYVA,4.6,2.0,0.1407,1,1,1,FINALIZED_WITHIN_C2_LIMIT,0.006089,1.814
987,11500.0,0.0327,greedy,ZYZZYVA,4.6,2.0,0.1407,1,1,1,FINALIZED_WITHIN_C2_LIMIT,0.007722,1.344
988,11500.0,0.0318,greedy,ZYZZYVA,4.6,2.0,0.1415,1,1,1,FINALIZED_WITHIN_C2_LIMIT,0.008989,1.457
989,5250.0,0.0308,explore,LIU_QUORUM,4.2,4.0,0.0291,1,1,1,FINALIZED_WITHIN_C2_LIMIT,0.007505,1.45
990,11500.0,0.0298,greedy,ZYZZYVA,4.6,2.0,0.1241,1,1,1,FINALIZED_WITHIN_C2_LIMIT,0.005831,1.609
991,11500.0,0.0288,greedy,ZYZZYVA,4.6,2.0,0.1304,1,1,1,FINALIZED_WITHIN_C2_LIMIT,0.00692,3.844
992,0.0,0.0278,greedy,ZYZZYVA,4.6,2.0,0.1415,1,0,1,C2_DEADLINE_EXCEEDED,0.01665,1.361
993,0.0,0.0269,greedy,ZYZZYVA,4.6,2.0,0.1407,1,0,1,C2_DEADLINE_EXCEEDED,0.004803,1.569
994,0.0,0.0259,greedy,ZYZZYVA,4.6,2.0,0.1407,1,0,1,C2_DEADLINE_EXCEEDED,0.009293,2.69
995,10000.0,0.0249,greedy,ZYZZYVA,5.0,2.5,0.1407,1,1,1,FINALIZED_WITHIN_C2_LIMIT,0.007824,1.555
996,10000.0,0.0239,greedy,ZYZZYVA,5.0,2.5,0.1407,1,1,1,FINALIZED_WITHIN_C2_LIMIT,0.01392,1.465
997,10000.0,0.0229,greedy,ZYZZYVA,5.0,2.5,0.1415,1,1,1,FINALIZED_WITHIN_C2_LIMIT,0.007795,1.366
998,10000.0,0.022,greedy,ZYZZYVA,5.0,2.5,0.1415,1,1,1,FINALIZED_WITHIN_C2_LIMIT,0.009857,1.423
999,10000.0,0.021,greedy,ZYZZYVA,5.0,2.5,0.1415,1,1,1,FINALIZED_WITHIN_C2_LIMIT,0.15025,1.372
1000,10000.0,0.02,greedy,ZYZZYVA,5.0,2.5,0.1799,1,1,1,FINALIZED_WITHIN_C2_LIMIT,0.028768,1.305
1001,12000.0,0.02,greedy,ZYZZYVA,4.8,2.0,0.1582,1,1,1,FINALIZED_WITHIN_C2_LIMIT,0.107337,1.37
1002,12000.0,0.02,greedy,ZYZZYVA,4.8,2.0,0.1924,1,1,1,FINALIZED_WITHIN_C2_LIMIT,0.162653,1.238
1003,0.0,0.02,greedy,ZYZZYVA,5.0,2.5,0.2083,0,1,1,FINALIZED_WITHIN_C2_LIMIT,0.081701,1.423
1004,0.0,0.02,greedy,ZYZZYVA,5.0,2.5,0.2083,0,1,1,FINALIZED_WITHIN_C2_LIMIT,0.016694,1.538
1005,0.0,0.02,greedy,ZYZZYVA,5.0,2.5,0.2055,0,1,1,FINALIZED_WITHIN_C2_LIMIT,0.064515,1.814
1006,10000.0,0.02,greedy,ZYZZYVA,5.0,2.5,0.1799,1,1,1,FINALIZED_WITHIN_C2_LIMIT,0.064826,1.644
1007,10000.0,0.02,greedy,ZYZZYVA,5.0,2.5,0.1782,1,1,1,FINALIZED_WITHIN_C2_LIMIT,0.017254,1.701
1008,10000.0,0.02,greedy,ZYZZYVA,5.0,2.5,0.175,1,1,1,FINALIZED_WITHIN_C2_LIMIT,0.047157,1.631
1009,10000.0,0.02,greedy,ZYZZYVA,5.0,2.5,0.1734,1,1,1,FINALIZED_WITHIN_C2_LIMIT,0.022217,1.74
1010,10000.0,0.02,greedy,ZYZZYVA,5.0,2.5,0.1457,1,1,1,FINALIZED_WITHIN_C2_LIMIT,0.03977,1.551
1011,10000.0,0.02,greedy,ZYZZYVA,5.0,2.5,0.141,1,1,1,FINALIZED_WITHIN_C2_LIMIT,0.046733,1.545
1012,10000.0,0.02,greedy,ZYZZYVA,5.0,2.5,0.1469,1,1,1,FINALIZED_WITHIN_C2_LIMIT,0.018369,1.833
1013,0.0,0.02,greedy,ZYZZYVA,5.0,2.5,0.2009,0,1,1,FINALIZED_WITHIN_C2_LIMIT,0.041363,1.642
1014,0.0,0.02,greedy,ZYZZYVA,5.0,2.5,0.2032,0,1,1,FINALIZED_WITHIN_C2_LIMIT,0.017707,1.681
1015,10000.0,0.02,greedy,ZYZZYVA,5.0,2.5,0.1439,1,1,1,FINALIZED_WITHIN_C2_LIMIT,0.048283,1.586
1016,10000.0,0.02,greedy,ZYZZYVA,5.0,2.5,0.1439,1,1,1,FINALIZED_WITHIN_C2_LIMIT,0.055162,2.931
1017,3142.857,0.02,explore,LIU_QUORUM,4.4,7.0,0.0278,1,1,1,FINALIZED_WITHIN_C2_LIMIT,0.013203,1.402
1018,10000.0,0.02,greedy,ZYZZYVA,5.0,2.5,0.1814,1,1,1,FINALIZED_WITHIN_C2_LIMIT,0.051553,1.624
1019,10000.0,0.02,greedy,ZYZZYVA,5.0,2.5,0.1818,1,1,1,FINALIZED_WITHIN_C2_LIMIT,0.053447,1.538
1020,10000.0,0.02,greedy,ZYZZYVA,5.0,2.5,0.1415,1,1,1,FINALIZED_WITHIN_C2_LIMIT,0.014128,2.16
1021,10000.0,0.02,greedy,ZYZZYVA,5.0,2.5,0.141,1,1,1,FINALIZED_WITHIN_C2_LIMIT,0.031542,1.67
1022,10000.0,0.02,greedy,ZYZZYVA,5.0,2.5,0.1326,1,1,1,FINALIZED_WITHIN_C2_LIMIT,0.016451,1.629
1023,10000.0,0.02,greedy,ZYZZYVA,5.0,2.5,0.1194,1,1,1,FINALIZED_WITHIN_C2_LIMIT,0.017652,1.653
1024,10000.0,0.02,greedy,ZYZZYVA,5.0,2.5,0.1194,1,1,1,FINALIZED_WITHIN_C2_LIMIT,0.012099,1.578
1025,10000.0,0.02,greedy,ZYZZYVA,5.0,2.5,0.1136,1,1,1,FINALIZED_WITHIN_C2_LIMIT,0.01416,1.514
1026,10000.0,0.02,greedy,ZYZZYVA,5.0,2.5,0.0932,1,1,1,FINALIZED_WITHIN_C2_LIMIT,0.020473,1.482
1027,10000.0,0.02,greedy,ZYZZYVA,5.0,2.5,0.0932,1,1,1,FINALIZED_WITHIN_C2_LIMIT,0.018931,1.477
1028,10000.0,0.02,greedy,ZYZZYVA,5.0,2.5,0.0813,1,1,1,FINALIZED_WITHIN_C2_LIMIT,0.014857,1.522
1029,10000.0,0.02,greedy,ZYZZYVA,5.0,2.5,0.0746,1,1,1,FINALIZED_WITHIN_C2_LIMIT,0.020493,4.647
1030,9600.0,0.02,greedy,ZYZZYVA,4.8,2.5,0.1042,1,1,1,FINALIZED_WITHIN_C2_LIMIT,0.020524,1.412
1031,9600.0,0.02,greedy,ZYZZYVA,4.8,2.5,0.0707,1,1,1,FINALIZED_WITHIN_C2_LIMIT,0.014358,1.562
1032,10000.0,0.02,greedy,ZYZZYVA,5.0,2.5,0.0746,1,1,1,FINALIZED_WITHIN_C2_LIMIT,0.011905,1.449
1033,10000.0,0.02,greedy,ZYZZYVA,5.0,2.5,0.1046,1,1,1,FINALIZED_WITHIN_C2_LIMIT,0.020829,3.588
1034,11500.0,0.02,greedy,ZYZZYVA,4.6,2.0,0.1023,1,1,1,FINALIZED_WITHIN_C2_LIMIT,0.008909,1.626
1035,11500.0,0.02,greedy,ZYZZYVA,4.6,2.0,0.1203,1,1,1,FINALIZED_WITHIN_C2_LIMIT,0.013451,1.624
1036,11500.0,0.02,greedy,ZYZZYVA,4.6,2.0,0.1194,1,1,1,FINALIZED_WITHIN_C2_LIMIT,0.011498,1.444
1037,11500.0,0.02,greedy,ZYZZYVA,4.6,2.0,0.1242,1,1,1,FINALIZED_WITHIN_C2_LIMIT,0.018897,1.764
1038,11500.0,0.02,greedy,ZYZZYVA,4.6,2.0,0.1209,1,1,1,FINALIZED_WITHIN_C2_LIMIT,0.027077,1.496
1039,11500.0,0.02,greedy,ZYZZYVA,4.6,2.0,0.1289,1,1,1,FINALIZED_WITHIN_C2_LIMIT,0.013726,1.572
1040,11500.0,0.02,greedy,ZYZZYVA,4.6,2.0,0.1434,1,1,1,FINALIZED_WITHIN_C2_LIMIT,0.012407,1.567
1041,11500.0,0.02,greedy,ZYZZYVA,4.6,2.0,0.1442,1,1,1,FINALIZED_WITHIN_C2_LIMIT,0.011582,1.789
1042,0.0,0.02,greedy,ZYZZYVA,4.6,2.0,0.1347,1,0,1,C2_DEADLINE_EXCEEDED,0.029471,1.438
1043,266.667,0.02,explore,LIU_QUORUM,0.4,7.5,0.0362,1,1,1,FINALIZED_WITHIN_C2_LIMIT,0.008068,0.331
1044,11500.0,0.02,greedy,ZYZZYVA,4.6,2.0,0.1442,1,1,1,FINALIZED_WITHIN_C2_LIMIT,0.044645,3.177
1045,11500.0,0.02,greedy,ZYZZYVA,4.6,2.0,0.1388,1,1,1,FINALIZED_WITHIN_C2_LIMIT,0.016602,1.635
1046,11500.0,0.02,greedy,ZYZZYVA,4.6,2.0,0.1384,1,1,1,FINALIZED_WITHIN_C2_LIMIT,0.052937,1.663
1047,11500.0,0.02,greedy,ZYZZYVA,4.6,2.0,0.1388,1,1,1,FINALIZED_WITHIN_C2_LIMIT,0.068161,1.678
1048,11500.0,0.02,greedy,ZYZZYVA,4.6,2.0,0.1671,1,1,1,FINALIZED_WITHIN_C2_LIMIT,0.012875,2.781
1049,0.0,0.02,greedy,ZYZZYVA,4.8,2.0,0.1803,1,0,1,C2_DEADLINE_EXCEEDED,0.05294,2.051
1050,0.0,0.02,greedy,ZYZZYVA,4.8,2.0,0.1803,1,0,1,C2_DEADLINE_EXCEEDED,0.07407,1.506
1051,12000.0,0.02,greedy,ZYZZYVA,4.8,2.0,0.1806,1,1,1,FINALIZED_WITHIN_C2_LIMIT,0.00883,1.565
1052,0.0,0.02,greedy,ZYZZYVA,4.8,2.0,0.1803,1,0,1,C2_DEADLINE_EXCEEDED,0.038461,1.616
1053,12000.0,0.02,greedy,ZYZZYVA,4.8,2.0,0.1671,1,1,1,FINALIZED_WITHIN_C2_LIMIT,0.024266,1.717
1054,12000.0,0.02,greedy,ZYZZYVA,4.8,2.0,0.1675,1,1,1,FINALIZED_WITHIN_C2_LIMIT,0.026262,1.448
1055,12000.0,0.02,greedy,ZYZZYVA,4.8,2.0,0.1261,1,1,1,FINALIZED_WITHIN_C2_LIMIT,0.025653,1.514
1056,12000.0,0.02,greedy,ZYZZYVA,4.8,2.0,0.1201,1,1,1,FINALIZED_WITHIN_C2_LIMIT,0.010348,1.363
1057,0.0,0.02,greedy,ZYZZYVA,4.8,2.0,0.1201,1,0,1,RUNTIME_GUARD_FAILURE,0.023673,2.72
1058,12500.0,0.02,greedy,ZYZZYVA,5.0,2.0,0.0987,1,1,1,FINALIZED_WITHIN_C2_LIMIT,0.011588,2.881
1059,12500.0,0.02,greedy,ZYZZYVA,5.0,2.0,0.1111,1,1,1,FINALIZED_WITHIN_C2_LIMIT,0.014454,2.583
1060,12500.0,0.02,greedy,ZYZZYVA,5.0,2.0,0.1028,1,1,1,FINALIZED_WITHIN_C2_LIMIT,0.02922,2.543
1061,0.0,0.02,greedy,ZYZZYVA,5.0,2.0,0.1101,1,0,1,C2_DEADLINE_EXCEEDED,0.009357,2.816
1062,0.0,0.02,greedy,ZYZZYVA,5.0,2.0,0.1249,1,0,1,C2_DEADLINE_EXCEEDED,0.024359,2.362
1063,0.0,0.02,greedy,ZYZZYVA,4.8,2.0,0.1125,1,0,1,C2_DEADLINE_EXCEEDED,0.018697,1.52
1064,12000.0,0.02,greedy,ZYZZYVA,4.8,2.0,0.1202,1,1,1,FINALIZED_WITHIN_C2_LIMIT,0.008967,1.506
1065,12000.0,0.02,greedy,ZYZZYVA,4.8,2.0,0.1163,1,1,1,FINALIZED_WITHIN_C2_LIMIT,0.01312,2.698
1066,12000.0,0.02,greedy,ZYZZYVA,4.8,2.0,0.1053,1,1,1,FINALIZED_WITHIN_C2_LIMIT,0.021082,1.643
1067,3857.143,0.02,explore,LIU_QUORUM,5.4,7.0,0.0668,1,1,1,FINALIZED_WITHIN_C2_LIMIT,0.012858,1.877
1068,12000.0,0.02,greedy,ZYZZYVA,4.8,2.0,0.1186,1,1,1,FINALIZED_WITHIN_C2_LIMIT,0.039811,1.698
1069,12000.0,0.02,greedy,ZYZZYVA,4.8,2.0,0.1075,1,1,1,FINALIZED_WITHIN_C2_LIMIT,0.026983,2.118
1070,12000.0,0.02,greedy,ZYZZYVA,4.8,2.0,0.1005,1,1,1,FINALIZED_WITHIN_C2_LIMIT,0.024008,1.674
1071,12000.0,0.02,greedy,ZYZZYVA,4.8,2.0,0.1053,1,1,1,FINALIZED_WITHIN_C2_LIMIT,0.042134,1.595
1072,12000.0,0.02,greedy,ZYZZYVA,4.8,2.0,0.1009,1,1,1,FINALIZED_WITHIN_C2_LIMIT,0.007732,1.612
1073,12000.0,0.02,greedy,ZYZZYVA,4.8,2.0,0.1009,1,1,1,FINALIZED_WITHIN_C2_LIMIT,0.034438,1.837
1074,12000.0,0.02,greedy,ZYZZYVA,4.8,2.0,0.1009,1,1,1,FINALIZED_WITHIN_C2_LIMIT,0.019172,1.447
1075,11500.0,0.02,greedy,ZYZZYVA,4.6,2.0,0.1053,1,1,1,FINALIZED_WITHIN_C2_LIMIT,0.033037,1.225
1076,12000.0,0.02,greedy,ZYZZYVA,4.8,2.0,0.1028,1,1,1,FINALIZED_WITHIN_C2_LIMIT,0.015896,2.835
1077,12000.0,0.02,greedy,ZYZZYVA,4.8,2.0,0.0946,1,1,1,FINALIZED_WITHIN_C2_LIMIT,0.029726,3.206
1078,12000.0,0.02,greedy,ZYZZYVA,4.8,2.0,0.0946,1,1,1,FINALIZED_WITHIN_C2_LIMIT,0.030212,1.741
1079,12000.0,0.02,greedy,ZYZZYVA,4.8,2.0,0.1028,1,1,1,FINALIZED_WITHIN_C2_LIMIT,0.021009,1.662
1080,12000.0,0.02,greedy,ZYZZYVA,4.8,2.0,0.0908,1,1,1,FINALIZED_WITHIN_C2_LIMIT,0.0184,1.678
1081,12000.0,0.02,greedy,ZYZZYVA,4.8,2.0,0.0963,1,1,1,FINALIZED_WITHIN_C2_LIMIT,0.028758,1.776
1082,12000.0,0.02,greedy,ZYZZYVA,4.8,2.0,0.1075,1,1,1,FINALIZED_WITHIN_C2_LIMIT,0.016205,1.629
1083,0.0,0.02,greedy,ZYZZYVA,4.8,2.0,0.1125,1,0,1,C2_DEADLINE_EXCEEDED,0.01784,1.865
1084,0.0,0.02,greedy,ZYZZYVA,4.8,2.0,0.0998,1,0,1,C2_DEADLINE_EXCEEDED,0.019433,1.767
1085,0.0,0.02,greedy,ZYZZYVA,4.8,2.0,0.1053,1,0,1,C2_DEADLINE_EXCEEDED,0.023878,1.878
1086,0.0,0.02,greedy,ZYZZYVA,4.8,2.0,0.1028,1,0,1,C2_DEADLINE_EXCEEDED,0.012361,1.755
1087,12000.0,0.02,greedy,ZYZZYVA,4.8,2.0,0.1035,1,1,1,FINALIZED_WITHIN_C2_LIMIT,0.037074,1.715
1088,0.0,0.02,greedy,ZYZZYVA,4.8,2.0,0.0986,1,0,1,C2_DEADLINE_EXCEEDED,0.022547,1.9
1089,0.0,0.02,greedy,ZYZZYVA,4.8,2.0,0.1028,1,0,1,C2_DEADLINE_EXCEEDED,0.029472,1.734
1090,12000.0,0.02,greedy,ZYZZYVA,4.8,2.0,0.103,1,1,1,FINALIZED_WITHIN_C2_LIMIT,0.0284,1.915
1091,12000.0,0.02,greedy,ZYZZYVA,4.8,2.0,0.1035,1,1,1,FINALIZED_WITHIN_C2_LIMIT,0.013593,1.92
1092,12000.0,0.02,greedy,ZYZZYVA,4.8,2.0,0.1028,1,1,1,FINALIZED_WITHIN_C2_LIMIT,0.017011,1.893
1093,12000.0,0.02,greedy,ZYZZYVA,4.8,2.0,0.1057,1,1,1,FINALIZED_WITHIN_C2_LIMIT,0.024784,1.599
1094,12000.0,0.02,greedy,ZYZZYVA,4.8,2.0,0.0942,1,1,1,FINALIZED_WITHIN_C2_LIMIT,0.013699,1.5
1095,12000.0,0.02,greedy,ZYZZYVA,4.8,2.0,0.0908,1,1,1,FINALIZED_WITHIN_C2_LIMIT,0.02342,1.627
1096,12000.0,0.02,greedy,ZYZZYVA,4.8,2.0,0.0988,1,1,1,FINALIZED_WITHIN_C2_LIMIT,0.023761,1.541
1097,12500.0,0.02,greedy,ZYZZYVA,5.0,2.0,0.1057,1,1,1,FINALIZED_WITHIN_C2_LIMIT,0.024448,1.377
1098,12500.0,0.02,greedy,ZYZZYVA,5.0,2.0,0.0987,1,1,1,FINALIZED_WITHIN_C2_LIMIT,0.0271,1.649
1099,12500.0,0.02,greedy,ZYZZYVA,5.0,2.0,0.0967,1,1,1,FINALIZED_WITHIN_C2_LIMIT,0.144154,1.54
1100,12000.0,0.02,greedy,ZYZZYVA,4.8,2.0,0.0967,1,1,1,FINALIZED_WITHIN_C2_LIMIT,0.1351,2.336
1101,0.0,0.02,greedy,ZYZZYVA,5.0,2.0,0.1086,1,0,1,C2_DEADLINE_EXCEEDED,0.042371,1.528
1102,12500.0,0.02,greedy,ZYZZYVA,5.0,2.0,0.1214,1,1,1,FINALIZED_WITHIN_C2_LIMIT,0.079432,1.377
1103,12500.0,0.02,greedy,ZYZZYVA,5.0,2.0,0.1173,1,1,1,FINALIZED_WITHIN_C2_LIMIT,0.146784,1.502
1104,0.0,0.02,greedy,ZYZZYVA,5.0,2.0,0.1263,1,0,1,C2_DEADLINE_EXCEEDED,0.052002,1.686
1105,12000.0,0.02,greedy,ZYZZYVA,4.8,2.0,0.0882,1,1,1,FINALIZED_WITHIN_C2_LIMIT,0.026756,1.82
1106,12000.0,0.02,greedy,ZYZZYVA,4.8,2.0,0.0882,1,1,1,FINALIZED_WITHIN_C2_LIMIT,0.03377,1.682
1107,12000.0,0.02,greedy,ZYZZYVA,4.8,2.0,0.0882,1,1,1,FINALIZED_WITHIN_C2_LIMIT,0.015455,1.619
1108,12000.0,0.02,greedy,ZYZZYVA,4.8,2.0,0.1163,1,1,1,FINALIZED_WITHIN_C2_LIMIT,0.043553,1.681
1109,0.0,0.02,greedy,ZYZZYVA,4.8,2.0,0.0968,1,0,1,C2_DEADLINE_EXCEEDED,0.039287,2.732
1110,12000.0,0.02,greedy,ZYZZYVA,4.8,2.0,0.0908,1,1,1,FINALIZED_WITHIN_C2_LIMIT,0.03092,2.064
1111,12000.0,0.02,greedy,ZYZZYVA,4.8,2.0,0.0908,1,1,1,FINALIZED_WITHIN_C2_LIMIT,0.044832,3.084
1112,0.0,0.02,greedy,ZYZZYVA,4.8,2.0,0.0908,1,0,1,C2_DEADLINE_EXCEEDED,0.013792,1.776
1113,12000.0,0.02,greedy,ZYZZYVA,4.8,2.0,0.1081,1,1,1,FINALIZED_WITHIN_C2_LIMIT,0.043032,1.332
1114,0.0,0.02,greedy,ZYZZYVA,4.6,2.0,0.102,1,0,1,C2_DEADLINE_EXCEEDED,0.03625,1.288
1115,0.0,0.02,greedy,ZYZZYVA,4.6,2.0,0.0913,1,0,1,C2_DEADLINE_EXCEEDED,0.031233,3.231
1116,11500.0,0.02,greedy,ZYZZYVA,4.6,2.0,0.0913,1,1,1,FINALIZED_WITHIN_C2_LIMIT,0.029604,1.626
1117,0.0,0.02,greedy,ZYZZYVA,4.6,2.0,0.102,1,0,1,C2_DEADLINE_EXCEEDED,0.044403,1.571
1118,0.0,0.02,greedy,ZYZZYVA,4.6,2.0,0.102,1,0,1,C2_DEADLINE_EXCEEDED,0.023646,1.681
1119,0.0,0.02,greedy,ZYZZYVA,4.6,2.0,0.0908,1,0,1,C2_DEADLINE_EXCEEDED,0.052336,1.496
1120,11500.0,0.02,greedy,ZYZZYVA,4.6,2.0,0.0908,1,1,1,FINALIZED_WITHIN_C2_LIMIT,0.036732,3.114
1121,11500.0,0.02,greedy,ZYZZYVA,4.6,2.0,0.0936,1,1,1,FINALIZED_WITHIN_C2_LIMIT,0.016293,1.679
1122,11500.0,0.02,greedy,ZYZZYVA,4.6,2.0,0.1125,1,1,1,FINALIZED_WITHIN_C2_LIMIT,0.018917,2.163
1123,2842.105,0.02,explore,ZYZZYVA,5.4,9.5,0.0705,1,1,1,FINALIZED_WITHIN_C2_LIMIT,0.02863,3.808
1124,11500.0,0.02,greedy,ZYZZYVA,4.6,2.0,0.0963,1,1,1,FINALIZED_WITHIN_C2_LIMIT,0.028148,1.797
1125,11500.0,0.02,greedy,ZYZZYVA,4.6,2.0,0.1071,1,1,1,FINALIZED_WITHIN_C2_LIMIT,0.030661,1.581
1126,0.0,0.02,greedy,ZYZZYVA,4.6,2.0,0.1153,1,0,1,RUNTIME_GUARD_FAILURE,0.020359,3.161
1127,9600.0,0.02,greedy,ZYZZYVA,4.8,2.5,0.1132,1,1,1,FINALIZED_WITHIN_C2_LIMIT,0.062863,1.497
1128,9200.0,0.02,greedy,ZYZZYVA,4.6,2.5,0.103,1,1,1,FINALIZED_WITHIN_C2_LIMIT,0.03816,1.619
1129,0.0,0.02,greedy,ZYZZYVA,4.6,2.0,0.1191,1,0,1,C2_DEADLINE_EXCEEDED,0.016001,1.591
1130,0.0,0.02,greedy,ZYZZYVA,4.6,2.0,0.1754,1,0,1,C2_DEADLINE_EXCEEDED,0.056791,1.535
1131,9600.0,0.02,greedy,ZYZZYVA,4.8,2.5,0.1515,1,1,1,FINALIZED_WITHIN_C2_LIMIT,0.024419,1.591
1132,9200.0,0.02,greedy,ZYZZYVA,4.6,2.5,0.1527,1,1,1,FINALIZED_WITHIN_C2_LIMIT,0.031505,1.603
1133,9600.0,0.02,greedy,ZYZZYVA,4.8,2.5,0.0949,1,1,1,FINALIZED_WITHIN_C2_LIMIT,0.011499,1.728
1134,12000.0,0.02,greedy,ZYZZYVA,4.8,2.0,0.1132,1,1,1,FINALIZED_WITHIN_C2_LIMIT,0.02485,1.789
1135,11500.0,0.02,greedy,ZYZZYVA,4.6,2.0,0.1115,1,1,1,FINALIZED_WITHIN_C2_LIMIT,0.012605,1.553
1136,11500.0,0.02,greedy,ZYZZYVA,4.6,2.0,0.1061,1,1,1,FINALIZED_WITHIN_C2_LIMIT,0.043479,1.699
1137,11500.0,0.02,greedy,ZYZZYVA,4.6,2.0,0.0921,1,1,1,FINALIZED_WITHIN_C2_LIMIT,0.02001,1.755
1138,12000.0,0.02,greedy,ZYZZYVA,4.8,2.0,0.1105,1,1,1,FINALIZED_WITHIN_C2_LIMIT,0.016404,1.747
1139,12000.0,0.02,greedy,ZYZZYVA,4.8,2.0,0.0852,1,1,1,FINALIZED_WITHIN_C2_LIMIT,0.019836,1.881
1140,10000.0,0.02,greedy,ZYZZYVA,5.0,2.5,0.0746,1,1,1,FINALIZED_WITHIN_C2_LIMIT,0.047381,1.582
1141,10000.0,0.02,greedy,ZYZZYVA,5.0,2.5,0.081,1,1,1,FINALIZED_WITHIN_C2_LIMIT,0.048322,1.794
1142,10000.0,0.02,greedy,ZYZZYVA,5.0,2.5,0.0852,1,1,1,FINALIZED_WITHIN_C2_LIMIT,0.010062,1.877
1143,10000.0,0.02,greedy,ZYZZYVA,5.0,2.5,0.1303,1,1,1,FINALIZED_WITHIN_C2_LIMIT,0.060792,1.793
1144,10000.0,0.02,greedy,ZYZZYVA,5.0,2.5,0.1153,1,1,1,FINALIZED_WITHIN_C2_LIMIT,0.049309,1.634
1145,10000.0,0.02,greedy,ZYZZYVA,5.0,2.5,0.0852,1,1,1,FINALIZED_WITHIN_C2_LIMIT,0.011655,1.684
1146,10000.0,0.02,greedy,ZYZZYVA,5.0,2.5,0.0813,1,1,1,FINALIZED_WITHIN_C2_LIMIT,0.038284,1.687
1147,10000.0,0.02,greedy,ZYZZYVA,5.0,2.5,0.1,1,1,1,FINALIZED_WITHIN_C2_LIMIT,0.023543,1.538
1148,10000.0,0.02,greedy,ZYZZYVA,5.0,2.5,0.0968,1,1,1,FINALIZED_WITHIN_C2_LIMIT,0.025771,1.574
1149,10000.0,0.02,greedy,ZYZZYVA,5.0,2.5,0.0862,1,1,1,FINALIZED_WITHIN_C2_LIMIT,0.037207,1.635
1150,9600.0,0.02,greedy,ZYZZYVA,4.8,2.5,0.0747,1,1,1,FINALIZED_WITHIN_C2_LIMIT,0.015023,1.52
1151,9600.0,0.02,greedy,ZYZZYVA,4.8,2.5,0.0862,1,1,1,FINALIZED_WITHIN_C2_LIMIT,0.037408,1.495
1152,10000.0,0.02,greedy,ZYZZYVA,5.0,2.5,0.0951,1,1,1,FINALIZED_WITHIN_C2_LIMIT,0.015252,1.457
1153,10000.0,0.02,greedy,ZYZZYVA,5.0,2.5,0.1127,1,1,1,FINALIZED_WITHIN_C2_LIMIT,0.064944,2.572
1154,10000.0,0.02,greedy,ZYZZYVA,5.0,2.5,0.106,1,1,1,FINALIZED_WITHIN_C2_LIMIT,0.057192,1.471
1155,10000.0,0.02,greedy,ZYZZYVA,5.0,2.5,0.0951,1,1,1,FINALIZED_WITHIN_C2_LIMIT,0.020447,1.641
1156,10000.0,0.02,greedy,ZYZZYVA,5.0,2.5,0.0963,1,1,1,FINALIZED_WITHIN_C2_LIMIT,0.093548,2.626
1157,10000.0,0.02,greedy,ZYZZYVA,5.0,2.5,0.0963,1,1,1,FINALIZED_WITHIN_C2_LIMIT,0.157693,1.865
1158,10000.0,0.02,greedy,ZYZZYVA,5.0,2.5,0.0813,1,1,1,FINALIZED_WITHIN_C2_LIMIT,0.099748,1.48
1159,10000.0,0.02,greedy,ZYZZYVA,5.0,2.5,0.116,1,1,1,FINALIZED_WITHIN_C2_LIMIT,0.018105,1.695
1160,10000.0,0.02,greedy,ZYZZYVA,5.0,2.5,0.1724,1,1,1,FINALIZED_WITHIN_C2_LIMIT,0.078488,2.497
1161,10000.0,0.02,greedy,ZYZZYVA,5.0,2.5,0.0961,1,1,1,FINALIZED_WITHIN_C2_LIMIT,0.157857,1.66
1162,10000.0,0.02,greedy,ZYZZYVA,5.0,2.5,0.0863,1,1,1,FINALIZED_WITHIN_C2_LIMIT,0.092848,1.577
1163,10000.0,0.02,greedy,ZYZZYVA,5.0,2.5,0.0824,1,1,1,FINALIZED_WITHIN_C2_LIMIT,0.014857,1.453
1164,9600.0,0.02,greedy,ZYZZYVA,4.8,2.5,0.066,1,1,1,FINALIZED_WITHIN_C2_LIMIT,0.078476,1.55
1165,9600.0,0.02,greedy,ZYZZYVA,4.8,2.5,0.066,1,1,1,FINALIZED_WITHIN_C2_LIMIT,0.096475,1.364
1166,12000.0,0.02,greedy,ZYZZYVA,4.8,2.0,0.066,1,1,1,FINALIZED_WITHIN_C2_LIMIT,0.028699,2.245
1167,0.0,0.02,greedy,ZYZZYVA,4.8,2.0,0.0675,1,0,1,RUNTIME_GUARD_FAILURE,0.058025,2.911
1168,12000.0,0.02,greedy,ZYZZYVA,4.8,2.0,0.0729,1,1,1,FINALIZED_WITHIN_C2_LIMIT,0.074827,2.589
1169,12000.0,0.02,greedy,ZYZZYVA,4.8,2.0,0.0857,1,1,1,FINALIZED_WITHIN_C2_LIMIT,0.04208,3.455
1170,11500.0,0.02,greedy,ZYZZYVA,4.6,2.0,0.0747,1,1,1,FINALIZED_WITHIN_C2_LIMIT,0.030103,2.252
1171,11500.0,0.02,greedy,ZYZZYVA,4.6,2.0,0.063,1,1,1,FINALIZED_WITHIN_C2_LIMIT,0.054751,1.446
1172,11500.0,0.02,greedy,ZYZZYVA,4.6,2.0,0.0857,1,1,1,FINALIZED_WITHIN_C2_LIMIT,0.015571,1.559
1173,12000.0,0.02,greedy,ZYZZYVA,4.8,2.0,0.0968,1,1,1,FINALIZED_WITHIN_C2_LIMIT,0.071866,2.351
1174,12000.0,0.02,greedy,ZYZZYVA,4.8,2.0,0.1176,1,1,1,FINALIZED_WITHIN_C2_LIMIT,0.115681,1.994
1175,12000.0,0.02,greedy,ZYZZYVA,4.8,2.0,0.1173,1,1,1,FINALIZED_WITHIN_C2_LIMIT,0.064381,1.732
1176,2222.222,0.02,explore,ZYZZYVA,4.0,9.0,0.0674,1,1,1,FINALIZED_WITHIN_C2_LIMIT,0.018586,1.342
1177,11500.0,0.02,greedy,ZYZZYVA,4.6,2.0,0.1356,1,1,1,FINALIZED_WITHIN_C2_LIMIT,0.039084,1.979
1178,11500.0,0.02,greedy,ZYZZYVA,4.6,2.0,0.1161,1,1,1,FINALIZED_WITHIN_C2_LIMIT,0.021249,1.524
1179,12000.0,0.02,greedy,ZYZZYVA,4.8,2.0,0.1171,1,1,1,FINALIZED_WITHIN_C2_LIMIT,0.038073,1.592
1180,11500.0,0.02,greedy,ZYZZYVA,4.6,2.0,0.0974,1,1,1,FINALIZED_WITHIN_C2_LIMIT,0.035839,1.8
1181,0.0,0.02,greedy,ZYZZYVA,4.6,2.0,0.0999,1,0,1,C2_DEADLINE_EXCEEDED,0.018987,2.23
1182,0.0,0.02,greedy,ZYZZYVA,4.6,2.0,0.0995,1,0,1,C2_DEADLINE_EXCEEDED,0.020734,1.614
1183,11500.0,0.02,greedy,ZYZZYVA,4.6,2.0,0.0999,1,1,1,FINALIZED_WITHIN_C2_LIMIT,0.018102,2.034
1184,11500.0,0.02,greedy,ZYZZYVA,4.6,2.0,0.0999,1,1,1,FINALIZED_WITHIN_C2_LIMIT,0.013847,1.954
1185,11500.0,0.02,greedy,ZYZZYVA,4.6,2.0,0.0992,1,1,1,FINALIZED_WITHIN_C2_LIMIT,0.015289,1.634
1186,0.0,0.02,greedy,ZYZZYVA,4.6,2.0,0.0986,1,0,1,C2_DEADLINE_EXCEEDED,0.016666,4.476
1187,11500.0,0.02,greedy,ZYZZYVA,4.6,2.0,0.0992,1,1,1,FINALIZED_WITHIN_C2_LIMIT,0.021182,1.715
1188,0.0,0.02,greedy,ZYZZYVA,4.6,2.0,0.1082,1,0,1,RUNTIME_GUARD_FAILURE,0.010964,3.25
1189,11500.0,0.02,greedy,ZYZZYVA,4.6,2.0,0.0998,1,1,1,FINALIZED_WITHIN_C2_LIMIT,0.008598,3.116
1190,11500.0,0.02,greedy,ZYZZYVA,4.6,2.0,0.1082,1,1,1,FINALIZED_WITHIN_C2_LIMIT,0.015757,2.062
1191,2571.429,0.02,explore,LIU_QUORUM,1.8,3.5,0.0669,1,1,1,FINALIZED_WITHIN_C2_LIMIT,0.016068,0.845
1192,11500.0,0.02,greedy,ZYZZYVA,4.6,2.0,0.1082,1,1,1,FINALIZED_WITHIN_C2_LIMIT,0.019792,1.957
1193,11500.0,0.02,greedy,ZYZZYVA,4.6,2.0,0.0986,1,1,1,FINALIZED_WITHIN_C2_LIMIT,0.007923,1.838
1194,9600.0,0.02,greedy,ZYZZYVA,4.8,2.5,0.1082,1,1,1,FINALIZED_WITHIN_C2_LIMIT,0.016526,2.01
1195,0.0,0.02,greedy,ZYZZYVA,4.6,2.0,0.1278,1,0,1,C2_DEADLINE_EXCEEDED,0.015149,1.807
1196,0.0,0.02,greedy,ZYZZYVA,4.6,2.0,0.1278,1,0,1,C2_DEADLINE_EXCEEDED,0.007462,1.644
1197,9600.0,0.02,greedy,ZYZZYVA,4.8,2.5,0.1235,1,1,1,FINALIZED_WITHIN_C2_LIMIT,0.013439,1.667
1198,9600.0,0.02,greedy,ZYZZYVA,4.8,2.5,0.1419,1,1,1,FINALIZED_WITHIN_C2_LIMIT,0.015107,1.72
1199,9600.0,0.02,greedy,ZYZZYVA,4.8,2.5,0.1426,1,1,1,FINALIZED_WITHIN_C2_LIMIT,0.113245,1.776
1200,11500.0,0.02,greedy,ZYZZYVA,4.6,2.0,0.1422,1,1,1,FINALIZED_WITHIN_C2_LIMIT,0.045349,1.934
1201,11500.0,0.02,greedy,ZYZZYVA,4.6,2.0,0.1201,1,1,1,FINALIZED_WITHIN_C2_LIMIT,0.072743,1.467
1202,11500.0,0.02,greedy,ZYZZYVA,4.6,2.0,0.0949,1,1,1,FINALIZED_WITHIN_C2_LIMIT,0.13384,1.589
1203,11500.0,0.02,greedy,ZYZZYVA,4.6,2.0,0.0949,1,1,1,FINALIZED_WITHIN_C2_LIMIT,0.064837,1.546
1204,9600.0,0.02,greedy,ZYZZYVA,4.8,2.5,0.1201,1,1,1,FINALIZED_WITHIN_C2_LIMIT,0.047967,1.969
1205,9600.0,0.02,greedy,ZYZZYVA,4.8,2.5,0.1217,1,1,1,FINALIZED_WITHIN_C2_LIMIT,0.074575,1.744
1206,11500.0,0.02,greedy,ZYZZYVA,4.6,2.0,0.1331,1,1,1,FINALIZED_WITHIN_C2_LIMIT,0.013178,2.256
1207,0.0,0.02,greedy,ZYZZYVA,4.6,2.0,0.2225,0,0,1,C2_DEADLINE_EXCEEDED,0.069681,1.682
1208,0.0,0.02,greedy,ZYZZYVA,4.6,2.0,0.2251,0,1,1,FINALIZED_WITHIN_C2_LIMIT,0.073697,1.472
1209,0.0,0.02,greedy,ZYZZYVA,4.6,2.0,0.2307,0,1,1,FINALIZED_WITHIN_C2_LIMIT,0.020208,1.425
1210,0.0,0.02,greedy,ZYZZYVA,4.4,2.0,0.1839,1,0,1,C2_DEADLINE_EXCEEDED,0.083854,1.528
1211,0.0,0.02,greedy,ZYZZYVA,4.4,2.0,0.1444,1,0,1,C2_DEADLINE_EXCEEDED,0.16988,1.516
1212,0.0,0.02,greedy,ZYZZYVA,4.4,2.0,0.1386,1,0,1,C2_DEADLINE_EXCEEDED,0.093797,1.533
1213,0.0,0.02,greedy,ZYZZYVA,4.6,2.0,0.1269,1,0,1,C2_DEADLINE_EXCEEDED,0.040816,1.356
1214,11500.0,0.02,greedy,ZYZZYVA,4.6,2.0,0.1279,1,1,1,FINALIZED_WITHIN_C2_LIMIT,0.034134,1.45
1215,11500.0,0.02,greedy,ZYZZYVA,4.6,2.0,0.0958,1,1,1,FINALIZED_WITHIN_C2_LIMIT,0.01705,1.841
1216,9600.0,0.02,greedy,ZYZZYVA,4.8,2.5,0.0986,1,1,1,FINALIZED_WITHIN_C2_LIMIT,0.052139,1.713
1217,9600.0,0.02,greedy,ZYZZYVA,4.8,2.5,0.0802,1,1,1,FINALIZED_WITHIN_C2_LIMIT,0.031917,1.57
1218,11500.0,0.02,greedy,ZYZZYVA,4.6,2.0,0.0857,1,1,1,FINALIZED_WITHIN_C2_LIMIT,0.082106,2.534
1219,11500.0,0.02,greedy,ZYZZYVA,4.6,2.0,0.0845,1,1,1,FINALIZED_WITHIN_C2_LIMIT,0.097408,1.614
1220,11500.0,0.02,greedy,ZYZZYVA,4.6,2.0,0.0845,1,1,1,FINALIZED_WITHIN_C2_LIMIT,0.029996,1.781
1221,9600.0,0.02,greedy,ZYZZYVA,4.8,2.5,0.0814,1,1,1,FINALIZED_WITHIN_C2_LIMIT,0.122737,1.858
1222,9200.0,0.02,greedy,ZYZZYVA,4.6,2.5,0.0802,1,1,1,FINALIZED_WITHIN_C2_LIMIT,0.224727,3.807
1223,11000.0,0.02,greedy,ZYZZYVA,4.4,2.0,0.0716,1,1,1,FINALIZED_WITHIN_C2_LIMIT,0.119177,1.657
1224,11500.0,0.02,greedy,ZYZZYVA,4.6,2.0,0.0963,1,1,1,FINALIZED_WITHIN_C2_LIMIT,0.026425,1.859
1225,11500.0,0.02,greedy,ZYZZYVA,4.6,2.0,0.0963,1,1,1,FINALIZED_WITHIN_C2_LIMIT,0.082149,2.587
1226,11500.0,0.02,greedy,ZYZZYVA,4.6,2.0,0.1009,1,1,1,FINALIZED_WITHIN_C2_LIMIT,0.074653,1.576
1227,9600.0,0.02,greedy,ZYZZYVA,4.8,2.5,0.0963,1,1,1,FINALIZED_WITHIN_C2_LIMIT,0.028486,2.563
1228,9600.0,0.02,greedy,ZYZZYVA,4.8,2.5,0.0857,1,1,1,FINALIZED_WITHIN_C2_LIMIT,0.086703,1.951
1229,9600.0,0.02,greedy,ZYZZYVA,4.8,2.5,0.0746,1,1,1,FINALIZED_WITHIN_C2_LIMIT,0.071162,1.731
1230,9600.0,0.02,greedy,ZYZZYVA,4.8,2.5,0.0845,1,1,1,FINALIZED_WITHIN_C2_LIMIT,0.017461,2.016
1231,10000.0,0.02,greedy,ZYZZYVA,5.0,2.5,0.1085,1,1,1,FINALIZED_WITHIN_C2_LIMIT,0.109097,1.686
1232,10000.0,0.02,greedy,ZYZZYVA,5.0,2.5,0.0886,1,1,1,FINALIZED_WITHIN_C2_LIMIT,0.200621,1.92
1233,10000.0,0.02,greedy,ZYZZYVA,5.0,2.5,0.0938,1,1,1,FINALIZED_WITHIN_C2_LIMIT,0.09894,1.77
1234,10000.0,0.02,greedy,ZYZZYVA,5.0,2.5,0.0757,1,1,1,FINALIZED_WITHIN_C2_LIMIT,0.02175,1.602
1235,10000.0,0.02,greedy,ZYZZYVA,5.0,2.5,0.0489,1,1,1,FINALIZED_WITHIN_C2_LIMIT,0.098653,1.739
1236,10000.0,0.02,greedy,ZYZZYVA,5.0,2.5,0.0671,1,1,1,FINALIZED_WITHIN_C2_LIMIT,0.102379,4.345
1237,10000.0,0.02,greedy,ZYZZYVA,5.0,2.5,0.0668,1,1,1,FINALIZED_WITHIN_C2_LIMIT,0.023349,1.676
1238,12000.0,0.02,greedy,ZYZZYVA,4.8,2.0,0.0852,1,1,1,FINALIZED_WITHIN_C2_LIMIT,0.076923,1.666
1239,0.0,0.02,greedy,ZYZZYVA,4.8,2.0,0.0852,1,0,1,C2_DEADLINE_EXCEEDED,0.160981,1.443
1240,0.0,0.02,greedy,ZYZZYVA,4.8,2.0,0.1437,1,0,1,C2_DEADLINE_EXCEEDED,0.115815,1.539
1241,12500.0,0.02,greedy,ZYZZYVA,5.0,2.0,0.1229,1,1,1,FINALIZED_WITHIN_C2_LIMIT,0.02473,1.62
1242,0.0,0.02,greedy,ZYZZYVA,4.8,2.0,0.0958,1,0,1,C2_DEADLINE_EXCEEDED,0.063496,1.546
1243,12000.0,0.02,greedy,ZYZZYVA,4.8,2.0,0.1073,1,1,1,FINALIZED_WITHIN_C2_LIMIT,0.081592,1.788
1244,12000.0,0.02,greedy,ZYZZYVA,4.8,2.0,0.1145,1,1,1,FINALIZED_WITHIN_C2_LIMIT,0.029717,1.614
1245,0.0,0.02,greedy,ZYZZYVA,4.8,2.0,0.1053,1,0,1,C2_DEADLINE_EXCEEDED,0.035998,1.732
1246,12000.0,0.02,greedy,ZYZZYVA,4.8,2.0,0.1053,1,1,1,FINALIZED_WITHIN_C2_LIMIT,0.082768,1.605
1247,0.0,0.02,greedy,ZYZZYVA,4.8,2.0,0.0987,1,0,1,C2_DEADLINE_EXCEEDED,0.042235,1.579
1248,12000.0,0.02,greedy,ZYZZYVA,4.8,2.0,0.0987,1,1,1,FINALIZED_WITHIN_C2_LIMIT,0.048498,1.675
1249,12000.0,0.02,greedy,ZYZZYVA,4.8,2.0,0.1028,1,1,1,FINALIZED_WITHIN_C2_LIMIT,0.110732,1.881
1250,12000.0,0.02,greedy,ZYZZYVA,4.8,2.0,0.1028,1,1,1,FINALIZED_WITHIN_C2_LIMIT,0.036867,1.691
1251,12000.0,0.02,greedy,ZYZZYVA,4.8,2.0,0.0963,1,1,1,FINALIZED_WITHIN_C2_LIMIT,0.058023,2.107
1252,12000.0,0.02,greedy,ZYZZYVA,4.8,2.0,0.0965,1,1,1,FINALIZED_WITHIN_C2_LIMIT,0.07218,3.07
1253,0.0,0.02,greedy,ZYZZYVA,4.8,2.0,0.1028,1,0,1,C2_DEADLINE_EXCEEDED,0.035677,1.67
1254,12000.0,0.02,greedy,ZYZZYVA,4.8,2.0,0.085,1,1,1,FINALIZED_WITHIN_C2_LIMIT,0.055096,1.492
1255,12000.0,0.02,greedy,ZYZZYVA,4.8,2.0,0.0972,1,1,1,FINALIZED_WITHIN_C2_LIMIT,0.075226,1.71
1256,0.0,0.02,greedy,ZYZZYVA,4.8,2.0,0.0991,1,0,1,C2_DEADLINE_EXCEEDED,0.037291,2.048
1257,12000.0,0.02,greedy,ZYZZYVA,4.8,2.0,0.0963,1,1,1,FINALIZED_WITHIN_C2_LIMIT,0.052053,2.462
1258,12000.0,0.02,greedy,ZYZZYVA,4.8,2.0,0.0963,1,1,1,FINALIZED_WITHIN_C2_LIMIT,0.080744,2.364
1259,12000.0,0.02,greedy,ZYZZYVA,4.8,2.0,0.0818,1,1,1,FINALIZED_WITHIN_C2_LIMIT,0.038889,2.014
1260,12000.0,0.02,greedy,ZYZZYVA,4.8,2.0,0.1058,1,1,1,FINALIZED_WITHIN_C2_LIMIT,0.035901,2.719
1261,12000.0,0.02,greedy,ZYZZYVA,4.8,2.0,0.0987,1,1,1,FINALIZED_WITHIN_C2_LIMIT,0.06343,2.121
1262,12000.0,0.02,greedy,ZYZZYVA,4.8,2.0,0.0987,1,1,1,FINALIZED_WITHIN_C2_LIMIT,0.029729,2.141
1263,12000.0,0.02,greedy,ZYZZYVA,4.8,2.0,0.1058,1,1,1,FINALIZED_WITHIN_C2_LIMIT,0.031538,2.312
1264,12000.0,0.02,greedy,ZYZZYVA,4.8,2.0,0.1058,1,1,1,FINALIZED_WITHIN_C2_LIMIT,0.059171,2.165
1265,10000.0,0.02,greedy,ZYZZYVA,5.0,2.5,0.1058,1,1,1,FINALIZED_WITHIN_C2_LIMIT,0.025968,2.375
1266,10000.0,0.02,greedy,ZYZZYVA,5.0,2.5,0.1008,1,1,1,FINALIZED_WITHIN_C2_LIMIT,0.048483,2.84
1267,10000.0,0.02,greedy,ZYZZYVA,5.0,2.5,0.0877,1,1,1,FINALIZED_WITHIN_C2_LIMIT,0.055669,1.71
1268,10000.0,0.02,greedy,ZYZZYVA,5.0,2.5,0.0991,1,1,1,FINALIZED_WITHIN_C2_LIMIT,0.015821,4.366
1269,10000.0,0.02,greedy,ZYZZYVA,5.0,2.5,0.0877,1,1,1,FINALIZED_WITHIN_C2_LIMIT,0.055246,2.05
1270,10000.0,0.02,greedy,ZYZZYVA,5.0,2.5,0.0877,1,1,1,FINALIZED_WITHIN_C2_LIMIT,0.076895,2.046
1271,10000.0,0.02,greedy,ZYZZYVA,5.0,2.5,0.0877,1,1,1,FINALIZED_WITHIN_C2_LIMIT,0.017712,2.268
1272,10000.0,0.02,greedy,ZYZZYVA,5.0,2.5,0.0877,1,1,1,FINALIZED_WITHIN_C2_LIMIT,0.056574,2.157
1273,10000.0,0.02,greedy,ZYZZYVA,5.0,2.5,0.071,1,1,1,FINALIZED_WITHIN_C2_LIMIT,0.081814,1.706
1274,10000.0,0.02,greedy,ZYZZYVA,5.0,2.5,0.0877,1,1,1,FINALIZED_WITHIN_C2_LIMIT,0.018111,1.945
1275,12000.0,0.02,greedy,ZYZZYVA,4.8,2.0,0.0845,1,1,1,FINALIZED_WITHIN_C2_LIMIT,0.087754,2.341
1276,12000.0,0.02,greedy,ZYZZYVA,4.8,2.0,0.1088,1,1,1,FINALIZED_WITHIN_C2_LIMIT,0.099546,3.81
1277,12000.0,0.02,greedy,ZYZZYVA,4.8,2.0,0.091,1,1,1,FINALIZED_WITHIN_C2_LIMIT,0.04915,2.105
1278,12000.0,0.02,greedy,ZYZZYVA,4.8,2.0,0.0963,1,1,1,FINALIZED_WITHIN_C2_LIMIT,0.040544,2.532
1279,12000.0,0.02,greedy,ZYZZYVA,4.8,2.0,0.0963,1,1,1,FINALIZED_WITHIN_C2_LIMIT,0.096278,2.451
1280,12000.0,0.02,greedy,ZYZZYVA,4.8,2.0,0.0963,1,1,1,FINALIZED_WITHIN_C2_LIMIT,0.05608,2.46
1281,12000.0,0.02,greedy,ZYZZYVA,4.8,2.0,0.1071,1,1,1,FINALIZED_WITHIN_C2_LIMIT,0.0215,2.214
1282,12000.0,0.02,greedy,ZYZZYVA,4.8,2.0,0.1071,1,1,1,FINALIZED_WITHIN_C2_LIMIT,0.063133,2.493
1283,12000.0,0.02,greedy,ZYZZYVA,4.8,2.0,0.1088,1,1,1,FINALIZED_WITHIN_C2_LIMIT,0.056141,2.027
1284,12000.0,0.02,greedy,ZYZZYVA,4.8,2.0,0.0845,1,1,1,FINALIZED_WITHIN_C2_LIMIT,0.016507,2.039
1285,4666.667,0.02,explore,ZYZZYVA,4.2,4.5,0.0933,1,1,1,FINALIZED_WITHIN_C2_LIMIT,0.02125,1.912
1286,12000.0,0.02,greedy,ZYZZYVA,4.8,2.0,0.0845,1,1,1,FINALIZED_WITHIN_C2_LIMIT,0.030199,2.498
1287,12000.0,0.02,greedy,ZYZZYVA,4.8,2.0,0.0845,1,1,1,FINALIZED_WITHIN_C2_LIMIT,0.010477,2.526
1288,12000.0,0.02,greedy,ZYZZYVA,4.8,2.0,0.0824,1,1,1,FINALIZED_WITHIN_C2_LIMIT,0.008724,3.435
1289,12000.0,0.02,greedy,ZYZZYVA,4.8,2.0,0.0824,1,1,1,FINALIZED_WITHIN_C2_LIMIT,0.024952,5.271
1290,11500.0,0.02,greedy,ZYZZYVA,4.6,2.0,0.0575,1,1,1,FINALIZED_WITHIN_C2_LIMIT,0.036107,1.766
1291,12000.0,0.02,greedy,ZYZZYVA,4.8,2.0,0.0796,1,1,1,FINALIZED_WITHIN_C2_LIMIT,0.017699,1.851
1292,0.0,0.02,greedy,ZYZZYVA,4.8,2.0,0.0876,1,0,1,C2_DEADLINE_EXCEEDED,0.040273,1.925
1293,0.0,0.02,greedy,ZYZZYVA,4.8,2.0,0.0836,1,0,1,C2_DEADLINE_EXCEEDED,0.015817,1.931
1294,0.0,0.02,greedy,ZYZZYVA,4.8,2.0,0.0638,1,0,1,C2_DEADLINE_EXCEEDED,0.036507,1.715
1295,12000.0,0.02,greedy,ZYZZYVA,4.8,2.0,0.0943,1,1,1,FINALIZED_WITHIN_C2_LIMIT,0.022793,3.834
1296,12000.0,0.02,greedy,ZYZZYVA,4.8,2.0,0.1006,1,1,1,FINALIZED_WITHIN_C2_LIMIT,0.017605,2.599
1297,12000.0,0.02,greedy,ZYZZYVA,4.8,2.0,0.0963,1,1,1,FINALIZED_WITHIN_C2_LIMIT,0.037858,2.727
1298,12000.0,0.02,greedy,ZYZZYVA,4.8,2.0,0.0852,1,1,1,FINALIZED_WITHIN_C2_LIMIT,0.019312,3.151
1299,12000.0,0.02,greedy,ZYZZYVA,4.8,2.0,0.0852,1,1,1,FINALIZED_WITHIN_C2_LIMIT,0.159621,2.032
1300,12000.0,0.02,greedy,ZYZZYVA,4.8,2.0,0.0852,1,1,1,FINALIZED_WITHIN_C2_LIMIT,0.033623,3.759
1301,12000.0,0.02,greedy,ZYZZYVA,4.8,2.0,0.1542,1,1,1,FINALIZED_WITHIN_C2_LIMIT,0.093566,2.059
1302,0.0,0.02,greedy,ZYZZYVA,4.8,2.0,0.118,1,0,1,C2_DEADLINE_EXCEEDED,0.174025,2.282
1303,12000.0,0.02,greedy,ZYZZYVA,4.8,2.0,0.1339,1,1,1,FINALIZED_WITHIN_C2_LIMIT,0.157655,2.235
1304,12000.0,0.02,greedy,ZYZZYVA,4.8,2.0,0.083,1,1,1,FINALIZED_WITHIN_C2_LIMIT,0.024607,2.3
1305,11500.0,0.02,greedy,ZYZZYVA,4.6,2.0,0.0612,1,1,1,FINALIZED_WITHIN_C2_LIMIT,0.12297,4.708
1306,0.0,0.02,greedy,ZYZZYVA,4.6,2.0,0.0684,1,0,1,C2_DEADLINE_EXCEEDED,0.219663,1.87
1307,11500.0,0.02,greedy,ZYZZYVA,4.6,2.0,0.0612,1,1,1,FINALIZED_WITHIN_C2_LIMIT,0.151289,1.726
1308,12000.0,0.02,greedy,ZYZZYVA,4.8,2.0,0.0724,1,1,1,FINALIZED_WITHIN_C2_LIMIT,0.033001,1.567
1309,12000.0,0.02,greedy,ZYZZYVA,4.8,2.0,0.115,1,1,1,FINALIZED_WITHIN_C2_LIMIT,0.093874,1.604
1310,12000.0,0.02,greedy,ZYZZYVA,4.8,2.0,0.1585,1,1,1,FINALIZED_WITHIN_C2_LIMIT,0.226722,1.803
1311,12000.0,0.02,greedy,ZYZZYVA,4.8,2.0,0.1554,1,1,1,FINALIZED_WITHIN_C2_LIMIT,0.212319,1.91
1312,0.0,0.02,greedy,ZYZZYVA,4.8,2.0,0.1717,1,0,1,C2_DEADLINE_EXCEEDED,0.083998,2.097
1313,0.0,0.02,greedy,ZYZZYVA,4.8,2.0,0.1717,1,0,1,C2_DEADLINE_EXCEEDED,0.048404,2.397
1314,12000.0,0.02,greedy,ZYZZYVA,4.8,2.0,0.1448,1,1,1,FINALIZED_WITHIN_C2_LIMIT,0.133813,3.881
1315,12000.0,0.02,greedy,ZYZZYVA,4.8,2.0,0.1542,1,1,1,FINALIZED_WITHIN_C2_LIMIT,0.108399,3.13
1316,12000.0,0.02,greedy,ZYZZYVA,4.8,2.0,0.0963,1,1,1,FINALIZED_WITHIN_C2_LIMIT,0.039665,1.888
1317,12000.0,0.02,greedy,ZYZZYVA,4.8,2.0,0.0963,1,1,1,FINALIZED_WITHIN_C2_LIMIT,0.077535,2.332
1318,12000.0,0.02,greedy,ZYZZYVA,4.8,2.0,0.0963,1,1,1,FINALIZED_WITHIN_C2_LIMIT,0.156817,2.319
1319,12000.0,0.02,greedy,ZYZZYVA,4.8,2.0,0.0845,1,1,1,FINALIZED_WITHIN_C2_LIMIT,0.073281,2.227
1320,12000.0,0.02,greedy,ZYZZYVA,4.8,2.0,0.0751,1,1,1,FINALIZED_WITHIN_C2_LIMIT,0.023987,2.068
1321,12000.0,0.02,greedy,ZYZZYVA,4.8,2.0,0.0983,1,1,1,FINALIZED_WITHIN_C2_LIMIT,0.073141,1.679
1322,12000.0,0.02,greedy,ZYZZYVA,4.8,2.0,0.0855,1,1,1,FINALIZED_WITHIN_C2_LIMIT,0.065348,1.839
1323,12000.0,0.02,greedy,ZYZZYVA,4.8,2.0,0.075,1,1,1,FINALIZED_WITHIN_C2_LIMIT,0.021748,1.656
1324,0.0,0.02,greedy,ZYZZYVA,4.8,2.0,0.0877,1,0,1,C2_DEADLINE_EXCEEDED,0.031042,1.735
1325,12000.0,0.02,greedy,ZYZZYVA,4.8,2.0,0.0877,1,1,1,FINALIZED_WITHIN_C2_LIMIT,0.019842,1.789
1326,12000.0,0.02,greedy,ZYZZYVA,4.8,2.0,0.075,1,1,1,FINALIZED_WITHIN_C2_LIMIT,0.021821,2.062
1327,12000.0,0.02,greedy,ZYZZYVA,4.8,2.0,0.0877,1,1,1,FINALIZED_WITHIN_C2_LIMIT,0.021819,1.539
1328,12000.0,0.02,greedy,ZYZZYVA,4.8,2.0,0.0857,1,1,1,FINALIZED_WITHIN_C2_LIMIT,0.04001,1.596
1329,11500.0,0.02,greedy,ZYZZYVA,4.6,2.0,0.0763,1,1,1,FINALIZED_WITHIN_C2_LIMIT,0.025483,2.277
1330,11500.0,0.02,greedy,ZYZZYVA,4.6,2.0,0.0763,1,1,1,FINALIZED_WITHIN_C2_LIMIT,0.019992,1.407
1331,11500.0,0.02,greedy,ZYZZYVA,4.6,2.0,0.0763,1,1,1,FINALIZED_WITHIN_C2_LIMIT,0.016254,1.449
1332,12000.0,0.02,greedy,ZYZZYVA,4.8,2.0,0.0845,1,1,1,FINALIZED_WITHIN_C2_LIMIT,0.014856,1.572
1333,12000.0,0.02,greedy,ZYZZYVA,4.8,2.0,0.0845,1,1,1,FINALIZED_WITHIN_C2_LIMIT,0.024123,1.388
1334,12000.0,0.02,greedy,ZYZZYVA,4.8,2.0,0.0845,1,1,1,FINALIZED_WITHIN_C2_LIMIT,0.029924,1.577
1335,12000.0,0.02,greedy,ZYZZYVA,4.8,2.0,0.0857,1,1,1,FINALIZED_WITHIN_C2_LIMIT,0.022261,1.526
1336,12000.0,0.02,greedy,ZYZZYVA,4.8,2.0,0.0752,1,1,1,FINALIZED_WITHIN_C2_LIMIT,0.023512,1.778
1337,12000.0,0.02,greedy,ZYZZYVA,4.8,2.0,0.0857,1,1,1,FINALIZED_WITHIN_C2_LIMIT,0.038433,1.589
1338,12000.0,0.02,greedy,ZYZZYVA,4.8,2.0,0.0857,1,1,1,FINALIZED_WITHIN_C2_LIMIT,0.019888,1.477
1339,12000.0,0.02,greedy,ZYZZYVA,4.8,2.0,0.0857,1,1,1,FINALIZED_WITHIN_C2_LIMIT,0.031874,1.565
1340,12000.0,0.02,greedy,ZYZZYVA,4.8,2.0,0.0857,1,1,1,FINALIZED_WITHIN_C2_LIMIT,0.029763,1.446
1341,12000.0,0.02,greedy,ZYZZYVA,4.8,2.0,0.0963,1,1,1,FINALIZED_WITHIN_C2_LIMIT,0.015152,2.631
1342,12000.0,0.02,greedy,ZYZZYVA,4.8,2.0,0.0963,1,1,1,FINALIZED_WITHIN_C2_LIMIT,0.02583,1.864
1343,12000.0,0.02,greedy,ZYZZYVA,4.8,2.0,0.0857,1,1,1,FINALIZED_WITHIN_C2_LIMIT,0.018694,2.094
1344,8750.0,0.02,explore,LIU_QUORUM,7.0,4.0,0.1001,1,1,1,FINALIZED_WITHIN_C2_LIMIT,0.016212,2.231
1345,0.0,0.02,greedy,ZYZZYVA,4.8,2.0,0.0852,1,0,1,C2_DEADLINE_EXCEEDED,0.01362,1.704
1346,0.0,0.02,greedy,ZYZZYVA,4.8,2.0,0.0963,1,0,1,C2_DEADLINE_EXCEEDED,0.014633,1.793
1347,12000.0,0.02,greedy,ZYZZYVA,4.8,2.0,0.0835,1,1,1,FINALIZED_WITHIN_C2_LIMIT,0.05051,1.737
1348,12000.0,0.02,greedy,ZYZZYVA,4.8,2.0,0.0943,1,1,1,FINALIZED_WITHIN_C2_LIMIT,0.042762,1.802
1349,12000.0,0.02,greedy,ZYZZYVA,4.8,2.0,0.0852,1,1,1,FINALIZED_WITHIN_C2_LIMIT,0.026679,1.83
1350,12000.0,0.02,greedy,ZYZZYVA,4.8,2.0,0.103,1,1,1,FINALIZED_WITHIN_C2_LIMIT,0.023937,1.812
1351,12000.0,0.02,greedy,ZYZZYVA,4.8,2.0,0.1437,1,1,1,FINALIZED_WITHIN_C2_LIMIT,0.016606,1.564
1352,12000.0,0.02,greedy,ZYZZYVA,4.8,2.0,0.1151,1,1,1,FINALIZED_WITHIN_C2_LIMIT,0.018463,1.69
1353,12000.0,0.02,greedy,ZYZZYVA,4.8,2.0,0.1728,1,1,1,FINALIZED_WITHIN_C2_LIMIT,0.0245,2.112
1354,11500.0,0.02,greedy,ZYZZYVA,4.6,2.0,0.1333,1,1,1,FINALIZED_WITHIN_C2_LIMIT,0.02292,1.575
1355,11500.0,0.02,greedy,ZYZZYVA,4.6,2.0,0.108,1,1,1,FINALIZED_WITHIN_C2_LIMIT,0.041671,2.761
1356,11500.0,0.02,greedy,ZYZZYVA,4.6,2.0,0.1105,1,1,1,FINALIZED_WITHIN_C2_LIMIT,0.01326,2.342
1357,12000.0,0.02,greedy,ZYZZYVA,4.8,2.0,0.103,1,1,1,FINALIZED_WITHIN_C2_LIMIT,0.021646,2.291
1358,11500.0,0.02,greedy,ZYZZYVA,4.6,2.0,0.0926,1,1,1,FINALIZED_WITHIN_C2_LIMIT,0.021457,1.766
1359,11500.0,0.02,greedy,ZYZZYVA,4.6,2.0,0.0994,1,1,1,FINALIZED_WITHIN_C2_LIMIT,0.020759,3.332
1360,11500.0,0.02,greedy,ZYZZYVA,4.6,2.0,0.0891,1,1,1,FINALIZED_WITHIN_C2_LIMIT,0.02323,1.67
1361,12000.0,0.02,greedy,ZYZZYVA,4.8,2.0,0.0812,1,1,1,FINALIZED_WITHIN_C2_LIMIT,0.028268,1.873
1362,12000.0,0.02,greedy,ZYZZYVA,4.8,2.0,0.0812,1,1,1,FINALIZED_WITHIN_C2_LIMIT,0.041724,2.252
1363,12000.0,0.02,greedy,ZYZZYVA,4.8,2.0,0.0862,1,1,1,FINALIZED_WITHIN_C2_LIMIT,0.014415,1.65
1364,12000.0,0.02,greedy,ZYZZYVA,4.8,2.0,0.0891,1,1,1,FINALIZED_WITHIN_C2_LIMIT,0.018821,1.711
1365,12000.0,0.02,greedy,ZYZZYVA,4.8,2.0,0.0852,1,1,1,FINALIZED_WITHIN_C2_LIMIT,0.015842,1.622
1366,12000.0,0.02,greedy,ZYZZYVA,4.8,2.0,0.103,1,1,1,FINALIZED_WITHIN_C2_LIMIT,0.016043,1.907
1367,12000.0,0.02,greedy,ZYZZYVA,4.8,2.0,0.0852,1,1,1,FINALIZED_WITHIN_C2_LIMIT,0.015851,1.929
1368,12000.0,0.02,greedy,ZYZZYVA,4.8,2.0,0.103,1,1,1,FINALIZED_WITHIN_C2_LIMIT,0.014524,3.365
1369,12000.0,0.02,greedy,ZYZZYVA,4.8,2.0,0.103,1,1,1,FINALIZED_WITHIN_C2_LIMIT,0.017255,1.415
1370,12000.0,0.02,greedy,ZYZZYVA,4.8,2.0,0.0852,1,1,1,FINALIZED_WITHIN_C2_LIMIT,0.01489,1.456
1371,12000.0,0.02,greedy,ZYZZYVA,4.8,2.0,0.0812,1,1,1,FINALIZED_WITHIN_C2_LIMIT,0.015388,1.516
1372,12000.0,0.02,greedy,ZYZZYVA,4.8,2.0,0.0852,1,1,1,FINALIZED_WITHIN_C2_LIMIT,0.011142,1.48
1373,12000.0,0.02,greedy,ZYZZYVA,4.8,2.0,0.0877,1,1,1,FINALIZED_WITHIN_C2_LIMIT,0.018015,1.768
1374,12000.0,0.02,greedy,ZYZZYVA,4.8,2.0,0.103,1,1,1,FINALIZED_WITHIN_C2_LIMIT,0.009999,1.749
1375,12000.0,0.02,greedy,ZYZZYVA,4.8,2.0,0.0935,1,1,1,FINALIZED_WITHIN_C2_LIMIT,0.017942,1.51
1376,1600.0,0.02,explore,PBFT,2.4,7.5,0.0739,1,1,1,FINALIZED_WITHIN_C2_LIMIT,0.011674,1.007
1377,12000.0,0.02,greedy,ZYZZYVA,4.8,2.0,0.0765,1,1,1,FINALIZED_WITHIN_C2_LIMIT,0.015633,1.485
1378,0.0,0.02,greedy,ZYZZYVA,4.8,2.0,0.1037,1,0,1,C2_DEADLINE_EXCEEDED,0.011291,1.615
1379,12000.0,0.02,greedy,ZYZZYVA,4.8,2.0,0.1001,1,1,1,FINALIZED_WITHIN_C2_LIMIT,0.018127,2.832
1380,0.0,0.02,greedy,ZYZZYVA,4.8,2.0,0.1063,1,0,1,C2_DEADLINE_EXCEEDED,0.03765,1.837
1381,12000.0,0.02,greedy,ZYZZYVA,4.8,2.0,0.1063,1,1,1,FINALIZED_WITHIN_C2_LIMIT,0.051473,1.786
1382,12000.0,0.02,greedy,ZYZZYVA,4.8,2.0,0.1063,1,1,1,FINALIZED_WITHIN_C2_LIMIT,0.012385,2.067
1383,12000.0,0.02,greedy,ZYZZYVA,4.8,2.0,0.1157,1,1,1,FINALIZED_WITHIN_C2_LIMIT,0.064811,2.586
1384,0.0,0.02,greedy,ZYZZYVA,4.8,2.0,0.135,1,0,1,C2_DEADLINE_EXCEEDED,0.075256,3.014
1385,0.0,0.02,greedy,ZYZZYVA,4.8,2.0,0.103,1,0,1,C2_DEADLINE_EXCEEDED,0.030365,4.648
1386,0.0,0.02,greedy,ZYZZYVA,4.8,2.0,0.1167,1,0,1,C2_DEADLINE_EXCEEDED,0.084955,2.471
1387,0.0,0.02,greedy,ZYZZYVA,4.8,2.0,0.1074,1,0,1,C2_DEADLINE_EXCEEDED,0.142066,2.726
1388,0.0,0.02,greedy,ZYZZYVA,4.8,2.0,0.0995,1,0,1,C2_DEADLINE_EXCEEDED,0.068788,2.854
1389,0.0,0.02,greedy,ZYZZYVA,4.8,2.0,0.1063,1,0,1,C2_DEADLINE_EXCEEDED,0.02205,1.965
1390,12000.0,0.02,greedy,ZYZZYVA,4.8,2.0,0.1147,1,1,1,FINALIZED_WITHIN_C2_LIMIT,0.044488,2.073
1391,12000.0,0.02,greedy,ZYZZYVA,4.8,2.0,0.1561,1,1,1,FINALIZED_WITHIN_C2_LIMIT,0.014707,1.66
1392,12000.0,0.02,greedy,ZYZZYVA,4.8,2.0,0.1258,1,1,1,FINALIZED_WITHIN_C2_LIMIT,0.042721,2.338
1393,12000.0,0.02,greedy,ZYZZYVA,4.8,2.0,0.1258,1,1,1,FINALIZED_WITHIN_C2_LIMIT,0.044511,2.981
1394,12000.0,0.02,greedy,ZYZZYVA,4.8,2.0,0.1147,1,1,1,FINALIZED_WITHIN_C2_LIMIT,0.013678,2.695
1395,0.0,0.02,greedy,ZYZZYVA,4.8,2.0,0.0775,1,0,1,C2_DEADLINE_EXCEEDED,0.061742,1.9
1396,0.0,0.02,greedy,ZYZZYVA,4.8,2.0,0.0782,1,0,1,C2_DEADLINE_EXCEEDED,0.079559,2.753
1397,12000.0,0.02,greedy,ZYZZYVA,4.8,2.0,0.0782,1,1,1,FINALIZED_WITHIN_C2_LIMIT,0.008771,1.652
1398,12000.0,0.02,greedy,ZYZZYVA,4.8,2.0,0.0682,1,1,1,FINALIZED_WITHIN_C2_LIMIT,0.073844,1.975
1399,12000.0,0.02,greedy,ZYZZYVA,4.8,2.0,0.066,1,1,1,FINALIZED_WITHIN_C2_LIMIT,0.12593,1.625
1400,0.0,0.02,greedy,ZYZZYVA,4.8,2.0,0.0672,1,0,1,C2_DEADLINE_EXCEEDED,0.058483,1.775
1401,0.0,0.02,greedy,ZYZZYVA,4.8,2.0,0.0782,1,0,1,C2_DEADLINE_EXCEEDED,0.036229,1.891
1402,12000.0,0.02,greedy,ZYZZYVA,4.8,2.0,0.0994,1,1,1,FINALIZED_WITHIN_C2_LIMIT,0.07659,2.19
1403,12000.0,0.02,greedy,ZYZZYVA,4.8,2.0,0.0782,1,1,1,FINALIZED_WITHIN_C2_LIMIT,0.062205,1.957
1404,12000.0,0.02,greedy,ZYZZYVA,4.8,2.0,0.0957,1,1,1,FINALIZED_WITHIN_C2_LIMIT,0.07902,1.849
1405,12000.0,0.02,greedy,ZYZZYVA,4.8,2.0,0.0986,1,1,1,FINALIZED_WITHIN_C2_LIMIT,0.128926,2.231
1406,12000.0,0.02,greedy,ZYZZYVA,4.8,2.0,0.1071,1,1,1,FINALIZED_WITHIN_C2_LIMIT,0.032849,2.475
1407,12000.0,0.02,greedy,ZYZZYVA,4.8,2.0,0.0951,1,1,1,FINALIZED_WITHIN_C2_LIMIT,0.064138,2.048
1408,12000.0,0.02,greedy,ZYZZYVA,4.8,2.0,0.0965,1,1,1,FINALIZED_WITHIN_C2_LIMIT,0.092168,2.652
1409,12000.0,0.02,greedy,ZYZZYVA,4.8,2.0,0.1074,1,1,1,FINALIZED_WITHIN_C2_LIMIT,0.037996,1.873
1410,12000.0,0.02,greedy,ZYZZYVA,4.8,2.0,0.0992,1,1,1,FINALIZED_WITHIN_C2_LIMIT,0.06137,2.06
1411,0.0,0.02,greedy,ZYZZYVA,4.8,2.0,0.0854,1,0,1,C2_DEADLINE_EXCEEDED,0.100699,3.696
1412,12000.0,0.02,greedy,ZYZZYVA,4.8,2.0,0.0774,1,1,1,FINALIZED_WITHIN_C2_LIMIT,0.044202,3.529
1413,0.0,0.02,greedy,ZYZZYVA,4.8,2.0,0.0782,1,0,1,C2_DEADLINE_EXCEEDED,0.049291,1.7
1414,12000.0,0.02,greedy,ZYZZYVA,4.8,2.0,0.082,1,1,1,FINALIZED_WITHIN_C2_LIMIT,0.064399,1.556
1415,12000.0,0.02,greedy,ZYZZYVA,4.8,2.0,0.0782,1,1,1,FINALIZED_WITHIN_C2_LIMIT,0.022488,1.568
1416,12000.0,0.02,greedy,ZYZZYVA,4.8,2.0,0.0765,1,1,1,FINALIZED_WITHIN_C2_LIMIT,0.061698,1.759
1417,12000.0,0.02,greedy,ZYZZYVA,4.8,2.0,0.0765,1,1,1,FINALIZED_WITHIN_C2_LIMIT,0.10737,1.645
1418,0.0,0.02,greedy,ZYZZYVA,4.8,2.0,0.0765,1,0,1,C2_DEADLINE_EXCEEDED,0.035183,1.504
1419,12000.0,0.02,greedy,ZYZZYVA,4.8,2.0,0.0918,1,1,1,FINALIZED_WITHIN_C2_LIMIT,0.043473,1.818
1420,12000.0,0.02,greedy,ZYZZYVA,4.8,2.0,0.103,1,1,1,FINALIZED_WITHIN_C2_LIMIT,0.065034,1.47
1421,12000.0,0.02,greedy,ZYZZYVA,4.8,2.0,0.103,1,1,1,FINALIZED_WITHIN_C2_LIMIT,0.045411,1.674
1422,12000.0,0.02,greedy,ZYZZYVA,4.8,2.0,0.0877,1,1,1,FINALIZED_WITHIN_C2_LIMIT,0.044178,1.425
1423,0.0,0.02,greedy,ZYZZYVA,4.8,2.0,0.0852,1,0,1,C2_DEADLINE_EXCEEDED,0.076201,1.548
1424,12000.0,0.02,greedy,ZYZZYVA,4.8,2.0,0.0813,1,1,1,FINALIZED_WITHIN_C2_LIMIT,0.029016,1.421
1425,0.0,0.02,greedy,ZYZZYVA,4.8,2.0,0.0765,1,0,1,C2_DEADLINE_EXCEEDED,0.055226,1.776
1426,12000.0,0.02,greedy,ZYZZYVA,4.8,2.0,0.103,1,1,1,FINALIZED_WITHIN_C2_LIMIT,0.092279,1.89
1427,12000.0,0.02,greedy,ZYZZYVA,4.8,2.0,0.0877,1,1,1,FINALIZED_WITHIN_C2_LIMIT,0.024511,1.635
1428,12000.0,0.02,greedy,ZYZZYVA,4.8,2.0,0.0813,1,1,1,FINALIZED_WITHIN_C2_LIMIT,0.056269,1.514
1429,12000.0,0.02,greedy,ZYZZYVA,4.8,2.0,0.0672,1,1,1,FINALIZED_WITHIN_C2_LIMIT,0.076937,1.5
1430,12000.0,0.02,greedy,ZYZZYVA,4.8,2.0,0.0765,1,1,1,FINALIZED_WITHIN_C2_LIMIT,0.033896,1.922
1431,0.0,0.02,greedy,ZYZZYVA,4.8,2.0,0.082,1,0,1,C2_DEADLINE_EXCEEDED,0.057908,1.516
1432,12000.0,0.02,greedy,ZYZZYVA,4.8,2.0,0.1985,1,1,1,FINALIZED_WITHIN_C2_LIMIT,0.115784,1.645
1433,12000.0,0.02,greedy,ZYZZYVA,4.8,2.0,0.1632,1,1,1,FINALIZED_WITHIN_C2_LIMIT,0.027243,2.998
1434,12000.0,0.02,greedy,ZYZZYVA,4.8,2.0,0.1074,1,1,1,FINALIZED_WITHIN_C2_LIMIT,0.074511,1.71
1435,12000.0,0.02,greedy,ZYZZYVA,4.8,2.0,0.1074,1,1,1,FINALIZED_WITHIN_C2_LIMIT,0.120132,1.88
1436,12000.0,0.02,greedy,ZYZZYVA,4.8,2.0,0.1074,1,1,1,FINALIZED_WITHIN_C2_LIMIT,0.074171,2.216
1437,0.0,0.02,greedy,ZYZZYVA,4.8,2.0,0.2167,0,0,1,C2_DEADLINE_EXCEEDED,0.014166,1.81
1438,0.0,0.02,greedy,ZYZZYVA,4.8,2.0,0.1462,1,0,1,C2_DEADLINE_EXCEEDED,0.072148,1.758
1439,12000.0,0.02,greedy,ZYZZYVA,4.8,2.0,0.1063,1,1,1,FINALIZED_WITHIN_C2_LIMIT,0.056078,1.471
1440,0.0,0.02,greedy,ZYZZYVA,4.8,2.0,0.0854,1,0,1,C2_DEADLINE_EXCEEDED,0.027553,2.342
1441,12000.0,0.02,greedy,ZYZZYVA,4.8,2.0,0.0664,1,1,1,FINALIZED_WITHIN_C2_LIMIT,0.023309,1.421
1442,12000.0,0.02,greedy,ZYZZYVA,4.8,2.0,0.0864,1,1,1,FINALIZED_WITHIN_C2_LIMIT,0.026978,1.569
1443,0.0,0.02,greedy,ZYZZYVA,4.8,2.0,0.0653,1,0,1,RUNTIME_GUARD_FAILURE,0.02037,2.872
1444,12000.0,0.02,greedy,ZYZZYVA,4.8,2.0,0.0663,1,1,1,FINALIZED_WITHIN_C2_LIMIT,0.031513,1.587
1445,12000.0,0.02,greedy,ZYZZYVA,4.8,2.0,0.0633,1,1,1,FINALIZED_WITHIN_C2_LIMIT,0.018897,1.378
1446,0.0,0.02,greedy,ZYZZYVA,4.8,2.0,0.0773,1,0,1,C2_DEADLINE_EXCEEDED,0.037074,1.437
1447,12000.0,0.02,greedy,ZYZZYVA,4.8,2.0,0.0981,1,1,1,FINALIZED_WITHIN_C2_LIMIT,0.039114,1.658
1448,12000.0,0.02,greedy,ZYZZYVA,4.8,2.0,0.0765,1,1,1,FINALIZED_WITHIN_C2_LIMIT,0.023519,1.594
1449,12000.0,0.02,greedy,ZYZZYVA,4.8,2.0,0.0746,1,1,1,FINALIZED_WITHIN_C2_LIMIT,0.032314,1.741
1450,12000.0,0.02,greedy,ZYZZYVA,4.8,2.0,0.0765,1,1,1,FINALIZED_WITHIN_C2_LIMIT,0.021606,1.828
1451,12000.0,0.02,greedy,ZYZZYVA,4.8,2.0,0.0757,1,1,1,FINALIZED_WITHIN_C2_LIMIT,0.027145,1.633
1452,12000.0,0.02,greedy,ZYZZYVA,4.8,2.0,0.0934,1,1,1,FINALIZED_WITHIN_C2_LIMIT,0.031926,1.987
1453,12000.0,0.02,greedy,ZYZZYVA,4.8,2.0,0.0883,1,1,1,FINALIZED_WITHIN_C2_LIMIT,0.029705,1.57
1454,12000.0,0.02,greedy,ZYZZYVA,4.8,2.0,0.0951,1,1,1,FINALIZED_WITHIN_C2_LIMIT,0.014172,2.412
1455,12000.0,0.02,greedy,ZYZZYVA,4.8,2.0,0.0951,1,1,1,FINALIZED_WITHIN_C2_LIMIT,0.065457,2.081
1456,12000.0,0.02,greedy,ZYZZYVA,4.8,2.0,0.0964,1,1,1,FINALIZED_WITHIN_C2_LIMIT,0.046756,2.007
1457,12000.0,0.02,greedy,ZYZZYVA,4.8,2.0,0.0854,1,1,1,FINALIZED_WITHIN_C2_LIMIT,0.015874,1.674
1458,12000.0,0.02,greedy,ZYZZYVA,4.8,2.0,0.0854,1,1,1,FINALIZED_WITHIN_C2_LIMIT,0.032234,2.052
1459,12000.0,0.02,greedy,ZYZZYVA,4.8,2.0,0.0765,1,1,1,FINALIZED_WITHIN_C2_LIMIT,0.014649,2.449
1460,12000.0,0.02,greedy,ZYZZYVA,4.8,2.0,0.0877,1,1,1,FINALIZED_WITHIN_C2_LIMIT,0.026766,2.272
1461,12000.0,0.02,greedy,ZYZZYVA,4.8,2.0,0.0746,1,1,1,FINALIZED_WITHIN_C2_LIMIT,0.018966,4.042
1462,12000.0,0.02,greedy,ZYZZYVA,4.8,2.0,0.0852,1,1,1,FINALIZED_WITHIN_C2_LIMIT,0.019319,1.778
1463,12000.0,0.02,greedy,ZYZZYVA,4.8,2.0,0.103,1,1,1,FINALIZED_WITHIN_C2_LIMIT,0.014746,2.064
1464,0.0,0.02,greedy,ZYZZYVA,4.8,2.0,0.103,1,0,1,C2_DEADLINE_EXCEEDED,0.022308,2.007
1465,12000.0,0.02,greedy,ZYZZYVA,4.8,2.0,0.103,1,1,1,FINALIZED_WITHIN_C2_LIMIT,0.019796,1.821
1466,0.0,0.02,greedy,ZYZZYVA,4.8,2.0,0.0804,1,0,1,C2_DEADLINE_EXCEEDED,0.021624,2.074
1467,0.0,0.02,greedy,ZYZZYVA,4.8,2.0,0.103,1,0,1,C2_DEADLINE_EXCEEDED,0.014545,1.955
1468,12000.0,0.02,greedy,ZYZZYVA,4.8,2.0,0.0804,1,1,1,FINALIZED_WITHIN_C2_LIMIT,0.029535,1.878
1469,12000.0,0.02,greedy,ZYZZYVA,4.8,2.0,0.0644,1,1,1,FINALIZED_WITHIN_C2_LIMIT,0.050316,1.668
1470,12000.0,0.02,greedy,ZYZZYVA,4.8,2.0,0.0746,1,1,1,FINALIZED_WITHIN_C2_LIMIT,0.02271,1.865
1471,12000.0,0.02,greedy,ZYZZYVA,4.8,2.0,0.0765,1,1,1,FINALIZED_WITHIN_C2_LIMIT,0.057074,1.691
1472,12000.0,0.02,greedy,ZYZZYVA,4.8,2.0,0.0684,1,1,1,FINALIZED_WITHIN_C2_LIMIT,0.064381,1.857
1473,0.0,0.02,explore,LIU_QUORUM,4.4,1.0,0.0786,1,0,1,C2_DEADLINE_EXCEEDED,0.030237,1.67
1474,0.0,0.02,greedy,ZYZZYVA,4.8,2.0,0.0803,1,0,1,C2_DEADLINE_EXCEEDED,0.089151,1.632
1475,0.0,0.02,greedy,ZYZZYVA,4.8,2.0,0.0992,1,0,1,C2_DEADLINE_EXCEEDED,0.146762,1.687
1476,12000.0,0.02,greedy,ZYZZYVA,4.8,2.0,0.0992,1,1,1,FINALIZED_WITHIN_C2_LIMIT,0.08695,1.853
1477,12000.0,0.02,greedy,ZYZZYVA,4.8,2.0,0.1076,1,1,1,FINALIZED_WITHIN_C2_LIMIT,0.020088,1.719
1478,12000.0,0.02,greedy,ZYZZYVA,4.8,2.0,0.1388,1,1,1,FINALIZED_WITHIN_C2_LIMIT,0.045002,1.8
1479,0.0,0.02,greedy,ZYZZYVA,4.8,2.0,0.1402,1,0,1,C2_DEADLINE_EXCEEDED,0.024252,1.558
1480,12000.0,0.02,greedy,ZYZZYVA,4.8,2.0,0.1079,1,1,1,FINALIZED_WITHIN_C2_LIMIT,0.031916,1.717
1481,12000.0,0.02,greedy,ZYZZYVA,4.8,2.0,0.0986,1,1,1,FINALIZED_WITHIN_C2_LIMIT,0.050106,1.832
1482,12000.0,0.02,greedy,ZYZZYVA,4.8,2.0,0.0951,1,1,1,FINALIZED_WITHIN_C2_LIMIT,0.013823,1.779
1483,12000.0,0.02,greedy,ZYZZYVA,4.8,2.0,0.0951,1,1,1,FINALIZED_WITHIN_C2_LIMIT,0.05677,1.821
1484,12000.0,0.02,greedy,ZYZZYVA,4.8,2.0,0.0862,1,1,1,FINALIZED_WITHIN_C2_LIMIT,0.02646,2.201
1485,12000.0,0.02,greedy,ZYZZYVA,4.8,2.0,0.09,1,1,1,FINALIZED_WITHIN_C2_LIMIT,0.062839,2.005
1486,12000.0,0.02,greedy,ZYZZYVA,4.8,2.0,0.0622,1,1,1,FINALIZED_WITHIN_C2_LIMIT,0.051849,1.77
1487,12000.0,0.02,greedy,ZYZZYVA,4.8,2.0,0.0757,1,1,1,FINALIZED_WITHIN_C2_LIMIT,0.018535,2.544
1488,12000.0,0.02,greedy,ZYZZYVA,4.8,2.0,0.0812,1,1,1,FINALIZED_WITHIN_C2_LIMIT,0.031133,2.019
1489,0.0,0.02,greedy,ZYZZYVA,4.8,2.0,0.0724,1,0,1,C2_DEADLINE_EXCEEDED,0.012529,2.93
1490,12000.0,0.02,greedy,ZYZZYVA,4.8,2.0,0.0757,1,1,1,FINALIZED_WITHIN_C2_LIMIT,0.027532,1.925
1491,0.0,0.02,greedy,ZYZZYVA,4.8,2.0,0.0724,1,0,1,C2_DEADLINE_EXCEEDED,0.011475,1.519
1492,0.0,0.02,greedy,ZYZZYVA,4.8,2.0,0.0746,1,0,1,C2_DEADLINE_EXCEEDED,0.039297,1.639
1493,12000.0,0.02,greedy,ZYZZYVA,4.8,2.0,0.0812,1,1,1,FINALIZED_WITHIN_C2_LIMIT,0.023265,1.751
1494,12000.0,0.02,greedy,ZYZZYVA,4.8,2.0,0.0852,1,1,1,FINALIZED_WITHIN_C2_LIMIT,0.026841,1.659
1495,0.0,0.02,greedy,ZYZZYVA,4.8,2.0,0.0862,1,0,1,C2_DEADLINE_EXCEEDED,0.010552,1.768
1496,12000.0,0.02,greedy,ZYZZYVA,4.8,2.0,0.0958,1,1,1,FINALIZED_WITHIN_C2_LIMIT,0.02205,2.107
1497,12000.0,0.02,greedy,ZYZZYVA,4.8,2.0,0.0834,1,1,1,FINALIZED_WITHIN_C2_LIMIT,0.015236,1.702
1498,12000.0,0.02,greedy,ZYZZYVA,4.8,2.0,0.0746,1,1,1,FINALIZED_WITHIN_C2_LIMIT,0.01604,2.521
1499,12000.0,0.02,greedy,ZYZZYVA,4.8,2.0,0.0757,1,1,1,FINALIZED_WITHIN_C2_LIMIT,0.115386,2.069
